<?xml version="1.0" encoding="UTF-8" standalone="yes"?>
<TrafficMatrixFile xmlns:xsi="http://www.w3.org/2001/XMLSchema-instance" xsi:noNamespaceSchemaLocation="http://totem.run.montefiore.ulg.ac.be/Schema/TrafficMatrix-v1_2.xsd">
  <info>
    <title>Intradomain traffic matrix generated by geant-TM-all.pl</title>
    <date>2005-01-02T17:30:00</date>
    <duration>900</duration>
    <author>Steve Uhlig</author>
    <units>
        <unit type="bandwidth" value="kbps"/>
    </units>
  </info>
  <IntraTM ASID="20965">
    <src id="12">
      <dst id="12">318108.7200</dst>
      <dst id="13">17290.0089</dst>
      <dst id="19">3624.1867</dst>
      <dst id="23">4205.3156</dst>
      <dst id="8">3105.3600</dst>
      <dst id="18">1142.8889</dst>
      <dst id="4">91006.1867</dst>
      <dst id="1">11337.3067</dst>
      <dst id="5">6210.1778</dst>
      <dst id="3">19596.3911</dst>
      <dst id="22">31359.3956</dst>
      <dst id="7">9677.3244</dst>
      <dst id="2">70524.5689</dst>
      <dst id="6">6.2756</dst>
      <dst id="16">6659.9911</dst>
      <dst id="14">193.3600</dst>
      <dst id="20">4839.5200</dst>
      <dst id="11">7920.2044</dst>
      <dst id="9">4852.5867</dst>
      <dst id="17">115421.1200</dst>
      <dst id="21">13388.4978</dst>
      <dst id="15">19789.5022</dst>
    </src>
    <src id="13">
      <dst id="12">52886.4267</dst>
      <dst id="19">8931.2178</dst>
      <dst id="23">1448.6844</dst>
      <dst id="8">6682.0800</dst>
      <dst id="18">7490.8978</dst>
      <dst id="4">1.0667</dst>
      <dst id="1">6075.1200</dst>
      <dst id="5">5807.5111</dst>
      <dst id="3">22452.1333</dst>
      <dst id="22">30305.5822</dst>
      <dst id="7">18474.0267</dst>
      <dst id="2">71919.7956</dst>
      <dst id="6">126.4622</dst>
      <dst id="16">11803.4133</dst>
      <dst id="14">2769.1289</dst>
      <dst id="20">16862.4533</dst>
      <dst id="11">22159.8489</dst>
      <dst id="9">19811.4933</dst>
      <dst id="17">63080.8000</dst>
      <dst id="21">20322.1422</dst>
      <dst id="15">7573.0933</dst>
    </src>
    <src id="19">
      <dst id="12">19130.3644</dst>
      <dst id="13">196.9867</dst>
      <dst id="23">0.9956</dst>
      <dst id="8">2.2222</dst>
      <dst id="18">60.9422</dst>
      <dst id="4">17818.5867</dst>
      <dst id="1">12235.5378</dst>
      <dst id="5">215.9733</dst>
      <dst id="3">65.2444</dst>
      <dst id="22">148.8000</dst>
      <dst id="7">6559.5289</dst>
      <dst id="2">3240.5333</dst>
      <dst id="6">193.0844</dst>
      <dst id="16">7534.2222</dst>
      <dst id="14">69.0044</dst>
      <dst id="20">150.6844</dst>
      <dst id="11">763.8578</dst>
      <dst id="9">8795.4222</dst>
      <dst id="17">14409.3422</dst>
      <dst id="21">2167.8133</dst>
      <dst id="15">52.8089</dst>
    </src>
    <src id="23">
      <dst id="12">707.8756</dst>
      <dst id="13">131.1200</dst>
      <dst id="19">27.2444</dst>
      <dst id="8">94.0800</dst>
      <dst id="4">42.5778</dst>
      <dst id="1">293.6178</dst>
      <dst id="5">17.1467</dst>
      <dst id="3">610.2933</dst>
      <dst id="22">2243.0044</dst>
      <dst id="7">237.5022</dst>
      <dst id="2">18.9600</dst>
      <dst id="6">0.3556</dst>
      <dst id="16">154.4711</dst>
      <dst id="20">17.4756</dst>
      <dst id="11">623.2178</dst>
      <dst id="9">616.4978</dst>
      <dst id="17">608.4356</dst>
      <dst id="21">736.2489</dst>
      <dst id="15">67.0222</dst>
    </src>
    <src id="8">
      <dst id="12">283249.6711</dst>
      <dst id="13">309.6622</dst>
      <dst id="19">33.0311</dst>
      <dst id="23">185.1644</dst>
      <dst id="18">5.4133</dst>
      <dst id="4">6724.1511</dst>
      <dst id="1">147.8133</dst>
      <dst id="5">2906.2489</dst>
      <dst id="3">13.6533</dst>
      <dst id="22">1129.0756</dst>
      <dst id="7">34.4622</dst>
      <dst id="2">108549.5911</dst>
      <dst id="6">102.5511</dst>
      <dst id="16">412.1333</dst>
      <dst id="20">1023.7778</dst>
      <dst id="11">3772.5511</dst>
      <dst id="9">697.0578</dst>
      <dst id="17">111523.2178</dst>
      <dst id="21">625.9467</dst>
      <dst id="15">395.1911</dst>
    </src>
    <src id="18">
      <dst id="12">95174.8978</dst>
      <dst id="13">45.1733</dst>
      <dst id="19">1787.3244</dst>
      <dst id="23">1.4578</dst>
      <dst id="8">164.1244</dst>
      <dst id="4">1407.1911</dst>
      <dst id="1">1535.6356</dst>
      <dst id="5">234.5778</dst>
      <dst id="3">177.6889</dst>
      <dst id="22">164.8089</dst>
      <dst id="7">134.6133</dst>
      <dst id="2">31595.3333</dst>
      <dst id="16">122.9156</dst>
      <dst id="14">16.5689</dst>
      <dst id="20">51.6089</dst>
      <dst id="11">96.5689</dst>
      <dst id="9">338.2311</dst>
      <dst id="17">36938.9244</dst>
      <dst id="21">351.2800</dst>
      <dst id="15">0.7111</dst>
    </src>
    <src id="4">
      <dst id="12">15070.0800</dst>
      <dst id="19">4917.5111</dst>
      <dst id="8">819.8489</dst>
      <dst id="18">1746.4356</dst>
      <dst id="1">157291.3867</dst>
      <dst id="5">1309.6533</dst>
      <dst id="3">904.6489</dst>
      <dst id="22">5529.1822</dst>
      <dst id="7">59864.6222</dst>
      <dst id="2">51915.7333</dst>
      <dst id="6">43.0578</dst>
      <dst id="16">1812.4356</dst>
      <dst id="14">1204.9689</dst>
      <dst id="20">2069.5467</dst>
      <dst id="11">8978.2667</dst>
      <dst id="9">2929.4756</dst>
      <dst id="17">76751.8400</dst>
      <dst id="21">7103.6622</dst>
      <dst id="15">4255.6533</dst>
    </src>
    <src id="1">
      <dst id="12">19096.5422</dst>
      <dst id="13">311.0844</dst>
      <dst id="19">3126.5067</dst>
      <dst id="23">105.4044</dst>
      <dst id="8">145801.6444</dst>
      <dst id="18">13244.1956</dst>
      <dst id="4">20922.5511</dst>
      <dst id="1">55614.4711</dst>
      <dst id="5">248453.5911</dst>
      <dst id="3">741.2356</dst>
      <dst id="22">7581.8578</dst>
      <dst id="7">4767.8578</dst>
      <dst id="2">3538.7289</dst>
      <dst id="6">9358.5600</dst>
      <dst id="16">11609.8578</dst>
      <dst id="14">117.5733</dst>
      <dst id="20">358.9333</dst>
      <dst id="11">1442.8178</dst>
      <dst id="9">358401.6356</dst>
      <dst id="17">19484.0533</dst>
      <dst id="21">26823.1111</dst>
      <dst id="15">247.7156</dst>
    </src>
    <src id="5">
      <dst id="12">260348.5867</dst>
      <dst id="13">1145.5733</dst>
      <dst id="19">36.5511</dst>
      <dst id="23">0.8978</dst>
      <dst id="8">874.1333</dst>
      <dst id="18">645.7867</dst>
      <dst id="4">6405.2889</dst>
      <dst id="1">552.0356</dst>
      <dst id="3">109.0133</dst>
      <dst id="22">7216.9511</dst>
      <dst id="7">477.1378</dst>
      <dst id="2">103359.0044</dst>
      <dst id="6">0.7111</dst>
      <dst id="16">1072.2400</dst>
      <dst id="14">41.4133</dst>
      <dst id="20">11355.7156</dst>
      <dst id="11">1937.3956</dst>
      <dst id="9">4618.7911</dst>
      <dst id="17">90992.4178</dst>
      <dst id="21">477.6267</dst>
      <dst id="15">72.7467</dst>
    </src>
    <src id="3">
      <dst id="12">11613.6533</dst>
      <dst id="13">764.5422</dst>
      <dst id="19">2492.0178</dst>
      <dst id="23">69.9467</dst>
      <dst id="8">275.1556</dst>
      <dst id="18">94754.2222</dst>
      <dst id="4">32683.3244</dst>
      <dst id="1">11511.4667</dst>
      <dst id="5">1289.1378</dst>
      <dst id="3">14823.7600</dst>
      <dst id="22">2397.2267</dst>
      <dst id="7">1441.7511</dst>
      <dst id="2">2881.1378</dst>
      <dst id="6">2.6311</dst>
      <dst id="16">3627.7333</dst>
      <dst id="14">35056.5511</dst>
      <dst id="20">519.5911</dst>
      <dst id="11">218692.4089</dst>
      <dst id="9">487.0044</dst>
      <dst id="17">13728.5422</dst>
      <dst id="21">5866.4444</dst>
      <dst id="15">167.1022</dst>
    </src>
    <src id="10">
      <dst id="12">16181.7067</dst>
      <dst id="19">1952.5689</dst>
      <dst id="8">1864.6311</dst>
      <dst id="18">1030.0978</dst>
      <dst id="1">1912.4622</dst>
      <dst id="5">1605.3422</dst>
      <dst id="3">25284.5511</dst>
      <dst id="22">11461.0044</dst>
      <dst id="7">11631.8044</dst>
      <dst id="2">28747.1556</dst>
      <dst id="6">48.1244</dst>
      <dst id="16">1919.2889</dst>
      <dst id="14">1087.3689</dst>
      <dst id="20">2871.3867</dst>
      <dst id="11">8320.8000</dst>
      <dst id="9">3026.8178</dst>
      <dst id="17">28641.9556</dst>
      <dst id="21">11014.5956</dst>
      <dst id="15">952.1600</dst>
    </src>
    <src id="22">
      <dst id="12">15409.7333</dst>
      <dst id="13">7492.6044</dst>
      <dst id="19">109.6533</dst>
      <dst id="23">59.1022</dst>
      <dst id="8">939.4222</dst>
      <dst id="18">281.5289</dst>
      <dst id="4">22406.6044</dst>
      <dst id="1">533.9111</dst>
      <dst id="5">3920.8444</dst>
      <dst id="3">1565.6178</dst>
      <dst id="7">482.6311</dst>
      <dst id="2">3063.0133</dst>
      <dst id="6">472.6489</dst>
      <dst id="16">1.1733</dst>
      <dst id="14">7.8933</dst>
      <dst id="11">3546.8622</dst>
      <dst id="9">2393.6000</dst>
      <dst id="17">3865.2533</dst>
      <dst id="21">2802.9689</dst>
    </src>
    <src id="7">
      <dst id="12">4627.6444</dst>
      <dst id="13">275.1289</dst>
      <dst id="19">4653.9467</dst>
      <dst id="23">79.3956</dst>
      <dst id="8">318.0978</dst>
      <dst id="18">404.8356</dst>
      <dst id="4">48907.7067</dst>
      <dst id="1">19449.9822</dst>
      <dst id="5">1374.7289</dst>
      <dst id="3">6467.2978</dst>
      <dst id="22">5485.6978</dst>
      <dst id="7">720.0711</dst>
      <dst id="2">5375.2356</dst>
      <dst id="6">57.1022</dst>
      <dst id="16">1101.0756</dst>
      <dst id="14">262.3644</dst>
      <dst id="20">690.1689</dst>
      <dst id="11">1269.0933</dst>
      <dst id="9">1908.4533</dst>
      <dst id="17">7929.4489</dst>
      <dst id="21">8745.2356</dst>
      <dst id="15">438.1689</dst>
    </src>
    <src id="2">
      <dst id="12">188290.2844</dst>
      <dst id="13">11348.9422</dst>
      <dst id="19">983.2533</dst>
      <dst id="23">60.7200</dst>
      <dst id="8">3132.9778</dst>
      <dst id="18">76784.2489</dst>
      <dst id="4">78669.2711</dst>
      <dst id="1">6123.9556</dst>
      <dst id="5">1086.1867</dst>
      <dst id="3">248.4178</dst>
      <dst id="22">2411.8933</dst>
      <dst id="7">5507.3511</dst>
      <dst id="2">1239.6800</dst>
      <dst id="6">8961.0311</dst>
      <dst id="16">2108.3822</dst>
      <dst id="14">5465.5022</dst>
      <dst id="20">2252.6844</dst>
      <dst id="11">4439.3867</dst>
      <dst id="9">5487.8133</dst>
      <dst id="17">21757.8311</dst>
      <dst id="21">4083.6889</dst>
      <dst id="15">182.1511</dst>
    </src>
    <src id="6">
      <dst id="12">10221.7778</dst>
      <dst id="13">121.3956</dst>
      <dst id="19">35.7956</dst>
      <dst id="8">14.8800</dst>
      <dst id="4">48.0622</dst>
      <dst id="1">65.7867</dst>
      <dst id="5">0.3556</dst>
      <dst id="3">34.4000</dst>
      <dst id="22">79.8844</dst>
      <dst id="7">39.9378</dst>
      <dst id="2">1846.4711</dst>
      <dst id="16">64.7556</dst>
      <dst id="20">0.8178</dst>
      <dst id="11">32.9600</dst>
      <dst id="9">1.9822</dst>
      <dst id="17">1743.5022</dst>
      <dst id="21">42.0800</dst>
    </src>
    <src id="16">
      <dst id="12">4027.9378</dst>
      <dst id="13">475.9200</dst>
      <dst id="19">4574.7200</dst>
      <dst id="23">44.1867</dst>
      <dst id="8">6509.5111</dst>
      <dst id="18">36.1867</dst>
      <dst id="4">9227.5111</dst>
      <dst id="1">22995.8222</dst>
      <dst id="5">8440.1333</dst>
      <dst id="3">32.0533</dst>
      <dst id="7">2259.5289</dst>
      <dst id="2">346.0089</dst>
      <dst id="6">7.4933</dst>
      <dst id="16">29.2178</dst>
      <dst id="14">5.3422</dst>
      <dst id="11">236.1244</dst>
      <dst id="9">13931.9822</dst>
      <dst id="17">6139.7156</dst>
      <dst id="21">462.7733</dst>
    </src>
    <src id="14">
      <dst id="12">14748.6400</dst>
      <dst id="13">69.9111</dst>
      <dst id="19">7.7778</dst>
      <dst id="23">13.7511</dst>
      <dst id="18">65.0133</dst>
      <dst id="4">2070.2400</dst>
      <dst id="1">119.7511</dst>
      <dst id="5">65.5644</dst>
      <dst id="3">119.6267</dst>
      <dst id="22">67.7956</dst>
      <dst id="7">406.3289</dst>
      <dst id="2">4834.6133</dst>
      <dst id="16">189.8667</dst>
      <dst id="20">0.3911</dst>
      <dst id="11">104.7378</dst>
      <dst id="9">1.7244</dst>
      <dst id="17">8417.0400</dst>
      <dst id="21">182.1867</dst>
      <dst id="15">13.3333</dst>
    </src>
    <src id="20">
      <dst id="12">3327.4400</dst>
      <dst id="13">974.3556</dst>
      <dst id="19">691.9556</dst>
      <dst id="23">51.5911</dst>
      <dst id="8">849.6889</dst>
      <dst id="18">414.8178</dst>
      <dst id="4">10650.5244</dst>
      <dst id="1">1750.9422</dst>
      <dst id="5">3922.6400</dst>
      <dst id="3">5987.6444</dst>
      <dst id="7">215.2622</dst>
      <dst id="2">5706.9333</dst>
      <dst id="6">12.8000</dst>
      <dst id="11">967.6533</dst>
      <dst id="9">6193.4044</dst>
      <dst id="17">7885.5289</dst>
      <dst id="21">11224.7556</dst>
    </src>
    <src id="11">
      <dst id="12">397182.1244</dst>
      <dst id="13">2055.3156</dst>
      <dst id="19">203.6889</dst>
      <dst id="23">25.3778</dst>
      <dst id="8">887.2889</dst>
      <dst id="18">65.5733</dst>
      <dst id="4">17078.1067</dst>
      <dst id="1">736.8622</dst>
      <dst id="5">3615.2800</dst>
      <dst id="3">3212.8178</dst>
      <dst id="22">2750.9244</dst>
      <dst id="7">742.7733</dst>
      <dst id="2">151623.9289</dst>
      <dst id="6">1.6000</dst>
      <dst id="16">360.1333</dst>
      <dst id="14">38.1511</dst>
      <dst id="20">1203.3600</dst>
      <dst id="11">974.1689</dst>
      <dst id="9">2404.5511</dst>
      <dst id="17">127349.2178</dst>
      <dst id="21">1425.1111</dst>
      <dst id="15">225.0489</dst>
    </src>
    <src id="9">
      <dst id="12">476782.3378</dst>
      <dst id="13">4404.2667</dst>
      <dst id="19">519.4578</dst>
      <dst id="23">24.8000</dst>
      <dst id="8">2561.7867</dst>
      <dst id="18">308.0267</dst>
      <dst id="4">16900.5600</dst>
      <dst id="1">465.3333</dst>
      <dst id="5">1181.8044</dst>
      <dst id="3">243.9200</dst>
      <dst id="22">3713.6978</dst>
      <dst id="7">3175.5911</dst>
      <dst id="2">168639.4489</dst>
      <dst id="6">4.3733</dst>
      <dst id="16">1114.9867</dst>
      <dst id="14">0.4267</dst>
      <dst id="20">21949.3333</dst>
      <dst id="11">2474.7289</dst>
      <dst id="9">1260.0533</dst>
      <dst id="17">165234.8711</dst>
      <dst id="21">5239.4578</dst>
      <dst id="15">13947.3244</dst>
    </src>
    <src id="17">
      <dst id="12">13030.3644</dst>
      <dst id="13">39302.5067</dst>
      <dst id="19">2895.1556</dst>
      <dst id="23">161.2000</dst>
      <dst id="8">172296.0978</dst>
      <dst id="18">685.2889</dst>
      <dst id="4">51023.0844</dst>
      <dst id="1">11849.6533</dst>
      <dst id="5">230772.6222</dst>
      <dst id="3">20671.2089</dst>
      <dst id="22">9304.9778</dst>
      <dst id="7">3186.9511</dst>
      <dst id="2">13112.5244</dst>
      <dst id="6">87.4933</dst>
      <dst id="16">6747.6356</dst>
      <dst id="14">23272.6133</dst>
      <dst id="20">5008.8356</dst>
      <dst id="11">145178.9511</dst>
      <dst id="9">287339.5467</dst>
      <dst id="17">1769.2444</dst>
      <dst id="21">10590.6489</dst>
      <dst id="15">780.5600</dst>
    </src>
    <src id="21">
      <dst id="12">18261.9733</dst>
      <dst id="13">5906.1067</dst>
      <dst id="19">201.0933</dst>
      <dst id="23">27.3867</dst>
      <dst id="8">376.4800</dst>
      <dst id="18">1210.4178</dst>
      <dst id="4">22236.0533</dst>
      <dst id="1">1265.0311</dst>
      <dst id="5">590.6933</dst>
      <dst id="3">1845.1022</dst>
      <dst id="22">1823.6356</dst>
      <dst id="7">5149.9467</dst>
      <dst id="2">7689.5111</dst>
      <dst id="6">6.4000</dst>
      <dst id="16">544.6667</dst>
      <dst id="14">48.8533</dst>
      <dst id="20">1180.0089</dst>
      <dst id="11">3935.9911</dst>
      <dst id="9">1046.0178</dst>
      <dst id="17">5880.6489</dst>
      <dst id="21">2334.8267</dst>
      <dst id="15">140.1156</dst>
    </src>
    <src id="15">
      <dst id="12">1532.2311</dst>
      <dst id="13">122.5422</dst>
      <dst id="19">15.2089</dst>
      <dst id="23">1.1378</dst>
      <dst id="8">1187.0844</dst>
      <dst id="18">30.3822</dst>
      <dst id="4">8694.1600</dst>
      <dst id="1">747.3600</dst>
      <dst id="5">137.2889</dst>
      <dst id="3">1560.6133</dst>
      <dst id="7">16.5689</dst>
      <dst id="2">246.4000</dst>
      <dst id="14">1.5644</dst>
      <dst id="11">615.9289</dst>
      <dst id="9">2972.0533</dst>
      <dst id="17">2362.9333</dst>
      <dst id="21">81.8133</dst>
    </src>
  </IntraTM>
</TrafficMatrixFile>
