<?xml version="1.0" encoding="UTF-8" standalone="yes"?>
<TrafficMatrixFile xmlns:xsi="http://www.w3.org/2001/XMLSchema-instance" xsi:noNamespaceSchemaLocation="http://totem.run.montefiore.ulg.ac.be/Schema/TrafficMatrix-v1_2.xsd">
  <info>
    <title>Intradomain traffic matrix generated by geant-TM-all.pl</title>
    <date>2005-01-05T21:00:00</date>
    <duration>900</duration>
    <author>Steve Uhlig</author>
    <units>
        <unit type="bandwidth" value="kbps"/>
    </units>
  </info>
  <IntraTM ASID="20965">
    <src id="12">
      <dst id="12">354895.2444</dst>
      <dst id="13">52533.0756</dst>
      <dst id="19">10573.1200</dst>
      <dst id="23">1550.6400</dst>
      <dst id="8">12366.8889</dst>
      <dst id="18">14341.8933</dst>
      <dst id="4">77203.9556</dst>
      <dst id="1">13747.7689</dst>
      <dst id="5">7850.9867</dst>
      <dst id="3">11225.7689</dst>
      <dst id="22">24495.1644</dst>
      <dst id="7">12739.5200</dst>
      <dst id="2">119070.7822</dst>
      <dst id="6">192.9511</dst>
      <dst id="16">19529.3689</dst>
      <dst id="14">2756.0889</dst>
      <dst id="20">23426.4178</dst>
      <dst id="11">9411.7067</dst>
      <dst id="9">14788.1244</dst>
      <dst id="17">161239.4311</dst>
      <dst id="21">14838.7822</dst>
      <dst id="15">7323.0844</dst>
    </src>
    <src id="13">
      <dst id="12">110653.6089</dst>
      <dst id="19">20956.0089</dst>
      <dst id="23">4989.8044</dst>
      <dst id="8">16905.0844</dst>
      <dst id="18">16310.2489</dst>
      <dst id="1">11919.8844</dst>
      <dst id="5">15382.3467</dst>
      <dst id="3">36753.8667</dst>
      <dst id="22">43356.7378</dst>
      <dst id="7">28135.9911</dst>
      <dst id="2">133117.0667</dst>
      <dst id="6">1269.9289</dst>
      <dst id="16">14372.8533</dst>
      <dst id="14">3711.1556</dst>
      <dst id="20">24912.1156</dst>
      <dst id="11">26340.0622</dst>
      <dst id="9">27073.2711</dst>
      <dst id="17">337943.1556</dst>
      <dst id="21">42459.0133</dst>
      <dst id="15">8619.6267</dst>
    </src>
    <src id="19">
      <dst id="12">18394.7022</dst>
      <dst id="13">3296.9600</dst>
      <dst id="23">3907.6622</dst>
      <dst id="8">146.5867</dst>
      <dst id="18">1758.0000</dst>
      <dst id="4">18489.9022</dst>
      <dst id="1">20104.9867</dst>
      <dst id="5">570.1156</dst>
      <dst id="3">132.5156</dst>
      <dst id="22">2707.2800</dst>
      <dst id="7">32999.0311</dst>
      <dst id="2">10975.4578</dst>
      <dst id="6">883.0844</dst>
      <dst id="16">5814.3733</dst>
      <dst id="14">21.8578</dst>
      <dst id="20">89.6000</dst>
      <dst id="11">17455.8933</dst>
      <dst id="9">305.0133</dst>
      <dst id="17">7442.5867</dst>
      <dst id="21">17195.6089</dst>
      <dst id="15">585.7422</dst>
    </src>
    <src id="23">
      <dst id="12">762.3822</dst>
      <dst id="13">847.0222</dst>
      <dst id="19">389.7067</dst>
      <dst id="8">40.0000</dst>
      <dst id="18">306.6311</dst>
      <dst id="4">18.3111</dst>
      <dst id="1">194.8800</dst>
      <dst id="5">133.3333</dst>
      <dst id="3">656.0533</dst>
      <dst id="22">348.2222</dst>
      <dst id="7">539.2800</dst>
      <dst id="2">457.3689</dst>
      <dst id="6">1.8489</dst>
      <dst id="16">623.6889</dst>
      <dst id="14">40.3556</dst>
      <dst id="20">1682.2578</dst>
      <dst id="11">2283.9378</dst>
      <dst id="9">3016.2044</dst>
      <dst id="17">2406.4089</dst>
      <dst id="21">2039.5022</dst>
      <dst id="15">90.5778</dst>
    </src>
    <src id="8">
      <dst id="12">321425.9289</dst>
      <dst id="13">11337.0044</dst>
      <dst id="19">384.6222</dst>
      <dst id="23">14.4000</dst>
      <dst id="18">668.6400</dst>
      <dst id="4">5930.8267</dst>
      <dst id="1">2894.4533</dst>
      <dst id="5">12760.5156</dst>
      <dst id="3">161.0400</dst>
      <dst id="22">2131.2711</dst>
      <dst id="7">792.7289</dst>
      <dst id="2">142068.1689</dst>
      <dst id="6">37.7511</dst>
      <dst id="16">3178.4622</dst>
      <dst id="14">38.7911</dst>
      <dst id="20">773.4667</dst>
      <dst id="11">569.7600</dst>
      <dst id="9">929.2978</dst>
      <dst id="17">149558.8356</dst>
      <dst id="21">785.3422</dst>
      <dst id="15">202.7467</dst>
    </src>
    <src id="18">
      <dst id="12">126461.9378</dst>
      <dst id="13">1002.4178</dst>
      <dst id="19">84.7556</dst>
      <dst id="23">2.5600</dst>
      <dst id="8">427.8311</dst>
      <dst id="4">1339.5200</dst>
      <dst id="1">1501.7244</dst>
      <dst id="5">320.1956</dst>
      <dst id="3">698.1333</dst>
      <dst id="22">369.6089</dst>
      <dst id="7">655.3778</dst>
      <dst id="2">39405.8578</dst>
      <dst id="16">53.7067</dst>
      <dst id="14">7.9467</dst>
      <dst id="20">187.9111</dst>
      <dst id="11">659.6178</dst>
      <dst id="9">35.6889</dst>
      <dst id="17">50021.1911</dst>
      <dst id="21">4001.9200</dst>
      <dst id="15">17.1911</dst>
    </src>
    <src id="4">
      <dst id="12">26727.1200</dst>
      <dst id="19">36129.7067</dst>
      <dst id="23">12.6222</dst>
      <dst id="8">10797.1200</dst>
      <dst id="18">1330.4444</dst>
      <dst id="4">3.2622</dst>
      <dst id="1">140571.5289</dst>
      <dst id="5">3007.2267</dst>
      <dst id="3">1475.7956</dst>
      <dst id="22">7883.9556</dst>
      <dst id="7">40964.8000</dst>
      <dst id="2">102850.3733</dst>
      <dst id="6">34.3733</dst>
      <dst id="16">6214.1867</dst>
      <dst id="14">1879.1111</dst>
      <dst id="20">3432.2667</dst>
      <dst id="11">7734.1156</dst>
      <dst id="9">6479.8667</dst>
      <dst id="17">49750.5067</dst>
      <dst id="21">10300.9778</dst>
      <dst id="15">1885.2267</dst>
    </src>
    <src id="1">
      <dst id="12">20357.8756</dst>
      <dst id="13">7381.0400</dst>
      <dst id="19">8661.8222</dst>
      <dst id="23">184.0356</dst>
      <dst id="8">358895.2533</dst>
      <dst id="18">14385.5378</dst>
      <dst id="4">16602.0178</dst>
      <dst id="1">41986.0978</dst>
      <dst id="5">306122.4356</dst>
      <dst id="3">13356.6756</dst>
      <dst id="22">12194.2933</dst>
      <dst id="7">31546.9689</dst>
      <dst id="2">25797.9022</dst>
      <dst id="6">20074.1511</dst>
      <dst id="16">26527.4044</dst>
      <dst id="14">236.7289</dst>
      <dst id="20">13271.0578</dst>
      <dst id="11">3963.4044</dst>
      <dst id="9">432277.0844</dst>
      <dst id="17">18338.7644</dst>
      <dst id="21">19513.2533</dst>
      <dst id="15">5570.2133</dst>
    </src>
    <src id="5">
      <dst id="12">340587.0044</dst>
      <dst id="13">9535.4933</dst>
      <dst id="19">92.4089</dst>
      <dst id="23">18.6311</dst>
      <dst id="8">3427.3422</dst>
      <dst id="18">796.6667</dst>
      <dst id="4">8603.0489</dst>
      <dst id="1">5276.1244</dst>
      <dst id="3">153.6889</dst>
      <dst id="22">5513.1644</dst>
      <dst id="7">1123.8667</dst>
      <dst id="2">158249.1822</dst>
      <dst id="6">0.8178</dst>
      <dst id="16">4276.1333</dst>
      <dst id="14">52.4533</dst>
      <dst id="20">6339.7333</dst>
      <dst id="11">7913.7867</dst>
      <dst id="9">3393.7333</dst>
      <dst id="17">132153.5467</dst>
      <dst id="21">445.7333</dst>
      <dst id="15">1359.0400</dst>
    </src>
    <src id="3">
      <dst id="12">16059.8133</dst>
      <dst id="13">8185.0222</dst>
      <dst id="19">4335.2889</dst>
      <dst id="23">5391.9111</dst>
      <dst id="8">1066.9956</dst>
      <dst id="18">211327.0044</dst>
      <dst id="4">32655.4933</dst>
      <dst id="1">7343.1467</dst>
      <dst id="5">2840.5156</dst>
      <dst id="3">20165.6533</dst>
      <dst id="22">2549.5467</dst>
      <dst id="7">7319.6800</dst>
      <dst id="2">18933.7600</dst>
      <dst id="6">34.5333</dst>
      <dst id="16">1992.6756</dst>
      <dst id="14">58563.1200</dst>
      <dst id="20">4686.3111</dst>
      <dst id="11">358143.9200</dst>
      <dst id="9">1594.2044</dst>
      <dst id="17">23752.1689</dst>
      <dst id="21">28928.1867</dst>
      <dst id="15">1516.1600</dst>
    </src>
    <src id="10">
      <dst id="12">29309.0133</dst>
      <dst id="19">11621.1556</dst>
      <dst id="8">2559.2533</dst>
      <dst id="18">2924.1600</dst>
      <dst id="1">5335.9733</dst>
      <dst id="5">2496.0000</dst>
      <dst id="3">17533.8667</dst>
      <dst id="22">6907.0756</dst>
      <dst id="7">15715.0133</dst>
      <dst id="2">60748.1333</dst>
      <dst id="6">73.5644</dst>
      <dst id="16">7208.0622</dst>
      <dst id="14">2789.6711</dst>
      <dst id="20">10593.2000</dst>
      <dst id="11">10118.4089</dst>
      <dst id="9">8674.7111</dst>
      <dst id="17">39380.4889</dst>
      <dst id="21">14282.2667</dst>
      <dst id="15">1615.8489</dst>
    </src>
    <src id="22">
      <dst id="12">21423.3067</dst>
      <dst id="13">5970.2222</dst>
      <dst id="19">855.6533</dst>
      <dst id="23">243.6178</dst>
      <dst id="8">1610.5867</dst>
      <dst id="18">956.3111</dst>
      <dst id="4">20018.8089</dst>
      <dst id="1">3449.6889</dst>
      <dst id="5">6008.6667</dst>
      <dst id="3">2295.4756</dst>
      <dst id="7">2345.5289</dst>
      <dst id="2">3289.5733</dst>
      <dst id="6">65.3511</dst>
      <dst id="16">1.1200</dst>
      <dst id="14">101.8222</dst>
      <dst id="11">2834.4533</dst>
      <dst id="9">3414.8533</dst>
      <dst id="17">16610.3911</dst>
      <dst id="21">1169.9733</dst>
    </src>
    <src id="7">
      <dst id="12">6400.9333</dst>
      <dst id="13">6373.8044</dst>
      <dst id="19">4055.5111</dst>
      <dst id="23">275.6089</dst>
      <dst id="8">382.8444</dst>
      <dst id="18">2057.9556</dst>
      <dst id="4">43408.8533</dst>
      <dst id="1">33110.9067</dst>
      <dst id="5">1223.0756</dst>
      <dst id="3">2362.2489</dst>
      <dst id="22">4576.2133</dst>
      <dst id="7">791.8578</dst>
      <dst id="2">11581.4489</dst>
      <dst id="6">173.7422</dst>
      <dst id="16">6054.1156</dst>
      <dst id="14">127.1378</dst>
      <dst id="20">2115.8311</dst>
      <dst id="11">2669.9378</dst>
      <dst id="9">5568.3733</dst>
      <dst id="17">22624.9422</dst>
      <dst id="21">7864.0356</dst>
      <dst id="15">413.8578</dst>
    </src>
    <src id="2">
      <dst id="12">163122.4356</dst>
      <dst id="13">534806.9333</dst>
      <dst id="19">2940.8000</dst>
      <dst id="23">103.7778</dst>
      <dst id="8">3948.2133</dst>
      <dst id="18">160399.4667</dst>
      <dst id="4">84206.6578</dst>
      <dst id="1">19311.7422</dst>
      <dst id="5">1984.5867</dst>
      <dst id="3">614.2489</dst>
      <dst id="22">2233.7244</dst>
      <dst id="7">25324.9333</dst>
      <dst id="2">1669.8489</dst>
      <dst id="6">15308.5689</dst>
      <dst id="16">2791.8133</dst>
      <dst id="14">5363.4489</dst>
      <dst id="20">5256.1422</dst>
      <dst id="11">18397.5378</dst>
      <dst id="9">11245.8222</dst>
      <dst id="17">23725.1467</dst>
      <dst id="21">10254.3911</dst>
      <dst id="15">112.1956</dst>
    </src>
    <src id="6">
      <dst id="12">14310.6133</dst>
      <dst id="13">71.3689</dst>
      <dst id="19">59.4933</dst>
      <dst id="23">20.2311</dst>
      <dst id="8">4.3556</dst>
      <dst id="18">24.0711</dst>
      <dst id="4">1522.0800</dst>
      <dst id="1">148.1156</dst>
      <dst id="5">13.1911</dst>
      <dst id="3">1.2711</dst>
      <dst id="22">16.0356</dst>
      <dst id="7">265.1200</dst>
      <dst id="2">3240.5689</dst>
      <dst id="16">9.1289</dst>
      <dst id="20">18.0444</dst>
      <dst id="11">87.8133</dst>
      <dst id="9">67.5200</dst>
      <dst id="17">2299.0844</dst>
      <dst id="21">121.6800</dst>
    </src>
    <src id="16">
      <dst id="12">3624.6400</dst>
      <dst id="13">3262.8800</dst>
      <dst id="19">3175.3867</dst>
      <dst id="23">190.4800</dst>
      <dst id="8">6121.5911</dst>
      <dst id="18">350.8000</dst>
      <dst id="4">7222.9511</dst>
      <dst id="1">24735.2178</dst>
      <dst id="5">13143.4133</dst>
      <dst id="3">232.7200</dst>
      <dst id="7">4192.6133</dst>
      <dst id="2">5207.3778</dst>
      <dst id="6">76.8533</dst>
      <dst id="16">1690.9422</dst>
      <dst id="14">610.5244</dst>
      <dst id="11">4810.8978</dst>
      <dst id="9">19612.5244</dst>
      <dst id="17">10719.7956</dst>
      <dst id="21">950.0356</dst>
    </src>
    <src id="14">
      <dst id="12">22129.6800</dst>
      <dst id="13">91.0667</dst>
      <dst id="19">42.6311</dst>
      <dst id="23">14.7911</dst>
      <dst id="8">35.0311</dst>
      <dst id="18">7.1200</dst>
      <dst id="4">2320.0889</dst>
      <dst id="1">807.5200</dst>
      <dst id="5">31.0578</dst>
      <dst id="3">286.0000</dst>
      <dst id="22">1.8844</dst>
      <dst id="7">149.7778</dst>
      <dst id="2">9239.9733</dst>
      <dst id="16">19.4222</dst>
      <dst id="20">13.4844</dst>
      <dst id="11">76.8356</dst>
      <dst id="9">86.0533</dst>
      <dst id="17">11445.3244</dst>
      <dst id="21">113.1289</dst>
      <dst id="15">0.3556</dst>
    </src>
    <src id="20">
      <dst id="12">8976.9778</dst>
      <dst id="13">9988.7644</dst>
      <dst id="19">348.3378</dst>
      <dst id="23">39.8933</dst>
      <dst id="8">183.5022</dst>
      <dst id="18">87.5556</dst>
      <dst id="4">4991.3778</dst>
      <dst id="1">660.6400</dst>
      <dst id="5">6891.9289</dst>
      <dst id="3">9347.0667</dst>
      <dst id="7">4376.3911</dst>
      <dst id="2">2529.8489</dst>
      <dst id="6">2.7556</dst>
      <dst id="14">7.2089</dst>
      <dst id="11">3393.3333</dst>
      <dst id="9">5334.3644</dst>
      <dst id="17">3815.5733</dst>
      <dst id="21">12520.8000</dst>
    </src>
    <src id="11">
      <dst id="12">474498.7289</dst>
      <dst id="13">4529.6178</dst>
      <dst id="19">1117.6356</dst>
      <dst id="23">235.6178</dst>
      <dst id="8">1445.4133</dst>
      <dst id="18">1575.0667</dst>
      <dst id="4">14065.3689</dst>
      <dst id="1">2332.5333</dst>
      <dst id="5">1862.1422</dst>
      <dst id="3">892.8800</dst>
      <dst id="22">2394.0178</dst>
      <dst id="7">3264.1067</dst>
      <dst id="2">189245.1200</dst>
      <dst id="6">530.0622</dst>
      <dst id="16">1038.9333</dst>
      <dst id="14">728.9333</dst>
      <dst id="20">1515.5467</dst>
      <dst id="11">8564.8711</dst>
      <dst id="9">1622.7822</dst>
      <dst id="17">193507.9022</dst>
      <dst id="21">924.0444</dst>
      <dst id="15">671.7600</dst>
    </src>
    <src id="9">
      <dst id="12">507375.0578</dst>
      <dst id="13">6815.2000</dst>
      <dst id="19">2379.1022</dst>
      <dst id="23">88.8533</dst>
      <dst id="8">6805.4133</dst>
      <dst id="18">624.2578</dst>
      <dst id="4">11834.4533</dst>
      <dst id="1">8140.7289</dst>
      <dst id="5">16683.3067</dst>
      <dst id="3">22.9067</dst>
      <dst id="22">5063.4311</dst>
      <dst id="7">1540.2222</dst>
      <dst id="2">212396.5689</dst>
      <dst id="6">12.8267</dst>
      <dst id="16">2077.0400</dst>
      <dst id="14">7.2178</dst>
      <dst id="20">6691.9822</dst>
      <dst id="11">8869.9200</dst>
      <dst id="9">13651.8756</dst>
      <dst id="17">216115.9289</dst>
      <dst id="21">2642.8356</dst>
      <dst id="15">928.5333</dst>
    </src>
    <src id="17">
      <dst id="12">21986.8533</dst>
      <dst id="13">14122.1689</dst>
      <dst id="19">2100.4622</dst>
      <dst id="23">2215.7156</dst>
      <dst id="8">255412.3911</dst>
      <dst id="18">1438.7556</dst>
      <dst id="4">172462.0000</dst>
      <dst id="1">6118.7556</dst>
      <dst id="5">288755.4933</dst>
      <dst id="3">21214.8000</dst>
      <dst id="22">21706.9600</dst>
      <dst id="7">28883.9822</dst>
      <dst id="2">25955.4311</dst>
      <dst id="6">475.5378</dst>
      <dst id="16">12871.7956</dst>
      <dst id="14">54902.1867</dst>
      <dst id="20">2385.3511</dst>
      <dst id="11">290156.5689</dst>
      <dst id="9">388273.8933</dst>
      <dst id="17">2512.4089</dst>
      <dst id="21">34296.7378</dst>
      <dst id="15">1132.6222</dst>
    </src>
    <src id="21">
      <dst id="12">26377.8844</dst>
      <dst id="13">32118.3378</dst>
      <dst id="19">1956.6933</dst>
      <dst id="23">168.9867</dst>
      <dst id="8">506.8800</dst>
      <dst id="18">19616.2400</dst>
      <dst id="4">16795.6889</dst>
      <dst id="1">12016.4533</dst>
      <dst id="5">742.9422</dst>
      <dst id="3">23536.7378</dst>
      <dst id="22">2001.9467</dst>
      <dst id="7">7489.3689</dst>
      <dst id="2">25675.7156</dst>
      <dst id="6">133.7778</dst>
      <dst id="16">1256.1511</dst>
      <dst id="14">263.0667</dst>
      <dst id="20">2623.3511</dst>
      <dst id="11">615.9378</dst>
      <dst id="9">1309.6800</dst>
      <dst id="17">8655.2178</dst>
      <dst id="21">3271.6356</dst>
      <dst id="15">390.9867</dst>
    </src>
    <src id="15">
      <dst id="12">6630.2044</dst>
      <dst id="13">7967.8578</dst>
      <dst id="19">5234.8889</dst>
      <dst id="23">3.7156</dst>
      <dst id="8">1119.2178</dst>
      <dst id="18">619.4756</dst>
      <dst id="4">1475.4400</dst>
      <dst id="1">1614.2578</dst>
      <dst id="5">192.4444</dst>
      <dst id="3">0.7378</dst>
      <dst id="7">1176.9333</dst>
      <dst id="2">551.2356</dst>
      <dst id="6">1.7067</dst>
      <dst id="14">1.0578</dst>
      <dst id="11">1235.6444</dst>
      <dst id="9">4630.3467</dst>
      <dst id="17">4831.5378</dst>
      <dst id="21">203.4844</dst>
    </src>
  </IntraTM>
</TrafficMatrixFile>
