<?xml version="1.0" encoding="UTF-8" standalone="yes"?>
<TrafficMatrixFile xmlns:xsi="http://www.w3.org/2001/XMLSchema-instance" xsi:noNamespaceSchemaLocation="http://totem.run.montefiore.ulg.ac.be/Schema/TrafficMatrix-v1_2.xsd">
  <info>
    <title>Intradomain traffic matrix generated by geant-TM-all.pl</title>
    <date>2005-01-03T08:00:00</date>
    <duration>900</duration>
    <author>Steve Uhlig</author>
    <units>
        <unit type="bandwidth" value="kbps"/>
    </units>
  </info>
  <IntraTM ASID="20965">
    <src id="12">
      <dst id="12">215948.9956</dst>
      <dst id="13">22892.4889</dst>
      <dst id="19">2611.8133</dst>
      <dst id="23">6388.6578</dst>
      <dst id="8">3368.8711</dst>
      <dst id="18">7958.9511</dst>
      <dst id="4">89821.0933</dst>
      <dst id="1">5049.7422</dst>
      <dst id="5">2031.0222</dst>
      <dst id="3">3817.5200</dst>
      <dst id="22">17555.1822</dst>
      <dst id="7">1257.0400</dst>
      <dst id="2">81334.8711</dst>
      <dst id="6">55.5556</dst>
      <dst id="16">4391.2444</dst>
      <dst id="14">293.2000</dst>
      <dst id="20">19875.5111</dst>
      <dst id="11">6885.1111</dst>
      <dst id="9">12018.0533</dst>
      <dst id="17">68242.9689</dst>
      <dst id="21">3896.5689</dst>
      <dst id="15">3149.1378</dst>
    </src>
    <src id="13">
      <dst id="12">53744.5867</dst>
      <dst id="19">28304.2044</dst>
      <dst id="23">7160.6578</dst>
      <dst id="8">4467.8222</dst>
      <dst id="18">9985.6711</dst>
      <dst id="1">2000.6489</dst>
      <dst id="5">18410.1956</dst>
      <dst id="3">3646.4622</dst>
      <dst id="22">27170.7911</dst>
      <dst id="7">7290.7200</dst>
      <dst id="2">107667.0311</dst>
      <dst id="6">105.4756</dst>
      <dst id="16">6690.1511</dst>
      <dst id="14">1253.4667</dst>
      <dst id="20">20575.1733</dst>
      <dst id="11">10140.2222</dst>
      <dst id="9">15553.4400</dst>
      <dst id="17">61501.2711</dst>
      <dst id="21">17559.7689</dst>
      <dst id="15">3339.5378</dst>
    </src>
    <src id="19">
      <dst id="12">12703.0756</dst>
      <dst id="13">5269.7244</dst>
      <dst id="23">1.5644</dst>
      <dst id="8">0.9956</dst>
      <dst id="18">90.3200</dst>
      <dst id="4">24602.4978</dst>
      <dst id="1">1527.3156</dst>
      <dst id="5">2.6844</dst>
      <dst id="3">520.9244</dst>
      <dst id="22">275.8489</dst>
      <dst id="7">3560.9956</dst>
      <dst id="2">156.0800</dst>
      <dst id="6">97.1378</dst>
      <dst id="16">5831.7600</dst>
      <dst id="14">1.3067</dst>
      <dst id="20">34.9778</dst>
      <dst id="11">60.0533</dst>
      <dst id="9">71.0844</dst>
      <dst id="17">310.6667</dst>
      <dst id="21">272.2667</dst>
      <dst id="15">768.7822</dst>
    </src>
    <src id="23">
      <dst id="12">867.5200</dst>
      <dst id="13">1554.8978</dst>
      <dst id="19">37.8044</dst>
      <dst id="8">8.7822</dst>
      <dst id="18">14.2222</dst>
      <dst id="4">1737.8311</dst>
      <dst id="1">71.0222</dst>
      <dst id="5">15.7511</dst>
      <dst id="3">100.7822</dst>
      <dst id="22">505.0578</dst>
      <dst id="7">12.0089</dst>
      <dst id="2">48.0444</dst>
      <dst id="6">0.4978</dst>
      <dst id="16">3.1467</dst>
      <dst id="20">2.0978</dst>
      <dst id="9">263.1467</dst>
      <dst id="17">120.6844</dst>
      <dst id="21">504.2844</dst>
      <dst id="15">7.5378</dst>
    </src>
    <src id="8">
      <dst id="12">351348.7289</dst>
      <dst id="13">561.0489</dst>
      <dst id="19">2.7822</dst>
      <dst id="23">1093.7956</dst>
      <dst id="18">67.4400</dst>
      <dst id="4">10546.8800</dst>
      <dst id="1">563.6533</dst>
      <dst id="5">2091.4044</dst>
      <dst id="3">48.5778</dst>
      <dst id="22">1962.3733</dst>
      <dst id="7">8.8622</dst>
      <dst id="2">141564.9511</dst>
      <dst id="16">914.0889</dst>
      <dst id="20">96.0622</dst>
      <dst id="11">1382.9956</dst>
      <dst id="9">381.0133</dst>
      <dst id="17">140789.5733</dst>
      <dst id="21">263.2533</dst>
      <dst id="15">1756.9867</dst>
    </src>
    <src id="18">
      <dst id="12">109117.3778</dst>
      <dst id="13">99.5200</dst>
      <dst id="19">4.0267</dst>
      <dst id="23">29.0667</dst>
      <dst id="8">4.9956</dst>
      <dst id="4">2224.5867</dst>
      <dst id="1">909.7333</dst>
      <dst id="5">77.8044</dst>
      <dst id="3">104.3556</dst>
      <dst id="22">138.3022</dst>
      <dst id="7">111.0667</dst>
      <dst id="2">33910.7378</dst>
      <dst id="16">20.6044</dst>
      <dst id="20">16.1689</dst>
      <dst id="11">322.5422</dst>
      <dst id="9">142.0267</dst>
      <dst id="17">55062.2489</dst>
      <dst id="21">263.0756</dst>
      <dst id="15">40.3911</dst>
    </src>
    <src id="4">
      <dst id="12">16927.3067</dst>
      <dst id="19">7425.2444</dst>
      <dst id="23">7.0044</dst>
      <dst id="8">2409.7600</dst>
      <dst id="18">1649.4222</dst>
      <dst id="4">1.0222</dst>
      <dst id="1">121538.4978</dst>
      <dst id="5">2967.0311</dst>
      <dst id="3">91.5111</dst>
      <dst id="22">7218.8533</dst>
      <dst id="7">140911.6978</dst>
      <dst id="2">82763.1289</dst>
      <dst id="6">1.4222</dst>
      <dst id="16">2730.9511</dst>
      <dst id="14">1627.0044</dst>
      <dst id="20">465.2800</dst>
      <dst id="11">3299.5022</dst>
      <dst id="9">3429.9822</dst>
      <dst id="17">97332.8533</dst>
      <dst id="21">6317.0222</dst>
      <dst id="15">354.4178</dst>
    </src>
    <src id="1">
      <dst id="12">15109.6889</dst>
      <dst id="13">530.0178</dst>
      <dst id="19">21.0489</dst>
      <dst id="23">54.4089</dst>
      <dst id="8">124466.7644</dst>
      <dst id="18">11142.2133</dst>
      <dst id="4">11034.8622</dst>
      <dst id="1">16862.1156</dst>
      <dst id="5">180514.0356</dst>
      <dst id="3">103.5644</dst>
      <dst id="22">3825.1289</dst>
      <dst id="7">2016.6400</dst>
      <dst id="2">3818.9778</dst>
      <dst id="6">11118.7200</dst>
      <dst id="16">8365.3956</dst>
      <dst id="14">35.6089</dst>
      <dst id="20">23.3422</dst>
      <dst id="11">331.5111</dst>
      <dst id="9">189306.1778</dst>
      <dst id="17">4982.2756</dst>
      <dst id="21">2399.9556</dst>
      <dst id="15">129.5644</dst>
    </src>
    <src id="5">
      <dst id="12">282199.9467</dst>
      <dst id="13">3339.7333</dst>
      <dst id="19">21.6444</dst>
      <dst id="23">2.5689</dst>
      <dst id="8">1004.7644</dst>
      <dst id="18">436.0178</dst>
      <dst id="4">9188.7733</dst>
      <dst id="1">358.7022</dst>
      <dst id="3">1.7778</dst>
      <dst id="22">4955.7867</dst>
      <dst id="7">54.9867</dst>
      <dst id="2">119149.2533</dst>
      <dst id="6">0.3556</dst>
      <dst id="16">419.2533</dst>
      <dst id="14">12.2133</dst>
      <dst id="20">14220.0444</dst>
      <dst id="11">1664.6222</dst>
      <dst id="9">1038.0356</dst>
      <dst id="17">106464.6222</dst>
      <dst id="21">233.2000</dst>
      <dst id="15">156.6044</dst>
    </src>
    <src id="3">
      <dst id="12">20554.8889</dst>
      <dst id="13">1695.6622</dst>
      <dst id="19">5330.3733</dst>
      <dst id="23">4482.9244</dst>
      <dst id="8">107.9022</dst>
      <dst id="18">81074.2844</dst>
      <dst id="4">60848.9867</dst>
      <dst id="1">19035.9822</dst>
      <dst id="5">435.4756</dst>
      <dst id="3">9562.0356</dst>
      <dst id="22">1625.7778</dst>
      <dst id="7">1280.1067</dst>
      <dst id="2">5748.9867</dst>
      <dst id="16">1632.0800</dst>
      <dst id="14">24893.8844</dst>
      <dst id="20">37.7244</dst>
      <dst id="11">150146.3200</dst>
      <dst id="9">271.8133</dst>
      <dst id="17">9402.3556</dst>
      <dst id="21">5465.3422</dst>
      <dst id="15">32.4178</dst>
    </src>
    <src id="10">
      <dst id="12">18127.7867</dst>
      <dst id="19">170.1867</dst>
      <dst id="8">741.1200</dst>
      <dst id="18">8494.4178</dst>
      <dst id="1">382.6311</dst>
      <dst id="5">570.2400</dst>
      <dst id="3">7574.3733</dst>
      <dst id="22">2665.2711</dst>
      <dst id="7">18642.0178</dst>
      <dst id="2">26572.9689</dst>
      <dst id="6">38.2044</dst>
      <dst id="16">2556.3022</dst>
      <dst id="14">382.7378</dst>
      <dst id="20">1959.6089</dst>
      <dst id="11">3980.0178</dst>
      <dst id="9">3958.7289</dst>
      <dst id="17">34984.7022</dst>
      <dst id="21">3590.6222</dst>
      <dst id="15">658.3467</dst>
    </src>
    <src id="22">
      <dst id="12">16038.6844</dst>
      <dst id="13">3062.2756</dst>
      <dst id="19">152.3378</dst>
      <dst id="23">728.6044</dst>
      <dst id="8">624.1244</dst>
      <dst id="18">506.4978</dst>
      <dst id="4">19235.2978</dst>
      <dst id="1">177.4400</dst>
      <dst id="5">5589.1644</dst>
      <dst id="3">364.8267</dst>
      <dst id="7">582.2933</dst>
      <dst id="2">4417.4489</dst>
      <dst id="6">143.0578</dst>
      <dst id="16">7.9289</dst>
      <dst id="14">2.1600</dst>
      <dst id="11">5192.0089</dst>
      <dst id="9">2895.2267</dst>
      <dst id="17">4180.5689</dst>
      <dst id="21">1563.0756</dst>
    </src>
    <src id="7">
      <dst id="12">10434.8000</dst>
      <dst id="13">222.0622</dst>
      <dst id="19">155.2000</dst>
      <dst id="23">95.9556</dst>
      <dst id="8">496.4622</dst>
      <dst id="18">521.1644</dst>
      <dst id="4">21718.6133</dst>
      <dst id="1">1464.5244</dst>
      <dst id="5">1877.6356</dst>
      <dst id="3">240.7556</dst>
      <dst id="22">5356.7822</dst>
      <dst id="7">889.6622</dst>
      <dst id="2">4724.7111</dst>
      <dst id="6">29.0578</dst>
      <dst id="16">471.1111</dst>
      <dst id="14">74.7911</dst>
      <dst id="20">323.0489</dst>
      <dst id="11">1116.3289</dst>
      <dst id="9">1121.8311</dst>
      <dst id="17">9900.9422</dst>
      <dst id="21">1419.5556</dst>
      <dst id="15">5.0933</dst>
    </src>
    <src id="2">
      <dst id="12">81865.3867</dst>
      <dst id="13">520732.7733</dst>
      <dst id="19">225.3333</dst>
      <dst id="23">0.4622</dst>
      <dst id="8">300.5778</dst>
      <dst id="18">75797.9911</dst>
      <dst id="4">113087.4667</dst>
      <dst id="1">11592.9422</dst>
      <dst id="5">1286.5600</dst>
      <dst id="3">19.3422</dst>
      <dst id="22">1572.8178</dst>
      <dst id="7">3030.4178</dst>
      <dst id="2">529.4933</dst>
      <dst id="6">8122.0178</dst>
      <dst id="16">3279.0311</dst>
      <dst id="14">5527.0133</dst>
      <dst id="20">1247.0933</dst>
      <dst id="11">3972.9067</dst>
      <dst id="9">1642.7644</dst>
      <dst id="17">23625.9556</dst>
      <dst id="21">5073.2444</dst>
      <dst id="15">10.5244</dst>
    </src>
    <src id="6">
      <dst id="12">9168.5333</dst>
      <dst id="13">2.2578</dst>
      <dst id="19">2.1333</dst>
      <dst id="23">0.3378</dst>
      <dst id="18">12.2667</dst>
      <dst id="4">1550.1867</dst>
      <dst id="1">0.3378</dst>
      <dst id="5">0.3556</dst>
      <dst id="22">1.7778</dst>
      <dst id="7">15.4756</dst>
      <dst id="2">2140.8089</dst>
      <dst id="16">0.4889</dst>
      <dst id="20">0.3556</dst>
      <dst id="11">11.4667</dst>
      <dst id="9">11.4667</dst>
      <dst id="17">1460.1511</dst>
      <dst id="21">4.3200</dst>
    </src>
    <src id="16">
      <dst id="12">2162.1156</dst>
      <dst id="13">1660.6222</dst>
      <dst id="19">2763.1911</dst>
      <dst id="23">2.0622</dst>
      <dst id="8">4845.6711</dst>
      <dst id="18">4.2844</dst>
      <dst id="4">4881.8933</dst>
      <dst id="1">6758.0178</dst>
      <dst id="5">2168.8800</dst>
      <dst id="7">3541.8044</dst>
      <dst id="2">503.1556</dst>
      <dst id="16">55.5733</dst>
      <dst id="14">343.8756</dst>
      <dst id="11">132.9244</dst>
      <dst id="9">2551.5822</dst>
      <dst id="17">859.0400</dst>
      <dst id="21">2351.4578</dst>
    </src>
    <src id="14">
      <dst id="12">14549.9822</dst>
      <dst id="13">24.0000</dst>
      <dst id="19">3.7333</dst>
      <dst id="23">0.5778</dst>
      <dst id="18">0.4622</dst>
      <dst id="4">1887.1378</dst>
      <dst id="1">45.9556</dst>
      <dst id="5">609.4844</dst>
      <dst id="3">34.6044</dst>
      <dst id="22">0.3556</dst>
      <dst id="7">47.5733</dst>
      <dst id="2">6620.8622</dst>
      <dst id="16">83.3156</dst>
      <dst id="20">35.5378</dst>
      <dst id="11">126.1867</dst>
      <dst id="9">13.3333</dst>
      <dst id="17">3693.5289</dst>
      <dst id="21">83.5289</dst>
    </src>
    <src id="20">
      <dst id="12">6891.8044</dst>
      <dst id="13">8837.4756</dst>
      <dst id="19">343.6444</dst>
      <dst id="23">0.4800</dst>
      <dst id="8">74.5244</dst>
      <dst id="18">142.5600</dst>
      <dst id="4">10712.4711</dst>
      <dst id="1">225.3156</dst>
      <dst id="5">1695.4489</dst>
      <dst id="3">148.8711</dst>
      <dst id="7">354.4711</dst>
      <dst id="2">3460.1067</dst>
      <dst id="6">51.2000</dst>
      <dst id="14">87.7511</dst>
      <dst id="11">285.7778</dst>
      <dst id="9">2618.7378</dst>
      <dst id="17">280.3111</dst>
      <dst id="21">592.4356</dst>
    </src>
    <src id="11">
      <dst id="12">386822.8178</dst>
      <dst id="13">3093.5467</dst>
      <dst id="19">53.8578</dst>
      <dst id="23">14.6844</dst>
      <dst id="8">246.1511</dst>
      <dst id="18">147.6178</dst>
      <dst id="4">11848.4800</dst>
      <dst id="1">348.8356</dst>
      <dst id="5">961.4222</dst>
      <dst id="3">447.4400</dst>
      <dst id="22">1220.8356</dst>
      <dst id="7">396.8800</dst>
      <dst id="2">145525.2356</dst>
      <dst id="16">111.2000</dst>
      <dst id="14">110.5778</dst>
      <dst id="20">1315.7511</dst>
      <dst id="11">2088.6133</dst>
      <dst id="9">2863.4578</dst>
      <dst id="17">164322.8444</dst>
      <dst id="21">1528.3556</dst>
      <dst id="15">41.5289</dst>
    </src>
    <src id="9">
      <dst id="12">399261.7156</dst>
      <dst id="13">7405.0222</dst>
      <dst id="19">1053.6889</dst>
      <dst id="23">17.0667</dst>
      <dst id="8">610.2578</dst>
      <dst id="18">99.1644</dst>
      <dst id="4">14895.5022</dst>
      <dst id="1">442.8711</dst>
      <dst id="5">2129.4133</dst>
      <dst id="3">3.4489</dst>
      <dst id="22">3574.0622</dst>
      <dst id="7">120.0267</dst>
      <dst id="2">152415.5200</dst>
      <dst id="6">2.4889</dst>
      <dst id="16">663.4933</dst>
      <dst id="14">0.5600</dst>
      <dst id="20">3648.3378</dst>
      <dst id="11">668.9333</dst>
      <dst id="9">3871.9289</dst>
      <dst id="17">160703.4667</dst>
      <dst id="21">460.3022</dst>
      <dst id="15">1465.2089</dst>
    </src>
    <src id="17">
      <dst id="12">17850.8711</dst>
      <dst id="13">4547.4222</dst>
      <dst id="19">4359.6000</dst>
      <dst id="23">76.8000</dst>
      <dst id="8">147854.9156</dst>
      <dst id="18">568.0622</dst>
      <dst id="4">144095.2000</dst>
      <dst id="1">6164.2756</dst>
      <dst id="5">175813.8844</dst>
      <dst id="3">3459.4489</dst>
      <dst id="22">4066.2756</dst>
      <dst id="7">4285.2889</dst>
      <dst id="2">20874.3200</dst>
      <dst id="6">845.7600</dst>
      <dst id="16">3840.8444</dst>
      <dst id="14">19927.1556</dst>
      <dst id="20">290.7822</dst>
      <dst id="11">118544.9511</dst>
      <dst id="9">149355.8222</dst>
      <dst id="17">1850.2933</dst>
      <dst id="21">4379.8400</dst>
      <dst id="15">3075.3244</dst>
    </src>
    <src id="21">
      <dst id="12">20921.2000</dst>
      <dst id="13">810.7733</dst>
      <dst id="19">105.9200</dst>
      <dst id="23">26.4800</dst>
      <dst id="8">246.5511</dst>
      <dst id="18">1578.3556</dst>
      <dst id="4">24411.6444</dst>
      <dst id="1">1119.4222</dst>
      <dst id="5">164.8444</dst>
      <dst id="3">890.1511</dst>
      <dst id="22">2763.6889</dst>
      <dst id="7">3927.2089</dst>
      <dst id="2">9106.1333</dst>
      <dst id="6">1.7511</dst>
      <dst id="16">240.5867</dst>
      <dst id="14">93.8222</dst>
      <dst id="20">244.5244</dst>
      <dst id="11">665.8578</dst>
      <dst id="9">895.5644</dst>
      <dst id="17">2566.8978</dst>
      <dst id="21">1782.3733</dst>
      <dst id="15">8.5689</dst>
    </src>
    <src id="15">
      <dst id="12">6982.8444</dst>
      <dst id="13">101.7067</dst>
      <dst id="19">1357.1467</dst>
      <dst id="23">1.4933</dst>
      <dst id="8">44.6222</dst>
      <dst id="18">1.1022</dst>
      <dst id="4">6795.5733</dst>
      <dst id="1">447.9200</dst>
      <dst id="5">273.6622</dst>
      <dst id="3">16.1511</dst>
      <dst id="7">68.5067</dst>
      <dst id="2">535.4667</dst>
      <dst id="11">10.2933</dst>
      <dst id="9">1186.7378</dst>
      <dst id="17">3931.2978</dst>
      <dst id="21">144.6578</dst>
    </src>
  </IntraTM>
</TrafficMatrixFile>
