<?xml version="1.0" encoding="UTF-8" standalone="yes"?>
<TrafficMatrixFile xmlns:xsi="http://www.w3.org/2001/XMLSchema-instance" xsi:noNamespaceSchemaLocation="http://totem.run.montefiore.ulg.ac.be/Schema/TrafficMatrix-v1_2.xsd">
  <info>
    <title>Intradomain traffic matrix generated by geant-TM-all.pl</title>
    <date>2005-01-02T06:45:00</date>
    <duration>900</duration>
    <author>Steve Uhlig</author>
    <units>
        <unit type="bandwidth" value="kbps"/>
    </units>
  </info>
  <IntraTM ASID="20965">
    <src id="12">
      <dst id="12">296318.8978</dst>
      <dst id="13">21352.7822</dst>
      <dst id="19">6091.5822</dst>
      <dst id="23">154.6311</dst>
      <dst id="8">4193.4578</dst>
      <dst id="18">285.1733</dst>
      <dst id="4">140253.6089</dst>
      <dst id="1">12277.4933</dst>
      <dst id="5">5188.3911</dst>
      <dst id="3">6776.6933</dst>
      <dst id="22">8165.5733</dst>
      <dst id="7">8510.1600</dst>
      <dst id="2">96767.7600</dst>
      <dst id="6">2.7822</dst>
      <dst id="16">6934.3467</dst>
      <dst id="14">289.4222</dst>
      <dst id="20">17159.1200</dst>
      <dst id="11">2585.0400</dst>
      <dst id="9">8855.2622</dst>
      <dst id="17">75447.9200</dst>
      <dst id="21">9308.3644</dst>
      <dst id="15">1347.1378</dst>
    </src>
    <src id="13">
      <dst id="12">165050.1600</dst>
      <dst id="19">6125.5289</dst>
      <dst id="23">30.9422</dst>
      <dst id="8">2746.1600</dst>
      <dst id="18">8438.5956</dst>
      <dst id="1">4735.6178</dst>
      <dst id="5">8884.3467</dst>
      <dst id="3">7633.2089</dst>
      <dst id="22">28732.8178</dst>
      <dst id="7">10317.1111</dst>
      <dst id="2">114796.1333</dst>
      <dst id="6">148.8178</dst>
      <dst id="16">9523.9644</dst>
      <dst id="14">1538.8356</dst>
      <dst id="20">18087.0578</dst>
      <dst id="11">16235.6889</dst>
      <dst id="9">27782.6133</dst>
      <dst id="17">293208.6756</dst>
      <dst id="21">19562.0267</dst>
      <dst id="15">2781.5111</dst>
    </src>
    <src id="19">
      <dst id="12">14619.4933</dst>
      <dst id="13">8465.4667</dst>
      <dst id="23">0.3378</dst>
      <dst id="8">130.4889</dst>
      <dst id="18">2.1778</dst>
      <dst id="4">24144.3111</dst>
      <dst id="1">797.3600</dst>
      <dst id="5">203.1022</dst>
      <dst id="22">815.5822</dst>
      <dst id="7">3828.0889</dst>
      <dst id="2">749.8133</dst>
      <dst id="6">74.9867</dst>
      <dst id="16">6188.0533</dst>
      <dst id="20">62.6756</dst>
      <dst id="11">119.6089</dst>
      <dst id="9">134.5867</dst>
      <dst id="17">236.4356</dst>
      <dst id="21">463.9911</dst>
      <dst id="15">57.2444</dst>
    </src>
    <src id="23">
      <dst id="12">1772.0000</dst>
      <dst id="13">141.7689</dst>
      <dst id="8">87.2267</dst>
      <dst id="18">28.0000</dst>
      <dst id="4">860.0089</dst>
      <dst id="1">30.1333</dst>
      <dst id="5">64.9333</dst>
      <dst id="3">52.7911</dst>
      <dst id="22">169.8489</dst>
      <dst id="7">24.9778</dst>
      <dst id="2">13.1556</dst>
      <dst id="16">0.8533</dst>
      <dst id="14">3.6711</dst>
      <dst id="20">85.5467</dst>
      <dst id="11">2658.3911</dst>
      <dst id="9">300.1600</dst>
      <dst id="17">87.8222</dst>
      <dst id="21">1441.4667</dst>
    </src>
    <src id="8">
      <dst id="12">324112.8356</dst>
      <dst id="13">541.6356</dst>
      <dst id="19">83.2533</dst>
      <dst id="23">473.1378</dst>
      <dst id="18">70.2667</dst>
      <dst id="4">8535.0311</dst>
      <dst id="1">527.5200</dst>
      <dst id="5">1696.6844</dst>
      <dst id="3">3.9911</dst>
      <dst id="22">575.1467</dst>
      <dst id="7">68.4978</dst>
      <dst id="2">127866.1956</dst>
      <dst id="6">0.3556</dst>
      <dst id="16">866.2400</dst>
      <dst id="20">370.9156</dst>
      <dst id="11">87.5911</dst>
      <dst id="9">459.3333</dst>
      <dst id="17">121315.5822</dst>
      <dst id="21">661.6000</dst>
      <dst id="15">155.9822</dst>
    </src>
    <src id="18">
      <dst id="12">105527.4400</dst>
      <dst id="13">304.6489</dst>
      <dst id="19">0.9511</dst>
      <dst id="8">108.0267</dst>
      <dst id="4">5506.0622</dst>
      <dst id="1">556.4978</dst>
      <dst id="5">649.0578</dst>
      <dst id="3">43.0044</dst>
      <dst id="22">464.5067</dst>
      <dst id="7">53.2622</dst>
      <dst id="2">33667.5467</dst>
      <dst id="16">9.9200</dst>
      <dst id="20">83.4578</dst>
      <dst id="11">353.4933</dst>
      <dst id="9">145.6267</dst>
      <dst id="17">46752.9422</dst>
      <dst id="21">1051.5289</dst>
      <dst id="15">0.8178</dst>
    </src>
    <src id="4">
      <dst id="12">21110.7378</dst>
      <dst id="19">5424.7733</dst>
      <dst id="8">1141.5733</dst>
      <dst id="18">2212.0533</dst>
      <dst id="4">425.5644</dst>
      <dst id="1">12846.8178</dst>
      <dst id="5">1833.9733</dst>
      <dst id="3">40.0711</dst>
      <dst id="22">4028.8356</dst>
      <dst id="7">10445.2267</dst>
      <dst id="2">42792.0622</dst>
      <dst id="6">50.1511</dst>
      <dst id="16">2152.8444</dst>
      <dst id="14">1717.9733</dst>
      <dst id="20">1441.3333</dst>
      <dst id="11">4495.0400</dst>
      <dst id="9">2629.1733</dst>
      <dst id="17">46050.6844</dst>
      <dst id="21">5107.0933</dst>
      <dst id="15">3071.8133</dst>
    </src>
    <src id="1">
      <dst id="12">16493.3867</dst>
      <dst id="13">1516.8978</dst>
      <dst id="19">178.6044</dst>
      <dst id="23">17.7511</dst>
      <dst id="8">166400.8000</dst>
      <dst id="18">12070.0889</dst>
      <dst id="4">20789.6978</dst>
      <dst id="1">19774.9422</dst>
      <dst id="5">242766.4444</dst>
      <dst id="3">8.9422</dst>
      <dst id="22">5021.1644</dst>
      <dst id="7">707.1467</dst>
      <dst id="2">2755.5733</dst>
      <dst id="6">7877.7956</dst>
      <dst id="16">10059.4844</dst>
      <dst id="14">81.3778</dst>
      <dst id="20">51.4400</dst>
      <dst id="11">683.3067</dst>
      <dst id="9">230691.0400</dst>
      <dst id="17">4931.4489</dst>
      <dst id="21">3654.5333</dst>
      <dst id="15">71.9733</dst>
    </src>
    <src id="5">
      <dst id="12">358807.7778</dst>
      <dst id="13">790.8356</dst>
      <dst id="19">114.5511</dst>
      <dst id="23">109.7244</dst>
      <dst id="8">1047.7333</dst>
      <dst id="18">280.8533</dst>
      <dst id="4">9161.4578</dst>
      <dst id="1">386.0000</dst>
      <dst id="3">164.2400</dst>
      <dst id="22">4964.3911</dst>
      <dst id="7">161.7511</dst>
      <dst id="2">139765.6889</dst>
      <dst id="6">23.6444</dst>
      <dst id="16">636.2933</dst>
      <dst id="14">112.4178</dst>
      <dst id="20">240.4267</dst>
      <dst id="11">1352.2844</dst>
      <dst id="9">911.0311</dst>
      <dst id="17">148485.5733</dst>
      <dst id="21">514.4622</dst>
      <dst id="15">333.0311</dst>
    </src>
    <src id="3">
      <dst id="12">10245.1822</dst>
      <dst id="13">859.0489</dst>
      <dst id="19">1317.3867</dst>
      <dst id="23">15.2711</dst>
      <dst id="8">164.4089</dst>
      <dst id="18">92586.1867</dst>
      <dst id="4">31447.8844</dst>
      <dst id="1">20532.8622</dst>
      <dst id="5">547.3689</dst>
      <dst id="3">12693.6089</dst>
      <dst id="22">2812.9867</dst>
      <dst id="7">2973.9822</dst>
      <dst id="2">7519.0400</dst>
      <dst id="6">2.7289</dst>
      <dst id="16">1713.9467</dst>
      <dst id="14">35165.4489</dst>
      <dst id="20">169.6533</dst>
      <dst id="11">159359.9733</dst>
      <dst id="9">207.2178</dst>
      <dst id="17">10474.5867</dst>
      <dst id="21">6629.7067</dst>
      <dst id="15">54.0800</dst>
    </src>
    <src id="10">
      <dst id="12">13522.0178</dst>
      <dst id="19">2696.3289</dst>
      <dst id="8">1076.0889</dst>
      <dst id="18">3426.1333</dst>
      <dst id="1">1240.2222</dst>
      <dst id="5">1883.5556</dst>
      <dst id="3">12548.1511</dst>
      <dst id="22">6183.0667</dst>
      <dst id="7">17995.9644</dst>
      <dst id="2">30834.9511</dst>
      <dst id="6">45.3511</dst>
      <dst id="16">911.1733</dst>
      <dst id="14">589.1289</dst>
      <dst id="20">3016.1689</dst>
      <dst id="11">2718.1422</dst>
      <dst id="9">2059.9822</dst>
      <dst id="17">14654.7200</dst>
      <dst id="21">18573.7422</dst>
      <dst id="15">3355.7778</dst>
    </src>
    <src id="22">
    </src>
    <src id="7">
      <dst id="12">4671.8311</dst>
      <dst id="13">1268.1333</dst>
      <dst id="19">593.7689</dst>
      <dst id="23">83.9911</dst>
      <dst id="8">399.5822</dst>
      <dst id="18">268.2311</dst>
      <dst id="4">60586.9244</dst>
      <dst id="1">5582.4711</dst>
      <dst id="5">1762.8889</dst>
      <dst id="3">444.5689</dst>
      <dst id="22">5545.1556</dst>
      <dst id="7">826.1156</dst>
      <dst id="2">6809.0489</dst>
      <dst id="6">1.1644</dst>
      <dst id="16">775.7422</dst>
      <dst id="14">203.8489</dst>
      <dst id="20">1699.0933</dst>
      <dst id="11">1667.9200</dst>
      <dst id="9">1063.8222</dst>
      <dst id="17">7766.0267</dst>
      <dst id="21">12469.0489</dst>
      <dst id="15">283.9556</dst>
    </src>
    <src id="2">
      <dst id="12">110347.2444</dst>
      <dst id="13">10224.9067</dst>
      <dst id="19">8499.5733</dst>
      <dst id="8">1058.4889</dst>
      <dst id="18">75069.1556</dst>
      <dst id="4">125358.3911</dst>
      <dst id="1">1633.8311</dst>
      <dst id="5">1132.3822</dst>
      <dst id="3">81.4933</dst>
      <dst id="22">3403.5200</dst>
      <dst id="7">4440.4533</dst>
      <dst id="2">1333.6178</dst>
      <dst id="6">7577.7333</dst>
      <dst id="16">5317.5733</dst>
      <dst id="14">1487.5733</dst>
      <dst id="20">1517.5111</dst>
      <dst id="11">4115.1822</dst>
      <dst id="9">2537.4133</dst>
      <dst id="17">33656.0267</dst>
      <dst id="21">4986.5511</dst>
      <dst id="15">39.9644</dst>
    </src>
    <src id="6">
      <dst id="12">9729.6622</dst>
      <dst id="13">45.6089</dst>
      <dst id="19">2.1156</dst>
      <dst id="23">0.3378</dst>
      <dst id="4">145.3600</dst>
      <dst id="1">21.0044</dst>
      <dst id="5">2.3733</dst>
      <dst id="22">0.3556</dst>
      <dst id="7">14.2578</dst>
      <dst id="2">2332.9422</dst>
      <dst id="16">70.9511</dst>
      <dst id="11">11.0400</dst>
      <dst id="9">21.7067</dst>
      <dst id="17">1654.5156</dst>
      <dst id="21">20.3378</dst>
    </src>
    <src id="16">
      <dst id="12">6131.7244</dst>
      <dst id="13">404.1956</dst>
      <dst id="19">3676.5067</dst>
      <dst id="23">190.9244</dst>
      <dst id="8">5295.7422</dst>
      <dst id="18">110.8356</dst>
      <dst id="4">6197.7778</dst>
      <dst id="1">18921.1556</dst>
      <dst id="5">2717.8933</dst>
      <dst id="3">3.5467</dst>
      <dst id="22">13.3333</dst>
      <dst id="7">3493.4756</dst>
      <dst id="2">875.4578</dst>
      <dst id="6">3.3778</dst>
      <dst id="16">66.0444</dst>
      <dst id="14">356.9067</dst>
      <dst id="11">323.9644</dst>
      <dst id="9">8601.7333</dst>
      <dst id="17">1466.4000</dst>
      <dst id="21">148.9600</dst>
    </src>
    <src id="14">
      <dst id="12">21936.5600</dst>
      <dst id="13">31.4756</dst>
      <dst id="19">6.4000</dst>
      <dst id="23">3.2889</dst>
      <dst id="18">12.6222</dst>
      <dst id="4">3085.9378</dst>
      <dst id="1">55.6889</dst>
      <dst id="5">182.4800</dst>
      <dst id="3">35.4400</dst>
      <dst id="22">6.9422</dst>
      <dst id="7">69.2356</dst>
      <dst id="2">6398.8356</dst>
      <dst id="6">0.3556</dst>
      <dst id="16">8.1067</dst>
      <dst id="20">0.8356</dst>
      <dst id="11">17.5022</dst>
      <dst id="9">27.6978</dst>
      <dst id="17">8542.0978</dst>
      <dst id="21">79.7244</dst>
    </src>
    <src id="20">
      <dst id="12">4851.8933</dst>
      <dst id="13">8883.2444</dst>
      <dst id="19">78.8089</dst>
      <dst id="23">69.2622</dst>
      <dst id="8">2404.6667</dst>
      <dst id="18">68.3467</dst>
      <dst id="4">14426.9067</dst>
      <dst id="1">296.8178</dst>
      <dst id="5">1126.8000</dst>
      <dst id="3">1718.6844</dst>
      <dst id="7">48.9600</dst>
      <dst id="2">7501.1911</dst>
      <dst id="14">0.8000</dst>
      <dst id="11">583.7067</dst>
      <dst id="9">6292.4444</dst>
      <dst id="17">4106.1778</dst>
      <dst id="21">1277.7422</dst>
    </src>
    <src id="11">
      <dst id="12">450284.2222</dst>
      <dst id="13">1728.4356</dst>
      <dst id="19">81.9200</dst>
      <dst id="23">53.3067</dst>
      <dst id="8">2092.3111</dst>
      <dst id="18">507.0578</dst>
      <dst id="4">19839.3156</dst>
      <dst id="1">497.2622</dst>
      <dst id="5">1315.0489</dst>
      <dst id="3">738.1867</dst>
      <dst id="22">2702.6489</dst>
      <dst id="7">282.0711</dst>
      <dst id="2">178679.8756</dst>
      <dst id="6">40.7022</dst>
      <dst id="16">659.3422</dst>
      <dst id="14">29.6356</dst>
      <dst id="20">1482.8889</dst>
      <dst id="11">1758.4533</dst>
      <dst id="9">1206.1067</dst>
      <dst id="17">162547.7333</dst>
      <dst id="21">413.8578</dst>
      <dst id="15">422.7022</dst>
    </src>
    <src id="9">
      <dst id="12">466957.2889</dst>
      <dst id="13">18733.5733</dst>
      <dst id="19">36.0267</dst>
      <dst id="23">19.8044</dst>
      <dst id="8">360.3378</dst>
      <dst id="18">371.5467</dst>
      <dst id="4">15350.0089</dst>
      <dst id="1">495.5022</dst>
      <dst id="5">1534.6667</dst>
      <dst id="3">15.9289</dst>
      <dst id="22">2839.4400</dst>
      <dst id="7">146.9689</dst>
      <dst id="2">180712.7644</dst>
      <dst id="6">28.7556</dst>
      <dst id="16">523.1467</dst>
      <dst id="14">1.9911</dst>
      <dst id="20">5564.9867</dst>
      <dst id="11">3013.5911</dst>
      <dst id="9">306.3644</dst>
      <dst id="17">189620.6044</dst>
      <dst id="21">387.2800</dst>
      <dst id="15">4900.8800</dst>
    </src>
    <src id="17">
      <dst id="12">8865.6889</dst>
      <dst id="13">28511.9733</dst>
      <dst id="19">345.2089</dst>
      <dst id="23">596.6044</dst>
      <dst id="8">171756.2933</dst>
      <dst id="18">16240.1422</dst>
      <dst id="4">166739.8044</dst>
      <dst id="1">4287.4844</dst>
      <dst id="5">229433.1556</dst>
      <dst id="3">14843.4667</dst>
      <dst id="22">11753.2533</dst>
      <dst id="7">2170.2756</dst>
      <dst id="2">16873.3422</dst>
      <dst id="6">147.6444</dst>
      <dst id="16">5059.3156</dst>
      <dst id="14">26971.8667</dst>
      <dst id="20">5006.3822</dst>
      <dst id="11">118792.2044</dst>
      <dst id="9">216942.0889</dst>
      <dst id="17">2185.4400</dst>
      <dst id="21">11967.3956</dst>
      <dst id="15">556.9511</dst>
    </src>
    <src id="21">
      <dst id="12">17442.5778</dst>
      <dst id="13">2831.6178</dst>
      <dst id="19">99.3867</dst>
      <dst id="23">9.0311</dst>
      <dst id="8">573.6444</dst>
      <dst id="18">529.3867</dst>
      <dst id="4">33659.2711</dst>
      <dst id="1">845.0933</dst>
      <dst id="5">409.2889</dst>
      <dst id="3">898.8800</dst>
      <dst id="22">2032.1778</dst>
      <dst id="7">4882.5156</dst>
      <dst id="2">10358.4622</dst>
      <dst id="6">2.5333</dst>
      <dst id="16">262.4711</dst>
      <dst id="14">119.5022</dst>
      <dst id="20">212.4533</dst>
      <dst id="11">1418.7911</dst>
      <dst id="9">421.4667</dst>
      <dst id="17">5009.8667</dst>
      <dst id="21">2000.2844</dst>
      <dst id="15">118.4356</dst>
    </src>
    <src id="15">
      <dst id="12">2721.8311</dst>
      <dst id="13">779.5289</dst>
      <dst id="19">2878.9689</dst>
      <dst id="8">27.1556</dst>
      <dst id="18">12.5511</dst>
      <dst id="4">4485.3867</dst>
      <dst id="1">674.5422</dst>
      <dst id="5">243.2444</dst>
      <dst id="3">5.9022</dst>
      <dst id="7">2034.7289</dst>
      <dst id="2">106.3289</dst>
      <dst id="6">13.1556</dst>
      <dst id="11">58.9156</dst>
      <dst id="9">1003.2178</dst>
      <dst id="17">61.1733</dst>
      <dst id="21">160.0444</dst>
    </src>
  </IntraTM>
</TrafficMatrixFile>
