<?xml version="1.0" encoding="UTF-8" standalone="yes"?>
<TrafficMatrixFile xmlns:xsi="http://www.w3.org/2001/XMLSchema-instance" xsi:noNamespaceSchemaLocation="http://totem.run.montefiore.ulg.ac.be/Schema/TrafficMatrix-v1_2.xsd">
  <info>
    <title>Intradomain traffic matrix generated by geant-TM-all.pl</title>
    <date>2005-01-04T06:00:00</date>
    <duration>900</duration>
    <author>Steve Uhlig</author>
    <units>
        <unit type="bandwidth" value="kbps"/>
    </units>
  </info>
  <IntraTM ASID="20965">
    <src id="12">
      <dst id="12">236401.8667</dst>
      <dst id="13">25345.9289</dst>
      <dst id="19">1831.6000</dst>
      <dst id="23">105.2356</dst>
      <dst id="8">1100.6044</dst>
      <dst id="18">463.8667</dst>
      <dst id="4">85754.2044</dst>
      <dst id="1">17941.3422</dst>
      <dst id="5">3586.4889</dst>
      <dst id="3">6045.9022</dst>
      <dst id="22">11037.3244</dst>
      <dst id="7">5862.2844</dst>
      <dst id="2">80266.9511</dst>
      <dst id="6">32.0800</dst>
      <dst id="16">3923.2089</dst>
      <dst id="14">1006.6489</dst>
      <dst id="20">15012.0000</dst>
      <dst id="11">5275.5556</dst>
      <dst id="9">6701.6889</dst>
      <dst id="17">66480.3733</dst>
      <dst id="21">3165.9644</dst>
      <dst id="15">11142.0978</dst>
    </src>
    <src id="13">
      <dst id="12">67028.5244</dst>
      <dst id="19">5314.4267</dst>
      <dst id="23">31.1022</dst>
      <dst id="8">3149.0578</dst>
      <dst id="18">3955.9733</dst>
      <dst id="1">6597.2711</dst>
      <dst id="5">7559.1378</dst>
      <dst id="3">3312.6756</dst>
      <dst id="22">39468.4622</dst>
      <dst id="7">7905.5111</dst>
      <dst id="2">125754.4178</dst>
      <dst id="6">1145.8844</dst>
      <dst id="16">9947.5467</dst>
      <dst id="14">3795.6711</dst>
      <dst id="20">6557.1022</dst>
      <dst id="11">8248.8800</dst>
      <dst id="9">20399.5200</dst>
      <dst id="17">47151.1556</dst>
      <dst id="21">15636.7556</dst>
      <dst id="15">4601.5467</dst>
    </src>
    <src id="19">
      <dst id="12">14712.3733</dst>
      <dst id="13">204.9333</dst>
      <dst id="23">306.6844</dst>
      <dst id="8">1.7689</dst>
      <dst id="18">56.3467</dst>
      <dst id="4">21166.4889</dst>
      <dst id="1">492.5778</dst>
      <dst id="5">3.0489</dst>
      <dst id="3">1.1200</dst>
      <dst id="22">732.7467</dst>
      <dst id="7">2487.1378</dst>
      <dst id="2">2876.3022</dst>
      <dst id="6">38.1244</dst>
      <dst id="16">6070.0444</dst>
      <dst id="20">18.7200</dst>
      <dst id="11">1359.3867</dst>
      <dst id="9">263.8933</dst>
      <dst id="17">140.7644</dst>
      <dst id="21">175.9378</dst>
      <dst id="15">2.5778</dst>
    </src>
    <src id="23">
      <dst id="12">277.8933</dst>
      <dst id="13">121.4844</dst>
      <dst id="19">56.1778</dst>
      <dst id="8">64.4978</dst>
      <dst id="18">2.6667</dst>
      <dst id="4">19.3067</dst>
      <dst id="1">59.9822</dst>
      <dst id="5">27.3778</dst>
      <dst id="3">153.5289</dst>
      <dst id="22">422.2489</dst>
      <dst id="7">50.6667</dst>
      <dst id="2">4.2933</dst>
      <dst id="6">0.8356</dst>
      <dst id="16">5.8756</dst>
      <dst id="14">12.9778</dst>
      <dst id="20">53.3333</dst>
      <dst id="11">988.8356</dst>
      <dst id="9">756.0089</dst>
      <dst id="17">33.1822</dst>
      <dst id="21">73.5111</dst>
      <dst id="15">0.3378</dst>
    </src>
    <src id="8">
      <dst id="12">340373.3067</dst>
      <dst id="13">724.5244</dst>
      <dst id="19">0.4711</dst>
      <dst id="23">1.6089</dst>
      <dst id="18">32.7289</dst>
      <dst id="4">3228.0800</dst>
      <dst id="1">202.4267</dst>
      <dst id="5">3701.6711</dst>
      <dst id="3">38.7556</dst>
      <dst id="22">1861.6000</dst>
      <dst id="7">807.1378</dst>
      <dst id="2">142389.3333</dst>
      <dst id="16">1096.9867</dst>
      <dst id="20">32.8089</dst>
      <dst id="11">180.3111</dst>
      <dst id="9">459.7867</dst>
      <dst id="17">123235.9378</dst>
      <dst id="21">313.6444</dst>
      <dst id="15">329.1822</dst>
    </src>
    <src id="18">
      <dst id="12">94009.7600</dst>
      <dst id="13">47.5911</dst>
      <dst id="19">36.9067</dst>
      <dst id="23">1.4933</dst>
      <dst id="8">1338.0000</dst>
      <dst id="4">741.5911</dst>
      <dst id="1">1105.3778</dst>
      <dst id="5">291.1200</dst>
      <dst id="3">12.2311</dst>
      <dst id="22">169.7600</dst>
      <dst id="7">4.8089</dst>
      <dst id="2">26928.7822</dst>
      <dst id="16">29.2800</dst>
      <dst id="14">74.6667</dst>
      <dst id="20">32.0889</dst>
      <dst id="11">5.6444</dst>
      <dst id="9">43.4933</dst>
      <dst id="17">39441.8756</dst>
      <dst id="21">293.8667</dst>
      <dst id="15">1.2089</dst>
    </src>
    <src id="4">
      <dst id="12">16408.8000</dst>
      <dst id="19">16191.9289</dst>
      <dst id="8">673.7422</dst>
      <dst id="18">204.0267</dst>
      <dst id="4">1.0578</dst>
      <dst id="1">15697.0756</dst>
      <dst id="5">4821.9556</dst>
      <dst id="3">523.9111</dst>
      <dst id="22">5856.7733</dst>
      <dst id="7">156097.2533</dst>
      <dst id="2">95412.2667</dst>
      <dst id="6">56.9156</dst>
      <dst id="16">2005.6356</dst>
      <dst id="14">1800.6844</dst>
      <dst id="20">488.1067</dst>
      <dst id="11">3636.3911</dst>
      <dst id="9">2531.4400</dst>
      <dst id="17">63356.6400</dst>
      <dst id="21">3577.9289</dst>
      <dst id="15">390.0178</dst>
    </src>
    <src id="1">
      <dst id="12">16570.2311</dst>
      <dst id="13">516.0978</dst>
      <dst id="19">188.9600</dst>
      <dst id="23">32.0356</dst>
      <dst id="8">111786.2844</dst>
      <dst id="18">12476.8000</dst>
      <dst id="4">12924.4089</dst>
      <dst id="1">90299.3422</dst>
      <dst id="5">197823.7600</dst>
      <dst id="3">188.7733</dst>
      <dst id="22">10961.5022</dst>
      <dst id="7">1000.3733</dst>
      <dst id="2">1908.7200</dst>
      <dst id="6">9732.2400</dst>
      <dst id="16">10985.0489</dst>
      <dst id="14">34.6667</dst>
      <dst id="20">100.1689</dst>
      <dst id="11">204.6222</dst>
      <dst id="9">194900.0089</dst>
      <dst id="17">5453.2978</dst>
      <dst id="21">1918.5156</dst>
      <dst id="15">274.9511</dst>
    </src>
    <src id="5">
      <dst id="12">288029.0133</dst>
      <dst id="13">2218.5600</dst>
      <dst id="19">25.2533</dst>
      <dst id="23">53.6889</dst>
      <dst id="8">150.0889</dst>
      <dst id="18">192.3822</dst>
      <dst id="4">5582.9333</dst>
      <dst id="1">321.7067</dst>
      <dst id="3">17.2889</dst>
      <dst id="22">3916.5956</dst>
      <dst id="7">184.9067</dst>
      <dst id="2">123607.8844</dst>
      <dst id="6">16.9333</dst>
      <dst id="16">376.6044</dst>
      <dst id="14">0.9778</dst>
      <dst id="20">377.4667</dst>
      <dst id="11">1735.1200</dst>
      <dst id="9">326.4089</dst>
      <dst id="17">111900.4533</dst>
      <dst id="21">287.6889</dst>
      <dst id="15">230.8533</dst>
    </src>
    <src id="3">
      <dst id="12">16822.9244</dst>
      <dst id="13">1761.3244</dst>
      <dst id="19">911.5467</dst>
      <dst id="23">6305.5200</dst>
      <dst id="8">89.0578</dst>
      <dst id="18">58650.8444</dst>
      <dst id="4">18366.3467</dst>
      <dst id="1">8201.6533</dst>
      <dst id="5">221.9467</dst>
      <dst id="3">13779.4933</dst>
      <dst id="22">1142.4444</dst>
      <dst id="7">1331.6978</dst>
      <dst id="2">4068.4622</dst>
      <dst id="6">5.0044</dst>
      <dst id="16">766.4356</dst>
      <dst id="14">43762.0444</dst>
      <dst id="20">74.1511</dst>
      <dst id="11">130709.5467</dst>
      <dst id="9">884.8000</dst>
      <dst id="17">7030.5689</dst>
      <dst id="21">12219.5200</dst>
      <dst id="15">59.0489</dst>
    </src>
    <src id="10">
      <dst id="12">17529.2089</dst>
      <dst id="19">1104.0889</dst>
      <dst id="8">486.1867</dst>
      <dst id="18">3006.9422</dst>
      <dst id="1">3354.8622</dst>
      <dst id="5">987.4578</dst>
      <dst id="3">1805.2889</dst>
      <dst id="22">7192.9067</dst>
      <dst id="7">6239.3600</dst>
      <dst id="2">20305.1644</dst>
      <dst id="6">62.3111</dst>
      <dst id="16">810.5244</dst>
      <dst id="14">747.1111</dst>
      <dst id="20">1249.3511</dst>
      <dst id="11">5177.2622</dst>
      <dst id="9">1375.8222</dst>
      <dst id="17">9812.7378</dst>
      <dst id="21">5512.4889</dst>
      <dst id="15">637.9022</dst>
    </src>
    <src id="22">
      <dst id="12">6215.4044</dst>
      <dst id="13">3594.4356</dst>
      <dst id="19">133.4489</dst>
      <dst id="23">10.7644</dst>
      <dst id="8">409.5022</dst>
      <dst id="18">1267.8844</dst>
      <dst id="4">18995.6000</dst>
      <dst id="1">1215.6089</dst>
      <dst id="5">8441.5467</dst>
      <dst id="3">228.2044</dst>
      <dst id="7">935.1200</dst>
      <dst id="2">3952.1956</dst>
      <dst id="6">1.9022</dst>
      <dst id="16">13.2089</dst>
      <dst id="14">139.7244</dst>
      <dst id="11">2225.4400</dst>
      <dst id="9">2688.4800</dst>
      <dst id="17">12496.1156</dst>
      <dst id="21">305.1111</dst>
    </src>
    <src id="7">
      <dst id="12">4200.1156</dst>
      <dst id="13">239.7244</dst>
      <dst id="19">38.8444</dst>
      <dst id="23">92.0178</dst>
      <dst id="8">180.5156</dst>
      <dst id="18">76.2044</dst>
      <dst id="4">26216.1511</dst>
      <dst id="1">1797.3244</dst>
      <dst id="5">1134.8356</dst>
      <dst id="3">15369.5822</dst>
      <dst id="22">2537.8311</dst>
      <dst id="7">831.1111</dst>
      <dst id="2">8197.1911</dst>
      <dst id="6">16.6311</dst>
      <dst id="16">1105.6178</dst>
      <dst id="14">1204.3556</dst>
      <dst id="20">743.3333</dst>
      <dst id="11">1925.6178</dst>
      <dst id="9">660.5333</dst>
      <dst id="17">16560.6844</dst>
      <dst id="21">1723.5733</dst>
      <dst id="15">68.8356</dst>
    </src>
    <src id="2">
      <dst id="12">75371.2089</dst>
      <dst id="13">520613.9911</dst>
      <dst id="19">1281.6444</dst>
      <dst id="23">26.6667</dst>
      <dst id="8">729.5556</dst>
      <dst id="18">51498.0000</dst>
      <dst id="4">95382.8178</dst>
      <dst id="1">2718.3111</dst>
      <dst id="5">3115.6089</dst>
      <dst id="3">72.4178</dst>
      <dst id="22">4154.4444</dst>
      <dst id="7">2530.8444</dst>
      <dst id="2">865.2711</dst>
      <dst id="6">7134.0533</dst>
      <dst id="16">3362.9511</dst>
      <dst id="14">707.4844</dst>
      <dst id="20">843.5289</dst>
      <dst id="11">2196.2933</dst>
      <dst id="9">1728.2311</dst>
      <dst id="17">37145.7600</dst>
      <dst id="21">1016.0178</dst>
      <dst id="15">508.3378</dst>
    </src>
    <src id="6">
      <dst id="12">10678.7911</dst>
      <dst id="13">4.6133</dst>
      <dst id="19">1.2000</dst>
      <dst id="18">12.1244</dst>
      <dst id="4">1428.5156</dst>
      <dst id="1">1.1200</dst>
      <dst id="5">1.2622</dst>
      <dst id="22">15.1289</dst>
      <dst id="7">13.7956</dst>
      <dst id="2">2603.8667</dst>
      <dst id="16">4.5867</dst>
      <dst id="20">35.8222</dst>
      <dst id="9">0.3644</dst>
      <dst id="17">1905.8844</dst>
      <dst id="21">3.2267</dst>
    </src>
    <src id="16">
      <dst id="12">3041.4844</dst>
      <dst id="13">573.5556</dst>
      <dst id="19">1940.1778</dst>
      <dst id="23">0.7111</dst>
      <dst id="8">4531.4933</dst>
      <dst id="18">60.4533</dst>
      <dst id="4">4049.5378</dst>
      <dst id="1">18904.9422</dst>
      <dst id="5">3439.0044</dst>
      <dst id="3">1.5822</dst>
      <dst id="7">561.5200</dst>
      <dst id="2">832.8533</dst>
      <dst id="6">95.8844</dst>
      <dst id="16">60.2667</dst>
      <dst id="14">0.7822</dst>
      <dst id="11">299.9378</dst>
      <dst id="9">4233.7067</dst>
      <dst id="17">1030.3556</dst>
      <dst id="21">1979.2800</dst>
    </src>
    <src id="14">
      <dst id="12">21398.3556</dst>
      <dst id="13">44.2222</dst>
      <dst id="19">5.1822</dst>
      <dst id="23">6.9689</dst>
      <dst id="18">1.6711</dst>
      <dst id="4">1698.3111</dst>
      <dst id="1">78.8089</dst>
      <dst id="5">23.9733</dst>
      <dst id="3">35.1378</dst>
      <dst id="22">144.6667</dst>
      <dst id="7">31.2800</dst>
      <dst id="2">6882.8089</dst>
      <dst id="16">0.3556</dst>
      <dst id="20">1.7067</dst>
      <dst id="11">43.0222</dst>
      <dst id="9">114.3111</dst>
      <dst id="17">8080.5067</dst>
      <dst id="21">35.5111</dst>
    </src>
    <src id="20">
      <dst id="12">11004.5867</dst>
      <dst id="13">2343.6000</dst>
      <dst id="19">9.7156</dst>
      <dst id="8">369.7867</dst>
      <dst id="18">586.5156</dst>
      <dst id="4">7989.9111</dst>
      <dst id="1">221.3778</dst>
      <dst id="5">1432.6933</dst>
      <dst id="3">2860.2400</dst>
      <dst id="7">11122.9867</dst>
      <dst id="2">984.5422</dst>
      <dst id="6">25.8489</dst>
      <dst id="14">0.4622</dst>
      <dst id="11">319.4311</dst>
      <dst id="9">1060.5244</dst>
      <dst id="17">1100.2756</dst>
      <dst id="21">142.1689</dst>
    </src>
    <src id="11">
      <dst id="12">445696.8711</dst>
      <dst id="13">4414.9333</dst>
      <dst id="19">53.5556</dst>
      <dst id="23">13.5822</dst>
      <dst id="8">1468.5244</dst>
      <dst id="18">21.4756</dst>
      <dst id="4">10724.1511</dst>
      <dst id="1">308.8622</dst>
      <dst id="5">2184.7111</dst>
      <dst id="3">1137.2444</dst>
      <dst id="22">2134.5067</dst>
      <dst id="7">577.0844</dst>
      <dst id="2">176283.0578</dst>
      <dst id="6">16.2400</dst>
      <dst id="16">2046.6756</dst>
      <dst id="14">31.6444</dst>
      <dst id="20">1421.6267</dst>
      <dst id="11">1488.0267</dst>
      <dst id="9">1617.5822</dst>
      <dst id="17">166050.3200</dst>
      <dst id="21">767.8844</dst>
      <dst id="15">86.4444</dst>
    </src>
    <src id="9">
      <dst id="12">481767.4311</dst>
      <dst id="13">2397.5911</dst>
      <dst id="19">1208.0089</dst>
      <dst id="23">460.7556</dst>
      <dst id="8">311.2978</dst>
      <dst id="18">308.0444</dst>
      <dst id="4">7703.5911</dst>
      <dst id="1">1563.6089</dst>
      <dst id="5">560.0800</dst>
      <dst id="3">12.0178</dst>
      <dst id="22">2775.7067</dst>
      <dst id="7">214.2933</dst>
      <dst id="2">167121.0044</dst>
      <dst id="6">0.8444</dst>
      <dst id="16">613.7778</dst>
      <dst id="14">15.7600</dst>
      <dst id="20">2742.4889</dst>
      <dst id="11">324.5600</dst>
      <dst id="9">252.7200</dst>
      <dst id="17">165370.6933</dst>
      <dst id="21">364.3111</dst>
      <dst id="15">333.1467</dst>
    </src>
    <src id="17">
      <dst id="12">4834.4533</dst>
      <dst id="13">5593.7867</dst>
      <dst id="19">345.9911</dst>
      <dst id="23">81.5378</dst>
      <dst id="8">120042.3289</dst>
      <dst id="18">107.1644</dst>
      <dst id="4">175417.1022</dst>
      <dst id="1">487.9200</dst>
      <dst id="5">183003.1378</dst>
      <dst id="3">4235.7422</dst>
      <dst id="22">13406.0178</dst>
      <dst id="7">1264.2844</dst>
      <dst id="2">23162.7111</dst>
      <dst id="6">17.8667</dst>
      <dst id="16">3568.5422</dst>
      <dst id="14">26112.2756</dst>
      <dst id="20">4343.7422</dst>
      <dst id="11">94173.4578</dst>
      <dst id="9">156456.8800</dst>
      <dst id="17">2273.4667</dst>
      <dst id="21">10210.4622</dst>
      <dst id="15">138.7111</dst>
    </src>
    <src id="21">
      <dst id="12">33887.4311</dst>
      <dst id="13">2548.4178</dst>
      <dst id="19">33.0756</dst>
      <dst id="23">16.3200</dst>
      <dst id="8">71.3689</dst>
      <dst id="18">94.2578</dst>
      <dst id="4">10526.7289</dst>
      <dst id="1">3640.4356</dst>
      <dst id="5">321.5911</dst>
      <dst id="3">536.8444</dst>
      <dst id="22">825.5378</dst>
      <dst id="7">621.0933</dst>
      <dst id="2">13991.0578</dst>
      <dst id="6">2.8800</dst>
      <dst id="16">745.4578</dst>
      <dst id="14">90.0089</dst>
      <dst id="20">298.7111</dst>
      <dst id="11">337.2889</dst>
      <dst id="9">228.5511</dst>
      <dst id="17">7690.8622</dst>
      <dst id="21">527.5111</dst>
      <dst id="15">57.8933</dst>
    </src>
    <src id="15">
      <dst id="12">1000.2044</dst>
      <dst id="13">834.1956</dst>
      <dst id="19">6.3733</dst>
      <dst id="23">0.3556</dst>
      <dst id="8">424.8533</dst>
      <dst id="18">1.5467</dst>
      <dst id="4">3063.6178</dst>
      <dst id="1">698.6222</dst>
      <dst id="5">15.8667</dst>
      <dst id="3">6.8800</dst>
      <dst id="7">4.6844</dst>
      <dst id="2">80.6222</dst>
      <dst id="16">0.4089</dst>
      <dst id="14">1.2356</dst>
      <dst id="11">85.7867</dst>
      <dst id="9">434.1422</dst>
      <dst id="17">179.4756</dst>
      <dst id="21">158.8178</dst>
    </src>
  </IntraTM>
</TrafficMatrixFile>
