<?xml version="1.0" encoding="UTF-8" standalone="yes"?>
<TrafficMatrixFile xmlns:xsi="http://www.w3.org/2001/XMLSchema-instance" xsi:noNamespaceSchemaLocation="http://totem.run.montefiore.ulg.ac.be/Schema/TrafficMatrix-v1_2.xsd">
  <info>
    <title>Intradomain traffic matrix generated by geant-TM-all.pl</title>
    <date>2005-01-02T06:00:00</date>
    <duration>900</duration>
    <author>Steve Uhlig</author>
    <units>
        <unit type="bandwidth" value="kbps"/>
    </units>
  </info>
  <IntraTM ASID="20965">
    <src id="12">
      <dst id="12">257337.2444</dst>
      <dst id="13">31589.7156</dst>
      <dst id="19">8439.3156</dst>
      <dst id="23">112.4267</dst>
      <dst id="8">6001.9733</dst>
      <dst id="18">606.0533</dst>
      <dst id="4">133715.0756</dst>
      <dst id="1">10052.0622</dst>
      <dst id="5">7683.8933</dst>
      <dst id="3">1905.8844</dst>
      <dst id="22">27987.4133</dst>
      <dst id="7">4691.2978</dst>
      <dst id="2">101484.1067</dst>
      <dst id="6">3.3600</dst>
      <dst id="16">5207.3422</dst>
      <dst id="14">236.3200</dst>
      <dst id="20">25084.8889</dst>
      <dst id="11">3853.1200</dst>
      <dst id="9">15578.4444</dst>
      <dst id="17">74511.2267</dst>
      <dst id="21">11840.0089</dst>
      <dst id="15">5732.5333</dst>
    </src>
    <src id="13">
      <dst id="12">161612.1333</dst>
      <dst id="19">14032.6844</dst>
      <dst id="23">135.3333</dst>
      <dst id="8">3977.6889</dst>
      <dst id="18">8105.6089</dst>
      <dst id="4">13.3333</dst>
      <dst id="1">8720.0711</dst>
      <dst id="5">7109.3422</dst>
      <dst id="3">7396.4444</dst>
      <dst id="22">22874.9422</dst>
      <dst id="7">8259.9289</dst>
      <dst id="2">123703.8133</dst>
      <dst id="6">83.5200</dst>
      <dst id="16">9458.2400</dst>
      <dst id="14">1577.7422</dst>
      <dst id="20">32037.5289</dst>
      <dst id="11">28781.8311</dst>
      <dst id="9">29056.1422</dst>
      <dst id="17">244310.7556</dst>
      <dst id="21">21801.4667</dst>
      <dst id="15">4052.8444</dst>
    </src>
    <src id="19">
      <dst id="12">13382.4444</dst>
      <dst id="13">4880.9600</dst>
      <dst id="23">0.7822</dst>
      <dst id="8">36.8000</dst>
      <dst id="18">2.6044</dst>
      <dst id="4">27400.1156</dst>
      <dst id="1">660.9867</dst>
      <dst id="5">61.8667</dst>
      <dst id="3">5.6889</dst>
      <dst id="22">1125.4311</dst>
      <dst id="7">3525.1378</dst>
      <dst id="2">1555.3778</dst>
      <dst id="6">153.7956</dst>
      <dst id="16">6576.8267</dst>
      <dst id="14">0.4356</dst>
      <dst id="20">57.9467</dst>
      <dst id="11">40.5867</dst>
      <dst id="9">481.2800</dst>
      <dst id="17">4416.9867</dst>
      <dst id="21">969.5111</dst>
      <dst id="15">1.9200</dst>
    </src>
    <src id="23">
      <dst id="12">270.0000</dst>
      <dst id="13">343.7689</dst>
      <dst id="19">27.1289</dst>
      <dst id="8">102.6311</dst>
      <dst id="18">40.5422</dst>
      <dst id="4">795.7689</dst>
      <dst id="1">79.2889</dst>
      <dst id="5">55.2178</dst>
      <dst id="3">27.1644</dst>
      <dst id="22">645.3867</dst>
      <dst id="7">147.6267</dst>
      <dst id="2">86.3378</dst>
      <dst id="6">0.8622</dst>
      <dst id="16">2.7644</dst>
      <dst id="20">1654.4356</dst>
      <dst id="11">98.5600</dst>
      <dst id="9">1142.6133</dst>
      <dst id="17">126.0178</dst>
      <dst id="21">190.9600</dst>
    </src>
    <src id="8">
      <dst id="12">296812.3911</dst>
      <dst id="13">321.6978</dst>
      <dst id="19">164.0089</dst>
      <dst id="23">38.9333</dst>
      <dst id="18">151.8933</dst>
      <dst id="4">7291.9111</dst>
      <dst id="1">549.7867</dst>
      <dst id="5">3524.2844</dst>
      <dst id="3">42.1511</dst>
      <dst id="22">5675.7333</dst>
      <dst id="7">85.6089</dst>
      <dst id="2">130092.8622</dst>
      <dst id="16">981.5378</dst>
      <dst id="14">1.3867</dst>
      <dst id="20">1406.8622</dst>
      <dst id="11">2232.8978</dst>
      <dst id="9">4604.1600</dst>
      <dst id="17">108330.7289</dst>
      <dst id="21">253.3333</dst>
      <dst id="15">381.0578</dst>
    </src>
    <src id="18">
      <dst id="12">102370.8622</dst>
      <dst id="13">336.4089</dst>
      <dst id="19">22.2933</dst>
      <dst id="23">1.4222</dst>
      <dst id="8">833.6356</dst>
      <dst id="4">4410.2578</dst>
      <dst id="1">876.7111</dst>
      <dst id="5">552.2311</dst>
      <dst id="3">48.8978</dst>
      <dst id="22">768.0533</dst>
      <dst id="7">65.4489</dst>
      <dst id="2">39552.6756</dst>
      <dst id="16">28.2489</dst>
      <dst id="14">1.0489</dst>
      <dst id="20">8.5600</dst>
      <dst id="11">1032.7911</dst>
      <dst id="9">104.2667</dst>
      <dst id="17">45788.6311</dst>
      <dst id="21">1384.3022</dst>
      <dst id="15">49.3422</dst>
    </src>
    <src id="4">
      <dst id="12">19428.9333</dst>
      <dst id="19">5740.4267</dst>
      <dst id="23">124.4089</dst>
      <dst id="8">1793.1822</dst>
      <dst id="18">1985.1556</dst>
      <dst id="4">1.4756</dst>
      <dst id="1">14227.5111</dst>
      <dst id="5">2079.6089</dst>
      <dst id="3">56.7644</dst>
      <dst id="22">5391.4756</dst>
      <dst id="7">39669.0844</dst>
      <dst id="2">48704.9511</dst>
      <dst id="16">2509.1111</dst>
      <dst id="14">1588.9867</dst>
      <dst id="20">3630.9600</dst>
      <dst id="11">4958.3556</dst>
      <dst id="9">2996.5956</dst>
      <dst id="17">21631.2089</dst>
      <dst id="21">7450.9778</dst>
      <dst id="15">3019.6978</dst>
    </src>
    <src id="1">
      <dst id="12">15026.4089</dst>
      <dst id="13">915.8133</dst>
      <dst id="19">90.8889</dst>
      <dst id="23">73.5467</dst>
      <dst id="8">169900.7556</dst>
      <dst id="18">12594.4622</dst>
      <dst id="4">19809.8400</dst>
      <dst id="1">29185.9022</dst>
      <dst id="5">244369.5822</dst>
      <dst id="3">61.6622</dst>
      <dst id="22">6830.8089</dst>
      <dst id="7">2075.8222</dst>
      <dst id="2">10367.7244</dst>
      <dst id="6">8392.7111</dst>
      <dst id="16">8640.1333</dst>
      <dst id="14">588.0800</dst>
      <dst id="20">219.2444</dst>
      <dst id="11">603.0222</dst>
      <dst id="9">228771.1556</dst>
      <dst id="17">6386.0622</dst>
      <dst id="21">3247.2800</dst>
      <dst id="15">1082.7111</dst>
    </src>
    <src id="5">
      <dst id="12">345720.0000</dst>
      <dst id="13">1616.5333</dst>
      <dst id="19">109.0044</dst>
      <dst id="23">93.6889</dst>
      <dst id="8">1028.7289</dst>
      <dst id="18">220.8978</dst>
      <dst id="4">8343.2267</dst>
      <dst id="1">1039.0222</dst>
      <dst id="3">350.3289</dst>
      <dst id="22">4432.5778</dst>
      <dst id="7">93.6267</dst>
      <dst id="2">162884.2756</dst>
      <dst id="6">13.1556</dst>
      <dst id="16">943.0400</dst>
      <dst id="14">23.7156</dst>
      <dst id="20">6452.1778</dst>
      <dst id="11">1317.8667</dst>
      <dst id="9">1662.7644</dst>
      <dst id="17">122730.3111</dst>
      <dst id="21">746.4444</dst>
      <dst id="15">107.4578</dst>
    </src>
    <src id="3">
      <dst id="12">9810.1422</dst>
      <dst id="13">362.8533</dst>
      <dst id="19">888.1689</dst>
      <dst id="23">21.8578</dst>
      <dst id="8">150.9600</dst>
      <dst id="18">101497.7422</dst>
      <dst id="4">35835.6089</dst>
      <dst id="1">28049.6711</dst>
      <dst id="5">607.5378</dst>
      <dst id="3">13359.4400</dst>
      <dst id="22">984.7822</dst>
      <dst id="7">1226.5333</dst>
      <dst id="2">6458.3556</dst>
      <dst id="6">13.6800</dst>
      <dst id="16">1014.4267</dst>
      <dst id="14">46909.7422</dst>
      <dst id="20">931.7511</dst>
      <dst id="11">165647.0400</dst>
      <dst id="9">700.3822</dst>
      <dst id="17">8205.3956</dst>
      <dst id="21">6478.4622</dst>
      <dst id="15">85.7956</dst>
    </src>
    <src id="10">
      <dst id="12">10064.7911</dst>
      <dst id="19">769.9200</dst>
      <dst id="23">27.7422</dst>
      <dst id="8">719.6622</dst>
      <dst id="18">2923.0133</dst>
      <dst id="4">0.3556</dst>
      <dst id="1">2132.7378</dst>
      <dst id="5">1957.0756</dst>
      <dst id="3">13307.2444</dst>
      <dst id="22">5188.3822</dst>
      <dst id="7">26197.2800</dst>
      <dst id="2">28855.2711</dst>
      <dst id="6">40.7289</dst>
      <dst id="16">1659.7156</dst>
      <dst id="14">1699.7156</dst>
      <dst id="20">1661.3956</dst>
      <dst id="11">2724.4444</dst>
      <dst id="9">4316.6489</dst>
      <dst id="17">12481.7422</dst>
      <dst id="21">24604.4356</dst>
      <dst id="15">4245.3778</dst>
    </src>
    <src id="22">
      <dst id="12">8357.5111</dst>
      <dst id="13">2992.0000</dst>
      <dst id="19">75.2978</dst>
      <dst id="23">20.8622</dst>
      <dst id="8">1205.1022</dst>
      <dst id="18">2063.4133</dst>
      <dst id="4">17449.7600</dst>
      <dst id="1">267.5556</dst>
      <dst id="5">5672.3378</dst>
      <dst id="3">287.8489</dst>
      <dst id="7">1015.2356</dst>
      <dst id="2">4609.2089</dst>
      <dst id="6">15.9378</dst>
      <dst id="16">14.9333</dst>
      <dst id="14">51.1911</dst>
      <dst id="11">3312.0444</dst>
      <dst id="9">2383.6089</dst>
      <dst id="17">13685.9200</dst>
      <dst id="21">2055.7156</dst>
    </src>
    <src id="7">
      <dst id="12">5869.6622</dst>
      <dst id="13">321.6622</dst>
      <dst id="19">733.5911</dst>
      <dst id="23">157.5644</dst>
      <dst id="8">466.3644</dst>
      <dst id="18">858.0800</dst>
      <dst id="4">55371.4756</dst>
      <dst id="1">1798.1867</dst>
      <dst id="5">1480.3289</dst>
      <dst id="3">126.5333</dst>
      <dst id="22">3280.2489</dst>
      <dst id="7">757.0844</dst>
      <dst id="2">8700.1511</dst>
      <dst id="6">16.1778</dst>
      <dst id="16">809.1467</dst>
      <dst id="14">224.4622</dst>
      <dst id="20">1586.4533</dst>
      <dst id="11">2293.6178</dst>
      <dst id="9">1745.4044</dst>
      <dst id="17">8552.1511</dst>
      <dst id="21">11916.2489</dst>
      <dst id="15">510.7111</dst>
    </src>
    <src id="2">
      <dst id="12">118354.5067</dst>
      <dst id="13">14278.7911</dst>
      <dst id="19">9162.5511</dst>
      <dst id="23">65.3689</dst>
      <dst id="8">1657.8311</dst>
      <dst id="18">92362.3733</dst>
      <dst id="4">116812.8533</dst>
      <dst id="1">4910.4000</dst>
      <dst id="5">2075.7244</dst>
      <dst id="3">89.2000</dst>
      <dst id="22">2173.5022</dst>
      <dst id="7">4829.9200</dst>
      <dst id="2">1412.8711</dst>
      <dst id="6">6853.5200</dst>
      <dst id="16">3931.1200</dst>
      <dst id="14">1035.6533</dst>
      <dst id="20">1574.5600</dst>
      <dst id="11">3578.3911</dst>
      <dst id="9">1532.0000</dst>
      <dst id="17">42628.5244</dst>
      <dst id="21">5596.9156</dst>
      <dst id="15">191.0222</dst>
    </src>
    <src id="6">
      <dst id="12">9459.2178</dst>
      <dst id="13">30.8444</dst>
      <dst id="19">3.7067</dst>
      <dst id="23">0.4978</dst>
      <dst id="8">11.4667</dst>
      <dst id="18">11.8222</dst>
      <dst id="4">43.2178</dst>
      <dst id="1">55.8756</dst>
      <dst id="5">25.4756</dst>
      <dst id="3">0.3556</dst>
      <dst id="22">0.7467</dst>
      <dst id="7">1.0311</dst>
      <dst id="2">2347.0133</dst>
      <dst id="16">13.6178</dst>
      <dst id="11">0.3556</dst>
      <dst id="9">9.9644</dst>
      <dst id="17">1640.1422</dst>
      <dst id="21">0.4178</dst>
    </src>
    <src id="16">
      <dst id="12">6579.2000</dst>
      <dst id="13">646.3467</dst>
      <dst id="19">3204.6578</dst>
      <dst id="23">0.4622</dst>
      <dst id="8">5660.8533</dst>
      <dst id="18">3.0133</dst>
      <dst id="4">6662.8889</dst>
      <dst id="1">13083.0756</dst>
      <dst id="5">5997.7422</dst>
      <dst id="3">0.3556</dst>
      <dst id="7">3589.1289</dst>
      <dst id="2">1509.9289</dst>
      <dst id="6">1.3067</dst>
      <dst id="16">67.5022</dst>
      <dst id="14">372.6222</dst>
      <dst id="11">229.3244</dst>
      <dst id="9">6726.6578</dst>
      <dst id="17">1939.5378</dst>
      <dst id="21">523.1111</dst>
    </src>
    <src id="14">
      <dst id="12">17522.0089</dst>
      <dst id="13">148.2756</dst>
      <dst id="19">4.4711</dst>
      <dst id="18">10.8800</dst>
      <dst id="4">5926.9422</dst>
      <dst id="1">45.5378</dst>
      <dst id="5">249.8311</dst>
      <dst id="3">73.0578</dst>
      <dst id="22">4.6222</dst>
      <dst id="7">30.6489</dst>
      <dst id="2">9034.4089</dst>
      <dst id="16">37.7600</dst>
      <dst id="20">1.0667</dst>
      <dst id="11">23.1556</dst>
      <dst id="9">20.3022</dst>
      <dst id="17">9847.3156</dst>
      <dst id="21">62.2756</dst>
    </src>
    <src id="20">
      <dst id="12">20233.5733</dst>
      <dst id="13">11412.3022</dst>
      <dst id="19">122.7467</dst>
      <dst id="23">161.6267</dst>
      <dst id="8">339.7333</dst>
      <dst id="18">65.2622</dst>
      <dst id="4">12975.8311</dst>
      <dst id="1">260.0178</dst>
      <dst id="5">11834.6044</dst>
      <dst id="3">9779.6356</dst>
      <dst id="7">95.4667</dst>
      <dst id="2">2385.0311</dst>
      <dst id="11">3642.1600</dst>
      <dst id="9">39995.7600</dst>
      <dst id="17">3972.0356</dst>
      <dst id="21">1127.1556</dst>
    </src>
    <src id="11">
      <dst id="12">439610.9333</dst>
      <dst id="13">2451.6178</dst>
      <dst id="19">197.7067</dst>
      <dst id="23">4.5511</dst>
      <dst id="8">2378.7022</dst>
      <dst id="18">645.9822</dst>
      <dst id="4">17027.4222</dst>
      <dst id="1">1248.0622</dst>
      <dst id="5">1300.7822</dst>
      <dst id="3">150.2311</dst>
      <dst id="22">2113.8844</dst>
      <dst id="7">139.9111</dst>
      <dst id="2">173208.0356</dst>
      <dst id="6">91.7956</dst>
      <dst id="16">427.4489</dst>
      <dst id="14">49.6622</dst>
      <dst id="20">2292.7289</dst>
      <dst id="11">1928.2222</dst>
      <dst id="9">1221.4044</dst>
      <dst id="17">156770.9689</dst>
      <dst id="21">1286.5244</dst>
      <dst id="15">415.6711</dst>
    </src>
    <src id="9">
      <dst id="12">518451.2000</dst>
      <dst id="13">21309.6000</dst>
      <dst id="19">801.2267</dst>
      <dst id="23">43.4489</dst>
      <dst id="8">1030.9156</dst>
      <dst id="18">617.8222</dst>
      <dst id="4">18919.8578</dst>
      <dst id="1">677.7600</dst>
      <dst id="5">9176.0089</dst>
      <dst id="3">111.5111</dst>
      <dst id="22">3047.7689</dst>
      <dst id="7">76.3556</dst>
      <dst id="2">174045.9289</dst>
      <dst id="6">4.1689</dst>
      <dst id="16">757.9200</dst>
      <dst id="14">4.5689</dst>
      <dst id="20">22795.4844</dst>
      <dst id="11">3969.8667</dst>
      <dst id="9">583.4756</dst>
      <dst id="17">197779.6800</dst>
      <dst id="21">532.8622</dst>
      <dst id="15">654.0089</dst>
    </src>
    <src id="17">
      <dst id="12">7860.4000</dst>
      <dst id="13">10191.9644</dst>
      <dst id="19">424.2133</dst>
      <dst id="23">225.0844</dst>
      <dst id="8">160860.5333</dst>
      <dst id="18">12002.5867</dst>
      <dst id="4">164846.8089</dst>
      <dst id="1">3711.6178</dst>
      <dst id="5">263157.2089</dst>
      <dst id="3">10713.5822</dst>
      <dst id="22">8947.0578</dst>
      <dst id="7">8232.8089</dst>
      <dst id="2">20639.0489</dst>
      <dst id="6">83.0578</dst>
      <dst id="16">3089.5111</dst>
      <dst id="14">40360.2933</dst>
      <dst id="20">7478.0267</dst>
      <dst id="11">125969.4222</dst>
      <dst id="9">226025.6978</dst>
      <dst id="17">1680.1689</dst>
      <dst id="21">14930.9956</dst>
      <dst id="15">768.1778</dst>
    </src>
    <src id="21">
      <dst id="12">18452.3733</dst>
      <dst id="13">839.8667</dst>
      <dst id="19">139.0489</dst>
      <dst id="23">5.2178</dst>
      <dst id="8">445.6711</dst>
      <dst id="18">1004.0889</dst>
      <dst id="4">36878.6311</dst>
      <dst id="1">1241.8844</dst>
      <dst id="5">1398.0889</dst>
      <dst id="3">828.3556</dst>
      <dst id="22">5131.5200</dst>
      <dst id="7">2748.3111</dst>
      <dst id="2">10680.5867</dst>
      <dst id="6">1.6356</dst>
      <dst id="16">219.5467</dst>
      <dst id="14">49.5467</dst>
      <dst id="20">154.4889</dst>
      <dst id="11">853.4844</dst>
      <dst id="9">645.0844</dst>
      <dst id="17">13851.8222</dst>
      <dst id="21">2164.0622</dst>
      <dst id="15">36.6311</dst>
    </src>
    <src id="15">
      <dst id="12">2029.5467</dst>
      <dst id="13">464.0711</dst>
      <dst id="19">16.3556</dst>
      <dst id="23">1.2089</dst>
      <dst id="8">32.1778</dst>
      <dst id="18">75.7778</dst>
      <dst id="4">11031.7867</dst>
      <dst id="1">582.1689</dst>
      <dst id="5">278.0356</dst>
      <dst id="3">14.2311</dst>
      <dst id="7">55.9911</dst>
      <dst id="2">227.9733</dst>
      <dst id="14">12.6222</dst>
      <dst id="11">69.7244</dst>
      <dst id="9">291.4222</dst>
      <dst id="17">202.2222</dst>
      <dst id="21">123.2800</dst>
    </src>
  </IntraTM>
</TrafficMatrixFile>
