<?xml version="1.0" encoding="UTF-8" standalone="yes"?>
<TrafficMatrixFile xmlns:xsi="http://www.w3.org/2001/XMLSchema-instance" xsi:noNamespaceSchemaLocation="http://totem.run.montefiore.ulg.ac.be/Schema/TrafficMatrix-v1_2.xsd">
  <info>
    <title>Intradomain traffic matrix generated by geant-TM-all.pl</title>
    <date>2005-01-02T00:00:00</date>
    <duration>900</duration>
    <author>Steve Uhlig</author>
    <units>
        <unit type="bandwidth" value="kbps"/>
    </units>
  </info>
  <IntraTM ASID="20965">
    <src id="12">
      <dst id="12">343182.5689</dst>
      <dst id="13">26438.1778</dst>
      <dst id="19">5392.1244</dst>
      <dst id="23">2204.6667</dst>
      <dst id="8">2585.8844</dst>
      <dst id="18">3108.1600</dst>
      <dst id="4">114922.1244</dst>
      <dst id="1">12005.7956</dst>
      <dst id="5">22852.8267</dst>
      <dst id="3">14144.5778</dst>
      <dst id="22">56893.9289</dst>
      <dst id="7">11613.5822</dst>
      <dst id="2">102283.5556</dst>
      <dst id="6">58.0533</dst>
      <dst id="16">5147.7600</dst>
      <dst id="14">1381.0578</dst>
      <dst id="20">11070.7289</dst>
      <dst id="11">9380.8800</dst>
      <dst id="9">24302.0444</dst>
      <dst id="17">95396.5956</dst>
      <dst id="21">31860.1067</dst>
      <dst id="15">14775.5200</dst>
    </src>
    <src id="13">
      <dst id="12">84485.6889</dst>
      <dst id="19">8430.9867</dst>
      <dst id="23">2124.5511</dst>
      <dst id="8">15061.2089</dst>
      <dst id="18">11219.4578</dst>
      <dst id="1">3932.7378</dst>
      <dst id="5">19665.2533</dst>
      <dst id="3">31818.2756</dst>
      <dst id="22">26752.5600</dst>
      <dst id="7">13636.7289</dst>
      <dst id="2">143515.9022</dst>
      <dst id="6">192.4533</dst>
      <dst id="16">7441.2800</dst>
      <dst id="14">3406.9156</dst>
      <dst id="20">20030.5067</dst>
      <dst id="11">21936.5511</dst>
      <dst id="9">16429.1289</dst>
      <dst id="17">64210.2044</dst>
      <dst id="21">32050.1333</dst>
      <dst id="15">7847.5733</dst>
    </src>
    <src id="19">
      <dst id="12">19436.6044</dst>
      <dst id="13">5168.4178</dst>
      <dst id="23">260.4000</dst>
      <dst id="8">123.4133</dst>
      <dst id="18">3454.3200</dst>
      <dst id="4">21288.0711</dst>
      <dst id="1">149.8933</dst>
      <dst id="5">46.7022</dst>
      <dst id="3">1571.2800</dst>
      <dst id="22">1848.0711</dst>
      <dst id="7">4485.3156</dst>
      <dst id="2">1626.1689</dst>
      <dst id="6">195.7333</dst>
      <dst id="16">12408.9511</dst>
      <dst id="14">1.1733</dst>
      <dst id="20">2382.6844</dst>
      <dst id="11">124.5511</dst>
      <dst id="9">4605.3333</dst>
      <dst id="17">550.8000</dst>
      <dst id="21">972.1333</dst>
      <dst id="15">40.7556</dst>
    </src>
    <src id="23">
      <dst id="12">723.1289</dst>
      <dst id="13">330.3467</dst>
      <dst id="19">89.0578</dst>
      <dst id="8">60.8000</dst>
      <dst id="18">83.6089</dst>
      <dst id="4">76.0711</dst>
      <dst id="1">59.5378</dst>
      <dst id="5">52.7289</dst>
      <dst id="3">2418.8533</dst>
      <dst id="22">313.0756</dst>
      <dst id="7">635.0844</dst>
      <dst id="2">109.7689</dst>
      <dst id="6">6.2933</dst>
      <dst id="16">75.3956</dst>
      <dst id="14">62.4889</dst>
      <dst id="20">560.9244</dst>
      <dst id="11">715.2889</dst>
      <dst id="9">1007.5022</dst>
      <dst id="17">451.7422</dst>
      <dst id="21">764.2489</dst>
      <dst id="15">187.3422</dst>
    </src>
    <src id="8">
      <dst id="12">415778.7467</dst>
      <dst id="13">1936.3200</dst>
      <dst id="19">42.1422</dst>
      <dst id="23">604.1778</dst>
      <dst id="18">856.7467</dst>
      <dst id="4">9759.2000</dst>
      <dst id="1">45.5378</dst>
      <dst id="5">7199.3600</dst>
      <dst id="3">1181.3600</dst>
      <dst id="22">1925.2444</dst>
      <dst id="7">37.3156</dst>
      <dst id="2">169406.9333</dst>
      <dst id="6">89.9556</dst>
      <dst id="16">1923.7600</dst>
      <dst id="14">19.9733</dst>
      <dst id="20">2969.9378</dst>
      <dst id="11">1241.8311</dst>
      <dst id="9">970.7467</dst>
      <dst id="17">90566.7911</dst>
      <dst id="21">1639.1644</dst>
      <dst id="15">867.5289</dst>
    </src>
    <src id="18">
      <dst id="12">153750.0178</dst>
      <dst id="13">505.8222</dst>
      <dst id="19">531.0756</dst>
      <dst id="23">2.2756</dst>
      <dst id="8">772.4000</dst>
      <dst id="4">2194.1778</dst>
      <dst id="1">818.9244</dst>
      <dst id="5">701.8222</dst>
      <dst id="3">103.3600</dst>
      <dst id="22">599.6533</dst>
      <dst id="7">283.7511</dst>
      <dst id="2">53604.1333</dst>
      <dst id="16">101.7244</dst>
      <dst id="14">1.7422</dst>
      <dst id="20">24.0356</dst>
      <dst id="11">1421.7422</dst>
      <dst id="9">239.1911</dst>
      <dst id="17">36113.9378</dst>
      <dst id="21">1137.4756</dst>
      <dst id="15">2.1333</dst>
    </src>
    <src id="4">
      <dst id="12">22176.6844</dst>
      <dst id="19">6519.8578</dst>
      <dst id="8">4869.6889</dst>
      <dst id="18">2042.1244</dst>
      <dst id="4">1.0667</dst>
      <dst id="1">1565.5644</dst>
      <dst id="5">2452.8711</dst>
      <dst id="3">133454.8000</dst>
      <dst id="22">7151.8844</dst>
      <dst id="7">38183.3422</dst>
      <dst id="2">78154.4267</dst>
      <dst id="6">17.7422</dst>
      <dst id="16">4157.9467</dst>
      <dst id="14">3650.1333</dst>
      <dst id="20">7269.0578</dst>
      <dst id="11">8735.6800</dst>
      <dst id="9">5019.1644</dst>
      <dst id="17">88623.6089</dst>
      <dst id="21">17036.6311</dst>
      <dst id="15">1074.4533</dst>
    </src>
    <src id="1">
      <dst id="12">19200.7733</dst>
      <dst id="13">1466.8800</dst>
      <dst id="19">92.5511</dst>
      <dst id="23">175.6533</dst>
      <dst id="8">230766.5867</dst>
      <dst id="18">15462.6222</dst>
      <dst id="4">15746.4178</dst>
      <dst id="1">69.3867</dst>
      <dst id="5">304924.7822</dst>
      <dst id="3">57199.0133</dst>
      <dst id="22">10526.3467</dst>
      <dst id="7">32907.4933</dst>
      <dst id="2">18491.9822</dst>
      <dst id="6">8743.5467</dst>
      <dst id="16">12152.3467</dst>
      <dst id="14">1029.5111</dst>
      <dst id="20">443.4222</dst>
      <dst id="11">1585.8044</dst>
      <dst id="9">347449.6356</dst>
      <dst id="17">6006.7556</dst>
      <dst id="21">6143.3511</dst>
      <dst id="15">2072.0178</dst>
    </src>
    <src id="5">
      <dst id="12">393620.5422</dst>
      <dst id="13">8541.0844</dst>
      <dst id="19">276.2578</dst>
      <dst id="23">94.3289</dst>
      <dst id="8">12932.3022</dst>
      <dst id="18">755.0844</dst>
      <dst id="4">9074.4000</dst>
      <dst id="1">406.8267</dst>
      <dst id="3">1946.4178</dst>
      <dst id="22">4709.2267</dst>
      <dst id="7">291.4400</dst>
      <dst id="2">155355.7067</dst>
      <dst id="6">17.5111</dst>
      <dst id="16">880.7200</dst>
      <dst id="14">669.8222</dst>
      <dst id="20">2953.2267</dst>
      <dst id="11">2745.5378</dst>
      <dst id="9">6839.2356</dst>
      <dst id="17">86491.4222</dst>
      <dst id="21">1605.0578</dst>
      <dst id="15">2654.1956</dst>
    </src>
    <src id="3">
      <dst id="12">17860.1333</dst>
      <dst id="13">958.5422</dst>
      <dst id="19">1915.6444</dst>
      <dst id="23">174.0889</dst>
      <dst id="8">217.8756</dst>
      <dst id="18">224086.0267</dst>
      <dst id="4">63662.4622</dst>
      <dst id="1">11923.3778</dst>
      <dst id="5">2599.6089</dst>
      <dst id="3">21354.4889</dst>
      <dst id="22">4443.1911</dst>
      <dst id="7">3663.4222</dst>
      <dst id="2">10840.3644</dst>
      <dst id="6">23.6356</dst>
      <dst id="16">2473.6267</dst>
      <dst id="14">61276.6578</dst>
      <dst id="20">2844.0711</dst>
      <dst id="11">239208.7644</dst>
      <dst id="9">486.1333</dst>
      <dst id="17">13255.6444</dst>
      <dst id="21">13866.8978</dst>
      <dst id="15">123.9556</dst>
    </src>
    <src id="10">
      <dst id="12">18171.6622</dst>
      <dst id="19">2110.7733</dst>
      <dst id="8">1529.5111</dst>
      <dst id="18">8094.4800</dst>
      <dst id="1">1263.2889</dst>
      <dst id="5">3225.4844</dst>
      <dst id="3">27380.4089</dst>
      <dst id="22">9713.2711</dst>
      <dst id="7">11171.7956</dst>
      <dst id="2">52039.8133</dst>
      <dst id="6">16.6489</dst>
      <dst id="16">1141.7511</dst>
      <dst id="14">1301.2978</dst>
      <dst id="20">4925.6978</dst>
      <dst id="11">7741.3511</dst>
      <dst id="9">5715.3689</dst>
      <dst id="17">16108.5156</dst>
      <dst id="21">20923.7600</dst>
      <dst id="15">2185.3778</dst>
    </src>
    <src id="22">
      <dst id="12">23333.2889</dst>
      <dst id="13">3980.9867</dst>
      <dst id="19">90.5511</dst>
      <dst id="23">335.7600</dst>
      <dst id="8">2494.4356</dst>
      <dst id="18">627.8311</dst>
      <dst id="4">20704.1422</dst>
      <dst id="1">510.8267</dst>
      <dst id="5">4553.1911</dst>
      <dst id="3">1621.6000</dst>
      <dst id="7">1097.2444</dst>
      <dst id="2">3011.2356</dst>
      <dst id="6">15.4222</dst>
      <dst id="16">10.5333</dst>
      <dst id="14">69.8311</dst>
      <dst id="11">5509.6800</dst>
      <dst id="9">2905.8756</dst>
      <dst id="17">4510.2756</dst>
      <dst id="21">5552.3022</dst>
    </src>
    <src id="7">
      <dst id="12">11457.8756</dst>
      <dst id="13">5011.5378</dst>
      <dst id="19">479.3778</dst>
      <dst id="23">882.1244</dst>
      <dst id="8">616.5067</dst>
      <dst id="18">1184.8978</dst>
      <dst id="4">33843.4667</dst>
      <dst id="1">15222.6133</dst>
      <dst id="5">1586.6667</dst>
      <dst id="3">15656.0800</dst>
      <dst id="22">7840.2400</dst>
      <dst id="7">694.6489</dst>
      <dst id="2">14536.9778</dst>
      <dst id="6">121.9200</dst>
      <dst id="16">1108.0444</dst>
      <dst id="14">215.9022</dst>
      <dst id="20">723.2622</dst>
      <dst id="11">3364.0533</dst>
      <dst id="9">2493.7422</dst>
      <dst id="17">4263.8489</dst>
      <dst id="21">9996.5422</dst>
      <dst id="15">509.2711</dst>
    </src>
    <src id="2">
      <dst id="12">166727.6533</dst>
      <dst id="13">5485.1022</dst>
      <dst id="19">4396.7556</dst>
      <dst id="23">5.7511</dst>
      <dst id="8">1393.9289</dst>
      <dst id="18">169501.9644</dst>
      <dst id="4">123621.4311</dst>
      <dst id="1">2716.1511</dst>
      <dst id="5">841.5111</dst>
      <dst id="3">6650.8444</dst>
      <dst id="22">2149.9733</dst>
      <dst id="7">5381.1644</dst>
      <dst id="2">2085.6711</dst>
      <dst id="6">6521.4667</dst>
      <dst id="16">2663.5022</dst>
      <dst id="14">511.6267</dst>
      <dst id="20">2729.3067</dst>
      <dst id="11">10162.3289</dst>
      <dst id="9">12568.7467</dst>
      <dst id="17">18805.2089</dst>
      <dst id="21">15789.3867</dst>
      <dst id="15">111.2533</dst>
    </src>
    <src id="6">
      <dst id="12">10833.9467</dst>
      <dst id="13">1.3689</dst>
      <dst id="19">9.2800</dst>
      <dst id="23">8.0267</dst>
      <dst id="8">2.4889</dst>
      <dst id="18">60.9244</dst>
      <dst id="4">29.0756</dst>
      <dst id="1">5.4489</dst>
      <dst id="5">12.5333</dst>
      <dst id="3">113.2000</dst>
      <dst id="22">30.2756</dst>
      <dst id="7">141.9822</dst>
      <dst id="2">2107.5733</dst>
      <dst id="16">1.7867</dst>
      <dst id="11">43.1200</dst>
      <dst id="9">33.8133</dst>
      <dst id="17">1271.9289</dst>
      <dst id="21">28.1778</dst>
    </src>
    <src id="16">
      <dst id="12">2995.6800</dst>
      <dst id="13">462.6133</dst>
      <dst id="19">4015.7511</dst>
      <dst id="23">485.2711</dst>
      <dst id="8">7184.4800</dst>
      <dst id="18">142.5244</dst>
      <dst id="4">5454.4978</dst>
      <dst id="1">16424.5600</dst>
      <dst id="5">6397.6178</dst>
      <dst id="3">3836.8267</dst>
      <dst id="7">2107.2444</dst>
      <dst id="2">1920.2578</dst>
      <dst id="16">47.4222</dst>
      <dst id="14">391.3067</dst>
      <dst id="11">119.6622</dst>
      <dst id="9">8678.1067</dst>
      <dst id="17">2241.1022</dst>
      <dst id="21">2292.3822</dst>
    </src>
    <src id="14">
      <dst id="12">33809.6622</dst>
      <dst id="13">83.4756</dst>
      <dst id="19">6.3111</dst>
      <dst id="23">19.9289</dst>
      <dst id="8">578.1067</dst>
      <dst id="4">4365.1733</dst>
      <dst id="1">112.8178</dst>
      <dst id="5">11.5822</dst>
      <dst id="3">150.8089</dst>
      <dst id="22">151.7422</dst>
      <dst id="7">155.6178</dst>
      <dst id="2">6573.7422</dst>
      <dst id="16">126.2756</dst>
      <dst id="20">71.8489</dst>
      <dst id="11">73.1022</dst>
      <dst id="9">95.3600</dst>
      <dst id="17">8012.4089</dst>
      <dst id="21">566.0267</dst>
    </src>
    <src id="20">
      <dst id="12">11736.4533</dst>
      <dst id="13">5508.4889</dst>
      <dst id="19">143.0400</dst>
      <dst id="23">1454.0800</dst>
      <dst id="8">1668.8089</dst>
      <dst id="18">412.2311</dst>
      <dst id="4">10764.0444</dst>
      <dst id="1">308.7022</dst>
      <dst id="5">2370.3467</dst>
      <dst id="3">3358.6933</dst>
      <dst id="22">2.6489</dst>
      <dst id="7">1128.2133</dst>
      <dst id="2">7390.8356</dst>
      <dst id="6">0.8533</dst>
      <dst id="14">64.7556</dst>
      <dst id="11">7716.9333</dst>
      <dst id="9">6128.7644</dst>
      <dst id="17">1370.5422</dst>
      <dst id="21">526.4622</dst>
    </src>
    <src id="11">
      <dst id="12">471830.7378</dst>
      <dst id="13">1591.8400</dst>
      <dst id="19">83.0844</dst>
      <dst id="23">499.3600</dst>
      <dst id="8">2377.3689</dst>
      <dst id="18">834.0711</dst>
      <dst id="4">11871.3244</dst>
      <dst id="1">1310.8356</dst>
      <dst id="5">3614.6311</dst>
      <dst id="3">1468.5511</dst>
      <dst id="22">6116.2844</dst>
      <dst id="7">282.6756</dst>
      <dst id="2">167528.8533</dst>
      <dst id="6">1.3600</dst>
      <dst id="16">176.2933</dst>
      <dst id="14">182.5511</dst>
      <dst id="20">1332.5867</dst>
      <dst id="11">2162.8178</dst>
      <dst id="9">1100.9244</dst>
      <dst id="17">114558.5422</dst>
      <dst id="21">2301.0044</dst>
      <dst id="15">467.3422</dst>
    </src>
    <src id="9">
      <dst id="12">598873.3333</dst>
      <dst id="13">12166.3200</dst>
      <dst id="19">162.2400</dst>
      <dst id="23">14.5511</dst>
      <dst id="8">879.5644</dst>
      <dst id="18">1365.3956</dst>
      <dst id="4">14303.4756</dst>
      <dst id="1">2099.2178</dst>
      <dst id="5">1443.9733</dst>
      <dst id="3">2177.5378</dst>
      <dst id="22">3998.6133</dst>
      <dst id="7">271.7333</dst>
      <dst id="2">206494.0267</dst>
      <dst id="6">13.5467</dst>
      <dst id="16">972.2756</dst>
      <dst id="14">64.9333</dst>
      <dst id="20">8086.2400</dst>
      <dst id="11">1753.8400</dst>
      <dst id="9">10480.7378</dst>
      <dst id="17">136822.2667</dst>
      <dst id="21">3178.1956</dst>
      <dst id="15">15825.0133</dst>
    </src>
    <src id="17">
      <dst id="12">14397.9911</dst>
      <dst id="13">17968.6489</dst>
      <dst id="19">1074.9689</dst>
      <dst id="23">477.6800</dst>
      <dst id="8">235039.8933</dst>
      <dst id="18">7195.4578</dst>
      <dst id="4">67613.3956</dst>
      <dst id="1">1487.6622</dst>
      <dst id="5">290008.2844</dst>
      <dst id="3">20167.1200</dst>
      <dst id="22">19102.9067</dst>
      <dst id="7">17036.9867</dst>
      <dst id="2">34440.6400</dst>
      <dst id="6">329.3067</dst>
      <dst id="16">3136.6044</dst>
      <dst id="14">47699.1022</dst>
      <dst id="20">2054.4444</dst>
      <dst id="11">180599.6800</dst>
      <dst id="9">333502.6400</dst>
      <dst id="17">1896.3200</dst>
      <dst id="21">20509.6089</dst>
      <dst id="15">338.0356</dst>
    </src>
    <src id="21">
      <dst id="12">27816.4000</dst>
      <dst id="13">1090.4533</dst>
      <dst id="19">696.7733</dst>
      <dst id="23">242.0978</dst>
      <dst id="8">631.6000</dst>
      <dst id="18">6290.2844</dst>
      <dst id="4">42286.5778</dst>
      <dst id="1">4173.9911</dst>
      <dst id="5">903.6089</dst>
      <dst id="3">3170.6311</dst>
      <dst id="22">1769.9556</dst>
      <dst id="7">2854.4889</dst>
      <dst id="2">16653.0222</dst>
      <dst id="6">19.8044</dst>
      <dst id="16">428.2489</dst>
      <dst id="14">140.4000</dst>
      <dst id="20">2237.3333</dst>
      <dst id="11">1320.0889</dst>
      <dst id="9">4116.4978</dst>
      <dst id="17">5565.9378</dst>
      <dst id="21">3067.0133</dst>
      <dst id="15">1211.2000</dst>
    </src>
    <src id="15">
      <dst id="12">926.4533</dst>
      <dst id="13">2359.4844</dst>
      <dst id="19">536.7289</dst>
      <dst id="23">16.8356</dst>
      <dst id="8">208.2933</dst>
      <dst id="18">19.3422</dst>
      <dst id="4">2555.1556</dst>
      <dst id="1">170.1244</dst>
      <dst id="5">665.9200</dst>
      <dst id="3">666.9600</dst>
      <dst id="7">83.6000</dst>
      <dst id="2">1204.2133</dst>
      <dst id="16">0.4089</dst>
      <dst id="14">0.6400</dst>
      <dst id="11">859.8844</dst>
      <dst id="9">8069.7689</dst>
      <dst id="17">385.0844</dst>
      <dst id="21">396.4000</dst>
    </src>
  </IntraTM>
</TrafficMatrixFile>
