<?xml version="1.0" encoding="UTF-8" standalone="yes"?>
<TrafficMatrixFile xmlns:xsi="http://www.w3.org/2001/XMLSchema-instance" xsi:noNamespaceSchemaLocation="http://totem.run.montefiore.ulg.ac.be/Schema/TrafficMatrix-v1_2.xsd">
  <info>
    <title>Intradomain traffic matrix generated by geant-TM-all.pl</title>
    <date>2005-01-02T19:15:00</date>
    <duration>900</duration>
    <author>Steve Uhlig</author>
    <units>
        <unit type="bandwidth" value="kbps"/>
    </units>
  </info>
  <IntraTM ASID="20965">
    <src id="12">
      <dst id="12">310838.3556</dst>
      <dst id="13">33497.4578</dst>
      <dst id="19">3631.4578</dst>
      <dst id="23">748.7556</dst>
      <dst id="8">6143.1556</dst>
      <dst id="18">3978.2222</dst>
      <dst id="4">79413.5911</dst>
      <dst id="1">12319.2622</dst>
      <dst id="5">3592.3467</dst>
      <dst id="3">10376.3911</dst>
      <dst id="22">31623.0844</dst>
      <dst id="7">5545.7244</dst>
      <dst id="2">99814.2311</dst>
      <dst id="6">92.0978</dst>
      <dst id="16">20210.2222</dst>
      <dst id="14">214.2133</dst>
      <dst id="20">39191.6267</dst>
      <dst id="11">3514.8000</dst>
      <dst id="9">32026.4267</dst>
      <dst id="17">103443.5467</dst>
      <dst id="21">48931.6267</dst>
      <dst id="15">951.0133</dst>
    </src>
    <src id="13">
      <dst id="12">80429.2978</dst>
      <dst id="19">9942.7911</dst>
      <dst id="23">428.2400</dst>
      <dst id="8">9401.3600</dst>
      <dst id="18">8839.2978</dst>
      <dst id="1">10669.6444</dst>
      <dst id="5">8997.2356</dst>
      <dst id="3">42365.8044</dst>
      <dst id="22">32661.3600</dst>
      <dst id="7">25426.8356</dst>
      <dst id="2">127319.3244</dst>
      <dst id="6">542.0444</dst>
      <dst id="16">13123.8667</dst>
      <dst id="14">3912.6400</dst>
      <dst id="20">16441.5733</dst>
      <dst id="11">26469.9644</dst>
      <dst id="9">25516.9956</dst>
      <dst id="17">412438.0178</dst>
      <dst id="21">32350.9511</dst>
      <dst id="15">32184.1956</dst>
    </src>
    <src id="19">
      <dst id="12">16142.5956</dst>
      <dst id="13">633.6000</dst>
      <dst id="23">32.1156</dst>
      <dst id="8">91.3778</dst>
      <dst id="18">53.3333</dst>
      <dst id="4">18070.8178</dst>
      <dst id="1">8116.4711</dst>
      <dst id="5">15280.3111</dst>
      <dst id="3">224.4533</dst>
      <dst id="22">600.3556</dst>
      <dst id="7">6286.6489</dst>
      <dst id="2">1347.9378</dst>
      <dst id="6">371.8489</dst>
      <dst id="16">11807.4667</dst>
      <dst id="14">43.2622</dst>
      <dst id="20">915.1111</dst>
      <dst id="11">198.8711</dst>
      <dst id="9">309.7600</dst>
      <dst id="17">6664.3822</dst>
      <dst id="21">2826.1956</dst>
      <dst id="15">33.5644</dst>
    </src>
    <src id="23">
      <dst id="12">2518.7467</dst>
      <dst id="13">124.9689</dst>
      <dst id="19">14.1511</dst>
      <dst id="18">66.5956</dst>
      <dst id="4">33.0311</dst>
      <dst id="1">71.6267</dst>
      <dst id="5">115.4222</dst>
      <dst id="3">6163.6711</dst>
      <dst id="22">730.2311</dst>
      <dst id="7">378.3911</dst>
      <dst id="2">221.5733</dst>
      <dst id="16">207.8933</dst>
      <dst id="20">133.7956</dst>
      <dst id="11">64.2311</dst>
      <dst id="9">32.8267</dst>
      <dst id="17">867.7600</dst>
      <dst id="21">2337.0933</dst>
      <dst id="15">120.0000</dst>
    </src>
    <src id="8">
      <dst id="12">374220.2667</dst>
      <dst id="13">2307.0133</dst>
      <dst id="19">1.8933</dst>
      <dst id="23">80.7111</dst>
      <dst id="18">500.9244</dst>
      <dst id="4">9197.7600</dst>
      <dst id="1">429.4844</dst>
      <dst id="5">3010.6844</dst>
      <dst id="3">111.2889</dst>
      <dst id="22">4396.4178</dst>
      <dst id="7">102.4000</dst>
      <dst id="2">147679.2800</dst>
      <dst id="6">0.7822</dst>
      <dst id="16">854.9244</dst>
      <dst id="14">18.5244</dst>
      <dst id="20">586.6667</dst>
      <dst id="11">6869.9467</dst>
      <dst id="9">1504.4978</dst>
      <dst id="17">137703.7422</dst>
      <dst id="21">1724.7644</dst>
      <dst id="15">660.3822</dst>
    </src>
    <src id="18">
      <dst id="12">119530.7733</dst>
      <dst id="13">253.2178</dst>
      <dst id="19">794.6311</dst>
      <dst id="23">2.6667</dst>
      <dst id="8">282.9422</dst>
      <dst id="4">2292.7022</dst>
      <dst id="1">1644.3644</dst>
      <dst id="5">217.0489</dst>
      <dst id="3">5561.3956</dst>
      <dst id="22">227.2711</dst>
      <dst id="7">213.7422</dst>
      <dst id="2">45254.3289</dst>
      <dst id="16">13.9822</dst>
      <dst id="14">13.1822</dst>
      <dst id="20">91.6000</dst>
      <dst id="11">265.1022</dst>
      <dst id="9">294.8711</dst>
      <dst id="17">35760.8978</dst>
      <dst id="21">2013.9022</dst>
      <dst id="15">359.4133</dst>
    </src>
    <src id="4">
      <dst id="12">16182.8178</dst>
      <dst id="19">5031.9822</dst>
      <dst id="8">2245.0933</dst>
      <dst id="18">2996.6489</dst>
      <dst id="1">51707.5733</dst>
      <dst id="5">2630.9511</dst>
      <dst id="3">2403.8400</dst>
      <dst id="22">9215.4756</dst>
      <dst id="7">90558.7378</dst>
      <dst id="2">89787.2978</dst>
      <dst id="6">0.4267</dst>
      <dst id="16">2874.8889</dst>
      <dst id="14">1418.5511</dst>
      <dst id="20">8421.2889</dst>
      <dst id="11">10017.9022</dst>
      <dst id="9">5023.9289</dst>
      <dst id="17">89781.1822</dst>
      <dst id="21">6307.3689</dst>
      <dst id="15">1148.7911</dst>
    </src>
    <src id="1">
      <dst id="12">21380.1156</dst>
      <dst id="13">1909.7244</dst>
      <dst id="19">1347.5111</dst>
      <dst id="23">79.7333</dst>
      <dst id="8">230982.1778</dst>
      <dst id="18">16365.7511</dst>
      <dst id="4">19809.0489</dst>
      <dst id="1">42629.3067</dst>
      <dst id="5">253571.3511</dst>
      <dst id="3">1764.9511</dst>
      <dst id="22">4564.1156</dst>
      <dst id="7">11656.6933</dst>
      <dst id="2">4573.5467</dst>
      <dst id="6">14261.1378</dst>
      <dst id="16">10762.3911</dst>
      <dst id="14">76.0267</dst>
      <dst id="20">823.9378</dst>
      <dst id="11">1683.5022</dst>
      <dst id="9">384571.1911</dst>
      <dst id="17">9273.1733</dst>
      <dst id="21">4040.1689</dst>
      <dst id="15">478.8622</dst>
    </src>
    <src id="5">
      <dst id="12">311392.8800</dst>
      <dst id="13">1408.3556</dst>
      <dst id="19">606.3644</dst>
      <dst id="23">37.7067</dst>
      <dst id="8">28526.9689</dst>
      <dst id="18">106.0889</dst>
      <dst id="4">7636.4089</dst>
      <dst id="1">2334.1422</dst>
      <dst id="3">112.3822</dst>
      <dst id="22">3987.1822</dst>
      <dst id="7">1045.6889</dst>
      <dst id="2">132637.3156</dst>
      <dst id="6">12.1244</dst>
      <dst id="16">1225.8578</dst>
      <dst id="14">15.8400</dst>
      <dst id="20">1911.2711</dst>
      <dst id="11">2718.0178</dst>
      <dst id="9">4201.6000</dst>
      <dst id="17">121384.3822</dst>
      <dst id="21">1175.1467</dst>
      <dst id="15">3301.7156</dst>
    </src>
    <src id="3">
      <dst id="12">10756.8444</dst>
      <dst id="13">2479.5733</dst>
      <dst id="19">2829.6000</dst>
      <dst id="23">206.2756</dst>
      <dst id="8">221.4756</dst>
      <dst id="18">162903.2622</dst>
      <dst id="4">40481.1822</dst>
      <dst id="1">9688.2044</dst>
      <dst id="5">834.7644</dst>
      <dst id="3">19221.7067</dst>
      <dst id="22">2570.8978</dst>
      <dst id="7">2315.8844</dst>
      <dst id="2">7045.7067</dst>
      <dst id="6">31.1733</dst>
      <dst id="16">2683.8667</dst>
      <dst id="14">41141.7689</dst>
      <dst id="20">297.9644</dst>
      <dst id="11">252700.8978</dst>
      <dst id="9">722.6844</dst>
      <dst id="17">16963.6000</dst>
      <dst id="21">16963.7689</dst>
      <dst id="15">115.3422</dst>
    </src>
    <src id="10">
      <dst id="12">22001.4133</dst>
      <dst id="19">1851.2978</dst>
      <dst id="8">3180.1511</dst>
      <dst id="18">5743.7867</dst>
      <dst id="1">5210.8178</dst>
      <dst id="5">2010.4178</dst>
      <dst id="3">30467.2711</dst>
      <dst id="22">9447.4756</dst>
      <dst id="7">149796.6222</dst>
      <dst id="2">41867.6711</dst>
      <dst id="6">0.3556</dst>
      <dst id="16">2397.8756</dst>
      <dst id="14">1421.1289</dst>
      <dst id="20">4689.4311</dst>
      <dst id="11">10671.8933</dst>
      <dst id="9">7017.1822</dst>
      <dst id="17">35990.9422</dst>
      <dst id="21">13211.0222</dst>
      <dst id="15">705.6622</dst>
    </src>
    <src id="22">
      <dst id="12">11323.8044</dst>
      <dst id="13">1187.2622</dst>
      <dst id="19">452.1689</dst>
      <dst id="23">93.9911</dst>
      <dst id="8">7460.2667</dst>
      <dst id="18">215.2889</dst>
      <dst id="4">20956.1956</dst>
      <dst id="1">308.4711</dst>
      <dst id="5">7125.4756</dst>
      <dst id="3">2779.5644</dst>
      <dst id="7">4068.9867</dst>
      <dst id="2">10249.5022</dst>
      <dst id="6">73.8044</dst>
      <dst id="16">29.0489</dst>
      <dst id="14">20.3556</dst>
      <dst id="11">3939.7067</dst>
      <dst id="9">3640.9156</dst>
      <dst id="17">5256.8711</dst>
      <dst id="21">2076.7022</dst>
    </src>
    <src id="7">
      <dst id="12">5896.6400</dst>
      <dst id="13">787.7067</dst>
      <dst id="19">3271.9644</dst>
      <dst id="23">371.2622</dst>
      <dst id="8">1887.0667</dst>
      <dst id="18">1835.7689</dst>
      <dst id="4">32188.4622</dst>
      <dst id="1">19196.7644</dst>
      <dst id="5">2234.9956</dst>
      <dst id="3">1503.1644</dst>
      <dst id="22">4141.0311</dst>
      <dst id="7">891.2889</dst>
      <dst id="2">21759.6356</dst>
      <dst id="6">219.3244</dst>
      <dst id="16">1407.1556</dst>
      <dst id="14">209.9911</dst>
      <dst id="20">2094.5156</dst>
      <dst id="11">2322.4711</dst>
      <dst id="9">3737.9111</dst>
      <dst id="17">16487.3422</dst>
      <dst id="21">7813.6356</dst>
      <dst id="15">596.6489</dst>
    </src>
    <src id="2">
      <dst id="12">176452.8444</dst>
      <dst id="13">15535.6000</dst>
      <dst id="19">9123.2533</dst>
      <dst id="23">55.6089</dst>
      <dst id="8">1884.7378</dst>
      <dst id="18">152789.0400</dst>
      <dst id="4">133477.8578</dst>
      <dst id="1">8419.1556</dst>
      <dst id="5">2692.6133</dst>
      <dst id="3">401.9022</dst>
      <dst id="22">5055.7067</dst>
      <dst id="7">5384.8889</dst>
      <dst id="2">1197.5733</dst>
      <dst id="6">10677.0844</dst>
      <dst id="16">3472.4267</dst>
      <dst id="14">6286.2667</dst>
      <dst id="20">3175.9911</dst>
      <dst id="11">7388.7556</dst>
      <dst id="9">8555.2800</dst>
      <dst id="17">38738.7733</dst>
      <dst id="21">10588.9422</dst>
      <dst id="15">3891.6356</dst>
    </src>
    <src id="6">
      <dst id="12">11474.1867</dst>
      <dst id="13">7.1378</dst>
      <dst id="19">28.8178</dst>
      <dst id="23">7.3422</dst>
      <dst id="18">1.7778</dst>
      <dst id="4">169.3511</dst>
      <dst id="1">199.2356</dst>
      <dst id="5">1.0756</dst>
      <dst id="3">37.4933</dst>
      <dst id="22">145.8044</dst>
      <dst id="7">70.2044</dst>
      <dst id="2">3270.8178</dst>
      <dst id="16">239.0933</dst>
      <dst id="11">103.2533</dst>
      <dst id="9">15.4756</dst>
      <dst id="17">1591.5289</dst>
      <dst id="21">274.3022</dst>
    </src>
    <src id="16">
      <dst id="12">2983.1022</dst>
      <dst id="13">484.3022</dst>
      <dst id="19">3780.9244</dst>
      <dst id="23">611.1822</dst>
      <dst id="8">8510.5778</dst>
      <dst id="18">12.3644</dst>
      <dst id="4">15080.6756</dst>
      <dst id="1">30394.0444</dst>
      <dst id="5">5602.3733</dst>
      <dst id="3">120.8978</dst>
      <dst id="7">3378.8889</dst>
      <dst id="2">1675.2533</dst>
      <dst id="6">45.9556</dst>
      <dst id="16">38.4978</dst>
      <dst id="14">114.6578</dst>
      <dst id="11">868.5511</dst>
      <dst id="9">9373.4222</dst>
      <dst id="17">9417.7600</dst>
      <dst id="21">439.8311</dst>
    </src>
    <src id="14">
      <dst id="12">18849.0578</dst>
      <dst id="13">1039.7778</dst>
      <dst id="19">33.5200</dst>
      <dst id="23">0.9244</dst>
      <dst id="8">2.2933</dst>
      <dst id="18">12.5244</dst>
      <dst id="4">2663.0133</dst>
      <dst id="1">75.1822</dst>
      <dst id="5">6.7822</dst>
      <dst id="3">33.4489</dst>
      <dst id="22">729.9911</dst>
      <dst id="7">120.8711</dst>
      <dst id="2">4684.2400</dst>
      <dst id="16">1156.2311</dst>
      <dst id="20">14.7733</dst>
      <dst id="11">153.1378</dst>
      <dst id="9">5.7244</dst>
      <dst id="17">6933.5733</dst>
      <dst id="21">71.5378</dst>
      <dst id="15">1.5644</dst>
    </src>
    <src id="20">
      <dst id="12">7859.6533</dst>
      <dst id="13">4161.8578</dst>
      <dst id="19">40.9511</dst>
      <dst id="23">16.1778</dst>
      <dst id="8">840.4000</dst>
      <dst id="18">76.2311</dst>
      <dst id="4">12261.3067</dst>
      <dst id="1">204.4178</dst>
      <dst id="5">2862.2756</dst>
      <dst id="3">6851.9200</dst>
      <dst id="7">398.9244</dst>
      <dst id="2">6129.8400</dst>
      <dst id="6">0.3556</dst>
      <dst id="16">0.4622</dst>
      <dst id="14">0.3556</dst>
      <dst id="11">2117.4844</dst>
      <dst id="9">8494.4800</dst>
      <dst id="17">5465.3244</dst>
      <dst id="21">9041.8844</dst>
    </src>
    <src id="11">
      <dst id="12">426280.8800</dst>
      <dst id="13">3217.1378</dst>
      <dst id="19">44.0533</dst>
      <dst id="23">30.3733</dst>
      <dst id="8">1493.9111</dst>
      <dst id="18">147.0667</dst>
      <dst id="4">18704.5244</dst>
      <dst id="1">3632.2489</dst>
      <dst id="5">1658.9778</dst>
      <dst id="3">3599.6622</dst>
      <dst id="22">2195.1022</dst>
      <dst id="7">1469.0844</dst>
      <dst id="2">185520.5422</dst>
      <dst id="6">14.9244</dst>
      <dst id="16">738.7378</dst>
      <dst id="14">41.0489</dst>
      <dst id="20">696.9156</dst>
      <dst id="11">2273.9111</dst>
      <dst id="9">6229.7156</dst>
      <dst id="17">150595.1022</dst>
      <dst id="21">2365.6267</dst>
      <dst id="15">2523.7689</dst>
    </src>
    <src id="9">
      <dst id="12">497487.6000</dst>
      <dst id="13">20652.8444</dst>
      <dst id="19">56.9511</dst>
      <dst id="23">16.6222</dst>
      <dst id="8">3340.2578</dst>
      <dst id="18">199.1733</dst>
      <dst id="4">13993.6889</dst>
      <dst id="1">3229.4933</dst>
      <dst id="5">4584.7644</dst>
      <dst id="3">125.7244</dst>
      <dst id="22">4633.3956</dst>
      <dst id="7">2278.4889</dst>
      <dst id="2">195308.6489</dst>
      <dst id="6">3.2711</dst>
      <dst id="16">940.6311</dst>
      <dst id="14">86.2222</dst>
      <dst id="20">7743.3956</dst>
      <dst id="11">1163.4133</dst>
      <dst id="9">8409.1644</dst>
      <dst id="17">201872.3022</dst>
      <dst id="21">7019.3422</dst>
      <dst id="15">4517.9644</dst>
    </src>
    <src id="17">
      <dst id="12">16590.8800</dst>
      <dst id="13">11278.9778</dst>
      <dst id="19">993.7244</dst>
      <dst id="23">716.1600</dst>
      <dst id="8">240826.7644</dst>
      <dst id="18">2303.7422</dst>
      <dst id="4">56719.2978</dst>
      <dst id="1">8193.0311</dst>
      <dst id="5">244640.6133</dst>
      <dst id="3">21349.5378</dst>
      <dst id="22">8669.0578</dst>
      <dst id="7">7730.0356</dst>
      <dst id="2">39926.2400</dst>
      <dst id="6">176.6400</dst>
      <dst id="16">6453.8844</dst>
      <dst id="14">43586.4267</dst>
      <dst id="20">4686.1956</dst>
      <dst id="11">207534.0444</dst>
      <dst id="9">358269.4933</dst>
      <dst id="17">3267.6889</dst>
      <dst id="21">13151.7422</dst>
      <dst id="15">6646.1600</dst>
    </src>
    <src id="21">
      <dst id="12">19475.3422</dst>
      <dst id="13">3838.2844</dst>
      <dst id="19">373.7600</dst>
      <dst id="23">292.2400</dst>
      <dst id="8">466.6578</dst>
      <dst id="18">2341.5733</dst>
      <dst id="4">21780.0267</dst>
      <dst id="1">3429.2444</dst>
      <dst id="5">633.5200</dst>
      <dst id="3">4942.5600</dst>
      <dst id="22">2420.8178</dst>
      <dst id="7">3446.0444</dst>
      <dst id="2">11064.5956</dst>
      <dst id="6">114.0178</dst>
      <dst id="16">2808.6133</dst>
      <dst id="14">44.8622</dst>
      <dst id="20">941.6533</dst>
      <dst id="11">6615.1822</dst>
      <dst id="9">1042.7911</dst>
      <dst id="17">5827.1467</dst>
      <dst id="21">3447.3156</dst>
      <dst id="15">119.0044</dst>
    </src>
    <src id="15">
      <dst id="12">1220.9867</dst>
      <dst id="13">1372.7733</dst>
      <dst id="19">0.3556</dst>
      <dst id="23">4.7822</dst>
      <dst id="8">6168.2311</dst>
      <dst id="18">48.9778</dst>
      <dst id="4">6368.2667</dst>
      <dst id="1">2776.8000</dst>
      <dst id="5">170.4711</dst>
      <dst id="3">15.2356</dst>
      <dst id="7">2165.9467</dst>
      <dst id="2">5729.1822</dst>
      <dst id="16">0.3556</dst>
      <dst id="14">176.7111</dst>
      <dst id="11">738.6667</dst>
      <dst id="9">3589.8756</dst>
      <dst id="17">360.3289</dst>
      <dst id="21">1429.1022</dst>
    </src>
  </IntraTM>
</TrafficMatrixFile>
