<?xml version="1.0" encoding="UTF-8" standalone="yes"?>
<TrafficMatrixFile xmlns:xsi="http://www.w3.org/2001/XMLSchema-instance" xsi:noNamespaceSchemaLocation="http://totem.run.montefiore.ulg.ac.be/Schema/TrafficMatrix-v1_2.xsd">
  <info>
    <title>Intradomain traffic matrix generated by geant-TM-all.pl</title>
    <date>2005-01-03T15:00:00</date>
    <duration>900</duration>
    <author>Steve Uhlig</author>
    <units>
        <unit type="bandwidth" value="kbps"/>
    </units>
  </info>
  <IntraTM ASID="20965">
    <src id="12">
      <dst id="12">175244.1600</dst>
      <dst id="13">17682.2222</dst>
      <dst id="19">2670.9422</dst>
      <dst id="23">17.0311</dst>
      <dst id="8">511.9289</dst>
      <dst id="18">639.1644</dst>
      <dst id="4">76098.0356</dst>
      <dst id="1">11035.1022</dst>
      <dst id="5">1170.9511</dst>
      <dst id="3">434.6578</dst>
      <dst id="22">4755.9467</dst>
      <dst id="7">1462.2133</dst>
      <dst id="2">52791.6533</dst>
      <dst id="6">29.0578</dst>
      <dst id="16">4661.7511</dst>
      <dst id="14">217.2178</dst>
      <dst id="20">1462.1067</dst>
      <dst id="11">4780.8711</dst>
      <dst id="9">1760.0178</dst>
      <dst id="17">68756.4444</dst>
      <dst id="21">1612.9422</dst>
      <dst id="15">194.8000</dst>
    </src>
    <src id="13">
      <dst id="12">31277.0222</dst>
      <dst id="19">5966.4267</dst>
      <dst id="23">11.7244</dst>
      <dst id="8">4607.2000</dst>
      <dst id="18">2016.2044</dst>
      <dst id="1">1843.1911</dst>
      <dst id="5">3468.6667</dst>
      <dst id="3">4830.7289</dst>
      <dst id="22">13090.7200</dst>
      <dst id="7">5580.2933</dst>
      <dst id="2">58821.3867</dst>
      <dst id="6">38.7822</dst>
      <dst id="16">5403.2978</dst>
      <dst id="14">2575.5200</dst>
      <dst id="20">2193.0844</dst>
      <dst id="11">5760.0178</dst>
      <dst id="9">6625.4756</dst>
      <dst id="17">31952.6311</dst>
      <dst id="21">5310.2400</dst>
      <dst id="15">737.3600</dst>
    </src>
    <src id="19">
      <dst id="12">15304.2133</dst>
      <dst id="13">41.2267</dst>
      <dst id="23">13.6178</dst>
      <dst id="18">0.3556</dst>
      <dst id="4">21626.9244</dst>
      <dst id="1">608.8711</dst>
      <dst id="5">0.8889</dst>
      <dst id="3">13.6889</dst>
      <dst id="22">16.2667</dst>
      <dst id="7">3344.8356</dst>
      <dst id="2">25.8933</dst>
      <dst id="6">24.1422</dst>
      <dst id="16">7745.8222</dst>
      <dst id="14">12.9778</dst>
      <dst id="20">1.8578</dst>
      <dst id="11">3.8667</dst>
      <dst id="9">1259.1822</dst>
      <dst id="17">2018.6400</dst>
      <dst id="21">378.6933</dst>
    </src>
    <src id="23">
      <dst id="12">195.8133</dst>
      <dst id="13">28.1422</dst>
      <dst id="8">0.3556</dst>
      <dst id="4">48.6044</dst>
      <dst id="1">61.3067</dst>
      <dst id="3">223.2800</dst>
      <dst id="22">214.8356</dst>
      <dst id="7">5.0933</dst>
      <dst id="2">3.4222</dst>
      <dst id="6">0.8356</dst>
      <dst id="16">4.7644</dst>
      <dst id="9">454.0267</dst>
      <dst id="17">0.8178</dst>
      <dst id="21">17.3067</dst>
      <dst id="15">44.1422</dst>
    </src>
    <src id="8">
      <dst id="12">257143.1822</dst>
      <dst id="13">415.6178</dst>
      <dst id="19">0.9422</dst>
      <dst id="23">0.3911</dst>
      <dst id="18">0.6756</dst>
      <dst id="4">4057.4400</dst>
      <dst id="1">123.2178</dst>
      <dst id="5">558.3111</dst>
      <dst id="3">10.4889</dst>
      <dst id="22">1311.0756</dst>
      <dst id="7">163.4400</dst>
      <dst id="2">93410.5511</dst>
      <dst id="16">97.2444</dst>
      <dst id="20">68.4533</dst>
      <dst id="11">341.4044</dst>
      <dst id="9">247.7333</dst>
      <dst id="17">77942.7644</dst>
      <dst id="21">31.3867</dst>
      <dst id="15">232.3911</dst>
    </src>
    <src id="18">
      <dst id="12">99031.3244</dst>
      <dst id="13">100.8356</dst>
      <dst id="19">15.8222</dst>
      <dst id="23">0.6133</dst>
      <dst id="8">0.9156</dst>
      <dst id="4">1449.8667</dst>
      <dst id="1">614.2933</dst>
      <dst id="5">107.3511</dst>
      <dst id="3">293.4933</dst>
      <dst id="22">226.1956</dst>
      <dst id="7">231.8222</dst>
      <dst id="2">24834.1956</dst>
      <dst id="16">62.5867</dst>
      <dst id="14">13.2711</dst>
      <dst id="20">0.4622</dst>
      <dst id="11">16.9067</dst>
      <dst id="9">133.5200</dst>
      <dst id="17">33502.3911</dst>
      <dst id="21">286.3822</dst>
      <dst id="15">1.2089</dst>
    </src>
    <src id="4">
      <dst id="12">9916.5244</dst>
      <dst id="19">15540.0800</dst>
      <dst id="8">429.6533</dst>
      <dst id="18">1295.8844</dst>
      <dst id="1">143144.4089</dst>
      <dst id="5">1735.6978</dst>
      <dst id="3">74.7289</dst>
      <dst id="22">4368.9867</dst>
      <dst id="7">134576.9689</dst>
      <dst id="2">39585.1644</dst>
      <dst id="6">162.6667</dst>
      <dst id="16">340.8000</dst>
      <dst id="14">876.0889</dst>
      <dst id="20">277.6800</dst>
      <dst id="11">1829.2622</dst>
      <dst id="9">2335.3600</dst>
      <dst id="17">79341.0578</dst>
      <dst id="21">2624.2311</dst>
      <dst id="15">237.0044</dst>
    </src>
    <src id="1">
      <dst id="12">18009.7689</dst>
      <dst id="13">273.0578</dst>
      <dst id="19">27.1378</dst>
      <dst id="23">38.6578</dst>
      <dst id="8">61742.3911</dst>
      <dst id="18">13660.1067</dst>
      <dst id="4">5413.9022</dst>
      <dst id="1">56953.6711</dst>
      <dst id="5">118887.9200</dst>
      <dst id="3">132.4622</dst>
      <dst id="22">2640.4978</dst>
      <dst id="7">1060.8089</dst>
      <dst id="2">1663.8756</dst>
      <dst id="6">5037.9378</dst>
      <dst id="16">13285.4044</dst>
      <dst id="14">52.5067</dst>
      <dst id="20">60.6489</dst>
      <dst id="11">103.8667</dst>
      <dst id="9">125399.3244</dst>
      <dst id="17">3178.1689</dst>
      <dst id="21">1859.1378</dst>
      <dst id="15">117.4844</dst>
    </src>
    <src id="5">
      <dst id="12">228010.2578</dst>
      <dst id="13">841.5022</dst>
      <dst id="23">1.3867</dst>
      <dst id="8">854.3111</dst>
      <dst id="18">85.4489</dst>
      <dst id="4">5332.3289</dst>
      <dst id="1">170.3111</dst>
      <dst id="3">7.4044</dst>
      <dst id="22">1183.0311</dst>
      <dst id="7">76.4978</dst>
      <dst id="2">87487.9289</dst>
      <dst id="16">228.4622</dst>
      <dst id="14">1.9378</dst>
      <dst id="20">79.4044</dst>
      <dst id="11">654.9689</dst>
      <dst id="9">633.7156</dst>
      <dst id="17">80016.9956</dst>
      <dst id="21">310.9511</dst>
      <dst id="15">13963.8311</dst>
    </src>
    <src id="3">
      <dst id="12">6879.8756</dst>
      <dst id="13">339.4933</dst>
      <dst id="19">1426.5067</dst>
      <dst id="23">8183.7689</dst>
      <dst id="8">1.6356</dst>
      <dst id="18">49029.4133</dst>
      <dst id="4">20586.1333</dst>
      <dst id="1">23825.5556</dst>
      <dst id="5">271.3244</dst>
      <dst id="3">6950.2933</dst>
      <dst id="22">423.3867</dst>
      <dst id="7">435.0844</dst>
      <dst id="2">3699.3867</dst>
      <dst id="6">1.1022</dst>
      <dst id="16">1082.9511</dst>
      <dst id="14">15067.5911</dst>
      <dst id="20">23.0933</dst>
      <dst id="11">91028.8889</dst>
      <dst id="9">234.5156</dst>
      <dst id="17">4190.9867</dst>
      <dst id="21">4339.6089</dst>
      <dst id="15">33.7156</dst>
    </src>
    <src id="10">
      <dst id="12">10415.3244</dst>
      <dst id="19">1832.5067</dst>
      <dst id="8">897.1822</dst>
      <dst id="18">681.3156</dst>
      <dst id="1">3747.6089</dst>
      <dst id="5">487.0578</dst>
      <dst id="3">8510.1422</dst>
      <dst id="22">4855.0756</dst>
      <dst id="7">64840.7289</dst>
      <dst id="2">32874.0444</dst>
      <dst id="6">0.9156</dst>
      <dst id="16">265.1556</dst>
      <dst id="14">316.9689</dst>
      <dst id="20">1509.2089</dst>
      <dst id="11">5517.5289</dst>
      <dst id="9">2081.2444</dst>
      <dst id="17">29551.6267</dst>
      <dst id="21">5788.5778</dst>
      <dst id="15">84.8000</dst>
    </src>
    <src id="22">
      <dst id="12">4087.3333</dst>
      <dst id="13">1234.8533</dst>
      <dst id="19">6.5244</dst>
      <dst id="23">14.5778</dst>
      <dst id="8">478.4267</dst>
      <dst id="18">409.6889</dst>
      <dst id="4">16160.0000</dst>
      <dst id="1">155.0844</dst>
      <dst id="5">2258.2667</dst>
      <dst id="3">278.1422</dst>
      <dst id="7">418.0800</dst>
      <dst id="2">1881.7156</dst>
      <dst id="6">50.4889</dst>
      <dst id="16">0.4089</dst>
      <dst id="14">2.6933</dst>
      <dst id="11">1091.6800</dst>
      <dst id="9">1240.7378</dst>
      <dst id="17">1392.7022</dst>
      <dst id="21">2254.0089</dst>
    </src>
    <src id="7">
      <dst id="12">6184.2489</dst>
      <dst id="13">115.1733</dst>
      <dst id="19">102.5333</dst>
      <dst id="23">4.4267</dst>
      <dst id="8">268.3822</dst>
      <dst id="18">393.2356</dst>
      <dst id="4">24953.0133</dst>
      <dst id="1">792.5956</dst>
      <dst id="5">920.3733</dst>
      <dst id="3">93.1378</dst>
      <dst id="22">2991.2889</dst>
      <dst id="7">672.2133</dst>
      <dst id="2">2900.1778</dst>
      <dst id="6">27.0222</dst>
      <dst id="16">335.5556</dst>
      <dst id="14">66.3467</dst>
      <dst id="20">51.6356</dst>
      <dst id="11">809.5022</dst>
      <dst id="9">493.5911</dst>
      <dst id="17">12261.1111</dst>
      <dst id="21">789.0844</dst>
      <dst id="15">118.8000</dst>
    </src>
    <src id="2">
      <dst id="12">47810.0356</dst>
      <dst id="13">510984.7200</dst>
      <dst id="19">73.6178</dst>
      <dst id="23">2.1156</dst>
      <dst id="8">338.7733</dst>
      <dst id="18">39893.4578</dst>
      <dst id="4">64743.7422</dst>
      <dst id="1">7668.6844</dst>
      <dst id="5">429.2711</dst>
      <dst id="3">20.2133</dst>
      <dst id="22">555.5822</dst>
      <dst id="7">3024.1067</dst>
      <dst id="2">341.7956</dst>
      <dst id="6">7326.5867</dst>
      <dst id="16">8813.8933</dst>
      <dst id="14">5213.6622</dst>
      <dst id="20">508.8533</dst>
      <dst id="11">1998.8800</dst>
      <dst id="9">6988.7289</dst>
      <dst id="17">8710.9067</dst>
      <dst id="21">3604.0178</dst>
      <dst id="15">270.5422</dst>
    </src>
    <src id="6">
      <dst id="12">8784.8444</dst>
      <dst id="13">2.5333</dst>
      <dst id="19">0.3556</dst>
      <dst id="23">0.3378</dst>
      <dst id="18">0.6933</dst>
      <dst id="4">935.7156</dst>
      <dst id="1">1.9822</dst>
      <dst id="22">3.5644</dst>
      <dst id="7">0.3378</dst>
      <dst id="2">1990.0622</dst>
      <dst id="16">0.5244</dst>
      <dst id="9">1.6000</dst>
      <dst id="17">938.6311</dst>
      <dst id="21">0.3556</dst>
    </src>
    <src id="16">
      <dst id="12">2102.9778</dst>
      <dst id="13">103.0400</dst>
      <dst id="19">2921.8844</dst>
      <dst id="23">8.8622</dst>
      <dst id="8">2106.3733</dst>
      <dst id="18">1208.2133</dst>
      <dst id="4">3544.1956</dst>
      <dst id="1">17995.8933</dst>
      <dst id="5">996.8089</dst>
      <dst id="3">6.2844</dst>
      <dst id="7">2184.7911</dst>
      <dst id="2">500.4533</dst>
      <dst id="6">0.9067</dst>
      <dst id="16">21.8222</dst>
      <dst id="11">144.0889</dst>
      <dst id="9">1716.8444</dst>
      <dst id="17">381.0044</dst>
      <dst id="21">2706.2578</dst>
    </src>
    <src id="14">
      <dst id="12">15830.1067</dst>
      <dst id="13">34.7556</dst>
      <dst id="19">7.4667</dst>
      <dst id="4">1241.0400</dst>
      <dst id="1">21.6533</dst>
      <dst id="5">9.4044</dst>
      <dst id="3">36.1067</dst>
      <dst id="22">3.1822</dst>
      <dst id="7">64.7911</dst>
      <dst id="2">2855.1556</dst>
      <dst id="6">0.8622</dst>
      <dst id="16">0.3911</dst>
      <dst id="11">17.3867</dst>
      <dst id="9">2.6756</dst>
      <dst id="17">4570.9867</dst>
      <dst id="21">37.3867</dst>
    </src>
    <src id="20">
      <dst id="12">1754.5956</dst>
      <dst id="13">323.8667</dst>
      <dst id="19">4.8444</dst>
      <dst id="23">0.5333</dst>
      <dst id="8">60.3822</dst>
      <dst id="18">1.7778</dst>
      <dst id="4">9919.0400</dst>
      <dst id="1">28.9956</dst>
      <dst id="5">192.8533</dst>
      <dst id="3">900.6844</dst>
      <dst id="7">197.5022</dst>
      <dst id="2">2505.9289</dst>
      <dst id="14">0.4622</dst>
      <dst id="11">30.6222</dst>
      <dst id="9">424.8356</dst>
      <dst id="17">221.6356</dst>
      <dst id="21">83.4933</dst>
    </src>
    <src id="11">
      <dst id="12">319556.0178</dst>
      <dst id="13">653.3778</dst>
      <dst id="19">5.8667</dst>
      <dst id="8">773.8044</dst>
      <dst id="18">271.1111</dst>
      <dst id="4">10983.2889</dst>
      <dst id="1">356.4711</dst>
      <dst id="5">418.7822</dst>
      <dst id="3">446.5333</dst>
      <dst id="22">1444.6133</dst>
      <dst id="7">239.3867</dst>
      <dst id="2">109162.0978</dst>
      <dst id="6">1.1378</dst>
      <dst id="16">35.5200</dst>
      <dst id="14">32.9956</dst>
      <dst id="20">49.6711</dst>
      <dst id="11">619.2356</dst>
      <dst id="9">2292.4000</dst>
      <dst id="17">103282.3378</dst>
      <dst id="21">372.8267</dst>
      <dst id="15">73.2978</dst>
    </src>
    <src id="9">
      <dst id="12">357774.2933</dst>
      <dst id="13">2281.6000</dst>
      <dst id="19">327.3333</dst>
      <dst id="23">14.7200</dst>
      <dst id="8">170.1156</dst>
      <dst id="18">122.2133</dst>
      <dst id="4">13230.8800</dst>
      <dst id="1">788.5689</dst>
      <dst id="5">14081.8044</dst>
      <dst id="22">5672.3289</dst>
      <dst id="7">71.4578</dst>
      <dst id="2">107449.8667</dst>
      <dst id="6">1.1644</dst>
      <dst id="16">972.1600</dst>
      <dst id="14">0.4622</dst>
      <dst id="20">650.5956</dst>
      <dst id="11">564.2311</dst>
      <dst id="9">50.5689</dst>
      <dst id="17">174110.9600</dst>
      <dst id="21">256.8800</dst>
      <dst id="15">468.1067</dst>
    </src>
    <src id="17">
      <dst id="12">1620.5956</dst>
      <dst id="13">541.4933</dst>
      <dst id="19">201.5200</dst>
      <dst id="23">1.0489</dst>
      <dst id="8">75014.8000</dst>
      <dst id="18">298.3644</dst>
      <dst id="4">47378.7556</dst>
      <dst id="1">2634.3822</dst>
      <dst id="5">112554.5867</dst>
      <dst id="3">14277.5644</dst>
      <dst id="22">2920.5689</dst>
      <dst id="7">6707.5378</dst>
      <dst id="2">19478.2311</dst>
      <dst id="6">69.3333</dst>
      <dst id="16">6669.7511</dst>
      <dst id="14">10215.5733</dst>
      <dst id="20">126.9511</dst>
      <dst id="11">65652.5067</dst>
      <dst id="9">91356.2844</dst>
      <dst id="17">1307.5556</dst>
      <dst id="21">3025.8933</dst>
      <dst id="15">15.9022</dst>
    </src>
    <src id="21">
      <dst id="12">18193.3067</dst>
      <dst id="13">551.0756</dst>
      <dst id="19">31.8489</dst>
      <dst id="23">5.3156</dst>
      <dst id="8">80.4622</dst>
      <dst id="18">3883.3333</dst>
      <dst id="4">15093.3156</dst>
      <dst id="1">1087.1289</dst>
      <dst id="5">680.9600</dst>
      <dst id="3">720.5600</dst>
      <dst id="22">844.9600</dst>
      <dst id="7">4744.4978</dst>
      <dst id="2">5605.0933</dst>
      <dst id="6">0.8178</dst>
      <dst id="16">217.9022</dst>
      <dst id="14">196.8000</dst>
      <dst id="20">128.8978</dst>
      <dst id="11">423.4311</dst>
      <dst id="9">472.1778</dst>
      <dst id="17">2983.7333</dst>
      <dst id="21">775.8578</dst>
      <dst id="15">4.0178</dst>
    </src>
    <src id="15">
      <dst id="12">503.7689</dst>
      <dst id="13">151.3244</dst>
      <dst id="23">14.2578</dst>
      <dst id="8">24.6044</dst>
      <dst id="18">15.0578</dst>
      <dst id="4">2752.3378</dst>
      <dst id="1">562.6133</dst>
      <dst id="5">227.4133</dst>
      <dst id="3">14.9244</dst>
      <dst id="7">114.3200</dst>
      <dst id="2">417.8311</dst>
      <dst id="11">25.4667</dst>
      <dst id="9">203.5022</dst>
      <dst id="17">204.7556</dst>
      <dst id="21">61.2800</dst>
    </src>
  </IntraTM>
</TrafficMatrixFile>
