<?xml version="1.0" encoding="UTF-8" standalone="yes"?>
<TrafficMatrixFile xmlns:xsi="http://www.w3.org/2001/XMLSchema-instance" xsi:noNamespaceSchemaLocation="http://totem.run.montefiore.ulg.ac.be/Schema/TrafficMatrix-v1_2.xsd">
  <info>
    <title>Intradomain traffic matrix generated by geant-TM-all.pl</title>
    <date>2005-01-04T20:30:00</date>
    <duration>900</duration>
    <author>Steve Uhlig</author>
    <units>
        <unit type="bandwidth" value="kbps"/>
    </units>
  </info>
  <IntraTM ASID="20965">
    <src id="12">
      <dst id="12">246372.6400</dst>
      <dst id="13">19353.1644</dst>
      <dst id="19">2495.3600</dst>
      <dst id="23">4213.6533</dst>
      <dst id="8">1924.8267</dst>
      <dst id="18">811.7244</dst>
      <dst id="4">70149.4933</dst>
      <dst id="1">19924.2844</dst>
      <dst id="5">5561.1911</dst>
      <dst id="3">3473.4844</dst>
      <dst id="22">24227.0044</dst>
      <dst id="7">1060.1778</dst>
      <dst id="2">68240.0267</dst>
      <dst id="6">29.0311</dst>
      <dst id="16">11367.0933</dst>
      <dst id="14">1514.5867</dst>
      <dst id="20">6399.2000</dst>
      <dst id="11">3217.0578</dst>
      <dst id="9">6575.4489</dst>
      <dst id="17">73073.3600</dst>
      <dst id="21">2629.2800</dst>
      <dst id="15">1121.2178</dst>
    </src>
    <src id="13">
      <dst id="12">51729.1644</dst>
      <dst id="19">13550.9067</dst>
      <dst id="23">10117.7689</dst>
      <dst id="8">4379.8489</dst>
      <dst id="18">2729.2889</dst>
      <dst id="1">4450.0533</dst>
      <dst id="5">4579.9733</dst>
      <dst id="3">5726.5511</dst>
      <dst id="22">18076.4267</dst>
      <dst id="7">12293.9822</dst>
      <dst id="2">73520.8711</dst>
      <dst id="6">219.5911</dst>
      <dst id="16">8869.5911</dst>
      <dst id="14">9777.6089</dst>
      <dst id="20">5162.6578</dst>
      <dst id="11">16833.9467</dst>
      <dst id="9">10328.2489</dst>
      <dst id="17">46411.6356</dst>
      <dst id="21">7924.7822</dst>
      <dst id="15">1591.9378</dst>
    </src>
    <src id="19">
      <dst id="12">13469.8578</dst>
      <dst id="13">769.0756</dst>
      <dst id="23">26.7378</dst>
      <dst id="8">2.9867</dst>
      <dst id="18">0.3556</dst>
      <dst id="4">16872.4711</dst>
      <dst id="1">362.0533</dst>
      <dst id="5">14.1333</dst>
      <dst id="3">1.1378</dst>
      <dst id="22">205.7156</dst>
      <dst id="7">3577.6711</dst>
      <dst id="2">3109.0044</dst>
      <dst id="6">170.6489</dst>
      <dst id="16">8460.1156</dst>
      <dst id="14">10.2756</dst>
      <dst id="20">3.1644</dst>
      <dst id="11">2.7111</dst>
      <dst id="9">39.4133</dst>
      <dst id="17">3898.3644</dst>
      <dst id="21">396.3022</dst>
      <dst id="15">1.1378</dst>
    </src>
    <src id="23">
      <dst id="12">397.0311</dst>
      <dst id="13">241.8222</dst>
      <dst id="19">14.8711</dst>
      <dst id="4">19.5911</dst>
      <dst id="1">28.0622</dst>
      <dst id="5">51.0222</dst>
      <dst id="3">203.0933</dst>
      <dst id="22">114.3200</dst>
      <dst id="7">43.9289</dst>
      <dst id="2">3.4044</dst>
      <dst id="6">75.2889</dst>
      <dst id="16">60.1333</dst>
      <dst id="14">13.1022</dst>
      <dst id="20">40.1600</dst>
      <dst id="11">40.4622</dst>
      <dst id="9">1086.3111</dst>
      <dst id="17">195.1556</dst>
      <dst id="21">106.8267</dst>
      <dst id="15">120.0000</dst>
    </src>
    <src id="8">
      <dst id="12">281585.4489</dst>
      <dst id="13">527.8133</dst>
      <dst id="19">14.5689</dst>
      <dst id="23">0.3556</dst>
      <dst id="18">17.6800</dst>
      <dst id="4">7029.7956</dst>
      <dst id="1">339.6089</dst>
      <dst id="5">923.6089</dst>
      <dst id="3">37.8667</dst>
      <dst id="22">2063.9289</dst>
      <dst id="7">5.5822</dst>
      <dst id="2">123121.3689</dst>
      <dst id="16">482.5867</dst>
      <dst id="14">0.6667</dst>
      <dst id="20">82.7733</dst>
      <dst id="11">68.8800</dst>
      <dst id="9">105.4578</dst>
      <dst id="17">100913.2178</dst>
      <dst id="21">261.6533</dst>
      <dst id="15">357.9289</dst>
    </src>
    <src id="18">
      <dst id="12">101637.9289</dst>
      <dst id="13">123.9644</dst>
      <dst id="19">2.2489</dst>
      <dst id="23">0.3556</dst>
      <dst id="8">19.7867</dst>
      <dst id="4">1156.7822</dst>
      <dst id="1">1116.3556</dst>
      <dst id="5">70.7022</dst>
      <dst id="3">10.5689</dst>
      <dst id="22">269.9111</dst>
      <dst id="7">23.5111</dst>
      <dst id="2">27814.9511</dst>
      <dst id="16">38.6578</dst>
      <dst id="14">14.0089</dst>
      <dst id="20">2.2667</dst>
      <dst id="11">62.7378</dst>
      <dst id="9">42.1156</dst>
      <dst id="17">31760.6844</dst>
      <dst id="21">146.6489</dst>
      <dst id="15">3.5911</dst>
    </src>
    <src id="4">
      <dst id="12">12716.7467</dst>
      <dst id="19">15165.1644</dst>
      <dst id="23">0.7111</dst>
      <dst id="8">507.0311</dst>
      <dst id="18">760.9689</dst>
      <dst id="1">6778.0800</dst>
      <dst id="5">2844.7378</dst>
      <dst id="3">73.2000</dst>
      <dst id="22">2620.9867</dst>
      <dst id="7">33830.7289</dst>
      <dst id="2">101650.2133</dst>
      <dst id="6">146.3111</dst>
      <dst id="16">1560.8089</dst>
      <dst id="14">2706.9244</dst>
      <dst id="20">1387.2000</dst>
      <dst id="11">4907.8400</dst>
      <dst id="9">2502.9067</dst>
      <dst id="17">30583.0311</dst>
      <dst id="21">2232.4267</dst>
      <dst id="15">877.7067</dst>
    </src>
    <src id="1">
      <dst id="12">15499.4756</dst>
      <dst id="13">715.5111</dst>
      <dst id="19">3.2711</dst>
      <dst id="23">48.0622</dst>
      <dst id="8">97733.1644</dst>
      <dst id="18">12209.9822</dst>
      <dst id="4">5343.2889</dst>
      <dst id="1">5914.5333</dst>
      <dst id="5">224825.2267</dst>
      <dst id="3">109.7956</dst>
      <dst id="22">1778.7822</dst>
      <dst id="7">1096.3733</dst>
      <dst id="2">1496.7822</dst>
      <dst id="6">9239.4489</dst>
      <dst id="16">12938.2667</dst>
      <dst id="14">239.7956</dst>
      <dst id="20">308.4000</dst>
      <dst id="11">350.1156</dst>
      <dst id="9">208449.2356</dst>
      <dst id="17">8839.8844</dst>
      <dst id="21">3240.7822</dst>
      <dst id="15">69.3689</dst>
    </src>
    <src id="5">
      <dst id="12">252638.8000</dst>
      <dst id="13">862.4178</dst>
      <dst id="19">15.3867</dst>
      <dst id="23">308.4444</dst>
      <dst id="8">451.8044</dst>
      <dst id="18">1069.6356</dst>
      <dst id="4">5462.0000</dst>
      <dst id="1">315.7689</dst>
      <dst id="3">114.2133</dst>
      <dst id="22">5614.9956</dst>
      <dst id="7">57.9733</dst>
      <dst id="2">109515.1556</dst>
      <dst id="6">4.6222</dst>
      <dst id="16">739.1644</dst>
      <dst id="14">12.8444</dst>
      <dst id="20">1874.4622</dst>
      <dst id="11">421.0400</dst>
      <dst id="9">682.3822</dst>
      <dst id="17">108891.6978</dst>
      <dst id="21">371.6000</dst>
      <dst id="15">3021.5733</dst>
    </src>
    <src id="3">
      <dst id="12">7636.4800</dst>
      <dst id="13">449.8578</dst>
      <dst id="19">1068.3733</dst>
      <dst id="23">8429.7689</dst>
      <dst id="8">24.3822</dst>
      <dst id="18">52297.5111</dst>
      <dst id="4">17314.8889</dst>
      <dst id="1">6475.9644</dst>
      <dst id="5">288.4267</dst>
      <dst id="3">11059.5378</dst>
      <dst id="22">419.9911</dst>
      <dst id="7">3394.9422</dst>
      <dst id="2">12030.9778</dst>
      <dst id="6">2.2311</dst>
      <dst id="16">980.1333</dst>
      <dst id="14">67427.7511</dst>
      <dst id="20">8.5689</dst>
      <dst id="11">116877.1467</dst>
      <dst id="9">340.6044</dst>
      <dst id="17">9951.9111</dst>
      <dst id="21">15026.1511</dst>
      <dst id="15">71.5111</dst>
    </src>
    <src id="10">
      <dst id="12">16602.3733</dst>
      <dst id="19">8029.0311</dst>
      <dst id="8">1769.9289</dst>
      <dst id="18">3975.6089</dst>
      <dst id="1">2385.1378</dst>
      <dst id="5">1762.6489</dst>
      <dst id="3">6643.0044</dst>
      <dst id="22">11230.5600</dst>
      <dst id="7">14990.1244</dst>
      <dst id="2">14739.4933</dst>
      <dst id="6">124.8267</dst>
      <dst id="16">1766.3111</dst>
      <dst id="14">5025.3600</dst>
      <dst id="20">421.7244</dst>
      <dst id="11">6015.8844</dst>
      <dst id="9">6561.8222</dst>
      <dst id="17">18768.0267</dst>
      <dst id="21">8679.9733</dst>
      <dst id="15">526.3378</dst>
    </src>
    <src id="22">
      <dst id="12">9456.1689</dst>
      <dst id="13">2224.0178</dst>
      <dst id="19">190.4089</dst>
      <dst id="23">11.6356</dst>
      <dst id="8">1200.8356</dst>
      <dst id="18">309.8044</dst>
      <dst id="4">13160.1156</dst>
      <dst id="1">60.1511</dst>
      <dst id="5">2540.1600</dst>
      <dst id="3">1374.6044</dst>
      <dst id="7">240.9422</dst>
      <dst id="2">2531.0578</dst>
      <dst id="6">57.8667</dst>
      <dst id="16">1.1200</dst>
      <dst id="14">33.8133</dst>
      <dst id="11">2488.9067</dst>
      <dst id="9">3636.7644</dst>
      <dst id="17">1909.7067</dst>
      <dst id="21">898.4000</dst>
    </src>
    <src id="7">
      <dst id="12">5040.2578</dst>
      <dst id="13">2306.4889</dst>
      <dst id="19">274.7378</dst>
      <dst id="23">34.6756</dst>
      <dst id="8">28.5156</dst>
      <dst id="18">113.0311</dst>
      <dst id="4">53076.5689</dst>
      <dst id="1">1940.0000</dst>
      <dst id="5">719.1111</dst>
      <dst id="3">584.4000</dst>
      <dst id="22">2645.7600</dst>
      <dst id="7">746.9867</dst>
      <dst id="2">11368.2133</dst>
      <dst id="6">26.2400</dst>
      <dst id="16">1360.0889</dst>
      <dst id="14">217.2533</dst>
      <dst id="20">288.9600</dst>
      <dst id="11">453.7422</dst>
      <dst id="9">1065.7244</dst>
      <dst id="17">3311.9378</dst>
      <dst id="21">3623.6089</dst>
      <dst id="15">153.4400</dst>
    </src>
    <src id="2">
      <dst id="12">113835.9467</dst>
      <dst id="13">508519.7778</dst>
      <dst id="19">186.6044</dst>
      <dst id="23">85.0400</dst>
      <dst id="8">588.3022</dst>
      <dst id="18">40676.1689</dst>
      <dst id="4">74942.2311</dst>
      <dst id="1">4554.9600</dst>
      <dst id="5">1203.0933</dst>
      <dst id="3">109.7067</dst>
      <dst id="22">3305.9111</dst>
      <dst id="7">1955.0044</dst>
      <dst id="2">895.4844</dst>
      <dst id="6">8650.0000</dst>
      <dst id="16">2318.5689</dst>
      <dst id="14">5152.3822</dst>
      <dst id="20">447.0933</dst>
      <dst id="11">3456.1511</dst>
      <dst id="9">499.8489</dst>
      <dst id="17">23567.9822</dst>
      <dst id="21">1678.8533</dst>
      <dst id="15">57.8400</dst>
    </src>
    <src id="6">
      <dst id="12">11073.0933</dst>
      <dst id="13">0.5244</dst>
      <dst id="19">8.0089</dst>
      <dst id="23">1.8844</dst>
      <dst id="18">0.3556</dst>
      <dst id="4">1370.1600</dst>
      <dst id="1">32.0711</dst>
      <dst id="5">0.3556</dst>
      <dst id="22">53.2622</dst>
      <dst id="7">13.3333</dst>
      <dst id="2">1853.6711</dst>
      <dst id="16">14.5511</dst>
      <dst id="9">0.4267</dst>
      <dst id="17">1729.0044</dst>
      <dst id="21">2.5689</dst>
    </src>
    <src id="16">
      <dst id="12">2620.2311</dst>
      <dst id="13">254.0000</dst>
      <dst id="19">4856.0089</dst>
      <dst id="23">2921.2089</dst>
      <dst id="8">4288.0889</dst>
      <dst id="18">8.1511</dst>
      <dst id="4">2871.0667</dst>
      <dst id="1">20712.5422</dst>
      <dst id="5">4198.8889</dst>
      <dst id="3">41.1022</dst>
      <dst id="7">2996.9689</dst>
      <dst id="2">664.9600</dst>
      <dst id="6">35.2000</dst>
      <dst id="16">75.7244</dst>
      <dst id="14">1815.7333</dst>
      <dst id="11">195.2267</dst>
      <dst id="9">6108.2844</dst>
      <dst id="17">2160.1067</dst>
      <dst id="21">1801.4578</dst>
    </src>
    <src id="14">
      <dst id="12">26253.0400</dst>
      <dst id="13">64.3378</dst>
      <dst id="19">9.8844</dst>
      <dst id="8">0.4267</dst>
      <dst id="18">4.0000</dst>
      <dst id="4">2179.8133</dst>
      <dst id="1">127.0400</dst>
      <dst id="5">3.8311</dst>
      <dst id="3">47.2800</dst>
      <dst id="22">14.3200</dst>
      <dst id="7">72.5067</dst>
      <dst id="2">10430.4622</dst>
      <dst id="16">39.6800</dst>
      <dst id="20">11.5911</dst>
      <dst id="11">62.9067</dst>
      <dst id="9">10.2667</dst>
      <dst id="17">24851.8222</dst>
      <dst id="21">434.3911</dst>
      <dst id="15">0.6400</dst>
    </src>
    <src id="20">
      <dst id="12">6534.8978</dst>
      <dst id="13">1679.4311</dst>
      <dst id="19">7.2978</dst>
      <dst id="23">22.1600</dst>
      <dst id="8">154.8444</dst>
      <dst id="18">0.8800</dst>
      <dst id="4">4936.2578</dst>
      <dst id="1">304.1956</dst>
      <dst id="5">7601.2267</dst>
      <dst id="3">82.3200</dst>
      <dst id="7">2132.6044</dst>
      <dst id="2">1008.4000</dst>
      <dst id="14">239.8222</dst>
      <dst id="11">886.0622</dst>
      <dst id="9">6414.2311</dst>
      <dst id="17">11259.4933</dst>
      <dst id="21">165.6533</dst>
    </src>
    <src id="11">
      <dst id="12">375267.2444</dst>
      <dst id="13">3030.4800</dst>
      <dst id="19">19.5644</dst>
      <dst id="23">6.1511</dst>
      <dst id="8">1643.6444</dst>
      <dst id="18">108.7289</dst>
      <dst id="4">9436.8800</dst>
      <dst id="1">1402.5067</dst>
      <dst id="5">798.6133</dst>
      <dst id="3">217.4667</dst>
      <dst id="22">1861.9644</dst>
      <dst id="7">127.2444</dst>
      <dst id="2">164175.8400</dst>
      <dst id="6">1.1822</dst>
      <dst id="16">364.0089</dst>
      <dst id="14">64.1422</dst>
      <dst id="20">146.2489</dst>
      <dst id="11">2100.8622</dst>
      <dst id="9">1074.8089</dst>
      <dst id="17">159374.2044</dst>
      <dst id="21">245.4933</dst>
      <dst id="15">107.5378</dst>
    </src>
    <src id="9">
      <dst id="12">431708.5600</dst>
      <dst id="13">2221.5022</dst>
      <dst id="19">5.8667</dst>
      <dst id="23">74.1689</dst>
      <dst id="8">197.3778</dst>
      <dst id="18">55.9111</dst>
      <dst id="4">6989.1111</dst>
      <dst id="1">972.9333</dst>
      <dst id="5">1637.2444</dst>
      <dst id="3">15.7156</dst>
      <dst id="22">2379.7156</dst>
      <dst id="7">126.4622</dst>
      <dst id="2">156594.5244</dst>
      <dst id="6">0.3378</dst>
      <dst id="16">641.6089</dst>
      <dst id="14">15.1111</dst>
      <dst id="20">9046.1422</dst>
      <dst id="11">530.3289</dst>
      <dst id="9">423.0756</dst>
      <dst id="17">163244.8000</dst>
      <dst id="21">302.8089</dst>
      <dst id="15">2411.0489</dst>
    </src>
    <src id="17">
      <dst id="12">11100.9067</dst>
      <dst id="13">1630.3911</dst>
      <dst id="19">172.9778</dst>
      <dst id="23">216.0178</dst>
      <dst id="8">114510.1333</dst>
      <dst id="18">233.9822</dst>
      <dst id="4">27531.5644</dst>
      <dst id="1">10430.1956</dst>
      <dst id="5">200399.7689</dst>
      <dst id="3">4308.4533</dst>
      <dst id="22">5176.8711</dst>
      <dst id="7">1121.1911</dst>
      <dst id="2">18121.0756</dst>
      <dst id="6">2764.8889</dst>
      <dst id="16">3785.4933</dst>
      <dst id="14">48800.3644</dst>
      <dst id="20">4092.9778</dst>
      <dst id="11">91914.3378</dst>
      <dst id="9">188324.2756</dst>
      <dst id="17">1853.7600</dst>
      <dst id="21">16177.5467</dst>
      <dst id="15">115.0133</dst>
    </src>
    <src id="21">
      <dst id="12">27030.5333</dst>
      <dst id="13">1166.2667</dst>
      <dst id="19">151.5111</dst>
      <dst id="23">11.2000</dst>
      <dst id="8">32.5422</dst>
      <dst id="18">225.0844</dst>
      <dst id="4">10917.2622</dst>
      <dst id="1">2369.2178</dst>
      <dst id="5">582.9067</dst>
      <dst id="3">963.5733</dst>
      <dst id="22">635.6978</dst>
      <dst id="7">845.8400</dst>
      <dst id="2">16192.6133</dst>
      <dst id="6">3.5022</dst>
      <dst id="16">133.3333</dst>
      <dst id="14">57.5911</dst>
      <dst id="20">51.3778</dst>
      <dst id="11">357.5200</dst>
      <dst id="9">239.1911</dst>
      <dst id="17">7760.4978</dst>
      <dst id="21">1134.6400</dst>
      <dst id="15">100.1067</dst>
    </src>
    <src id="15">
      <dst id="12">113.8311</dst>
      <dst id="13">298.0978</dst>
      <dst id="19">19.6267</dst>
      <dst id="23">0.4622</dst>
      <dst id="8">78.0089</dst>
      <dst id="18">0.6400</dst>
      <dst id="4">629.9644</dst>
      <dst id="1">460.8089</dst>
      <dst id="5">271.0311</dst>
      <dst id="3">9.2267</dst>
      <dst id="7">4.8622</dst>
      <dst id="2">2477.3689</dst>
      <dst id="14">0.6222</dst>
      <dst id="11">147.7600</dst>
      <dst id="9">232.8089</dst>
      <dst id="17">173.1556</dst>
      <dst id="21">37.8311</dst>
    </src>
  </IntraTM>
</TrafficMatrixFile>
