<?xml version="1.0" encoding="UTF-8" standalone="yes"?>
<TrafficMatrixFile xmlns:xsi="http://www.w3.org/2001/XMLSchema-instance" xsi:noNamespaceSchemaLocation="http://totem.run.montefiore.ulg.ac.be/Schema/TrafficMatrix-v1_2.xsd">
  <info>
    <title>Intradomain traffic matrix generated by geant-TM-all.pl</title>
    <date>2005-01-05T11:30:00</date>
    <duration>900</duration>
    <author>Steve Uhlig</author>
    <units>
        <unit type="bandwidth" value="kbps"/>
    </units>
  </info>
  <IntraTM ASID="20965">
    <src id="12">
      <dst id="12">190400.1156</dst>
      <dst id="13">13875.8400</dst>
      <dst id="19">673.6000</dst>
      <dst id="23">5.0667</dst>
      <dst id="8">1830.2222</dst>
      <dst id="18">495.5467</dst>
      <dst id="4">84414.7644</dst>
      <dst id="1">13385.6178</dst>
      <dst id="5">1335.0667</dst>
      <dst id="3">5661.1289</dst>
      <dst id="22">4140.7200</dst>
      <dst id="7">2210.0000</dst>
      <dst id="2">73624.9600</dst>
      <dst id="6">3.9644</dst>
      <dst id="16">6676.0711</dst>
      <dst id="14">275.6800</dst>
      <dst id="20">597.2800</dst>
      <dst id="11">2445.1733</dst>
      <dst id="9">1885.0933</dst>
      <dst id="17">52248.7556</dst>
      <dst id="21">1041.3067</dst>
      <dst id="15">1173.6533</dst>
    </src>
    <src id="13">
      <dst id="12">34376.4978</dst>
      <dst id="19">29840.0800</dst>
      <dst id="23">279.6444</dst>
      <dst id="8">1620.9067</dst>
      <dst id="18">1622.1244</dst>
      <dst id="1">1250.3289</dst>
      <dst id="5">10364.3556</dst>
      <dst id="3">8923.6267</dst>
      <dst id="22">18507.7156</dst>
      <dst id="7">9635.9111</dst>
      <dst id="2">72853.1911</dst>
      <dst id="6">53.5733</dst>
      <dst id="16">6789.5022</dst>
      <dst id="14">1514.0178</dst>
      <dst id="20">4541.2711</dst>
      <dst id="11">9381.6889</dst>
      <dst id="9">11567.6444</dst>
      <dst id="17">37427.2000</dst>
      <dst id="21">8805.6356</dst>
      <dst id="15">563.2889</dst>
    </src>
    <src id="19">
      <dst id="12">12754.8622</dst>
      <dst id="13">505.6444</dst>
      <dst id="18">153.9022</dst>
      <dst id="4">19039.5289</dst>
      <dst id="1">307.7689</dst>
      <dst id="5">1349.7956</dst>
      <dst id="3">2.5689</dst>
      <dst id="22">2212.8089</dst>
      <dst id="7">2969.4133</dst>
      <dst id="2">101.2356</dst>
      <dst id="16">5446.8178</dst>
      <dst id="20">56.1867</dst>
      <dst id="11">163.4844</dst>
      <dst id="9">14.6400</dst>
      <dst id="17">267.3689</dst>
      <dst id="21">34.0533</dst>
      <dst id="15">1.4222</dst>
    </src>
    <src id="23">
      <dst id="12">31.2978</dst>
      <dst id="13">71.7956</dst>
      <dst id="19">0.3378</dst>
      <dst id="18">1.0400</dst>
      <dst id="4">29.8044</dst>
      <dst id="1">67.0756</dst>
      <dst id="5">250.0711</dst>
      <dst id="3">245.9822</dst>
      <dst id="22">32.0889</dst>
      <dst id="7">707.4933</dst>
      <dst id="2">14.3378</dst>
      <dst id="16">32.2667</dst>
      <dst id="14">40.0000</dst>
      <dst id="11">41.7156</dst>
      <dst id="9">1104.0978</dst>
      <dst id="17">389.4133</dst>
      <dst id="21">93.5556</dst>
      <dst id="15">3.5822</dst>
    </src>
    <src id="8">
      <dst id="12">270861.0222</dst>
      <dst id="13">714.9067</dst>
      <dst id="18">0.7111</dst>
      <dst id="4">4493.6089</dst>
      <dst id="1">927.6711</dst>
      <dst id="5">298.9333</dst>
      <dst id="3">28.2578</dst>
      <dst id="22">603.1467</dst>
      <dst id="7">101.1556</dst>
      <dst id="2">96162.2933</dst>
      <dst id="16">568.6400</dst>
      <dst id="20">26.1956</dst>
      <dst id="11">6.3556</dst>
      <dst id="9">247.7067</dst>
      <dst id="17">87467.7422</dst>
      <dst id="21">114.9956</dst>
      <dst id="15">18.4533</dst>
    </src>
    <src id="18">
      <dst id="12">87985.7156</dst>
      <dst id="13">137.0400</dst>
      <dst id="19">10.9867</dst>
      <dst id="23">1.1022</dst>
      <dst id="8">24.8533</dst>
      <dst id="4">2204.8533</dst>
      <dst id="1">1072.1867</dst>
      <dst id="5">138.1244</dst>
      <dst id="3">16.4089</dst>
      <dst id="22">185.7867</dst>
      <dst id="7">30.8089</dst>
      <dst id="2">25379.5644</dst>
      <dst id="16">47.8578</dst>
      <dst id="14">0.9244</dst>
      <dst id="20">1.8133</dst>
      <dst id="11">11.6178</dst>
      <dst id="9">19.7867</dst>
      <dst id="17">36970.2667</dst>
      <dst id="21">41.5378</dst>
      <dst id="15">14.7467</dst>
    </src>
    <src id="4">
      <dst id="12">10289.4133</dst>
      <dst id="19">14816.5156</dst>
      <dst id="8">2073.4133</dst>
      <dst id="18">530.1689</dst>
      <dst id="4">1.5111</dst>
      <dst id="1">11773.1378</dst>
      <dst id="5">1216.5422</dst>
      <dst id="3">411.8222</dst>
      <dst id="22">2413.0311</dst>
      <dst id="7">53564.0978</dst>
      <dst id="2">62219.2444</dst>
      <dst id="6">1.9556</dst>
      <dst id="16">690.8711</dst>
      <dst id="14">965.1289</dst>
      <dst id="20">803.9200</dst>
      <dst id="11">2170.0622</dst>
      <dst id="9">3611.5644</dst>
      <dst id="17">22104.0444</dst>
      <dst id="21">4136.8533</dst>
      <dst id="15">866.2756</dst>
    </src>
    <src id="1">
      <dst id="12">19841.1822</dst>
      <dst id="13">251.1467</dst>
      <dst id="19">4.8800</dst>
      <dst id="23">57.1822</dst>
      <dst id="8">63573.7689</dst>
      <dst id="18">12345.6356</dst>
      <dst id="4">4197.9733</dst>
      <dst id="1">74496.0356</dst>
      <dst id="5">132305.3333</dst>
      <dst id="3">123.3511</dst>
      <dst id="22">1631.9467</dst>
      <dst id="7">1395.2089</dst>
      <dst id="2">35140.5867</dst>
      <dst id="6">3195.0667</dst>
      <dst id="16">9625.2978</dst>
      <dst id="14">40.0178</dst>
      <dst id="20">77.3422</dst>
      <dst id="11">173.1733</dst>
      <dst id="9">131113.6889</dst>
      <dst id="17">3799.0400</dst>
      <dst id="21">3904.0089</dst>
      <dst id="15">112.1956</dst>
    </src>
    <src id="5">
      <dst id="12">244713.1556</dst>
      <dst id="13">1642.0711</dst>
      <dst id="19">77.1111</dst>
      <dst id="23">5.1911</dst>
      <dst id="8">561.3778</dst>
      <dst id="18">657.1822</dst>
      <dst id="4">4582.2311</dst>
      <dst id="1">229.8044</dst>
      <dst id="3">3.5556</dst>
      <dst id="22">5470.2044</dst>
      <dst id="7">433.3867</dst>
      <dst id="2">106705.2622</dst>
      <dst id="6">52.3200</dst>
      <dst id="16">375.0844</dst>
      <dst id="14">46.8444</dst>
      <dst id="20">13863.1822</dst>
      <dst id="11">354.2489</dst>
      <dst id="9">596.7378</dst>
      <dst id="17">100099.4222</dst>
      <dst id="21">194.5689</dst>
      <dst id="15">150.8000</dst>
    </src>
    <src id="3">
      <dst id="12">20195.9289</dst>
      <dst id="13">7601.7778</dst>
      <dst id="19">783.1911</dst>
      <dst id="23">9709.2444</dst>
      <dst id="8">18.2133</dst>
      <dst id="18">42413.8311</dst>
      <dst id="4">20511.6622</dst>
      <dst id="1">10398.6222</dst>
      <dst id="5">556.7111</dst>
      <dst id="3">9527.2089</dst>
      <dst id="22">2446.0711</dst>
      <dst id="7">4027.4133</dst>
      <dst id="2">31715.6889</dst>
      <dst id="6">28.5422</dst>
      <dst id="16">834.8800</dst>
      <dst id="14">14943.3511</dst>
      <dst id="20">86.8622</dst>
      <dst id="11">100459.9644</dst>
      <dst id="9">164.3200</dst>
      <dst id="17">5613.8044</dst>
      <dst id="21">7809.9467</dst>
      <dst id="15">2613.3422</dst>
    </src>
    <src id="10">
      <dst id="12">7367.6711</dst>
      <dst id="19">2896.5156</dst>
      <dst id="8">280.5511</dst>
      <dst id="18">350.1244</dst>
      <dst id="4">0.7111</dst>
      <dst id="1">3364.9600</dst>
      <dst id="5">288.8089</dst>
      <dst id="3">613.6178</dst>
      <dst id="22">2209.5378</dst>
      <dst id="7">114317.6800</dst>
      <dst id="2">19027.3867</dst>
      <dst id="16">2695.1289</dst>
      <dst id="14">2605.3333</dst>
      <dst id="20">723.1378</dst>
      <dst id="11">3840.1867</dst>
      <dst id="9">1910.3111</dst>
      <dst id="17">21074.3200</dst>
      <dst id="21">5494.3644</dst>
      <dst id="15">785.4222</dst>
    </src>
    <src id="22">
      <dst id="12">8069.1111</dst>
      <dst id="13">2104.7822</dst>
      <dst id="19">278.0622</dst>
      <dst id="23">12.6578</dst>
      <dst id="8">231.0400</dst>
      <dst id="18">427.7600</dst>
      <dst id="4">17852.7911</dst>
      <dst id="1">2909.2622</dst>
      <dst id="5">2383.3067</dst>
      <dst id="3">854.5067</dst>
      <dst id="7">2920.8889</dst>
      <dst id="2">2717.4044</dst>
      <dst id="6">13.6178</dst>
      <dst id="16">10.1333</dst>
      <dst id="14">14.5422</dst>
      <dst id="11">500.5600</dst>
      <dst id="9">3356.2044</dst>
      <dst id="17">1595.8667</dst>
      <dst id="21">457.9022</dst>
    </src>
    <src id="7">
      <dst id="12">2559.6089</dst>
      <dst id="13">193.7511</dst>
      <dst id="19">197.5911</dst>
      <dst id="23">69.6089</dst>
      <dst id="8">49.6889</dst>
      <dst id="18">94.0533</dst>
      <dst id="4">19253.4844</dst>
      <dst id="1">2868.8267</dst>
      <dst id="5">1200.4889</dst>
      <dst id="3">36.1333</dst>
      <dst id="22">5145.7156</dst>
      <dst id="7">841.2089</dst>
      <dst id="2">6018.4356</dst>
      <dst id="6">42.9778</dst>
      <dst id="16">493.7867</dst>
      <dst id="14">32.4000</dst>
      <dst id="20">426.4089</dst>
      <dst id="11">2865.2089</dst>
      <dst id="9">225.8311</dst>
      <dst id="17">2882.6844</dst>
      <dst id="21">817.6267</dst>
      <dst id="15">86.4267</dst>
    </src>
    <src id="2">
      <dst id="12">52545.2800</dst>
      <dst id="13">508011.3333</dst>
      <dst id="19">132.4800</dst>
      <dst id="23">13.3333</dst>
      <dst id="8">108.4800</dst>
      <dst id="18">29177.6000</dst>
      <dst id="4">97461.4133</dst>
      <dst id="1">5672.7733</dst>
      <dst id="5">2808.6133</dst>
      <dst id="3">22.9867</dst>
      <dst id="22">1486.5244</dst>
      <dst id="7">12821.5111</dst>
      <dst id="2">522.6222</dst>
      <dst id="6">5831.5289</dst>
      <dst id="16">2332.9067</dst>
      <dst id="14">5313.5200</dst>
      <dst id="20">193.4844</dst>
      <dst id="11">1042.0267</dst>
      <dst id="9">2062.5600</dst>
      <dst id="17">46440.1156</dst>
      <dst id="21">711.3333</dst>
      <dst id="15">97.5111</dst>
    </src>
    <src id="6">
      <dst id="12">6395.4400</dst>
      <dst id="13">0.7200</dst>
      <dst id="4">1267.6178</dst>
      <dst id="1">1.3867</dst>
      <dst id="5">1.1733</dst>
      <dst id="3">0.4622</dst>
      <dst id="22">2.3822</dst>
      <dst id="7">0.5333</dst>
      <dst id="2">1613.1289</dst>
      <dst id="16">1.1556</dst>
      <dst id="20">0.6756</dst>
      <dst id="11">14.0622</dst>
      <dst id="9">0.7111</dst>
      <dst id="17">1047.6178</dst>
      <dst id="21">0.3556</dst>
    </src>
    <src id="16">
      <dst id="12">1610.1867</dst>
      <dst id="13">199.9733</dst>
      <dst id="19">4682.8178</dst>
      <dst id="23">2.8089</dst>
      <dst id="8">775.9911</dst>
      <dst id="18">30.9156</dst>
      <dst id="4">4787.4044</dst>
      <dst id="1">24405.0756</dst>
      <dst id="5">1736.5511</dst>
      <dst id="7">1327.7333</dst>
      <dst id="2">165.5200</dst>
      <dst id="6">1.1378</dst>
      <dst id="16">23.6978</dst>
      <dst id="14">361.5289</dst>
      <dst id="11">603.0133</dst>
      <dst id="9">659.5111</dst>
      <dst id="17">1888.3467</dst>
      <dst id="21">2304.5867</dst>
    </src>
    <src id="14">
      <dst id="12">18095.4400</dst>
      <dst id="13">30.5333</dst>
      <dst id="19">5.6000</dst>
      <dst id="23">0.3911</dst>
      <dst id="8">0.8178</dst>
      <dst id="18">1.3867</dst>
      <dst id="4">2900.1867</dst>
      <dst id="1">25.1556</dst>
      <dst id="3">49.5022</dst>
      <dst id="22">2.7467</dst>
      <dst id="7">59.2000</dst>
      <dst id="2">3430.6756</dst>
      <dst id="16">4.6400</dst>
      <dst id="20">0.3556</dst>
      <dst id="11">81.0489</dst>
      <dst id="9">12.4889</dst>
      <dst id="17">10689.1556</dst>
      <dst id="21">69.5467</dst>
    </src>
    <src id="20">
      <dst id="12">3607.4489</dst>
      <dst id="13">1262.6756</dst>
      <dst id="19">51.7689</dst>
      <dst id="23">2.0800</dst>
      <dst id="8">62.0444</dst>
      <dst id="18">0.7733</dst>
      <dst id="4">3640.9156</dst>
      <dst id="1">81.0311</dst>
      <dst id="5">477.1911</dst>
      <dst id="3">74.6222</dst>
      <dst id="7">1397.8400</dst>
      <dst id="2">4070.2756</dst>
      <dst id="14">0.4622</dst>
      <dst id="11">295.8933</dst>
      <dst id="9">189.1378</dst>
      <dst id="17">11119.3956</dst>
      <dst id="21">124.3644</dst>
    </src>
    <src id="11">
      <dst id="12">403717.7600</dst>
      <dst id="13">1078.0267</dst>
      <dst id="19">11.1822</dst>
      <dst id="23">5.5467</dst>
      <dst id="8">134.1244</dst>
      <dst id="18">104.6222</dst>
      <dst id="4">8109.2711</dst>
      <dst id="1">884.4711</dst>
      <dst id="5">410.7467</dst>
      <dst id="3">1224.3733</dst>
      <dst id="22">1307.0489</dst>
      <dst id="7">589.0311</dst>
      <dst id="2">136171.3067</dst>
      <dst id="6">1.2800</dst>
      <dst id="16">189.7067</dst>
      <dst id="14">37.5022</dst>
      <dst id="20">69.9467</dst>
      <dst id="11">1028.7822</dst>
      <dst id="9">190.9156</dst>
      <dst id="17">140699.0400</dst>
      <dst id="21">166.8178</dst>
      <dst id="15">97.2889</dst>
    </src>
    <src id="9">
      <dst id="12">411013.4933</dst>
      <dst id="13">1147.5822</dst>
      <dst id="19">5.6800</dst>
      <dst id="23">29.4844</dst>
      <dst id="8">107.2444</dst>
      <dst id="18">107.5733</dst>
      <dst id="4">11848.9511</dst>
      <dst id="1">536.8267</dst>
      <dst id="5">979.1111</dst>
      <dst id="22">628.8444</dst>
      <dst id="7">186.0711</dst>
      <dst id="2">135235.8044</dst>
      <dst id="6">6.2222</dst>
      <dst id="16">155.2178</dst>
      <dst id="14">71.2178</dst>
      <dst id="20">3007.7511</dst>
      <dst id="11">529.6978</dst>
      <dst id="9">12.7378</dst>
      <dst id="17">149849.2533</dst>
      <dst id="21">133.4133</dst>
      <dst id="15">940.8533</dst>
    </src>
    <src id="17">
      <dst id="12">6323.6000</dst>
      <dst id="13">7637.6000</dst>
      <dst id="19">81.4311</dst>
      <dst id="23">19.1289</dst>
      <dst id="8">69769.7067</dst>
      <dst id="18">391.0400</dst>
      <dst id="4">163835.3422</dst>
      <dst id="1">3237.6178</dst>
      <dst id="5">150419.1822</dst>
      <dst id="3">8193.7867</dst>
      <dst id="22">2895.8489</dst>
      <dst id="7">1543.3422</dst>
      <dst id="2">10319.4756</dst>
      <dst id="6">107.0489</dst>
      <dst id="16">6198.9956</dst>
      <dst id="14">14319.0222</dst>
      <dst id="20">361.9378</dst>
      <dst id="11">69640.9156</dst>
      <dst id="9">122921.0667</dst>
      <dst id="17">1432.0889</dst>
      <dst id="21">3618.3289</dst>
      <dst id="15">15.8133</dst>
    </src>
    <src id="21">
      <dst id="12">13761.5111</dst>
      <dst id="13">1601.9733</dst>
      <dst id="19">201.0578</dst>
      <dst id="23">1.2444</dst>
      <dst id="8">8.9778</dst>
      <dst id="18">265.0222</dst>
      <dst id="4">20629.4400</dst>
      <dst id="1">1330.4356</dst>
      <dst id="5">208.2311</dst>
      <dst id="3">10143.3778</dst>
      <dst id="22">1232.5067</dst>
      <dst id="7">6045.6889</dst>
      <dst id="2">14481.1644</dst>
      <dst id="6">1.2178</dst>
      <dst id="16">130.7022</dst>
      <dst id="14">52.5867</dst>
      <dst id="20">1319.0311</dst>
      <dst id="11">493.6800</dst>
      <dst id="9">441.0133</dst>
      <dst id="17">2758.2489</dst>
      <dst id="21">901.2089</dst>
      <dst id="15">8.1778</dst>
    </src>
    <src id="15">
      <dst id="12">122.6578</dst>
      <dst id="13">194.7111</dst>
      <dst id="19">21.4400</dst>
      <dst id="23">3.2356</dst>
      <dst id="8">27.9200</dst>
      <dst id="18">0.3556</dst>
      <dst id="4">2340.2844</dst>
      <dst id="1">724.8711</dst>
      <dst id="5">29.8489</dst>
      <dst id="3">0.4622</dst>
      <dst id="7">815.6978</dst>
      <dst id="2">6528.4533</dst>
      <dst id="11">494.7200</dst>
      <dst id="9">391.8489</dst>
      <dst id="17">83.1022</dst>
      <dst id="21">69.1378</dst>
    </src>
  </IntraTM>
</TrafficMatrixFile>
