<?xml version="1.0" encoding="UTF-8" standalone="yes"?>
<TrafficMatrixFile xmlns:xsi="http://www.w3.org/2001/XMLSchema-instance" xsi:noNamespaceSchemaLocation="http://totem.run.montefiore.ulg.ac.be/Schema/TrafficMatrix-v1_2.xsd">
  <info>
    <title>Intradomain traffic matrix generated by geant-TM-all.pl</title>
    <date>2005-01-04T02:30:00</date>
    <duration>900</duration>
    <author>Steve Uhlig</author>
    <units>
        <unit type="bandwidth" value="kbps"/>
    </units>
  </info>
  <IntraTM ASID="20965">
    <src id="12">
      <dst id="12">251064.0711</dst>
      <dst id="13">16516.6222</dst>
      <dst id="19">2644.9778</dst>
      <dst id="23">154.4711</dst>
      <dst id="8">2418.8267</dst>
      <dst id="18">3684.9333</dst>
      <dst id="4">82179.8222</dst>
      <dst id="1">12461.1467</dst>
      <dst id="5">5233.7422</dst>
      <dst id="3">3897.6533</dst>
      <dst id="22">21242.7644</dst>
      <dst id="7">3462.6933</dst>
      <dst id="2">84205.9378</dst>
      <dst id="6">86.0711</dst>
      <dst id="16">6181.8578</dst>
      <dst id="14">399.1289</dst>
      <dst id="20">6807.4933</dst>
      <dst id="11">4225.2800</dst>
      <dst id="9">9815.9911</dst>
      <dst id="17">79043.0489</dst>
      <dst id="21">3471.8400</dst>
      <dst id="15">7302.5778</dst>
    </src>
    <src id="13">
      <dst id="12">52515.9289</dst>
      <dst id="19">11200.7911</dst>
      <dst id="23">25.5467</dst>
      <dst id="8">4951.9378</dst>
      <dst id="18">1594.1778</dst>
      <dst id="1">2758.4978</dst>
      <dst id="5">10022.3556</dst>
      <dst id="3">6936.2933</dst>
      <dst id="22">22208.0889</dst>
      <dst id="7">10782.9067</dst>
      <dst id="2">96560.6044</dst>
      <dst id="6">95.5556</dst>
      <dst id="16">9406.5689</dst>
      <dst id="14">2100.0800</dst>
      <dst id="20">15040.4533</dst>
      <dst id="11">14377.3333</dst>
      <dst id="9">8093.0133</dst>
      <dst id="17">48582.0800</dst>
      <dst id="21">15751.6978</dst>
      <dst id="15">18843.3422</dst>
    </src>
    <src id="19">
      <dst id="12">18174.4533</dst>
      <dst id="13">636.6756</dst>
      <dst id="23">113.7600</dst>
      <dst id="8">1.0756</dst>
      <dst id="18">0.3556</dst>
      <dst id="4">18912.9600</dst>
      <dst id="1">12754.5867</dst>
      <dst id="5">558.6489</dst>
      <dst id="3">25.6444</dst>
      <dst id="22">678.5689</dst>
      <dst id="7">4324.3467</dst>
      <dst id="2">258.9333</dst>
      <dst id="6">88.5333</dst>
      <dst id="16">6404.3822</dst>
      <dst id="14">0.4978</dst>
      <dst id="20">6.2933</dst>
      <dst id="11">102.0622</dst>
      <dst id="9">215.9556</dst>
      <dst id="17">4561.4578</dst>
      <dst id="21">838.3822</dst>
      <dst id="15">0.7111</dst>
    </src>
    <src id="23">
      <dst id="12">578.6489</dst>
      <dst id="13">215.8489</dst>
      <dst id="19">15.2178</dst>
      <dst id="8">40.0000</dst>
      <dst id="18">1125.5822</dst>
      <dst id="4">29.5111</dst>
      <dst id="1">31.5911</dst>
      <dst id="5">40.0000</dst>
      <dst id="3">199.6267</dst>
      <dst id="22">99.1111</dst>
      <dst id="7">28.0089</dst>
      <dst id="2">3.4044</dst>
      <dst id="16">638.6844</dst>
      <dst id="20">15.4667</dst>
      <dst id="11">109.2356</dst>
      <dst id="9">471.3956</dst>
      <dst id="17">189.6711</dst>
      <dst id="21">123.1644</dst>
    </src>
    <src id="8">
      <dst id="12">311503.4578</dst>
      <dst id="13">858.4711</dst>
      <dst id="19">0.4622</dst>
      <dst id="23">14.1511</dst>
      <dst id="18">46.9867</dst>
      <dst id="4">3702.8889</dst>
      <dst id="1">489.6356</dst>
      <dst id="5">1132.5778</dst>
      <dst id="3">55.2089</dst>
      <dst id="22">1138.6133</dst>
      <dst id="7">346.6844</dst>
      <dst id="2">148395.3600</dst>
      <dst id="16">975.6000</dst>
      <dst id="14">12.6222</dst>
      <dst id="20">46.8711</dst>
      <dst id="11">3895.8756</dst>
      <dst id="9">402.9333</dst>
      <dst id="17">119777.2978</dst>
      <dst id="21">43.0044</dst>
      <dst id="15">40.7111</dst>
    </src>
    <src id="18">
      <dst id="12">97753.1289</dst>
      <dst id="13">146.9244</dst>
      <dst id="19">0.3378</dst>
      <dst id="23">27.9467</dst>
      <dst id="8">711.0044</dst>
      <dst id="4">1820.5600</dst>
      <dst id="1">1152.9600</dst>
      <dst id="5">191.6622</dst>
      <dst id="3">66.7822</dst>
      <dst id="22">58.2400</dst>
      <dst id="7">5.0933</dst>
      <dst id="2">33547.5644</dst>
      <dst id="16">101.7867</dst>
      <dst id="14">12.8622</dst>
      <dst id="20">268.1689</dst>
      <dst id="11">55.2889</dst>
      <dst id="9">196.6400</dst>
      <dst id="17">44504.0978</dst>
      <dst id="21">358.9511</dst>
      <dst id="15">0.9244</dst>
    </src>
    <src id="4">
      <dst id="12">29199.0400</dst>
      <dst id="19">15879.0578</dst>
      <dst id="23">4.3378</dst>
      <dst id="8">482.4533</dst>
      <dst id="18">1881.4489</dst>
      <dst id="4">1.8133</dst>
      <dst id="1">25335.4933</dst>
      <dst id="5">2138.6578</dst>
      <dst id="3">165.7067</dst>
      <dst id="22">7454.4711</dst>
      <dst id="7">100900.3467</dst>
      <dst id="2">70271.4489</dst>
      <dst id="6">2.1600</dst>
      <dst id="16">2282.0178</dst>
      <dst id="14">1284.8533</dst>
      <dst id="20">653.6978</dst>
      <dst id="11">6493.9644</dst>
      <dst id="9">1667.1378</dst>
      <dst id="17">89835.7156</dst>
      <dst id="21">2216.8889</dst>
      <dst id="15">1158.8356</dst>
    </src>
    <src id="1">
      <dst id="12">15812.6844</dst>
      <dst id="13">458.3911</dst>
      <dst id="19">242.9956</dst>
      <dst id="23">54.7289</dst>
      <dst id="8">110487.8489</dst>
      <dst id="18">12857.8400</dst>
      <dst id="4">6060.1511</dst>
      <dst id="1">16268.6578</dst>
      <dst id="5">205826.1956</dst>
      <dst id="3">163.6711</dst>
      <dst id="22">8333.7600</dst>
      <dst id="7">983.9111</dst>
      <dst id="2">4719.1289</dst>
      <dst id="6">9841.2622</dst>
      <dst id="16">13661.0844</dst>
      <dst id="14">33.2622</dst>
      <dst id="20">170.4889</dst>
      <dst id="11">182.8267</dst>
      <dst id="9">209098.9511</dst>
      <dst id="17">1976.5067</dst>
      <dst id="21">8143.4133</dst>
      <dst id="15">70.2489</dst>
    </src>
    <src id="5">
      <dst id="12">314560.2578</dst>
      <dst id="13">13919.2000</dst>
      <dst id="19">6937.5378</dst>
      <dst id="23">1.8489</dst>
      <dst id="8">12822.7822</dst>
      <dst id="18">147.2267</dst>
      <dst id="4">9181.4133</dst>
      <dst id="1">321.3156</dst>
      <dst id="3">67.3511</dst>
      <dst id="22">13053.8400</dst>
      <dst id="7">161.2267</dst>
      <dst id="2">153697.0400</dst>
      <dst id="6">6.5689</dst>
      <dst id="16">423.5911</dst>
      <dst id="14">2.2400</dst>
      <dst id="20">173.1822</dst>
      <dst id="11">1168.6756</dst>
      <dst id="9">573.4933</dst>
      <dst id="17">111676.5956</dst>
      <dst id="21">319.1822</dst>
      <dst id="15">133.7689</dst>
    </src>
    <src id="3">
      <dst id="12">14357.1822</dst>
      <dst id="13">7289.5822</dst>
      <dst id="19">1707.7422</dst>
      <dst id="23">3629.0844</dst>
      <dst id="8">96.1778</dst>
      <dst id="18">79103.7689</dst>
      <dst id="4">20851.6356</dst>
      <dst id="1">6357.7244</dst>
      <dst id="5">263.7867</dst>
      <dst id="3">13477.7422</dst>
      <dst id="22">1907.3867</dst>
      <dst id="7">1843.4400</dst>
      <dst id="2">7335.8311</dst>
      <dst id="6">0.5156</dst>
      <dst id="16">848.6222</dst>
      <dst id="14">30343.3333</dst>
      <dst id="20">53.7422</dst>
      <dst id="11">167542.4889</dst>
      <dst id="9">99.2800</dst>
      <dst id="17">7422.6489</dst>
      <dst id="21">17011.7867</dst>
      <dst id="15">1603.7778</dst>
    </src>
    <src id="10">
      <dst id="12">13941.4578</dst>
      <dst id="19">3334.0711</dst>
      <dst id="8">681.0667</dst>
      <dst id="18">11553.4933</dst>
      <dst id="1">4347.8311</dst>
      <dst id="5">1152.8178</dst>
      <dst id="3">6852.1156</dst>
      <dst id="22">11140.3467</dst>
      <dst id="7">5967.3067</dst>
      <dst id="2">27274.0267</dst>
      <dst id="6">14.6933</dst>
      <dst id="16">9964.2667</dst>
      <dst id="14">1385.2711</dst>
      <dst id="20">2378.6578</dst>
      <dst id="11">7186.8178</dst>
      <dst id="9">1282.9956</dst>
      <dst id="17">10061.3067</dst>
      <dst id="21">8235.7511</dst>
      <dst id="15">506.8889</dst>
    </src>
    <src id="22">
      <dst id="12">10541.0400</dst>
      <dst id="13">5042.0800</dst>
      <dst id="19">102.2133</dst>
      <dst id="23">37.5733</dst>
      <dst id="8">2280.1156</dst>
      <dst id="18">775.4311</dst>
      <dst id="4">13793.9022</dst>
      <dst id="1">1566.7911</dst>
      <dst id="5">1864.9689</dst>
      <dst id="3">1885.2267</dst>
      <dst id="7">792.5244</dst>
      <dst id="2">5903.3333</dst>
      <dst id="6">1.3600</dst>
      <dst id="16">46.0622</dst>
      <dst id="14">544.5067</dst>
      <dst id="11">1456.7911</dst>
      <dst id="9">8771.5022</dst>
      <dst id="17">7334.5600</dst>
      <dst id="21">1740.7733</dst>
    </src>
    <src id="7">
      <dst id="12">8243.3778</dst>
      <dst id="13">155.6000</dst>
      <dst id="19">149.6533</dst>
      <dst id="23">113.9733</dst>
      <dst id="8">234.9956</dst>
      <dst id="18">144.5689</dst>
      <dst id="4">13192.5422</dst>
      <dst id="1">3332.9422</dst>
      <dst id="5">904.8800</dst>
      <dst id="3">15338.9778</dst>
      <dst id="22">4133.8222</dst>
      <dst id="7">607.5378</dst>
      <dst id="2">10798.8178</dst>
      <dst id="6">23.2444</dst>
      <dst id="16">1218.0178</dst>
      <dst id="14">169.5378</dst>
      <dst id="20">1121.5111</dst>
      <dst id="11">1254.2844</dst>
      <dst id="9">559.9022</dst>
      <dst id="17">9786.2578</dst>
      <dst id="21">2899.3600</dst>
      <dst id="15">233.4578</dst>
    </src>
    <src id="2">
      <dst id="12">97845.4222</dst>
      <dst id="13">510672.8178</dst>
      <dst id="19">459.9911</dst>
      <dst id="8">1629.5556</dst>
      <dst id="18">57859.9111</dst>
      <dst id="4">82950.7822</dst>
      <dst id="1">6412.3467</dst>
      <dst id="5">1948.1333</dst>
      <dst id="3">641.3333</dst>
      <dst id="22">2416.0000</dst>
      <dst id="7">2744.5867</dst>
      <dst id="2">809.8489</dst>
      <dst id="6">7421.7244</dst>
      <dst id="16">2686.2133</dst>
      <dst id="14">5574.7556</dst>
      <dst id="20">323.7689</dst>
      <dst id="11">7241.5022</dst>
      <dst id="9">1035.2089</dst>
      <dst id="17">21137.9556</dst>
      <dst id="21">2238.7644</dst>
      <dst id="15">130.2311</dst>
    </src>
    <src id="6">
      <dst id="12">12025.3689</dst>
      <dst id="13">5.4667</dst>
      <dst id="19">0.3556</dst>
      <dst id="8">0.4089</dst>
      <dst id="18">0.7111</dst>
      <dst id="4">1242.5156</dst>
      <dst id="1">0.4978</dst>
      <dst id="5">0.3556</dst>
      <dst id="22">38.2222</dst>
      <dst id="7">4.5422</dst>
      <dst id="2">2149.6533</dst>
      <dst id="16">0.7644</dst>
      <dst id="20">0.3556</dst>
      <dst id="11">25.5822</dst>
      <dst id="9">1.1556</dst>
      <dst id="17">1682.3556</dst>
      <dst id="21">30.6044</dst>
    </src>
    <src id="16">
      <dst id="12">2928.3911</dst>
      <dst id="13">657.4400</dst>
      <dst id="19">3680.3911</dst>
      <dst id="23">78.9333</dst>
      <dst id="8">3256.5867</dst>
      <dst id="18">30.4800</dst>
      <dst id="4">3947.5378</dst>
      <dst id="1">19473.9911</dst>
      <dst id="5">5108.5067</dst>
      <dst id="7">979.1467</dst>
      <dst id="2">1477.0489</dst>
      <dst id="6">15.9289</dst>
      <dst id="16">51.1111</dst>
      <dst id="14">0.4267</dst>
      <dst id="11">756.0444</dst>
      <dst id="9">7829.5822</dst>
      <dst id="17">1694.1511</dst>
      <dst id="21">1391.9200</dst>
    </src>
    <src id="14">
      <dst id="12">18495.3867</dst>
      <dst id="13">62.3378</dst>
      <dst id="19">4.2133</dst>
      <dst id="23">0.4978</dst>
      <dst id="18">0.7111</dst>
      <dst id="4">2059.4222</dst>
      <dst id="1">120.3911</dst>
      <dst id="5">10.3111</dst>
      <dst id="3">2354.1600</dst>
      <dst id="22">14.9689</dst>
      <dst id="7">81.8667</dst>
      <dst id="2">7078.2044</dst>
      <dst id="16">23.0400</dst>
      <dst id="11">42.8444</dst>
      <dst id="9">62.3556</dst>
      <dst id="17">9005.5911</dst>
      <dst id="21">46.5244</dst>
    </src>
    <src id="20">
      <dst id="12">3705.7156</dst>
      <dst id="13">1804.2578</dst>
      <dst id="19">19.1822</dst>
      <dst id="23">40.4622</dst>
      <dst id="8">104.4622</dst>
      <dst id="18">23.4311</dst>
      <dst id="4">12582.1778</dst>
      <dst id="1">143.9200</dst>
      <dst id="5">768.5956</dst>
      <dst id="3">260.8978</dst>
      <dst id="7">1396.2400</dst>
      <dst id="2">866.8800</dst>
      <dst id="16">5.1200</dst>
      <dst id="14">4.4444</dst>
      <dst id="11">2087.8844</dst>
      <dst id="9">825.9200</dst>
      <dst id="17">600.4889</dst>
      <dst id="21">160.0356</dst>
    </src>
    <src id="11">
      <dst id="12">422883.4044</dst>
      <dst id="13">4759.4311</dst>
      <dst id="19">155.9467</dst>
      <dst id="23">2.0711</dst>
      <dst id="8">649.0222</dst>
      <dst id="18">78.7733</dst>
      <dst id="4">9778.5778</dst>
      <dst id="1">354.7289</dst>
      <dst id="5">1988.2400</dst>
      <dst id="3">852.3911</dst>
      <dst id="22">1449.3778</dst>
      <dst id="7">211.8044</dst>
      <dst id="2">165169.7867</dst>
      <dst id="6">13.2444</dst>
      <dst id="16">949.5200</dst>
      <dst id="14">78.0889</dst>
      <dst id="20">272.4089</dst>
      <dst id="11">3984.2311</dst>
      <dst id="9">1143.9911</dst>
      <dst id="17">168850.4711</dst>
      <dst id="21">541.8044</dst>
      <dst id="15">1488.6400</dst>
    </src>
    <src id="9">
      <dst id="12">444189.4133</dst>
      <dst id="13">2745.2711</dst>
      <dst id="19">204.9067</dst>
      <dst id="23">15.6978</dst>
      <dst id="8">337.5556</dst>
      <dst id="18">448.9422</dst>
      <dst id="4">6815.6533</dst>
      <dst id="1">2134.5244</dst>
      <dst id="5">1322.0889</dst>
      <dst id="3">8.5867</dst>
      <dst id="22">5874.6756</dst>
      <dst id="7">224.9689</dst>
      <dst id="2">166886.4267</dst>
      <dst id="6">1.7244</dst>
      <dst id="16">2666.0622</dst>
      <dst id="14">20.8711</dst>
      <dst id="20">1065.5733</dst>
      <dst id="11">1144.0800</dst>
      <dst id="9">10656.9956</dst>
      <dst id="17">162876.2756</dst>
      <dst id="21">3641.7956</dst>
      <dst id="15">2559.3867</dst>
    </src>
    <src id="17">
      <dst id="12">11651.9467</dst>
      <dst id="13">4612.0000</dst>
      <dst id="19">2311.5467</dst>
      <dst id="23">42.8089</dst>
      <dst id="8">131061.0489</dst>
      <dst id="18">145.6711</dst>
      <dst id="4">39409.8400</dst>
      <dst id="1">720.7644</dst>
      <dst id="5">193550.5067</dst>
      <dst id="3">4997.0311</dst>
      <dst id="22">8203.0222</dst>
      <dst id="7">1580.7289</dst>
      <dst id="2">24177.1289</dst>
      <dst id="6">202.4711</dst>
      <dst id="16">4356.4000</dst>
      <dst id="14">20802.3378</dst>
      <dst id="20">1039.4489</dst>
      <dst id="11">121672.4978</dst>
      <dst id="9">178524.0356</dst>
      <dst id="17">1579.4222</dst>
      <dst id="21">7217.3333</dst>
      <dst id="15">1277.0044</dst>
    </src>
    <src id="21">
      <dst id="12">18900.0533</dst>
      <dst id="13">373.5733</dst>
      <dst id="19">177.2622</dst>
      <dst id="23">3.6444</dst>
      <dst id="8">45.3956</dst>
      <dst id="18">121.9556</dst>
      <dst id="4">13203.8667</dst>
      <dst id="1">1648.9867</dst>
      <dst id="5">700.5689</dst>
      <dst id="3">919.7511</dst>
      <dst id="22">713.1467</dst>
      <dst id="7">647.5644</dst>
      <dst id="2">11872.7289</dst>
      <dst id="16">176.0000</dst>
      <dst id="14">114.1422</dst>
      <dst id="20">190.5778</dst>
      <dst id="11">1182.8533</dst>
      <dst id="9">606.8444</dst>
      <dst id="17">5253.0933</dst>
      <dst id="21">762.8800</dst>
      <dst id="15">60.4178</dst>
    </src>
    <src id="15">
      <dst id="12">576.4356</dst>
      <dst id="13">4176.0000</dst>
      <dst id="19">120.0356</dst>
      <dst id="23">0.7644</dst>
      <dst id="8">69.5289</dst>
      <dst id="18">17.6356</dst>
      <dst id="4">2119.0044</dst>
      <dst id="1">746.1511</dst>
      <dst id="5">5.1200</dst>
      <dst id="3">12.7111</dst>
      <dst id="7">10.5600</dst>
      <dst id="2">159.4933</dst>
      <dst id="6">0.3556</dst>
      <dst id="11">489.7067</dst>
      <dst id="9">152.4711</dst>
      <dst id="17">1267.6089</dst>
      <dst id="21">95.2178</dst>
    </src>
  </IntraTM>
</TrafficMatrixFile>
