<?xml version="1.0" encoding="UTF-8" standalone="yes"?>
<TrafficMatrixFile xmlns:xsi="http://www.w3.org/2001/XMLSchema-instance" xsi:noNamespaceSchemaLocation="http://totem.run.montefiore.ulg.ac.be/Schema/TrafficMatrix-v1_2.xsd">
  <info>
    <title>Intradomain traffic matrix generated by geant-TM-all.pl</title>
    <date>2005-01-01T07:00:00</date>
    <duration>900</duration>
    <author>Steve Uhlig</author>
    <units>
        <unit type="bandwidth" value="kbps"/>
    </units>
  </info>
  <IntraTM ASID="20965">
    <src id="12">
      <dst id="12">304908.8711</dst>
      <dst id="13">29211.5733</dst>
      <dst id="19">4035.6089</dst>
      <dst id="23">726.7556</dst>
      <dst id="8">4821.9111</dst>
      <dst id="18">1180.8444</dst>
      <dst id="4">137659.2800</dst>
      <dst id="1">9675.6267</dst>
      <dst id="5">25856.2311</dst>
      <dst id="3">6897.5111</dst>
      <dst id="22">32794.1689</dst>
      <dst id="7">11773.1733</dst>
      <dst id="2">96357.1733</dst>
      <dst id="6">174.0000</dst>
      <dst id="16">9820.8889</dst>
      <dst id="14">570.5600</dst>
      <dst id="20">9799.3600</dst>
      <dst id="11">4839.0311</dst>
      <dst id="9">8366.2756</dst>
      <dst id="17">69831.4756</dst>
      <dst id="21">18570.3556</dst>
      <dst id="15">4758.0622</dst>
    </src>
    <src id="13">
      <dst id="12">65983.5200</dst>
      <dst id="19">8223.0133</dst>
      <dst id="23">216.2933</dst>
      <dst id="8">3095.4489</dst>
      <dst id="18">4819.2978</dst>
      <dst id="4">1433.5111</dst>
      <dst id="1">2435.8578</dst>
      <dst id="5">6240.5867</dst>
      <dst id="3">20395.6089</dst>
      <dst id="22">28261.2800</dst>
      <dst id="7">12065.5022</dst>
      <dst id="2">119642.4889</dst>
      <dst id="6">439.1822</dst>
      <dst id="16">13211.3511</dst>
      <dst id="14">1942.7200</dst>
      <dst id="20">23707.1733</dst>
      <dst id="11">22311.9644</dst>
      <dst id="9">23086.4978</dst>
      <dst id="17">72149.3867</dst>
      <dst id="21">18456.5156</dst>
      <dst id="15">8068.2044</dst>
    </src>
    <src id="19">
      <dst id="12">13156.4444</dst>
      <dst id="13">10409.9378</dst>
      <dst id="23">52.8889</dst>
      <dst id="8">13.3333</dst>
      <dst id="18">54.9511</dst>
      <dst id="4">20144.2578</dst>
      <dst id="1">69.2533</dst>
      <dst id="5">4.3911</dst>
      <dst id="3">521.5467</dst>
      <dst id="22">194.1867</dst>
      <dst id="7">3987.2178</dst>
      <dst id="2">1153.8578</dst>
      <dst id="6">38.2844</dst>
      <dst id="16">5228.7289</dst>
      <dst id="14">0.4978</dst>
      <dst id="20">21.6444</dst>
      <dst id="11">815.3156</dst>
      <dst id="9">408.3467</dst>
      <dst id="17">717.2711</dst>
      <dst id="21">3186.9867</dst>
      <dst id="15">13.3333</dst>
    </src>
    <src id="23">
      <dst id="12">442.1244</dst>
      <dst id="13">293.8044</dst>
      <dst id="19">1.9556</dst>
      <dst id="18">13.3333</dst>
      <dst id="4">75.6711</dst>
      <dst id="1">59.0844</dst>
      <dst id="5">98.5156</dst>
      <dst id="3">138.4089</dst>
      <dst id="22">313.5378</dst>
      <dst id="7">312.5511</dst>
      <dst id="2">25.0044</dst>
      <dst id="16">60.6933</dst>
      <dst id="11">6065.8933</dst>
      <dst id="9">471.8489</dst>
      <dst id="17">45.7511</dst>
      <dst id="21">1027.7422</dst>
    </src>
    <src id="8">
      <dst id="12">375388.5867</dst>
      <dst id="13">1000.8711</dst>
      <dst id="19">2.2933</dst>
      <dst id="23">1.4578</dst>
      <dst id="18">56.2044</dst>
      <dst id="4">8131.1467</dst>
      <dst id="1">43.9644</dst>
      <dst id="5">10898.7200</dst>
      <dst id="3">51.0933</dst>
      <dst id="22">785.0489</dst>
      <dst id="7">66.2844</dst>
      <dst id="2">139254.7111</dst>
      <dst id="16">488.5956</dst>
      <dst id="20">257.1378</dst>
      <dst id="11">46.1867</dst>
      <dst id="9">244.3200</dst>
      <dst id="17">79269.8044</dst>
      <dst id="21">268.7644</dst>
      <dst id="15">82.3733</dst>
    </src>
    <src id="18">
      <dst id="12">141484.7289</dst>
      <dst id="13">263.2267</dst>
      <dst id="19">1.3156</dst>
      <dst id="23">0.8800</dst>
      <dst id="8">16.7022</dst>
      <dst id="4">1902.4533</dst>
      <dst id="1">907.4667</dst>
      <dst id="5">237.6711</dst>
      <dst id="3">17.3867</dst>
      <dst id="22">684.6044</dst>
      <dst id="7">86.3289</dst>
      <dst id="2">46410.8622</dst>
      <dst id="16">70.7111</dst>
      <dst id="14">13.3333</dst>
      <dst id="20">3.9378</dst>
      <dst id="11">108.5956</dst>
      <dst id="9">194.9867</dst>
      <dst id="17">33813.7511</dst>
      <dst id="21">509.0133</dst>
      <dst id="15">5.3778</dst>
    </src>
    <src id="4">
      <dst id="12">65213.4044</dst>
      <dst id="19">10408.3111</dst>
      <dst id="23">0.9244</dst>
      <dst id="8">1515.3244</dst>
      <dst id="18">1616.4622</dst>
      <dst id="4">613.1556</dst>
      <dst id="1">1832.0000</dst>
      <dst id="5">2863.2089</dst>
      <dst id="3">12560.0622</dst>
      <dst id="22">8858.1422</dst>
      <dst id="7">68186.9422</dst>
      <dst id="2">60198.1244</dst>
      <dst id="6">82.3822</dst>
      <dst id="16">2056.0089</dst>
      <dst id="14">1839.6089</dst>
      <dst id="20">3267.7156</dst>
      <dst id="11">7396.1067</dst>
      <dst id="9">1970.6044</dst>
      <dst id="17">74369.0311</dst>
      <dst id="21">9154.9244</dst>
      <dst id="15">2193.5733</dst>
    </src>
    <src id="1">
      <dst id="12">16528.2311</dst>
      <dst id="13">541.2089</dst>
      <dst id="19">2536.5867</dst>
      <dst id="23">67.3244</dst>
      <dst id="8">128210.9867</dst>
      <dst id="18">15761.8844</dst>
      <dst id="4">12366.1778</dst>
      <dst id="1">95.3600</dst>
      <dst id="5">227159.9467</dst>
      <dst id="3">18168.8622</dst>
      <dst id="22">5947.9911</dst>
      <dst id="7">12915.6444</dst>
      <dst id="2">3141.0400</dst>
      <dst id="6">5600.7467</dst>
      <dst id="16">10510.9600</dst>
      <dst id="14">68.4889</dst>
      <dst id="20">159.4489</dst>
      <dst id="11">992.0533</dst>
      <dst id="9">225604.0356</dst>
      <dst id="17">2455.5378</dst>
      <dst id="21">14850.9067</dst>
      <dst id="15">125.2711</dst>
    </src>
    <src id="5">
      <dst id="12">388528.2400</dst>
      <dst id="13">1536.9067</dst>
      <dst id="19">108.4622</dst>
      <dst id="23">138.8533</dst>
      <dst id="8">5915.0311</dst>
      <dst id="18">329.5644</dst>
      <dst id="4">7862.0889</dst>
      <dst id="1">79.8044</dst>
      <dst id="3">2229.8578</dst>
      <dst id="22">8949.4844</dst>
      <dst id="7">773.2711</dst>
      <dst id="2">180593.6711</dst>
      <dst id="16">603.7422</dst>
      <dst id="14">166.1778</dst>
      <dst id="20">3399.6889</dst>
      <dst id="11">2217.1733</dst>
      <dst id="9">5104.9689</dst>
      <dst id="17">95392.9600</dst>
      <dst id="21">1033.5822</dst>
      <dst id="15">304.2933</dst>
    </src>
    <src id="3">
      <dst id="12">11756.9156</dst>
      <dst id="13">697.4044</dst>
      <dst id="19">1824.8889</dst>
      <dst id="23">5.9378</dst>
      <dst id="8">198.9422</dst>
      <dst id="18">90357.9911</dst>
      <dst id="4">64503.6889</dst>
      <dst id="1">13787.9289</dst>
      <dst id="5">365.6711</dst>
      <dst id="3">14278.7556</dst>
      <dst id="22">457.1556</dst>
      <dst id="7">2566.1156</dst>
      <dst id="2">4629.1378</dst>
      <dst id="6">2.4444</dst>
      <dst id="16">1184.0000</dst>
      <dst id="14">31650.1422</dst>
      <dst id="20">5608.4356</dst>
      <dst id="11">167208.0622</dst>
      <dst id="9">159.1378</dst>
      <dst id="17">6827.1200</dst>
      <dst id="21">11770.0711</dst>
      <dst id="15">80.3556</dst>
    </src>
    <src id="10">
      <dst id="12">18024.1689</dst>
      <dst id="19">2415.6533</dst>
      <dst id="8">2632.7556</dst>
      <dst id="18">3637.1467</dst>
      <dst id="4">1029.6622</dst>
      <dst id="1">577.8578</dst>
      <dst id="5">1421.0400</dst>
      <dst id="3">2392.1067</dst>
      <dst id="22">7375.4044</dst>
      <dst id="7">12579.8667</dst>
      <dst id="2">24638.9511</dst>
      <dst id="6">5.0756</dst>
      <dst id="16">7842.4000</dst>
      <dst id="14">786.3822</dst>
      <dst id="20">1997.6356</dst>
      <dst id="11">8577.8044</dst>
      <dst id="9">4846.6667</dst>
      <dst id="17">22574.2667</dst>
      <dst id="21">24672.6933</dst>
      <dst id="15">1261.4667</dst>
    </src>
    <src id="22">
      <dst id="12">18811.0222</dst>
      <dst id="13">5782.2933</dst>
      <dst id="19">2224.0356</dst>
      <dst id="23">7.3244</dst>
      <dst id="8">1136.7111</dst>
      <dst id="18">1880.4356</dst>
      <dst id="4">26127.1111</dst>
      <dst id="1">611.5289</dst>
      <dst id="5">10595.1378</dst>
      <dst id="3">1304.2844</dst>
      <dst id="7">1208.1956</dst>
      <dst id="2">4909.7600</dst>
      <dst id="6">2.5867</dst>
      <dst id="16">2.5422</dst>
      <dst id="14">71.2622</dst>
      <dst id="11">4916.3378</dst>
      <dst id="9">3082.9600</dst>
      <dst id="17">5013.9822</dst>
      <dst id="21">1273.3689</dst>
    </src>
    <src id="7">
      <dst id="12">4403.8044</dst>
      <dst id="13">497.9111</dst>
      <dst id="19">852.7556</dst>
      <dst id="23">143.9911</dst>
      <dst id="8">2107.5378</dst>
      <dst id="18">3285.6711</dst>
      <dst id="4">58852.6044</dst>
      <dst id="1">1111.1289</dst>
      <dst id="5">1041.8311</dst>
      <dst id="3">1914.8533</dst>
      <dst id="22">5377.5289</dst>
      <dst id="7">847.1822</dst>
      <dst id="2">7669.3689</dst>
      <dst id="6">122.8978</dst>
      <dst id="16">850.5422</dst>
      <dst id="14">150.3733</dst>
      <dst id="20">944.9067</dst>
      <dst id="11">1069.8489</dst>
      <dst id="9">1300.6667</dst>
      <dst id="17">9784.2489</dst>
      <dst id="21">4218.8089</dst>
      <dst id="15">136.7289</dst>
    </src>
    <src id="2">
      <dst id="12">111702.7911</dst>
      <dst id="13">13847.9733</dst>
      <dst id="19">2560.3111</dst>
      <dst id="23">53.1556</dst>
      <dst id="8">619.6000</dst>
      <dst id="18">85967.7778</dst>
      <dst id="4">119074.2933</dst>
      <dst id="1">1191.5911</dst>
      <dst id="5">3237.9111</dst>
      <dst id="3">1166.4356</dst>
      <dst id="22">3567.7422</dst>
      <dst id="7">3399.3333</dst>
      <dst id="2">334.7733</dst>
      <dst id="6">6838.0622</dst>
      <dst id="16">10175.4133</dst>
      <dst id="14">138.0444</dst>
      <dst id="20">7891.1378</dst>
      <dst id="11">4435.4133</dst>
      <dst id="9">1214.3733</dst>
      <dst id="17">22416.0533</dst>
      <dst id="21">4593.1200</dst>
      <dst id="15">239.3689</dst>
    </src>
    <src id="6">
      <dst id="12">11747.2800</dst>
      <dst id="13">5.2356</dst>
      <dst id="19">13.5822</dst>
      <dst id="8">0.3556</dst>
      <dst id="4">329.7600</dst>
      <dst id="1">0.8356</dst>
      <dst id="5">0.2667</dst>
      <dst id="22">1.1733</dst>
      <dst id="7">0.3556</dst>
      <dst id="2">2404.5511</dst>
      <dst id="11">0.3556</dst>
      <dst id="9">12.6222</dst>
      <dst id="17">1234.4356</dst>
    </src>
    <src id="16">
      <dst id="12">2462.8267</dst>
      <dst id="13">588.2844</dst>
      <dst id="19">3504.2044</dst>
      <dst id="23">2.2489</dst>
      <dst id="8">5471.1733</dst>
      <dst id="18">6.8444</dst>
      <dst id="4">11128.2311</dst>
      <dst id="1">14065.5911</dst>
      <dst id="5">4003.9378</dst>
      <dst id="3">524.7378</dst>
      <dst id="7">2268.2489</dst>
      <dst id="2">1141.4133</dst>
      <dst id="6">12.3378</dst>
      <dst id="16">45.7333</dst>
      <dst id="11">267.0933</dst>
      <dst id="9">5326.7911</dst>
      <dst id="17">2405.1644</dst>
      <dst id="21">280.0267</dst>
    </src>
    <src id="14">
      <dst id="12">21681.0400</dst>
      <dst id="13">74.9511</dst>
      <dst id="19">5.6889</dst>
      <dst id="8">12.6222</dst>
      <dst id="18">0.3556</dst>
      <dst id="4">2324.9244</dst>
      <dst id="1">57.1911</dst>
      <dst id="5">25.9644</dst>
      <dst id="3">68.7822</dst>
      <dst id="22">78.0356</dst>
      <dst id="7">100.9244</dst>
      <dst id="2">5642.2933</dst>
      <dst id="6">0.3556</dst>
      <dst id="16">2.1511</dst>
      <dst id="20">1.3867</dst>
      <dst id="11">48.2667</dst>
      <dst id="9">1.7956</dst>
      <dst id="17">6757.7600</dst>
      <dst id="21">58.7911</dst>
      <dst id="15">0.4622</dst>
    </src>
    <src id="20">
      <dst id="12">14214.3467</dst>
      <dst id="13">7105.3956</dst>
      <dst id="19">12.6400</dst>
      <dst id="8">126.1867</dst>
      <dst id="18">75.5733</dst>
      <dst id="4">14795.1200</dst>
      <dst id="1">106.9689</dst>
      <dst id="5">15370.1511</dst>
      <dst id="3">943.6267</dst>
      <dst id="7">530.7022</dst>
      <dst id="2">7934.6578</dst>
      <dst id="6">0.7822</dst>
      <dst id="14">51.4933</dst>
      <dst id="11">1235.2622</dst>
      <dst id="9">4211.1822</dst>
      <dst id="17">3713.9822</dst>
      <dst id="21">1111.3689</dst>
    </src>
    <src id="11">
      <dst id="12">424807.6889</dst>
      <dst id="13">3419.2711</dst>
      <dst id="19">87.5911</dst>
      <dst id="23">157.1111</dst>
      <dst id="8">173.4578</dst>
      <dst id="18">49.9289</dst>
      <dst id="4">18849.0578</dst>
      <dst id="1">446.3911</dst>
      <dst id="5">442.3822</dst>
      <dst id="3">2350.8622</dst>
      <dst id="22">8176.0000</dst>
      <dst id="7">488.9333</dst>
      <dst id="2">179667.8133</dst>
      <dst id="6">0.4622</dst>
      <dst id="16">944.4267</dst>
      <dst id="14">45.1111</dst>
      <dst id="20">6874.0533</dst>
      <dst id="11">1982.2667</dst>
      <dst id="9">1459.2533</dst>
      <dst id="17">97968.8000</dst>
      <dst id="21">814.9067</dst>
      <dst id="15">319.8044</dst>
    </src>
    <src id="9">
      <dst id="12">519288.6222</dst>
      <dst id="13">15538.0622</dst>
      <dst id="19">977.9022</dst>
      <dst id="23">51.6533</dst>
      <dst id="8">594.4000</dst>
      <dst id="18">314.4000</dst>
      <dst id="4">12957.7511</dst>
      <dst id="1">113.1644</dst>
      <dst id="5">641.1200</dst>
      <dst id="3">229.8578</dst>
      <dst id="22">1981.0133</dst>
      <dst id="7">123.4667</dst>
      <dst id="2">169610.6400</dst>
      <dst id="6">7.3333</dst>
      <dst id="16">764.0978</dst>
      <dst id="14">13.7244</dst>
      <dst id="20">5468.3200</dst>
      <dst id="11">162.8978</dst>
      <dst id="9">5483.2622</dst>
      <dst id="17">126815.9556</dst>
      <dst id="21">314.5067</dst>
      <dst id="15">614.5244</dst>
    </src>
    <src id="17">
      <dst id="12">6911.5111</dst>
      <dst id="13">7308.8711</dst>
      <dst id="19">14657.5200</dst>
      <dst id="23">110.6756</dst>
      <dst id="8">154848.3644</dst>
      <dst id="18">832.1244</dst>
      <dst id="4">89356.7556</dst>
      <dst id="1">612.0356</dst>
      <dst id="5">238076.5067</dst>
      <dst id="3">19866.8000</dst>
      <dst id="22">7846.2489</dst>
      <dst id="7">9414.0356</dst>
      <dst id="2">10534.0000</dst>
      <dst id="6">4.5867</dst>
      <dst id="16">8497.6711</dst>
      <dst id="14">28746.3644</dst>
      <dst id="20">1055.1289</dst>
      <dst id="11">165182.2578</dst>
      <dst id="9">195704.8889</dst>
      <dst id="17">1410.9067</dst>
      <dst id="21">6422.4889</dst>
      <dst id="15">505.2889</dst>
    </src>
    <src id="21">
      <dst id="12">24655.6889</dst>
      <dst id="13">849.7600</dst>
      <dst id="19">270.1956</dst>
      <dst id="23">106.9689</dst>
      <dst id="8">24.2044</dst>
      <dst id="18">1617.1200</dst>
      <dst id="4">24672.8000</dst>
      <dst id="1">1821.9822</dst>
      <dst id="5">785.4578</dst>
      <dst id="3">954.6311</dst>
      <dst id="22">1857.3689</dst>
      <dst id="7">1410.1600</dst>
      <dst id="2">12741.8400</dst>
      <dst id="6">1.3511</dst>
      <dst id="16">269.3778</dst>
      <dst id="14">221.2978</dst>
      <dst id="20">489.0400</dst>
      <dst id="11">10953.7689</dst>
      <dst id="9">391.1644</dst>
      <dst id="17">4517.4933</dst>
      <dst id="21">2664.0622</dst>
      <dst id="15">212.9511</dst>
    </src>
    <src id="15">
      <dst id="12">3041.6178</dst>
      <dst id="13">637.9911</dst>
      <dst id="19">2.8800</dst>
      <dst id="8">10.3200</dst>
      <dst id="18">151.7511</dst>
      <dst id="4">3122.9422</dst>
      <dst id="1">599.5733</dst>
      <dst id="5">290.4889</dst>
      <dst id="3">656.8000</dst>
      <dst id="7">168.9422</dst>
      <dst id="2">396.4000</dst>
      <dst id="14">0.5333</dst>
      <dst id="11">107.6800</dst>
      <dst id="9">1231.1556</dst>
      <dst id="17">3020.4889</dst>
      <dst id="21">190.5422</dst>
    </src>
  </IntraTM>
</TrafficMatrixFile>
