<?xml version="1.0" encoding="UTF-8" standalone="yes"?>
<TrafficMatrixFile xmlns:xsi="http://www.w3.org/2001/XMLSchema-instance" xsi:noNamespaceSchemaLocation="http://totem.run.montefiore.ulg.ac.be/Schema/TrafficMatrix-v1_2.xsd">
  <info>
    <title>Intradomain traffic matrix generated by geant-TM-all.pl</title>
    <date>2005-01-04T17:15:00</date>
    <duration>900</duration>
    <author>Steve Uhlig</author>
    <units>
        <unit type="bandwidth" value="kbps"/>
    </units>
  </info>
  <IntraTM ASID="20965">
    <src id="12">
      <dst id="12">191818.8089</dst>
      <dst id="13">18962.8800</dst>
      <dst id="19">2596.8444</dst>
      <dst id="23">14.8711</dst>
      <dst id="8">431.9467</dst>
      <dst id="18">360.0889</dst>
      <dst id="4">65222.6756</dst>
      <dst id="1">14845.7244</dst>
      <dst id="5">3378.3733</dst>
      <dst id="3">3027.3244</dst>
      <dst id="22">18591.8400</dst>
      <dst id="7">15210.3200</dst>
      <dst id="2">55536.5156</dst>
      <dst id="6">3.6178</dst>
      <dst id="16">5694.4267</dst>
      <dst id="14">483.3422</dst>
      <dst id="20">6520.0711</dst>
      <dst id="11">1649.1822</dst>
      <dst id="9">1867.6622</dst>
      <dst id="17">62403.0756</dst>
      <dst id="21">2326.1956</dst>
      <dst id="15">2505.4933</dst>
    </src>
    <src id="13">
      <dst id="12">26450.3467</dst>
      <dst id="19">5091.8756</dst>
      <dst id="23">6.1600</dst>
      <dst id="8">2798.7556</dst>
      <dst id="18">8207.4667</dst>
      <dst id="4">0.3556</dst>
      <dst id="1">2833.0489</dst>
      <dst id="5">3092.8267</dst>
      <dst id="3">6839.9644</dst>
      <dst id="22">18312.9333</dst>
      <dst id="7">10817.1378</dst>
      <dst id="2">51384.2756</dst>
      <dst id="6">226.1600</dst>
      <dst id="16">6878.3200</dst>
      <dst id="14">9977.6000</dst>
      <dst id="20">34769.0133</dst>
      <dst id="11">4308.4000</dst>
      <dst id="9">5856.7200</dst>
      <dst id="17">33333.5378</dst>
      <dst id="21">6291.1822</dst>
      <dst id="15">3590.9956</dst>
    </src>
    <src id="19">
      <dst id="12">10316.4622</dst>
      <dst id="13">99.2000</dst>
      <dst id="23">6.9867</dst>
      <dst id="18">2.0178</dst>
      <dst id="4">17311.5644</dst>
      <dst id="1">518.5689</dst>
      <dst id="5">68.4444</dst>
      <dst id="22">93.5022</dst>
      <dst id="7">2898.2667</dst>
      <dst id="2">105.2178</dst>
      <dst id="6">67.9911</dst>
      <dst id="16">10673.1111</dst>
      <dst id="14">75.7333</dst>
      <dst id="20">39.2622</dst>
      <dst id="11">1.4222</dst>
      <dst id="9">31.0489</dst>
      <dst id="17">2357.3067</dst>
      <dst id="21">254.3644</dst>
      <dst id="15">1.2089</dst>
    </src>
    <src id="23">
      <dst id="12">441.0667</dst>
      <dst id="13">34.2844</dst>
      <dst id="19">68.0000</dst>
      <dst id="4">31.5733</dst>
      <dst id="1">50.3733</dst>
      <dst id="3">1258.2756</dst>
      <dst id="22">169.6000</dst>
      <dst id="7">575.9822</dst>
      <dst id="2">2.6044</dst>
      <dst id="16">41.3778</dst>
      <dst id="14">1.6711</dst>
      <dst id="20">15.0489</dst>
      <dst id="11">13.3333</dst>
      <dst id="9">1136.1244</dst>
      <dst id="17">39.5556</dst>
      <dst id="21">599.8489</dst>
    </src>
    <src id="8">
      <dst id="12">244089.7511</dst>
      <dst id="13">1767.3244</dst>
      <dst id="18">42.9422</dst>
      <dst id="4">3505.7067</dst>
      <dst id="1">149.3244</dst>
      <dst id="5">223.1200</dst>
      <dst id="3">0.4711</dst>
      <dst id="22">1094.9333</dst>
      <dst id="7">471.2000</dst>
      <dst id="2">81464.8622</dst>
      <dst id="16">142.7200</dst>
      <dst id="20">14.1956</dst>
      <dst id="11">157.8933</dst>
      <dst id="9">227.5644</dst>
      <dst id="17">94778.4533</dst>
      <dst id="21">53.4222</dst>
      <dst id="15">27.3778</dst>
    </src>
    <src id="18">
      <dst id="12">89387.1556</dst>
      <dst id="13">34.0622</dst>
      <dst id="19">6.5778</dst>
      <dst id="23">0.3378</dst>
      <dst id="8">1.7422</dst>
      <dst id="4">1586.7111</dst>
      <dst id="1">1359.6356</dst>
      <dst id="5">150.6133</dst>
      <dst id="3">37.6711</dst>
      <dst id="22">128.1600</dst>
      <dst id="7">2.3644</dst>
      <dst id="2">28474.0444</dst>
      <dst id="16">9.4756</dst>
      <dst id="14">0.6133</dst>
      <dst id="20">78.3644</dst>
      <dst id="11">122.5333</dst>
      <dst id="9">62.7111</dst>
      <dst id="17">28491.4667</dst>
      <dst id="21">213.3422</dst>
      <dst id="15">0.7822</dst>
    </src>
    <src id="4">
      <dst id="12">8080.8356</dst>
      <dst id="19">15775.2889</dst>
      <dst id="8">1118.1244</dst>
      <dst id="18">818.7644</dst>
      <dst id="1">86947.3689</dst>
      <dst id="5">1432.3733</dst>
      <dst id="3">96.1778</dst>
      <dst id="22">3040.6222</dst>
      <dst id="7">42691.2978</dst>
      <dst id="2">92392.3467</dst>
      <dst id="16">905.3689</dst>
      <dst id="14">3197.7156</dst>
      <dst id="20">707.7689</dst>
      <dst id="11">2334.3378</dst>
      <dst id="9">2632.7200</dst>
      <dst id="17">16415.9644</dst>
      <dst id="21">4395.5644</dst>
      <dst id="15">2071.2711</dst>
    </src>
    <src id="1">
      <dst id="12">16496.1956</dst>
      <dst id="13">532.4444</dst>
      <dst id="19">51.4044</dst>
      <dst id="23">2.4178</dst>
      <dst id="8">60359.6178</dst>
      <dst id="18">12506.1156</dst>
      <dst id="4">9903.5289</dst>
      <dst id="1">3706.5689</dst>
      <dst id="5">140213.7244</dst>
      <dst id="3">138.6133</dst>
      <dst id="22">534.0800</dst>
      <dst id="7">1564.2667</dst>
      <dst id="2">2223.3422</dst>
      <dst id="6">7010.3556</dst>
      <dst id="16">16125.1378</dst>
      <dst id="14">95.1911</dst>
      <dst id="20">58.9778</dst>
      <dst id="11">440.1511</dst>
      <dst id="9">138013.2978</dst>
      <dst id="17">4183.7511</dst>
      <dst id="21">2046.6933</dst>
      <dst id="15">245.0933</dst>
    </src>
    <src id="5">
      <dst id="12">237407.0489</dst>
      <dst id="13">358.9067</dst>
      <dst id="19">3.2889</dst>
      <dst id="8">247.5911</dst>
      <dst id="18">1164.3556</dst>
      <dst id="4">6380.4622</dst>
      <dst id="1">403.8489</dst>
      <dst id="3">2.6844</dst>
      <dst id="22">7522.1511</dst>
      <dst id="7">183.1289</dst>
      <dst id="2">85038.0800</dst>
      <dst id="16">450.6222</dst>
      <dst id="14">13.4311</dst>
      <dst id="20">109.8133</dst>
      <dst id="11">531.5378</dst>
      <dst id="9">131.6178</dst>
      <dst id="17">78137.8133</dst>
      <dst id="21">405.4489</dst>
      <dst id="15">99.3867</dst>
    </src>
    <src id="3">
      <dst id="12">5141.5644</dst>
      <dst id="13">192.3644</dst>
      <dst id="19">929.2356</dst>
      <dst id="23">10751.1556</dst>
      <dst id="8">38.3467</dst>
      <dst id="18">41380.3111</dst>
      <dst id="4">21673.9822</dst>
      <dst id="1">2868.4000</dst>
      <dst id="5">128.1511</dst>
      <dst id="3">9029.0756</dst>
      <dst id="22">453.2622</dst>
      <dst id="7">1882.9778</dst>
      <dst id="2">3877.6089</dst>
      <dst id="16">828.7644</dst>
      <dst id="14">63678.0000</dst>
      <dst id="20">28.5422</dst>
      <dst id="11">99264.6667</dst>
      <dst id="9">212.3289</dst>
      <dst id="17">11450.9244</dst>
      <dst id="21">13054.5956</dst>
      <dst id="15">69.6178</dst>
    </src>
    <src id="10">
      <dst id="12">14456.4267</dst>
      <dst id="19">7927.7422</dst>
      <dst id="23">0.3911</dst>
      <dst id="8">84.6756</dst>
      <dst id="18">997.2711</dst>
      <dst id="1">2085.9644</dst>
      <dst id="5">380.5067</dst>
      <dst id="3">1340.5244</dst>
      <dst id="22">6429.1022</dst>
      <dst id="7">93445.9467</dst>
      <dst id="2">13602.5244</dst>
      <dst id="6">3.2711</dst>
      <dst id="16">383.1111</dst>
      <dst id="14">2980.2667</dst>
      <dst id="20">4712.7556</dst>
      <dst id="11">3944.9689</dst>
      <dst id="9">3871.8933</dst>
      <dst id="17">9798.7644</dst>
      <dst id="21">12931.3600</dst>
      <dst id="15">446.0089</dst>
    </src>
    <src id="22">
      <dst id="12">18528.4711</dst>
      <dst id="13">1298.9956</dst>
      <dst id="19">60.2311</dst>
      <dst id="23">18.5778</dst>
      <dst id="8">5144.8889</dst>
      <dst id="18">145.7156</dst>
      <dst id="4">22511.6000</dst>
      <dst id="1">66.3200</dst>
      <dst id="5">2150.1867</dst>
      <dst id="3">367.7600</dst>
      <dst id="7">439.6800</dst>
      <dst id="2">2829.6089</dst>
      <dst id="6">61.3867</dst>
      <dst id="16">0.7111</dst>
      <dst id="14">20.7556</dst>
      <dst id="11">1941.7156</dst>
      <dst id="9">1211.3422</dst>
      <dst id="17">1688.2667</dst>
      <dst id="21">664.2844</dst>
    </src>
    <src id="7">
      <dst id="12">2100.9778</dst>
      <dst id="13">347.9111</dst>
      <dst id="19">32.7022</dst>
      <dst id="23">25.7956</dst>
      <dst id="8">428.3644</dst>
      <dst id="18">59.2622</dst>
      <dst id="4">31044.6222</dst>
      <dst id="1">2072.2756</dst>
      <dst id="5">713.7244</dst>
      <dst id="3">339.0222</dst>
      <dst id="22">2845.7422</dst>
      <dst id="7">657.6356</dst>
      <dst id="2">6933.3956</dst>
      <dst id="6">36.9867</dst>
      <dst id="16">835.9822</dst>
      <dst id="14">164.9689</dst>
      <dst id="20">399.2711</dst>
      <dst id="11">350.2667</dst>
      <dst id="9">1149.0222</dst>
      <dst id="17">4645.4400</dst>
      <dst id="21">2554.8267</dst>
      <dst id="15">295.3422</dst>
    </src>
    <src id="2">
      <dst id="12">92877.2533</dst>
      <dst id="13">521498.6400</dst>
      <dst id="19">38.0267</dst>
      <dst id="8">33.6622</dst>
      <dst id="18">30625.8133</dst>
      <dst id="4">67403.7422</dst>
      <dst id="1">7668.2578</dst>
      <dst id="5">1016.7733</dst>
      <dst id="3">20.4267</dst>
      <dst id="22">1055.5289</dst>
      <dst id="7">2058.4000</dst>
      <dst id="2">478.2933</dst>
      <dst id="6">7539.9289</dst>
      <dst id="16">3764.4622</dst>
      <dst id="14">5634.3200</dst>
      <dst id="20">534.6489</dst>
      <dst id="11">1480.2667</dst>
      <dst id="9">273.0933</dst>
      <dst id="17">22085.1289</dst>
      <dst id="21">888.0444</dst>
      <dst id="15">304.4800</dst>
    </src>
    <src id="6">
      <dst id="12">8185.7333</dst>
      <dst id="13">1.4133</dst>
      <dst id="19">5.6089</dst>
      <dst id="18">1.1378</dst>
      <dst id="4">1271.7511</dst>
      <dst id="1">1.1378</dst>
      <dst id="5">17.9378</dst>
      <dst id="22">4.4711</dst>
      <dst id="7">25.0933</dst>
      <dst id="2">1707.7156</dst>
      <dst id="16">12.3822</dst>
      <dst id="14">0.5689</dst>
      <dst id="11">27.2356</dst>
      <dst id="9">1.1733</dst>
      <dst id="17">1194.6489</dst>
      <dst id="21">28.5600</dst>
    </src>
    <src id="16">
      <dst id="12">2390.5333</dst>
      <dst id="13">109.6622</dst>
      <dst id="19">5419.9378</dst>
      <dst id="23">32.8533</dst>
      <dst id="8">2264.3822</dst>
      <dst id="18">3.6000</dst>
      <dst id="4">3547.0044</dst>
      <dst id="1">25085.4933</dst>
      <dst id="5">2300.3644</dst>
      <dst id="3">2.6933</dst>
      <dst id="7">342.1422</dst>
      <dst id="2">191.5822</dst>
      <dst id="6">1.1556</dst>
      <dst id="16">25.3511</dst>
      <dst id="14">520.4622</dst>
      <dst id="11">35.7778</dst>
      <dst id="9">4386.5156</dst>
      <dst id="17">1239.1200</dst>
      <dst id="21">1783.9911</dst>
    </src>
    <src id="14">
      <dst id="12">29416.0622</dst>
      <dst id="13">30.2044</dst>
      <dst id="19">10.0000</dst>
      <dst id="23">0.4978</dst>
      <dst id="18">0.7111</dst>
      <dst id="4">1813.8400</dst>
      <dst id="1">169.8222</dst>
      <dst id="5">0.5600</dst>
      <dst id="3">76.3822</dst>
      <dst id="22">3.4133</dst>
      <dst id="7">40.3022</dst>
      <dst id="2">6068.8356</dst>
      <dst id="16">15.0844</dst>
      <dst id="11">38.0267</dst>
      <dst id="9">23.8222</dst>
      <dst id="17">10620.6489</dst>
      <dst id="21">109.3689</dst>
      <dst id="15">0.6578</dst>
    </src>
    <src id="20">
      <dst id="12">9933.4844</dst>
      <dst id="13">639.2889</dst>
      <dst id="19">85.8933</dst>
      <dst id="8">67.5556</dst>
      <dst id="18">5.5289</dst>
      <dst id="4">8523.4933</dst>
      <dst id="1">74.7467</dst>
      <dst id="5">393.1289</dst>
      <dst id="3">43.7778</dst>
      <dst id="7">82.9956</dst>
      <dst id="2">1378.2844</dst>
      <dst id="6">1.7067</dst>
      <dst id="14">1.6622</dst>
      <dst id="11">179.7156</dst>
      <dst id="9">1576.5689</dst>
      <dst id="17">242.6756</dst>
      <dst id="21">115.2533</dst>
    </src>
    <src id="11">
      <dst id="12">353474.7200</dst>
      <dst id="13">1920.0089</dst>
      <dst id="19">116.7644</dst>
      <dst id="23">0.8533</dst>
      <dst id="8">281.4756</dst>
      <dst id="18">99.0044</dst>
      <dst id="4">9338.9156</dst>
      <dst id="1">628.7378</dst>
      <dst id="5">948.8000</dst>
      <dst id="3">208.4000</dst>
      <dst id="22">763.1200</dst>
      <dst id="7">143.6356</dst>
      <dst id="2">124501.6267</dst>
      <dst id="6">49.3511</dst>
      <dst id="16">160.5867</dst>
      <dst id="14">46.0800</dst>
      <dst id="20">112.8000</dst>
      <dst id="11">4902.2133</dst>
      <dst id="9">1099.3244</dst>
      <dst id="17">121146.0711</dst>
      <dst id="21">255.7689</dst>
      <dst id="15">172.2756</dst>
    </src>
    <src id="9">
      <dst id="12">324602.0444</dst>
      <dst id="13">674.2400</dst>
      <dst id="19">16.0711</dst>
      <dst id="23">42.2400</dst>
      <dst id="8">65.8133</dst>
      <dst id="18">82.5600</dst>
      <dst id="4">8668.3911</dst>
      <dst id="1">785.7778</dst>
      <dst id="5">512.5156</dst>
      <dst id="3">0.7111</dst>
      <dst id="22">7543.9556</dst>
      <dst id="7">58.8089</dst>
      <dst id="2">100807.8222</dst>
      <dst id="6">12.5156</dst>
      <dst id="16">271.3956</dst>
      <dst id="14">13.0578</dst>
      <dst id="20">981.3511</dst>
      <dst id="11">1186.3556</dst>
      <dst id="9">220.7911</dst>
      <dst id="17">120403.7067</dst>
      <dst id="21">379.9822</dst>
      <dst id="15">537.0133</dst>
    </src>
    <src id="17">
      <dst id="12">4711.6356</dst>
      <dst id="13">5698.2667</dst>
      <dst id="19">158.9244</dst>
      <dst id="23">15.9289</dst>
      <dst id="8">88401.1733</dst>
      <dst id="18">78.7289</dst>
      <dst id="4">27073.6978</dst>
      <dst id="1">543.2000</dst>
      <dst id="5">146616.9244</dst>
      <dst id="3">3041.4578</dst>
      <dst id="22">2259.4222</dst>
      <dst id="7">992.5867</dst>
      <dst id="2">6899.2622</dst>
      <dst id="6">150.3911</dst>
      <dst id="16">1975.2444</dst>
      <dst id="14">47577.5822</dst>
      <dst id="20">163.0667</dst>
      <dst id="11">65609.4133</dst>
      <dst id="9">126423.5111</dst>
      <dst id="17">815.9644</dst>
      <dst id="21">11751.0133</dst>
      <dst id="15">1131.8578</dst>
    </src>
    <src id="21">
      <dst id="12">19849.1911</dst>
      <dst id="13">323.8933</dst>
      <dst id="19">110.3556</dst>
      <dst id="23">56.6400</dst>
      <dst id="8">60.0978</dst>
      <dst id="18">373.8222</dst>
      <dst id="4">8608.6044</dst>
      <dst id="1">1191.2000</dst>
      <dst id="5">63.8400</dst>
      <dst id="3">879.7067</dst>
      <dst id="22">619.4844</dst>
      <dst id="7">1036.4889</dst>
      <dst id="2">8439.1467</dst>
      <dst id="6">6.1333</dst>
      <dst id="16">228.8178</dst>
      <dst id="14">296.5689</dst>
      <dst id="20">78.2044</dst>
      <dst id="11">312.5156</dst>
      <dst id="9">445.8756</dst>
      <dst id="17">4493.5022</dst>
      <dst id="21">261.1022</dst>
      <dst id="15">34.4800</dst>
    </src>
    <src id="15">
      <dst id="12">406.8000</dst>
      <dst id="13">2190.2133</dst>
      <dst id="19">41.2444</dst>
      <dst id="8">78.9422</dst>
      <dst id="18">18.7556</dst>
      <dst id="4">2498.8889</dst>
      <dst id="1">793.7778</dst>
      <dst id="5">79.9289</dst>
      <dst id="3">16.0978</dst>
      <dst id="7">30.3200</dst>
      <dst id="2">79.5911</dst>
      <dst id="6">0.4622</dst>
      <dst id="11">9.8133</dst>
      <dst id="9">225.2622</dst>
      <dst id="17">70.4000</dst>
      <dst id="21">18.9244</dst>
    </src>
  </IntraTM>
</TrafficMatrixFile>
