<?xml version="1.0" encoding="UTF-8" standalone="yes"?>
<TrafficMatrixFile xmlns:xsi="http://www.w3.org/2001/XMLSchema-instance" xsi:noNamespaceSchemaLocation="http://totem.run.montefiore.ulg.ac.be/Schema/TrafficMatrix-v1_2.xsd">
  <info>
    <title>Intradomain traffic matrix generated by geant-TM-all.pl</title>
    <date>2005-01-03T06:15:00</date>
    <duration>900</duration>
    <author>Steve Uhlig</author>
    <units>
        <unit type="bandwidth" value="kbps"/>
    </units>
  </info>
  <IntraTM ASID="20965">
    <src id="12">
      <dst id="12">234026.2844</dst>
      <dst id="13">33473.2444</dst>
      <dst id="19">5119.2356</dst>
      <dst id="23">12492.1333</dst>
      <dst id="8">2770.3022</dst>
      <dst id="18">3853.0311</dst>
      <dst id="4">112887.5378</dst>
      <dst id="1">7553.7333</dst>
      <dst id="5">3746.1156</dst>
      <dst id="3">1575.9822</dst>
      <dst id="22">16009.9733</dst>
      <dst id="7">5619.8311</dst>
      <dst id="2">97507.3689</dst>
      <dst id="6">18.7467</dst>
      <dst id="16">6372.4444</dst>
      <dst id="14">581.9911</dst>
      <dst id="20">8376.7644</dst>
      <dst id="11">8369.4044</dst>
      <dst id="9">7523.7689</dst>
      <dst id="17">75506.5511</dst>
      <dst id="21">10432.8444</dst>
      <dst id="15">1621.6089</dst>
    </src>
    <src id="13">
      <dst id="12">55182.8000</dst>
      <dst id="19">35133.1733</dst>
      <dst id="23">53.2178</dst>
      <dst id="8">9396.4444</dst>
      <dst id="18">5147.7244</dst>
      <dst id="1">2405.4933</dst>
      <dst id="5">11004.7822</dst>
      <dst id="3">4572.7378</dst>
      <dst id="22">24954.8444</dst>
      <dst id="7">7563.9111</dst>
      <dst id="2">111176.4533</dst>
      <dst id="6">81.4311</dst>
      <dst id="16">6849.2000</dst>
      <dst id="14">1812.6667</dst>
      <dst id="20">13265.5022</dst>
      <dst id="11">13736.2489</dst>
      <dst id="9">14393.3156</dst>
      <dst id="17">279719.9822</dst>
      <dst id="21">26117.7422</dst>
      <dst id="15">20430.0000</dst>
    </src>
    <src id="19">
      <dst id="12">10232.9778</dst>
      <dst id="13">3339.3422</dst>
      <dst id="23">14.6222</dst>
      <dst id="8">37.5111</dst>
      <dst id="18">8.9511</dst>
      <dst id="4">24938.8267</dst>
      <dst id="1">514.6400</dst>
      <dst id="5">1.6000</dst>
      <dst id="3">25.6000</dst>
      <dst id="22">62.0089</dst>
      <dst id="7">2980.5422</dst>
      <dst id="2">354.5244</dst>
      <dst id="6">11.3867</dst>
      <dst id="16">5919.5556</dst>
      <dst id="20">27.1644</dst>
      <dst id="11">41.6711</dst>
      <dst id="9">183.7689</dst>
      <dst id="17">10077.9822</dst>
      <dst id="21">753.3333</dst>
    </src>
    <src id="23">
      <dst id="12">365.4222</dst>
      <dst id="13">859.2089</dst>
      <dst id="19">0.4711</dst>
      <dst id="8">41.0667</dst>
      <dst id="18">40.9867</dst>
      <dst id="4">80.8089</dst>
      <dst id="1">40.6400</dst>
      <dst id="5">14.5600</dst>
      <dst id="3">38.3556</dst>
      <dst id="22">292.7822</dst>
      <dst id="7">135.3244</dst>
      <dst id="2">31.8489</dst>
      <dst id="16">15.3511</dst>
      <dst id="14">25.9111</dst>
      <dst id="20">1.7778</dst>
      <dst id="11">117.6800</dst>
      <dst id="9">352.6844</dst>
      <dst id="17">100.4889</dst>
      <dst id="21">156.0889</dst>
      <dst id="15">1.1378</dst>
    </src>
    <src id="8">
      <dst id="12">359638.1956</dst>
      <dst id="13">627.8933</dst>
      <dst id="19">535.1022</dst>
      <dst id="23">2333.3333</dst>
      <dst id="18">95.5378</dst>
      <dst id="4">11263.0222</dst>
      <dst id="1">446.0622</dst>
      <dst id="5">1425.1822</dst>
      <dst id="3">12.6222</dst>
      <dst id="22">7269.5289</dst>
      <dst id="7">4.1333</dst>
      <dst id="2">140489.0222</dst>
      <dst id="16">823.3244</dst>
      <dst id="20">4851.3333</dst>
      <dst id="11">868.8533</dst>
      <dst id="9">4670.7022</dst>
      <dst id="17">143669.9733</dst>
      <dst id="21">258.3733</dst>
      <dst id="15">44.5067</dst>
    </src>
    <src id="18">
      <dst id="12">119976.8267</dst>
      <dst id="13">884.6222</dst>
      <dst id="19">12.1778</dst>
      <dst id="23">10.6667</dst>
      <dst id="8">137.6533</dst>
      <dst id="4">1602.4800</dst>
      <dst id="1">1004.3467</dst>
      <dst id="5">185.6800</dst>
      <dst id="3">56.9600</dst>
      <dst id="22">215.2267</dst>
      <dst id="7">58.4000</dst>
      <dst id="2">38709.9644</dst>
      <dst id="16">1618.0800</dst>
      <dst id="14">26.4978</dst>
      <dst id="20">36.3022</dst>
      <dst id="11">482.8089</dst>
      <dst id="9">374.0533</dst>
      <dst id="17">40153.7778</dst>
      <dst id="21">1102.0267</dst>
      <dst id="15">26.3733</dst>
    </src>
    <src id="4">
      <dst id="12">22808.8178</dst>
      <dst id="19">7312.4978</dst>
      <dst id="8">1730.5156</dst>
      <dst id="18">2105.2978</dst>
      <dst id="4">25.9911</dst>
      <dst id="1">33668.4267</dst>
      <dst id="5">1798.4444</dst>
      <dst id="3">2053.9644</dst>
      <dst id="22">5824.5244</dst>
      <dst id="7">144132.0356</dst>
      <dst id="2">101058.8533</dst>
      <dst id="6">6.7911</dst>
      <dst id="16">1767.5111</dst>
      <dst id="14">925.0044</dst>
      <dst id="20">830.6756</dst>
      <dst id="11">3525.9289</dst>
      <dst id="9">2357.1911</dst>
      <dst id="17">53817.6622</dst>
      <dst id="21">7175.0578</dst>
      <dst id="15">537.0844</dst>
    </src>
    <src id="1">
      <dst id="12">17213.9111</dst>
      <dst id="13">3381.7956</dst>
      <dst id="19">8.6311</dst>
      <dst id="23">16.4089</dst>
      <dst id="8">134446.1333</dst>
      <dst id="18">12600.7822</dst>
      <dst id="4">11924.7644</dst>
      <dst id="1">69727.9111</dst>
      <dst id="5">217580.3111</dst>
      <dst id="3">75.4400</dst>
      <dst id="22">2449.5200</dst>
      <dst id="7">853.5200</dst>
      <dst id="2">4243.7156</dst>
      <dst id="6">8708.0889</dst>
      <dst id="16">11369.2889</dst>
      <dst id="14">59.2444</dst>
      <dst id="20">541.4044</dst>
      <dst id="11">219.3689</dst>
      <dst id="9">202547.5911</dst>
      <dst id="17">4549.7867</dst>
      <dst id="21">2697.6978</dst>
      <dst id="15">81.6356</dst>
    </src>
    <src id="5">
      <dst id="12">286225.9644</dst>
      <dst id="13">2633.3333</dst>
      <dst id="19">81.3511</dst>
      <dst id="23">37.1733</dst>
      <dst id="8">2238.4800</dst>
      <dst id="18">256.2756</dst>
      <dst id="4">7068.1244</dst>
      <dst id="1">320.0978</dst>
      <dst id="3">26.6667</dst>
      <dst id="22">4058.3200</dst>
      <dst id="7">209.6178</dst>
      <dst id="2">142087.9289</dst>
      <dst id="6">55.8844</dst>
      <dst id="16">936.8444</dst>
      <dst id="14">2.3200</dst>
      <dst id="20">5719.5911</dst>
      <dst id="11">3880.8978</dst>
      <dst id="9">2022.0356</dst>
      <dst id="17">114578.5689</dst>
      <dst id="21">423.6356</dst>
      <dst id="15">220.4000</dst>
    </src>
    <src id="3">
      <dst id="12">11872.1956</dst>
      <dst id="13">1551.4844</dst>
      <dst id="19">1940.2311</dst>
      <dst id="23">291.2089</dst>
      <dst id="8">86.9689</dst>
      <dst id="18">82184.3644</dst>
      <dst id="4">32663.1556</dst>
      <dst id="1">11978.2578</dst>
      <dst id="5">694.8267</dst>
      <dst id="3">11297.9111</dst>
      <dst id="22">1781.3689</dst>
      <dst id="7">503.7511</dst>
      <dst id="2">6361.6889</dst>
      <dst id="6">37.7689</dst>
      <dst id="16">1198.3911</dst>
      <dst id="14">35766.9956</dst>
      <dst id="20">8.9956</dst>
      <dst id="11">145177.9378</dst>
      <dst id="9">942.3467</dst>
      <dst id="17">15881.4311</dst>
      <dst id="21">6391.2711</dst>
      <dst id="15">90.6933</dst>
    </src>
    <src id="10">
      <dst id="12">15906.3822</dst>
      <dst id="19">1291.1822</dst>
      <dst id="8">949.6356</dst>
      <dst id="18">1487.4933</dst>
      <dst id="1">1421.0311</dst>
      <dst id="5">1079.9022</dst>
      <dst id="3">8879.7956</dst>
      <dst id="22">6053.5111</dst>
      <dst id="7">9306.7378</dst>
      <dst id="2">21779.0667</dst>
      <dst id="6">18.8444</dst>
      <dst id="16">2028.0533</dst>
      <dst id="14">1208.5778</dst>
      <dst id="20">39886.3289</dst>
      <dst id="11">4431.4133</dst>
      <dst id="9">2733.8667</dst>
      <dst id="17">12509.2533</dst>
      <dst id="21">9845.6622</dst>
      <dst id="15">763.2889</dst>
    </src>
    <src id="22">
      <dst id="12">18132.0178</dst>
      <dst id="13">9082.8711</dst>
      <dst id="19">48.5511</dst>
      <dst id="23">599.8844</dst>
      <dst id="8">1018.8356</dst>
      <dst id="18">1412.5867</dst>
      <dst id="4">19843.6178</dst>
      <dst id="1">253.8044</dst>
      <dst id="5">4045.6533</dst>
      <dst id="3">238.0444</dst>
      <dst id="7">898.3822</dst>
      <dst id="2">4031.3511</dst>
      <dst id="6">6.5689</dst>
      <dst id="16">6.6133</dst>
      <dst id="14">2.6756</dst>
      <dst id="11">4555.6178</dst>
      <dst id="9">2626.8444</dst>
      <dst id="17">5957.9022</dst>
      <dst id="21">1257.1200</dst>
    </src>
    <src id="7">
      <dst id="12">8389.6800</dst>
      <dst id="13">2524.2222</dst>
      <dst id="19">576.6933</dst>
      <dst id="23">83.4222</dst>
      <dst id="8">386.4089</dst>
      <dst id="18">640.6933</dst>
      <dst id="4">53517.9200</dst>
      <dst id="1">1988.3822</dst>
      <dst id="5">1054.3822</dst>
      <dst id="3">422.7911</dst>
      <dst id="22">5441.7244</dst>
      <dst id="7">632.2133</dst>
      <dst id="2">7003.6178</dst>
      <dst id="16">1880.2311</dst>
      <dst id="14">61.7778</dst>
      <dst id="20">226.8533</dst>
      <dst id="11">1291.4400</dst>
      <dst id="9">1319.7333</dst>
      <dst id="17">13160.9067</dst>
      <dst id="21">4325.4756</dst>
      <dst id="15">490.9067</dst>
    </src>
    <src id="2">
      <dst id="12">91181.6444</dst>
      <dst id="13">531990.7822</dst>
      <dst id="19">1602.4444</dst>
      <dst id="23">1.7956</dst>
      <dst id="8">1359.9022</dst>
      <dst id="18">94459.5111</dst>
      <dst id="4">113023.4222</dst>
      <dst id="1">7127.2356</dst>
      <dst id="5">1385.8844</dst>
      <dst id="3">19.8044</dst>
      <dst id="22">1423.4400</dst>
      <dst id="7">2923.7778</dst>
      <dst id="2">706.9956</dst>
      <dst id="6">9570.4622</dst>
      <dst id="16">3069.3156</dst>
      <dst id="14">207.5111</dst>
      <dst id="20">1170.1867</dst>
      <dst id="11">2593.8756</dst>
      <dst id="9">1012.7289</dst>
      <dst id="17">32164.1867</dst>
      <dst id="21">5270.0089</dst>
      <dst id="15">58.8711</dst>
    </src>
    <src id="6">
      <dst id="12">10178.1600</dst>
      <dst id="13">86.7644</dst>
      <dst id="19">0.6844</dst>
      <dst id="8">0.3556</dst>
      <dst id="18">1.0667</dst>
      <dst id="4">205.0933</dst>
      <dst id="1">3.0667</dst>
      <dst id="5">0.7822</dst>
      <dst id="22">13.6356</dst>
      <dst id="7">0.6756</dst>
      <dst id="2">2588.4000</dst>
      <dst id="16">5.4667</dst>
      <dst id="11">14.7378</dst>
      <dst id="9">0.5156</dst>
      <dst id="17">1558.2400</dst>
      <dst id="21">1.6622</dst>
    </src>
    <src id="16">
      <dst id="12">3127.4667</dst>
      <dst id="13">411.2533</dst>
      <dst id="19">4054.0978</dst>
      <dst id="23">199.0844</dst>
      <dst id="8">6075.5022</dst>
      <dst id="18">311.6711</dst>
      <dst id="4">5486.9867</dst>
      <dst id="1">19086.3644</dst>
      <dst id="5">3412.3467</dst>
      <dst id="3">2.0711</dst>
      <dst id="7">4665.1644</dst>
      <dst id="2">620.0356</dst>
      <dst id="6">27.2356</dst>
      <dst id="16">63.6089</dst>
      <dst id="14">534.9689</dst>
      <dst id="11">185.9289</dst>
      <dst id="9">4469.9822</dst>
      <dst id="17">2290.2044</dst>
      <dst id="21">2359.2978</dst>
    </src>
    <src id="14">
      <dst id="12">14562.2222</dst>
      <dst id="13">25.0311</dst>
      <dst id="19">9.0133</dst>
      <dst id="23">54.8622</dst>
      <dst id="18">1.6356</dst>
      <dst id="4">3363.5111</dst>
      <dst id="1">99.4756</dst>
      <dst id="5">13.6178</dst>
      <dst id="3">241.5733</dst>
      <dst id="22">5.3867</dst>
      <dst id="7">62.5689</dst>
      <dst id="2">5360.5333</dst>
      <dst id="6">0.9867</dst>
      <dst id="16">99.4133</dst>
      <dst id="11">46.7822</dst>
      <dst id="9">164.0889</dst>
      <dst id="17">6449.6000</dst>
      <dst id="21">100.1156</dst>
    </src>
    <src id="20">
      <dst id="12">14558.1511</dst>
      <dst id="13">4271.3778</dst>
      <dst id="19">1.7956</dst>
      <dst id="23">4.6133</dst>
      <dst id="8">287.7244</dst>
      <dst id="18">215.8933</dst>
      <dst id="4">23242.0889</dst>
      <dst id="1">160.7378</dst>
      <dst id="5">9167.0756</dst>
      <dst id="3">117.2267</dst>
      <dst id="7">277.2711</dst>
      <dst id="2">3006.1511</dst>
      <dst id="14">40.0000</dst>
      <dst id="11">2173.6000</dst>
      <dst id="9">3305.9289</dst>
      <dst id="17">684.8178</dst>
      <dst id="21">231.5200</dst>
    </src>
    <src id="11">
      <dst id="12">388259.4400</dst>
      <dst id="13">7434.9600</dst>
      <dst id="19">20.6400</dst>
      <dst id="23">60.4533</dst>
      <dst id="8">294.1778</dst>
      <dst id="18">211.8044</dst>
      <dst id="4">18262.0356</dst>
      <dst id="1">411.8756</dst>
      <dst id="5">724.8800</dst>
      <dst id="3">1075.0844</dst>
      <dst id="22">6376.7378</dst>
      <dst id="7">390.3733</dst>
      <dst id="2">157880.0178</dst>
      <dst id="6">92.5333</dst>
      <dst id="16">296.4711</dst>
      <dst id="14">54.7200</dst>
      <dst id="20">269.3422</dst>
      <dst id="11">701.7156</dst>
      <dst id="9">1292.2133</dst>
      <dst id="17">163251.0578</dst>
      <dst id="21">397.2622</dst>
      <dst id="15">565.6889</dst>
    </src>
    <src id="9">
      <dst id="12">477980.5244</dst>
      <dst id="13">3692.6756</dst>
      <dst id="19">244.8889</dst>
      <dst id="23">14.1511</dst>
      <dst id="8">1182.2311</dst>
      <dst id="18">348.4978</dst>
      <dst id="4">18121.3422</dst>
      <dst id="1">1193.4933</dst>
      <dst id="5">1924.9867</dst>
      <dst id="3">0.4622</dst>
      <dst id="22">4014.2933</dst>
      <dst id="7">1486.2933</dst>
      <dst id="2">157180.6133</dst>
      <dst id="16">881.8133</dst>
      <dst id="14">10.6667</dst>
      <dst id="20">3459.4044</dst>
      <dst id="11">1337.6533</dst>
      <dst id="9">996.1689</dst>
      <dst id="17">165064.4000</dst>
      <dst id="21">249.8311</dst>
      <dst id="15">824.5244</dst>
    </src>
    <src id="17">
      <dst id="12">11712.1067</dst>
      <dst id="13">9194.6400</dst>
      <dst id="19">621.6711</dst>
      <dst id="23">299.2356</dst>
      <dst id="8">167325.7156</dst>
      <dst id="18">185.1733</dst>
      <dst id="4">155069.2000</dst>
      <dst id="1">1156.3289</dst>
      <dst id="5">208227.2711</dst>
      <dst id="3">5890.6311</dst>
      <dst id="22">9147.2800</dst>
      <dst id="7">1042.7644</dst>
      <dst id="2">17016.6222</dst>
      <dst id="6">1608.7822</dst>
      <dst id="16">9637.1200</dst>
      <dst id="14">31462.4711</dst>
      <dst id="20">227.0844</dst>
      <dst id="11">134215.4667</dst>
      <dst id="9">173212.4444</dst>
      <dst id="17">1603.2711</dst>
      <dst id="21">5443.8044</dst>
      <dst id="15">1293.4933</dst>
    </src>
    <src id="21">
      <dst id="12">21489.1644</dst>
      <dst id="13">1080.4711</dst>
      <dst id="19">89.9289</dst>
      <dst id="23">78.7822</dst>
      <dst id="8">47.2800</dst>
      <dst id="18">2606.6756</dst>
      <dst id="4">34166.5689</dst>
      <dst id="1">1012.4089</dst>
      <dst id="5">503.8756</dst>
      <dst id="3">758.5778</dst>
      <dst id="22">1637.1556</dst>
      <dst id="7">5678.6044</dst>
      <dst id="2">13264.4978</dst>
      <dst id="6">3.6178</dst>
      <dst id="16">413.7422</dst>
      <dst id="14">152.7911</dst>
      <dst id="20">375.7600</dst>
      <dst id="11">451.8044</dst>
      <dst id="9">647.2356</dst>
      <dst id="17">4875.6978</dst>
      <dst id="21">1573.3333</dst>
      <dst id="15">3.7689</dst>
    </src>
    <src id="15">
      <dst id="12">2069.5111</dst>
      <dst id="13">1269.8933</dst>
      <dst id="23">0.4978</dst>
      <dst id="8">88.2578</dst>
      <dst id="18">9.4311</dst>
      <dst id="4">6853.2356</dst>
      <dst id="1">379.7689</dst>
      <dst id="5">203.7867</dst>
      <dst id="3">10.5156</dst>
      <dst id="7">81.0133</dst>
      <dst id="2">443.7956</dst>
      <dst id="6">0.3378</dst>
      <dst id="14">36.4444</dst>
      <dst id="11">57.2089</dst>
      <dst id="9">643.4756</dst>
      <dst id="17">5719.0933</dst>
      <dst id="21">127.9467</dst>
    </src>
  </IntraTM>
</TrafficMatrixFile>
