<?xml version="1.0" encoding="UTF-8" standalone="yes"?>
<TrafficMatrixFile xmlns:xsi="http://www.w3.org/2001/XMLSchema-instance" xsi:noNamespaceSchemaLocation="http://totem.run.montefiore.ulg.ac.be/Schema/TrafficMatrix-v1_2.xsd">
  <info>
    <title>Intradomain traffic matrix generated by geant-TM-all.pl</title>
    <date>2005-01-05T11:00:00</date>
    <duration>900</duration>
    <author>Steve Uhlig</author>
    <units>
        <unit type="bandwidth" value="kbps"/>
    </units>
  </info>
  <IntraTM ASID="20965">
    <src id="12">
      <dst id="12">209845.6267</dst>
      <dst id="13">13911.4044</dst>
      <dst id="19">776.3467</dst>
      <dst id="23">7.7689</dst>
      <dst id="8">1837.4222</dst>
      <dst id="18">206.1600</dst>
      <dst id="4">76410.8622</dst>
      <dst id="1">14398.2844</dst>
      <dst id="5">3681.6622</dst>
      <dst id="3">4835.7333</dst>
      <dst id="22">3903.4756</dst>
      <dst id="7">1362.9422</dst>
      <dst id="2">74728.5511</dst>
      <dst id="6">2.0533</dst>
      <dst id="16">6040.2578</dst>
      <dst id="14">111.1467</dst>
      <dst id="20">4836.9689</dst>
      <dst id="11">1463.9822</dst>
      <dst id="9">4220.6756</dst>
      <dst id="17">65383.6800</dst>
      <dst id="21">1199.3422</dst>
      <dst id="15">1686.1778</dst>
    </src>
    <src id="13">
      <dst id="12">39456.6667</dst>
      <dst id="19">26260.9956</dst>
      <dst id="23">1219.5200</dst>
      <dst id="8">2387.9556</dst>
      <dst id="18">2403.0044</dst>
      <dst id="1">2190.1422</dst>
      <dst id="5">4798.3556</dst>
      <dst id="3">5267.2622</dst>
      <dst id="22">15176.5511</dst>
      <dst id="7">7679.6000</dst>
      <dst id="2">76534.6222</dst>
      <dst id="6">112.0711</dst>
      <dst id="16">6279.2800</dst>
      <dst id="14">1246.2222</dst>
      <dst id="20">8378.0356</dst>
      <dst id="11">9643.3956</dst>
      <dst id="9">50722.6222</dst>
      <dst id="17">38972.0089</dst>
      <dst id="21">6433.0756</dst>
      <dst id="15">485.6800</dst>
    </src>
    <src id="19">
      <dst id="12">12804.9067</dst>
      <dst id="13">594.0800</dst>
      <dst id="23">2.0267</dst>
      <dst id="18">232.7822</dst>
      <dst id="4">20894.8356</dst>
      <dst id="1">763.1111</dst>
      <dst id="5">1218.3644</dst>
      <dst id="22">195.3067</dst>
      <dst id="7">4049.1289</dst>
      <dst id="2">178.8978</dst>
      <dst id="6">24.1422</dst>
      <dst id="16">5325.6622</dst>
      <dst id="20">0.7111</dst>
      <dst id="11">223.4044</dst>
      <dst id="9">28.2133</dst>
      <dst id="17">302.2489</dst>
      <dst id="21">293.7067</dst>
      <dst id="15">2.8444</dst>
    </src>
    <src id="23">
      <dst id="12">153.6000</dst>
      <dst id="13">694.3644</dst>
      <dst id="8">13.3333</dst>
      <dst id="18">1.7689</dst>
      <dst id="4">2.2844</dst>
      <dst id="1">102.4533</dst>
      <dst id="5">337.8489</dst>
      <dst id="3">140.9156</dst>
      <dst id="22">49.1111</dst>
      <dst id="7">29.5644</dst>
      <dst id="2">1.8844</dst>
      <dst id="16">3886.5244</dst>
      <dst id="11">76.7733</dst>
      <dst id="9">3625.2444</dst>
      <dst id="17">5.1200</dst>
      <dst id="21">27.1289</dst>
    </src>
    <src id="8">
      <dst id="12">280185.4578</dst>
      <dst id="13">365.3244</dst>
      <dst id="19">1.4133</dst>
      <dst id="18">32.3289</dst>
      <dst id="4">4514.9956</dst>
      <dst id="1">881.5644</dst>
      <dst id="5">291.7511</dst>
      <dst id="3">120.0000</dst>
      <dst id="22">550.8267</dst>
      <dst id="7">51.5200</dst>
      <dst id="2">107086.2311</dst>
      <dst id="6">0.3556</dst>
      <dst id="16">582.8089</dst>
      <dst id="20">41.1289</dst>
      <dst id="11">32.1689</dst>
      <dst id="9">354.7111</dst>
      <dst id="17">96766.4444</dst>
      <dst id="21">182.8356</dst>
      <dst id="15">27.3778</dst>
    </src>
    <src id="18">
      <dst id="12">91593.9200</dst>
      <dst id="13">200.7556</dst>
      <dst id="19">34.0356</dst>
      <dst id="23">0.3556</dst>
      <dst id="8">537.5467</dst>
      <dst id="4">2211.8222</dst>
      <dst id="1">619.0400</dst>
      <dst id="5">69.9378</dst>
      <dst id="3">30.9422</dst>
      <dst id="22">416.5956</dst>
      <dst id="7">17.5911</dst>
      <dst id="2">27544.6044</dst>
      <dst id="16">13.3511</dst>
      <dst id="14">2.9333</dst>
      <dst id="20">2.0089</dst>
      <dst id="11">57.1822</dst>
      <dst id="9">1.6356</dst>
      <dst id="17">36473.4756</dst>
      <dst id="21">137.0489</dst>
      <dst id="15">0.4267</dst>
    </src>
    <src id="4">
      <dst id="12">12660.9333</dst>
      <dst id="19">15311.9644</dst>
      <dst id="8">180.6133</dst>
      <dst id="18">231.9733</dst>
      <dst id="4">1.9111</dst>
      <dst id="1">101701.2356</dst>
      <dst id="5">1169.3067</dst>
      <dst id="3">1630.6933</dst>
      <dst id="22">2748.9867</dst>
      <dst id="7">73513.0578</dst>
      <dst id="2">66530.0533</dst>
      <dst id="6">0.9244</dst>
      <dst id="16">1194.5422</dst>
      <dst id="14">1233.9644</dst>
      <dst id="20">548.5067</dst>
      <dst id="11">2078.9067</dst>
      <dst id="9">3680.7644</dst>
      <dst id="17">24088.1511</dst>
      <dst id="21">4048.1600</dst>
      <dst id="15">1268.7111</dst>
    </src>
    <src id="1">
      <dst id="12">20846.2667</dst>
      <dst id="13">1209.2089</dst>
      <dst id="19">50.2933</dst>
      <dst id="23">23.6089</dst>
      <dst id="8">62937.2000</dst>
      <dst id="18">14593.2978</dst>
      <dst id="4">6245.8667</dst>
      <dst id="1">5658.2578</dst>
      <dst id="5">135792.0000</dst>
      <dst id="3">89.5556</dst>
      <dst id="22">385.6000</dst>
      <dst id="7">8357.4844</dst>
      <dst id="2">19047.3511</dst>
      <dst id="6">3244.0089</dst>
      <dst id="16">10036.5333</dst>
      <dst id="14">93.2978</dst>
      <dst id="20">1491.4133</dst>
      <dst id="11">1395.6000</dst>
      <dst id="9">139362.3911</dst>
      <dst id="17">11517.1822</dst>
      <dst id="21">1497.6800</dst>
      <dst id="15">1679.1822</dst>
    </src>
    <src id="5">
      <dst id="12">260881.7333</dst>
      <dst id="13">973.6533</dst>
      <dst id="19">41.2267</dst>
      <dst id="23">6.7200</dst>
      <dst id="8">748.4978</dst>
      <dst id="18">182.4711</dst>
      <dst id="4">8205.6711</dst>
      <dst id="1">608.5867</dst>
      <dst id="3">4.4356</dst>
      <dst id="22">4236.4889</dst>
      <dst id="7">56.7822</dst>
      <dst id="2">104511.5644</dst>
      <dst id="6">97.5822</dst>
      <dst id="16">457.9378</dst>
      <dst id="14">40.4178</dst>
      <dst id="20">2548.6222</dst>
      <dst id="11">483.0311</dst>
      <dst id="9">15306.5956</dst>
      <dst id="17">95450.1956</dst>
      <dst id="21">453.8933</dst>
      <dst id="15">21.3956</dst>
    </src>
    <src id="3">
      <dst id="12">9739.1200</dst>
      <dst id="13">8124.3467</dst>
      <dst id="19">1277.5556</dst>
      <dst id="23">7015.9289</dst>
      <dst id="8">13.0133</dst>
      <dst id="18">45344.1244</dst>
      <dst id="4">24500.5511</dst>
      <dst id="1">5890.2844</dst>
      <dst id="5">603.1111</dst>
      <dst id="3">9046.8000</dst>
      <dst id="22">2997.4578</dst>
      <dst id="7">1656.0978</dst>
      <dst id="2">20443.1289</dst>
      <dst id="16">981.9200</dst>
      <dst id="14">17308.0533</dst>
      <dst id="20">2516.8978</dst>
      <dst id="11">99301.3867</dst>
      <dst id="9">163.7333</dst>
      <dst id="17">6304.9333</dst>
      <dst id="21">12014.4267</dst>
      <dst id="15">1200.7289</dst>
    </src>
    <src id="10">
      <dst id="12">9292.0800</dst>
      <dst id="19">4015.6444</dst>
      <dst id="8">643.0044</dst>
      <dst id="18">210.1600</dst>
      <dst id="1">3296.2044</dst>
      <dst id="5">320.5956</dst>
      <dst id="3">530.9778</dst>
      <dst id="22">2880.2756</dst>
      <dst id="7">73750.7022</dst>
      <dst id="2">16581.9200</dst>
      <dst id="6">0.4356</dst>
      <dst id="16">2661.6533</dst>
      <dst id="14">2681.3600</dst>
      <dst id="20">422.6311</dst>
      <dst id="11">4656.2756</dst>
      <dst id="9">1549.3422</dst>
      <dst id="17">20539.4044</dst>
      <dst id="21">8270.4089</dst>
      <dst id="15">507.7156</dst>
    </src>
    <src id="22">
      <dst id="12">5989.3778</dst>
      <dst id="13">2015.4756</dst>
      <dst id="19">67.4844</dst>
      <dst id="23">10.9956</dst>
      <dst id="8">297.1378</dst>
      <dst id="18">476.5156</dst>
      <dst id="4">19172.7733</dst>
      <dst id="1">272.9067</dst>
      <dst id="5">1410.2844</dst>
      <dst id="3">720.7556</dst>
      <dst id="7">2539.6444</dst>
      <dst id="2">1640.3200</dst>
      <dst id="6">1.1911</dst>
      <dst id="16">7.0489</dst>
      <dst id="14">2.5156</dst>
      <dst id="11">1490.9778</dst>
      <dst id="9">4277.7956</dst>
      <dst id="17">2431.9022</dst>
      <dst id="21">696.1422</dst>
    </src>
    <src id="7">
      <dst id="12">2654.3378</dst>
      <dst id="13">328.4533</dst>
      <dst id="19">199.9822</dst>
      <dst id="23">66.9511</dst>
      <dst id="8">14.2133</dst>
      <dst id="18">108.4444</dst>
      <dst id="4">18421.8400</dst>
      <dst id="1">1430.8533</dst>
      <dst id="5">1305.7333</dst>
      <dst id="3">127.5467</dst>
      <dst id="22">4692.3822</dst>
      <dst id="7">940.6578</dst>
      <dst id="2">8395.7689</dst>
      <dst id="6">26.5244</dst>
      <dst id="16">386.3822</dst>
      <dst id="14">33.4933</dst>
      <dst id="20">400.5244</dst>
      <dst id="11">2575.4578</dst>
      <dst id="9">122.8000</dst>
      <dst id="17">3322.4533</dst>
      <dst id="21">984.1956</dst>
      <dst id="15">29.2978</dst>
    </src>
    <src id="2">
      <dst id="12">53795.6178</dst>
      <dst id="13">519087.3778</dst>
      <dst id="19">278.3556</dst>
      <dst id="23">13.0844</dst>
      <dst id="8">157.2800</dst>
      <dst id="18">39053.6089</dst>
      <dst id="4">97497.8400</dst>
      <dst id="1">8685.2356</dst>
      <dst id="5">1693.4222</dst>
      <dst id="3">58.9156</dst>
      <dst id="22">1558.7022</dst>
      <dst id="7">20038.3111</dst>
      <dst id="2">401.8756</dst>
      <dst id="6">5935.1111</dst>
      <dst id="16">2131.6711</dst>
      <dst id="14">5373.9556</dst>
      <dst id="20">365.7778</dst>
      <dst id="11">1170.8356</dst>
      <dst id="9">2639.1111</dst>
      <dst id="17">30385.3867</dst>
      <dst id="21">1491.2444</dst>
      <dst id="15">9.1022</dst>
    </src>
    <src id="6">
      <dst id="12">6088.1511</dst>
      <dst id="13">0.5778</dst>
      <dst id="4">1304.1956</dst>
      <dst id="1">1.4400</dst>
      <dst id="5">1.7778</dst>
      <dst id="7">26.3378</dst>
      <dst id="2">1516.1422</dst>
      <dst id="11">0.9244</dst>
      <dst id="9">23.8222</dst>
      <dst id="17">781.8489</dst>
      <dst id="21">0.8711</dst>
    </src>
    <src id="16">
      <dst id="12">1686.3111</dst>
      <dst id="13">103.1200</dst>
      <dst id="19">4355.8400</dst>
      <dst id="23">75.6000</dst>
      <dst id="8">1358.4800</dst>
      <dst id="18">2.9067</dst>
      <dst id="4">4153.0489</dst>
      <dst id="1">20318.9156</dst>
      <dst id="5">2569.5022</dst>
      <dst id="7">1333.1111</dst>
      <dst id="2">479.7600</dst>
      <dst id="6">0.8889</dst>
      <dst id="16">30.9244</dst>
      <dst id="14">428.2311</dst>
      <dst id="11">27.0667</dst>
      <dst id="9">947.6178</dst>
      <dst id="17">2301.3244</dst>
      <dst id="21">2261.7867</dst>
    </src>
    <src id="14">
      <dst id="12">17150.0356</dst>
      <dst id="13">34.0089</dst>
      <dst id="19">69.2267</dst>
      <dst id="23">0.3556</dst>
      <dst id="18">3.5556</dst>
      <dst id="4">1831.5644</dst>
      <dst id="1">87.0222</dst>
      <dst id="5">93.6889</dst>
      <dst id="3">40.5600</dst>
      <dst id="22">7.2356</dst>
      <dst id="7">49.9733</dst>
      <dst id="2">3898.2044</dst>
      <dst id="16">16.1778</dst>
      <dst id="11">40.6844</dst>
      <dst id="9">2.8800</dst>
      <dst id="17">10891.5911</dst>
      <dst id="21">44.5067</dst>
    </src>
    <src id="20">
      <dst id="12">2163.0756</dst>
      <dst id="13">3371.7067</dst>
      <dst id="19">3.4222</dst>
      <dst id="8">209.5111</dst>
      <dst id="18">1.0400</dst>
      <dst id="4">7665.9022</dst>
      <dst id="1">62.1867</dst>
      <dst id="5">789.4667</dst>
      <dst id="3">830.6133</dst>
      <dst id="7">1615.3333</dst>
      <dst id="2">4521.7422</dst>
      <dst id="11">273.3244</dst>
      <dst id="9">3470.5956</dst>
      <dst id="17">359.1733</dst>
      <dst id="21">66.0889</dst>
    </src>
    <src id="11">
      <dst id="12">409427.8756</dst>
      <dst id="13">786.6667</dst>
      <dst id="19">10.8000</dst>
      <dst id="23">9.2000</dst>
      <dst id="8">136.4267</dst>
      <dst id="18">21.9911</dst>
      <dst id="4">7086.3822</dst>
      <dst id="1">741.1733</dst>
      <dst id="5">759.8311</dst>
      <dst id="3">1680.3911</dst>
      <dst id="22">1482.5422</dst>
      <dst id="7">621.8489</dst>
      <dst id="2">136751.2533</dst>
      <dst id="16">13.6533</dst>
      <dst id="14">46.1956</dst>
      <dst id="20">116.3556</dst>
      <dst id="11">1549.7067</dst>
      <dst id="9">131.5911</dst>
      <dst id="17">132860.7378</dst>
      <dst id="21">198.7822</dst>
      <dst id="15">45.1556</dst>
    </src>
    <src id="9">
      <dst id="12">434333.2356</dst>
      <dst id="13">2379.0133</dst>
      <dst id="19">8.1778</dst>
      <dst id="23">75.3067</dst>
      <dst id="8">156.3556</dst>
      <dst id="18">94.5156</dst>
      <dst id="4">15000.0800</dst>
      <dst id="1">549.3778</dst>
      <dst id="5">6227.8489</dst>
      <dst id="3">14.7556</dst>
      <dst id="22">2398.5956</dst>
      <dst id="7">69.1467</dst>
      <dst id="2">140578.9333</dst>
      <dst id="6">0.3556</dst>
      <dst id="16">209.4489</dst>
      <dst id="14">654.7733</dst>
      <dst id="20">3207.5822</dst>
      <dst id="11">1445.9733</dst>
      <dst id="9">2913.4756</dst>
      <dst id="17">157037.9467</dst>
      <dst id="21">100.8089</dst>
      <dst id="15">911.7867</dst>
    </src>
    <src id="17">
      <dst id="12">4575.8044</dst>
      <dst id="13">7136.4444</dst>
      <dst id="19">232.6844</dst>
      <dst id="23">18.2133</dst>
      <dst id="8">78811.4133</dst>
      <dst id="18">279.6711</dst>
      <dst id="4">169077.4311</dst>
      <dst id="1">2906.8889</dst>
      <dst id="5">179406.1511</dst>
      <dst id="3">9159.4756</dst>
      <dst id="22">2179.9822</dst>
      <dst id="7">1919.8578</dst>
      <dst id="2">14376.3644</dst>
      <dst id="6">3.9556</dst>
      <dst id="16">9294.2844</dst>
      <dst id="14">14895.3333</dst>
      <dst id="20">780.1333</dst>
      <dst id="11">67971.9200</dst>
      <dst id="9">125691.7689</dst>
      <dst id="17">1447.6800</dst>
      <dst id="21">2950.6844</dst>
      <dst id="15">136.7111</dst>
    </src>
    <src id="21">
      <dst id="12">11345.1200</dst>
      <dst id="13">1839.0578</dst>
      <dst id="19">440.8978</dst>
      <dst id="23">2.2756</dst>
      <dst id="8">65.0133</dst>
      <dst id="18">264.9778</dst>
      <dst id="4">21246.5067</dst>
      <dst id="1">1759.0311</dst>
      <dst id="5">171.3867</dst>
      <dst id="3">6720.2222</dst>
      <dst id="22">2445.6356</dst>
      <dst id="7">2513.0667</dst>
      <dst id="2">6834.6933</dst>
      <dst id="6">25.8489</dst>
      <dst id="16">95.2356</dst>
      <dst id="14">92.2044</dst>
      <dst id="20">64.0622</dst>
      <dst id="11">658.7111</dst>
      <dst id="9">591.1022</dst>
      <dst id="17">3489.9822</dst>
      <dst id="21">1339.0133</dst>
      <dst id="15">8.6578</dst>
    </src>
    <src id="15">
      <dst id="12">134.6489</dst>
      <dst id="13">190.9156</dst>
      <dst id="19">46.5422</dst>
      <dst id="23">0.4622</dst>
      <dst id="8">222.3822</dst>
      <dst id="18">2.0356</dst>
      <dst id="4">3609.6356</dst>
      <dst id="1">1873.0667</dst>
      <dst id="5">43.9733</dst>
      <dst id="7">457.7067</dst>
      <dst id="2">506.9511</dst>
      <dst id="16">2.2578</dst>
      <dst id="11">564.7378</dst>
      <dst id="9">1179.8756</dst>
      <dst id="17">1874.4533</dst>
      <dst id="21">79.7689</dst>
    </src>
  </IntraTM>
</TrafficMatrixFile>
