<?xml version="1.0" encoding="UTF-8" standalone="yes"?>
<TrafficMatrixFile xmlns:xsi="http://www.w3.org/2001/XMLSchema-instance" xsi:noNamespaceSchemaLocation="http://totem.run.montefiore.ulg.ac.be/Schema/TrafficMatrix-v1_2.xsd">
  <info>
    <title>Intradomain traffic matrix generated by geant-TM-all.pl</title>
    <date>2005-01-01T10:00:00</date>
    <duration>900</duration>
    <author>Steve Uhlig</author>
    <units>
        <unit type="bandwidth" value="kbps"/>
    </units>
  </info>
  <IntraTM ASID="20965">
    <src id="12">
      <dst id="12">226776.2133</dst>
      <dst id="13">22768.0622</dst>
      <dst id="19">3416.4800</dst>
      <dst id="23">126.6133</dst>
      <dst id="8">2094.5067</dst>
      <dst id="18">389.0667</dst>
      <dst id="4">110645.9378</dst>
      <dst id="1">7513.0311</dst>
      <dst id="5">2724.6578</dst>
      <dst id="3">2210.1422</dst>
      <dst id="22">27010.2044</dst>
      <dst id="7">8899.2711</dst>
      <dst id="2">78743.2444</dst>
      <dst id="6">107.1733</dst>
      <dst id="16">9014.6222</dst>
      <dst id="14">1341.8578</dst>
      <dst id="20">8160.4356</dst>
      <dst id="11">1719.4222</dst>
      <dst id="9">7359.2000</dst>
      <dst id="17">73276.7111</dst>
      <dst id="21">9193.8844</dst>
      <dst id="15">1624.8889</dst>
    </src>
    <src id="13">
      <dst id="12">58105.8933</dst>
      <dst id="19">17014.1600</dst>
      <dst id="23">87.9289</dst>
      <dst id="8">2420.8889</dst>
      <dst id="18">3080.2311</dst>
      <dst id="1">3963.1289</dst>
      <dst id="5">7480.9422</dst>
      <dst id="3">7231.4222</dst>
      <dst id="22">20711.6622</dst>
      <dst id="7">8744.0267</dst>
      <dst id="2">85372.9956</dst>
      <dst id="6">96.6400</dst>
      <dst id="16">9572.3467</dst>
      <dst id="14">2481.5556</dst>
      <dst id="20">8586.1422</dst>
      <dst id="11">11721.4578</dst>
      <dst id="9">11303.1556</dst>
      <dst id="17">82492.6756</dst>
      <dst id="21">22787.5289</dst>
      <dst id="15">2709.0489</dst>
    </src>
    <src id="19">
      <dst id="12">13791.1022</dst>
      <dst id="13">276.6756</dst>
      <dst id="8">1.2089</dst>
      <dst id="4">22505.5733</dst>
      <dst id="1">72.9600</dst>
      <dst id="5">92.3556</dst>
      <dst id="3">260.1867</dst>
      <dst id="22">89.3067</dst>
      <dst id="7">2544.9867</dst>
      <dst id="2">759.5911</dst>
      <dst id="6">61.4044</dst>
      <dst id="16">9613.3422</dst>
      <dst id="14">1.5200</dst>
      <dst id="20">0.4978</dst>
      <dst id="11">1031.9378</dst>
      <dst id="9">115.6533</dst>
      <dst id="17">422.2044</dst>
      <dst id="21">245.5467</dst>
      <dst id="15">120.5867</dst>
    </src>
    <src id="23">
      <dst id="12">97.6533</dst>
      <dst id="13">100.2578</dst>
      <dst id="19">0.4711</dst>
      <dst id="8">67.1289</dst>
      <dst id="18">13.7600</dst>
      <dst id="4">328.6400</dst>
      <dst id="1">32.0622</dst>
      <dst id="5">20.4800</dst>
      <dst id="3">13.6178</dst>
      <dst id="7">11962.3111</dst>
      <dst id="2">75.3778</dst>
      <dst id="16">1.5022</dst>
      <dst id="11">17.2622</dst>
      <dst id="9">303.8578</dst>
      <dst id="17">157.2089</dst>
      <dst id="21">1447.0756</dst>
    </src>
    <src id="8">
      <dst id="12">292838.6400</dst>
      <dst id="13">515.2533</dst>
      <dst id="23">1.0667</dst>
      <dst id="18">21.7067</dst>
      <dst id="4">5107.3867</dst>
      <dst id="1">60.7378</dst>
      <dst id="5">866.3733</dst>
      <dst id="3">23.4489</dst>
      <dst id="22">757.7778</dst>
      <dst id="7">8.4800</dst>
      <dst id="2">103527.6178</dst>
      <dst id="6">13.1200</dst>
      <dst id="16">411.2178</dst>
      <dst id="14">0.3556</dst>
      <dst id="20">408.1778</dst>
      <dst id="11">410.1244</dst>
      <dst id="9">282.1156</dst>
      <dst id="17">55149.3778</dst>
      <dst id="21">174.1778</dst>
      <dst id="15">2922.4978</dst>
    </src>
    <src id="18">
      <dst id="12">124085.5378</dst>
      <dst id="13">998.7378</dst>
      <dst id="19">0.8889</dst>
      <dst id="8">2.8089</dst>
      <dst id="4">2874.7822</dst>
      <dst id="1">619.7156</dst>
      <dst id="5">135.9822</dst>
      <dst id="3">4.8800</dst>
      <dst id="22">123.8578</dst>
      <dst id="7">48.0978</dst>
      <dst id="2">35152.0622</dst>
      <dst id="16">4.3022</dst>
      <dst id="14">2.1689</dst>
      <dst id="20">13.4222</dst>
      <dst id="11">97.2889</dst>
      <dst id="9">114.2222</dst>
      <dst id="17">28480.9689</dst>
      <dst id="21">398.8089</dst>
      <dst id="15">30.9511</dst>
    </src>
    <src id="4">
      <dst id="12">70923.1289</dst>
      <dst id="19">8828.4089</dst>
      <dst id="8">563.6622</dst>
      <dst id="18">1338.0000</dst>
      <dst id="4">1.6533</dst>
      <dst id="1">1320.6133</dst>
      <dst id="5">779.5200</dst>
      <dst id="3">9121.6533</dst>
      <dst id="22">4587.2178</dst>
      <dst id="7">6253.0044</dst>
      <dst id="2">49987.3867</dst>
      <dst id="6">3.9111</dst>
      <dst id="16">743.1644</dst>
      <dst id="14">592.1600</dst>
      <dst id="20">369.5467</dst>
      <dst id="11">4436.0089</dst>
      <dst id="9">1770.1422</dst>
      <dst id="17">61944.5156</dst>
      <dst id="21">5964.1867</dst>
      <dst id="15">3582.7200</dst>
    </src>
    <src id="1">
      <dst id="12">19922.9956</dst>
      <dst id="13">1460.2133</dst>
      <dst id="19">3513.6267</dst>
      <dst id="23">43.8311</dst>
      <dst id="8">70149.7156</dst>
      <dst id="18">11126.5689</dst>
      <dst id="4">6640.8267</dst>
      <dst id="1">60.2311</dst>
      <dst id="5">143567.8489</dst>
      <dst id="3">15089.2000</dst>
      <dst id="22">1382.4267</dst>
      <dst id="7">12659.8311</dst>
      <dst id="2">2213.1822</dst>
      <dst id="6">8435.2444</dst>
      <dst id="16">14974.2044</dst>
      <dst id="14">128.1956</dst>
      <dst id="20">146.8089</dst>
      <dst id="11">430.0444</dst>
      <dst id="9">159213.4756</dst>
      <dst id="17">1987.0489</dst>
      <dst id="21">7692.6933</dst>
      <dst id="15">53.5644</dst>
    </src>
    <src id="5">
      <dst id="12">307625.1378</dst>
      <dst id="13">951.1022</dst>
      <dst id="19">21.0578</dst>
      <dst id="23">80.0000</dst>
      <dst id="8">424.9867</dst>
      <dst id="18">232.1600</dst>
      <dst id="4">6142.9867</dst>
      <dst id="1">303.4933</dst>
      <dst id="3">235.1022</dst>
      <dst id="22">5244.5244</dst>
      <dst id="7">188.2844</dst>
      <dst id="2">118645.1022</dst>
      <dst id="16">644.5867</dst>
      <dst id="14">86.9333</dst>
      <dst id="20">1194.7022</dst>
      <dst id="11">2433.1022</dst>
      <dst id="9">1052.9333</dst>
      <dst id="17">64836.1333</dst>
      <dst id="21">208.0978</dst>
      <dst id="15">345.4222</dst>
    </src>
    <src id="3">
      <dst id="12">10316.2400</dst>
      <dst id="13">1429.9289</dst>
      <dst id="19">4316.1156</dst>
      <dst id="23">4.1156</dst>
      <dst id="8">64.4800</dst>
      <dst id="18">78940.5244</dst>
      <dst id="4">40009.3956</dst>
      <dst id="1">12211.4400</dst>
      <dst id="5">204.0800</dst>
      <dst id="3">12331.0133</dst>
      <dst id="22">347.0311</dst>
      <dst id="7">2485.5200</dst>
      <dst id="2">4012.5867</dst>
      <dst id="16">729.0756</dst>
      <dst id="14">29281.7689</dst>
      <dst id="20">2129.6444</dst>
      <dst id="11">103806.7911</dst>
      <dst id="9">93.8756</dst>
      <dst id="17">4440.4000</dst>
      <dst id="21">7032.8089</dst>
      <dst id="15">129.5822</dst>
    </src>
    <src id="10">
      <dst id="12">10584.4444</dst>
      <dst id="19">1959.2356</dst>
      <dst id="8">1312.0178</dst>
      <dst id="18">788.9333</dst>
      <dst id="1">1500.9689</dst>
      <dst id="5">807.7333</dst>
      <dst id="3">9493.1200</dst>
      <dst id="22">6181.2000</dst>
      <dst id="7">2634.8178</dst>
      <dst id="2">29654.0800</dst>
      <dst id="6">0.8178</dst>
      <dst id="16">6587.1556</dst>
      <dst id="14">4163.4844</dst>
      <dst id="20">2948.8622</dst>
      <dst id="11">4809.1733</dst>
      <dst id="9">3681.5111</dst>
      <dst id="17">23196.5244</dst>
      <dst id="21">11632.0444</dst>
      <dst id="15">656.0800</dst>
    </src>
    <src id="22">
      <dst id="12">4710.3111</dst>
      <dst id="13">3376.5067</dst>
      <dst id="19">145.3600</dst>
      <dst id="23">0.4622</dst>
      <dst id="8">2130.0533</dst>
      <dst id="18">1019.3244</dst>
      <dst id="4">21328.0267</dst>
      <dst id="1">1105.7422</dst>
      <dst id="5">1402.5511</dst>
      <dst id="3">144.9689</dst>
      <dst id="7">1275.4311</dst>
      <dst id="2">1421.5111</dst>
      <dst id="6">3.2889</dst>
      <dst id="16">0.4089</dst>
      <dst id="14">181.0133</dst>
      <dst id="11">5327.0222</dst>
      <dst id="9">4976.9156</dst>
      <dst id="17">2661.6267</dst>
      <dst id="21">895.8311</dst>
    </src>
    <src id="7">
      <dst id="12">3572.1778</dst>
      <dst id="13">465.8578</dst>
      <dst id="19">167.0489</dst>
      <dst id="23">291.0489</dst>
      <dst id="8">526.6400</dst>
      <dst id="18">1481.5644</dst>
      <dst id="4">38410.9511</dst>
      <dst id="1">2383.8311</dst>
      <dst id="5">2126.2222</dst>
      <dst id="3">2817.0933</dst>
      <dst id="22">5694.4178</dst>
      <dst id="7">694.6489</dst>
      <dst id="2">7192.8622</dst>
      <dst id="6">28.7644</dst>
      <dst id="16">430.9956</dst>
      <dst id="14">84.8711</dst>
      <dst id="20">152.1511</dst>
      <dst id="11">375.7511</dst>
      <dst id="9">703.1111</dst>
      <dst id="17">9112.3822</dst>
      <dst id="21">4023.2444</dst>
      <dst id="15">8193.4756</dst>
    </src>
    <src id="2">
      <dst id="12">68891.2978</dst>
      <dst id="13">4500.8622</dst>
      <dst id="19">387.7511</dst>
      <dst id="23">21.9200</dst>
      <dst id="8">349.3600</dst>
      <dst id="18">72163.0222</dst>
      <dst id="4">126606.0889</dst>
      <dst id="1">3617.1822</dst>
      <dst id="5">6335.4311</dst>
      <dst id="3">3290.6667</dst>
      <dst id="22">1064.7022</dst>
      <dst id="7">13357.0489</dst>
      <dst id="2">252.4800</dst>
      <dst id="6">5839.0667</dst>
      <dst id="16">3552.4267</dst>
      <dst id="14">338.3644</dst>
      <dst id="20">1376.5689</dst>
      <dst id="11">3581.2444</dst>
      <dst id="9">579.3956</dst>
      <dst id="17">34334.3733</dst>
      <dst id="21">3548.3556</dst>
      <dst id="15">9.7600</dst>
    </src>
    <src id="6">
      <dst id="12">8011.0133</dst>
      <dst id="13">1.8222</dst>
      <dst id="19">0.7111</dst>
      <dst id="23">0.3378</dst>
      <dst id="4">18.1867</dst>
      <dst id="1">0.3378</dst>
      <dst id="3">10.4889</dst>
      <dst id="22">74.0089</dst>
      <dst id="7">3.6978</dst>
      <dst id="2">1984.9422</dst>
      <dst id="16">10.8356</dst>
      <dst id="11">2.1867</dst>
      <dst id="9">34.8622</dst>
      <dst id="17">1267.0311</dst>
      <dst id="21">1.1111</dst>
      <dst id="15">0.4889</dst>
    </src>
    <src id="16">
      <dst id="12">3150.9600</dst>
      <dst id="13">1087.8133</dst>
      <dst id="19">2686.3467</dst>
      <dst id="23">4.3289</dst>
      <dst id="8">1678.2667</dst>
      <dst id="18">24.1156</dst>
      <dst id="4">6747.1200</dst>
      <dst id="1">14305.7778</dst>
      <dst id="5">955.9022</dst>
      <dst id="3">1529.9556</dst>
      <dst id="22">13.3333</dst>
      <dst id="7">3375.9378</dst>
      <dst id="2">1303.7067</dst>
      <dst id="6">25.5822</dst>
      <dst id="16">20.6933</dst>
      <dst id="14">0.7111</dst>
      <dst id="11">383.8311</dst>
      <dst id="9">2905.2711</dst>
      <dst id="17">2343.0044</dst>
      <dst id="21">147.5911</dst>
    </src>
    <src id="14">
      <dst id="12">17270.0089</dst>
      <dst id="13">24.6044</dst>
      <dst id="19">4.4978</dst>
      <dst id="18">38.1600</dst>
      <dst id="4">2522.4889</dst>
      <dst id="1">87.0578</dst>
      <dst id="5">3.6178</dst>
      <dst id="3">32.5244</dst>
      <dst id="22">31.6711</dst>
      <dst id="7">50.2844</dst>
      <dst id="2">5390.8444</dst>
      <dst id="16">0.6756</dst>
      <dst id="20">1.3067</dst>
      <dst id="11">76.0800</dst>
      <dst id="9">0.4622</dst>
      <dst id="17">3232.7467</dst>
      <dst id="21">60.8178</dst>
    </src>
    <src id="20">
      <dst id="12">2065.7689</dst>
      <dst id="13">9953.3778</dst>
      <dst id="19">0.9422</dst>
      <dst id="23">0.8178</dst>
      <dst id="8">81.2444</dst>
      <dst id="18">598.2311</dst>
      <dst id="4">12130.0444</dst>
      <dst id="1">25.6889</dst>
      <dst id="5">509.9378</dst>
      <dst id="3">129.6444</dst>
      <dst id="22">0.8444</dst>
      <dst id="7">250.3467</dst>
      <dst id="2">6283.0400</dst>
      <dst id="14">5.3689</dst>
      <dst id="11">1630.2311</dst>
      <dst id="9">5740.8089</dst>
      <dst id="17">6494.4622</dst>
      <dst id="21">1686.3111</dst>
    </src>
    <src id="11">
      <dst id="12">407674.9956</dst>
      <dst id="13">1205.9467</dst>
      <dst id="19">98.6489</dst>
      <dst id="23">12.5689</dst>
      <dst id="8">16.9600</dst>
      <dst id="18">260.9511</dst>
      <dst id="4">14350.1422</dst>
      <dst id="1">689.9733</dst>
      <dst id="5">745.2889</dst>
      <dst id="3">1672.6044</dst>
      <dst id="22">5409.3422</dst>
      <dst id="7">427.9289</dst>
      <dst id="2">148370.3467</dst>
      <dst id="6">1.3067</dst>
      <dst id="16">205.6000</dst>
      <dst id="14">47.8133</dst>
      <dst id="20">5396.8444</dst>
      <dst id="11">998.1067</dst>
      <dst id="9">424.8622</dst>
      <dst id="17">88893.1200</dst>
      <dst id="21">1956.8533</dst>
      <dst id="15">111.1911</dst>
    </src>
    <src id="9">
      <dst id="12">493154.1867</dst>
      <dst id="13">1819.4400</dst>
      <dst id="19">12.5333</dst>
      <dst id="23">15.8933</dst>
      <dst id="8">215.6889</dst>
      <dst id="18">1956.6756</dst>
      <dst id="4">13548.7556</dst>
      <dst id="1">3171.4933</dst>
      <dst id="5">1126.2667</dst>
      <dst id="3">150.8444</dst>
      <dst id="22">10486.3644</dst>
      <dst id="7">873.5556</dst>
      <dst id="2">149087.1556</dst>
      <dst id="6">1.9467</dst>
      <dst id="16">273.7600</dst>
      <dst id="14">41.1200</dst>
      <dst id="20">757.2533</dst>
      <dst id="11">439.0756</dst>
      <dst id="9">104.7022</dst>
      <dst id="17">117423.5289</dst>
      <dst id="21">782.1956</dst>
      <dst id="15">264.1156</dst>
    </src>
    <src id="17">
      <dst id="12">7813.8933</dst>
      <dst id="13">15196.5156</dst>
      <dst id="19">14035.4311</dst>
      <dst id="23">14.5067</dst>
      <dst id="8">100739.9822</dst>
      <dst id="18">1529.2444</dst>
      <dst id="4">137407.9911</dst>
      <dst id="1">501.0578</dst>
      <dst id="5">152958.8267</dst>
      <dst id="3">12398.0444</dst>
      <dst id="22">6632.8889</dst>
      <dst id="7">16410.0622</dst>
      <dst id="2">10057.1467</dst>
      <dst id="6">65.4756</dst>
      <dst id="16">13000.3022</dst>
      <dst id="14">16144.4444</dst>
      <dst id="20">10945.7511</dst>
      <dst id="11">83430.9600</dst>
      <dst id="9">164738.3556</dst>
      <dst id="17">1615.4044</dst>
      <dst id="21">14394.3467</dst>
      <dst id="15">59.8133</dst>
    </src>
    <src id="21">
      <dst id="12">23112.4889</dst>
      <dst id="13">2243.9200</dst>
      <dst id="19">160.5956</dst>
      <dst id="23">52.7467</dst>
      <dst id="8">1105.0756</dst>
      <dst id="18">2178.7822</dst>
      <dst id="4">30720.0711</dst>
      <dst id="1">1875.7956</dst>
      <dst id="5">598.3911</dst>
      <dst id="3">1138.8711</dst>
      <dst id="22">1307.8311</dst>
      <dst id="7">690.4178</dst>
      <dst id="2">9609.8400</dst>
      <dst id="6">4.8089</dst>
      <dst id="16">280.6311</dst>
      <dst id="14">116.2756</dst>
      <dst id="20">257.1022</dst>
      <dst id="11">6131.2000</dst>
      <dst id="9">596.5778</dst>
      <dst id="17">4241.0044</dst>
      <dst id="21">1376.6489</dst>
      <dst id="15">108.7200</dst>
    </src>
    <src id="15">
      <dst id="12">652.3556</dst>
      <dst id="13">307.2267</dst>
      <dst id="19">7.5200</dst>
      <dst id="23">0.3378</dst>
      <dst id="8">609.4933</dst>
      <dst id="18">17.1911</dst>
      <dst id="4">11839.6800</dst>
      <dst id="1">142.4978</dst>
      <dst id="5">3294.3733</dst>
      <dst id="3">521.0489</dst>
      <dst id="7">176.6756</dst>
      <dst id="2">142.1689</dst>
      <dst id="11">107.4133</dst>
      <dst id="9">545.2533</dst>
      <dst id="17">1341.6267</dst>
      <dst id="21">118.6578</dst>
    </src>
  </IntraTM>
</TrafficMatrixFile>
