<?xml version="1.0" encoding="UTF-8" standalone="yes"?>
<TrafficMatrixFile xmlns:xsi="http://www.w3.org/2001/XMLSchema-instance" xsi:noNamespaceSchemaLocation="http://totem.run.montefiore.ulg.ac.be/Schema/TrafficMatrix-v1_2.xsd">
  <info>
    <title>Intradomain traffic matrix generated by geant-TM-all.pl</title>
    <date>2005-01-03T12:30:00</date>
    <duration>900</duration>
    <author>Steve Uhlig</author>
    <units>
        <unit type="bandwidth" value="kbps"/>
    </units>
  </info>
  <IntraTM ASID="20965">
    <src id="12">
      <dst id="12">182414.9333</dst>
      <dst id="13">25970.6044</dst>
      <dst id="19">940.9778</dst>
      <dst id="23">2.8089</dst>
      <dst id="8">584.5511</dst>
      <dst id="18">1175.8222</dst>
      <dst id="4">63734.8444</dst>
      <dst id="1">6744.7378</dst>
      <dst id="5">1387.7067</dst>
      <dst id="3">4587.9022</dst>
      <dst id="22">8668.1689</dst>
      <dst id="7">5783.2267</dst>
      <dst id="2">69543.3778</dst>
      <dst id="6">3.4133</dst>
      <dst id="16">4401.8400</dst>
      <dst id="14">247.3867</dst>
      <dst id="20">8020.4178</dst>
      <dst id="11">5395.5467</dst>
      <dst id="9">5438.5867</dst>
      <dst id="17">69897.6356</dst>
      <dst id="21">3097.5111</dst>
      <dst id="15">268.9422</dst>
    </src>
    <src id="13">
      <dst id="12">42815.1733</dst>
      <dst id="19">23836.3022</dst>
      <dst id="23">12.2933</dst>
      <dst id="8">858.7822</dst>
      <dst id="18">3404.3822</dst>
      <dst id="4">1.4222</dst>
      <dst id="1">1614.3467</dst>
      <dst id="5">4730.0178</dst>
      <dst id="3">8580.1244</dst>
      <dst id="22">14340.2044</dst>
      <dst id="7">4583.5556</dst>
      <dst id="2">114329.3156</dst>
      <dst id="6">83.5378</dst>
      <dst id="16">5543.2444</dst>
      <dst id="14">991.2267</dst>
      <dst id="20">6727.2444</dst>
      <dst id="11">6219.3778</dst>
      <dst id="9">21300.0800</dst>
      <dst id="17">33951.8756</dst>
      <dst id="21">13147.6800</dst>
      <dst id="15">7801.4400</dst>
    </src>
    <src id="19">
      <dst id="12">12293.5289</dst>
      <dst id="13">81.4044</dst>
      <dst id="23">0.4622</dst>
      <dst id="18">0.9689</dst>
      <dst id="4">20756.4889</dst>
      <dst id="1">679.4311</dst>
      <dst id="5">38.9156</dst>
      <dst id="22">175.2622</dst>
      <dst id="7">3266.8089</dst>
      <dst id="2">132.9867</dst>
      <dst id="6">102.1956</dst>
      <dst id="16">9854.2756</dst>
      <dst id="20">3.8933</dst>
      <dst id="11">2.5244</dst>
      <dst id="9">426.4533</dst>
      <dst id="17">50.9333</dst>
      <dst id="21">187.4400</dst>
      <dst id="15">0.9600</dst>
    </src>
    <src id="23">
      <dst id="12">68.9778</dst>
      <dst id="13">31.1289</dst>
      <dst id="19">12.9778</dst>
      <dst id="4">124.9511</dst>
      <dst id="1">79.7778</dst>
      <dst id="5">39.2889</dst>
      <dst id="3">198.8000</dst>
      <dst id="22">2709.2889</dst>
      <dst id="7">60.8444</dst>
      <dst id="2">1769.7244</dst>
      <dst id="16">4.7911</dst>
      <dst id="20">26.6667</dst>
      <dst id="11">12.6222</dst>
      <dst id="9">417.3511</dst>
      <dst id="17">126.4444</dst>
      <dst id="21">50.9333</dst>
      <dst id="15">0.5778</dst>
    </src>
    <src id="8">
      <dst id="12">301719.4844</dst>
      <dst id="13">161.1022</dst>
      <dst id="19">14.5867</dst>
      <dst id="4">7142.4889</dst>
      <dst id="1">197.2178</dst>
      <dst id="5">513.6978</dst>
      <dst id="22">1044.8889</dst>
      <dst id="7">67.5200</dst>
      <dst id="2">101016.0444</dst>
      <dst id="16">38.2667</dst>
      <dst id="20">241.5733</dst>
      <dst id="11">839.1644</dst>
      <dst id="9">431.2267</dst>
      <dst id="17">95872.7733</dst>
      <dst id="21">52.4711</dst>
      <dst id="15">122.4178</dst>
    </src>
    <src id="18">
      <dst id="12">100831.0667</dst>
      <dst id="13">128.0267</dst>
      <dst id="19">92.8267</dst>
      <dst id="8">0.4356</dst>
      <dst id="4">1380.8178</dst>
      <dst id="1">1556.4267</dst>
      <dst id="5">141.9111</dst>
      <dst id="3">172.2133</dst>
      <dst id="22">112.0889</dst>
      <dst id="7">18.3111</dst>
      <dst id="2">27712.3200</dst>
      <dst id="16">33.8667</dst>
      <dst id="20">2.9600</dst>
      <dst id="11">8.8622</dst>
      <dst id="9">31.7689</dst>
      <dst id="17">36229.7244</dst>
      <dst id="21">166.6933</dst>
      <dst id="15">15.7511</dst>
    </src>
    <src id="4">
      <dst id="12">6738.1511</dst>
      <dst id="19">8260.2489</dst>
      <dst id="23">0.4622</dst>
      <dst id="8">2255.1022</dst>
      <dst id="18">1232.8444</dst>
      <dst id="4">1.1111</dst>
      <dst id="1">14486.6933</dst>
      <dst id="5">1606.3556</dst>
      <dst id="3">37.3333</dst>
      <dst id="22">3050.0444</dst>
      <dst id="7">123553.7689</dst>
      <dst id="2">29015.3156</dst>
      <dst id="6">41.8489</dst>
      <dst id="16">494.2133</dst>
      <dst id="14">817.9644</dst>
      <dst id="20">700.9867</dst>
      <dst id="11">1564.6044</dst>
      <dst id="9">3022.0178</dst>
      <dst id="17">88812.7911</dst>
      <dst id="21">3087.5644</dst>
      <dst id="15">227.0311</dst>
    </src>
    <src id="1">
      <dst id="12">17875.4044</dst>
      <dst id="13">313.6978</dst>
      <dst id="19">9.8044</dst>
      <dst id="23">44.5422</dst>
      <dst id="8">77544.8800</dst>
      <dst id="18">12451.8311</dst>
      <dst id="4">7264.8533</dst>
      <dst id="1">14994.5867</dst>
      <dst id="5">120551.6978</dst>
      <dst id="3">62.1067</dst>
      <dst id="22">2006.8000</dst>
      <dst id="7">1270.7644</dst>
      <dst id="2">1933.0044</dst>
      <dst id="6">5914.3911</dst>
      <dst id="16">11303.9111</dst>
      <dst id="14">122.3200</dst>
      <dst id="20">22.2756</dst>
      <dst id="11">182.2578</dst>
      <dst id="9">121857.3067</dst>
      <dst id="17">1377.0311</dst>
      <dst id="21">1718.0089</dst>
      <dst id="15">93.0844</dst>
    </src>
    <src id="5">
      <dst id="12">248697.3422</dst>
      <dst id="13">10041.4667</dst>
      <dst id="19">3240.7822</dst>
      <dst id="8">733.3333</dst>
      <dst id="18">983.7956</dst>
      <dst id="4">5879.5289</dst>
      <dst id="1">223.1111</dst>
      <dst id="3">13.6533</dst>
      <dst id="22">1292.9689</dst>
      <dst id="7">87.6800</dst>
      <dst id="2">73705.6089</dst>
      <dst id="6">19.9822</dst>
      <dst id="16">414.3733</dst>
      <dst id="14">25.0844</dst>
      <dst id="20">282.6222</dst>
      <dst id="11">641.3689</dst>
      <dst id="9">2087.6178</dst>
      <dst id="17">99701.9822</dst>
      <dst id="21">275.0311</dst>
      <dst id="15">476.7467</dst>
    </src>
    <src id="3">
      <dst id="12">18585.2356</dst>
      <dst id="13">746.9689</dst>
      <dst id="19">1467.1111</dst>
      <dst id="23">9176.2133</dst>
      <dst id="8">211.5733</dst>
      <dst id="18">50667.4044</dst>
      <dst id="4">54603.8578</dst>
      <dst id="1">4510.2311</dst>
      <dst id="5">136.0889</dst>
      <dst id="3">9768.5244</dst>
      <dst id="22">696.0622</dst>
      <dst id="7">484.8978</dst>
      <dst id="2">3054.0889</dst>
      <dst id="6">6.4000</dst>
      <dst id="16">979.6178</dst>
      <dst id="14">15626.7289</dst>
      <dst id="20">34.8089</dst>
      <dst id="11">113313.5111</dst>
      <dst id="9">19.2178</dst>
      <dst id="17">5396.4089</dst>
      <dst id="21">3357.9822</dst>
      <dst id="15">42.9689</dst>
    </src>
    <src id="10">
      <dst id="12">8781.5644</dst>
      <dst id="19">1994.5067</dst>
      <dst id="8">804.4978</dst>
      <dst id="18">236.0978</dst>
      <dst id="1">3012.2311</dst>
      <dst id="5">561.0933</dst>
      <dst id="3">6989.0578</dst>
      <dst id="22">7289.6711</dst>
      <dst id="7">105095.8933</dst>
      <dst id="2">22556.4444</dst>
      <dst id="6">186.1067</dst>
      <dst id="16">383.3778</dst>
      <dst id="14">501.6622</dst>
      <dst id="20">453.5822</dst>
      <dst id="11">6428.2756</dst>
      <dst id="9">2711.6711</dst>
      <dst id="17">26916.8800</dst>
      <dst id="21">8208.4444</dst>
      <dst id="15">121.7244</dst>
    </src>
    <src id="22">
      <dst id="12">20900.6222</dst>
      <dst id="13">1252.2044</dst>
      <dst id="19">730.9067</dst>
      <dst id="23">792.1067</dst>
      <dst id="8">226.0267</dst>
      <dst id="18">312.5333</dst>
      <dst id="4">17874.0444</dst>
      <dst id="1">137.2000</dst>
      <dst id="5">3772.8533</dst>
      <dst id="3">894.5244</dst>
      <dst id="7">387.2800</dst>
      <dst id="2">2770.5511</dst>
      <dst id="6">13.7600</dst>
      <dst id="16">2.7200</dst>
      <dst id="14">16.9956</dst>
      <dst id="11">2440.5333</dst>
      <dst id="9">1373.8222</dst>
      <dst id="17">2834.9333</dst>
      <dst id="21">1121.2267</dst>
    </src>
    <src id="7">
      <dst id="12">8548.8444</dst>
      <dst id="13">3841.9200</dst>
      <dst id="19">125.7422</dst>
      <dst id="23">6.2222</dst>
      <dst id="8">740.9422</dst>
      <dst id="18">150.9244</dst>
      <dst id="4">17923.6622</dst>
      <dst id="1">2331.6711</dst>
      <dst id="5">1179.5733</dst>
      <dst id="3">36.4889</dst>
      <dst id="22">4501.0400</dst>
      <dst id="7">815.7867</dst>
      <dst id="2">4266.4622</dst>
      <dst id="16">493.2178</dst>
      <dst id="14">25.4844</dst>
      <dst id="20">769.6444</dst>
      <dst id="11">983.1822</dst>
      <dst id="9">422.6489</dst>
      <dst id="17">10407.6622</dst>
      <dst id="21">1709.3422</dst>
      <dst id="15">193.5644</dst>
    </src>
    <src id="2">
      <dst id="12">79426.6044</dst>
      <dst id="13">512268.3467</dst>
      <dst id="19">53.4756</dst>
      <dst id="23">42.9867</dst>
      <dst id="8">391.6444</dst>
      <dst id="18">50704.4533</dst>
      <dst id="4">65981.0311</dst>
      <dst id="1">9674.7289</dst>
      <dst id="5">606.3022</dst>
      <dst id="3">47.2000</dst>
      <dst id="22">805.7867</dst>
      <dst id="7">1566.4889</dst>
      <dst id="2">691.8311</dst>
      <dst id="6">7101.8489</dst>
      <dst id="16">6089.7956</dst>
      <dst id="14">5151.2356</dst>
      <dst id="20">400.1511</dst>
      <dst id="11">5391.5467</dst>
      <dst id="9">1221.7511</dst>
      <dst id="17">63475.6622</dst>
      <dst id="21">5243.9022</dst>
      <dst id="15">734.8533</dst>
    </src>
    <src id="6">
      <dst id="12">7646.7733</dst>
      <dst id="13">2.4622</dst>
      <dst id="19">1.2800</dst>
      <dst id="23">1.4756</dst>
      <dst id="18">1.1200</dst>
      <dst id="4">884.4711</dst>
      <dst id="1">1.5644</dst>
      <dst id="5">41.0133</dst>
      <dst id="22">2.9511</dst>
      <dst id="2">1653.0933</dst>
      <dst id="16">1.6000</dst>
      <dst id="20">1.1733</dst>
      <dst id="11">2.4889</dst>
      <dst id="9">0.4978</dst>
      <dst id="17">877.7600</dst>
      <dst id="21">3.0933</dst>
    </src>
    <src id="16">
      <dst id="12">2771.8844</dst>
      <dst id="13">247.9289</dst>
      <dst id="19">4033.8044</dst>
      <dst id="23">1.3867</dst>
      <dst id="8">733.6978</dst>
      <dst id="18">14.0622</dst>
      <dst id="4">3429.6800</dst>
      <dst id="1">22891.4222</dst>
      <dst id="5">1191.0489</dst>
      <dst id="3">0.5600</dst>
      <dst id="7">1948.7822</dst>
      <dst id="2">677.9111</dst>
      <dst id="6">0.7111</dst>
      <dst id="16">14.2578</dst>
      <dst id="11">138.9067</dst>
      <dst id="9">1037.7600</dst>
      <dst id="17">427.3956</dst>
      <dst id="21">2244.7022</dst>
    </src>
    <src id="14">
      <dst id="12">15265.2356</dst>
      <dst id="13">8.3378</dst>
      <dst id="19">5.2267</dst>
      <dst id="4">1462.0711</dst>
      <dst id="1">34.4533</dst>
      <dst id="5">15.1111</dst>
      <dst id="3">59.5378</dst>
      <dst id="22">4.5067</dst>
      <dst id="7">97.6889</dst>
      <dst id="2">5413.8844</dst>
      <dst id="11">32.4889</dst>
      <dst id="9">1.8844</dst>
      <dst id="17">5365.2711</dst>
      <dst id="21">44.7644</dst>
    </src>
    <src id="20">
      <dst id="12">2102.9956</dst>
      <dst id="13">248.7378</dst>
      <dst id="19">1.4489</dst>
      <dst id="8">454.6844</dst>
      <dst id="18">14.2400</dst>
      <dst id="4">9910.5422</dst>
      <dst id="1">34.7378</dst>
      <dst id="5">8748.0178</dst>
      <dst id="3">130.2400</dst>
      <dst id="7">78.8356</dst>
      <dst id="2">4657.5911</dst>
      <dst id="6">51.2000</dst>
      <dst id="11">249.8222</dst>
      <dst id="9">1914.0800</dst>
      <dst id="17">192.5689</dst>
      <dst id="21">313.6356</dst>
    </src>
    <src id="11">
      <dst id="12">370171.2178</dst>
      <dst id="13">1320.3289</dst>
      <dst id="19">8.6133</dst>
      <dst id="23">3.3422</dst>
      <dst id="8">415.0133</dst>
      <dst id="18">64.3200</dst>
      <dst id="4">6923.2800</dst>
      <dst id="1">445.9289</dst>
      <dst id="5">383.2889</dst>
      <dst id="3">362.1333</dst>
      <dst id="22">1028.2222</dst>
      <dst id="7">156.8178</dst>
      <dst id="2">119231.9378</dst>
      <dst id="6">71.4489</dst>
      <dst id="16">133.9200</dst>
      <dst id="14">23.3422</dst>
      <dst id="20">142.7911</dst>
      <dst id="11">699.9200</dst>
      <dst id="9">1496.4356</dst>
      <dst id="17">136944.2844</dst>
      <dst id="21">428.8889</dst>
      <dst id="15">85.1378</dst>
    </src>
    <src id="9">
      <dst id="12">350469.4756</dst>
      <dst id="13">3395.4044</dst>
      <dst id="19">130.3644</dst>
      <dst id="23">19.8400</dst>
      <dst id="8">198.7822</dst>
      <dst id="18">179.3422</dst>
      <dst id="4">13385.1644</dst>
      <dst id="1">422.8978</dst>
      <dst id="5">6017.4489</dst>
      <dst id="3">0.4267</dst>
      <dst id="22">1457.0933</dst>
      <dst id="7">39.1822</dst>
      <dst id="2">125264.2222</dst>
      <dst id="6">0.4978</dst>
      <dst id="16">1068.9689</dst>
      <dst id="14">123.1556</dst>
      <dst id="20">6408.3911</dst>
      <dst id="11">470.4622</dst>
      <dst id="9">1354.1867</dst>
      <dst id="17">165213.7867</dst>
      <dst id="21">447.9378</dst>
      <dst id="15">297.1911</dst>
    </src>
    <src id="17">
      <dst id="12">6237.0133</dst>
      <dst id="13">56293.0489</dst>
      <dst id="19">163.6267</dst>
      <dst id="23">2775.2800</dst>
      <dst id="8">93677.7956</dst>
      <dst id="18">80.0178</dst>
      <dst id="4">52617.8133</dst>
      <dst id="1">3229.0844</dst>
      <dst id="5">123588.9778</dst>
      <dst id="3">3284.1244</dst>
      <dst id="22">7673.1911</dst>
      <dst id="7">3598.4356</dst>
      <dst id="2">22787.1822</dst>
      <dst id="6">158.8267</dst>
      <dst id="16">9268.0356</dst>
      <dst id="14">9944.3556</dst>
      <dst id="20">309.0933</dst>
      <dst id="11">83121.8400</dst>
      <dst id="9">102234.2044</dst>
      <dst id="17">1692.7378</dst>
      <dst id="21">5295.2533</dst>
      <dst id="15">44.0178</dst>
    </src>
    <src id="21">
      <dst id="12">22373.2089</dst>
      <dst id="13">393.4311</dst>
      <dst id="19">122.3644</dst>
      <dst id="23">27.0400</dst>
      <dst id="8">59.7333</dst>
      <dst id="18">1771.2711</dst>
      <dst id="4">17485.9111</dst>
      <dst id="1">1049.1911</dst>
      <dst id="5">657.4489</dst>
      <dst id="3">826.6844</dst>
      <dst id="22">738.9244</dst>
      <dst id="7">3797.4044</dst>
      <dst id="2">6102.0533</dst>
      <dst id="16">147.5022</dst>
      <dst id="14">48.7911</dst>
      <dst id="20">101.9378</dst>
      <dst id="11">668.7111</dst>
      <dst id="9">457.3511</dst>
      <dst id="17">4349.1911</dst>
      <dst id="21">974.4356</dst>
      <dst id="15">6.2222</dst>
    </src>
    <src id="15">
      <dst id="12">185.1378</dst>
      <dst id="13">6078.5511</dst>
      <dst id="8">37.5556</dst>
      <dst id="18">28.6044</dst>
      <dst id="4">3974.2667</dst>
      <dst id="1">485.6622</dst>
      <dst id="5">292.7289</dst>
      <dst id="3">10.5956</dst>
      <dst id="7">2105.4756</dst>
      <dst id="2">169.1644</dst>
      <dst id="11">122.2578</dst>
      <dst id="9">1025.5644</dst>
      <dst id="17">2434.9867</dst>
      <dst id="21">45.9022</dst>
    </src>
  </IntraTM>
</TrafficMatrixFile>
