<?xml version="1.0" encoding="UTF-8" standalone="yes"?>
<TrafficMatrixFile xmlns:xsi="http://www.w3.org/2001/XMLSchema-instance" xsi:noNamespaceSchemaLocation="http://totem.run.montefiore.ulg.ac.be/Schema/TrafficMatrix-v1_2.xsd">
  <info>
    <title>Intradomain traffic matrix generated by geant-TM-all.pl</title>
    <date>2005-01-03T14:45:00</date>
    <duration>900</duration>
    <author>Steve Uhlig</author>
    <units>
        <unit type="bandwidth" value="kbps"/>
    </units>
  </info>
  <IntraTM ASID="20965">
    <src id="12">
      <dst id="12">184905.2178</dst>
      <dst id="13">17715.3511</dst>
      <dst id="19">5673.1644</dst>
      <dst id="23">9.2356</dst>
      <dst id="8">626.4800</dst>
      <dst id="18">790.0978</dst>
      <dst id="4">79354.0622</dst>
      <dst id="1">6443.2800</dst>
      <dst id="5">911.3244</dst>
      <dst id="3">419.9111</dst>
      <dst id="22">9072.8000</dst>
      <dst id="7">1165.7778</dst>
      <dst id="2">52432.4356</dst>
      <dst id="6">2.0800</dst>
      <dst id="16">6406.7644</dst>
      <dst id="14">197.0489</dst>
      <dst id="20">228.0356</dst>
      <dst id="11">4753.5111</dst>
      <dst id="9">2080.9956</dst>
      <dst id="17">64938.2400</dst>
      <dst id="21">1000.7467</dst>
      <dst id="15">443.9467</dst>
    </src>
    <src id="13">
      <dst id="12">32463.8756</dst>
      <dst id="19">53958.5067</dst>
      <dst id="23">18.3733</dst>
      <dst id="8">3840.6133</dst>
      <dst id="18">2097.3600</dst>
      <dst id="4">0.7111</dst>
      <dst id="1">1358.3644</dst>
      <dst id="5">2740.8267</dst>
      <dst id="3">6065.3867</dst>
      <dst id="22">15806.5422</dst>
      <dst id="7">4978.6044</dst>
      <dst id="2">57426.5778</dst>
      <dst id="6">74.2311</dst>
      <dst id="16">5638.2844</dst>
      <dst id="14">1522.5156</dst>
      <dst id="20">3445.3333</dst>
      <dst id="11">6876.7022</dst>
      <dst id="9">9500.5156</dst>
      <dst id="17">23068.3733</dst>
      <dst id="21">9094.8089</dst>
      <dst id="15">739.6800</dst>
    </src>
    <src id="19">
      <dst id="12">13753.2533</dst>
      <dst id="13">857.7422</dst>
      <dst id="23">0.3378</dst>
      <dst id="4">20836.8444</dst>
      <dst id="1">2934.4444</dst>
      <dst id="5">0.9600</dst>
      <dst id="3">0.4000</dst>
      <dst id="22">7.3067</dst>
      <dst id="7">3552.6933</dst>
      <dst id="2">71.3422</dst>
      <dst id="6">113.8489</dst>
      <dst id="16">10752.4978</dst>
      <dst id="14">1.8756</dst>
      <dst id="20">11.8400</dst>
      <dst id="11">13.5111</dst>
      <dst id="9">1.2444</dst>
      <dst id="17">2402.6222</dst>
      <dst id="21">138.5778</dst>
    </src>
    <src id="23">
      <dst id="12">257.1644</dst>
      <dst id="13">20.1778</dst>
      <dst id="4">34.9867</dst>
      <dst id="1">31.0133</dst>
      <dst id="5">12.6222</dst>
      <dst id="3">255.0222</dst>
      <dst id="22">97.1822</dst>
      <dst id="7">80.6933</dst>
      <dst id="2">2.4711</dst>
      <dst id="6">0.4978</dst>
      <dst id="16">17.8222</dst>
      <dst id="14">4.4889</dst>
      <dst id="20">0.4622</dst>
      <dst id="9">1128.1778</dst>
      <dst id="17">16.7289</dst>
      <dst id="21">120.7822</dst>
      <dst id="15">0.3378</dst>
    </src>
    <src id="8">
      <dst id="12">252198.8000</dst>
      <dst id="13">358.9156</dst>
      <dst id="19">1.0844</dst>
      <dst id="23">0.3556</dst>
      <dst id="18">3.0933</dst>
      <dst id="4">3566.0267</dst>
      <dst id="1">151.1822</dst>
      <dst id="5">623.6711</dst>
      <dst id="22">715.2800</dst>
      <dst id="7">66.2667</dst>
      <dst id="2">89600.7022</dst>
      <dst id="16">62.7556</dst>
      <dst id="20">84.4178</dst>
      <dst id="11">430.7378</dst>
      <dst id="9">141.9644</dst>
      <dst id="17">82033.6267</dst>
      <dst id="21">59.0844</dst>
      <dst id="15">63.2800</dst>
    </src>
    <src id="18">
      <dst id="12">102031.5733</dst>
      <dst id="13">140.1422</dst>
      <dst id="19">0.5067</dst>
      <dst id="23">0.4622</dst>
      <dst id="4">1308.1956</dst>
      <dst id="1">614.0089</dst>
      <dst id="5">448.6400</dst>
      <dst id="3">129.0311</dst>
      <dst id="22">174.3378</dst>
      <dst id="7">84.3556</dst>
      <dst id="2">24809.6711</dst>
      <dst id="16">12.9067</dst>
      <dst id="14">13.3333</dst>
      <dst id="20">0.9600</dst>
      <dst id="11">51.8311</dst>
      <dst id="9">344.9067</dst>
      <dst id="17">33611.1022</dst>
      <dst id="21">121.6089</dst>
      <dst id="15">0.6400</dst>
    </src>
    <src id="4">
      <dst id="12">9750.5244</dst>
      <dst id="19">14873.9200</dst>
      <dst id="8">911.8578</dst>
      <dst id="18">1264.5600</dst>
      <dst id="1">60712.8889</dst>
      <dst id="5">1598.5511</dst>
      <dst id="3">166.0000</dst>
      <dst id="22">3409.8311</dst>
      <dst id="7">135158.3378</dst>
      <dst id="2">29002.6756</dst>
      <dst id="6">225.8756</dst>
      <dst id="16">377.3244</dst>
      <dst id="14">807.5822</dst>
      <dst id="20">262.8711</dst>
      <dst id="11">2443.4933</dst>
      <dst id="9">2487.2089</dst>
      <dst id="17">88376.4622</dst>
      <dst id="21">2618.5244</dst>
      <dst id="15">318.5511</dst>
    </src>
    <src id="1">
      <dst id="12">17311.5822</dst>
      <dst id="13">374.2400</dst>
      <dst id="19">4.6844</dst>
      <dst id="23">25.0667</dst>
      <dst id="8">66490.0889</dst>
      <dst id="18">12448.7822</dst>
      <dst id="4">4542.6400</dst>
      <dst id="1">8086.9067</dst>
      <dst id="5">117745.0756</dst>
      <dst id="3">132.0889</dst>
      <dst id="22">2577.2711</dst>
      <dst id="7">832.2933</dst>
      <dst id="2">1317.6267</dst>
      <dst id="6">4556.3556</dst>
      <dst id="16">18778.9956</dst>
      <dst id="14">110.5422</dst>
      <dst id="20">43.8844</dst>
      <dst id="11">161.0667</dst>
      <dst id="9">127324.3911</dst>
      <dst id="17">1357.4844</dst>
      <dst id="21">1728.4889</dst>
      <dst id="15">56.9867</dst>
    </src>
    <src id="5">
      <dst id="12">223944.0889</dst>
      <dst id="13">866.8533</dst>
      <dst id="19">0.4622</dst>
      <dst id="23">2.0000</dst>
      <dst id="8">735.5022</dst>
      <dst id="18">37.3156</dst>
      <dst id="4">6155.2356</dst>
      <dst id="1">739.5022</dst>
      <dst id="3">1.4222</dst>
      <dst id="22">1097.9200</dst>
      <dst id="7">85.0756</dst>
      <dst id="2">76411.2356</dst>
      <dst id="16">215.0933</dst>
      <dst id="14">5.8311</dst>
      <dst id="20">395.3600</dst>
      <dst id="11">491.0667</dst>
      <dst id="9">533.8133</dst>
      <dst id="17">81662.8711</dst>
      <dst id="21">157.9022</dst>
      <dst id="15">9939.2178</dst>
    </src>
    <src id="3">
      <dst id="12">7069.8222</dst>
      <dst id="13">243.3600</dst>
      <dst id="19">879.6089</dst>
      <dst id="23">9202.2311</dst>
      <dst id="8">1.2000</dst>
      <dst id="18">48116.4978</dst>
      <dst id="4">16475.7067</dst>
      <dst id="1">23227.0222</dst>
      <dst id="5">162.8978</dst>
      <dst id="3">6929.1289</dst>
      <dst id="22">450.9333</dst>
      <dst id="7">374.8533</dst>
      <dst id="2">6713.5111</dst>
      <dst id="16">644.1689</dst>
      <dst id="14">14387.7600</dst>
      <dst id="20">135.1200</dst>
      <dst id="11">97055.2978</dst>
      <dst id="9">53.1111</dst>
      <dst id="17">5111.3600</dst>
      <dst id="21">6425.6444</dst>
      <dst id="15">30.7200</dst>
    </src>
    <src id="10">
      <dst id="12">13339.5200</dst>
      <dst id="19">1271.2711</dst>
      <dst id="8">887.0756</dst>
      <dst id="18">2345.2178</dst>
      <dst id="1">8694.6133</dst>
      <dst id="5">394.9867</dst>
      <dst id="3">10279.0400</dst>
      <dst id="22">4523.4489</dst>
      <dst id="7">40092.0622</dst>
      <dst id="2">22351.0933</dst>
      <dst id="6">2.5333</dst>
      <dst id="16">655.4133</dst>
      <dst id="14">383.8400</dst>
      <dst id="20">425.4044</dst>
      <dst id="11">4945.8933</dst>
      <dst id="9">4455.4844</dst>
      <dst id="17">31297.7956</dst>
      <dst id="21">5499.1911</dst>
      <dst id="15">163.0133</dst>
    </src>
    <src id="22">
      <dst id="12">2974.9067</dst>
      <dst id="13">1115.6089</dst>
      <dst id="19">9.2889</dst>
      <dst id="23">12.6578</dst>
      <dst id="8">181.6267</dst>
      <dst id="18">323.9467</dst>
      <dst id="4">17532.8533</dst>
      <dst id="1">129.4844</dst>
      <dst id="5">3140.3111</dst>
      <dst id="3">313.1022</dst>
      <dst id="7">422.3289</dst>
      <dst id="2">1501.8933</dst>
      <dst id="6">0.4622</dst>
      <dst id="16">6.2044</dst>
      <dst id="14">5.2889</dst>
      <dst id="11">1410.7022</dst>
      <dst id="9">1360.0000</dst>
      <dst id="17">3046.1244</dst>
      <dst id="21">1575.2889</dst>
    </src>
    <src id="7">
      <dst id="12">6785.3333</dst>
      <dst id="13">112.5333</dst>
      <dst id="19">92.9867</dst>
      <dst id="23">4.2133</dst>
      <dst id="8">105.9022</dst>
      <dst id="18">322.0978</dst>
      <dst id="4">64403.2356</dst>
      <dst id="1">654.4889</dst>
      <dst id="5">914.2044</dst>
      <dst id="3">51.6000</dst>
      <dst id="22">2488.6578</dst>
      <dst id="7">731.6622</dst>
      <dst id="2">2201.7156</dst>
      <dst id="6">64.2667</dst>
      <dst id="16">255.0844</dst>
      <dst id="14">50.9422</dst>
      <dst id="20">12.7467</dst>
      <dst id="11">853.8044</dst>
      <dst id="9">343.0489</dst>
      <dst id="17">12772.3467</dst>
      <dst id="21">639.6800</dst>
      <dst id="15">51.7422</dst>
    </src>
    <src id="2">
      <dst id="12">45620.6756</dst>
      <dst id="13">512971.9733</dst>
      <dst id="19">264.5600</dst>
      <dst id="23">0.4267</dst>
      <dst id="8">406.6400</dst>
      <dst id="18">42996.7111</dst>
      <dst id="4">66121.1111</dst>
      <dst id="1">7766.4178</dst>
      <dst id="5">724.8889</dst>
      <dst id="3">16.3556</dst>
      <dst id="22">848.0711</dst>
      <dst id="7">3470.2844</dst>
      <dst id="2">251.6889</dst>
      <dst id="6">6962.0267</dst>
      <dst id="16">7839.0489</dst>
      <dst id="14">5402.6222</dst>
      <dst id="20">502.0178</dst>
      <dst id="11">741.9911</dst>
      <dst id="9">8088.8533</dst>
      <dst id="17">7657.8578</dst>
      <dst id="21">4672.7200</dst>
      <dst id="15">807.3156</dst>
    </src>
    <src id="6">
      <dst id="12">7537.3511</dst>
      <dst id="13">3.7956</dst>
      <dst id="19">2.8089</dst>
      <dst id="18">1.0667</dst>
      <dst id="4">904.6222</dst>
      <dst id="1">0.5244</dst>
      <dst id="22">2.0711</dst>
      <dst id="7">0.3556</dst>
      <dst id="2">1860.8800</dst>
      <dst id="11">1.0489</dst>
      <dst id="9">3.0044</dst>
      <dst id="17">1300.4622</dst>
      <dst id="21">1.6089</dst>
    </src>
    <src id="16">
      <dst id="12">1821.9022</dst>
      <dst id="13">131.2978</dst>
      <dst id="19">4766.6489</dst>
      <dst id="23">15.3600</dst>
      <dst id="8">1630.9867</dst>
      <dst id="18">1.1289</dst>
      <dst id="4">6636.8622</dst>
      <dst id="1">20946.4267</dst>
      <dst id="5">854.3467</dst>
      <dst id="3">4.4533</dst>
      <dst id="7">3393.1378</dst>
      <dst id="2">472.5333</dst>
      <dst id="16">17.7956</dst>
      <dst id="11">95.9378</dst>
      <dst id="9">1739.7511</dst>
      <dst id="17">725.8578</dst>
      <dst id="21">2446.4622</dst>
    </src>
    <src id="14">
      <dst id="12">15245.7422</dst>
      <dst id="13">58.0533</dst>
      <dst id="19">4.1956</dst>
      <dst id="23">4.2133</dst>
      <dst id="8">4.7644</dst>
      <dst id="4">1752.3644</dst>
      <dst id="1">66.0444</dst>
      <dst id="5">13.1556</dst>
      <dst id="3">45.4400</dst>
      <dst id="7">73.7244</dst>
      <dst id="2">3222.6578</dst>
      <dst id="16">0.3556</dst>
      <dst id="20">25.6000</dst>
      <dst id="11">51.8133</dst>
      <dst id="9">1.7511</dst>
      <dst id="17">3745.0400</dst>
      <dst id="21">90.7022</dst>
      <dst id="15">0.3556</dst>
    </src>
    <src id="20">
      <dst id="12">2081.3956</dst>
      <dst id="13">1114.2578</dst>
      <dst id="19">773.8044</dst>
      <dst id="23">1.0400</dst>
      <dst id="8">205.3778</dst>
      <dst id="4">11179.3156</dst>
      <dst id="1">12.5778</dst>
      <dst id="5">118.0000</dst>
      <dst id="3">11598.9067</dst>
      <dst id="7">146.4622</dst>
      <dst id="2">569.8400</dst>
      <dst id="14">1.1022</dst>
      <dst id="11">173.6000</dst>
      <dst id="9">878.8533</dst>
      <dst id="17">422.4089</dst>
      <dst id="21">236.8533</dst>
    </src>
    <src id="11">
      <dst id="12">329358.5867</dst>
      <dst id="13">1444.3200</dst>
      <dst id="19">3.2000</dst>
      <dst id="23">1.3778</dst>
      <dst id="8">773.6000</dst>
      <dst id="18">226.6933</dst>
      <dst id="4">9410.5156</dst>
      <dst id="1">526.2667</dst>
      <dst id="5">636.9511</dst>
      <dst id="3">314.7733</dst>
      <dst id="22">1288.3022</dst>
      <dst id="7">314.4089</dst>
      <dst id="2">100960.3111</dst>
      <dst id="6">84.9778</dst>
      <dst id="16">20.1956</dst>
      <dst id="14">26.1244</dst>
      <dst id="20">119.7778</dst>
      <dst id="11">715.6356</dst>
      <dst id="9">2365.7956</dst>
      <dst id="17">110487.9467</dst>
      <dst id="21">464.2400</dst>
      <dst id="15">115.6800</dst>
    </src>
    <src id="9">
      <dst id="12">337716.3822</dst>
      <dst id="13">7063.6444</dst>
      <dst id="19">14.5422</dst>
      <dst id="23">31.9556</dst>
      <dst id="8">185.2178</dst>
      <dst id="18">72.9956</dst>
      <dst id="4">12276.5956</dst>
      <dst id="1">1000.2489</dst>
      <dst id="5">12584.8444</dst>
      <dst id="3">2.0533</dst>
      <dst id="22">3051.4756</dst>
      <dst id="7">54.4978</dst>
      <dst id="2">110577.8400</dst>
      <dst id="16">1226.3111</dst>
      <dst id="14">0.9867</dst>
      <dst id="20">327.6533</dst>
      <dst id="11">662.4978</dst>
      <dst id="9">15.2178</dst>
      <dst id="17">167719.5733</dst>
      <dst id="21">329.6267</dst>
      <dst id="15">494.4089</dst>
    </src>
    <src id="17">
      <dst id="12">2364.9956</dst>
      <dst id="13">3118.1333</dst>
      <dst id="19">145.6622</dst>
      <dst id="23">78.7733</dst>
      <dst id="8">80476.8000</dst>
      <dst id="18">121.4667</dst>
      <dst id="4">47464.0622</dst>
      <dst id="1">2092.5600</dst>
      <dst id="5">110690.6667</dst>
      <dst id="3">15688.9244</dst>
      <dst id="22">2823.0044</dst>
      <dst id="7">4956.4089</dst>
      <dst id="2">11803.2711</dst>
      <dst id="6">19.3333</dst>
      <dst id="16">14798.6044</dst>
      <dst id="14">9543.7600</dst>
      <dst id="20">336.1067</dst>
      <dst id="11">67193.7600</dst>
      <dst id="9">95063.2444</dst>
      <dst id="17">1607.2444</dst>
      <dst id="21">5575.5378</dst>
      <dst id="15">31.1822</dst>
    </src>
    <src id="21">
      <dst id="12">17371.6267</dst>
      <dst id="13">1630.8356</dst>
      <dst id="19">52.0978</dst>
      <dst id="23">0.4622</dst>
      <dst id="8">68.2311</dst>
      <dst id="18">4002.2222</dst>
      <dst id="4">13951.9556</dst>
      <dst id="1">2639.8578</dst>
      <dst id="5">448.6133</dst>
      <dst id="3">723.6000</dst>
      <dst id="22">1050.8533</dst>
      <dst id="7">5023.0489</dst>
      <dst id="2">6593.2444</dst>
      <dst id="6">0.3822</dst>
      <dst id="16">136.8978</dst>
      <dst id="14">75.6978</dst>
      <dst id="20">58.4533</dst>
      <dst id="11">799.0756</dst>
      <dst id="9">863.7867</dst>
      <dst id="17">3166.4800</dst>
      <dst id="21">403.3333</dst>
      <dst id="15">402.9511</dst>
    </src>
    <src id="15">
      <dst id="12">217.2089</dst>
      <dst id="13">215.2267</dst>
      <dst id="8">26.4978</dst>
      <dst id="18">0.6400</dst>
      <dst id="4">3191.2889</dst>
      <dst id="1">729.9556</dst>
      <dst id="5">537.9022</dst>
      <dst id="3">21.6000</dst>
      <dst id="7">77.6711</dst>
      <dst id="2">257.5022</dst>
      <dst id="14">31.3422</dst>
      <dst id="11">276.4889</dst>
      <dst id="9">358.0000</dst>
      <dst id="17">314.3644</dst>
      <dst id="21">42.2400</dst>
    </src>
  </IntraTM>
</TrafficMatrixFile>
