<?xml version="1.0" encoding="UTF-8" standalone="yes"?>
<TrafficMatrixFile xmlns:xsi="http://www.w3.org/2001/XMLSchema-instance" xsi:noNamespaceSchemaLocation="http://totem.run.montefiore.ulg.ac.be/Schema/TrafficMatrix-v1_2.xsd">
  <info>
    <title>Intradomain traffic matrix generated by geant-TM-all.pl</title>
    <date>2005-01-05T18:30:00</date>
    <duration>900</duration>
    <author>Steve Uhlig</author>
    <units>
        <unit type="bandwidth" value="kbps"/>
    </units>
  </info>
  <IntraTM ASID="20965">
    <src id="12">
      <dst id="12">335921.0756</dst>
      <dst id="13">35200.6844</dst>
      <dst id="19">7863.4756</dst>
      <dst id="23">818.4978</dst>
      <dst id="8">4669.1822</dst>
      <dst id="18">6034.7556</dst>
      <dst id="4">80184.0356</dst>
      <dst id="1">22286.8711</dst>
      <dst id="5">101333.7956</dst>
      <dst id="3">18482.2578</dst>
      <dst id="22">57446.8978</dst>
      <dst id="7">14301.1289</dst>
      <dst id="2">88559.6533</dst>
      <dst id="6">24.4089</dst>
      <dst id="16">14394.7467</dst>
      <dst id="14">597.2889</dst>
      <dst id="20">9463.9200</dst>
      <dst id="11">8818.9333</dst>
      <dst id="9">11007.5556</dst>
      <dst id="17">139184.1956</dst>
      <dst id="21">13692.9867</dst>
      <dst id="15">5310.5867</dst>
    </src>
    <src id="13">
      <dst id="12">82691.8489</dst>
      <dst id="19">29432.7733</dst>
      <dst id="23">112.4711</dst>
      <dst id="8">10265.7333</dst>
      <dst id="18">6178.8978</dst>
      <dst id="1">10909.4400</dst>
      <dst id="5">9395.7600</dst>
      <dst id="3">41794.7378</dst>
      <dst id="22">26252.1867</dst>
      <dst id="7">31946.8711</dst>
      <dst id="2">98331.9289</dst>
      <dst id="6">330.5778</dst>
      <dst id="16">10961.7156</dst>
      <dst id="14">6545.8667</dst>
      <dst id="20">34213.7600</dst>
      <dst id="11">26086.8889</dst>
      <dst id="9">17265.5111</dst>
      <dst id="17">96302.6756</dst>
      <dst id="21">25075.5822</dst>
      <dst id="15">9013.0844</dst>
    </src>
    <src id="19">
      <dst id="12">19916.8889</dst>
      <dst id="13">2034.8444</dst>
      <dst id="23">136.5867</dst>
      <dst id="8">14.5867</dst>
      <dst id="18">55.6356</dst>
      <dst id="4">19388.2133</dst>
      <dst id="1">4776.7378</dst>
      <dst id="5">161.7600</dst>
      <dst id="3">33.0578</dst>
      <dst id="22">2539.4044</dst>
      <dst id="7">8858.5867</dst>
      <dst id="2">2627.3067</dst>
      <dst id="6">665.7956</dst>
      <dst id="16">6744.1156</dst>
      <dst id="14">0.3556</dst>
      <dst id="20">399.3600</dst>
      <dst id="11">82.6489</dst>
      <dst id="9">404.3289</dst>
      <dst id="17">19052.5956</dst>
      <dst id="21">8940.0711</dst>
      <dst id="15">36.1511</dst>
    </src>
    <src id="23">
      <dst id="12">3057.6978</dst>
      <dst id="13">571.5556</dst>
      <dst id="19">442.1244</dst>
      <dst id="8">26.6667</dst>
      <dst id="18">974.5422</dst>
      <dst id="4">37.3156</dst>
      <dst id="1">94.8889</dst>
      <dst id="5">305.2444</dst>
      <dst id="3">2122.4978</dst>
      <dst id="22">348.5333</dst>
      <dst id="7">663.5022</dst>
      <dst id="2">671.6089</dst>
      <dst id="6">247.5200</dst>
      <dst id="16">62.5689</dst>
      <dst id="14">14.1067</dst>
      <dst id="20">319.6800</dst>
      <dst id="11">215.8044</dst>
      <dst id="9">1179.5733</dst>
      <dst id="17">1977.8933</dst>
      <dst id="21">815.7867</dst>
      <dst id="15">197.0489</dst>
    </src>
    <src id="8">
      <dst id="12">295023.0311</dst>
      <dst id="13">1022.8089</dst>
      <dst id="19">1.6978</dst>
      <dst id="18">45.4844</dst>
      <dst id="4">5486.6844</dst>
      <dst id="1">1652.6667</dst>
      <dst id="5">644.7822</dst>
      <dst id="3">0.4178</dst>
      <dst id="22">2127.4133</dst>
      <dst id="7">45.8756</dst>
      <dst id="2">116847.2978</dst>
      <dst id="6">0.3556</dst>
      <dst id="16">1599.3156</dst>
      <dst id="14">13.4489</dst>
      <dst id="20">856.2133</dst>
      <dst id="11">10964.3733</dst>
      <dst id="9">1083.4222</dst>
      <dst id="17">111661.1200</dst>
      <dst id="21">241.5111</dst>
      <dst id="15">327.0400</dst>
    </src>
    <src id="18">
      <dst id="12">111564.2400</dst>
      <dst id="13">1156.3200</dst>
      <dst id="19">34.7733</dst>
      <dst id="23">22.7378</dst>
      <dst id="8">39.5022</dst>
      <dst id="4">1655.1111</dst>
      <dst id="1">1115.6178</dst>
      <dst id="5">197.9289</dst>
      <dst id="3">188.5778</dst>
      <dst id="22">390.0800</dst>
      <dst id="7">276.7822</dst>
      <dst id="2">33078.6756</dst>
      <dst id="16">80.0444</dst>
      <dst id="14">33.5200</dst>
      <dst id="20">212.2044</dst>
      <dst id="11">376.2400</dst>
      <dst id="9">80.6222</dst>
      <dst id="17">43306.6489</dst>
      <dst id="21">1294.6844</dst>
      <dst id="15">56.7378</dst>
    </src>
    <src id="4">
      <dst id="12">23442.1778</dst>
      <dst id="19">22698.7733</dst>
      <dst id="23">12.6222</dst>
      <dst id="8">2034.0089</dst>
      <dst id="18">1349.4933</dst>
      <dst id="4">17.7156</dst>
      <dst id="1">144007.5911</dst>
      <dst id="5">3435.1644</dst>
      <dst id="3">2171.9644</dst>
      <dst id="22">8125.2267</dst>
      <dst id="7">165060.2400</dst>
      <dst id="2">102534.1956</dst>
      <dst id="6">79.8844</dst>
      <dst id="16">3612.0444</dst>
      <dst id="14">2703.1733</dst>
      <dst id="20">2039.2533</dst>
      <dst id="11">13023.7778</dst>
      <dst id="9">5825.8400</dst>
      <dst id="17">45566.7111</dst>
      <dst id="21">12162.1511</dst>
      <dst id="15">618.2578</dst>
    </src>
    <src id="1">
      <dst id="12">28865.0933</dst>
      <dst id="13">4680.2756</dst>
      <dst id="19">8789.0756</dst>
      <dst id="23">119.0133</dst>
      <dst id="8">179597.0489</dst>
      <dst id="18">12562.2844</dst>
      <dst id="4">17377.4311</dst>
      <dst id="1">18894.7467</dst>
      <dst id="5">264806.8978</dst>
      <dst id="3">16543.9111</dst>
      <dst id="22">22193.7511</dst>
      <dst id="7">37535.1822</dst>
      <dst id="2">18939.4311</dst>
      <dst id="6">31500.2933</dst>
      <dst id="16">11526.5156</dst>
      <dst id="14">158.1689</dst>
      <dst id="20">4704.4711</dst>
      <dst id="11">1420.4711</dst>
      <dst id="9">393103.0933</dst>
      <dst id="17">18765.2356</dst>
      <dst id="21">14883.9644</dst>
      <dst id="15">1466.9600</dst>
    </src>
    <src id="5">
      <dst id="12">326264.8622</dst>
      <dst id="13">13205.1378</dst>
      <dst id="19">478.0622</dst>
      <dst id="23">2.2400</dst>
      <dst id="8">1086.8533</dst>
      <dst id="18">548.6667</dst>
      <dst id="4">6406.9956</dst>
      <dst id="1">2046.1511</dst>
      <dst id="3">3.8311</dst>
      <dst id="22">4141.6800</dst>
      <dst id="7">632.3733</dst>
      <dst id="2">126524.6756</dst>
      <dst id="6">0.8178</dst>
      <dst id="16">2488.5156</dst>
      <dst id="14">0.6133</dst>
      <dst id="20">5197.4578</dst>
      <dst id="11">4874.5600</dst>
      <dst id="9">1995.5556</dst>
      <dst id="17">112652.8622</dst>
      <dst id="21">517.9822</dst>
      <dst id="15">10456.1422</dst>
    </src>
    <src id="3">
      <dst id="12">12524.9956</dst>
      <dst id="13">7154.2311</dst>
      <dst id="19">858.7822</dst>
      <dst id="23">9909.4044</dst>
      <dst id="8">263.2533</dst>
      <dst id="18">162160.8622</dst>
      <dst id="4">52294.2489</dst>
      <dst id="1">27473.6533</dst>
      <dst id="5">537.6711</dst>
      <dst id="3">20265.5911</dst>
      <dst id="22">2834.6844</dst>
      <dst id="7">8444.8711</dst>
      <dst id="2">19146.8622</dst>
      <dst id="6">10.4089</dst>
      <dst id="16">5954.7111</dst>
      <dst id="14">56281.0311</dst>
      <dst id="20">5038.5600</dst>
      <dst id="11">369787.0667</dst>
      <dst id="9">335.9378</dst>
      <dst id="17">17006.8267</dst>
      <dst id="21">27238.1422</dst>
      <dst id="15">1052.4889</dst>
    </src>
    <src id="10">
      <dst id="12">31709.2356</dst>
      <dst id="19">12254.7556</dst>
      <dst id="8">5671.1644</dst>
      <dst id="18">3230.1689</dst>
      <dst id="1">7251.0489</dst>
      <dst id="5">2179.8578</dst>
      <dst id="3">17070.2133</dst>
      <dst id="22">5392.8356</dst>
      <dst id="7">20894.9333</dst>
      <dst id="2">34912.4978</dst>
      <dst id="6">36.7467</dst>
      <dst id="16">6242.1244</dst>
      <dst id="14">4266.8000</dst>
      <dst id="20">3543.5556</dst>
      <dst id="11">9254.9956</dst>
      <dst id="9">3149.9644</dst>
      <dst id="17">27058.7822</dst>
      <dst id="21">16863.1911</dst>
      <dst id="15">813.5111</dst>
    </src>
    <src id="22">
      <dst id="12">18268.2133</dst>
      <dst id="13">4656.6044</dst>
      <dst id="19">1167.1467</dst>
      <dst id="23">45.7511</dst>
      <dst id="8">2257.6000</dst>
      <dst id="18">576.8089</dst>
      <dst id="4">19613.8311</dst>
      <dst id="1">819.4667</dst>
      <dst id="5">3407.7600</dst>
      <dst id="3">2728.5689</dst>
      <dst id="7">2944.7644</dst>
      <dst id="2">2300.0444</dst>
      <dst id="6">2.8089</dst>
      <dst id="16">2.5778</dst>
      <dst id="14">161.6533</dst>
      <dst id="11">3730.8089</dst>
      <dst id="9">2176.4800</dst>
      <dst id="17">9147.0044</dst>
      <dst id="21">1249.9644</dst>
    </src>
    <src id="7">
      <dst id="12">6831.2178</dst>
      <dst id="13">1140.7289</dst>
      <dst id="19">4607.7867</dst>
      <dst id="23">165.0222</dst>
      <dst id="8">372.0000</dst>
      <dst id="18">669.9467</dst>
      <dst id="4">16529.3156</dst>
      <dst id="1">21740.9511</dst>
      <dst id="5">2141.1467</dst>
      <dst id="3">15357.7511</dst>
      <dst id="22">4951.6800</dst>
      <dst id="7">791.8578</dst>
      <dst id="2">6934.1244</dst>
      <dst id="6">166.4267</dst>
      <dst id="16">20141.4400</dst>
      <dst id="14">260.4444</dst>
      <dst id="20">3849.4222</dst>
      <dst id="11">7700.8533</dst>
      <dst id="9">4825.0667</dst>
      <dst id="17">16664.7022</dst>
      <dst id="21">5735.6444</dst>
      <dst id="15">474.2756</dst>
    </src>
    <src id="2">
      <dst id="12">157480.9156</dst>
      <dst id="13">517945.7689</dst>
      <dst id="19">4001.4844</dst>
      <dst id="23">27.5111</dst>
      <dst id="8">978.7822</dst>
      <dst id="18">144195.5556</dst>
      <dst id="4">83695.4133</dst>
      <dst id="1">17890.9244</dst>
      <dst id="5">1626.7911</dst>
      <dst id="3">3787.7867</dst>
      <dst id="22">5476.2400</dst>
      <dst id="7">7222.5867</dst>
      <dst id="2">1161.6178</dst>
      <dst id="6">13691.6889</dst>
      <dst id="16">4933.0578</dst>
      <dst id="14">6362.4444</dst>
      <dst id="20">1437.7156</dst>
      <dst id="11">8401.3244</dst>
      <dst id="9">2590.8444</dst>
      <dst id="17">38006.6489</dst>
      <dst id="21">8412.0089</dst>
      <dst id="15">2521.9911</dst>
    </src>
    <src id="6">
      <dst id="12">12539.4844</dst>
      <dst id="13">143.9733</dst>
      <dst id="19">86.7556</dst>
      <dst id="23">3.4133</dst>
      <dst id="8">37.8667</dst>
      <dst id="18">46.7200</dst>
      <dst id="4">1432.4622</dst>
      <dst id="1">145.6178</dst>
      <dst id="3">25.1556</dst>
      <dst id="22">44.6133</dst>
      <dst id="7">422.4444</dst>
      <dst id="2">2754.7111</dst>
      <dst id="16">69.7600</dst>
      <dst id="20">27.2800</dst>
      <dst id="11">127.6178</dst>
      <dst id="9">26.6756</dst>
      <dst id="17">2101.7867</dst>
      <dst id="21">188.9511</dst>
      <dst id="15">3.3333</dst>
    </src>
    <src id="16">
      <dst id="12">4238.6756</dst>
      <dst id="13">1269.6711</dst>
      <dst id="19">4717.5022</dst>
      <dst id="23">41.5378</dst>
      <dst id="8">7987.3689</dst>
      <dst id="18">124.0800</dst>
      <dst id="4">5766.3911</dst>
      <dst id="1">28031.4044</dst>
      <dst id="5">6953.6356</dst>
      <dst id="3">1415.8844</dst>
      <dst id="7">5045.7333</dst>
      <dst id="2">2314.8000</dst>
      <dst id="6">71.5911</dst>
      <dst id="16">28.1600</dst>
      <dst id="14">374.7111</dst>
      <dst id="11">1273.7778</dst>
      <dst id="9">21773.1822</dst>
      <dst id="17">11788.5422</dst>
      <dst id="21">4127.6089</dst>
    </src>
    <src id="14">
      <dst id="12">23172.3022</dst>
      <dst id="13">149.3067</dst>
      <dst id="19">43.7600</dst>
      <dst id="23">14.2578</dst>
      <dst id="8">13.7511</dst>
      <dst id="18">17.9911</dst>
      <dst id="4">3169.6800</dst>
      <dst id="1">256.3467</dst>
      <dst id="3">147.5200</dst>
      <dst id="22">3515.1556</dst>
      <dst id="7">294.3556</dst>
      <dst id="2">7136.8978</dst>
      <dst id="6">4.4089</dst>
      <dst id="16">6.9689</dst>
      <dst id="20">2.4533</dst>
      <dst id="11">118.0178</dst>
      <dst id="9">120.7467</dst>
      <dst id="17">9760.7378</dst>
      <dst id="21">117.9289</dst>
      <dst id="15">1.0222</dst>
    </src>
    <src id="20">
      <dst id="12">12227.0044</dst>
      <dst id="13">2955.4933</dst>
      <dst id="19">3712.7022</dst>
      <dst id="23">18.7289</dst>
      <dst id="8">232.4178</dst>
      <dst id="18">272.7733</dst>
      <dst id="4">8098.1156</dst>
      <dst id="1">423.3067</dst>
      <dst id="5">501.4489</dst>
      <dst id="3">3213.3511</dst>
      <dst id="7">1673.6356</dst>
      <dst id="2">4748.9867</dst>
      <dst id="6">0.7111</dst>
      <dst id="14">66.6489</dst>
      <dst id="11">3088.7022</dst>
      <dst id="9">7426.8533</dst>
      <dst id="17">2882.2400</dst>
      <dst id="21">1347.5111</dst>
    </src>
    <src id="11">
      <dst id="12">438624.6933</dst>
      <dst id="13">4335.8222</dst>
      <dst id="19">57.2267</dst>
      <dst id="23">38.4978</dst>
      <dst id="8">2116.8889</dst>
      <dst id="18">2351.5822</dst>
      <dst id="4">16816.4978</dst>
      <dst id="1">740.1067</dst>
      <dst id="5">5789.6000</dst>
      <dst id="3">2193.3600</dst>
      <dst id="22">5665.2711</dst>
      <dst id="7">2397.5200</dst>
      <dst id="2">170466.1067</dst>
      <dst id="6">76.6667</dst>
      <dst id="16">814.1956</dst>
      <dst id="14">802.6044</dst>
      <dst id="20">2942.9689</dst>
      <dst id="11">4474.8800</dst>
      <dst id="9">2164.1778</dst>
      <dst id="17">173265.4400</dst>
      <dst id="21">616.3289</dst>
      <dst id="15">282.5689</dst>
    </src>
    <src id="9">
      <dst id="12">493262.2489</dst>
      <dst id="13">9285.7156</dst>
      <dst id="19">241.6889</dst>
      <dst id="23">34.0622</dst>
      <dst id="8">2884.3022</dst>
      <dst id="18">2719.1556</dst>
      <dst id="4">10034.6489</dst>
      <dst id="1">3486.5244</dst>
      <dst id="5">4687.0578</dst>
      <dst id="3">23.7778</dst>
      <dst id="22">4821.9911</dst>
      <dst id="7">1299.0489</dst>
      <dst id="2">177595.5911</dst>
      <dst id="6">9.5911</dst>
      <dst id="16">4299.0844</dst>
      <dst id="14">38.9600</dst>
      <dst id="20">10100.8444</dst>
      <dst id="11">1716.0444</dst>
      <dst id="9">1037.2889</dst>
      <dst id="17">259988.0889</dst>
      <dst id="21">3579.7600</dst>
      <dst id="15">3395.1022</dst>
    </src>
    <src id="17">
      <dst id="12">24690.9689</dst>
      <dst id="13">12536.9422</dst>
      <dst id="19">5540.0178</dst>
      <dst id="23">501.1911</dst>
      <dst id="8">208298.0444</dst>
      <dst id="18">671.4400</dst>
      <dst id="4">73207.1467</dst>
      <dst id="1">6758.6844</dst>
      <dst id="5">243491.6622</dst>
      <dst id="3">16010.6222</dst>
      <dst id="22">9849.2889</dst>
      <dst id="7">13126.1956</dst>
      <dst id="2">12931.5289</dst>
      <dst id="6">973.7600</dst>
      <dst id="16">18605.3956</dst>
      <dst id="14">45297.9733</dst>
      <dst id="20">1718.2756</dst>
      <dst id="11">246774.3200</dst>
      <dst id="9">339022.1244</dst>
      <dst id="17">2170.3556</dst>
      <dst id="21">17749.2622</dst>
      <dst id="15">811.7956</dst>
    </src>
    <src id="21">
      <dst id="12">20387.4844</dst>
      <dst id="13">7813.8222</dst>
      <dst id="19">701.9200</dst>
      <dst id="23">98.2311</dst>
      <dst id="8">297.9378</dst>
      <dst id="18">5088.7822</dst>
      <dst id="4">21075.7867</dst>
      <dst id="1">16173.9822</dst>
      <dst id="5">655.4933</dst>
      <dst id="3">14016.1867</dst>
      <dst id="22">1803.5200</dst>
      <dst id="7">3379.7689</dst>
      <dst id="2">10614.8533</dst>
      <dst id="6">26.1422</dst>
      <dst id="16">544.9333</dst>
      <dst id="14">194.0000</dst>
      <dst id="20">175.6889</dst>
      <dst id="11">2269.6800</dst>
      <dst id="9">1163.1556</dst>
      <dst id="17">6411.9556</dst>
      <dst id="21">3914.2844</dst>
      <dst id="15">3334.9156</dst>
    </src>
    <src id="15">
      <dst id="12">4051.5111</dst>
      <dst id="13">345.7422</dst>
      <dst id="19">130.2400</dst>
      <dst id="23">3.5556</dst>
      <dst id="8">107.0933</dst>
      <dst id="18">15.2178</dst>
      <dst id="4">2792.5778</dst>
      <dst id="1">1025.8756</dst>
      <dst id="5">1016.5156</dst>
      <dst id="7">561.5200</dst>
      <dst id="2">222.6667</dst>
      <dst id="6">1.9200</dst>
      <dst id="14">75.3600</dst>
      <dst id="11">151.6533</dst>
      <dst id="9">3404.7556</dst>
      <dst id="17">504.0089</dst>
      <dst id="21">3727.0222</dst>
    </src>
  </IntraTM>
</TrafficMatrixFile>
