<?xml version="1.0" encoding="UTF-8" standalone="yes"?>
<TrafficMatrixFile xmlns:xsi="http://www.w3.org/2001/XMLSchema-instance" xsi:noNamespaceSchemaLocation="http://totem.run.montefiore.ulg.ac.be/Schema/TrafficMatrix-v1_2.xsd">
  <info>
    <title>Intradomain traffic matrix generated by geant-TM-all.pl</title>
    <date>2005-01-02T05:15:00</date>
    <duration>900</duration>
    <author>Steve Uhlig</author>
    <units>
        <unit type="bandwidth" value="kbps"/>
    </units>
  </info>
  <IntraTM ASID="20965">
    <src id="12">
      <dst id="12">275524.6222</dst>
      <dst id="13">15030.8444</dst>
      <dst id="19">5019.9556</dst>
      <dst id="23">240.2044</dst>
      <dst id="8">4301.7778</dst>
      <dst id="18">337.6089</dst>
      <dst id="4">129422.7378</dst>
      <dst id="1">7442.3644</dst>
      <dst id="5">6582.0178</dst>
      <dst id="3">3032.3822</dst>
      <dst id="22">23667.2800</dst>
      <dst id="7">962.5244</dst>
      <dst id="2">104851.3244</dst>
      <dst id="6">6.0178</dst>
      <dst id="16">5489.0311</dst>
      <dst id="14">114.2400</dst>
      <dst id="20">7424.7111</dst>
      <dst id="11">3547.1200</dst>
      <dst id="9">12222.2489</dst>
      <dst id="17">90471.7778</dst>
      <dst id="21">19802.5778</dst>
      <dst id="15">4006.7556</dst>
    </src>
    <src id="13">
      <dst id="12">182147.5733</dst>
      <dst id="19">10187.3956</dst>
      <dst id="23">304.2133</dst>
      <dst id="8">7110.0000</dst>
      <dst id="18">9067.4578</dst>
      <dst id="4">0.3556</dst>
      <dst id="1">2936.3733</dst>
      <dst id="5">32187.6356</dst>
      <dst id="3">10132.5867</dst>
      <dst id="22">24405.9911</dst>
      <dst id="7">15142.1333</dst>
      <dst id="2">127711.7689</dst>
      <dst id="6">91.0222</dst>
      <dst id="16">10246.7733</dst>
      <dst id="14">1840.7733</dst>
      <dst id="20">21940.2311</dst>
      <dst id="11">16588.0800</dst>
      <dst id="9">46102.2133</dst>
      <dst id="17">57244.7911</dst>
      <dst id="21">25991.1467</dst>
      <dst id="15">3380.5333</dst>
    </src>
    <src id="19">
      <dst id="12">14343.0489</dst>
      <dst id="13">3948.6222</dst>
      <dst id="23">120.4267</dst>
      <dst id="8">46.3644</dst>
      <dst id="18">14.1867</dst>
      <dst id="4">24911.7956</dst>
      <dst id="1">290.7556</dst>
      <dst id="5">287.6978</dst>
      <dst id="3">1.5289</dst>
      <dst id="22">774.2667</dst>
      <dst id="7">3613.6622</dst>
      <dst id="2">1444.9333</dst>
      <dst id="6">66.7378</dst>
      <dst id="16">4457.6622</dst>
      <dst id="14">40.6667</dst>
      <dst id="20">63.9111</dst>
      <dst id="11">92.4444</dst>
      <dst id="9">553.9111</dst>
      <dst id="17">4332.3467</dst>
      <dst id="21">462.3111</dst>
      <dst id="15">0.4711</dst>
    </src>
    <src id="23">
      <dst id="12">155.3422</dst>
      <dst id="13">359.9378</dst>
      <dst id="8">45.9378</dst>
      <dst id="18">1.0844</dst>
      <dst id="4">915.6622</dst>
      <dst id="1">73.6089</dst>
      <dst id="5">81.2444</dst>
      <dst id="3">178.1689</dst>
      <dst id="22">203.5822</dst>
      <dst id="7">139.2356</dst>
      <dst id="2">2623.0844</dst>
      <dst id="16">187.2711</dst>
      <dst id="14">5.4933</dst>
      <dst id="20">14.9956</dst>
      <dst id="11">26.0089</dst>
      <dst id="9">650.6311</dst>
      <dst id="17">199.7244</dst>
      <dst id="21">607.8489</dst>
    </src>
    <src id="8">
      <dst id="12">327707.7867</dst>
      <dst id="13">1484.8978</dst>
      <dst id="19">62.9422</dst>
      <dst id="23">53.4400</dst>
      <dst id="18">295.5467</dst>
      <dst id="4">5312.9422</dst>
      <dst id="1">628.3556</dst>
      <dst id="5">651.7244</dst>
      <dst id="3">2.0089</dst>
      <dst id="22">1183.0844</dst>
      <dst id="7">59.0667</dst>
      <dst id="2">125338.5067</dst>
      <dst id="16">605.8222</dst>
      <dst id="20">176.3911</dst>
      <dst id="11">378.9422</dst>
      <dst id="9">1157.9378</dst>
      <dst id="17">124577.8400</dst>
      <dst id="21">849.0133</dst>
      <dst id="15">98.4178</dst>
    </src>
    <src id="18">
      <dst id="12">109923.9111</dst>
      <dst id="13">221.1911</dst>
      <dst id="19">1.2267</dst>
      <dst id="23">0.7111</dst>
      <dst id="8">943.3333</dst>
      <dst id="4">3477.3422</dst>
      <dst id="1">1118.8978</dst>
      <dst id="5">103.3778</dst>
      <dst id="3">54.8978</dst>
      <dst id="22">444.1511</dst>
      <dst id="7">84.7733</dst>
      <dst id="2">38109.9467</dst>
      <dst id="16">62.3822</dst>
      <dst id="14">14.4000</dst>
      <dst id="20">39.5022</dst>
      <dst id="11">2658.7467</dst>
      <dst id="9">779.3956</dst>
      <dst id="17">46426.1511</dst>
      <dst id="21">1649.8311</dst>
      <dst id="15">13.3333</dst>
    </src>
    <src id="4">
      <dst id="12">21158.1867</dst>
      <dst id="19">6457.6711</dst>
      <dst id="23">0.3556</dst>
      <dst id="8">1765.7600</dst>
      <dst id="18">3186.4089</dst>
      <dst id="1">12804.8000</dst>
      <dst id="5">2702.4267</dst>
      <dst id="3">406.5511</dst>
      <dst id="22">6381.8489</dst>
      <dst id="7">43540.2044</dst>
      <dst id="2">50458.5689</dst>
      <dst id="6">62.5156</dst>
      <dst id="16">2229.2533</dst>
      <dst id="14">1789.4578</dst>
      <dst id="20">5975.6978</dst>
      <dst id="11">12722.3467</dst>
      <dst id="9">3352.8622</dst>
      <dst id="17">62140.9156</dst>
      <dst id="21">9151.5022</dst>
      <dst id="15">418.3200</dst>
    </src>
    <src id="1">
      <dst id="12">13202.0533</dst>
      <dst id="13">1390.9956</dst>
      <dst id="19">76.1511</dst>
      <dst id="23">32.9067</dst>
      <dst id="8">163094.1067</dst>
      <dst id="18">12805.0311</dst>
      <dst id="4">26192.7289</dst>
      <dst id="1">16310.2222</dst>
      <dst id="5">271228.4089</dst>
      <dst id="3">148.9956</dst>
      <dst id="22">4961.6978</dst>
      <dst id="7">3734.0267</dst>
      <dst id="2">2545.6889</dst>
      <dst id="6">7594.4622</dst>
      <dst id="16">6970.2844</dst>
      <dst id="14">2167.6978</dst>
      <dst id="20">352.2222</dst>
      <dst id="11">734.6311</dst>
      <dst id="9">232113.1733</dst>
      <dst id="17">6238.8533</dst>
      <dst id="21">6888.5956</dst>
      <dst id="15">82.2667</dst>
    </src>
    <src id="5">
      <dst id="12">358839.5733</dst>
      <dst id="13">1608.6133</dst>
      <dst id="19">111.2622</dst>
      <dst id="23">15.1556</dst>
      <dst id="8">1182.4622</dst>
      <dst id="18">228.3378</dst>
      <dst id="4">6983.0578</dst>
      <dst id="1">911.2622</dst>
      <dst id="3">329.7511</dst>
      <dst id="22">7129.5467</dst>
      <dst id="7">359.0489</dst>
      <dst id="2">151291.5911</dst>
      <dst id="16">1859.9378</dst>
      <dst id="14">27.6178</dst>
      <dst id="20">4026.6667</dst>
      <dst id="11">2324.3378</dst>
      <dst id="9">2100.0889</dst>
      <dst id="17">128763.6711</dst>
      <dst id="21">499.0400</dst>
      <dst id="15">464.3644</dst>
    </src>
    <src id="3">
      <dst id="12">10443.2089</dst>
      <dst id="13">2137.2089</dst>
      <dst id="19">1369.0400</dst>
      <dst id="23">26.2933</dst>
      <dst id="8">297.0311</dst>
      <dst id="18">101356.6489</dst>
      <dst id="4">37348.9867</dst>
      <dst id="1">6810.6222</dst>
      <dst id="5">634.0356</dst>
      <dst id="3">12912.0978</dst>
      <dst id="22">1632.0800</dst>
      <dst id="7">1593.6267</dst>
      <dst id="2">4197.8222</dst>
      <dst id="6">3.2089</dst>
      <dst id="16">2289.8311</dst>
      <dst id="14">42920.1867</dst>
      <dst id="20">348.3111</dst>
      <dst id="11">160140.2133</dst>
      <dst id="9">366.3022</dst>
      <dst id="17">13999.9911</dst>
      <dst id="21">7289.8133</dst>
      <dst id="15">157.9467</dst>
    </src>
    <src id="10">
      <dst id="12">12263.6978</dst>
      <dst id="19">848.2311</dst>
      <dst id="8">1320.4267</dst>
      <dst id="18">3066.3556</dst>
      <dst id="1">1904.7556</dst>
      <dst id="5">1324.0356</dst>
      <dst id="3">14431.0844</dst>
      <dst id="22">5346.3378</dst>
      <dst id="7">18661.6178</dst>
      <dst id="2">26165.1733</dst>
      <dst id="6">1.6889</dst>
      <dst id="16">1747.7956</dst>
      <dst id="14">2697.5822</dst>
      <dst id="20">1379.1200</dst>
      <dst id="11">3024.9067</dst>
      <dst id="9">1970.9600</dst>
      <dst id="17">12283.5644</dst>
      <dst id="21">21900.8356</dst>
      <dst id="15">1365.3600</dst>
    </src>
    <src id="22">
      <dst id="12">7983.3689</dst>
      <dst id="13">11057.7600</dst>
      <dst id="19">84.9067</dst>
      <dst id="23">120.3200</dst>
      <dst id="8">1618.4444</dst>
      <dst id="18">3496.7822</dst>
      <dst id="4">19406.2044</dst>
      <dst id="1">896.1244</dst>
      <dst id="5">5885.2000</dst>
      <dst id="3">522.9156</dst>
      <dst id="7">1278.3556</dst>
      <dst id="2">5154.2578</dst>
      <dst id="6">27.0756</dst>
      <dst id="16">19.2000</dst>
      <dst id="14">71.3778</dst>
      <dst id="11">4525.3067</dst>
      <dst id="9">3304.3289</dst>
      <dst id="17">10783.2089</dst>
      <dst id="21">1793.6622</dst>
    </src>
    <src id="7">
      <dst id="12">5880.0178</dst>
      <dst id="13">1306.2933</dst>
      <dst id="19">822.2489</dst>
      <dst id="23">762.5511</dst>
      <dst id="8">472.2844</dst>
      <dst id="18">121.7067</dst>
      <dst id="4">45260.2667</dst>
      <dst id="1">1681.4489</dst>
      <dst id="5">1553.0400</dst>
      <dst id="3">879.2978</dst>
      <dst id="22">4481.3956</dst>
      <dst id="7">722.3111</dst>
      <dst id="2">6115.6711</dst>
      <dst id="6">95.7156</dst>
      <dst id="16">737.7600</dst>
      <dst id="14">185.3689</dst>
      <dst id="20">534.4533</dst>
      <dst id="11">2293.5111</dst>
      <dst id="9">1414.7822</dst>
      <dst id="17">8439.9200</dst>
      <dst id="21">14554.3111</dst>
      <dst id="15">405.3422</dst>
    </src>
    <src id="2">
      <dst id="12">123605.0133</dst>
      <dst id="13">17714.2844</dst>
      <dst id="19">8750.4978</dst>
      <dst id="23">16.9333</dst>
      <dst id="8">1778.6844</dst>
      <dst id="18">102547.3511</dst>
      <dst id="4">128271.1289</dst>
      <dst id="1">4397.7511</dst>
      <dst id="5">1175.9556</dst>
      <dst id="3">63.5733</dst>
      <dst id="22">1502.1511</dst>
      <dst id="7">4119.2622</dst>
      <dst id="2">1187.7600</dst>
      <dst id="6">7295.4756</dst>
      <dst id="16">3381.3689</dst>
      <dst id="14">689.0933</dst>
      <dst id="20">723.4667</dst>
      <dst id="11">3741.5378</dst>
      <dst id="9">2530.7200</dst>
      <dst id="17">29233.9200</dst>
      <dst id="21">5414.0267</dst>
      <dst id="15">253.8489</dst>
    </src>
    <src id="6">
      <dst id="12">11695.0044</dst>
      <dst id="13">4.8711</dst>
      <dst id="19">1.8756</dst>
      <dst id="4">99.8044</dst>
      <dst id="1">108.9956</dst>
      <dst id="5">0.3556</dst>
      <dst id="22">12.7289</dst>
      <dst id="7">2.3822</dst>
      <dst id="2">2679.2178</dst>
      <dst id="16">0.8178</dst>
      <dst id="11">0.9422</dst>
      <dst id="9">24.5156</dst>
      <dst id="17">1380.4800</dst>
      <dst id="21">1.7956</dst>
      <dst id="15">1.1378</dst>
    </src>
    <src id="16">
      <dst id="12">5812.0978</dst>
      <dst id="13">599.8044</dst>
      <dst id="19">3457.3867</dst>
      <dst id="23">5.0222</dst>
      <dst id="8">7847.4667</dst>
      <dst id="18">16.8889</dst>
      <dst id="4">10545.5200</dst>
      <dst id="1">19479.8222</dst>
      <dst id="5">7215.2267</dst>
      <dst id="3">2.4444</dst>
      <dst id="7">3223.9378</dst>
      <dst id="2">575.0400</dst>
      <dst id="16">89.6978</dst>
      <dst id="14">321.3067</dst>
      <dst id="11">145.8933</dst>
      <dst id="9">18164.2844</dst>
      <dst id="17">1626.3022</dst>
      <dst id="21">426.8000</dst>
    </src>
    <src id="14">
      <dst id="12">19869.5111</dst>
      <dst id="13">115.2178</dst>
      <dst id="19">3.5378</dst>
      <dst id="8">0.5511</dst>
      <dst id="18">0.9244</dst>
      <dst id="4">2923.0578</dst>
      <dst id="1">88.7111</dst>
      <dst id="5">257.7422</dst>
      <dst id="3">56.1156</dst>
      <dst id="22">2.5156</dst>
      <dst id="7">69.8578</dst>
      <dst id="2">7740.3556</dst>
      <dst id="16">8.0800</dst>
      <dst id="20">0.3911</dst>
      <dst id="11">63.6800</dst>
      <dst id="9">12.1867</dst>
      <dst id="17">6031.6622</dst>
      <dst id="21">139.6800</dst>
    </src>
    <src id="20">
      <dst id="12">7309.4756</dst>
      <dst id="13">5445.3689</dst>
      <dst id="19">815.0489</dst>
      <dst id="23">7.1822</dst>
      <dst id="8">262.1244</dst>
      <dst id="18">95.9733</dst>
      <dst id="4">23122.7200</dst>
      <dst id="1">187.4489</dst>
      <dst id="5">6000.4533</dst>
      <dst id="3">14451.3600</dst>
      <dst id="7">740.4089</dst>
      <dst id="2">7851.3600</dst>
      <dst id="11">460.6756</dst>
      <dst id="9">9203.2178</dst>
      <dst id="17">13981.1822</dst>
      <dst id="21">193.7067</dst>
    </src>
    <src id="11">
      <dst id="12">439770.2667</dst>
      <dst id="13">3386.4000</dst>
      <dst id="19">75.9467</dst>
      <dst id="23">16.2844</dst>
      <dst id="8">2365.7333</dst>
      <dst id="18">568.0978</dst>
      <dst id="4">13911.5556</dst>
      <dst id="1">533.8667</dst>
      <dst id="5">1627.9911</dst>
      <dst id="3">646.2844</dst>
      <dst id="22">1675.0933</dst>
      <dst id="7">257.0933</dst>
      <dst id="2">169400.1156</dst>
      <dst id="6">1.1378</dst>
      <dst id="16">1273.4489</dst>
      <dst id="14">455.9022</dst>
      <dst id="20">1365.3689</dst>
      <dst id="11">2539.3600</dst>
      <dst id="9">892.9156</dst>
      <dst id="17">155190.4444</dst>
      <dst id="21">780.8444</dst>
      <dst id="15">553.6622</dst>
    </src>
    <src id="9">
      <dst id="12">496821.7689</dst>
      <dst id="13">3001.7333</dst>
      <dst id="19">17.3333</dst>
      <dst id="23">168.7822</dst>
      <dst id="8">1272.3200</dst>
      <dst id="18">259.9378</dst>
      <dst id="4">18167.4133</dst>
      <dst id="1">877.7511</dst>
      <dst id="5">6006.8356</dst>
      <dst id="3">3.1644</dst>
      <dst id="22">3812.8444</dst>
      <dst id="7">101.3244</dst>
      <dst id="2">190334.7289</dst>
      <dst id="6">13.4400</dst>
      <dst id="16">886.0978</dst>
      <dst id="14">0.8889</dst>
      <dst id="20">1812.5511</dst>
      <dst id="11">3970.3556</dst>
      <dst id="9">164.2933</dst>
      <dst id="17">187726.2578</dst>
      <dst id="21">13547.2267</dst>
      <dst id="15">6866.8089</dst>
    </src>
    <src id="17">
      <dst id="12">12731.4133</dst>
      <dst id="13">13406.3289</dst>
      <dst id="19">1569.8844</dst>
      <dst id="23">238.4889</dst>
      <dst id="8">183474.8889</dst>
      <dst id="18">12658.8267</dst>
      <dst id="4">178134.5778</dst>
      <dst id="1">6599.3689</dst>
      <dst id="5">257552.8178</dst>
      <dst id="3">13086.9067</dst>
      <dst id="22">13183.5556</dst>
      <dst id="7">12926.9956</dst>
      <dst id="2">16179.5822</dst>
      <dst id="6">97.4933</dst>
      <dst id="16">3459.7600</dst>
      <dst id="14">47329.4489</dst>
      <dst id="20">3472.5156</dst>
      <dst id="11">121219.1733</dst>
      <dst id="9">222928.0356</dst>
      <dst id="17">1739.6356</dst>
      <dst id="21">16124.0089</dst>
      <dst id="15">136.0978</dst>
    </src>
    <src id="21">
      <dst id="12">24452.8178</dst>
      <dst id="13">763.5111</dst>
      <dst id="19">219.2889</dst>
      <dst id="23">179.6889</dst>
      <dst id="8">299.1378</dst>
      <dst id="18">1833.3067</dst>
      <dst id="4">41812.5956</dst>
      <dst id="1">1177.6267</dst>
      <dst id="5">2244.3733</dst>
      <dst id="3">1134.6400</dst>
      <dst id="22">3482.3644</dst>
      <dst id="7">7380.0356</dst>
      <dst id="2">12969.7511</dst>
      <dst id="6">1.6889</dst>
      <dst id="16">224.5956</dst>
      <dst id="14">91.4933</dst>
      <dst id="20">242.0711</dst>
      <dst id="11">780.8178</dst>
      <dst id="9">2533.0133</dst>
      <dst id="17">5045.3867</dst>
      <dst id="21">2970.8356</dst>
      <dst id="15">49.8044</dst>
    </src>
    <src id="15">
      <dst id="12">6126.4089</dst>
      <dst id="13">2075.2089</dst>
      <dst id="19">21.6178</dst>
      <dst id="23">1.3156</dst>
      <dst id="8">37.4044</dst>
      <dst id="18">2.3467</dst>
      <dst id="4">11262.0444</dst>
      <dst id="1">1322.4711</dst>
      <dst id="5">197.6267</dst>
      <dst id="3">5.1644</dst>
      <dst id="7">90.4000</dst>
      <dst id="2">670.1867</dst>
      <dst id="14">0.4267</dst>
      <dst id="11">983.7244</dst>
      <dst id="9">794.4978</dst>
      <dst id="17">96.4711</dst>
      <dst id="21">60.2933</dst>
    </src>
  </IntraTM>
</TrafficMatrixFile>
