<?xml version="1.0" encoding="UTF-8" standalone="yes"?>
<TrafficMatrixFile xmlns:xsi="http://www.w3.org/2001/XMLSchema-instance" xsi:noNamespaceSchemaLocation="http://totem.run.montefiore.ulg.ac.be/Schema/TrafficMatrix-v1_2.xsd">
  <info>
    <title>Intradomain traffic matrix generated by geant-TM-all.pl</title>
    <date>2005-01-04T07:00:00</date>
    <duration>900</duration>
    <author>Steve Uhlig</author>
    <units>
        <unit type="bandwidth" value="kbps"/>
    </units>
  </info>
  <IntraTM ASID="20965">
    <src id="12">
      <dst id="12">220308.2578</dst>
      <dst id="13">17710.8889</dst>
      <dst id="19">1780.3467</dst>
      <dst id="23">12.1689</dst>
      <dst id="8">1139.0311</dst>
      <dst id="18">1406.4978</dst>
      <dst id="4">76965.8578</dst>
      <dst id="1">11877.8578</dst>
      <dst id="5">23298.1511</dst>
      <dst id="3">9140.7644</dst>
      <dst id="22">7545.5822</dst>
      <dst id="7">1834.6844</dst>
      <dst id="2">73288.6578</dst>
      <dst id="6">376.7200</dst>
      <dst id="16">4359.9111</dst>
      <dst id="14">315.2000</dst>
      <dst id="20">27545.6711</dst>
      <dst id="11">3953.0311</dst>
      <dst id="9">8054.3467</dst>
      <dst id="17">65970.7200</dst>
      <dst id="21">2409.7422</dst>
      <dst id="15">3619.6089</dst>
    </src>
    <src id="13">
      <dst id="12">53283.8222</dst>
      <dst id="19">6033.8044</dst>
      <dst id="23">20.3822</dst>
      <dst id="8">2384.4267</dst>
      <dst id="18">1902.0622</dst>
      <dst id="4">1.0667</dst>
      <dst id="1">5542.8800</dst>
      <dst id="5">20313.1467</dst>
      <dst id="3">4174.1689</dst>
      <dst id="22">23250.7111</dst>
      <dst id="7">8298.4089</dst>
      <dst id="2">98220.7733</dst>
      <dst id="6">248.8444</dst>
      <dst id="16">7859.2000</dst>
      <dst id="14">2183.3867</dst>
      <dst id="20">17783.2978</dst>
      <dst id="11">9319.4667</dst>
      <dst id="9">10115.8044</dst>
      <dst id="17">56351.6800</dst>
      <dst id="21">11679.2800</dst>
      <dst id="15">5693.5733</dst>
    </src>
    <src id="19">
      <dst id="12">13633.0311</dst>
      <dst id="13">9532.0978</dst>
      <dst id="18">24.0978</dst>
      <dst id="4">21153.0756</dst>
      <dst id="1">391.0489</dst>
      <dst id="5">461.6800</dst>
      <dst id="3">0.3556</dst>
      <dst id="22">88.8356</dst>
      <dst id="7">3074.6667</dst>
      <dst id="2">2652.6844</dst>
      <dst id="6">64.6667</dst>
      <dst id="16">7907.9467</dst>
      <dst id="14">13.0844</dst>
      <dst id="20">124.5156</dst>
      <dst id="11">7.9467</dst>
      <dst id="9">480.1867</dst>
      <dst id="17">431.5111</dst>
      <dst id="21">154.5600</dst>
      <dst id="15">45.9022</dst>
    </src>
    <src id="23">
      <dst id="12">232.4533</dst>
      <dst id="13">160.8089</dst>
      <dst id="19">0.5244</dst>
      <dst id="8">6.1511</dst>
      <dst id="18">1.1733</dst>
      <dst id="1">68.6133</dst>
      <dst id="5">53.1822</dst>
      <dst id="3">201.6533</dst>
      <dst id="22">187.9733</dst>
      <dst id="7">56.6311</dst>
      <dst id="2">27.7156</dst>
      <dst id="6">1.1378</dst>
      <dst id="16">254.5156</dst>
      <dst id="14">1.5022</dst>
      <dst id="20">13.9911</dst>
      <dst id="11">10008.0444</dst>
      <dst id="9">688.8178</dst>
      <dst id="17">68.9689</dst>
      <dst id="21">38.0267</dst>
      <dst id="15">66.6667</dst>
    </src>
    <src id="8">
      <dst id="12">359092.1867</dst>
      <dst id="13">1052.0444</dst>
      <dst id="19">1.0044</dst>
      <dst id="18">25.6000</dst>
      <dst id="4">5081.2978</dst>
      <dst id="1">141.5200</dst>
      <dst id="5">936.5867</dst>
      <dst id="3">13.0844</dst>
      <dst id="22">618.7644</dst>
      <dst id="7">2119.7956</dst>
      <dst id="2">136746.6756</dst>
      <dst id="16">1021.3956</dst>
      <dst id="14">0.7822</dst>
      <dst id="20">63.8844</dst>
      <dst id="11">340.2133</dst>
      <dst id="9">971.6178</dst>
      <dst id="17">132328.7733</dst>
      <dst id="21">164.5600</dst>
      <dst id="15">1.4222</dst>
    </src>
    <src id="18">
      <dst id="12">101537.9022</dst>
      <dst id="13">48.8444</dst>
      <dst id="19">22.0267</dst>
      <dst id="23">2.6311</dst>
      <dst id="8">2.4711</dst>
      <dst id="4">1643.1289</dst>
      <dst id="1">885.9289</dst>
      <dst id="5">89.0578</dst>
      <dst id="3">61.7778</dst>
      <dst id="22">87.6000</dst>
      <dst id="7">31.2800</dst>
      <dst id="2">27377.6000</dst>
      <dst id="16">15.1733</dst>
      <dst id="14">12.4444</dst>
      <dst id="20">0.4356</dst>
      <dst id="11">15.0667</dst>
      <dst id="9">63.1200</dst>
      <dst id="17">35177.4844</dst>
      <dst id="21">178.1067</dst>
      <dst id="15">2.3111</dst>
    </src>
    <src id="4">
      <dst id="12">16990.1956</dst>
      <dst id="19">18567.9111</dst>
      <dst id="8">2697.7600</dst>
      <dst id="18">573.0489</dst>
      <dst id="4">7.5022</dst>
      <dst id="1">102872.6222</dst>
      <dst id="5">2336.7644</dst>
      <dst id="3">241.4844</dst>
      <dst id="22">9706.9156</dst>
      <dst id="7">134994.3467</dst>
      <dst id="2">91642.7644</dst>
      <dst id="6">41.3156</dst>
      <dst id="16">1454.4711</dst>
      <dst id="14">1584.2311</dst>
      <dst id="20">1123.5644</dst>
      <dst id="11">3311.3600</dst>
      <dst id="9">3098.4800</dst>
      <dst id="17">27223.2800</dst>
      <dst id="21">3325.5556</dst>
      <dst id="15">910.9422</dst>
    </src>
    <src id="1">
      <dst id="12">16006.2578</dst>
      <dst id="13">569.3511</dst>
      <dst id="19">329.1289</dst>
      <dst id="23">27.6178</dst>
      <dst id="8">102545.4844</dst>
      <dst id="18">14940.6489</dst>
      <dst id="4">9982.4267</dst>
      <dst id="1">6548.5156</dst>
      <dst id="5">183622.5244</dst>
      <dst id="3">124.5956</dst>
      <dst id="22">4739.1111</dst>
      <dst id="7">1056.6133</dst>
      <dst id="2">2657.9644</dst>
      <dst id="6">17642.9156</dst>
      <dst id="16">13034.5244</dst>
      <dst id="14">118.2133</dst>
      <dst id="20">683.1822</dst>
      <dst id="11">177.6000</dst>
      <dst id="9">167238.8800</dst>
      <dst id="17">3420.6489</dst>
      <dst id="21">2119.4489</dst>
      <dst id="15">108.3200</dst>
    </src>
    <src id="5">
      <dst id="12">282557.8667</dst>
      <dst id="13">6622.9778</dst>
      <dst id="19">19.6444</dst>
      <dst id="23">2.2044</dst>
      <dst id="8">335.2622</dst>
      <dst id="18">41.4578</dst>
      <dst id="4">4589.6089</dst>
      <dst id="1">260.2222</dst>
      <dst id="3">85.6267</dst>
      <dst id="22">4350.1956</dst>
      <dst id="7">210.2222</dst>
      <dst id="2">117613.3422</dst>
      <dst id="6">16.8178</dst>
      <dst id="16">471.6978</dst>
      <dst id="14">3.3067</dst>
      <dst id="20">2257.3156</dst>
      <dst id="11">1883.6533</dst>
      <dst id="9">2068.7111</dst>
      <dst id="17">111869.3867</dst>
      <dst id="21">337.2711</dst>
      <dst id="15">381.4222</dst>
    </src>
    <src id="3">
      <dst id="12">19022.0889</dst>
      <dst id="13">393.0489</dst>
      <dst id="19">460.7556</dst>
      <dst id="23">7636.2489</dst>
      <dst id="8">51.7511</dst>
      <dst id="18">49578.7644</dst>
      <dst id="4">9767.0933</dst>
      <dst id="1">9236.4978</dst>
      <dst id="5">386.2489</dst>
      <dst id="3">9754.1244</dst>
      <dst id="22">1709.0578</dst>
      <dst id="7">2288.5244</dst>
      <dst id="2">7973.0133</dst>
      <dst id="6">0.4533</dst>
      <dst id="16">825.3244</dst>
      <dst id="14">36855.8133</dst>
      <dst id="20">65.5644</dst>
      <dst id="11">142104.9422</dst>
      <dst id="9">3728.5422</dst>
      <dst id="17">6344.3378</dst>
      <dst id="21">9385.6267</dst>
      <dst id="15">33.2622</dst>
    </src>
    <src id="10">
      <dst id="12">15261.9200</dst>
      <dst id="19">249.2178</dst>
      <dst id="8">937.6978</dst>
      <dst id="18">3675.3422</dst>
      <dst id="1">1783.4933</dst>
      <dst id="5">936.2311</dst>
      <dst id="3">440.1333</dst>
      <dst id="22">7460.0000</dst>
      <dst id="7">12568.8356</dst>
      <dst id="2">24839.7778</dst>
      <dst id="6">62.2222</dst>
      <dst id="16">1452.7911</dst>
      <dst id="14">439.2444</dst>
      <dst id="20">1093.4489</dst>
      <dst id="11">5461.8222</dst>
      <dst id="9">6387.1289</dst>
      <dst id="17">17854.5956</dst>
      <dst id="21">6449.2000</dst>
      <dst id="15">609.7067</dst>
    </src>
    <src id="22">
      <dst id="12">12389.5289</dst>
      <dst id="13">8435.2800</dst>
      <dst id="19">124.7289</dst>
      <dst id="23">213.4044</dst>
      <dst id="8">608.1422</dst>
      <dst id="18">838.4533</dst>
      <dst id="4">22173.4844</dst>
      <dst id="1">156.5244</dst>
      <dst id="5">2118.6844</dst>
      <dst id="3">546.6489</dst>
      <dst id="7">255.3689</dst>
      <dst id="2">4896.3111</dst>
      <dst id="6">0.8267</dst>
      <dst id="16">1.9556</dst>
      <dst id="14">601.1556</dst>
      <dst id="11">2140.3911</dst>
      <dst id="9">686.0356</dst>
      <dst id="17">5858.6133</dst>
      <dst id="21">397.5467</dst>
    </src>
    <src id="7">
      <dst id="12">4156.8711</dst>
      <dst id="13">132.8267</dst>
      <dst id="19">228.1511</dst>
      <dst id="23">21.3600</dst>
      <dst id="8">263.6000</dst>
      <dst id="18">104.9244</dst>
      <dst id="4">15399.5200</dst>
      <dst id="1">2097.0844</dst>
      <dst id="5">1448.0178</dst>
      <dst id="3">14649.3956</dst>
      <dst id="22">4264.6489</dst>
      <dst id="7">790.3644</dst>
      <dst id="2">6718.2933</dst>
      <dst id="6">26.5600</dst>
      <dst id="16">403.8400</dst>
      <dst id="14">73.0133</dst>
      <dst id="20">1647.4933</dst>
      <dst id="11">1745.5822</dst>
      <dst id="9">1221.5733</dst>
      <dst id="17">15456.6311</dst>
      <dst id="21">1079.8044</dst>
      <dst id="15">165.1200</dst>
    </src>
    <src id="2">
      <dst id="12">76804.1244</dst>
      <dst id="13">509739.9200</dst>
      <dst id="19">734.3644</dst>
      <dst id="23">1.0667</dst>
      <dst id="8">326.7022</dst>
      <dst id="18">52720.3822</dst>
      <dst id="4">94655.9200</dst>
      <dst id="1">3233.2978</dst>
      <dst id="5">2757.8667</dst>
      <dst id="3">120.0800</dst>
      <dst id="22">5159.3156</dst>
      <dst id="7">16640.7467</dst>
      <dst id="2">439.4756</dst>
      <dst id="6">7140.1422</dst>
      <dst id="16">3085.6978</dst>
      <dst id="14">5537.0400</dst>
      <dst id="20">1328.2756</dst>
      <dst id="11">3986.8267</dst>
      <dst id="9">11421.4578</dst>
      <dst id="17">41181.6889</dst>
      <dst id="21">1229.3689</dst>
      <dst id="15">308.8800</dst>
    </src>
    <src id="6">
      <dst id="12">10453.1289</dst>
      <dst id="13">3.2000</dst>
      <dst id="19">4.1156</dst>
      <dst id="18">0.5600</dst>
      <dst id="4">1338.1511</dst>
      <dst id="1">0.3378</dst>
      <dst id="5">1.7778</dst>
      <dst id="22">0.3556</dst>
      <dst id="7">1.1200</dst>
      <dst id="2">2065.7689</dst>
      <dst id="16">0.7822</dst>
      <dst id="11">0.4178</dst>
      <dst id="9">1.0578</dst>
      <dst id="17">1199.9111</dst>
      <dst id="21">16.1067</dst>
      <dst id="15">2.5956</dst>
    </src>
    <src id="16">
      <dst id="12">2277.2178</dst>
      <dst id="13">609.8311</dst>
      <dst id="19">4356.1156</dst>
      <dst id="23">4.1244</dst>
      <dst id="8">5119.5911</dst>
      <dst id="18">10.3022</dst>
      <dst id="4">3392.6222</dst>
      <dst id="1">22506.4356</dst>
      <dst id="5">2832.2844</dst>
      <dst id="3">15.2178</dst>
      <dst id="7">637.1733</dst>
      <dst id="2">622.1511</dst>
      <dst id="6">1.0667</dst>
      <dst id="16">53.2000</dst>
      <dst id="14">0.9956</dst>
      <dst id="11">160.4089</dst>
      <dst id="9">4366.1867</dst>
      <dst id="17">2742.0178</dst>
      <dst id="21">2306.1867</dst>
    </src>
    <src id="14">
      <dst id="12">14914.0533</dst>
      <dst id="13">82.1244</dst>
      <dst id="19">7.8489</dst>
      <dst id="8">0.3556</dst>
      <dst id="18">4.1600</dst>
      <dst id="4">1465.8667</dst>
      <dst id="1">47.6267</dst>
      <dst id="5">2.1333</dst>
      <dst id="3">58.8267</dst>
      <dst id="22">16.3200</dst>
      <dst id="7">35.9200</dst>
      <dst id="2">4724.3911</dst>
      <dst id="20">1.4667</dst>
      <dst id="11">72.1511</dst>
      <dst id="9">134.3467</dst>
      <dst id="17">5697.2533</dst>
      <dst id="21">70.0622</dst>
    </src>
    <src id="20">
      <dst id="12">2731.3333</dst>
      <dst id="13">4534.8711</dst>
      <dst id="19">1011.8044</dst>
      <dst id="8">244.4978</dst>
      <dst id="18">0.4622</dst>
      <dst id="4">14714.8444</dst>
      <dst id="1">244.8889</dst>
      <dst id="5">4491.3867</dst>
      <dst id="3">119.4667</dst>
      <dst id="7">5043.9556</dst>
      <dst id="2">7138.7200</dst>
      <dst id="14">0.4711</dst>
      <dst id="11">261.0044</dst>
      <dst id="9">18842.1067</dst>
      <dst id="17">786.4711</dst>
      <dst id="21">86.0356</dst>
    </src>
    <src id="11">
      <dst id="12">439335.8133</dst>
      <dst id="13">34333.0222</dst>
      <dst id="19">11.3422</dst>
      <dst id="23">243.5911</dst>
      <dst id="8">326.9422</dst>
      <dst id="18">110.2222</dst>
      <dst id="4">10294.5600</dst>
      <dst id="1">275.7778</dst>
      <dst id="5">1077.3867</dst>
      <dst id="3">322.8889</dst>
      <dst id="22">3835.7244</dst>
      <dst id="7">1107.0667</dst>
      <dst id="2">174758.8089</dst>
      <dst id="16">147.4400</dst>
      <dst id="14">34.3289</dst>
      <dst id="20">13028.9422</dst>
      <dst id="11">3544.9867</dst>
      <dst id="9">1298.8711</dst>
      <dst id="17">166473.1556</dst>
      <dst id="21">600.3378</dst>
      <dst id="15">61.8489</dst>
    </src>
    <src id="9">
      <dst id="12">393496.0267</dst>
      <dst id="13">3069.0133</dst>
      <dst id="19">888.6400</dst>
      <dst id="23">51.8222</dst>
      <dst id="8">1007.9022</dst>
      <dst id="18">468.3022</dst>
      <dst id="4">8126.7200</dst>
      <dst id="1">2300.4533</dst>
      <dst id="5">1270.2756</dst>
      <dst id="3">10.3111</dst>
      <dst id="22">1028.7378</dst>
      <dst id="7">145.0844</dst>
      <dst id="2">154603.6000</dst>
      <dst id="6">0.4267</dst>
      <dst id="16">1903.1911</dst>
      <dst id="14">41.6000</dst>
      <dst id="20">1926.8978</dst>
      <dst id="11">1187.5289</dst>
      <dst id="9">592.4711</dst>
      <dst id="17">168695.6178</dst>
      <dst id="21">296.3822</dst>
      <dst id="15">2210.6667</dst>
    </src>
    <src id="17">
      <dst id="12">2742.2667</dst>
      <dst id="13">8236.9778</dst>
      <dst id="19">358.3111</dst>
      <dst id="23">201.1733</dst>
      <dst id="8">127535.5911</dst>
      <dst id="18">160.8000</dst>
      <dst id="4">186541.1822</dst>
      <dst id="1">799.7956</dst>
      <dst id="5">183254.8444</dst>
      <dst id="3">4181.4489</dst>
      <dst id="22">4133.3244</dst>
      <dst id="7">1135.5822</dst>
      <dst id="2">10381.9822</dst>
      <dst id="6">1.8489</dst>
      <dst id="16">3283.5467</dst>
      <dst id="14">19760.0089</dst>
      <dst id="20">282.5956</dst>
      <dst id="11">103838.7378</dst>
      <dst id="9">152503.7422</dst>
      <dst id="17">1934.3911</dst>
      <dst id="21">4295.1467</dst>
      <dst id="15">66.9422</dst>
    </src>
    <src id="21">
      <dst id="12">35163.2356</dst>
      <dst id="13">1196.4622</dst>
      <dst id="19">327.6622</dst>
      <dst id="23">3.3956</dst>
      <dst id="8">45.0400</dst>
      <dst id="18">223.1378</dst>
      <dst id="4">12760.3822</dst>
      <dst id="1">1890.7289</dst>
      <dst id="5">336.0089</dst>
      <dst id="3">933.1378</dst>
      <dst id="22">1648.0800</dst>
      <dst id="7">502.6133</dst>
      <dst id="2">11169.9644</dst>
      <dst id="6">2.0978</dst>
      <dst id="16">208.6578</dst>
      <dst id="14">165.8133</dst>
      <dst id="20">172.6667</dst>
      <dst id="11">552.8622</dst>
      <dst id="9">289.1911</dst>
      <dst id="17">5983.4044</dst>
      <dst id="21">672.6844</dst>
      <dst id="15">79.0133</dst>
    </src>
    <src id="15">
      <dst id="12">267.6978</dst>
      <dst id="13">957.3689</dst>
      <dst id="19">2379.6267</dst>
      <dst id="8">51.9289</dst>
      <dst id="18">1.3067</dst>
      <dst id="4">3949.1467</dst>
      <dst id="1">788.8444</dst>
      <dst id="5">47.6356</dst>
      <dst id="3">8.3644</dst>
      <dst id="7">39.3956</dst>
      <dst id="2">173.0133</dst>
      <dst id="6">129.9022</dst>
      <dst id="14">0.4622</dst>
      <dst id="11">58.9333</dst>
      <dst id="9">445.4311</dst>
      <dst id="17">565.3244</dst>
      <dst id="21">32.9511</dst>
    </src>
  </IntraTM>
</TrafficMatrixFile>
