<?xml version="1.0" encoding="UTF-8" standalone="yes"?>
<TrafficMatrixFile xmlns:xsi="http://www.w3.org/2001/XMLSchema-instance" xsi:noNamespaceSchemaLocation="http://totem.run.montefiore.ulg.ac.be/Schema/TrafficMatrix-v1_2.xsd">
  <info>
    <title>Intradomain traffic matrix generated by geant-TM-all.pl</title>
    <date>2005-01-05T10:30:00</date>
    <duration>900</duration>
    <author>Steve Uhlig</author>
    <units>
        <unit type="bandwidth" value="kbps"/>
    </units>
  </info>
  <IntraTM ASID="20965">
    <src id="12">
      <dst id="12">205069.2444</dst>
      <dst id="13">9459.5556</dst>
      <dst id="19">729.3867</dst>
      <dst id="23">2634.1689</dst>
      <dst id="8">1711.7244</dst>
      <dst id="18">275.6622</dst>
      <dst id="4">80138.9244</dst>
      <dst id="1">13584.5422</dst>
      <dst id="5">9374.7378</dst>
      <dst id="3">2840.5156</dst>
      <dst id="22">12484.8533</dst>
      <dst id="7">6770.6756</dst>
      <dst id="2">82780.7378</dst>
      <dst id="6">3.6622</dst>
      <dst id="16">5689.8578</dst>
      <dst id="14">148.3556</dst>
      <dst id="20">7115.7244</dst>
      <dst id="11">879.9200</dst>
      <dst id="9">3137.9467</dst>
      <dst id="17">67981.1111</dst>
      <dst id="21">1150.1867</dst>
      <dst id="15">1777.6622</dst>
    </src>
    <src id="13">
      <dst id="12">37153.7867</dst>
      <dst id="19">18741.4400</dst>
      <dst id="23">438.3022</dst>
      <dst id="8">2262.4000</dst>
      <dst id="18">2926.3822</dst>
      <dst id="4">4.9244</dst>
      <dst id="1">4955.3333</dst>
      <dst id="5">4517.5556</dst>
      <dst id="3">5502.9067</dst>
      <dst id="22">18688.0356</dst>
      <dst id="7">9792.5600</dst>
      <dst id="2">77664.7467</dst>
      <dst id="6">100.1244</dst>
      <dst id="16">6254.7200</dst>
      <dst id="14">1296.8444</dst>
      <dst id="20">15404.2311</dst>
      <dst id="11">8868.7822</dst>
      <dst id="9">25282.3200</dst>
      <dst id="17">42979.7867</dst>
      <dst id="21">6799.5378</dst>
      <dst id="15">1552.7289</dst>
    </src>
    <src id="19">
      <dst id="12">14451.0844</dst>
      <dst id="13">226.2667</dst>
      <dst id="18">0.7911</dst>
      <dst id="4">22028.9689</dst>
      <dst id="1">1223.3244</dst>
      <dst id="5">91.1289</dst>
      <dst id="3">1.0667</dst>
      <dst id="22">427.4400</dst>
      <dst id="7">2682.7378</dst>
      <dst id="2">311.8044</dst>
      <dst id="6">37.8311</dst>
      <dst id="16">4947.2889</dst>
      <dst id="14">0.4267</dst>
      <dst id="20">5.8222</dst>
      <dst id="11">40.7644</dst>
      <dst id="9">0.4267</dst>
      <dst id="17">1018.2756</dst>
      <dst id="21">44.6844</dst>
      <dst id="15">3.9911</dst>
    </src>
    <src id="23">
      <dst id="12">295.8489</dst>
      <dst id="13">142.0889</dst>
      <dst id="19">1.1378</dst>
      <dst id="8">12.2311</dst>
      <dst id="18">88.3556</dst>
      <dst id="4">10.2578</dst>
      <dst id="1">55.7333</dst>
      <dst id="3">224.0444</dst>
      <dst id="22">88.3556</dst>
      <dst id="7">30.8800</dst>
      <dst id="2">14.6578</dst>
      <dst id="6">152.2489</dst>
      <dst id="16">39.0400</dst>
      <dst id="11">54.9156</dst>
      <dst id="9">3385.3511</dst>
      <dst id="17">1458.6133</dst>
      <dst id="21">76.9067</dst>
      <dst id="15">6.1689</dst>
    </src>
    <src id="8">
      <dst id="12">285105.2533</dst>
      <dst id="13">591.7333</dst>
      <dst id="19">0.4711</dst>
      <dst id="18">13.9111</dst>
      <dst id="4">10188.2400</dst>
      <dst id="1">2225.2178</dst>
      <dst id="5">391.7067</dst>
      <dst id="3">0.4178</dst>
      <dst id="22">665.6622</dst>
      <dst id="7">119.4400</dst>
      <dst id="2">102078.4089</dst>
      <dst id="6">1.2800</dst>
      <dst id="16">493.6444</dst>
      <dst id="14">0.7111</dst>
      <dst id="20">34.5867</dst>
      <dst id="11">68.5867</dst>
      <dst id="9">489.7156</dst>
      <dst id="17">103259.0044</dst>
      <dst id="21">174.4889</dst>
      <dst id="15">1.0311</dst>
    </src>
    <src id="18">
      <dst id="12">89970.7111</dst>
      <dst id="13">72.5511</dst>
      <dst id="19">0.3733</dst>
      <dst id="23">5.6533</dst>
      <dst id="8">404.5244</dst>
      <dst id="4">2368.6044</dst>
      <dst id="1">719.5200</dst>
      <dst id="5">131.9111</dst>
      <dst id="3">4.1600</dst>
      <dst id="22">609.5733</dst>
      <dst id="7">5.5822</dst>
      <dst id="2">26775.8844</dst>
      <dst id="16">13.3067</dst>
      <dst id="14">2.4978</dst>
      <dst id="20">34.5600</dst>
      <dst id="11">11.5822</dst>
      <dst id="9">8.1333</dst>
      <dst id="17">39104.0267</dst>
      <dst id="21">88.7289</dst>
      <dst id="15">1.1022</dst>
    </src>
    <src id="4">
      <dst id="12">13133.2711</dst>
      <dst id="19">15791.5733</dst>
      <dst id="8">566.9600</dst>
      <dst id="18">560.1956</dst>
      <dst id="4">4.8622</dst>
      <dst id="1">10942.6933</dst>
      <dst id="5">1142.7822</dst>
      <dst id="3">312.5333</dst>
      <dst id="22">3442.8356</dst>
      <dst id="7">64717.8756</dst>
      <dst id="2">72244.1511</dst>
      <dst id="6">4.4978</dst>
      <dst id="16">931.9556</dst>
      <dst id="14">761.8844</dst>
      <dst id="20">740.9422</dst>
      <dst id="11">1974.7111</dst>
      <dst id="9">3865.8844</dst>
      <dst id="17">19558.1333</dst>
      <dst id="21">3822.5600</dst>
      <dst id="15">181.8222</dst>
    </src>
    <src id="1">
      <dst id="12">18583.4667</dst>
      <dst id="13">352.5689</dst>
      <dst id="19">10.0889</dst>
      <dst id="23">31.4756</dst>
      <dst id="8">67737.1644</dst>
      <dst id="18">13647.3689</dst>
      <dst id="4">6687.5378</dst>
      <dst id="1">8101.1733</dst>
      <dst id="5">138408.0533</dst>
      <dst id="3">134.6489</dst>
      <dst id="22">871.1556</dst>
      <dst id="7">1008.2311</dst>
      <dst id="2">17843.5644</dst>
      <dst id="6">3412.4978</dst>
      <dst id="16">7476.9956</dst>
      <dst id="14">85.5911</dst>
      <dst id="20">82.9244</dst>
      <dst id="11">103.0756</dst>
      <dst id="9">141878.4267</dst>
      <dst id="17">5299.8667</dst>
      <dst id="21">1755.2711</dst>
      <dst id="15">1304.3378</dst>
    </src>
    <src id="5">
      <dst id="12">241627.2178</dst>
      <dst id="13">1690.5511</dst>
      <dst id="19">46.0533</dst>
      <dst id="23">2.7644</dst>
      <dst id="8">1828.8000</dst>
      <dst id="18">23.0667</dst>
      <dst id="4">8813.2533</dst>
      <dst id="1">442.4533</dst>
      <dst id="3">4.6756</dst>
      <dst id="22">8330.9244</dst>
      <dst id="7">64.3556</dst>
      <dst id="2">111206.5778</dst>
      <dst id="6">25.9556</dst>
      <dst id="16">638.5511</dst>
      <dst id="14">26.0711</dst>
      <dst id="20">407.8044</dst>
      <dst id="11">241.2622</dst>
      <dst id="9">514.7822</dst>
      <dst id="17">102126.2756</dst>
      <dst id="21">61.9378</dst>
      <dst id="15">148.3200</dst>
    </src>
    <src id="3">
      <dst id="12">10185.9556</dst>
      <dst id="13">4307.1378</dst>
      <dst id="19">1313.1467</dst>
      <dst id="23">9488.6667</dst>
      <dst id="8">64.3822</dst>
      <dst id="18">48024.2756</dst>
      <dst id="4">18399.8933</dst>
      <dst id="1">5741.9467</dst>
      <dst id="5">739.3422</dst>
      <dst id="3">10286.9422</dst>
      <dst id="22">3043.7689</dst>
      <dst id="7">6483.3689</dst>
      <dst id="2">15151.7333</dst>
      <dst id="6">3.1733</dst>
      <dst id="16">559.8489</dst>
      <dst id="14">20917.7778</dst>
      <dst id="20">92.0622</dst>
      <dst id="11">105092.1333</dst>
      <dst id="9">153.5911</dst>
      <dst id="17">9073.0400</dst>
      <dst id="21">9009.8311</dst>
      <dst id="15">110.6578</dst>
    </src>
    <src id="10">
      <dst id="12">8843.6622</dst>
      <dst id="19">4747.0400</dst>
      <dst id="8">406.2311</dst>
      <dst id="18">331.2089</dst>
      <dst id="1">2640.1333</dst>
      <dst id="5">1338.4533</dst>
      <dst id="3">892.2044</dst>
      <dst id="22">2468.1422</dst>
      <dst id="7">11821.5644</dst>
      <dst id="2">16993.4311</dst>
      <dst id="16">2368.3022</dst>
      <dst id="14">2555.2000</dst>
      <dst id="20">813.8933</dst>
      <dst id="11">4021.5644</dst>
      <dst id="9">2461.4489</dst>
      <dst id="17">19255.6800</dst>
      <dst id="21">4941.8311</dst>
      <dst id="15">420.7200</dst>
    </src>
    <src id="22">
      <dst id="12">8029.1822</dst>
      <dst id="13">8281.3333</dst>
      <dst id="19">127.6267</dst>
      <dst id="23">62.6489</dst>
      <dst id="8">545.0933</dst>
      <dst id="18">334.8178</dst>
      <dst id="4">18361.0222</dst>
      <dst id="1">172.7822</dst>
      <dst id="5">3623.2444</dst>
      <dst id="3">734.7911</dst>
      <dst id="7">3889.1111</dst>
      <dst id="2">1649.8311</dst>
      <dst id="6">13.1556</dst>
      <dst id="16">22.7911</dst>
      <dst id="14">1.6978</dst>
      <dst id="11">1389.3511</dst>
      <dst id="9">4113.1200</dst>
      <dst id="17">2195.9022</dst>
      <dst id="21">406.2311</dst>
    </src>
    <src id="7">
      <dst id="12">3176.6756</dst>
      <dst id="13">368.7822</dst>
      <dst id="19">44.6133</dst>
      <dst id="23">12.6933</dst>
      <dst id="8">109.6178</dst>
      <dst id="18">232.5333</dst>
      <dst id="4">13396.0800</dst>
      <dst id="1">2536.5422</dst>
      <dst id="5">940.6756</dst>
      <dst id="3">225.0400</dst>
      <dst id="22">5260.0889</dst>
      <dst id="7">510.3289</dst>
      <dst id="2">5373.6089</dst>
      <dst id="16">421.4756</dst>
      <dst id="14">53.6889</dst>
      <dst id="20">296.1600</dst>
      <dst id="11">3189.2178</dst>
      <dst id="9">121.3867</dst>
      <dst id="17">2509.7778</dst>
      <dst id="21">870.2400</dst>
      <dst id="15">173.3511</dst>
    </src>
    <src id="2">
      <dst id="12">65059.7333</dst>
      <dst id="13">505223.0311</dst>
      <dst id="19">1143.3244</dst>
      <dst id="23">25.2444</dst>
      <dst id="8">277.4756</dst>
      <dst id="18">39071.1289</dst>
      <dst id="4">92289.3956</dst>
      <dst id="1">10233.0844</dst>
      <dst id="5">658.3200</dst>
      <dst id="3">832.4000</dst>
      <dst id="22">1700.8622</dst>
      <dst id="7">18058.7289</dst>
      <dst id="2">485.3422</dst>
      <dst id="6">5586.7644</dst>
      <dst id="16">2206.6489</dst>
      <dst id="14">5288.3644</dst>
      <dst id="20">109.5111</dst>
      <dst id="11">1514.4178</dst>
      <dst id="9">2202.7111</dst>
      <dst id="17">18961.7778</dst>
      <dst id="21">2272.2311</dst>
      <dst id="15">1354.9778</dst>
    </src>
    <src id="6">
      <dst id="12">7035.4578</dst>
      <dst id="13">96.8178</dst>
      <dst id="19">1.0311</dst>
      <dst id="23">2.1333</dst>
      <dst id="8">38.6667</dst>
      <dst id="4">1036.2222</dst>
      <dst id="1">0.8800</dst>
      <dst id="5">0.4622</dst>
      <dst id="22">13.6089</dst>
      <dst id="7">0.3378</dst>
      <dst id="2">1105.9911</dst>
      <dst id="16">14.6489</dst>
      <dst id="14">0.5600</dst>
      <dst id="9">0.3378</dst>
      <dst id="17">1164.3822</dst>
      <dst id="15">0.3378</dst>
    </src>
    <src id="16">
      <dst id="12">1412.5600</dst>
      <dst id="13">513.3067</dst>
      <dst id="19">4224.3200</dst>
      <dst id="23">2.4622</dst>
      <dst id="8">634.7556</dst>
      <dst id="18">16.9956</dst>
      <dst id="4">6356.3644</dst>
      <dst id="1">22375.9467</dst>
      <dst id="5">1588.9244</dst>
      <dst id="3">0.9244</dst>
      <dst id="7">1275.3689</dst>
      <dst id="2">235.5467</dst>
      <dst id="16">28.2489</dst>
      <dst id="14">214.1156</dst>
      <dst id="11">50.5600</dst>
      <dst id="9">984.7733</dst>
      <dst id="17">1715.9111</dst>
      <dst id="21">2016.4978</dst>
    </src>
    <src id="14">
      <dst id="12">19383.9200</dst>
      <dst id="13">23.2000</dst>
      <dst id="19">8.6578</dst>
      <dst id="23">0.3556</dst>
      <dst id="4">1584.4800</dst>
      <dst id="1">51.9200</dst>
      <dst id="5">83.7244</dst>
      <dst id="3">15.2178</dst>
      <dst id="22">13.4133</dst>
      <dst id="7">69.3689</dst>
      <dst id="2">6177.9378</dst>
      <dst id="16">17.0667</dst>
      <dst id="11">34.4533</dst>
      <dst id="9">17.0311</dst>
      <dst id="17">11072.0711</dst>
      <dst id="21">29.7600</dst>
    </src>
    <src id="20">
      <dst id="12">10888.7022</dst>
      <dst id="13">36882.4889</dst>
      <dst id="19">2.6222</dst>
      <dst id="8">24.8889</dst>
      <dst id="18">4.4178</dst>
      <dst id="4">9498.6222</dst>
      <dst id="1">96.1600</dst>
      <dst id="5">398.8622</dst>
      <dst id="3">1098.1956</dst>
      <dst id="7">2263.3156</dst>
      <dst id="2">1354.6756</dst>
      <dst id="14">0.3556</dst>
      <dst id="11">4566.0889</dst>
      <dst id="9">10941.7067</dst>
      <dst id="17">1811.9111</dst>
      <dst id="21">131.1644</dst>
    </src>
    <src id="11">
      <dst id="12">410418.7378</dst>
      <dst id="13">1000.1067</dst>
      <dst id="19">10.1333</dst>
      <dst id="23">9.2444</dst>
      <dst id="8">144.4800</dst>
      <dst id="18">34.6044</dst>
      <dst id="4">8568.4533</dst>
      <dst id="1">650.1244</dst>
      <dst id="5">829.3956</dst>
      <dst id="3">782.3378</dst>
      <dst id="22">1301.1467</dst>
      <dst id="7">550.3200</dst>
      <dst id="2">148422.5333</dst>
      <dst id="16">18.9422</dst>
      <dst id="14">32.1156</dst>
      <dst id="20">230.8622</dst>
      <dst id="11">1197.9556</dst>
      <dst id="9">354.7200</dst>
      <dst id="17">135606.7111</dst>
      <dst id="21">422.2400</dst>
      <dst id="15">938.9244</dst>
    </src>
    <src id="9">
      <dst id="12">443304.5333</dst>
      <dst id="13">2054.8089</dst>
      <dst id="19">1.3244</dst>
      <dst id="23">71.7867</dst>
      <dst id="8">840.8800</dst>
      <dst id="18">114.4000</dst>
      <dst id="4">10133.5733</dst>
      <dst id="1">576.2933</dst>
      <dst id="5">1438.1511</dst>
      <dst id="3">20.6578</dst>
      <dst id="22">3006.7289</dst>
      <dst id="7">251.0400</dst>
      <dst id="2">140745.7156</dst>
      <dst id="6">0.8356</dst>
      <dst id="16">67.8400</dst>
      <dst id="14">347.7956</dst>
      <dst id="20">3576.1244</dst>
      <dst id="11">536.6844</dst>
      <dst id="9">3.9644</dst>
      <dst id="17">154280.6844</dst>
      <dst id="21">104.6756</dst>
      <dst id="15">987.5467</dst>
    </src>
    <src id="17">
      <dst id="12">4683.2356</dst>
      <dst id="13">23037.3156</dst>
      <dst id="19">233.7511</dst>
      <dst id="23">42.4267</dst>
      <dst id="8">81033.2356</dst>
      <dst id="18">274.0356</dst>
      <dst id="4">137182.5156</dst>
      <dst id="1">3228.2756</dst>
      <dst id="5">164982.6667</dst>
      <dst id="3">4877.3067</dst>
      <dst id="22">5027.1200</dst>
      <dst id="7">2329.9200</dst>
      <dst id="2">8010.8622</dst>
      <dst id="6">1.5644</dst>
      <dst id="16">5716.0444</dst>
      <dst id="14">16056.2844</dst>
      <dst id="20">3626.5156</dst>
      <dst id="11">77795.1822</dst>
      <dst id="9">129874.6756</dst>
      <dst id="17">3787.1822</dst>
      <dst id="21">3432.8800</dst>
      <dst id="15">328.6311</dst>
    </src>
    <src id="21">
      <dst id="12">12093.8933</dst>
      <dst id="13">2410.5511</dst>
      <dst id="19">316.4533</dst>
      <dst id="23">2.3289</dst>
      <dst id="8">19.2444</dst>
      <dst id="18">145.0222</dst>
      <dst id="4">17945.3156</dst>
      <dst id="1">1723.3156</dst>
      <dst id="5">119.4133</dst>
      <dst id="3">9192.2667</dst>
      <dst id="22">2511.3333</dst>
      <dst id="7">4953.3867</dst>
      <dst id="2">11577.3600</dst>
      <dst id="6">10.8978</dst>
      <dst id="16">74.6044</dst>
      <dst id="14">89.6000</dst>
      <dst id="20">2640.3644</dst>
      <dst id="11">587.6089</dst>
      <dst id="9">443.1822</dst>
      <dst id="17">3277.1289</dst>
      <dst id="21">1249.9467</dst>
      <dst id="15">1532.8000</dst>
    </src>
    <src id="15">
      <dst id="12">233.6800</dst>
      <dst id="13">64.8356</dst>
      <dst id="19">67.3778</dst>
      <dst id="23">0.4622</dst>
      <dst id="8">49.7778</dst>
      <dst id="18">14.6133</dst>
      <dst id="4">4246.0889</dst>
      <dst id="1">1335.4311</dst>
      <dst id="5">32.5067</dst>
      <dst id="7">1029.4133</dst>
      <dst id="2">311.3067</dst>
      <dst id="6">0.3378</dst>
      <dst id="14">0.9333</dst>
      <dst id="11">142.2667</dst>
      <dst id="9">1505.6267</dst>
      <dst id="17">128.8356</dst>
      <dst id="21">152.4356</dst>
    </src>
  </IntraTM>
</TrafficMatrixFile>
