<?xml version="1.0" encoding="UTF-8" standalone="yes"?>
<TrafficMatrixFile xmlns:xsi="http://www.w3.org/2001/XMLSchema-instance" xsi:noNamespaceSchemaLocation="http://totem.run.montefiore.ulg.ac.be/Schema/TrafficMatrix-v1_2.xsd">
  <info>
    <title>Intradomain traffic matrix generated by geant-TM-all.pl</title>
    <date>2005-01-05T03:30:00</date>
    <duration>900</duration>
    <author>Steve Uhlig</author>
    <units>
        <unit type="bandwidth" value="kbps"/>
    </units>
  </info>
  <IntraTM ASID="20965">
    <src id="12">
      <dst id="12">276475.6178</dst>
      <dst id="13">20045.6800</dst>
      <dst id="19">5589.3778</dst>
      <dst id="23">40.7644</dst>
      <dst id="8">6962.9689</dst>
      <dst id="18">821.7867</dst>
      <dst id="4">81392.2044</dst>
      <dst id="1">9724.2489</dst>
      <dst id="5">10035.4400</dst>
      <dst id="3">1205.6800</dst>
      <dst id="22">10795.1289</dst>
      <dst id="7">964.2844</dst>
      <dst id="2">113388.8444</dst>
      <dst id="6">3.9911</dst>
      <dst id="16">4592.0889</dst>
      <dst id="14">776.2044</dst>
      <dst id="20">5215.5911</dst>
      <dst id="11">3739.7422</dst>
      <dst id="9">5558.6311</dst>
      <dst id="17">86177.5911</dst>
      <dst id="21">1190.7644</dst>
      <dst id="15">382.8622</dst>
    </src>
    <src id="13">
      <dst id="12">54803.8933</dst>
      <dst id="19">11942.8800</dst>
      <dst id="23">38.5956</dst>
      <dst id="8">6228.9156</dst>
      <dst id="18">3095.0933</dst>
      <dst id="1">4446.8000</dst>
      <dst id="5">6645.2267</dst>
      <dst id="3">4529.7778</dst>
      <dst id="22">23144.6489</dst>
      <dst id="7">10089.2800</dst>
      <dst id="2">90410.0533</dst>
      <dst id="6">231.4044</dst>
      <dst id="16">10338.3644</dst>
      <dst id="14">4226.0889</dst>
      <dst id="20">7504.7111</dst>
      <dst id="11">14343.7600</dst>
      <dst id="9">13392.9956</dst>
      <dst id="17">50339.5911</dst>
      <dst id="21">6864.2578</dst>
      <dst id="15">5481.5200</dst>
    </src>
    <src id="19">
      <dst id="12">18609.9911</dst>
      <dst id="13">653.4222</dst>
      <dst id="23">14.6844</dst>
      <dst id="8">1.4222</dst>
      <dst id="18">28.5778</dst>
      <dst id="4">14473.6356</dst>
      <dst id="1">1683.1467</dst>
      <dst id="5">7.8311</dst>
      <dst id="3">27.4489</dst>
      <dst id="22">591.1111</dst>
      <dst id="7">4065.2267</dst>
      <dst id="2">529.8756</dst>
      <dst id="6">28.3911</dst>
      <dst id="16">4817.4400</dst>
      <dst id="14">14.6667</dst>
      <dst id="20">5.4311</dst>
      <dst id="11">168.3911</dst>
      <dst id="9">1078.8267</dst>
      <dst id="17">917.9111</dst>
      <dst id="21">763.0756</dst>
      <dst id="15">1.5822</dst>
    </src>
    <src id="23">
      <dst id="12">198.7911</dst>
      <dst id="13">76.5778</dst>
      <dst id="19">40.6756</dst>
      <dst id="8">2.0889</dst>
      <dst id="18">1053.3333</dst>
      <dst id="4">76.4622</dst>
      <dst id="1">43.2622</dst>
      <dst id="5">110.3111</dst>
      <dst id="3">225.2356</dst>
      <dst id="22">714.1867</dst>
      <dst id="7">1583.4489</dst>
      <dst id="2">1.1200</dst>
      <dst id="6">0.3556</dst>
      <dst id="16">112.2578</dst>
      <dst id="20">4.3822</dst>
      <dst id="11">46.7911</dst>
      <dst id="9">1175.8578</dst>
      <dst id="17">454.0267</dst>
      <dst id="21">147.3333</dst>
      <dst id="15">0.3378</dst>
    </src>
    <src id="8">
      <dst id="12">346088.5511</dst>
      <dst id="13">2024.9689</dst>
      <dst id="19">28.3911</dst>
      <dst id="18">70.0444</dst>
      <dst id="4">10726.2222</dst>
      <dst id="1">478.3822</dst>
      <dst id="5">1184.7822</dst>
      <dst id="3">36.7733</dst>
      <dst id="22">1107.0311</dst>
      <dst id="7">7.5644</dst>
      <dst id="2">189439.1822</dst>
      <dst id="16">1132.1422</dst>
      <dst id="14">0.3644</dst>
      <dst id="20">21.1289</dst>
      <dst id="11">66.7556</dst>
      <dst id="9">195.6622</dst>
      <dst id="17">141135.1822</dst>
      <dst id="21">157.3956</dst>
      <dst id="15">204.4444</dst>
    </src>
    <src id="18">
      <dst id="12">98387.8844</dst>
      <dst id="13">722.6844</dst>
      <dst id="19">20.2667</dst>
      <dst id="23">18.4889</dst>
      <dst id="8">73.9200</dst>
      <dst id="4">1541.9644</dst>
      <dst id="1">1003.9022</dst>
      <dst id="5">209.1822</dst>
      <dst id="3">36.9867</dst>
      <dst id="22">174.5689</dst>
      <dst id="7">87.0133</dst>
      <dst id="2">41432.8800</dst>
      <dst id="16">135.1822</dst>
      <dst id="14">1.8933</dst>
      <dst id="20">42.4978</dst>
      <dst id="11">88.4089</dst>
      <dst id="9">45.9111</dst>
      <dst id="17">35363.2800</dst>
      <dst id="21">460.3467</dst>
      <dst id="15">2.7022</dst>
    </src>
    <src id="4">
      <dst id="12">14719.9911</dst>
      <dst id="19">14436.5511</dst>
      <dst id="8">500.0356</dst>
      <dst id="18">492.6044</dst>
      <dst id="1">14981.7422</dst>
      <dst id="5">2088.1511</dst>
      <dst id="3">284.3644</dst>
      <dst id="22">6577.7067</dst>
      <dst id="7">32677.6800</dst>
      <dst id="2">62194.7822</dst>
      <dst id="6">150.2133</dst>
      <dst id="16">1464.3378</dst>
      <dst id="14">2717.8311</dst>
      <dst id="20">954.9244</dst>
      <dst id="11">3348.8267</dst>
      <dst id="9">1793.6267</dst>
      <dst id="17">19402.4800</dst>
      <dst id="21">5271.9378</dst>
      <dst id="15">418.5511</dst>
    </src>
    <src id="1">
      <dst id="12">17522.9156</dst>
      <dst id="13">2849.1556</dst>
      <dst id="19">4134.6933</dst>
      <dst id="23">81.6711</dst>
      <dst id="8">129810.8800</dst>
      <dst id="18">15381.0667</dst>
      <dst id="4">13721.4844</dst>
      <dst id="1">9374.5333</dst>
      <dst id="5">242179.2267</dst>
      <dst id="3">74.3378</dst>
      <dst id="22">885.2000</dst>
      <dst id="7">1919.0400</dst>
      <dst id="2">3422.2756</dst>
      <dst id="6">9387.0667</dst>
      <dst id="16">8309.6533</dst>
      <dst id="14">201.1467</dst>
      <dst id="20">89.9644</dst>
      <dst id="11">279.5111</dst>
      <dst id="9">202794.3733</dst>
      <dst id="17">5928.7022</dst>
      <dst id="21">1810.4711</dst>
      <dst id="15">34.9422</dst>
    </src>
    <src id="5">
      <dst id="12">352806.0622</dst>
      <dst id="13">6233.6978</dst>
      <dst id="19">173.1378</dst>
      <dst id="23">3.4489</dst>
      <dst id="8">11369.3867</dst>
      <dst id="18">1208.4978</dst>
      <dst id="4">6916.0267</dst>
      <dst id="1">1078.1778</dst>
      <dst id="3">2.8711</dst>
      <dst id="22">3071.4311</dst>
      <dst id="7">190.3733</dst>
      <dst id="2">146363.9289</dst>
      <dst id="6">23.9289</dst>
      <dst id="16">1149.1289</dst>
      <dst id="14">6.7556</dst>
      <dst id="20">3243.8933</dst>
      <dst id="11">1158.7644</dst>
      <dst id="9">2863.2356</dst>
      <dst id="17">114369.0667</dst>
      <dst id="21">114.6756</dst>
      <dst id="15">295.6533</dst>
    </src>
    <src id="3">
      <dst id="12">10328.5422</dst>
      <dst id="13">9417.2533</dst>
      <dst id="19">2000.8889</dst>
      <dst id="23">7870.9600</dst>
      <dst id="8">5.5022</dst>
      <dst id="18">55412.8267</dst>
      <dst id="4">18700.2578</dst>
      <dst id="1">5026.6311</dst>
      <dst id="5">262.3556</dst>
      <dst id="3">9985.6000</dst>
      <dst id="22">1325.3867</dst>
      <dst id="7">693.4756</dst>
      <dst id="2">5352.5244</dst>
      <dst id="6">3.3867</dst>
      <dst id="16">2186.0356</dst>
      <dst id="14">38545.7511</dst>
      <dst id="20">81.8133</dst>
      <dst id="11">126362.2933</dst>
      <dst id="9">475.5911</dst>
      <dst id="17">5261.6356</dst>
      <dst id="21">9050.9956</dst>
      <dst id="15">139.3778</dst>
    </src>
    <src id="10">
      <dst id="12">10742.7378</dst>
      <dst id="19">2835.0044</dst>
      <dst id="8">383.6267</dst>
      <dst id="18">461.9111</dst>
      <dst id="1">2239.6800</dst>
      <dst id="5">2276.1422</dst>
      <dst id="3">3137.2356</dst>
      <dst id="22">4476.8711</dst>
      <dst id="7">15764.9867</dst>
      <dst id="2">35111.2622</dst>
      <dst id="6">6.7111</dst>
      <dst id="16">2451.8844</dst>
      <dst id="14">4147.6000</dst>
      <dst id="20">777.3244</dst>
      <dst id="11">5393.3689</dst>
      <dst id="9">5027.5022</dst>
      <dst id="17">9917.0311</dst>
      <dst id="21">8008.6311</dst>
      <dst id="15">125.1733</dst>
    </src>
    <src id="22">
      <dst id="12">14587.6889</dst>
      <dst id="13">2622.1778</dst>
      <dst id="19">974.5422</dst>
      <dst id="23">121.7422</dst>
      <dst id="8">415.5022</dst>
      <dst id="18">260.6489</dst>
      <dst id="4">16303.2978</dst>
      <dst id="1">925.7422</dst>
      <dst id="5">5521.2622</dst>
      <dst id="3">202.7111</dst>
      <dst id="7">1308.5067</dst>
      <dst id="2">3724.6844</dst>
      <dst id="6">51.4844</dst>
      <dst id="16">3.6800</dst>
      <dst id="14">249.7956</dst>
      <dst id="11">1702.9689</dst>
      <dst id="9">9564.9422</dst>
      <dst id="17">3617.8489</dst>
      <dst id="21">305.2356</dst>
    </src>
    <src id="7">
      <dst id="12">4532.8711</dst>
      <dst id="13">596.4089</dst>
      <dst id="19">853.8489</dst>
      <dst id="23">55.3778</dst>
      <dst id="8">412.5778</dst>
      <dst id="18">265.2000</dst>
      <dst id="4">16530.6844</dst>
      <dst id="1">7690.0533</dst>
      <dst id="5">1540.3556</dst>
      <dst id="3">103.5289</dst>
      <dst id="22">3402.5600</dst>
      <dst id="7">745.4933</dst>
      <dst id="2">9180.4444</dst>
      <dst id="6">1.1911</dst>
      <dst id="16">1493.2356</dst>
      <dst id="14">283.0578</dst>
      <dst id="20">1516.9511</dst>
      <dst id="11">676.2311</dst>
      <dst id="9">574.0178</dst>
      <dst id="17">6153.9111</dst>
      <dst id="21">901.5733</dst>
      <dst id="15">219.7689</dst>
    </src>
    <src id="2">
      <dst id="12">107482.4178</dst>
      <dst id="13">511065.5822</dst>
      <dst id="19">1551.5467</dst>
      <dst id="23">21.9200</dst>
      <dst id="8">306.7378</dst>
      <dst id="18">54200.1778</dst>
      <dst id="4">85322.9422</dst>
      <dst id="1">4665.9289</dst>
      <dst id="5">1848.3022</dst>
      <dst id="3">101.9022</dst>
      <dst id="22">3175.0044</dst>
      <dst id="7">20318.8000</dst>
      <dst id="2">781.3333</dst>
      <dst id="6">9798.2844</dst>
      <dst id="16">4216.1422</dst>
      <dst id="14">2778.6311</dst>
      <dst id="20">1366.0178</dst>
      <dst id="11">4009.9644</dst>
      <dst id="9">952.3022</dst>
      <dst id="17">19199.0756</dst>
      <dst id="21">3276.9333</dst>
      <dst id="15">101.5733</dst>
    </src>
    <src id="6">
      <dst id="12">10628.7822</dst>
      <dst id="13">12.0800</dst>
      <dst id="19">1.9378</dst>
      <dst id="18">2.6578</dst>
      <dst id="4">1324.4800</dst>
      <dst id="1">48.4178</dst>
      <dst id="5">16.5067</dst>
      <dst id="3">22.2578</dst>
      <dst id="22">1.1733</dst>
      <dst id="7">0.6578</dst>
      <dst id="2">3261.1022</dst>
      <dst id="14">11.0222</dst>
      <dst id="20">3.5822</dst>
      <dst id="11">3.4844</dst>
      <dst id="9">11.8933</dst>
      <dst id="17">1763.0222</dst>
      <dst id="21">1.5911</dst>
      <dst id="15">0.4978</dst>
    </src>
    <src id="16">
      <dst id="12">2776.9422</dst>
      <dst id="13">2435.8933</dst>
      <dst id="19">3700.5244</dst>
      <dst id="23">136.1689</dst>
      <dst id="8">10371.3778</dst>
      <dst id="18">7.0311</dst>
      <dst id="4">3867.2356</dst>
      <dst id="1">10460.7556</dst>
      <dst id="5">5468.7200</dst>
      <dst id="3">0.4267</dst>
      <dst id="7">2889.5378</dst>
      <dst id="2">1154.2578</dst>
      <dst id="6">25.2444</dst>
      <dst id="16">68.5422</dst>
      <dst id="14">1044.1867</dst>
      <dst id="11">1099.4044</dst>
      <dst id="9">8815.8222</dst>
      <dst id="17">5317.5022</dst>
      <dst id="21">1684.0444</dst>
    </src>
    <src id="14">
      <dst id="12">20455.8756</dst>
      <dst id="13">137.0044</dst>
      <dst id="19">3.7333</dst>
      <dst id="23">0.6667</dst>
      <dst id="18">5.7511</dst>
      <dst id="4">2055.0489</dst>
      <dst id="1">84.7022</dst>
      <dst id="5">44.8711</dst>
      <dst id="3">63.0311</dst>
      <dst id="22">46.5422</dst>
      <dst id="7">90.7644</dst>
      <dst id="2">6569.3333</dst>
      <dst id="16">35.3156</dst>
      <dst id="20">1.0044</dst>
      <dst id="11">28.6844</dst>
      <dst id="9">164.6222</dst>
      <dst id="17">10607.4311</dst>
      <dst id="21">77.2089</dst>
      <dst id="15">0.6667</dst>
    </src>
    <src id="20">
      <dst id="12">3200.0978</dst>
      <dst id="13">11738.6222</dst>
      <dst id="19">174.6933</dst>
      <dst id="23">164.4267</dst>
      <dst id="8">164.3556</dst>
      <dst id="18">222.4178</dst>
      <dst id="4">8869.0044</dst>
      <dst id="1">135.8044</dst>
      <dst id="5">1858.3467</dst>
      <dst id="3">152.7467</dst>
      <dst id="7">319.3956</dst>
      <dst id="2">6979.4044</dst>
      <dst id="6">79.9289</dst>
      <dst id="11">445.0311</dst>
      <dst id="9">5400.4444</dst>
      <dst id="17">1351.4133</dst>
      <dst id="21">136.7911</dst>
    </src>
    <src id="11">
      <dst id="12">401810.1867</dst>
      <dst id="13">3077.1644</dst>
      <dst id="19">31.9022</dst>
      <dst id="23">12.3200</dst>
      <dst id="8">199.2533</dst>
      <dst id="18">90.9422</dst>
      <dst id="4">12458.4711</dst>
      <dst id="1">623.9200</dst>
      <dst id="5">1641.9467</dst>
      <dst id="3">199.2444</dst>
      <dst id="22">2549.5911</dst>
      <dst id="7">650.0978</dst>
      <dst id="2">162893.3333</dst>
      <dst id="6">75.0933</dst>
      <dst id="16">544.4089</dst>
      <dst id="14">45.2178</dst>
      <dst id="20">408.6044</dst>
      <dst id="11">1694.1511</dst>
      <dst id="9">825.0667</dst>
      <dst id="17">170580.7200</dst>
      <dst id="21">205.0933</dst>
      <dst id="15">308.6222</dst>
    </src>
    <src id="9">
      <dst id="12">468307.8667</dst>
      <dst id="13">10534.9867</dst>
      <dst id="19">952.6222</dst>
      <dst id="23">47.1289</dst>
      <dst id="8">143.8756</dst>
      <dst id="18">60.8978</dst>
      <dst id="4">10644.5511</dst>
      <dst id="1">2248.8622</dst>
      <dst id="5">1063.1644</dst>
      <dst id="3">18.8711</dst>
      <dst id="22">10715.6000</dst>
      <dst id="7">314.9244</dst>
      <dst id="2">180367.7689</dst>
      <dst id="6">2.5333</dst>
      <dst id="16">1927.9200</dst>
      <dst id="14">6.0444</dst>
      <dst id="20">2899.7956</dst>
      <dst id="11">683.5022</dst>
      <dst id="9">866.5600</dst>
      <dst id="17">190166.7644</dst>
      <dst id="21">348.1422</dst>
      <dst id="15">1562.0622</dst>
    </src>
    <src id="17">
      <dst id="12">9504.7378</dst>
      <dst id="13">6649.4489</dst>
      <dst id="19">200.2844</dst>
      <dst id="23">164.7467</dst>
      <dst id="8">134648.5600</dst>
      <dst id="18">695.3333</dst>
      <dst id="4">33483.8578</dst>
      <dst id="1">3649.8578</dst>
      <dst id="5">220735.9556</dst>
      <dst id="3">6265.2533</dst>
      <dst id="22">3422.7022</dst>
      <dst id="7">1864.7467</dst>
      <dst id="2">15512.5600</dst>
      <dst id="6">747.0933</dst>
      <dst id="16">5847.4222</dst>
      <dst id="14">33119.0400</dst>
      <dst id="20">1617.8844</dst>
      <dst id="11">115561.8311</dst>
      <dst id="9">182418.5333</dst>
      <dst id="17">2356.8000</dst>
      <dst id="21">10339.6533</dst>
      <dst id="15">1291.0933</dst>
    </src>
    <src id="21">
      <dst id="12">14203.0400</dst>
      <dst id="13">1489.1644</dst>
      <dst id="19">540.7822</dst>
      <dst id="23">6.0978</dst>
      <dst id="8">62.1156</dst>
      <dst id="18">564.9600</dst>
      <dst id="4">10790.8889</dst>
      <dst id="1">1776.2933</dst>
      <dst id="5">648.4000</dst>
      <dst id="3">746.5511</dst>
      <dst id="22">1902.8267</dst>
      <dst id="7">1212.5867</dst>
      <dst id="2">6335.6978</dst>
      <dst id="16">201.8133</dst>
      <dst id="14">193.9378</dst>
      <dst id="20">196.4089</dst>
      <dst id="11">606.0889</dst>
      <dst id="9">248.8444</dst>
      <dst id="17">4764.6844</dst>
      <dst id="21">484.9422</dst>
      <dst id="15">889.4756</dst>
    </src>
    <src id="15">
      <dst id="12">4842.1333</dst>
      <dst id="13">363.3778</dst>
      <dst id="19">31.3067</dst>
      <dst id="23">0.7822</dst>
      <dst id="8">123.0844</dst>
      <dst id="18">16.2133</dst>
      <dst id="4">4721.2178</dst>
      <dst id="1">523.9822</dst>
      <dst id="5">139.0133</dst>
      <dst id="3">40.4089</dst>
      <dst id="7">4.1600</dst>
      <dst id="2">91.4756</dst>
      <dst id="14">1.7333</dst>
      <dst id="11">201.0311</dst>
      <dst id="9">10255.4489</dst>
      <dst id="17">190.5156</dst>
      <dst id="21">130.1244</dst>
    </src>
  </IntraTM>
</TrafficMatrixFile>
