<?xml version="1.0" encoding="UTF-8" standalone="yes"?>
<TrafficMatrixFile xmlns:xsi="http://www.w3.org/2001/XMLSchema-instance" xsi:noNamespaceSchemaLocation="http://totem.run.montefiore.ulg.ac.be/Schema/TrafficMatrix-v1_2.xsd">
  <info>
    <title>Intradomain traffic matrix generated by geant-TM-all.pl</title>
    <date>2005-01-03T04:45:00</date>
    <duration>900</duration>
    <author>Steve Uhlig</author>
    <units>
        <unit type="bandwidth" value="kbps"/>
    </units>
  </info>
  <IntraTM ASID="20965">
    <src id="12">
      <dst id="12">260072.8711</dst>
      <dst id="13">27200.6933</dst>
      <dst id="19">6594.7733</dst>
      <dst id="23">6936.3822</dst>
      <dst id="8">1450.1511</dst>
      <dst id="18">726.4978</dst>
      <dst id="4">110200.8267</dst>
      <dst id="1">8235.9644</dst>
      <dst id="5">4381.1022</dst>
      <dst id="3">2529.6444</dst>
      <dst id="22">35220.2578</dst>
      <dst id="7">3696.6844</dst>
      <dst id="2">94103.9644</dst>
      <dst id="6">150.7644</dst>
      <dst id="16">4574.6667</dst>
      <dst id="14">223.3956</dst>
      <dst id="20">4346.9156</dst>
      <dst id="11">6064.7467</dst>
      <dst id="9">6162.3022</dst>
      <dst id="17">78035.0044</dst>
      <dst id="21">9501.9378</dst>
      <dst id="15">405.7778</dst>
    </src>
    <src id="13">
      <dst id="12">62771.0222</dst>
      <dst id="19">30947.3689</dst>
      <dst id="23">227.6356</dst>
      <dst id="8">12510.9156</dst>
      <dst id="18">9363.0311</dst>
      <dst id="1">4420.5156</dst>
      <dst id="5">12859.5644</dst>
      <dst id="3">7907.8222</dst>
      <dst id="22">22818.2844</dst>
      <dst id="7">12736.5956</dst>
      <dst id="2">104557.1022</dst>
      <dst id="6">25.4311</dst>
      <dst id="16">6543.7333</dst>
      <dst id="14">2517.2000</dst>
      <dst id="20">40123.0578</dst>
      <dst id="11">12425.8400</dst>
      <dst id="9">15031.9822</dst>
      <dst id="17">77475.6444</dst>
      <dst id="21">22215.8311</dst>
      <dst id="15">8956.6844</dst>
    </src>
    <src id="19">
      <dst id="12">14093.3956</dst>
      <dst id="13">1294.1956</dst>
      <dst id="23">3.1467</dst>
      <dst id="8">93.4578</dst>
      <dst id="18">1996.0800</dst>
      <dst id="4">21693.2711</dst>
      <dst id="1">606.1778</dst>
      <dst id="5">117.0133</dst>
      <dst id="3">0.4622</dst>
      <dst id="22">69.4133</dst>
      <dst id="7">3385.1022</dst>
      <dst id="2">946.2578</dst>
      <dst id="6">37.3689</dst>
      <dst id="16">4948.5689</dst>
      <dst id="14">5.3956</dst>
      <dst id="20">6.9600</dst>
      <dst id="11">5.9111</dst>
      <dst id="9">39.1289</dst>
      <dst id="17">466.0178</dst>
      <dst id="21">387.7956</dst>
      <dst id="15">24.8444</dst>
    </src>
    <src id="23">
      <dst id="12">1394.2133</dst>
      <dst id="13">99.1733</dst>
      <dst id="19">27.1289</dst>
      <dst id="8">17.5644</dst>
      <dst id="18">66.4178</dst>
      <dst id="4">1472.4889</dst>
      <dst id="1">109.0578</dst>
      <dst id="5">173.8667</dst>
      <dst id="3">219.0933</dst>
      <dst id="22">206.1333</dst>
      <dst id="7">291.7422</dst>
      <dst id="2">41.2889</dst>
      <dst id="16">19.8133</dst>
      <dst id="14">0.3556</dst>
      <dst id="20">43.6533</dst>
      <dst id="11">285.3333</dst>
      <dst id="9">165.1822</dst>
      <dst id="17">348.5956</dst>
      <dst id="21">374.5244</dst>
    </src>
    <src id="8">
      <dst id="12">352624.8356</dst>
      <dst id="13">484.0533</dst>
      <dst id="19">1.4222</dst>
      <dst id="23">13.7600</dst>
      <dst id="18">102.7022</dst>
      <dst id="4">13611.4756</dst>
      <dst id="1">510.9156</dst>
      <dst id="5">1367.0222</dst>
      <dst id="3">38.3289</dst>
      <dst id="22">1816.7467</dst>
      <dst id="7">61.4311</dst>
      <dst id="2">153112.6844</dst>
      <dst id="6">10.1333</dst>
      <dst id="16">476.2311</dst>
      <dst id="20">54.0533</dst>
      <dst id="11">588.4000</dst>
      <dst id="9">1469.5022</dst>
      <dst id="17">140699.8400</dst>
      <dst id="21">383.7867</dst>
      <dst id="15">48.6044</dst>
    </src>
    <src id="18">
      <dst id="12">121806.4178</dst>
      <dst id="13">229.5022</dst>
      <dst id="19">512.2578</dst>
      <dst id="23">8.0267</dst>
      <dst id="8">147.3422</dst>
      <dst id="4">3382.9067</dst>
      <dst id="1">776.4000</dst>
      <dst id="5">592.4444</dst>
      <dst id="3">155.0578</dst>
      <dst id="22">196.3822</dst>
      <dst id="7">200.9067</dst>
      <dst id="2">42742.2400</dst>
      <dst id="16">6.0000</dst>
      <dst id="14">51.7689</dst>
      <dst id="20">1.4222</dst>
      <dst id="11">446.7111</dst>
      <dst id="9">306.2578</dst>
      <dst id="17">41383.0578</dst>
      <dst id="21">975.9022</dst>
      <dst id="15">29.0844</dst>
    </src>
    <src id="4">
      <dst id="12">41385.3689</dst>
      <dst id="19">6998.0267</dst>
      <dst id="23">1.3867</dst>
      <dst id="8">2536.5956</dst>
      <dst id="18">2005.4489</dst>
      <dst id="4">2.4711</dst>
      <dst id="1">38169.4222</dst>
      <dst id="5">2507.0933</dst>
      <dst id="3">2255.7422</dst>
      <dst id="22">4308.9067</dst>
      <dst id="7">130618.5778</dst>
      <dst id="2">102251.6356</dst>
      <dst id="6">6.1067</dst>
      <dst id="16">1714.7200</dst>
      <dst id="14">1154.7556</dst>
      <dst id="20">1560.7022</dst>
      <dst id="11">5261.8044</dst>
      <dst id="9">9261.2622</dst>
      <dst id="17">93787.4489</dst>
      <dst id="21">12467.9644</dst>
      <dst id="15">308.5778</dst>
    </src>
    <src id="1">
      <dst id="12">19874.8889</dst>
      <dst id="13">393.8756</dst>
      <dst id="19">100.7200</dst>
      <dst id="23">47.9111</dst>
      <dst id="8">156150.1156</dst>
      <dst id="18">13774.9778</dst>
      <dst id="4">21143.1822</dst>
      <dst id="1">100604.6489</dst>
      <dst id="5">212595.4578</dst>
      <dst id="3">285.5822</dst>
      <dst id="22">6094.8978</dst>
      <dst id="7">1287.5644</dst>
      <dst id="2">35266.9333</dst>
      <dst id="6">9714.8444</dst>
      <dst id="16">8546.6933</dst>
      <dst id="14">181.2978</dst>
      <dst id="20">114.2489</dst>
      <dst id="11">855.2978</dst>
      <dst id="9">218884.9067</dst>
      <dst id="17">6650.0533</dst>
      <dst id="21">6031.2711</dst>
      <dst id="15">108.2133</dst>
    </src>
    <src id="5">
      <dst id="12">297181.7422</dst>
      <dst id="13">21383.9822</dst>
      <dst id="19">1961.9378</dst>
      <dst id="23">134.8711</dst>
      <dst id="8">719.0133</dst>
      <dst id="18">826.8889</dst>
      <dst id="4">8044.2133</dst>
      <dst id="1">467.8933</dst>
      <dst id="3">0.7111</dst>
      <dst id="22">5658.5600</dst>
      <dst id="7">209.2711</dst>
      <dst id="2">148755.1911</dst>
      <dst id="6">9.8133</dst>
      <dst id="16">2069.0844</dst>
      <dst id="14">45.7156</dst>
      <dst id="20">927.4489</dst>
      <dst id="11">2883.8400</dst>
      <dst id="9">1378.3200</dst>
      <dst id="17">115711.3956</dst>
      <dst id="21">679.7333</dst>
      <dst id="15">827.7333</dst>
    </src>
    <src id="3">
      <dst id="12">11503.2000</dst>
      <dst id="13">586.7822</dst>
      <dst id="19">750.4000</dst>
      <dst id="23">6509.1556</dst>
      <dst id="8">131.4133</dst>
      <dst id="18">109457.6178</dst>
      <dst id="4">29072.8533</dst>
      <dst id="1">39509.7956</dst>
      <dst id="5">793.9378</dst>
      <dst id="3">22053.4756</dst>
      <dst id="22">2185.0933</dst>
      <dst id="7">554.4178</dst>
      <dst id="2">6280.0178</dst>
      <dst id="6">25.7156</dst>
      <dst id="16">1714.4089</dst>
      <dst id="14">28251.9289</dst>
      <dst id="20">131.7067</dst>
      <dst id="11">142317.1556</dst>
      <dst id="9">320.7822</dst>
      <dst id="17">11642.1689</dst>
      <dst id="21">6405.0400</dst>
      <dst id="15">46.8800</dst>
    </src>
    <src id="10">
      <dst id="12">16061.9644</dst>
      <dst id="19">1081.2622</dst>
      <dst id="8">411.0844</dst>
      <dst id="18">5256.5867</dst>
      <dst id="1">877.6978</dst>
      <dst id="5">1166.9067</dst>
      <dst id="3">8573.9022</dst>
      <dst id="22">4728.0622</dst>
      <dst id="7">12387.4489</dst>
      <dst id="2">20533.6978</dst>
      <dst id="6">1.0667</dst>
      <dst id="16">2427.1111</dst>
      <dst id="14">545.7600</dst>
      <dst id="20">3201.9822</dst>
      <dst id="11">4224.2578</dst>
      <dst id="9">2265.2711</dst>
      <dst id="17">21279.7778</dst>
      <dst id="21">12387.6356</dst>
      <dst id="15">731.1911</dst>
    </src>
    <src id="22">
      <dst id="12">10705.6800</dst>
      <dst id="13">19778.4444</dst>
      <dst id="19">939.0489</dst>
      <dst id="23">12.7200</dst>
      <dst id="8">957.8489</dst>
      <dst id="18">1467.9378</dst>
      <dst id="4">24795.3600</dst>
      <dst id="1">221.2800</dst>
      <dst id="5">3930.7022</dst>
      <dst id="3">691.6889</dst>
      <dst id="7">755.1022</dst>
      <dst id="2">1758.3556</dst>
      <dst id="6">16.2044</dst>
      <dst id="16">4.6756</dst>
      <dst id="14">28.0178</dst>
      <dst id="11">3175.1111</dst>
      <dst id="9">6198.0533</dst>
      <dst id="17">5484.1689</dst>
      <dst id="21">1639.0667</dst>
    </src>
    <src id="7">
      <dst id="12">9899.5644</dst>
      <dst id="13">147.8667</dst>
      <dst id="19">1491.2978</dst>
      <dst id="23">149.6000</dst>
      <dst id="8">621.3600</dst>
      <dst id="18">2413.0133</dst>
      <dst id="4">44336.7200</dst>
      <dst id="1">2941.7778</dst>
      <dst id="5">1531.0044</dst>
      <dst id="3">1343.3689</dst>
      <dst id="22">6464.9422</dst>
      <dst id="7">839.7156</dst>
      <dst id="2">12481.0044</dst>
      <dst id="6">13.7600</dst>
      <dst id="16">1215.9022</dst>
      <dst id="14">130.3644</dst>
      <dst id="20">868.4889</dst>
      <dst id="11">1791.0044</dst>
      <dst id="9">1046.4889</dst>
      <dst id="17">14499.2533</dst>
      <dst id="21">7644.4533</dst>
      <dst id="15">987.9289</dst>
    </src>
    <src id="2">
      <dst id="12">104355.4044</dst>
      <dst id="13">517764.0356</dst>
      <dst id="19">523.7422</dst>
      <dst id="23">31.1200</dst>
      <dst id="8">1203.6089</dst>
      <dst id="18">92291.1200</dst>
      <dst id="4">134069.3689</dst>
      <dst id="1">7619.8933</dst>
      <dst id="5">2035.4489</dst>
      <dst id="3">28.0000</dst>
      <dst id="22">1739.5200</dst>
      <dst id="7">16643.1467</dst>
      <dst id="2">524.8978</dst>
      <dst id="6">8503.9822</dst>
      <dst id="16">3949.4489</dst>
      <dst id="14">200.1867</dst>
      <dst id="20">4952.0267</dst>
      <dst id="11">4778.1422</dst>
      <dst id="9">1057.6711</dst>
      <dst id="17">28261.6089</dst>
      <dst id="21">5214.3556</dst>
      <dst id="15">198.0711</dst>
    </src>
    <src id="6">
      <dst id="12">11357.3956</dst>
      <dst id="13">52.0889</dst>
      <dst id="19">5.1467</dst>
      <dst id="8">23.2889</dst>
      <dst id="4">28.4089</dst>
      <dst id="1">7.3600</dst>
      <dst id="5">12.8000</dst>
      <dst id="22">24.0000</dst>
      <dst id="7">3.8133</dst>
      <dst id="2">2660.4178</dst>
      <dst id="16">0.8533</dst>
      <dst id="9">11.9733</dst>
      <dst id="17">1481.9556</dst>
      <dst id="21">25.3689</dst>
    </src>
    <src id="16">
      <dst id="12">3173.2444</dst>
      <dst id="13">1074.1067</dst>
      <dst id="19">3877.3067</dst>
      <dst id="23">155.5822</dst>
      <dst id="8">4513.8667</dst>
      <dst id="18">2.0267</dst>
      <dst id="4">10214.7378</dst>
      <dst id="1">17542.4178</dst>
      <dst id="5">3915.4489</dst>
      <dst id="3">13.9822</dst>
      <dst id="7">5201.9467</dst>
      <dst id="2">950.5511</dst>
      <dst id="6">24.1422</dst>
      <dst id="16">78.0444</dst>
      <dst id="14">416.9689</dst>
      <dst id="11">1598.2578</dst>
      <dst id="9">5776.4356</dst>
      <dst id="17">2218.9689</dst>
      <dst id="21">737.4400</dst>
    </src>
    <src id="14">
      <dst id="12">15071.9733</dst>
      <dst id="13">66.0000</dst>
      <dst id="19">21.8044</dst>
      <dst id="23">91.2000</dst>
      <dst id="18">2.3911</dst>
      <dst id="4">2892.2400</dst>
      <dst id="1">56.5511</dst>
      <dst id="5">4.1867</dst>
      <dst id="3">41.4222</dst>
      <dst id="22">24.7467</dst>
      <dst id="7">83.4578</dst>
      <dst id="2">6630.1689</dst>
      <dst id="16">7.9378</dst>
      <dst id="20">102.8267</dst>
      <dst id="11">123.1378</dst>
      <dst id="9">127.3956</dst>
      <dst id="17">8010.2044</dst>
      <dst id="21">138.2133</dst>
    </src>
    <src id="20">
      <dst id="12">3559.5556</dst>
      <dst id="13">10638.4622</dst>
      <dst id="19">67.9200</dst>
      <dst id="23">2.4356</dst>
      <dst id="8">88.6489</dst>
      <dst id="18">14.0089</dst>
      <dst id="4">17846.4178</dst>
      <dst id="1">17.2000</dst>
      <dst id="5">1431.3333</dst>
      <dst id="3">714.4178</dst>
      <dst id="22">1.9111</dst>
      <dst id="7">132.4800</dst>
      <dst id="2">4924.4089</dst>
      <dst id="14">26.8800</dst>
      <dst id="11">251.6711</dst>
      <dst id="9">16715.2889</dst>
      <dst id="17">2030.8533</dst>
      <dst id="21">393.0044</dst>
    </src>
    <src id="11">
      <dst id="12">398313.3156</dst>
      <dst id="13">3307.5378</dst>
      <dst id="19">43.0667</dst>
      <dst id="23">21.3511</dst>
      <dst id="8">4031.4133</dst>
      <dst id="18">252.7378</dst>
      <dst id="4">21550.0178</dst>
      <dst id="1">630.2578</dst>
      <dst id="5">1248.3467</dst>
      <dst id="3">880.4800</dst>
      <dst id="22">3716.3822</dst>
      <dst id="7">478.1067</dst>
      <dst id="2">167424.3911</dst>
      <dst id="6">4.0533</dst>
      <dst id="16">483.2356</dst>
      <dst id="14">220.1244</dst>
      <dst id="20">200.0800</dst>
      <dst id="11">857.1111</dst>
      <dst id="9">1222.3289</dst>
      <dst id="17">146542.1067</dst>
      <dst id="21">490.8089</dst>
      <dst id="15">2491.9289</dst>
    </src>
    <src id="9">
      <dst id="12">410196.1067</dst>
      <dst id="13">8459.3867</dst>
      <dst id="19">1241.5733</dst>
      <dst id="23">18.3378</dst>
      <dst id="8">1421.4667</dst>
      <dst id="18">353.6622</dst>
      <dst id="4">12810.0178</dst>
      <dst id="1">887.9644</dst>
      <dst id="5">1549.8044</dst>
      <dst id="3">0.4622</dst>
      <dst id="22">4492.3022</dst>
      <dst id="7">1121.5022</dst>
      <dst id="2">149622.5156</dst>
      <dst id="6">0.3556</dst>
      <dst id="16">1593.8933</dst>
      <dst id="14">68.5956</dst>
      <dst id="20">1484.2222</dst>
      <dst id="11">699.1911</dst>
      <dst id="9">3339.2089</dst>
      <dst id="17">157677.0933</dst>
      <dst id="21">1057.4311</dst>
      <dst id="15">1293.4667</dst>
    </src>
    <src id="17">
      <dst id="12">12768.5067</dst>
      <dst id="13">2539.6444</dst>
      <dst id="19">397.7156</dst>
      <dst id="23">343.9111</dst>
      <dst id="8">170308.3289</dst>
      <dst id="18">3976.2756</dst>
      <dst id="4">169148.8800</dst>
      <dst id="1">1807.7689</dst>
      <dst id="5">251998.3822</dst>
      <dst id="3">6659.7778</dst>
      <dst id="22">13189.9289</dst>
      <dst id="7">2196.0444</dst>
      <dst id="2">35807.1733</dst>
      <dst id="6">74.5600</dst>
      <dst id="16">6255.1200</dst>
      <dst id="14">23571.9467</dst>
      <dst id="20">1625.5644</dst>
      <dst id="11">140656.6311</dst>
      <dst id="9">171565.7689</dst>
      <dst id="17">2138.9867</dst>
      <dst id="21">14351.6711</dst>
      <dst id="15">976.4889</dst>
    </src>
    <src id="21">
      <dst id="12">19442.8978</dst>
      <dst id="13">438.6222</dst>
      <dst id="19">170.7733</dst>
      <dst id="23">5818.5511</dst>
      <dst id="8">80.1600</dst>
      <dst id="18">3832.5422</dst>
      <dst id="4">33901.6978</dst>
      <dst id="1">2236.8178</dst>
      <dst id="5">360.3378</dst>
      <dst id="3">970.5067</dst>
      <dst id="22">3176.1600</dst>
      <dst id="7">3695.2711</dst>
      <dst id="2">9288.3733</dst>
      <dst id="6">1.6889</dst>
      <dst id="16">521.5556</dst>
      <dst id="14">84.1600</dst>
      <dst id="20">216.9778</dst>
      <dst id="11">932.8444</dst>
      <dst id="9">943.4756</dst>
      <dst id="17">4088.8711</dst>
      <dst id="21">3174.5156</dst>
      <dst id="15">16.9511</dst>
    </src>
    <src id="15">
      <dst id="12">132.3111</dst>
      <dst id="13">2393.4489</dst>
      <dst id="19">871.3956</dst>
      <dst id="8">2.9600</dst>
      <dst id="18">25.1911</dst>
      <dst id="4">7212.4356</dst>
      <dst id="1">439.1111</dst>
      <dst id="5">409.2000</dst>
      <dst id="3">8.2933</dst>
      <dst id="7">11.6267</dst>
      <dst id="2">262.0444</dst>
      <dst id="11">199.0044</dst>
      <dst id="9">939.7511</dst>
      <dst id="17">305.2178</dst>
      <dst id="21">42.4622</dst>
    </src>
  </IntraTM>
</TrafficMatrixFile>
