<?xml version="1.0" encoding="UTF-8" standalone="yes"?>
<TrafficMatrixFile xmlns:xsi="http://www.w3.org/2001/XMLSchema-instance" xsi:noNamespaceSchemaLocation="http://totem.run.montefiore.ulg.ac.be/Schema/TrafficMatrix-v1_2.xsd">
  <info>
    <title>Intradomain traffic matrix generated by geant-TM-all.pl</title>
    <date>2005-01-06T01:45:00</date>
    <duration>900</duration>
    <author>Steve Uhlig</author>
    <units>
        <unit type="bandwidth" value="kbps"/>
    </units>
  </info>
  <IntraTM ASID="20965">
    <src id="12">
      <dst id="12">317453.6622</dst>
      <dst id="13">29988.6489</dst>
      <dst id="19">12020.6933</dst>
      <dst id="23">168.4267</dst>
      <dst id="8">4179.1467</dst>
      <dst id="18">7776.3644</dst>
      <dst id="4">98845.9556</dst>
      <dst id="1">13570.3022</dst>
      <dst id="5">12203.9289</dst>
      <dst id="3">13908.7467</dst>
      <dst id="22">24649.6444</dst>
      <dst id="7">5331.3956</dst>
      <dst id="2">114128.9778</dst>
      <dst id="6">281.2622</dst>
      <dst id="16">9346.2400</dst>
      <dst id="14">227.8844</dst>
      <dst id="20">9029.7244</dst>
      <dst id="11">8486.0089</dst>
      <dst id="9">7733.2444</dst>
      <dst id="17">148054.7556</dst>
      <dst id="21">25894.9867</dst>
      <dst id="15">6100.8711</dst>
    </src>
    <src id="13">
      <dst id="12">113325.8222</dst>
      <dst id="19">18210.4622</dst>
      <dst id="23">328.9244</dst>
      <dst id="8">6454.9244</dst>
      <dst id="18">10987.9378</dst>
      <dst id="4">0.7111</dst>
      <dst id="1">16281.7244</dst>
      <dst id="5">12085.5822</dst>
      <dst id="3">30294.5067</dst>
      <dst id="22">28493.7244</dst>
      <dst id="7">46439.6356</dst>
      <dst id="2">147695.8400</dst>
      <dst id="6">301.6444</dst>
      <dst id="16">12789.6800</dst>
      <dst id="14">5117.6889</dst>
      <dst id="20">21330.1244</dst>
      <dst id="11">24969.7244</dst>
      <dst id="9">14384.8000</dst>
      <dst id="17">103607.0222</dst>
      <dst id="21">49962.8800</dst>
      <dst id="15">6667.9200</dst>
    </src>
    <src id="19">
      <dst id="12">23311.0756</dst>
      <dst id="13">7026.3911</dst>
      <dst id="23">224.4444</dst>
      <dst id="8">444.0178</dst>
      <dst id="18">2581.5378</dst>
      <dst id="4">20149.1556</dst>
      <dst id="1">4630.6933</dst>
      <dst id="5">268.2044</dst>
      <dst id="3">47.4667</dst>
      <dst id="22">1692.8356</dst>
      <dst id="7">6612.6133</dst>
      <dst id="2">2014.6578</dst>
      <dst id="6">444.4622</dst>
      <dst id="16">6065.9822</dst>
      <dst id="14">65.3511</dst>
      <dst id="20">7315.0844</dst>
      <dst id="11">294.2933</dst>
      <dst id="9">1671.1822</dst>
      <dst id="17">20017.2533</dst>
      <dst id="21">1830.1422</dst>
      <dst id="15">2.4089</dst>
    </src>
    <src id="23">
      <dst id="12">715.7600</dst>
      <dst id="13">259.4311</dst>
      <dst id="19">4.3733</dst>
      <dst id="18">137.3156</dst>
      <dst id="4">176.7467</dst>
      <dst id="1">146.0533</dst>
      <dst id="5">153.2800</dst>
      <dst id="3">431.6178</dst>
      <dst id="22">1245.5467</dst>
      <dst id="7">576.1600</dst>
      <dst id="2">61.4222</dst>
      <dst id="6">1.3867</dst>
      <dst id="16">588.7733</dst>
      <dst id="14">13.0844</dst>
      <dst id="20">209.1733</dst>
      <dst id="11">345.8222</dst>
      <dst id="9">1448.5600</dst>
      <dst id="17">1650.9156</dst>
      <dst id="21">742.6756</dst>
      <dst id="15">13.3333</dst>
    </src>
    <src id="8">
      <dst id="12">351829.0311</dst>
      <dst id="13">1170.3111</dst>
      <dst id="19">477.2711</dst>
      <dst id="18">657.0400</dst>
      <dst id="4">7410.2044</dst>
      <dst id="1">2357.8933</dst>
      <dst id="5">2036.3022</dst>
      <dst id="3">0.7111</dst>
      <dst id="22">2043.7422</dst>
      <dst id="7">64.8533</dst>
      <dst id="2">137596.5422</dst>
      <dst id="6">0.8356</dst>
      <dst id="16">1333.4578</dst>
      <dst id="14">25.2622</dst>
      <dst id="20">1233.2089</dst>
      <dst id="11">1126.4800</dst>
      <dst id="9">330.8800</dst>
      <dst id="17">148988.5689</dst>
      <dst id="21">771.6711</dst>
      <dst id="15">603.7600</dst>
    </src>
    <src id="18">
      <dst id="12">143407.2267</dst>
      <dst id="13">707.9822</dst>
      <dst id="19">82.7733</dst>
      <dst id="23">16.8089</dst>
      <dst id="8">1343.0400</dst>
      <dst id="4">2570.0178</dst>
      <dst id="1">4508.0444</dst>
      <dst id="5">268.8711</dst>
      <dst id="3">212.6489</dst>
      <dst id="22">409.0844</dst>
      <dst id="7">253.7511</dst>
      <dst id="2">50856.2578</dst>
      <dst id="16">492.9422</dst>
      <dst id="14">14.0444</dst>
      <dst id="20">156.0356</dst>
      <dst id="11">880.0889</dst>
      <dst id="9">107.8400</dst>
      <dst id="17">58465.9556</dst>
      <dst id="21">1468.7556</dst>
      <dst id="15">8.2667</dst>
    </src>
    <src id="4">
      <dst id="12">28841.1111</dst>
      <dst id="19">7902.0178</dst>
      <dst id="23">4.0711</dst>
      <dst id="8">5410.0267</dst>
      <dst id="18">5105.9111</dst>
      <dst id="4">34.2400</dst>
      <dst id="1">78902.8533</dst>
      <dst id="5">4382.8978</dst>
      <dst id="3">3301.3511</dst>
      <dst id="22">11340.4889</dst>
      <dst id="7">37979.4222</dst>
      <dst id="2">100597.2267</dst>
      <dst id="6">55.9022</dst>
      <dst id="16">4710.7733</dst>
      <dst id="14">2269.7067</dst>
      <dst id="20">8437.4578</dst>
      <dst id="11">6428.8267</dst>
      <dst id="9">6214.4889</dst>
      <dst id="17">38806.4533</dst>
      <dst id="21">12514.0978</dst>
      <dst id="15">1546.1956</dst>
    </src>
    <src id="1">
      <dst id="12">30235.4044</dst>
      <dst id="13">7494.5867</dst>
      <dst id="19">527.7067</dst>
      <dst id="23">125.3956</dst>
      <dst id="8">203436.9333</dst>
      <dst id="18">16993.0578</dst>
      <dst id="4">29697.2978</dst>
      <dst id="1">31444.4978</dst>
      <dst id="5">309003.4933</dst>
      <dst id="3">480.7644</dst>
      <dst id="22">5814.8267</dst>
      <dst id="7">57361.7333</dst>
      <dst id="2">37572.9511</dst>
      <dst id="6">13925.8667</dst>
      <dst id="16">14766.5333</dst>
      <dst id="14">720.6222</dst>
      <dst id="20">16967.1022</dst>
      <dst id="11">3274.3733</dst>
      <dst id="9">342224.5244</dst>
      <dst id="17">28917.7600</dst>
      <dst id="21">17450.7644</dst>
      <dst id="15">1186.8533</dst>
    </src>
    <src id="5">
      <dst id="12">387267.0844</dst>
      <dst id="13">4503.2356</dst>
      <dst id="19">238.3644</dst>
      <dst id="23">20.0178</dst>
      <dst id="8">23587.4133</dst>
      <dst id="18">299.1378</dst>
      <dst id="4">8906.3289</dst>
      <dst id="1">941.7689</dst>
      <dst id="3">62.4711</dst>
      <dst id="22">7355.3689</dst>
      <dst id="7">489.3511</dst>
      <dst id="2">177666.0533</dst>
      <dst id="6">24.1422</dst>
      <dst id="16">2011.0933</dst>
      <dst id="14">24.7022</dst>
      <dst id="20">6266.5689</dst>
      <dst id="11">3932.7556</dst>
      <dst id="9">11838.5511</dst>
      <dst id="17">157705.8844</dst>
      <dst id="21">752.5867</dst>
      <dst id="15">397.1111</dst>
    </src>
    <src id="3">
      <dst id="12">18778.7556</dst>
      <dst id="13">11230.4267</dst>
      <dst id="19">1503.8489</dst>
      <dst id="23">5893.9022</dst>
      <dst id="8">991.1644</dst>
      <dst id="18">219359.7067</dst>
      <dst id="4">46382.5867</dst>
      <dst id="1">8396.0889</dst>
      <dst id="5">584.6756</dst>
      <dst id="3">20643.9200</dst>
      <dst id="22">2803.6622</dst>
      <dst id="7">33613.2800</dst>
      <dst id="2">23907.0044</dst>
      <dst id="6">21.6267</dst>
      <dst id="16">1662.5867</dst>
      <dst id="14">62983.7511</dst>
      <dst id="20">2413.2356</dst>
      <dst id="11">305624.9333</dst>
      <dst id="9">2845.4222</dst>
      <dst id="17">16312.0267</dst>
      <dst id="21">18952.8711</dst>
      <dst id="15">1017.5911</dst>
    </src>
    <src id="10">
      <dst id="12">16899.0756</dst>
      <dst id="19">5586.4444</dst>
      <dst id="23">0.4267</dst>
      <dst id="8">2554.3378</dst>
      <dst id="18">14110.7733</dst>
      <dst id="1">4347.1556</dst>
      <dst id="5">1635.1111</dst>
      <dst id="3">12967.9822</dst>
      <dst id="22">5018.9244</dst>
      <dst id="7">18505.6356</dst>
      <dst id="2">59956.7733</dst>
      <dst id="6">58.6311</dst>
      <dst id="16">6204.3733</dst>
      <dst id="14">2614.0622</dst>
      <dst id="20">1993.3956</dst>
      <dst id="11">5177.6622</dst>
      <dst id="9">4679.6178</dst>
      <dst id="17">32877.2889</dst>
      <dst id="21">24806.1867</dst>
      <dst id="15">297.1556</dst>
    </src>
    <src id="22">
      <dst id="12">9219.2711</dst>
      <dst id="13">7044.1067</dst>
      <dst id="19">297.3156</dst>
      <dst id="23">528.9778</dst>
      <dst id="8">1574.9333</dst>
      <dst id="18">2659.3778</dst>
      <dst id="4">22011.3244</dst>
      <dst id="1">3647.0489</dst>
      <dst id="5">4186.0533</dst>
      <dst id="3">3417.3600</dst>
      <dst id="7">2135.3244</dst>
      <dst id="2">6604.6044</dst>
      <dst id="6">3.9022</dst>
      <dst id="16">9.6356</dst>
      <dst id="14">203.5022</dst>
      <dst id="11">5793.4756</dst>
      <dst id="9">4770.8622</dst>
      <dst id="17">7661.4578</dst>
      <dst id="21">3638.3378</dst>
    </src>
    <src id="7">
      <dst id="12">5410.9689</dst>
      <dst id="13">5059.6622</dst>
      <dst id="19">2503.0489</dst>
      <dst id="23">258.0800</dst>
      <dst id="8">722.5511</dst>
      <dst id="18">817.3422</dst>
      <dst id="4">52237.2089</dst>
      <dst id="1">31225.9467</dst>
      <dst id="5">1552.9511</dst>
      <dst id="3">5521.2089</dst>
      <dst id="22">5129.6622</dst>
      <dst id="7">806.4356</dst>
      <dst id="2">51623.3422</dst>
      <dst id="6">90.3644</dst>
      <dst id="16">3944.9333</dst>
      <dst id="14">513.5556</dst>
      <dst id="20">2330.1956</dst>
      <dst id="11">2924.2311</dst>
      <dst id="9">2692.7378</dst>
      <dst id="17">16993.7511</dst>
      <dst id="21">5554.8711</dst>
      <dst id="15">1792.3022</dst>
    </src>
    <src id="2">
      <dst id="12">154990.5689</dst>
      <dst id="13">512911.1822</dst>
      <dst id="19">3467.8933</dst>
      <dst id="23">19.8044</dst>
      <dst id="8">2330.9867</dst>
      <dst id="18">170811.3156</dst>
      <dst id="4">136914.9244</dst>
      <dst id="1">10708.9689</dst>
      <dst id="5">2242.5156</dst>
      <dst id="3">2837.7956</dst>
      <dst id="10">23.6089</dst>
      <dst id="22">3597.3689</dst>
      <dst id="7">7803.4578</dst>
      <dst id="2">891.4667</dst>
      <dst id="6">11166.4178</dst>
      <dst id="16">6624.3556</dst>
      <dst id="14">3535.9556</dst>
      <dst id="20">1967.4400</dst>
      <dst id="11">7494.4000</dst>
      <dst id="9">2997.6178</dst>
      <dst id="17">70291.2800</dst>
      <dst id="21">9168.4444</dst>
      <dst id="15">240.8267</dst>
    </src>
    <src id="6">
      <dst id="12">12181.4578</dst>
      <dst id="13">6.2578</dst>
      <dst id="19">72.5689</dst>
      <dst id="23">22.9333</dst>
      <dst id="18">69.1556</dst>
      <dst id="4">204.7822</dst>
      <dst id="1">18.7733</dst>
      <dst id="5">37.2089</dst>
      <dst id="22">11.8222</dst>
      <dst id="7">161.2444</dst>
      <dst id="2">3174.6844</dst>
      <dst id="16">35.2622</dst>
      <dst id="20">74.6933</dst>
      <dst id="11">51.1556</dst>
      <dst id="9">11.4667</dst>
      <dst id="17">2257.1289</dst>
      <dst id="21">29.2533</dst>
    </src>
    <src id="16">
      <dst id="12">3466.5156</dst>
      <dst id="13">1949.7689</dst>
      <dst id="19">5004.5778</dst>
      <dst id="23">344.7022</dst>
      <dst id="8">13295.4578</dst>
      <dst id="18">302.7556</dst>
      <dst id="4">9062.0533</dst>
      <dst id="1">18620.7822</dst>
      <dst id="5">10235.4578</dst>
      <dst id="3">833.1111</dst>
      <dst id="7">5474.9244</dst>
      <dst id="2">2424.9867</dst>
      <dst id="6">17.4222</dst>
      <dst id="16">60.9244</dst>
      <dst id="14">322.1778</dst>
      <dst id="11">383.1111</dst>
      <dst id="9">13984.3467</dst>
      <dst id="17">6534.6756</dst>
      <dst id="21">1853.5822</dst>
    </src>
    <src id="14">
      <dst id="12">22348.6400</dst>
      <dst id="13">43.0133</dst>
      <dst id="19">72.2311</dst>
      <dst id="23">77.2444</dst>
      <dst id="18">37.7067</dst>
      <dst id="4">2838.9067</dst>
      <dst id="1">103.1289</dst>
      <dst id="5">6.3556</dst>
      <dst id="3">170.2489</dst>
      <dst id="22">54.8533</dst>
      <dst id="7">90.2222</dst>
      <dst id="2">7023.6089</dst>
      <dst id="6">0.4622</dst>
      <dst id="16">65.9822</dst>
      <dst id="20">41.0844</dst>
      <dst id="11">106.9600</dst>
      <dst id="9">3.9467</dst>
      <dst id="17">10498.0178</dst>
      <dst id="21">87.6533</dst>
      <dst id="15">0.4978</dst>
    </src>
    <src id="20">
      <dst id="12">4586.2222</dst>
      <dst id="13">24617.4133</dst>
      <dst id="19">2454.7022</dst>
      <dst id="23">3712.5778</dst>
      <dst id="8">1674.2400</dst>
      <dst id="18">452.5956</dst>
      <dst id="4">15867.0044</dst>
      <dst id="1">2905.5911</dst>
      <dst id="5">3794.8267</dst>
      <dst id="3">1210.2844</dst>
      <dst id="7">1415.8844</dst>
      <dst id="2">15885.3333</dst>
      <dst id="6">4.2667</dst>
      <dst id="14">25.6000</dst>
      <dst id="11">1494.8444</dst>
      <dst id="9">2633.2889</dst>
      <dst id="17">10294.1244</dst>
      <dst id="21">1294.0622</dst>
    </src>
    <src id="11">
      <dst id="12">482084.2311</dst>
      <dst id="13">2990.4533</dst>
      <dst id="19">236.8800</dst>
      <dst id="23">18.8889</dst>
      <dst id="8">5684.8800</dst>
      <dst id="18">989.6622</dst>
      <dst id="4">14690.2933</dst>
      <dst id="1">4051.4044</dst>
      <dst id="5">1594.7644</dst>
      <dst id="3">2883.5822</dst>
      <dst id="22">3111.4756</dst>
      <dst id="7">1588.9956</dst>
      <dst id="2">200172.1867</dst>
      <dst id="6">603.7511</dst>
      <dst id="16">437.7778</dst>
      <dst id="14">153.1644</dst>
      <dst id="20">2488.8089</dst>
      <dst id="11">5665.9644</dst>
      <dst id="9">2734.0356</dst>
      <dst id="17">198190.0178</dst>
      <dst id="21">1039.4044</dst>
      <dst id="15">1422.8978</dst>
    </src>
    <src id="9">
      <dst id="12">534781.6978</dst>
      <dst id="13">7830.3822</dst>
      <dst id="19">191.8578</dst>
      <dst id="23">93.6178</dst>
      <dst id="8">2715.3333</dst>
      <dst id="18">346.6489</dst>
      <dst id="4">13553.0844</dst>
      <dst id="1">2167.9556</dst>
      <dst id="5">6489.3067</dst>
      <dst id="3">481.9556</dst>
      <dst id="22">3628.8356</dst>
      <dst id="7">4457.7422</dst>
      <dst id="2">230143.4133</dst>
      <dst id="6">13.3333</dst>
      <dst id="16">2926.7111</dst>
      <dst id="14">24.7378</dst>
      <dst id="20">9196.4267</dst>
      <dst id="11">1056.9511</dst>
      <dst id="9">1674.3378</dst>
      <dst id="17">225540.0356</dst>
      <dst id="21">1389.7067</dst>
      <dst id="15">845.9822</dst>
    </src>
    <src id="17">
      <dst id="12">11922.4889</dst>
      <dst id="13">20490.9156</dst>
      <dst id="19">869.2622</dst>
      <dst id="23">1624.3289</dst>
      <dst id="8">229691.4133</dst>
      <dst id="18">3518.2400</dst>
      <dst id="4">178622.9067</dst>
      <dst id="1">5615.6444</dst>
      <dst id="5">279370.1244</dst>
      <dst id="3">31123.3333</dst>
      <dst id="22">7335.3956</dst>
      <dst id="7">15896.4978</dst>
      <dst id="2">28621.3244</dst>
      <dst id="6">160.2933</dst>
      <dst id="16">22410.0178</dst>
      <dst id="14">46407.8311</dst>
      <dst id="20">5405.3067</dst>
      <dst id="11">237131.5200</dst>
      <dst id="9">295044.2933</dst>
      <dst id="17">2409.4311</dst>
      <dst id="21">29523.9200</dst>
      <dst id="15">400.7200</dst>
    </src>
    <src id="21">
      <dst id="12">26927.2444</dst>
      <dst id="13">2099.7422</dst>
      <dst id="19">854.9156</dst>
      <dst id="23">81.5644</dst>
      <dst id="8">130.8622</dst>
      <dst id="18">7978.0267</dst>
      <dst id="4">28982.9244</dst>
      <dst id="1">15145.6000</dst>
      <dst id="5">905.8044</dst>
      <dst id="3">28914.1156</dst>
      <dst id="22">2593.0222</dst>
      <dst id="7">6411.0133</dst>
      <dst id="2">25966.4267</dst>
      <dst id="6">17.2000</dst>
      <dst id="16">1176.3289</dst>
      <dst id="14">68.6578</dst>
      <dst id="20">882.0622</dst>
      <dst id="11">748.9156</dst>
      <dst id="9">2197.5200</dst>
      <dst id="17">9846.3200</dst>
      <dst id="21">7426.3556</dst>
      <dst id="15">1491.9733</dst>
    </src>
    <src id="15">
      <dst id="12">4290.9867</dst>
      <dst id="13">4797.0844</dst>
      <dst id="19">35.2889</dst>
      <dst id="23">1.4222</dst>
      <dst id="8">590.5244</dst>
      <dst id="18">19.2267</dst>
      <dst id="4">1488.8089</dst>
      <dst id="1">1528.3111</dst>
      <dst id="5">646.6578</dst>
      <dst id="3">14.2222</dst>
      <dst id="7">146.8089</dst>
      <dst id="2">419.6711</dst>
      <dst id="6">2.9244</dst>
      <dst id="14">4.2667</dst>
      <dst id="11">1899.0311</dst>
      <dst id="9">1046.5422</dst>
      <dst id="17">2175.0400</dst>
      <dst id="21">545.0756</dst>
    </src>
  </IntraTM>
</TrafficMatrixFile>
