<?xml version="1.0" encoding="UTF-8" standalone="yes"?>
<TrafficMatrixFile xmlns:xsi="http://www.w3.org/2001/XMLSchema-instance" xsi:noNamespaceSchemaLocation="http://totem.run.montefiore.ulg.ac.be/Schema/TrafficMatrix-v1_2.xsd">
  <info>
    <title>Intradomain traffic matrix generated by geant-TM-all.pl</title>
    <date>2005-01-04T16:30:00</date>
    <duration>900</duration>
    <author>Steve Uhlig</author>
    <units>
        <unit type="bandwidth" value="kbps"/>
    </units>
  </info>
  <IntraTM ASID="20965">
    <src id="12">
      <dst id="12">178818.5156</dst>
      <dst id="13">13287.1378</dst>
      <dst id="19">2770.8356</dst>
      <dst id="23">6313.4133</dst>
      <dst id="8">706.6756</dst>
      <dst id="18">291.0578</dst>
      <dst id="4">58156.3111</dst>
      <dst id="1">6989.2622</dst>
      <dst id="5">14047.7689</dst>
      <dst id="3">2709.2178</dst>
      <dst id="22">5508.0889</dst>
      <dst id="7">14854.7644</dst>
      <dst id="2">56279.5467</dst>
      <dst id="6">7.5378</dst>
      <dst id="16">4567.4756</dst>
      <dst id="14">682.3022</dst>
      <dst id="20">3559.7600</dst>
      <dst id="11">2780.0356</dst>
      <dst id="9">5356.0533</dst>
      <dst id="17">51794.3467</dst>
      <dst id="21">3305.9644</dst>
      <dst id="15">758.1156</dst>
    </src>
    <src id="13">
      <dst id="12">29608.0889</dst>
      <dst id="19">7826.1244</dst>
      <dst id="23">21.8756</dst>
      <dst id="8">2568.0889</dst>
      <dst id="18">2138.6489</dst>
      <dst id="1">1769.2267</dst>
      <dst id="5">3307.3244</dst>
      <dst id="3">10496.0978</dst>
      <dst id="22">10539.2711</dst>
      <dst id="7">10405.1822</dst>
      <dst id="2">43111.7956</dst>
      <dst id="6">105.7867</dst>
      <dst id="16">7013.1733</dst>
      <dst id="14">3728.4356</dst>
      <dst id="20">5977.5644</dst>
      <dst id="11">6400.7822</dst>
      <dst id="9">22683.5733</dst>
      <dst id="17">27611.3333</dst>
      <dst id="21">6709.5467</dst>
      <dst id="15">788.5422</dst>
    </src>
    <src id="19">
      <dst id="12">13737.0489</dst>
      <dst id="13">273.0400</dst>
      <dst id="8">0.4978</dst>
      <dst id="18">1.1378</dst>
      <dst id="4">18293.2178</dst>
      <dst id="1">376.7467</dst>
      <dst id="5">22.4356</dst>
      <dst id="3">13.2089</dst>
      <dst id="22">158.5511</dst>
      <dst id="7">3043.5111</dst>
      <dst id="2">82.2489</dst>
      <dst id="6">4.0711</dst>
      <dst id="16">10840.5067</dst>
      <dst id="14">11.6800</dst>
      <dst id="20">151.7333</dst>
      <dst id="11">29.3956</dst>
      <dst id="9">613.6711</dst>
      <dst id="17">118.5244</dst>
      <dst id="21">137.8667</dst>
      <dst id="15">13.3333</dst>
    </src>
    <src id="23">
      <dst id="12">295.5378</dst>
      <dst id="13">13.7600</dst>
      <dst id="19">0.8533</dst>
      <dst id="18">2.1956</dst>
      <dst id="4">8.9422</dst>
      <dst id="1">68.3111</dst>
      <dst id="5">39.8044</dst>
      <dst id="3">276.7378</dst>
      <dst id="22">26.8444</dst>
      <dst id="7">453.3156</dst>
      <dst id="2">13.8222</dst>
      <dst id="16">5.5644</dst>
      <dst id="14">0.3556</dst>
      <dst id="11">1.0133</dst>
      <dst id="9">1198.1600</dst>
      <dst id="17">598.6044</dst>
      <dst id="21">474.0889</dst>
      <dst id="15">4.3289</dst>
    </src>
    <src id="8">
      <dst id="12">243434.0800</dst>
      <dst id="13">880.3200</dst>
      <dst id="19">0.3556</dst>
      <dst id="18">66.6667</dst>
      <dst id="4">7180.4356</dst>
      <dst id="1">483.2978</dst>
      <dst id="5">275.3067</dst>
      <dst id="3">2.2756</dst>
      <dst id="22">828.6222</dst>
      <dst id="7">397.0133</dst>
      <dst id="2">86822.2933</dst>
      <dst id="16">152.1956</dst>
      <dst id="20">19.3067</dst>
      <dst id="11">115.1644</dst>
      <dst id="9">186.0622</dst>
      <dst id="17">93125.8133</dst>
      <dst id="21">322.3467</dst>
      <dst id="15">81.4222</dst>
    </src>
    <src id="18">
      <dst id="12">90641.9467</dst>
      <dst id="13">218.4533</dst>
      <dst id="19">0.5333</dst>
      <dst id="23">3.0844</dst>
      <dst id="8">1.9644</dst>
      <dst id="4">2623.9644</dst>
      <dst id="1">948.8267</dst>
      <dst id="5">43.2533</dst>
      <dst id="3">95.6622</dst>
      <dst id="22">336.4089</dst>
      <dst id="7">369.2889</dst>
      <dst id="2">27337.3689</dst>
      <dst id="16">13.2978</dst>
      <dst id="14">13.3333</dst>
      <dst id="20">0.7644</dst>
      <dst id="11">94.8356</dst>
      <dst id="9">21.0578</dst>
      <dst id="17">29959.8844</dst>
      <dst id="21">67.5733</dst>
      <dst id="15">19.5822</dst>
    </src>
    <src id="4">
      <dst id="12">6821.0044</dst>
      <dst id="19">15135.2267</dst>
      <dst id="8">1966.4711</dst>
      <dst id="18">818.8622</dst>
      <dst id="4">1.1289</dst>
      <dst id="1">17220.8622</dst>
      <dst id="5">1289.2711</dst>
      <dst id="3">41.8667</dst>
      <dst id="22">2687.2178</dst>
      <dst id="7">58112.1778</dst>
      <dst id="2">86218.1511</dst>
      <dst id="6">0.8533</dst>
      <dst id="16">571.0756</dst>
      <dst id="14">1740.2667</dst>
      <dst id="20">214.1067</dst>
      <dst id="11">1739.0044</dst>
      <dst id="9">2338.3022</dst>
      <dst id="17">6053.2000</dst>
      <dst id="21">2282.2756</dst>
      <dst id="15">2212.9511</dst>
    </src>
    <src id="1">
      <dst id="12">14064.3111</dst>
      <dst id="13">1532.7200</dst>
      <dst id="19">10.4178</dst>
      <dst id="23">40.1067</dst>
      <dst id="8">53068.5600</dst>
      <dst id="18">12210.8089</dst>
      <dst id="4">7252.5156</dst>
      <dst id="1">7051.8044</dst>
      <dst id="5">121166.5778</dst>
      <dst id="3">115.0133</dst>
      <dst id="22">606.7467</dst>
      <dst id="7">1314.1156</dst>
      <dst id="2">1884.3378</dst>
      <dst id="6">5143.5911</dst>
      <dst id="16">17035.7067</dst>
      <dst id="14">36.6844</dst>
      <dst id="20">56.5600</dst>
      <dst id="11">357.3422</dst>
      <dst id="9">126617.0578</dst>
      <dst id="17">3231.9556</dst>
      <dst id="21">2426.7822</dst>
      <dst id="15">104.8533</dst>
    </src>
    <src id="5">
      <dst id="12">229335.0489</dst>
      <dst id="13">567.0844</dst>
      <dst id="19">3.1822</dst>
      <dst id="23">0.3556</dst>
      <dst id="8">332.9778</dst>
      <dst id="18">1253.5200</dst>
      <dst id="4">3627.1733</dst>
      <dst id="1">389.8133</dst>
      <dst id="3">2.4533</dst>
      <dst id="22">1281.9911</dst>
      <dst id="7">129.4489</dst>
      <dst id="2">91131.7156</dst>
      <dst id="6">50.1333</dst>
      <dst id="16">214.3733</dst>
      <dst id="14">28.6044</dst>
      <dst id="20">3721.3511</dst>
      <dst id="11">1400.3289</dst>
      <dst id="9">271.8756</dst>
      <dst id="17">83673.3689</dst>
      <dst id="21">231.7333</dst>
      <dst id="15">200.8711</dst>
    </src>
    <src id="3">
      <dst id="12">13947.5378</dst>
      <dst id="13">202.5511</dst>
      <dst id="19">777.2178</dst>
      <dst id="23">9495.9111</dst>
      <dst id="8">2209.6000</dst>
      <dst id="18">40380.6933</dst>
      <dst id="4">15548.4533</dst>
      <dst id="1">3721.7956</dst>
      <dst id="5">206.3289</dst>
      <dst id="3">8475.8133</dst>
      <dst id="22">616.1067</dst>
      <dst id="7">1782.2489</dst>
      <dst id="2">4150.9956</dst>
      <dst id="6">1.2622</dst>
      <dst id="16">1124.7822</dst>
      <dst id="14">50199.7600</dst>
      <dst id="20">23.0311</dst>
      <dst id="11">93743.3956</dst>
      <dst id="9">209.8933</dst>
      <dst id="17">6619.4844</dst>
      <dst id="21">6064.1956</dst>
      <dst id="15">38.1067</dst>
    </src>
    <src id="10">
      <dst id="12">14226.4889</dst>
      <dst id="19">4271.9556</dst>
      <dst id="8">282.6578</dst>
      <dst id="18">430.0800</dst>
      <dst id="1">1821.5289</dst>
      <dst id="5">424.7822</dst>
      <dst id="3">1346.6222</dst>
      <dst id="22">7186.4711</dst>
      <dst id="7">64498.8711</dst>
      <dst id="2">13432.9422</dst>
      <dst id="6">0.9867</dst>
      <dst id="16">773.7156</dst>
      <dst id="14">3014.5244</dst>
      <dst id="20">4521.5200</dst>
      <dst id="11">2265.6800</dst>
      <dst id="9">4099.3778</dst>
      <dst id="17">13165.5111</dst>
      <dst id="21">19028.2667</dst>
      <dst id="15">483.9733</dst>
    </src>
    <src id="22">
      <dst id="12">11538.2844</dst>
      <dst id="13">2002.8178</dst>
      <dst id="19">3.1467</dst>
      <dst id="23">51.4222</dst>
      <dst id="8">3939.2444</dst>
      <dst id="18">137.1111</dst>
      <dst id="4">13983.0578</dst>
      <dst id="1">84.3111</dst>
      <dst id="5">2021.1378</dst>
      <dst id="3">606.8533</dst>
      <dst id="7">383.3867</dst>
      <dst id="2">3089.6267</dst>
      <dst id="6">58.8444</dst>
      <dst id="16">0.4089</dst>
      <dst id="14">177.2178</dst>
      <dst id="11">1323.5289</dst>
      <dst id="9">1243.9289</dst>
      <dst id="17">1155.9378</dst>
      <dst id="21">784.3733</dst>
    </src>
    <src id="7">
      <dst id="12">1904.2756</dst>
      <dst id="13">65.7956</dst>
      <dst id="19">55.9733</dst>
      <dst id="23">39.2356</dst>
      <dst id="8">30.6044</dst>
      <dst id="18">595.6711</dst>
      <dst id="4">39221.3067</dst>
      <dst id="1">1747.7778</dst>
      <dst id="5">589.9822</dst>
      <dst id="3">453.0578</dst>
      <dst id="22">2345.7067</dst>
      <dst id="7">753.3511</dst>
      <dst id="2">7368.7467</dst>
      <dst id="6">99.6000</dst>
      <dst id="16">1016.1600</dst>
      <dst id="14">233.4578</dst>
      <dst id="20">199.3956</dst>
      <dst id="11">418.4622</dst>
      <dst id="9">1501.4044</dst>
      <dst id="17">2023.8222</dst>
      <dst id="21">942.9333</dst>
      <dst id="15">287.6622</dst>
    </src>
    <src id="2">
      <dst id="12">83174.3911</dst>
      <dst id="13">509129.9911</dst>
      <dst id="19">405.0667</dst>
      <dst id="8">26.0889</dst>
      <dst id="18">27935.5378</dst>
      <dst id="4">74658.9511</dst>
      <dst id="1">1402.5689</dst>
      <dst id="5">978.5511</dst>
      <dst id="3">2.3289</dst>
      <dst id="22">577.3511</dst>
      <dst id="7">1744.0800</dst>
      <dst id="2">644.2489</dst>
      <dst id="6">6191.0578</dst>
      <dst id="16">3619.3778</dst>
      <dst id="14">5374.0356</dst>
      <dst id="20">147.9289</dst>
      <dst id="11">1098.0711</dst>
      <dst id="9">1509.9111</dst>
      <dst id="17">25886.6578</dst>
      <dst id="21">925.1378</dst>
      <dst id="15">613.1111</dst>
    </src>
    <src id="6">
      <dst id="12">8634.9333</dst>
      <dst id="13">9.2267</dst>
      <dst id="19">5.5822</dst>
      <dst id="18">1.0667</dst>
      <dst id="4">1397.4844</dst>
      <dst id="1">3.1111</dst>
      <dst id="5">60.6844</dst>
      <dst id="22">13.4578</dst>
      <dst id="7">1.1556</dst>
      <dst id="2">1735.2533</dst>
      <dst id="16">0.3556</dst>
      <dst id="14">24.7733</dst>
      <dst id="11">0.6756</dst>
      <dst id="9">14.4444</dst>
      <dst id="17">1405.2267</dst>
      <dst id="21">11.4667</dst>
      <dst id="15">1.7600</dst>
    </src>
    <src id="16">
      <dst id="12">2066.6667</dst>
      <dst id="13">69.9467</dst>
      <dst id="19">4363.5378</dst>
      <dst id="23">0.8533</dst>
      <dst id="8">1400.7289</dst>
      <dst id="18">7.5378</dst>
      <dst id="4">3349.6000</dst>
      <dst id="1">28142.2756</dst>
      <dst id="5">1502.0267</dst>
      <dst id="3">0.4622</dst>
      <dst id="7">600.8000</dst>
      <dst id="2">198.4800</dst>
      <dst id="6">12.8000</dst>
      <dst id="16">25.8133</dst>
      <dst id="14">687.0044</dst>
      <dst id="11">77.8311</dst>
      <dst id="9">2099.3422</dst>
      <dst id="17">1174.7556</dst>
      <dst id="21">2122.7022</dst>
    </src>
    <src id="14">
      <dst id="12">17510.7556</dst>
      <dst id="13">10.3556</dst>
      <dst id="19">5.9733</dst>
      <dst id="8">13.3333</dst>
      <dst id="18">0.3556</dst>
      <dst id="4">1815.1467</dst>
      <dst id="1">94.5867</dst>
      <dst id="5">9.3867</dst>
      <dst id="3">135.0044</dst>
      <dst id="22">9.3956</dst>
      <dst id="7">187.8044</dst>
      <dst id="2">6187.0756</dst>
      <dst id="16">11.4489</dst>
      <dst id="20">0.4978</dst>
      <dst id="11">31.8578</dst>
      <dst id="9">16.5867</dst>
      <dst id="17">6932.3111</dst>
      <dst id="21">81.6711</dst>
      <dst id="15">0.6578</dst>
    </src>
    <src id="20">
      <dst id="12">800.8889</dst>
      <dst id="13">3384.2667</dst>
      <dst id="19">4.6933</dst>
      <dst id="8">64.5422</dst>
      <dst id="18">14.0089</dst>
      <dst id="4">6076.5778</dst>
      <dst id="1">52.5422</dst>
      <dst id="5">458.4978</dst>
      <dst id="3">126.1333</dst>
      <dst id="7">52.7022</dst>
      <dst id="2">1264.9600</dst>
      <dst id="14">2.1156</dst>
      <dst id="11">42.4711</dst>
      <dst id="9">1574.8889</dst>
      <dst id="17">8865.0933</dst>
      <dst id="21">265.3778</dst>
    </src>
    <src id="11">
      <dst id="12">342634.9600</dst>
      <dst id="13">2201.3689</dst>
      <dst id="19">55.0667</dst>
      <dst id="23">16.2844</dst>
      <dst id="8">179.8400</dst>
      <dst id="18">58.5244</dst>
      <dst id="4">9451.3867</dst>
      <dst id="1">677.5022</dst>
      <dst id="5">1069.9378</dst>
      <dst id="3">205.7956</dst>
      <dst id="22">1128.8978</dst>
      <dst id="7">159.9733</dst>
      <dst id="2">115669.4133</dst>
      <dst id="16">89.7067</dst>
      <dst id="14">41.4044</dst>
      <dst id="20">129.4756</dst>
      <dst id="11">2482.5956</dst>
      <dst id="9">840.7378</dst>
      <dst id="17">118967.8044</dst>
      <dst id="21">334.1867</dst>
      <dst id="15">35.9733</dst>
    </src>
    <src id="9">
      <dst id="12">310384.3111</dst>
      <dst id="13">4800.6489</dst>
      <dst id="19">17.6089</dst>
      <dst id="23">43.4133</dst>
      <dst id="8">38.2578</dst>
      <dst id="18">36.4444</dst>
      <dst id="4">10083.0311</dst>
      <dst id="1">851.8844</dst>
      <dst id="5">396.6400</dst>
      <dst id="3">0.9422</dst>
      <dst id="22">2537.9467</dst>
      <dst id="7">403.6711</dst>
      <dst id="2">108449.8756</dst>
      <dst id="6">119.4667</dst>
      <dst id="16">295.1556</dst>
      <dst id="14">80.7111</dst>
      <dst id="20">762.8444</dst>
      <dst id="11">1101.8667</dst>
      <dst id="9">245.1200</dst>
      <dst id="17">115251.8489</dst>
      <dst id="21">177.2889</dst>
      <dst id="15">1865.1289</dst>
    </src>
    <src id="17">
      <dst id="12">7540.5244</dst>
      <dst id="13">3438.8978</dst>
      <dst id="19">164.5244</dst>
      <dst id="23">48.7644</dst>
      <dst id="8">78660.4978</dst>
      <dst id="18">21.1111</dst>
      <dst id="4">27823.7778</dst>
      <dst id="1">446.3911</dst>
      <dst id="5">118687.1822</dst>
      <dst id="3">3750.7644</dst>
      <dst id="22">1989.5733</dst>
      <dst id="7">806.4800</dst>
      <dst id="2">2673.5822</dst>
      <dst id="6">41.5289</dst>
      <dst id="16">1765.1378</dst>
      <dst id="14">66148.6133</dst>
      <dst id="20">328.3822</dst>
      <dst id="11">59099.8578</dst>
      <dst id="9">103923.2000</dst>
      <dst id="17">783.1378</dst>
      <dst id="21">18194.9511</dst>
      <dst id="15">55.2444</dst>
    </src>
    <src id="21">
      <dst id="12">15398.0444</dst>
      <dst id="13">273.9733</dst>
      <dst id="19">46.8711</dst>
      <dst id="23">44.4889</dst>
      <dst id="8">222.8267</dst>
      <dst id="18">367.7867</dst>
      <dst id="4">12887.4844</dst>
      <dst id="1">1168.4622</dst>
      <dst id="5">183.5022</dst>
      <dst id="3">747.0933</dst>
      <dst id="22">407.7156</dst>
      <dst id="7">861.8756</dst>
      <dst id="2">7770.5511</dst>
      <dst id="6">2.5244</dst>
      <dst id="16">80.8356</dst>
      <dst id="14">57.5644</dst>
      <dst id="20">160.4356</dst>
      <dst id="11">144.7378</dst>
      <dst id="9">633.5378</dst>
      <dst id="17">3947.9822</dst>
      <dst id="21">443.6178</dst>
      <dst id="15">327.0044</dst>
    </src>
    <src id="15">
      <dst id="12">254.7289</dst>
      <dst id="13">86.3822</dst>
      <dst id="19">0.4267</dst>
      <dst id="23">0.3378</dst>
      <dst id="8">48.0444</dst>
      <dst id="18">14.0178</dst>
      <dst id="4">1688.0267</dst>
      <dst id="1">827.0844</dst>
      <dst id="5">207.3156</dst>
      <dst id="3">18.8711</dst>
      <dst id="7">18.9956</dst>
      <dst id="2">667.5556</dst>
      <dst id="14">0.8889</dst>
      <dst id="11">10.9689</dst>
      <dst id="9">139.7600</dst>
      <dst id="17">590.2578</dst>
      <dst id="21">48.6756</dst>
    </src>
  </IntraTM>
</TrafficMatrixFile>
