<?xml version="1.0" encoding="UTF-8" standalone="yes"?>
<TrafficMatrixFile xmlns:xsi="http://www.w3.org/2001/XMLSchema-instance" xsi:noNamespaceSchemaLocation="http://totem.run.montefiore.ulg.ac.be/Schema/TrafficMatrix-v1_2.xsd">
  <info>
    <title>Intradomain traffic matrix generated by geant-TM-all.pl</title>
    <date>2005-01-01T09:15:00</date>
    <duration>900</duration>
    <author>Steve Uhlig</author>
    <units>
        <unit type="bandwidth" value="kbps"/>
    </units>
  </info>
  <IntraTM ASID="20965">
    <src id="12">
      <dst id="12">239163.6444</dst>
      <dst id="13">21741.3600</dst>
      <dst id="19">3432.9778</dst>
      <dst id="23">147.6711</dst>
      <dst id="8">3989.0844</dst>
      <dst id="18">1363.0400</dst>
      <dst id="4">107540.1600</dst>
      <dst id="1">9118.1422</dst>
      <dst id="5">5222.6844</dst>
      <dst id="3">3108.5867</dst>
      <dst id="22">38291.8222</dst>
      <dst id="7">8162.5067</dst>
      <dst id="2">92080.0622</dst>
      <dst id="6">551.2889</dst>
      <dst id="16">10924.2667</dst>
      <dst id="14">1205.8933</dst>
      <dst id="20">8599.4044</dst>
      <dst id="11">3327.5733</dst>
      <dst id="9">8009.1822</dst>
      <dst id="17">58522.2311</dst>
      <dst id="21">13937.9733</dst>
      <dst id="15">4326.3556</dst>
    </src>
    <src id="13">
      <dst id="12">61487.2800</dst>
      <dst id="19">6765.6889</dst>
      <dst id="23">139.2178</dst>
      <dst id="8">2572.5778</dst>
      <dst id="18">3934.7556</dst>
      <dst id="1">4512.0711</dst>
      <dst id="5">7283.9200</dst>
      <dst id="3">7850.0444</dst>
      <dst id="22">28406.6756</dst>
      <dst id="7">22208.3022</dst>
      <dst id="2">117718.9244</dst>
      <dst id="6">78.2044</dst>
      <dst id="16">9651.7511</dst>
      <dst id="14">1295.3511</dst>
      <dst id="20">7158.8000</dst>
      <dst id="11">7326.5333</dst>
      <dst id="9">12929.9644</dst>
      <dst id="17">84744.2756</dst>
      <dst id="21">19506.6222</dst>
      <dst id="15">4069.4933</dst>
    </src>
    <src id="19">
      <dst id="12">15107.7422</dst>
      <dst id="13">172.7378</dst>
      <dst id="23">0.3556</dst>
      <dst id="8">38.0889</dst>
      <dst id="18">1.0133</dst>
      <dst id="4">24990.8178</dst>
      <dst id="1">89.8756</dst>
      <dst id="5">2.3733</dst>
      <dst id="3">344.3733</dst>
      <dst id="22">1055.6178</dst>
      <dst id="7">3470.0444</dst>
      <dst id="2">12824.8178</dst>
      <dst id="6">50.8089</dst>
      <dst id="16">12771.8044</dst>
      <dst id="14">0.4978</dst>
      <dst id="20">16.1067</dst>
      <dst id="11">761.0311</dst>
      <dst id="9">7.5289</dst>
      <dst id="17">577.4222</dst>
      <dst id="21">350.8711</dst>
      <dst id="15">1400.4978</dst>
    </src>
    <src id="23">
      <dst id="12">460.8978</dst>
      <dst id="13">122.4533</dst>
      <dst id="8">93.7956</dst>
      <dst id="4">39.2889</dst>
      <dst id="1">46.4444</dst>
      <dst id="5">55.8578</dst>
      <dst id="3">27.1733</dst>
      <dst id="22">28.0533</dst>
      <dst id="7">130.5156</dst>
      <dst id="2">52.6578</dst>
      <dst id="6">1.1378</dst>
      <dst id="16">1.6711</dst>
      <dst id="20">11.2800</dst>
      <dst id="11">90.6044</dst>
      <dst id="9">336.3822</dst>
      <dst id="17">42.1689</dst>
      <dst id="21">2799.5733</dst>
      <dst id="15">66.6667</dst>
    </src>
    <src id="8">
      <dst id="12">314849.7067</dst>
      <dst id="13">1258.1689</dst>
      <dst id="19">878.9156</dst>
      <dst id="23">134.7556</dst>
      <dst id="18">3.2000</dst>
      <dst id="4">10883.4400</dst>
      <dst id="1">127.4578</dst>
      <dst id="5">975.6800</dst>
      <dst id="3">21.3867</dst>
      <dst id="22">897.0222</dst>
      <dst id="7">14.8978</dst>
      <dst id="2">92569.8222</dst>
      <dst id="16">299.2800</dst>
      <dst id="20">348.1333</dst>
      <dst id="11">562.1956</dst>
      <dst id="9">2635.8756</dst>
      <dst id="17">68959.4400</dst>
      <dst id="21">152.2756</dst>
      <dst id="15">1314.9778</dst>
    </src>
    <src id="18">
      <dst id="12">136764.8089</dst>
      <dst id="13">901.8400</dst>
      <dst id="23">0.9689</dst>
      <dst id="8">48.4089</dst>
      <dst id="4">1727.8756</dst>
      <dst id="1">1087.5733</dst>
      <dst id="5">250.6311</dst>
      <dst id="3">88.4533</dst>
      <dst id="22">391.5111</dst>
      <dst id="7">37.6089</dst>
      <dst id="2">33584.3289</dst>
      <dst id="16">24.4000</dst>
      <dst id="14">1.1733</dst>
      <dst id="20">24.5067</dst>
      <dst id="11">59.4311</dst>
      <dst id="9">150.6489</dst>
      <dst id="17">25748.0444</dst>
      <dst id="21">512.5422</dst>
      <dst id="15">6.7644</dst>
    </src>
    <src id="4">
      <dst id="12">65048.1689</dst>
      <dst id="19">10243.4578</dst>
      <dst id="23">0.5333</dst>
      <dst id="8">745.9200</dst>
      <dst id="18">4692.1511</dst>
      <dst id="4">3.5911</dst>
      <dst id="1">943.4578</dst>
      <dst id="5">1119.5289</dst>
      <dst id="3">10127.3156</dst>
      <dst id="22">5120.3911</dst>
      <dst id="7">53140.7200</dst>
      <dst id="2">68097.3333</dst>
      <dst id="6">3.4044</dst>
      <dst id="16">1769.2622</dst>
      <dst id="14">991.8933</dst>
      <dst id="20">948.1067</dst>
      <dst id="11">9495.3244</dst>
      <dst id="9">2513.2089</dst>
      <dst id="17">78024.2489</dst>
      <dst id="21">6438.2222</dst>
      <dst id="15">775.5733</dst>
    </src>
    <src id="1">
      <dst id="12">14969.3956</dst>
      <dst id="13">1532.2133</dst>
      <dst id="19">3004.5422</dst>
      <dst id="23">145.6533</dst>
      <dst id="8">90346.8622</dst>
      <dst id="18">11415.3867</dst>
      <dst id="4">10027.0489</dst>
      <dst id="1">63.1733</dst>
      <dst id="5">164952.5511</dst>
      <dst id="3">39706.8889</dst>
      <dst id="22">1247.3156</dst>
      <dst id="7">13411.6889</dst>
      <dst id="2">2472.4267</dst>
      <dst id="6">8422.5067</dst>
      <dst id="16">9991.4489</dst>
      <dst id="14">76.1867</dst>
      <dst id="20">85.3333</dst>
      <dst id="11">215.9822</dst>
      <dst id="9">196189.0044</dst>
      <dst id="17">3199.1289</dst>
      <dst id="21">7659.8756</dst>
      <dst id="15">127.5378</dst>
    </src>
    <src id="5">
      <dst id="12">359032.2400</dst>
      <dst id="13">3294.9600</dst>
      <dst id="19">2.5511</dst>
      <dst id="23">89.8044</dst>
      <dst id="8">13608.9689</dst>
      <dst id="18">73.0400</dst>
      <dst id="4">8799.5200</dst>
      <dst id="1">39.0222</dst>
      <dst id="3">169.4400</dst>
      <dst id="22">8899.7867</dst>
      <dst id="7">212.1067</dst>
      <dst id="2">124594.6489</dst>
      <dst id="6">25.8133</dst>
      <dst id="16">354.2400</dst>
      <dst id="14">136.3200</dst>
      <dst id="20">1729.0133</dst>
      <dst id="11">1517.8489</dst>
      <dst id="9">3164.9600</dst>
      <dst id="17">79002.4800</dst>
      <dst id="21">381.6178</dst>
      <dst id="15">696.7200</dst>
    </src>
    <src id="3">
      <dst id="12">16484.6311</dst>
      <dst id="13">1502.5600</dst>
      <dst id="19">4579.4311</dst>
      <dst id="23">1.1022</dst>
      <dst id="8">87.3067</dst>
      <dst id="18">81103.0133</dst>
      <dst id="4">37620.8978</dst>
      <dst id="1">49507.2267</dst>
      <dst id="5">442.4000</dst>
      <dst id="3">13010.8889</dst>
      <dst id="22">434.0444</dst>
      <dst id="7">2193.6978</dst>
      <dst id="2">4849.8844</dst>
      <dst id="6">0.3378</dst>
      <dst id="16">944.0800</dst>
      <dst id="14">30515.2089</dst>
      <dst id="20">734.8089</dst>
      <dst id="11">117626.0711</dst>
      <dst id="9">151.4667</dst>
      <dst id="17">2756.9244</dst>
      <dst id="21">8075.3156</dst>
      <dst id="15">28.9778</dst>
    </src>
    <src id="10">
      <dst id="12">10658.0000</dst>
      <dst id="19">1360.2578</dst>
      <dst id="8">1816.7289</dst>
      <dst id="18">3105.7244</dst>
      <dst id="1">1115.3956</dst>
      <dst id="5">1024.4000</dst>
      <dst id="3">11567.2622</dst>
      <dst id="22">7045.3067</dst>
      <dst id="7">5257.5200</dst>
      <dst id="2">21759.5022</dst>
      <dst id="6">1.2533</dst>
      <dst id="16">8209.6089</dst>
      <dst id="14">2941.1022</dst>
      <dst id="20">2526.4711</dst>
      <dst id="11">6739.9111</dst>
      <dst id="9">5108.2667</dst>
      <dst id="17">17968.0622</dst>
      <dst id="21">18651.2622</dst>
      <dst id="15">937.4133</dst>
    </src>
    <src id="22">
      <dst id="12">12220.4800</dst>
      <dst id="13">3553.7067</dst>
      <dst id="19">96.0800</dst>
      <dst id="23">2.3111</dst>
      <dst id="8">671.4222</dst>
      <dst id="18">1311.9733</dst>
      <dst id="4">22035.2089</dst>
      <dst id="1">144.1867</dst>
      <dst id="5">2147.6622</dst>
      <dst id="3">282.4267</dst>
      <dst id="7">1361.8844</dst>
      <dst id="2">2206.4000</dst>
      <dst id="6">20.7111</dst>
      <dst id="14">174.8711</dst>
      <dst id="11">5520.4000</dst>
      <dst id="9">1533.5022</dst>
      <dst id="17">3360.8000</dst>
      <dst id="21">698.9244</dst>
    </src>
    <src id="7">
      <dst id="12">5903.9022</dst>
      <dst id="13">544.7200</dst>
      <dst id="19">462.8000</dst>
      <dst id="23">5.0578</dst>
      <dst id="8">813.0756</dst>
      <dst id="18">1699.9111</dst>
      <dst id="4">58295.3244</dst>
      <dst id="1">710.4533</dst>
      <dst id="5">1799.4133</dst>
      <dst id="3">3046.9511</dst>
      <dst id="22">7069.9022</dst>
      <dst id="7">570.5244</dst>
      <dst id="2">9459.6089</dst>
      <dst id="16">426.7378</dst>
      <dst id="14">50.7378</dst>
      <dst id="20">2229.9467</dst>
      <dst id="11">770.1244</dst>
      <dst id="9">571.4044</dst>
      <dst id="17">11516.6933</dst>
      <dst id="21">3486.7467</dst>
      <dst id="15">5707.4667</dst>
    </src>
    <src id="2">
      <dst id="12">80045.9022</dst>
      <dst id="13">4531.9911</dst>
      <dst id="19">571.0044</dst>
      <dst id="23">0.3556</dst>
      <dst id="8">324.4089</dst>
      <dst id="18">70842.1867</dst>
      <dst id="4">117063.9911</dst>
      <dst id="1">1307.9822</dst>
      <dst id="5">6267.9556</dst>
      <dst id="3">3484.2133</dst>
      <dst id="22">2699.7422</dst>
      <dst id="7">8838.3733</dst>
      <dst id="2">294.5067</dst>
      <dst id="6">5999.9289</dst>
      <dst id="16">2699.8133</dst>
      <dst id="14">117.8489</dst>
      <dst id="20">782.8000</dst>
      <dst id="11">3847.4400</dst>
      <dst id="9">824.1778</dst>
      <dst id="17">16259.4489</dst>
      <dst id="21">14939.6267</dst>
      <dst id="15">152.2667</dst>
    </src>
    <src id="6">
      <dst id="12">7951.8756</dst>
      <dst id="13">11.1822</dst>
      <dst id="19">4.2133</dst>
      <dst id="23">2.2756</dst>
      <dst id="8">0.3556</dst>
      <dst id="18">39.1200</dst>
      <dst id="4">104.7733</dst>
      <dst id="1">13.9556</dst>
      <dst id="5">0.3556</dst>
      <dst id="22">94.2667</dst>
      <dst id="7">17.3867</dst>
      <dst id="2">1735.7867</dst>
      <dst id="16">0.3556</dst>
      <dst id="11">1.2978</dst>
      <dst id="9">13.2622</dst>
      <dst id="17">1090.9067</dst>
      <dst id="21">1.2533</dst>
    </src>
    <src id="16">
      <dst id="12">3443.7778</dst>
      <dst id="13">644.1867</dst>
      <dst id="19">4118.8089</dst>
      <dst id="23">5.1911</dst>
      <dst id="8">2775.7956</dst>
      <dst id="18">98.4622</dst>
      <dst id="4">6980.5244</dst>
      <dst id="1">10947.0133</dst>
      <dst id="5">774.1156</dst>
      <dst id="3">1267.5733</dst>
      <dst id="7">3002.2844</dst>
      <dst id="2">869.4222</dst>
      <dst id="6">12.9067</dst>
      <dst id="16">24.0978</dst>
      <dst id="14">0.6044</dst>
      <dst id="11">710.5067</dst>
      <dst id="9">2488.4178</dst>
      <dst id="17">2296.0444</dst>
      <dst id="21">145.5556</dst>
    </src>
    <src id="14">
      <dst id="12">19562.9689</dst>
      <dst id="13">23.3156</dst>
      <dst id="19">7.0756</dst>
      <dst id="18">2.6667</dst>
      <dst id="4">2367.2978</dst>
      <dst id="1">60.1422</dst>
      <dst id="5">9.3956</dst>
      <dst id="3">87.2978</dst>
      <dst id="22">12.0800</dst>
      <dst id="7">77.1022</dst>
      <dst id="2">5157.1467</dst>
      <dst id="20">23.3422</dst>
      <dst id="11">57.8222</dst>
      <dst id="9">27.7600</dst>
      <dst id="17">6071.5378</dst>
      <dst id="21">63.4222</dst>
    </src>
    <src id="20">
      <dst id="12">4325.3956</dst>
      <dst id="13">2367.8044</dst>
      <dst id="19">41.6622</dst>
      <dst id="23">0.6933</dst>
      <dst id="8">193.7778</dst>
      <dst id="18">115.2622</dst>
      <dst id="4">14513.4667</dst>
      <dst id="1">61.7689</dst>
      <dst id="5">321.3333</dst>
      <dst id="3">107.8667</dst>
      <dst id="7">301.0667</dst>
      <dst id="2">7705.7778</dst>
      <dst id="6">0.4267</dst>
      <dst id="14">15.4044</dst>
      <dst id="11">1760.9333</dst>
      <dst id="9">7564.9511</dst>
      <dst id="17">3105.3422</dst>
      <dst id="21">525.2267</dst>
    </src>
    <src id="11">
      <dst id="12">416261.4933</dst>
      <dst id="13">1263.2800</dst>
      <dst id="19">48.0089</dst>
      <dst id="23">1441.6356</dst>
      <dst id="8">185.5022</dst>
      <dst id="18">434.2311</dst>
      <dst id="4">13817.3333</dst>
      <dst id="1">721.8578</dst>
      <dst id="5">1066.0356</dst>
      <dst id="3">1716.5689</dst>
      <dst id="22">7080.2667</dst>
      <dst id="7">216.0089</dst>
      <dst id="2">160778.0356</dst>
      <dst id="6">1.6622</dst>
      <dst id="16">129.7244</dst>
      <dst id="14">42.7911</dst>
      <dst id="20">912.0889</dst>
      <dst id="11">1103.0311</dst>
      <dst id="9">391.1644</dst>
      <dst id="17">92246.9156</dst>
      <dst id="21">1479.2178</dst>
      <dst id="15">163.7156</dst>
    </src>
    <src id="9">
      <dst id="12">511582.6489</dst>
      <dst id="13">5739.8844</dst>
      <dst id="19">16.0978</dst>
      <dst id="23">17.4400</dst>
      <dst id="8">664.9422</dst>
      <dst id="18">951.9022</dst>
      <dst id="4">14687.3067</dst>
      <dst id="1">1130.2844</dst>
      <dst id="5">1265.5822</dst>
      <dst id="3">170.2311</dst>
      <dst id="22">8630.0978</dst>
      <dst id="7">1199.1378</dst>
      <dst id="2">161533.9733</dst>
      <dst id="6">0.4622</dst>
      <dst id="16">269.4133</dst>
      <dst id="14">2.2933</dst>
      <dst id="20">977.4578</dst>
      <dst id="11">468.5156</dst>
      <dst id="9">1001.7511</dst>
      <dst id="17">125519.6000</dst>
      <dst id="21">785.8489</dst>
      <dst id="15">411.2356</dst>
    </src>
    <src id="17">
      <dst id="12">4876.1156</dst>
      <dst id="13">3459.4400</dst>
      <dst id="19">19959.6533</dst>
      <dst id="23">29.6178</dst>
      <dst id="8">96374.1867</dst>
      <dst id="18">970.2400</dst>
      <dst id="4">83609.2711</dst>
      <dst id="1">646.7378</dst>
      <dst id="5">173050.0711</dst>
      <dst id="3">14289.2089</dst>
      <dst id="22">5385.2356</dst>
      <dst id="7">38254.6667</dst>
      <dst id="2">9007.5467</dst>
      <dst id="6">9.4756</dst>
      <dst id="16">3060.7111</dst>
      <dst id="14">20687.5289</dst>
      <dst id="20">740.6667</dst>
      <dst id="11">97834.7200</dst>
      <dst id="9">176983.7156</dst>
      <dst id="17">1696.2133</dst>
      <dst id="21">13880.5156</dst>
      <dst id="15">49.1822</dst>
    </src>
    <src id="21">
      <dst id="12">25202.8978</dst>
      <dst id="13">354.5244</dst>
      <dst id="19">146.1156</dst>
      <dst id="23">80.2933</dst>
      <dst id="8">915.2622</dst>
      <dst id="18">2077.1289</dst>
      <dst id="4">28052.5867</dst>
      <dst id="1">1954.8178</dst>
      <dst id="5">469.8667</dst>
      <dst id="3">1046.3289</dst>
      <dst id="22">1953.3156</dst>
      <dst id="7">699.4133</dst>
      <dst id="2">13936.0800</dst>
      <dst id="6">0.9067</dst>
      <dst id="16">150.9333</dst>
      <dst id="14">64.9244</dst>
      <dst id="20">307.1467</dst>
      <dst id="11">2628.7556</dst>
      <dst id="9">479.7867</dst>
      <dst id="17">5085.0756</dst>
      <dst id="21">1706.1156</dst>
      <dst id="15">186.9867</dst>
    </src>
    <src id="15">
      <dst id="12">854.0978</dst>
      <dst id="13">316.4444</dst>
      <dst id="19">30.5244</dst>
      <dst id="23">0.3556</dst>
      <dst id="8">70.0622</dst>
      <dst id="18">74.6222</dst>
      <dst id="4">7296.4089</dst>
      <dst id="1">77.9200</dst>
      <dst id="5">4483.7867</dst>
      <dst id="3">521.7333</dst>
      <dst id="7">153.3156</dst>
      <dst id="2">308.5156</dst>
      <dst id="14">0.9600</dst>
      <dst id="11">107.0489</dst>
      <dst id="9">626.2844</dst>
      <dst id="17">553.8578</dst>
      <dst id="21">334.7378</dst>
    </src>
  </IntraTM>
</TrafficMatrixFile>
