<?xml version="1.0" encoding="UTF-8" standalone="yes"?>
<TrafficMatrixFile xmlns:xsi="http://www.w3.org/2001/XMLSchema-instance" xsi:noNamespaceSchemaLocation="http://totem.run.montefiore.ulg.ac.be/Schema/TrafficMatrix-v1_2.xsd">
  <info>
    <title>Intradomain traffic matrix generated by geant-TM-all.pl</title>
    <date>2005-01-01T22:15:00</date>
    <duration>900</duration>
    <author>Steve Uhlig</author>
    <units>
        <unit type="bandwidth" value="kbps"/>
    </units>
  </info>
  <IntraTM ASID="20965">
    <src id="12">
      <dst id="12">374068.2578</dst>
      <dst id="13">27825.2889</dst>
      <dst id="19">5092.2756</dst>
      <dst id="23">11461.9111</dst>
      <dst id="8">8350.4356</dst>
      <dst id="18">4628.7378</dst>
      <dst id="4">82804.1333</dst>
      <dst id="1">9690.2311</dst>
      <dst id="5">15285.5111</dst>
      <dst id="3">12015.9556</dst>
      <dst id="22">23564.8800</dst>
      <dst id="7">6638.0000</dst>
      <dst id="2">105246.1867</dst>
      <dst id="6">219.7867</dst>
      <dst id="16">9494.6756</dst>
      <dst id="14">3364.6844</dst>
      <dst id="20">28702.3911</dst>
      <dst id="11">12424.7022</dst>
      <dst id="9">23163.0133</dst>
      <dst id="17">76735.0311</dst>
      <dst id="21">31203.3511</dst>
      <dst id="15">5446.5333</dst>
    </src>
    <src id="13">
      <dst id="12">73332.7200</dst>
      <dst id="19">29636.2667</dst>
      <dst id="23">193.3333</dst>
      <dst id="8">6084.0533</dst>
      <dst id="18">6166.7733</dst>
      <dst id="1">3725.9911</dst>
      <dst id="5">34093.0578</dst>
      <dst id="3">33166.0356</dst>
      <dst id="22">36048.8800</dst>
      <dst id="7">18031.3867</dst>
      <dst id="2">124091.1911</dst>
      <dst id="6">232.6044</dst>
      <dst id="16">11901.9556</dst>
      <dst id="14">6582.2400</dst>
      <dst id="20">21218.5689</dst>
      <dst id="11">27427.5289</dst>
      <dst id="9">20814.8267</dst>
      <dst id="17">255362.1156</dst>
      <dst id="21">30559.0311</dst>
      <dst id="15">5112.9689</dst>
    </src>
    <src id="19">
      <dst id="12">18806.3111</dst>
      <dst id="13">3355.7511</dst>
      <dst id="23">27.4844</dst>
      <dst id="8">51.7867</dst>
      <dst id="18">185.2622</dst>
      <dst id="4">18878.9956</dst>
      <dst id="1">3815.7333</dst>
      <dst id="5">47.9200</dst>
      <dst id="3">711.7422</dst>
      <dst id="22">2050.0711</dst>
      <dst id="7">3756.0978</dst>
      <dst id="2">1849.3689</dst>
      <dst id="6">14.2578</dst>
      <dst id="16">7824.9956</dst>
      <dst id="14">29.6978</dst>
      <dst id="20">119.5467</dst>
      <dst id="11">1599.5022</dst>
      <dst id="9">921.8578</dst>
      <dst id="17">381.2178</dst>
      <dst id="21">1137.5644</dst>
      <dst id="15">50.5956</dst>
    </src>
    <src id="23">
      <dst id="12">978.0356</dst>
      <dst id="13">134.1956</dst>
      <dst id="19">41.2178</dst>
      <dst id="8">17.5289</dst>
      <dst id="18">30.0089</dst>
      <dst id="4">66.6667</dst>
      <dst id="1">94.2133</dst>
      <dst id="5">82.7200</dst>
      <dst id="3">499.0489</dst>
      <dst id="22">634.4444</dst>
      <dst id="7">339.9111</dst>
      <dst id="2">72.7556</dst>
      <dst id="6">2.0622</dst>
      <dst id="16">68.7556</dst>
      <dst id="14">532.6222</dst>
      <dst id="20">502.0444</dst>
      <dst id="11">178.4711</dst>
      <dst id="9">67.0311</dst>
      <dst id="17">295.1644</dst>
      <dst id="21">484.9244</dst>
      <dst id="15">27.5200</dst>
    </src>
    <src id="8">
      <dst id="12">432997.9467</dst>
      <dst id="13">1039.9556</dst>
      <dst id="19">31.7333</dst>
      <dst id="23">1206.1867</dst>
      <dst id="18">71.1467</dst>
      <dst id="4">8891.6267</dst>
      <dst id="1">314.3111</dst>
      <dst id="5">2570.4533</dst>
      <dst id="3">820.0000</dst>
      <dst id="22">2092.3467</dst>
      <dst id="7">81.1378</dst>
      <dst id="2">168111.1378</dst>
      <dst id="6">3.1822</dst>
      <dst id="16">848.0444</dst>
      <dst id="14">32.7111</dst>
      <dst id="20">604.0356</dst>
      <dst id="11">931.5289</dst>
      <dst id="9">1234.5156</dst>
      <dst id="17">93673.8222</dst>
      <dst id="21">646.1600</dst>
      <dst id="15">388.3733</dst>
    </src>
    <src id="18">
      <dst id="12">144350.6400</dst>
      <dst id="13">298.3467</dst>
      <dst id="19">308.3733</dst>
      <dst id="23">41.3867</dst>
      <dst id="8">366.7556</dst>
      <dst id="4">1741.3600</dst>
      <dst id="1">857.3689</dst>
      <dst id="5">834.1778</dst>
      <dst id="3">268.7733</dst>
      <dst id="22">390.9689</dst>
      <dst id="7">94.4800</dst>
      <dst id="2">41558.6311</dst>
      <dst id="16">41.1378</dst>
      <dst id="14">0.4622</dst>
      <dst id="20">11.6267</dst>
      <dst id="11">194.6844</dst>
      <dst id="9">1071.8133</dst>
      <dst id="17">36301.2000</dst>
      <dst id="21">989.2978</dst>
      <dst id="15">10.8800</dst>
    </src>
    <src id="4">
      <dst id="12">15935.6711</dst>
      <dst id="19">6212.3289</dst>
      <dst id="23">4.0178</dst>
      <dst id="8">2762.4267</dst>
      <dst id="18">1414.7733</dst>
      <dst id="1">11753.6000</dst>
      <dst id="5">3562.1778</dst>
      <dst id="3">24905.3600</dst>
      <dst id="22">12043.1911</dst>
      <dst id="7">31223.5556</dst>
      <dst id="2">95219.4667</dst>
      <dst id="6">11.0578</dst>
      <dst id="16">1670.3111</dst>
      <dst id="14">2159.6267</dst>
      <dst id="20">4220.4800</dst>
      <dst id="11">9106.7022</dst>
      <dst id="9">6033.3244</dst>
      <dst id="17">63920.1867</dst>
      <dst id="21">8385.7778</dst>
      <dst id="15">1561.8044</dst>
    </src>
    <src id="1">
      <dst id="12">24134.7289</dst>
      <dst id="13">346.6756</dst>
      <dst id="19">235.9467</dst>
      <dst id="23">369.0044</dst>
      <dst id="8">254520.5156</dst>
      <dst id="18">15095.7778</dst>
      <dst id="4">11509.0222</dst>
      <dst id="1">71.8044</dst>
      <dst id="5">306279.8489</dst>
      <dst id="3">110346.3733</dst>
      <dst id="22">11183.9644</dst>
      <dst id="7">2282.4089</dst>
      <dst id="2">11384.6489</dst>
      <dst id="6">8878.8978</dst>
      <dst id="16">14167.9378</dst>
      <dst id="14">670.5600</dst>
      <dst id="20">694.9244</dst>
      <dst id="11">2376.7467</dst>
      <dst id="9">426801.6000</dst>
      <dst id="17">2673.6533</dst>
      <dst id="21">19159.6800</dst>
      <dst id="15">1287.9467</dst>
    </src>
    <src id="5">
      <dst id="12">379396.6933</dst>
      <dst id="13">11593.4756</dst>
      <dst id="19">191.6978</dst>
      <dst id="23">1.6356</dst>
      <dst id="8">15516.0000</dst>
      <dst id="18">1761.9556</dst>
      <dst id="4">8264.5600</dst>
      <dst id="1">262.8178</dst>
      <dst id="3">1126.5067</dst>
      <dst id="22">6254.8178</dst>
      <dst id="7">329.2533</dst>
      <dst id="2">161830.0178</dst>
      <dst id="6">26.9867</dst>
      <dst id="16">1404.9956</dst>
      <dst id="14">2.6756</dst>
      <dst id="20">1725.8667</dst>
      <dst id="11">2809.5289</dst>
      <dst id="9">21600.5511</dst>
      <dst id="17">95280.3733</dst>
      <dst id="21">1060.0978</dst>
      <dst id="15">2207.3422</dst>
    </src>
    <src id="3">
      <dst id="12">19350.4000</dst>
      <dst id="13">1080.3022</dst>
      <dst id="19">1832.9422</dst>
      <dst id="23">973.9111</dst>
      <dst id="8">2531.8667</dst>
      <dst id="18">184549.8578</dst>
      <dst id="4">39012.0800</dst>
      <dst id="1">13875.3956</dst>
      <dst id="5">2774.1067</dst>
      <dst id="3">27828.0889</dst>
      <dst id="22">2681.6711</dst>
      <dst id="7">4203.9289</dst>
      <dst id="2">8398.6400</dst>
      <dst id="6">20.7733</dst>
      <dst id="16">1895.0667</dst>
      <dst id="14">65214.7733</dst>
      <dst id="20">6448.1422</dst>
      <dst id="11">265971.7689</dst>
      <dst id="9">1985.9111</dst>
      <dst id="17">42336.4444</dst>
      <dst id="21">12944.7378</dst>
      <dst id="15">409.1556</dst>
    </src>
    <src id="10">
      <dst id="12">17354.9867</dst>
      <dst id="19">1373.5556</dst>
      <dst id="8">1623.4400</dst>
      <dst id="18">3998.5333</dst>
      <dst id="1">4834.3289</dst>
      <dst id="5">1004.3556</dst>
      <dst id="3">24014.8978</dst>
      <dst id="22">9288.3911</dst>
      <dst id="7">6539.6800</dst>
      <dst id="2">32943.2978</dst>
      <dst id="6">19.6622</dst>
      <dst id="16">3204.6756</dst>
      <dst id="14">2010.0889</dst>
      <dst id="20">6790.1333</dst>
      <dst id="11">9353.9467</dst>
      <dst id="9">3735.5644</dst>
      <dst id="17">20349.1200</dst>
      <dst id="21">17859.6622</dst>
      <dst id="15">4067.4756</dst>
    </src>
    <src id="22">
      <dst id="12">12128.3822</dst>
      <dst id="13">3777.2533</dst>
      <dst id="19">204.8889</dst>
      <dst id="23">93.5111</dst>
      <dst id="8">2776.6667</dst>
      <dst id="18">1044.6222</dst>
      <dst id="4">17149.9289</dst>
      <dst id="1">361.4311</dst>
      <dst id="5">4798.6489</dst>
      <dst id="3">5087.7689</dst>
      <dst id="7">1186.9067</dst>
      <dst id="2">3557.2267</dst>
      <dst id="6">18.3911</dst>
      <dst id="16">0.7644</dst>
      <dst id="14">21.8133</dst>
      <dst id="11">4663.2444</dst>
      <dst id="9">3084.3822</dst>
      <dst id="17">5847.2711</dst>
      <dst id="21">2948.1778</dst>
    </src>
    <src id="7">
      <dst id="12">10004.8978</dst>
      <dst id="13">670.4444</dst>
      <dst id="19">600.9600</dst>
      <dst id="23">850.9600</dst>
      <dst id="8">99.2089</dst>
      <dst id="18">4618.1867</dst>
      <dst id="4">66853.4933</dst>
      <dst id="1">39169.2800</dst>
      <dst id="5">1803.2178</dst>
      <dst id="3">9255.5733</dst>
      <dst id="22">8619.1289</dst>
      <dst id="7">855.7867</dst>
      <dst id="2">11563.4400</dst>
      <dst id="6">171.5733</dst>
      <dst id="16">1188.7289</dst>
      <dst id="14">314.8000</dst>
      <dst id="20">718.2489</dst>
      <dst id="11">2560.2667</dst>
      <dst id="9">1748.0356</dst>
      <dst id="17">8767.2000</dst>
      <dst id="21">7739.2622</dst>
      <dst id="15">691.7422</dst>
    </src>
    <src id="2">
      <dst id="12">175964.3200</dst>
      <dst id="13">6296.4089</dst>
      <dst id="19">951.6978</dst>
      <dst id="23">0.4622</dst>
      <dst id="8">4386.6667</dst>
      <dst id="18">148796.5067</dst>
      <dst id="4">92850.6222</dst>
      <dst id="1">6947.6889</dst>
      <dst id="5">2218.9689</dst>
      <dst id="3">10277.1467</dst>
      <dst id="22">2334.1156</dst>
      <dst id="7">4901.1467</dst>
      <dst id="2">1601.4133</dst>
      <dst id="6">7982.4711</dst>
      <dst id="16">2662.8444</dst>
      <dst id="14">551.9556</dst>
      <dst id="20">2267.8133</dst>
      <dst id="11">10977.8311</dst>
      <dst id="9">2876.3289</dst>
      <dst id="17">25441.5467</dst>
      <dst id="21">12932.4978</dst>
      <dst id="15">323.7956</dst>
    </src>
    <src id="6">
      <dst id="12">10388.5511</dst>
      <dst id="13">0.6311</dst>
      <dst id="19">1.1378</dst>
      <dst id="23">47.4133</dst>
      <dst id="8">6.7644</dst>
      <dst id="18">34.8622</dst>
      <dst id="4">215.1556</dst>
      <dst id="1">3.7778</dst>
      <dst id="5">19.5644</dst>
      <dst id="3">139.1733</dst>
      <dst id="22">46.9333</dst>
      <dst id="7">35.8578</dst>
      <dst id="2">2460.9333</dst>
      <dst id="16">1.7067</dst>
      <dst id="20">52.5600</dst>
      <dst id="11">41.1467</dst>
      <dst id="9">95.3067</dst>
      <dst id="17">1144.4000</dst>
      <dst id="21">69.6178</dst>
    </src>
    <src id="16">
      <dst id="12">3557.4667</dst>
      <dst id="13">2511.6267</dst>
      <dst id="19">5135.3333</dst>
      <dst id="23">90.6400</dst>
      <dst id="8">6494.3911</dst>
      <dst id="18">46.1156</dst>
      <dst id="4">3506.1956</dst>
      <dst id="1">21643.3600</dst>
      <dst id="5">9065.8133</dst>
      <dst id="3">1891.4222</dst>
      <dst id="7">1544.4444</dst>
      <dst id="2">1526.9689</dst>
      <dst id="6">44.1778</dst>
      <dst id="16">42.3200</dst>
      <dst id="14">257.1200</dst>
      <dst id="11">830.4889</dst>
      <dst id="9">12799.3511</dst>
      <dst id="17">1606.0444</dst>
      <dst id="21">1197.8578</dst>
    </src>
    <src id="14">
      <dst id="12">26565.2267</dst>
      <dst id="13">73.4133</dst>
      <dst id="19">24.4089</dst>
      <dst id="23">27.5556</dst>
      <dst id="8">1.0667</dst>
      <dst id="18">0.3911</dst>
      <dst id="4">3861.2000</dst>
      <dst id="1">61.5378</dst>
      <dst id="5">15.5289</dst>
      <dst id="3">158.5778</dst>
      <dst id="22">46.0978</dst>
      <dst id="7">81.8311</dst>
      <dst id="2">8899.6267</dst>
      <dst id="16">9.3956</dst>
      <dst id="20">316.2133</dst>
      <dst id="11">318.9244</dst>
      <dst id="9">34.2489</dst>
      <dst id="17">6845.5822</dst>
      <dst id="21">69.1822</dst>
    </src>
    <src id="20">
      <dst id="12">13427.2533</dst>
      <dst id="13">2647.9467</dst>
      <dst id="19">89.1111</dst>
      <dst id="23">914.6667</dst>
      <dst id="8">4215.6000</dst>
      <dst id="18">581.2711</dst>
      <dst id="4">11780.5422</dst>
      <dst id="1">479.7422</dst>
      <dst id="5">2706.3556</dst>
      <dst id="3">4991.9289</dst>
      <dst id="7">342.7467</dst>
      <dst id="2">11810.3733</dst>
      <dst id="6">1092.4000</dst>
      <dst id="16">1.1733</dst>
      <dst id="14">1058.0444</dst>
      <dst id="11">4880.1244</dst>
      <dst id="9">6595.4044</dst>
      <dst id="17">45325.3067</dst>
      <dst id="21">1411.0667</dst>
    </src>
    <src id="11">
      <dst id="12">498848.2133</dst>
      <dst id="13">5776.6222</dst>
      <dst id="19">967.1378</dst>
      <dst id="23">40.1422</dst>
      <dst id="8">678.9689</dst>
      <dst id="18">964.3022</dst>
      <dst id="4">13743.6000</dst>
      <dst id="1">969.5556</dst>
      <dst id="5">2428.6311</dst>
      <dst id="3">2743.3244</dst>
      <dst id="22">6584.2667</dst>
      <dst id="7">712.4533</dst>
      <dst id="2">187472.7911</dst>
      <dst id="6">2.4178</dst>
      <dst id="16">759.3244</dst>
      <dst id="14">86.8356</dst>
      <dst id="20">1471.4133</dst>
      <dst id="11">7272.3022</dst>
      <dst id="9">2871.7156</dst>
      <dst id="17">121863.6889</dst>
      <dst id="21">2111.8756</dst>
      <dst id="15">451.1111</dst>
    </src>
    <src id="9">
      <dst id="12">633856.1511</dst>
      <dst id="13">9094.3733</dst>
      <dst id="19">377.3778</dst>
      <dst id="23">584.8800</dst>
      <dst id="8">1401.4933</dst>
      <dst id="18">335.0756</dst>
      <dst id="4">11740.4711</dst>
      <dst id="1">333.5378</dst>
      <dst id="5">2513.0489</dst>
      <dst id="3">1874.8533</dst>
      <dst id="22">2700.7467</dst>
      <dst id="7">1337.9644</dst>
      <dst id="2">222680.8444</dst>
      <dst id="6">28.0622</dst>
      <dst id="16">1874.0889</dst>
      <dst id="14">2.9333</dst>
      <dst id="20">10425.1467</dst>
      <dst id="11">3415.2978</dst>
      <dst id="9">497.4667</dst>
      <dst id="17">147034.8889</dst>
      <dst id="21">1817.5911</dst>
      <dst id="15">24613.9733</dst>
    </src>
    <src id="17">
      <dst id="12">17575.6267</dst>
      <dst id="13">23623.5111</dst>
      <dst id="19">523.9022</dst>
      <dst id="23">402.8267</dst>
      <dst id="8">249943.5911</dst>
      <dst id="18">2135.5467</dst>
      <dst id="4">44393.0667</dst>
      <dst id="1">1893.7867</dst>
      <dst id="5">293293.2533</dst>
      <dst id="3">26304.2756</dst>
      <dst id="22">11741.6889</dst>
      <dst id="7">12915.1289</dst>
      <dst id="2">18429.2444</dst>
      <dst id="6">47.8044</dst>
      <dst id="16">3359.6267</dst>
      <dst id="14">48575.5822</dst>
      <dst id="20">11762.8444</dst>
      <dst id="11">209168.3733</dst>
      <dst id="9">372459.6889</dst>
      <dst id="17">1437.4311</dst>
      <dst id="21">22802.8622</dst>
      <dst id="15">460.1422</dst>
    </src>
    <src id="21">
      <dst id="12">21562.4622</dst>
      <dst id="13">645.8844</dst>
      <dst id="19">729.3956</dst>
      <dst id="23">363.0667</dst>
      <dst id="8">794.6933</dst>
      <dst id="18">2541.1733</dst>
      <dst id="4">31928.1067</dst>
      <dst id="1">3960.1956</dst>
      <dst id="5">752.9778</dst>
      <dst id="3">2212.5778</dst>
      <dst id="22">2101.8667</dst>
      <dst id="7">3051.0578</dst>
      <dst id="2">16136.7733</dst>
      <dst id="6">115.0578</dst>
      <dst id="16">979.1556</dst>
      <dst id="14">162.2489</dst>
      <dst id="20">616.7111</dst>
      <dst id="11">838.1956</dst>
      <dst id="9">1038.9867</dst>
      <dst id="17">3685.4311</dst>
      <dst id="21">2677.2356</dst>
      <dst id="15">1424.0533</dst>
    </src>
    <src id="15">
      <dst id="12">1281.0489</dst>
      <dst id="13">3171.2444</dst>
      <dst id="19">447.0400</dst>
      <dst id="23">594.8711</dst>
      <dst id="8">18289.0400</dst>
      <dst id="18">10.5956</dst>
      <dst id="4">1389.4133</dst>
      <dst id="1">158.1600</dst>
      <dst id="5">439.7511</dst>
      <dst id="3">816.2489</dst>
      <dst id="7">1908.2489</dst>
      <dst id="2">526.3467</dst>
      <dst id="6">5.0844</dst>
      <dst id="14">0.4267</dst>
      <dst id="11">1492.2133</dst>
      <dst id="9">1698.8356</dst>
      <dst id="17">510.8622</dst>
      <dst id="21">133.4578</dst>
    </src>
  </IntraTM>
</TrafficMatrixFile>
