<?xml version="1.0" encoding="UTF-8" standalone="yes"?>
<TrafficMatrixFile xmlns:xsi="http://www.w3.org/2001/XMLSchema-instance" xsi:noNamespaceSchemaLocation="http://totem.run.montefiore.ulg.ac.be/Schema/TrafficMatrix-v1_2.xsd">
  <info>
    <title>Intradomain traffic matrix generated by geant-TM-all.pl</title>
    <date>2005-01-04T09:15:00</date>
    <duration>900</duration>
    <author>Steve Uhlig</author>
    <units>
        <unit type="bandwidth" value="kbps"/>
    </units>
  </info>
  <IntraTM ASID="20965">
    <src id="12">
      <dst id="12">224072.5422</dst>
      <dst id="13">20149.0222</dst>
      <dst id="19">3035.7511</dst>
      <dst id="23">451.0578</dst>
      <dst id="8">1604.3467</dst>
      <dst id="18">1025.8933</dst>
      <dst id="4">79598.9244</dst>
      <dst id="1">17210.1778</dst>
      <dst id="5">24788.1867</dst>
      <dst id="3">6132.5333</dst>
      <dst id="22">5614.1600</dst>
      <dst id="7">4940.3200</dst>
      <dst id="2">90198.5511</dst>
      <dst id="6">8.5867</dst>
      <dst id="16">3355.8756</dst>
      <dst id="14">742.7822</dst>
      <dst id="20">5768.4711</dst>
      <dst id="11">8202.6489</dst>
      <dst id="9">2491.4578</dst>
      <dst id="17">65698.5778</dst>
      <dst id="21">2755.2356</dst>
      <dst id="15">4520.3289</dst>
    </src>
    <src id="13">
      <dst id="12">44318.7467</dst>
      <dst id="19">7305.7956</dst>
      <dst id="23">17.3956</dst>
      <dst id="8">3258.7022</dst>
      <dst id="18">1475.6000</dst>
      <dst id="1">4003.4400</dst>
      <dst id="5">14562.5867</dst>
      <dst id="3">1936.1511</dst>
      <dst id="22">19841.1111</dst>
      <dst id="7">13601.3333</dst>
      <dst id="2">100964.0533</dst>
      <dst id="6">178.6400</dst>
      <dst id="16">9967.9289</dst>
      <dst id="14">4299.0044</dst>
      <dst id="20">16560.5778</dst>
      <dst id="11">11983.7600</dst>
      <dst id="9">11589.8933</dst>
      <dst id="17">33837.5289</dst>
      <dst id="21">12599.3956</dst>
      <dst id="15">939.6889</dst>
    </src>
    <src id="19">
      <dst id="12">20687.7956</dst>
      <dst id="13">777.3867</dst>
      <dst id="23">63.5378</dst>
      <dst id="8">0.8356</dst>
      <dst id="18">9.4400</dst>
      <dst id="4">19167.4667</dst>
      <dst id="1">2751.6711</dst>
      <dst id="5">35.4222</dst>
      <dst id="22">1800.8711</dst>
      <dst id="7">3365.6089</dst>
      <dst id="2">11799.1022</dst>
      <dst id="6">24.4800</dst>
      <dst id="16">5180.1778</dst>
      <dst id="14">1.2711</dst>
      <dst id="20">184.5511</dst>
      <dst id="11">0.7822</dst>
      <dst id="9">185.9111</dst>
      <dst id="17">533.0933</dst>
      <dst id="21">765.6889</dst>
      <dst id="15">1373.3333</dst>
    </src>
    <src id="23">
      <dst id="12">912.8533</dst>
      <dst id="13">49.6978</dst>
      <dst id="19">28.2311</dst>
      <dst id="18">19.7689</dst>
      <dst id="4">13.2178</dst>
      <dst id="1">40.6667</dst>
      <dst id="5">12.6222</dst>
      <dst id="3">206.2311</dst>
      <dst id="22">100.9333</dst>
      <dst id="7">67.6356</dst>
      <dst id="2">119.5911</dst>
      <dst id="6">1.1378</dst>
      <dst id="16">12.7911</dst>
      <dst id="20">65.6267</dst>
      <dst id="11">26.1778</dst>
      <dst id="9">369.9911</dst>
      <dst id="17">66.5511</dst>
      <dst id="21">27.6978</dst>
    </src>
    <src id="8">
      <dst id="12">328271.4044</dst>
      <dst id="13">506.6578</dst>
      <dst id="18">38.1511</dst>
      <dst id="4">3314.8711</dst>
      <dst id="1">85.7067</dst>
      <dst id="5">555.5556</dst>
      <dst id="3">29.2089</dst>
      <dst id="22">4093.2889</dst>
      <dst id="7">1051.1644</dst>
      <dst id="2">113738.4978</dst>
      <dst id="16">12892.0800</dst>
      <dst id="20">585.2889</dst>
      <dst id="11">122.4267</dst>
      <dst id="9">5983.4489</dst>
      <dst id="17">112546.5600</dst>
      <dst id="21">269.5200</dst>
      <dst id="15">20.8800</dst>
    </src>
    <src id="18">
      <dst id="12">91156.2933</dst>
      <dst id="13">424.8711</dst>
      <dst id="19">11.3689</dst>
      <dst id="23">13.6178</dst>
      <dst id="8">93.5822</dst>
      <dst id="4">2096.1511</dst>
      <dst id="1">1122.7911</dst>
      <dst id="5">175.3244</dst>
      <dst id="3">52.5867</dst>
      <dst id="22">105.7956</dst>
      <dst id="7">62.8000</dst>
      <dst id="2">22772.1422</dst>
      <dst id="16">39.1111</dst>
      <dst id="20">1.3333</dst>
      <dst id="11">26.1067</dst>
      <dst id="9">142.9422</dst>
      <dst id="17">33226.3378</dst>
      <dst id="21">245.8844</dst>
      <dst id="15">3.8133</dst>
    </src>
    <src id="4">
      <dst id="12">14354.3289</dst>
      <dst id="19">15007.1822</dst>
      <dst id="23">1.0311</dst>
      <dst id="8">341.2800</dst>
      <dst id="18">461.6622</dst>
      <dst id="1">102232.9156</dst>
      <dst id="5">1297.9022</dst>
      <dst id="3">66.2133</dst>
      <dst id="22">2913.6622</dst>
      <dst id="7">129541.0044</dst>
      <dst id="2">97224.4356</dst>
      <dst id="6">230.8267</dst>
      <dst id="16">1953.7156</dst>
      <dst id="14">1140.8356</dst>
      <dst id="20">2077.0667</dst>
      <dst id="11">2402.7911</dst>
      <dst id="9">2095.7600</dst>
      <dst id="17">29154.8622</dst>
      <dst id="21">2236.5956</dst>
      <dst id="15">214.7289</dst>
    </src>
    <src id="1">
      <dst id="12">14182.7200</dst>
      <dst id="13">891.3778</dst>
      <dst id="19">173.6267</dst>
      <dst id="23">102.8533</dst>
      <dst id="8">86336.5333</dst>
      <dst id="18">14221.0222</dst>
      <dst id="4">6039.7689</dst>
      <dst id="1">7566.0622</dst>
      <dst id="5">155501.5822</dst>
      <dst id="3">57.4222</dst>
      <dst id="22">1715.5911</dst>
      <dst id="7">1252.2578</dst>
      <dst id="2">2062.9244</dst>
      <dst id="6">7136.0178</dst>
      <dst id="16">8248.3200</dst>
      <dst id="14">38.6756</dst>
      <dst id="20">38.5689</dst>
      <dst id="11">341.7689</dst>
      <dst id="9">133492.7644</dst>
      <dst id="17">2147.4578</dst>
      <dst id="21">2304.4089</dst>
      <dst id="15">149.2267</dst>
    </src>
    <src id="5">
      <dst id="12">255741.5200</dst>
      <dst id="13">7843.2000</dst>
      <dst id="19">3.2000</dst>
      <dst id="23">13.3333</dst>
      <dst id="8">351.8933</dst>
      <dst id="18">520.2222</dst>
      <dst id="4">5404.5689</dst>
      <dst id="1">229.4489</dst>
      <dst id="3">30.7289</dst>
      <dst id="22">2865.3244</dst>
      <dst id="7">218.6756</dst>
      <dst id="2">104992.5067</dst>
      <dst id="6">15.3067</dst>
      <dst id="16">251.1467</dst>
      <dst id="14">2.4533</dst>
      <dst id="20">293.3422</dst>
      <dst id="11">675.9467</dst>
      <dst id="9">366.3733</dst>
      <dst id="17">96435.4400</dst>
      <dst id="21">310.9867</dst>
      <dst id="15">194.2844</dst>
    </src>
    <src id="3">
      <dst id="12">8941.7600</dst>
      <dst id="13">403.3244</dst>
      <dst id="19">4031.2089</dst>
      <dst id="23">9780.3822</dst>
      <dst id="8">96.3911</dst>
      <dst id="18">44514.7289</dst>
      <dst id="4">13675.9911</dst>
      <dst id="1">6542.4089</dst>
      <dst id="5">73.9200</dst>
      <dst id="3">7133.3778</dst>
      <dst id="22">1412.5778</dst>
      <dst id="7">1930.1956</dst>
      <dst id="2">3812.7289</dst>
      <dst id="6">1.2622</dst>
      <dst id="16">658.0267</dst>
      <dst id="14">27783.0400</dst>
      <dst id="20">16.4356</dst>
      <dst id="11">108426.2578</dst>
      <dst id="9">407.2178</dst>
      <dst id="17">6928.8178</dst>
      <dst id="21">7601.7867</dst>
      <dst id="15">44.6044</dst>
    </src>
    <src id="10">
      <dst id="12">10606.2133</dst>
      <dst id="19">1890.1156</dst>
      <dst id="8">908.4622</dst>
      <dst id="18">458.1600</dst>
      <dst id="1">4856.0444</dst>
      <dst id="5">245.8844</dst>
      <dst id="3">2095.3956</dst>
      <dst id="22">7612.6044</dst>
      <dst id="7">14943.2978</dst>
      <dst id="2">18855.6356</dst>
      <dst id="6">4.4533</dst>
      <dst id="16">407.9911</dst>
      <dst id="14">3389.1911</dst>
      <dst id="20">8463.8311</dst>
      <dst id="11">4398.1511</dst>
      <dst id="9">5070.4178</dst>
      <dst id="17">11378.2133</dst>
      <dst id="21">6441.0756</dst>
      <dst id="15">1770.9956</dst>
    </src>
    <src id="22">
      <dst id="12">4842.7822</dst>
      <dst id="13">7265.9911</dst>
      <dst id="19">82.1067</dst>
      <dst id="23">244.4622</dst>
      <dst id="8">662.0356</dst>
      <dst id="18">288.8178</dst>
      <dst id="4">19070.9156</dst>
      <dst id="1">90.9422</dst>
      <dst id="5">2108.3822</dst>
      <dst id="3">663.3156</dst>
      <dst id="7">195.9644</dst>
      <dst id="2">2569.5378</dst>
      <dst id="6">0.5244</dst>
      <dst id="14">8.9600</dst>
      <dst id="11">1031.8578</dst>
      <dst id="9">4698.2311</dst>
      <dst id="17">5505.9289</dst>
      <dst id="21">764.4978</dst>
    </src>
    <src id="7">
      <dst id="12">3199.9911</dst>
      <dst id="13">308.8622</dst>
      <dst id="19">112.5156</dst>
      <dst id="23">18.0178</dst>
      <dst id="8">231.1378</dst>
      <dst id="18">190.5867</dst>
      <dst id="4">10045.3867</dst>
      <dst id="1">1444.0622</dst>
      <dst id="5">1418.8267</dst>
      <dst id="3">210.1067</dst>
      <dst id="22">4896.8711</dst>
      <dst id="7">756.3378</dst>
      <dst id="2">4771.1911</dst>
      <dst id="6">13.4044</dst>
      <dst id="16">414.8622</dst>
      <dst id="14">48.1956</dst>
      <dst id="20">599.9467</dst>
      <dst id="11">362.5867</dst>
      <dst id="9">1100.0889</dst>
      <dst id="17">7596.2044</dst>
      <dst id="21">662.4533</dst>
      <dst id="15">103.7067</dst>
    </src>
    <src id="2">
      <dst id="12">64549.3867</dst>
      <dst id="13">508343.4311</dst>
      <dst id="19">195.9289</dst>
      <dst id="23">5.6800</dst>
      <dst id="8">167.1733</dst>
      <dst id="18">46798.5244</dst>
      <dst id="4">90973.0933</dst>
      <dst id="1">4026.2222</dst>
      <dst id="5">2832.6578</dst>
      <dst id="3">51.9733</dst>
      <dst id="22">3876.5867</dst>
      <dst id="7">5021.1733</dst>
      <dst id="2">585.0400</dst>
      <dst id="6">6598.1600</dst>
      <dst id="16">5119.7333</dst>
      <dst id="14">5288.0178</dst>
      <dst id="20">171.9644</dst>
      <dst id="11">3444.8356</dst>
      <dst id="9">4207.6711</dst>
      <dst id="17">25647.7511</dst>
      <dst id="21">8458.0622</dst>
      <dst id="15">68.6044</dst>
    </src>
    <src id="6">
      <dst id="12">8964.9600</dst>
      <dst id="13">47.8489</dst>
      <dst id="19">0.7111</dst>
      <dst id="23">0.3378</dst>
      <dst id="18">0.3556</dst>
      <dst id="4">1250.7644</dst>
      <dst id="1">1.9111</dst>
      <dst id="5">1.1289</dst>
      <dst id="22">1.5378</dst>
      <dst id="7">1.3600</dst>
      <dst id="2">2551.9822</dst>
      <dst id="16">61.3689</dst>
      <dst id="11">0.7733</dst>
      <dst id="9">1.7778</dst>
      <dst id="17">1332.2311</dst>
      <dst id="21">0.4889</dst>
    </src>
    <src id="16">
      <dst id="12">4260.4622</dst>
      <dst id="13">649.0133</dst>
      <dst id="19">3988.9333</dst>
      <dst id="23">4.3378</dst>
      <dst id="8">6463.8133</dst>
      <dst id="18">10.7644</dst>
      <dst id="4">5960.3911</dst>
      <dst id="1">7224.2667</dst>
      <dst id="5">785.4667</dst>
      <dst id="3">1.8667</dst>
      <dst id="7">515.4311</dst>
      <dst id="2">997.5556</dst>
      <dst id="6">13.9733</dst>
      <dst id="16">31.2178</dst>
      <dst id="11">690.3022</dst>
      <dst id="9">1106.6844</dst>
      <dst id="17">1125.8578</dst>
      <dst id="21">2362.5156</dst>
    </src>
    <src id="14">
      <dst id="12">18571.3244</dst>
      <dst id="13">49.8933</dst>
      <dst id="19">5.5644</dst>
      <dst id="23">0.6133</dst>
      <dst id="8">1.2356</dst>
      <dst id="18">1.1556</dst>
      <dst id="4">2627.8667</dst>
      <dst id="1">48.8178</dst>
      <dst id="5">50.1333</dst>
      <dst id="3">35.8311</dst>
      <dst id="22">35.2533</dst>
      <dst id="7">38.3378</dst>
      <dst id="2">4314.0889</dst>
      <dst id="6">0.3556</dst>
      <dst id="16">13.3511</dst>
      <dst id="20">0.8178</dst>
      <dst id="11">80.9333</dst>
      <dst id="9">1.0756</dst>
      <dst id="17">5802.5778</dst>
      <dst id="21">114.5867</dst>
    </src>
    <src id="20">
      <dst id="12">12665.2178</dst>
      <dst id="13">635.0489</dst>
      <dst id="19">5.9022</dst>
      <dst id="23">1.9644</dst>
      <dst id="8">95.7067</dst>
      <dst id="18">1.0311</dst>
      <dst id="4">7147.6444</dst>
      <dst id="1">131.5289</dst>
      <dst id="5">795.6978</dst>
      <dst id="3">60.4622</dst>
      <dst id="22">1.3867</dst>
      <dst id="7">2773.5022</dst>
      <dst id="2">1065.7244</dst>
      <dst id="14">0.4622</dst>
      <dst id="11">102.2933</dst>
      <dst id="9">1023.0311</dst>
      <dst id="17">668.6578</dst>
      <dst id="21">460.0000</dst>
    </src>
    <src id="11">
      <dst id="12">404333.1200</dst>
      <dst id="13">4966.2400</dst>
      <dst id="19">20.9867</dst>
      <dst id="23">2.5422</dst>
      <dst id="8">478.3289</dst>
      <dst id="18">166.1600</dst>
      <dst id="4">9809.2622</dst>
      <dst id="1">401.8133</dst>
      <dst id="5">498.0444</dst>
      <dst id="3">400.1156</dst>
      <dst id="22">4067.0133</dst>
      <dst id="7">1140.7378</dst>
      <dst id="2">147100.2756</dst>
      <dst id="6">0.4267</dst>
      <dst id="16">364.8800</dst>
      <dst id="14">95.2889</dst>
      <dst id="20">121.3511</dst>
      <dst id="11">1277.8044</dst>
      <dst id="9">942.8000</dst>
      <dst id="17">165108.1244</dst>
      <dst id="21">490.0089</dst>
      <dst id="15">41.4933</dst>
    </src>
    <src id="9">
      <dst id="12">408477.6000</dst>
      <dst id="13">2614.2489</dst>
      <dst id="19">9.5733</dst>
      <dst id="23">17.7956</dst>
      <dst id="8">439.3422</dst>
      <dst id="18">3879.6089</dst>
      <dst id="4">9867.0133</dst>
      <dst id="1">3104.8800</dst>
      <dst id="5">2166.3022</dst>
      <dst id="3">6.7733</dst>
      <dst id="22">1063.0400</dst>
      <dst id="7">81.2978</dst>
      <dst id="2">157338.5689</dst>
      <dst id="6">70.0889</dst>
      <dst id="16">187.6178</dst>
      <dst id="14">0.5244</dst>
      <dst id="20">2246.1422</dst>
      <dst id="11">376.4533</dst>
      <dst id="9">171.5556</dst>
      <dst id="17">154197.3689</dst>
      <dst id="21">100.5511</dst>
      <dst id="15">654.0622</dst>
    </src>
    <src id="17">
      <dst id="12">7446.9867</dst>
      <dst id="13">855.9111</dst>
      <dst id="19">419.3600</dst>
      <dst id="23">68.2222</dst>
      <dst id="8">99097.3511</dst>
      <dst id="18">164.8978</dst>
      <dst id="4">160110.2756</dst>
      <dst id="1">804.4000</dst>
      <dst id="5">144168.7022</dst>
      <dst id="3">3929.6356</dst>
      <dst id="22">3197.2267</dst>
      <dst id="7">3026.3378</dst>
      <dst id="2">12065.2089</dst>
      <dst id="6">12.4978</dst>
      <dst id="16">1320.6044</dst>
      <dst id="14">15698.5422</dst>
      <dst id="20">240.6222</dst>
      <dst id="11">94775.8222</dst>
      <dst id="9">138713.6267</dst>
      <dst id="17">1387.3956</dst>
      <dst id="21">7200.0000</dst>
      <dst id="15">25.6178</dst>
    </src>
    <src id="21">
      <dst id="12">29497.8311</dst>
      <dst id="13">372.8533</dst>
      <dst id="19">611.2356</dst>
      <dst id="23">4.8889</dst>
      <dst id="8">104.4178</dst>
      <dst id="18">2056.7911</dst>
      <dst id="4">10010.7289</dst>
      <dst id="1">1694.3822</dst>
      <dst id="5">153.7689</dst>
      <dst id="3">895.4667</dst>
      <dst id="22">890.6933</dst>
      <dst id="7">1235.0044</dst>
      <dst id="2">14556.3822</dst>
      <dst id="6">15.6800</dst>
      <dst id="16">985.5822</dst>
      <dst id="14">125.4133</dst>
      <dst id="20">807.6978</dst>
      <dst id="11">710.0533</dst>
      <dst id="9">182.5244</dst>
      <dst id="17">13603.6711</dst>
      <dst id="21">580.8178</dst>
      <dst id="15">46.8267</dst>
    </src>
    <src id="15">
      <dst id="12">91.1111</dst>
      <dst id="13">1145.7867</dst>
      <dst id="19">28.3911</dst>
      <dst id="8">241.6000</dst>
      <dst id="4">2178.7467</dst>
      <dst id="1">536.4889</dst>
      <dst id="5">253.9111</dst>
      <dst id="3">22.3467</dst>
      <dst id="7">3.6356</dst>
      <dst id="2">65.9378</dst>
      <dst id="6">0.4622</dst>
      <dst id="11">64.7911</dst>
      <dst id="9">387.2622</dst>
      <dst id="17">95.1822</dst>
      <dst id="21">67.4578</dst>
    </src>
  </IntraTM>
</TrafficMatrixFile>
