<?xml version="1.0" encoding="UTF-8" standalone="yes"?>
<TrafficMatrixFile xmlns:xsi="http://www.w3.org/2001/XMLSchema-instance" xsi:noNamespaceSchemaLocation="http://totem.run.montefiore.ulg.ac.be/Schema/TrafficMatrix-v1_2.xsd">
  <info>
    <title>Intradomain traffic matrix generated by geant-TM-all.pl</title>
    <date>2005-01-02T08:00:00</date>
    <duration>900</duration>
    <author>Steve Uhlig</author>
    <units>
        <unit type="bandwidth" value="kbps"/>
    </units>
  </info>
  <IntraTM ASID="20965">
    <src id="12">
      <dst id="12">258375.3333</dst>
      <dst id="13">20979.4667</dst>
      <dst id="19">2687.6889</dst>
      <dst id="23">10694.7289</dst>
      <dst id="8">4093.0578</dst>
      <dst id="18">504.3911</dst>
      <dst id="4">98322.8444</dst>
      <dst id="1">7576.8978</dst>
      <dst id="5">3162.2578</dst>
      <dst id="3">7915.6089</dst>
      <dst id="22">11540.6400</dst>
      <dst id="7">8295.7511</dst>
      <dst id="2">85967.1022</dst>
      <dst id="6">78.3289</dst>
      <dst id="16">4479.6089</dst>
      <dst id="14">151.1289</dst>
      <dst id="20">2822.3378</dst>
      <dst id="11">7944.4000</dst>
      <dst id="9">11394.8622</dst>
      <dst id="17">70468.3022</dst>
      <dst id="21">10464.2133</dst>
      <dst id="15">375.3778</dst>
    </src>
    <src id="13">
      <dst id="12">114108.9867</dst>
      <dst id="19">9242.6667</dst>
      <dst id="23">28.2489</dst>
      <dst id="8">8931.7689</dst>
      <dst id="18">4380.6400</dst>
      <dst id="1">3525.1022</dst>
      <dst id="5">8468.6222</dst>
      <dst id="3">7267.8311</dst>
      <dst id="22">25219.2622</dst>
      <dst id="7">12325.4133</dst>
      <dst id="2">144492.1333</dst>
      <dst id="6">71.5289</dst>
      <dst id="16">8994.6844</dst>
      <dst id="14">1652.1067</dst>
      <dst id="20">26251.4756</dst>
      <dst id="11">12902.0089</dst>
      <dst id="9">18941.6267</dst>
      <dst id="17">37142.0356</dst>
      <dst id="21">23486.6933</dst>
      <dst id="15">2293.7156</dst>
    </src>
    <src id="19">
      <dst id="12">15286.5689</dst>
      <dst id="13">913.8844</dst>
      <dst id="8">51.3422</dst>
      <dst id="18">68.3911</dst>
      <dst id="4">22039.5022</dst>
      <dst id="1">673.4222</dst>
      <dst id="5">4.6933</dst>
      <dst id="3">1.0667</dst>
      <dst id="22">2725.5556</dst>
      <dst id="7">2932.8622</dst>
      <dst id="2">757.9644</dst>
      <dst id="6">76.6933</dst>
      <dst id="16">5459.0489</dst>
      <dst id="14">2.0800</dst>
      <dst id="20">74.5067</dst>
      <dst id="11">404.9956</dst>
      <dst id="9">4482.0000</dst>
      <dst id="17">427.2089</dst>
      <dst id="21">4388.0000</dst>
      <dst id="15">2654.8800</dst>
    </src>
    <src id="23">
      <dst id="12">387.7956</dst>
      <dst id="13">117.4133</dst>
      <dst id="19">0.9689</dst>
      <dst id="8">41.4222</dst>
      <dst id="18">67.3600</dst>
      <dst id="4">58.3200</dst>
      <dst id="1">245.3333</dst>
      <dst id="5">2.3911</dst>
      <dst id="3">38.0089</dst>
      <dst id="22">123.5822</dst>
      <dst id="7">21.4044</dst>
      <dst id="2">141.6356</dst>
      <dst id="16">4.1244</dst>
      <dst id="11">40.4622</dst>
      <dst id="9">393.9200</dst>
      <dst id="17">529.8489</dst>
      <dst id="21">1552.7822</dst>
      <dst id="15">1.1378</dst>
    </src>
    <src id="8">
      <dst id="12">327736.6400</dst>
      <dst id="13">397.7956</dst>
      <dst id="19">43.8756</dst>
      <dst id="23">30.3289</dst>
      <dst id="18">60.0178</dst>
      <dst id="4">6529.8578</dst>
      <dst id="1">66.1956</dst>
      <dst id="5">1454.2667</dst>
      <dst id="3">0.3200</dst>
      <dst id="22">2302.1956</dst>
      <dst id="7">75.0489</dst>
      <dst id="2">118585.5467</dst>
      <dst id="16">448.7200</dst>
      <dst id="20">231.5111</dst>
      <dst id="11">1397.6178</dst>
      <dst id="9">591.4667</dst>
      <dst id="17">124160.1511</dst>
      <dst id="21">199.8489</dst>
      <dst id="15">260.5333</dst>
    </src>
    <src id="18">
      <dst id="12">102750.6400</dst>
      <dst id="13">267.9289</dst>
      <dst id="19">3.8044</dst>
      <dst id="23">2.5244</dst>
      <dst id="8">50.0267</dst>
      <dst id="4">2370.9600</dst>
      <dst id="1">1154.6044</dst>
      <dst id="5">164.2667</dst>
      <dst id="3">28.3467</dst>
      <dst id="22">412.0889</dst>
      <dst id="7">45.8311</dst>
      <dst id="2">34967.6178</dst>
      <dst id="16">11.9378</dst>
      <dst id="14">62.2222</dst>
      <dst id="20">45.9822</dst>
      <dst id="11">156.3644</dst>
      <dst id="9">326.0444</dst>
      <dst id="17">40762.8711</dst>
      <dst id="21">437.5822</dst>
      <dst id="15">3.4133</dst>
    </src>
    <src id="4">
      <dst id="12">12108.7733</dst>
      <dst id="19">5393.1289</dst>
      <dst id="23">9.2444</dst>
      <dst id="8">1458.7644</dst>
      <dst id="18">1023.6533</dst>
      <dst id="4">0.9600</dst>
      <dst id="1">17685.8489</dst>
      <dst id="5">1054.6222</dst>
      <dst id="3">38.2578</dst>
      <dst id="22">5400.3200</dst>
      <dst id="7">6338.9867</dst>
      <dst id="2">45944.2133</dst>
      <dst id="6">11.4667</dst>
      <dst id="16">2425.4489</dst>
      <dst id="14">1872.9778</dst>
      <dst id="20">2196.2311</dst>
      <dst id="11">6591.4133</dst>
      <dst id="9">3607.5111</dst>
      <dst id="17">41289.7600</dst>
      <dst id="21">5517.5378</dst>
      <dst id="15">532.1067</dst>
    </src>
    <src id="1">
      <dst id="12">14538.8800</dst>
      <dst id="13">1254.0089</dst>
      <dst id="19">228.8356</dst>
      <dst id="23">40.7644</dst>
      <dst id="8">145111.2622</dst>
      <dst id="18">9127.2089</dst>
      <dst id="4">21810.0356</dst>
      <dst id="1">9152.5511</dst>
      <dst id="5">201758.4267</dst>
      <dst id="3">8.9600</dst>
      <dst id="22">3685.9289</dst>
      <dst id="7">2362.8356</dst>
      <dst id="2">8160.0978</dst>
      <dst id="6">9137.5467</dst>
      <dst id="16">6962.0178</dst>
      <dst id="14">68.5600</dst>
      <dst id="20">141.9200</dst>
      <dst id="11">399.7956</dst>
      <dst id="9">216748.3911</dst>
      <dst id="17">2601.3956</dst>
      <dst id="21">1649.4844</dst>
      <dst id="15">86.2756</dst>
    </src>
    <src id="5">
      <dst id="12">273702.8622</dst>
      <dst id="13">1518.5333</dst>
      <dst id="19">125.9644</dst>
      <dst id="23">133.7956</dst>
      <dst id="8">2672.4889</dst>
      <dst id="18">408.5689</dst>
      <dst id="4">5541.6889</dst>
      <dst id="1">215.4311</dst>
      <dst id="3">13.6889</dst>
      <dst id="22">5479.4311</dst>
      <dst id="7">47.5911</dst>
      <dst id="2">120351.3422</dst>
      <dst id="6">1.0311</dst>
      <dst id="16">465.9467</dst>
      <dst id="14">1.5200</dst>
      <dst id="20">18272.9511</dst>
      <dst id="11">3331.2267</dst>
      <dst id="9">1610.3378</dst>
      <dst id="17">105092.4978</dst>
      <dst id="21">502.4622</dst>
      <dst id="15">289.8578</dst>
    </src>
    <src id="3">
      <dst id="12">13737.4044</dst>
      <dst id="13">446.5067</dst>
      <dst id="19">4637.2444</dst>
      <dst id="23">30.2489</dst>
      <dst id="8">18.7022</dst>
      <dst id="18">83083.9467</dst>
      <dst id="4">29120.8000</dst>
      <dst id="1">4783.3156</dst>
      <dst id="5">377.5556</dst>
      <dst id="3">10848.4444</dst>
      <dst id="22">1724.1511</dst>
      <dst id="7">1943.6356</dst>
      <dst id="2">6245.9556</dst>
      <dst id="6">0.5600</dst>
      <dst id="16">1108.2133</dst>
      <dst id="14">34764.0267</dst>
      <dst id="20">137.7511</dst>
      <dst id="11">141014.3200</dst>
      <dst id="9">183.3067</dst>
      <dst id="17">12366.5600</dst>
      <dst id="21">4674.2667</dst>
      <dst id="15">63.0400</dst>
    </src>
    <src id="10">
      <dst id="12">15040.1867</dst>
      <dst id="19">850.9867</dst>
      <dst id="8">653.3422</dst>
      <dst id="18">7375.0489</dst>
      <dst id="1">1080.3378</dst>
      <dst id="5">954.5778</dst>
      <dst id="3">13409.7689</dst>
      <dst id="22">5242.7200</dst>
      <dst id="7">14932.7289</dst>
      <dst id="2">31185.2978</dst>
      <dst id="6">0.9067</dst>
      <dst id="16">844.2400</dst>
      <dst id="14">1073.2178</dst>
      <dst id="20">1644.7289</dst>
      <dst id="11">2419.1200</dst>
      <dst id="9">7249.9822</dst>
      <dst id="17">32546.0622</dst>
      <dst id="21">16745.3867</dst>
      <dst id="15">2487.5822</dst>
    </src>
    <src id="22">
      <dst id="12">10904.6933</dst>
      <dst id="13">2078.8089</dst>
      <dst id="19">136.7378</dst>
      <dst id="23">16.4444</dst>
      <dst id="8">1408.9689</dst>
      <dst id="18">784.2578</dst>
      <dst id="4">19722.0978</dst>
      <dst id="1">201.2444</dst>
      <dst id="5">6113.4578</dst>
      <dst id="3">609.0400</dst>
      <dst id="7">5615.8933</dst>
      <dst id="2">4358.4178</dst>
      <dst id="6">1.3244</dst>
      <dst id="16">16.0533</dst>
      <dst id="14">17.9200</dst>
      <dst id="11">4592.2044</dst>
      <dst id="9">2060.4889</dst>
      <dst id="17">3479.6356</dst>
      <dst id="21">870.9600</dst>
    </src>
    <src id="7">
      <dst id="12">3229.1822</dst>
      <dst id="13">199.7689</dst>
      <dst id="19">164.3289</dst>
      <dst id="23">331.7600</dst>
      <dst id="8">789.3333</dst>
      <dst id="18">391.2711</dst>
      <dst id="4">35743.8933</dst>
      <dst id="1">12038.8978</dst>
      <dst id="5">1779.8311</dst>
      <dst id="3">431.3067</dst>
      <dst id="22">12019.8044</dst>
      <dst id="7">878.9689</dst>
      <dst id="2">6177.5644</dst>
      <dst id="6">32.3022</dst>
      <dst id="16">744.6133</dst>
      <dst id="14">121.1556</dst>
      <dst id="20">642.4444</dst>
      <dst id="11">1248.8622</dst>
      <dst id="9">630.8711</dst>
      <dst id="17">8066.2578</dst>
      <dst id="21">10725.1556</dst>
      <dst id="15">2054.5956</dst>
    </src>
    <src id="2">
      <dst id="12">93267.2089</dst>
      <dst id="13">11295.8400</dst>
      <dst id="19">8210.4000</dst>
      <dst id="8">3146.5867</dst>
      <dst id="18">65886.3911</dst>
      <dst id="4">111204.7378</dst>
      <dst id="1">2635.7867</dst>
      <dst id="5">702.1689</dst>
      <dst id="3">14.3111</dst>
      <dst id="22">4601.3067</dst>
      <dst id="7">3478.1511</dst>
      <dst id="2">740.3022</dst>
      <dst id="6">7419.3511</dst>
      <dst id="16">2675.5111</dst>
      <dst id="14">9024.0533</dst>
      <dst id="20">905.5022</dst>
      <dst id="11">4173.8578</dst>
      <dst id="9">1892.9156</dst>
      <dst id="17">45281.9733</dst>
      <dst id="21">6259.2800</dst>
      <dst id="15">148.9511</dst>
    </src>
    <src id="6">
      <dst id="12">7808.8267</dst>
      <dst id="13">5.3867</dst>
      <dst id="19">15.5644</dst>
      <dst id="4">17.6356</dst>
      <dst id="1">0.8000</dst>
      <dst id="5">3.2089</dst>
      <dst id="22">11.4667</dst>
      <dst id="7">1.0489</dst>
      <dst id="2">1705.4933</dst>
      <dst id="16">0.3378</dst>
      <dst id="11">0.5244</dst>
      <dst id="9">1.2356</dst>
      <dst id="17">1021.4667</dst>
      <dst id="21">24.8978</dst>
    </src>
    <src id="16">
      <dst id="12">2659.6000</dst>
      <dst id="13">1160.2578</dst>
      <dst id="19">3049.4133</dst>
      <dst id="23">2.3911</dst>
      <dst id="8">3252.0267</dst>
      <dst id="18">2.9333</dst>
      <dst id="4">5961.3867</dst>
      <dst id="1">5157.2533</dst>
      <dst id="5">2259.7156</dst>
      <dst id="3">0.4622</dst>
      <dst id="7">1886.7378</dst>
      <dst id="2">615.6978</dst>
      <dst id="16">45.5556</dst>
      <dst id="14">319.2889</dst>
      <dst id="11">325.0311</dst>
      <dst id="9">3749.2622</dst>
      <dst id="17">1706.4089</dst>
      <dst id="21">2456.5244</dst>
    </src>
    <src id="14">
      <dst id="12">19193.4311</dst>
      <dst id="13">122.1067</dst>
      <dst id="19">59.8400</dst>
      <dst id="4">2084.1422</dst>
      <dst id="1">24.0800</dst>
      <dst id="5">41.1200</dst>
      <dst id="3">44.1333</dst>
      <dst id="22">18.2844</dst>
      <dst id="7">93.5733</dst>
      <dst id="2">6924.9511</dst>
      <dst id="16">5.2978</dst>
      <dst id="20">4.1422</dst>
      <dst id="11">45.9822</dst>
      <dst id="9">16.8800</dst>
      <dst id="17">7873.8667</dst>
      <dst id="21">133.9467</dst>
    </src>
    <src id="20">
      <dst id="12">4102.9867</dst>
      <dst id="13">1526.6756</dst>
      <dst id="19">3563.0489</dst>
      <dst id="8">163.9911</dst>
      <dst id="18">56.3022</dst>
      <dst id="4">10964.8267</dst>
      <dst id="1">214.7378</dst>
      <dst id="5">1517.3156</dst>
      <dst id="3">1570.9600</dst>
      <dst id="7">214.4089</dst>
      <dst id="2">2714.4533</dst>
      <dst id="6">1.1822</dst>
      <dst id="14">0.4267</dst>
      <dst id="11">153.4489</dst>
      <dst id="9">5391.2000</dst>
      <dst id="17">868.5956</dst>
      <dst id="21">241.2889</dst>
    </src>
    <src id="11">
      <dst id="12">427914.3111</dst>
      <dst id="13">2896.9689</dst>
      <dst id="19">28.6311</dst>
      <dst id="23">3.5378</dst>
      <dst id="8">420.2756</dst>
      <dst id="18">501.1644</dst>
      <dst id="4">16073.6000</dst>
      <dst id="1">551.2800</dst>
      <dst id="5">1472.8889</dst>
      <dst id="3">571.7244</dst>
      <dst id="22">3104.3200</dst>
      <dst id="7">211.1111</dst>
      <dst id="2">184142.7733</dst>
      <dst id="6">11.9200</dst>
      <dst id="16">1181.8400</dst>
      <dst id="14">63.6267</dst>
      <dst id="20">1129.6444</dst>
      <dst id="11">1518.7467</dst>
      <dst id="9">1817.8844</dst>
      <dst id="17">155995.9289</dst>
      <dst id="21">677.1289</dst>
      <dst id="15">384.6133</dst>
    </src>
    <src id="9">
      <dst id="12">445335.5911</dst>
      <dst id="13">4615.9467</dst>
      <dst id="19">344.8000</dst>
      <dst id="23">15.3244</dst>
      <dst id="8">274.7911</dst>
      <dst id="18">203.5467</dst>
      <dst id="4">17669.8756</dst>
      <dst id="1">152.9333</dst>
      <dst id="5">2186.0711</dst>
      <dst id="22">3815.8756</dst>
      <dst id="7">115.9022</dst>
      <dst id="2">176101.3778</dst>
      <dst id="6">26.0178</dst>
      <dst id="16">314.2844</dst>
      <dst id="14">25.8844</dst>
      <dst id="20">8483.6800</dst>
      <dst id="11">1960.5156</dst>
      <dst id="9">701.6800</dst>
      <dst id="17">187227.6444</dst>
      <dst id="21">692.6133</dst>
      <dst id="15">12496.0711</dst>
    </src>
    <src id="17">
      <dst id="12">7243.2889</dst>
      <dst id="13">2345.9111</dst>
      <dst id="19">8085.1111</dst>
      <dst id="23">165.2711</dst>
      <dst id="8">154298.7200</dst>
      <dst id="18">10782.8267</dst>
      <dst id="4">170264.1689</dst>
      <dst id="1">12285.7156</dst>
      <dst id="5">198682.3111</dst>
      <dst id="3">13127.1378</dst>
      <dst id="22">8552.8533</dst>
      <dst id="7">13626.9956</dst>
      <dst id="2">11663.6356</dst>
      <dst id="6">26.8089</dst>
      <dst id="16">1436.9778</dst>
      <dst id="14">24758.5600</dst>
      <dst id="20">374.4178</dst>
      <dst id="11">111760.8267</dst>
      <dst id="9">199015.6356</dst>
      <dst id="17">1440.9511</dst>
      <dst id="21">8230.5067</dst>
      <dst id="15">305.2800</dst>
    </src>
    <src id="21">
      <dst id="12">19917.6178</dst>
      <dst id="13">2555.9733</dst>
      <dst id="19">243.8400</dst>
      <dst id="23">163.9022</dst>
      <dst id="8">512.4711</dst>
      <dst id="18">289.8933</dst>
      <dst id="4">36112.0356</dst>
      <dst id="1">1108.6044</dst>
      <dst id="5">333.1822</dst>
      <dst id="3">1447.2178</dst>
      <dst id="22">3406.0000</dst>
      <dst id="7">3457.9822</dst>
      <dst id="2">8944.4444</dst>
      <dst id="6">2.0800</dst>
      <dst id="16">398.4356</dst>
      <dst id="14">102.2044</dst>
      <dst id="20">41.1556</dst>
      <dst id="11">1590.3378</dst>
      <dst id="9">489.6622</dst>
      <dst id="17">6760.8000</dst>
      <dst id="21">2141.3422</dst>
      <dst id="15">10.9422</dst>
    </src>
    <src id="15">
      <dst id="12">9582.5956</dst>
      <dst id="13">839.8489</dst>
      <dst id="19">96.5778</dst>
      <dst id="23">1.2089</dst>
      <dst id="8">29.0311</dst>
      <dst id="18">12.1600</dst>
      <dst id="4">3608.0533</dst>
      <dst id="1">845.9200</dst>
      <dst id="5">18.5778</dst>
      <dst id="3">11.7067</dst>
      <dst id="7">1407.0667</dst>
      <dst id="2">1130.2222</dst>
      <dst id="11">31.0044</dst>
      <dst id="9">588.5422</dst>
      <dst id="17">9546.6311</dst>
      <dst id="21">102.9156</dst>
    </src>
  </IntraTM>
</TrafficMatrixFile>
