<?xml version="1.0" encoding="UTF-8" standalone="yes"?>
<TrafficMatrixFile xmlns:xsi="http://www.w3.org/2001/XMLSchema-instance" xsi:noNamespaceSchemaLocation="http://totem.run.montefiore.ulg.ac.be/Schema/TrafficMatrix-v1_2.xsd">
  <info>
    <title>Intradomain traffic matrix generated by geant-TM-all.pl</title>
    <date>2005-01-04T12:00:00</date>
    <duration>900</duration>
    <author>Steve Uhlig</author>
    <units>
        <unit type="bandwidth" value="kbps"/>
    </units>
  </info>
  <IntraTM ASID="20965">
    <src id="12">
      <dst id="12">177430.5956</dst>
      <dst id="13">15212.2222</dst>
      <dst id="19">1751.6178</dst>
      <dst id="23">8.8711</dst>
      <dst id="8">2431.6267</dst>
      <dst id="18">165.2089</dst>
      <dst id="4">68387.1289</dst>
      <dst id="1">7610.0533</dst>
      <dst id="5">1167.9111</dst>
      <dst id="3">6563.2178</dst>
      <dst id="22">6310.8622</dst>
      <dst id="7">4867.5911</dst>
      <dst id="2">65603.6622</dst>
      <dst id="6">44.6578</dst>
      <dst id="16">6157.1733</dst>
      <dst id="14">155.3511</dst>
      <dst id="20">4552.1156</dst>
      <dst id="11">4205.3867</dst>
      <dst id="9">4496.4889</dst>
      <dst id="17">61177.4844</dst>
      <dst id="21">2289.8667</dst>
      <dst id="15">4302.4444</dst>
    </src>
    <src id="13">
      <dst id="12">28818.1600</dst>
      <dst id="19">32039.8044</dst>
      <dst id="23">10.3911</dst>
      <dst id="8">1088.2578</dst>
      <dst id="18">809.5378</dst>
      <dst id="1">4172.3467</dst>
      <dst id="5">8676.5244</dst>
      <dst id="3">5006.3111</dst>
      <dst id="22">14370.1956</dst>
      <dst id="7">6398.6044</dst>
      <dst id="2">83822.1867</dst>
      <dst id="6">49.5556</dst>
      <dst id="16">10404.1333</dst>
      <dst id="14">4014.7289</dst>
      <dst id="20">4981.6356</dst>
      <dst id="11">10977.6978</dst>
      <dst id="9">8708.3378</dst>
      <dst id="17">38728.5244</dst>
      <dst id="21">14180.8533</dst>
      <dst id="15">607.8133</dst>
    </src>
    <src id="19">
      <dst id="12">13577.0489</dst>
      <dst id="13">541.0044</dst>
      <dst id="8">13.3333</dst>
      <dst id="18">1.5556</dst>
      <dst id="4">24296.6222</dst>
      <dst id="1">425.6622</dst>
      <dst id="5">6.4711</dst>
      <dst id="22">114.5422</dst>
      <dst id="7">2793.1911</dst>
      <dst id="2">84.1067</dst>
      <dst id="6">28.0000</dst>
      <dst id="16">8016.1422</dst>
      <dst id="14">0.3733</dst>
      <dst id="20">1.2444</dst>
      <dst id="11">59.7156</dst>
      <dst id="9">77.9022</dst>
      <dst id="17">819.5556</dst>
      <dst id="21">220.0178</dst>
      <dst id="15">1.6711</dst>
    </src>
    <src id="23">
      <dst id="12">73.2267</dst>
      <dst id="13">4.8711</dst>
      <dst id="8">13.3333</dst>
      <dst id="18">0.4978</dst>
      <dst id="4">19.4489</dst>
      <dst id="1">79.4933</dst>
      <dst id="5">13.2089</dst>
      <dst id="3">391.6533</dst>
      <dst id="22">608.5511</dst>
      <dst id="7">92.0889</dst>
      <dst id="2">2.2933</dst>
      <dst id="6">1.1378</dst>
      <dst id="16">44.0533</dst>
      <dst id="20">27.9200</dst>
      <dst id="11">14.1778</dst>
      <dst id="9">422.8000</dst>
      <dst id="17">205.6533</dst>
      <dst id="21">61.2089</dst>
      <dst id="15">40.0000</dst>
    </src>
    <src id="8">
      <dst id="12">243609.7156</dst>
      <dst id="13">533.9111</dst>
      <dst id="19">1.2622</dst>
      <dst id="18">27.0222</dst>
      <dst id="4">5999.8489</dst>
      <dst id="1">67.7867</dst>
      <dst id="5">354.4178</dst>
      <dst id="3">37.8667</dst>
      <dst id="22">483.5022</dst>
      <dst id="7">2167.6267</dst>
      <dst id="2">92975.4044</dst>
      <dst id="6">1.3067</dst>
      <dst id="16">76.2578</dst>
      <dst id="20">433.7689</dst>
      <dst id="11">364.2133</dst>
      <dst id="9">545.1378</dst>
      <dst id="17">93895.6711</dst>
      <dst id="21">208.3911</dst>
      <dst id="15">58.9333</dst>
    </src>
    <src id="18">
      <dst id="12">86648.5689</dst>
      <dst id="13">51.7156</dst>
      <dst id="19">1.5644</dst>
      <dst id="23">0.4978</dst>
      <dst id="8">30.9867</dst>
      <dst id="4">1173.1556</dst>
      <dst id="1">876.4711</dst>
      <dst id="5">232.0444</dst>
      <dst id="3">15.3511</dst>
      <dst id="22">28.0178</dst>
      <dst id="7">58.9600</dst>
      <dst id="2">21982.9244</dst>
      <dst id="16">25.9644</dst>
      <dst id="20">6.6933</dst>
      <dst id="11">22.2667</dst>
      <dst id="9">72.8622</dst>
      <dst id="17">33093.4133</dst>
      <dst id="21">133.5200</dst>
      <dst id="15">1.2533</dst>
    </src>
    <src id="4">
      <dst id="12">8414.2133</dst>
      <dst id="19">15267.0133</dst>
      <dst id="8">2539.8044</dst>
      <dst id="18">1632.7200</dst>
      <dst id="4">1.0667</dst>
      <dst id="1">97283.6444</dst>
      <dst id="5">1449.4489</dst>
      <dst id="3">967.7156</dst>
      <dst id="22">2802.8356</dst>
      <dst id="7">140923.9289</dst>
      <dst id="2">76886.9244</dst>
      <dst id="6">155.4311</dst>
      <dst id="16">1132.4178</dst>
      <dst id="14">670.7822</dst>
      <dst id="20">115.9289</dst>
      <dst id="11">2226.8089</dst>
      <dst id="9">1348.5778</dst>
      <dst id="17">14816.9956</dst>
      <dst id="21">2493.5911</dst>
      <dst id="15">255.3867</dst>
    </src>
    <src id="1">
      <dst id="12">14883.2178</dst>
      <dst id="13">372.7556</dst>
      <dst id="19">138.7111</dst>
      <dst id="23">24.5689</dst>
      <dst id="8">62157.3689</dst>
      <dst id="18">12763.3333</dst>
      <dst id="4">13258.0889</dst>
      <dst id="1">4339.5378</dst>
      <dst id="5">112506.2844</dst>
      <dst id="3">93.3422</dst>
      <dst id="22">3239.4756</dst>
      <dst id="7">3808.7733</dst>
      <dst id="2">2812.6844</dst>
      <dst id="6">4593.9022</dst>
      <dst id="16">13552.6133</dst>
      <dst id="14">197.6267</dst>
      <dst id="20">66.0178</dst>
      <dst id="11">294.6133</dst>
      <dst id="9">122682.5422</dst>
      <dst id="17">3893.5289</dst>
      <dst id="21">2007.4756</dst>
      <dst id="15">149.7156</dst>
    </src>
    <src id="5">
      <dst id="12">221673.1822</dst>
      <dst id="13">12984.4889</dst>
      <dst id="23">1.1733</dst>
      <dst id="8">103.6622</dst>
      <dst id="18">487.5467</dst>
      <dst id="4">5228.7911</dst>
      <dst id="1">313.7600</dst>
      <dst id="3">7.7956</dst>
      <dst id="22">1368.6311</dst>
      <dst id="7">68.3200</dst>
      <dst id="2">89738.4089</dst>
      <dst id="6">23.4311</dst>
      <dst id="16">84.6667</dst>
      <dst id="14">0.4622</dst>
      <dst id="20">158.3911</dst>
      <dst id="11">737.0756</dst>
      <dst id="9">3080.2133</dst>
      <dst id="17">76900.1067</dst>
      <dst id="21">289.3244</dst>
      <dst id="15">1743.0933</dst>
    </src>
    <src id="3">
      <dst id="12">16671.4756</dst>
      <dst id="13">338.9244</dst>
      <dst id="19">511.6800</dst>
      <dst id="23">12491.9467</dst>
      <dst id="8">34.4889</dst>
      <dst id="18">46360.5956</dst>
      <dst id="4">40846.3556</dst>
      <dst id="1">4233.0844</dst>
      <dst id="5">280.1156</dst>
      <dst id="3">8654.5244</dst>
      <dst id="22">2471.8667</dst>
      <dst id="7">1466.2667</dst>
      <dst id="2">4250.5867</dst>
      <dst id="6">2.8800</dst>
      <dst id="16">381.3422</dst>
      <dst id="14">12807.3600</dst>
      <dst id="20">4.8356</dst>
      <dst id="11">88343.3244</dst>
      <dst id="9">78.6044</dst>
      <dst id="17">4286.3644</dst>
      <dst id="21">3938.3822</dst>
      <dst id="15">48.4889</dst>
    </src>
    <src id="10">
      <dst id="12">6975.8578</dst>
      <dst id="19">7070.2311</dst>
      <dst id="8">774.0267</dst>
      <dst id="18">516.7733</dst>
      <dst id="1">3595.3511</dst>
      <dst id="5">353.8933</dst>
      <dst id="3">2922.0622</dst>
      <dst id="22">6753.5733</dst>
      <dst id="7">81158.9244</dst>
      <dst id="2">21968.0000</dst>
      <dst id="6">1.4756</dst>
      <dst id="16">462.4178</dst>
      <dst id="14">297.7067</dst>
      <dst id="20">7649.9467</dst>
      <dst id="11">1778.3822</dst>
      <dst id="9">4472.3911</dst>
      <dst id="17">18788.3289</dst>
      <dst id="21">6311.9022</dst>
      <dst id="15">67.2978</dst>
    </src>
    <src id="22">
      <dst id="12">2451.4133</dst>
      <dst id="13">7759.8222</dst>
      <dst id="19">12.9333</dst>
      <dst id="23">49.1378</dst>
      <dst id="8">780.4444</dst>
      <dst id="18">290.5333</dst>
      <dst id="4">12291.1822</dst>
      <dst id="1">663.2356</dst>
      <dst id="5">4162.4267</dst>
      <dst id="3">360.2133</dst>
      <dst id="7">1487.7333</dst>
      <dst id="2">1750.5333</dst>
      <dst id="6">0.4622</dst>
      <dst id="14">34.6311</dst>
      <dst id="11">1136.0444</dst>
      <dst id="9">3023.6622</dst>
      <dst id="17">2450.0000</dst>
      <dst id="21">556.9422</dst>
    </src>
    <src id="7">
      <dst id="12">2606.9689</dst>
      <dst id="13">426.4178</dst>
      <dst id="19">212.5778</dst>
      <dst id="23">85.0489</dst>
      <dst id="8">401.4044</dst>
      <dst id="18">118.9422</dst>
      <dst id="4">37586.1778</dst>
      <dst id="1">1061.4489</dst>
      <dst id="5">1368.4178</dst>
      <dst id="3">200.2667</dst>
      <dst id="22">3578.6489</dst>
      <dst id="7">829.6178</dst>
      <dst id="2">12036.7467</dst>
      <dst id="6">22.6311</dst>
      <dst id="16">639.3867</dst>
      <dst id="14">31.6267</dst>
      <dst id="20">496.5244</dst>
      <dst id="11">405.5289</dst>
      <dst id="9">1076.5511</dst>
      <dst id="17">5568.6756</dst>
      <dst id="21">987.4133</dst>
      <dst id="15">247.0667</dst>
    </src>
    <src id="2">
      <dst id="12">44937.9467</dst>
      <dst id="13">503408.5600</dst>
      <dst id="19">131.6533</dst>
      <dst id="8">78.8800</dst>
      <dst id="18">43166.3911</dst>
      <dst id="4">89257.5289</dst>
      <dst id="1">9555.0222</dst>
      <dst id="5">2789.7333</dst>
      <dst id="3">42.8178</dst>
      <dst id="22">524.0622</dst>
      <dst id="7">3471.0933</dst>
      <dst id="2">543.2178</dst>
      <dst id="6">6232.0889</dst>
      <dst id="16">4487.3956</dst>
      <dst id="14">5273.7689</dst>
      <dst id="20">260.5156</dst>
      <dst id="11">6814.4444</dst>
      <dst id="9">5188.9600</dst>
      <dst id="17">58694.4711</dst>
      <dst id="21">551.3333</dst>
      <dst id="15">2.5956</dst>
    </src>
    <src id="6">
      <dst id="12">7818.9600</dst>
      <dst id="13">3.4844</dst>
      <dst id="19">88.7111</dst>
      <dst id="18">0.6756</dst>
      <dst id="4">766.0444</dst>
      <dst id="1">0.4978</dst>
      <dst id="5">0.8800</dst>
      <dst id="3">0.3556</dst>
      <dst id="22">12.6133</dst>
      <dst id="7">1.0667</dst>
      <dst id="2">1740.8978</dst>
      <dst id="16">1.4400</dst>
      <dst id="20">0.7111</dst>
      <dst id="17">1300.3200</dst>
      <dst id="21">2.0356</dst>
    </src>
    <src id="16">
      <dst id="12">3148.0267</dst>
      <dst id="13">191.7333</dst>
      <dst id="19">2847.1111</dst>
      <dst id="23">3.6978</dst>
      <dst id="8">1929.5022</dst>
      <dst id="18">6.3200</dst>
      <dst id="4">6424.5867</dst>
      <dst id="1">9817.5289</dst>
      <dst id="5">1005.3511</dst>
      <dst id="7">578.2489</dst>
      <dst id="2">650.9067</dst>
      <dst id="6">13.7956</dst>
      <dst id="16">22.4178</dst>
      <dst id="14">24.8889</dst>
      <dst id="11">44.2933</dst>
      <dst id="9">3758.1511</dst>
      <dst id="17">1117.8933</dst>
      <dst id="21">2012.8178</dst>
    </src>
    <src id="14">
      <dst id="12">18990.5778</dst>
      <dst id="13">30.8533</dst>
      <dst id="19">9.6889</dst>
      <dst id="23">0.4622</dst>
      <dst id="18">1.2178</dst>
      <dst id="4">3215.7600</dst>
      <dst id="1">67.4222</dst>
      <dst id="5">1.3689</dst>
      <dst id="3">30.9600</dst>
      <dst id="22">48.2844</dst>
      <dst id="7">68.6489</dst>
      <dst id="2">3817.7600</dst>
      <dst id="16">0.3556</dst>
      <dst id="11">31.9556</dst>
      <dst id="9">3.3156</dst>
      <dst id="17">3898.4089</dst>
      <dst id="21">59.3156</dst>
    </src>
    <src id="20">
      <dst id="12">638.6222</dst>
      <dst id="13">6729.9289</dst>
      <dst id="19">1.5289</dst>
      <dst id="8">190.3111</dst>
      <dst id="18">1.3333</dst>
      <dst id="4">7775.6622</dst>
      <dst id="1">34.6578</dst>
      <dst id="5">113.4311</dst>
      <dst id="3">50.0711</dst>
      <dst id="7">10141.8222</dst>
      <dst id="2">2385.2800</dst>
      <dst id="6">1.1467</dst>
      <dst id="11">129.2622</dst>
      <dst id="9">203.8933</dst>
      <dst id="17">506.5067</dst>
      <dst id="21">428.7378</dst>
    </src>
    <src id="11">
      <dst id="12">362604.3022</dst>
      <dst id="13">3024.0889</dst>
      <dst id="19">13.5200</dst>
      <dst id="23">0.8533</dst>
      <dst id="8">289.3422</dst>
      <dst id="18">11.7067</dst>
      <dst id="4">9377.5822</dst>
      <dst id="1">5135.1022</dst>
      <dst id="5">721.3422</dst>
      <dst id="3">202.2222</dst>
      <dst id="22">3795.8756</dst>
      <dst id="7">246.8800</dst>
      <dst id="2">127747.5822</dst>
      <dst id="16">263.3778</dst>
      <dst id="14">184.7644</dst>
      <dst id="20">50.8178</dst>
      <dst id="11">1955.4133</dst>
      <dst id="9">938.5333</dst>
      <dst id="17">143010.8444</dst>
      <dst id="21">1437.0933</dst>
      <dst id="15">141.8578</dst>
    </src>
    <src id="9">
      <dst id="12">359213.7689</dst>
      <dst id="13">1258.7111</dst>
      <dst id="19">10.2133</dst>
      <dst id="23">15.6089</dst>
      <dst id="8">336.5067</dst>
      <dst id="18">131.8933</dst>
      <dst id="4">7694.0267</dst>
      <dst id="1">1563.6800</dst>
      <dst id="5">965.3511</dst>
      <dst id="3">176.9511</dst>
      <dst id="22">3467.2978</dst>
      <dst id="7">112.2222</dst>
      <dst id="2">124383.2178</dst>
      <dst id="6">1.0489</dst>
      <dst id="16">337.3067</dst>
      <dst id="20">435.1911</dst>
      <dst id="11">529.3689</dst>
      <dst id="9">158.5956</dst>
      <dst id="17">152241.3511</dst>
      <dst id="21">49.6089</dst>
      <dst id="15">287.6889</dst>
    </src>
    <src id="17">
      <dst id="12">10665.0578</dst>
      <dst id="13">14058.7022</dst>
      <dst id="19">977.9022</dst>
      <dst id="23">24.1689</dst>
      <dst id="8">82054.2489</dst>
      <dst id="18">436.5244</dst>
      <dst id="4">93359.6622</dst>
      <dst id="1">1264.9333</dst>
      <dst id="5">120583.8311</dst>
      <dst id="3">2544.4356</dst>
      <dst id="22">2361.2533</dst>
      <dst id="7">1650.4978</dst>
      <dst id="2">11384.6844</dst>
      <dst id="6">174.0089</dst>
      <dst id="16">2887.8756</dst>
      <dst id="14">15315.5022</dst>
      <dst id="20">10000.4533</dst>
      <dst id="11">62882.4978</dst>
      <dst id="9">107475.0133</dst>
      <dst id="17">1516.2844</dst>
      <dst id="21">3298.0711</dst>
      <dst id="15">18.4089</dst>
    </src>
    <src id="21">
      <dst id="12">13050.6133</dst>
      <dst id="13">214.1867</dst>
      <dst id="19">197.1556</dst>
      <dst id="23">11.6267</dst>
      <dst id="8">24.2311</dst>
      <dst id="18">1131.4133</dst>
      <dst id="4">11566.0178</dst>
      <dst id="1">1687.3956</dst>
      <dst id="5">178.7111</dst>
      <dst id="3">4576.0800</dst>
      <dst id="22">874.7378</dst>
      <dst id="7">2241.4400</dst>
      <dst id="2">9023.5556</dst>
      <dst id="6">13.7600</dst>
      <dst id="16">132.8444</dst>
      <dst id="14">71.0133</dst>
      <dst id="20">674.9156</dst>
      <dst id="11">2661.4044</dst>
      <dst id="9">266.3467</dst>
      <dst id="17">3480.9156</dst>
      <dst id="21">630.3822</dst>
      <dst id="15">46.6844</dst>
    </src>
    <src id="15">
      <dst id="12">2296.8978</dst>
      <dst id="13">125.1644</dst>
      <dst id="19">40.0000</dst>
      <dst id="23">1.3867</dst>
      <dst id="8">2.1956</dst>
      <dst id="18">3.0933</dst>
      <dst id="4">1595.1822</dst>
      <dst id="1">585.9556</dst>
      <dst id="5">207.0489</dst>
      <dst id="3">11.2178</dst>
      <dst id="7">5.9644</dst>
      <dst id="2">18.0711</dst>
      <dst id="16">0.3022</dst>
      <dst id="14">0.4267</dst>
      <dst id="11">378.1244</dst>
      <dst id="9">342.9600</dst>
      <dst id="17">296.2756</dst>
      <dst id="21">49.0933</dst>
    </src>
  </IntraTM>
</TrafficMatrixFile>
