<?xml version="1.0" encoding="UTF-8" standalone="yes"?>
<TrafficMatrixFile xmlns:xsi="http://www.w3.org/2001/XMLSchema-instance" xsi:noNamespaceSchemaLocation="http://totem.run.montefiore.ulg.ac.be/Schema/TrafficMatrix-v1_2.xsd">
  <info>
    <title>Intradomain traffic matrix generated by geant-TM-all.pl</title>
    <date>2005-01-01T11:30:00</date>
    <duration>900</duration>
    <author>Steve Uhlig</author>
    <units>
        <unit type="bandwidth" value="kbps"/>
    </units>
  </info>
  <IntraTM ASID="20965">
    <src id="12">
      <dst id="12">222720.7200</dst>
      <dst id="13">13397.3333</dst>
      <dst id="19">3475.1467</dst>
      <dst id="23">5.0933</dst>
      <dst id="8">1659.5111</dst>
      <dst id="18">167.9556</dst>
      <dst id="4">88935.5467</dst>
      <dst id="1">6815.9022</dst>
      <dst id="5">4190.1511</dst>
      <dst id="3">5272.8889</dst>
      <dst id="22">6225.7778</dst>
      <dst id="7">769.5822</dst>
      <dst id="2">69949.6000</dst>
      <dst id="6">14.0444</dst>
      <dst id="16">6524.5067</dst>
      <dst id="14">1148.1244</dst>
      <dst id="20">8316.0356</dst>
      <dst id="11">1395.4844</dst>
      <dst id="9">10541.3956</dst>
      <dst id="17">45858.9067</dst>
      <dst id="21">9829.0933</dst>
      <dst id="15">6400.1156</dst>
    </src>
    <src id="13">
      <dst id="12">53107.4756</dst>
      <dst id="19">32238.2578</dst>
      <dst id="23">24.6667</dst>
      <dst id="8">1203.1733</dst>
      <dst id="18">3947.1556</dst>
      <dst id="1">1546.7022</dst>
      <dst id="5">8398.5956</dst>
      <dst id="3">7545.9467</dst>
      <dst id="22">21268.1689</dst>
      <dst id="7">6459.5022</dst>
      <dst id="2">77325.7867</dst>
      <dst id="6">159.9200</dst>
      <dst id="16">5083.6533</dst>
      <dst id="14">1354.4000</dst>
      <dst id="20">6770.6844</dst>
      <dst id="11">5823.8222</dst>
      <dst id="9">16455.7867</dst>
      <dst id="17">70465.5111</dst>
      <dst id="21">12660.3289</dst>
      <dst id="15">4881.0933</dst>
    </src>
    <src id="19">
      <dst id="12">10798.0178</dst>
      <dst id="13">8198.0978</dst>
      <dst id="23">0.9156</dst>
      <dst id="8">26.6667</dst>
      <dst id="18">577.9556</dst>
      <dst id="4">19167.6800</dst>
      <dst id="1">85.0756</dst>
      <dst id="5">30.3022</dst>
      <dst id="3">490.3289</dst>
      <dst id="22">47.7422</dst>
      <dst id="7">2797.7422</dst>
      <dst id="2">829.2711</dst>
      <dst id="6">26.6667</dst>
      <dst id="16">13538.2489</dst>
      <dst id="14">1.1022</dst>
      <dst id="20">14.1867</dst>
      <dst id="11">16.3822</dst>
      <dst id="9">38.3644</dst>
      <dst id="17">305.4044</dst>
      <dst id="21">389.3067</dst>
      <dst id="15">0.4622</dst>
    </src>
    <src id="23">
      <dst id="12">697.6889</dst>
      <dst id="13">71.9378</dst>
      <dst id="19">1.6089</dst>
      <dst id="8">13.3333</dst>
      <dst id="18">13.7511</dst>
      <dst id="4">424.5333</dst>
      <dst id="1">116.9778</dst>
      <dst id="5">64.4267</dst>
      <dst id="3">83.4044</dst>
      <dst id="22">1.5556</dst>
      <dst id="7">204.7644</dst>
      <dst id="2">43.0489</dst>
      <dst id="16">16.8889</dst>
      <dst id="14">12.6222</dst>
      <dst id="20">1.1378</dst>
      <dst id="11">92.7022</dst>
      <dst id="9">326.3289</dst>
      <dst id="17">136.9956</dst>
      <dst id="21">87.2622</dst>
    </src>
    <src id="8">
      <dst id="12">280860.7911</dst>
      <dst id="13">335.3244</dst>
      <dst id="19">1.5733</dst>
      <dst id="23">40.3556</dst>
      <dst id="18">15.8489</dst>
      <dst id="4">7937.2089</dst>
      <dst id="1">80.3022</dst>
      <dst id="5">583.1111</dst>
      <dst id="3">80.7200</dst>
      <dst id="22">469.7867</dst>
      <dst id="7">14.9156</dst>
      <dst id="2">81765.8133</dst>
      <dst id="16">325.5733</dst>
      <dst id="20">19.3067</dst>
      <dst id="11">66.4000</dst>
      <dst id="9">296.5600</dst>
      <dst id="17">54788.0533</dst>
      <dst id="21">144.9244</dst>
      <dst id="15">117.2711</dst>
    </src>
    <src id="18">
      <dst id="12">126477.5467</dst>
      <dst id="13">1217.9378</dst>
      <dst id="19">26.4178</dst>
      <dst id="8">1.4222</dst>
      <dst id="4">3071.2356</dst>
      <dst id="1">1168.1511</dst>
      <dst id="5">242.6489</dst>
      <dst id="3">17.5111</dst>
      <dst id="22">192.0978</dst>
      <dst id="7">45.0044</dst>
      <dst id="2">32526.9956</dst>
      <dst id="14">48.0711</dst>
      <dst id="20">18.2933</dst>
      <dst id="11">135.2089</dst>
      <dst id="9">226.8089</dst>
      <dst id="17">25575.9822</dst>
      <dst id="21">562.5156</dst>
      <dst id="15">90.0889</dst>
    </src>
    <src id="4">
      <dst id="12">12838.8800</dst>
      <dst id="19">9221.2089</dst>
      <dst id="8">797.1733</dst>
      <dst id="18">617.5111</dst>
      <dst id="4">1.0667</dst>
      <dst id="1">653.6978</dst>
      <dst id="5">959.9378</dst>
      <dst id="3">5858.0800</dst>
      <dst id="22">3138.9067</dst>
      <dst id="7">29196.1156</dst>
      <dst id="2">33532.8711</dst>
      <dst id="6">2.5244</dst>
      <dst id="16">1170.7733</dst>
      <dst id="14">1450.8889</dst>
      <dst id="20">374.8800</dst>
      <dst id="11">8126.6400</dst>
      <dst id="9">4784.8711</dst>
      <dst id="17">93468.9156</dst>
      <dst id="21">5157.5733</dst>
      <dst id="15">103.7867</dst>
    </src>
    <src id="1">
      <dst id="12">15074.4089</dst>
      <dst id="13">480.8978</dst>
      <dst id="19">3352.2578</dst>
      <dst id="23">16.2311</dst>
      <dst id="8">63207.7422</dst>
      <dst id="18">13667.6978</dst>
      <dst id="4">7703.9378</dst>
      <dst id="1">80.7822</dst>
      <dst id="5">126349.5467</dst>
      <dst id="3">39599.5111</dst>
      <dst id="22">907.1200</dst>
      <dst id="7">667.7511</dst>
      <dst id="2">14243.2267</dst>
      <dst id="6">3277.2622</dst>
      <dst id="16">20059.5556</dst>
      <dst id="14">87.2000</dst>
      <dst id="20">169.4933</dst>
      <dst id="11">144.4622</dst>
      <dst id="9">138740.7289</dst>
      <dst id="17">3329.9289</dst>
      <dst id="21">2962.8444</dst>
      <dst id="15">98.1600</dst>
    </src>
    <src id="5">
      <dst id="12">297788.7911</dst>
      <dst id="13">1385.7422</dst>
      <dst id="19">112.7733</dst>
      <dst id="23">3336.0089</dst>
      <dst id="8">158.1956</dst>
      <dst id="18">140.7111</dst>
      <dst id="4">7885.7333</dst>
      <dst id="1">534.5689</dst>
      <dst id="3">179.2000</dst>
      <dst id="22">7001.5111</dst>
      <dst id="7">145.0400</dst>
      <dst id="2">112231.3156</dst>
      <dst id="16">1092.0089</dst>
      <dst id="14">146.5511</dst>
      <dst id="20">979.8756</dst>
      <dst id="11">2600.3289</dst>
      <dst id="9">9516.2667</dst>
      <dst id="17">66156.1778</dst>
      <dst id="21">322.3911</dst>
      <dst id="15">237.6533</dst>
    </src>
    <src id="3">
      <dst id="12">7724.4533</dst>
      <dst id="13">784.9067</dst>
      <dst id="19">4412.4800</dst>
      <dst id="23">2.7733</dst>
      <dst id="8">34.9244</dst>
      <dst id="18">68860.4622</dst>
      <dst id="4">58250.6578</dst>
      <dst id="1">9772.7733</dst>
      <dst id="5">148.2756</dst>
      <dst id="3">10250.9689</dst>
      <dst id="22">226.8178</dst>
      <dst id="7">1428.7289</dst>
      <dst id="2">4427.6711</dst>
      <dst id="6">31.9022</dst>
      <dst id="16">343.5378</dst>
      <dst id="14">16594.7200</dst>
      <dst id="20">9.5022</dst>
      <dst id="11">97939.7067</dst>
      <dst id="9">98.4711</dst>
      <dst id="17">5540.6133</dst>
      <dst id="21">9325.7067</dst>
      <dst id="15">23.8756</dst>
    </src>
    <src id="10">
      <dst id="12">7112.2133</dst>
      <dst id="19">3114.1867</dst>
      <dst id="8">1453.6622</dst>
      <dst id="18">456.3556</dst>
      <dst id="1">3194.2756</dst>
      <dst id="5">1081.1111</dst>
      <dst id="3">8746.9156</dst>
      <dst id="22">5802.7200</dst>
      <dst id="7">6868.5600</dst>
      <dst id="2">21151.8667</dst>
      <dst id="16">3882.8978</dst>
      <dst id="14">1616.2667</dst>
      <dst id="20">2701.1022</dst>
      <dst id="11">3308.5600</dst>
      <dst id="9">2599.2800</dst>
      <dst id="17">37748.9511</dst>
      <dst id="21">7208.9333</dst>
      <dst id="15">854.6222</dst>
    </src>
    <src id="22">
      <dst id="12">6713.0844</dst>
      <dst id="13">4780.4444</dst>
      <dst id="19">6.2756</dst>
      <dst id="23">2.3644</dst>
      <dst id="8">509.3511</dst>
      <dst id="18">523.3778</dst>
      <dst id="4">24024.8178</dst>
      <dst id="1">75.4044</dst>
      <dst id="5">4804.2756</dst>
      <dst id="3">153.6444</dst>
      <dst id="7">2243.9556</dst>
      <dst id="2">2655.5111</dst>
      <dst id="6">64.5067</dst>
      <dst id="16">0.3556</dst>
      <dst id="14">22.0089</dst>
      <dst id="11">3703.6711</dst>
      <dst id="9">3587.4311</dst>
      <dst id="17">2050.1689</dst>
      <dst id="21">891.5467</dst>
    </src>
    <src id="7">
      <dst id="12">2175.2089</dst>
      <dst id="13">161.7600</dst>
      <dst id="19">138.3467</dst>
      <dst id="23">21.7156</dst>
      <dst id="8">577.3333</dst>
      <dst id="18">490.8000</dst>
      <dst id="4">64373.3422</dst>
      <dst id="1">1099.8222</dst>
      <dst id="5">1586.2844</dst>
      <dst id="3">1502.0178</dst>
      <dst id="22">5250.1511</dst>
      <dst id="7">817.2800</dst>
      <dst id="2">5864.6044</dst>
      <dst id="6">40.2311</dst>
      <dst id="16">280.4000</dst>
      <dst id="14">73.5378</dst>
      <dst id="20">49.8933</dst>
      <dst id="11">529.9022</dst>
      <dst id="9">446.2933</dst>
      <dst id="17">6042.1867</dst>
      <dst id="21">4899.3956</dst>
      <dst id="15">44.0267</dst>
    </src>
    <src id="2">
      <dst id="12">61350.4622</dst>
      <dst id="13">3006.2844</dst>
      <dst id="19">107.8489</dst>
      <dst id="23">13.3333</dst>
      <dst id="8">20.8533</dst>
      <dst id="18">57467.5911</dst>
      <dst id="4">106824.2578</dst>
      <dst id="1">1934.5778</dst>
      <dst id="5">644.3022</dst>
      <dst id="3">836.9956</dst>
      <dst id="22">899.7333</dst>
      <dst id="7">7824.2489</dst>
      <dst id="2">554.2222</dst>
      <dst id="6">4215.4667</dst>
      <dst id="16">4305.9822</dst>
      <dst id="14">185.6267</dst>
      <dst id="20">2674.5067</dst>
      <dst id="11">5877.5289</dst>
      <dst id="9">246.7644</dst>
      <dst id="17">32981.9378</dst>
      <dst id="21">2939.0578</dst>
      <dst id="15">45.8933</dst>
    </src>
    <src id="6">
      <dst id="12">7707.1022</dst>
      <dst id="13">1.5200</dst>
      <dst id="19">0.7733</dst>
      <dst id="8">1.5289</dst>
      <dst id="18">0.5689</dst>
      <dst id="4">39.1822</dst>
      <dst id="3">1.6622</dst>
      <dst id="22">71.1111</dst>
      <dst id="7">0.8178</dst>
      <dst id="2">1860.2578</dst>
      <dst id="11">12.8000</dst>
      <dst id="17">960.0978</dst>
    </src>
    <src id="16">
      <dst id="12">1981.2889</dst>
      <dst id="13">326.8267</dst>
      <dst id="19">4570.2844</dst>
      <dst id="23">4.0267</dst>
      <dst id="8">1010.0000</dst>
      <dst id="18">4.3911</dst>
      <dst id="4">6741.4489</dst>
      <dst id="1">20875.1644</dst>
      <dst id="5">1113.5378</dst>
      <dst id="3">1071.8489</dst>
      <dst id="7">1598.1511</dst>
      <dst id="2">788.2400</dst>
      <dst id="16">18.7733</dst>
      <dst id="11">87.8311</dst>
      <dst id="9">2230.4800</dst>
      <dst id="17">1618.6667</dst>
      <dst id="21">153.6089</dst>
    </src>
    <src id="14">
      <dst id="12">21456.7022</dst>
      <dst id="13">28.5511</dst>
      <dst id="19">2.7556</dst>
      <dst id="23">0.4089</dst>
      <dst id="8">0.5600</dst>
      <dst id="18">2.8800</dst>
      <dst id="4">2342.2222</dst>
      <dst id="1">16.1956</dst>
      <dst id="5">4.4533</dst>
      <dst id="3">50.0800</dst>
      <dst id="22">1.1644</dst>
      <dst id="7">98.8444</dst>
      <dst id="2">7174.8978</dst>
      <dst id="16">15.7689</dst>
      <dst id="20">7.5644</dst>
      <dst id="11">23.1111</dst>
      <dst id="9">14.8178</dst>
      <dst id="17">6031.7778</dst>
      <dst id="21">67.0489</dst>
    </src>
    <src id="20">
      <dst id="12">7165.4044</dst>
      <dst id="13">3559.5733</dst>
      <dst id="19">93.9022</dst>
      <dst id="8">83.4489</dst>
      <dst id="18">635.3600</dst>
      <dst id="4">13332.2044</dst>
      <dst id="1">89.1467</dst>
      <dst id="5">259.7511</dst>
      <dst id="3">44.5067</dst>
      <dst id="7">247.3867</dst>
      <dst id="2">4615.9733</dst>
      <dst id="16">0.4267</dst>
      <dst id="11">1798.7111</dst>
      <dst id="9">909.0133</dst>
      <dst id="17">701.0933</dst>
      <dst id="21">316.1778</dst>
    </src>
    <src id="11">
      <dst id="12">412818.7556</dst>
      <dst id="13">877.3156</dst>
      <dst id="19">31.6889</dst>
      <dst id="23">10.7644</dst>
      <dst id="8">158.3467</dst>
      <dst id="18">258.2044</dst>
      <dst id="4">13295.3156</dst>
      <dst id="1">388.1156</dst>
      <dst id="5">2261.4222</dst>
      <dst id="3">3965.5200</dst>
      <dst id="22">4532.9778</dst>
      <dst id="7">117.9111</dst>
      <dst id="2">146432.4622</dst>
      <dst id="6">1.3067</dst>
      <dst id="16">269.4400</dst>
      <dst id="14">47.5733</dst>
      <dst id="20">151.9556</dst>
      <dst id="11">1097.8667</dst>
      <dst id="9">275.7244</dst>
      <dst id="17">88127.0756</dst>
      <dst id="21">1704.2489</dst>
      <dst id="15">39.9556</dst>
    </src>
    <src id="9">
      <dst id="12">494252.4889</dst>
      <dst id="13">1912.4800</dst>
      <dst id="19">3160.9956</dst>
      <dst id="23">13.2622</dst>
      <dst id="8">117.1378</dst>
      <dst id="18">6102.5511</dst>
      <dst id="4">14770.0356</dst>
      <dst id="1">104.6844</dst>
      <dst id="5">2133.6711</dst>
      <dst id="3">324.0267</dst>
      <dst id="22">1816.5067</dst>
      <dst id="7">69.3778</dst>
      <dst id="2">144453.1911</dst>
      <dst id="6">1.3689</dst>
      <dst id="16">119.5289</dst>
      <dst id="14">0.6222</dst>
      <dst id="20">1615.3333</dst>
      <dst id="11">413.5733</dst>
      <dst id="9">2454.7822</dst>
      <dst id="17">110161.8311</dst>
      <dst id="21">475.2089</dst>
      <dst id="15">233.8222</dst>
    </src>
    <src id="17">
      <dst id="12">8788.6311</dst>
      <dst id="13">11115.3244</dst>
      <dst id="19">7941.1822</dst>
      <dst id="23">6.3111</dst>
      <dst id="8">81667.9289</dst>
      <dst id="18">322.8444</dst>
      <dst id="4">156274.2400</dst>
      <dst id="1">315.3689</dst>
      <dst id="5">132138.5511</dst>
      <dst id="3">16172.8889</dst>
      <dst id="22">3195.6356</dst>
      <dst id="7">19294.6400</dst>
      <dst id="2">7840.9422</dst>
      <dst id="6">83.1644</dst>
      <dst id="16">6098.9600</dst>
      <dst id="14">14053.6356</dst>
      <dst id="20">48.6844</dst>
      <dst id="11">78585.9111</dst>
      <dst id="9">152517.1733</dst>
      <dst id="17">1615.8844</dst>
      <dst id="21">9523.1289</dst>
      <dst id="15">82.5511</dst>
    </src>
    <src id="21">
      <dst id="12">22576.9333</dst>
      <dst id="13">2254.3022</dst>
      <dst id="19">216.0978</dst>
      <dst id="23">30.0089</dst>
      <dst id="8">27.7511</dst>
      <dst id="18">13165.1378</dst>
      <dst id="4">24925.3244</dst>
      <dst id="1">1992.5067</dst>
      <dst id="5">430.9333</dst>
      <dst id="3">548.6044</dst>
      <dst id="22">1405.4311</dst>
      <dst id="7">1271.8756</dst>
      <dst id="2">9852.0178</dst>
      <dst id="6">1.6178</dst>
      <dst id="16">17.3689</dst>
      <dst id="14">63.6356</dst>
      <dst id="20">34.5511</dst>
      <dst id="11">655.5022</dst>
      <dst id="9">321.7244</dst>
      <dst id="17">4642.7289</dst>
      <dst id="21">1397.5733</dst>
      <dst id="15">22.6933</dst>
    </src>
    <src id="15">
      <dst id="12">299.9467</dst>
      <dst id="13">331.6889</dst>
      <dst id="19">0.8089</dst>
      <dst id="23">0.3378</dst>
      <dst id="8">45.5022</dst>
      <dst id="18">5.8489</dst>
      <dst id="4">18003.4311</dst>
      <dst id="1">92.2222</dst>
      <dst id="5">256.3467</dst>
      <dst id="3">361.5911</dst>
      <dst id="7">47.6444</dst>
      <dst id="2">73.1556</dst>
      <dst id="6">0.3378</dst>
      <dst id="14">1.0489</dst>
      <dst id="11">153.8667</dst>
      <dst id="9">491.9556</dst>
      <dst id="17">1107.2089</dst>
      <dst id="21">107.8578</dst>
    </src>
  </IntraTM>
</TrafficMatrixFile>
