<?xml version="1.0" encoding="UTF-8" standalone="yes"?>
<TrafficMatrixFile xmlns:xsi="http://www.w3.org/2001/XMLSchema-instance" xsi:noNamespaceSchemaLocation="http://totem.run.montefiore.ulg.ac.be/Schema/TrafficMatrix-v1_2.xsd">
  <info>
    <title>Intradomain traffic matrix generated by geant-TM-all.pl</title>
    <date>2005-01-04T17:45:00</date>
    <duration>900</duration>
    <author>Steve Uhlig</author>
    <units>
        <unit type="bandwidth" value="kbps"/>
    </units>
  </info>
  <IntraTM ASID="20965">
    <src id="12">
      <dst id="12">197145.0844</dst>
      <dst id="13">11661.2711</dst>
      <dst id="19">4280.8889</dst>
      <dst id="23">38.7911</dst>
      <dst id="8">1369.8578</dst>
      <dst id="18">217.7333</dst>
      <dst id="4">65640.8356</dst>
      <dst id="1">7326.0889</dst>
      <dst id="5">3024.6133</dst>
      <dst id="3">1683.8667</dst>
      <dst id="22">4423.5378</dst>
      <dst id="7">13181.4133</dst>
      <dst id="2">60993.5822</dst>
      <dst id="6">8.7111</dst>
      <dst id="16">5074.4444</dst>
      <dst id="14">212.0711</dst>
      <dst id="20">3907.9111</dst>
      <dst id="11">3192.3022</dst>
      <dst id="9">1897.6089</dst>
      <dst id="17">77475.3867</dst>
      <dst id="21">3020.1689</dst>
      <dst id="15">1601.8844</dst>
    </src>
    <src id="13">
      <dst id="12">29958.2667</dst>
      <dst id="19">4130.0889</dst>
      <dst id="23">1032.7644</dst>
      <dst id="8">2569.9911</dst>
      <dst id="18">3962.9778</dst>
      <dst id="1">3355.9200</dst>
      <dst id="5">4332.4000</dst>
      <dst id="3">6896.7111</dst>
      <dst id="22">14653.5022</dst>
      <dst id="7">7384.4711</dst>
      <dst id="2">59048.0889</dst>
      <dst id="6">106.1244</dst>
      <dst id="16">9274.1778</dst>
      <dst id="14">8217.9822</dst>
      <dst id="20">19158.0000</dst>
      <dst id="11">5701.9111</dst>
      <dst id="9">7944.0889</dst>
      <dst id="17">33742.6933</dst>
      <dst id="21">6156.5244</dst>
      <dst id="15">1707.3778</dst>
    </src>
    <src id="19">
      <dst id="12">16202.1422</dst>
      <dst id="13">174.0533</dst>
      <dst id="23">0.3556</dst>
      <dst id="8">0.7111</dst>
      <dst id="18">0.4622</dst>
      <dst id="4">17781.4222</dst>
      <dst id="1">2383.1556</dst>
      <dst id="5">38.7467</dst>
      <dst id="3">2.3733</dst>
      <dst id="22">6.0178</dst>
      <dst id="7">3318.2756</dst>
      <dst id="2">83.0311</dst>
      <dst id="6">68.1778</dst>
      <dst id="16">9076.1244</dst>
      <dst id="14">694.2844</dst>
      <dst id="20">36.5067</dst>
      <dst id="11">68.3911</dst>
      <dst id="9">16.4000</dst>
      <dst id="17">1706.4356</dst>
      <dst id="21">269.1467</dst>
      <dst id="15">1.5200</dst>
    </src>
    <src id="23">
      <dst id="12">525.5911</dst>
      <dst id="13">107.5467</dst>
      <dst id="19">13.7600</dst>
      <dst id="18">0.3378</dst>
      <dst id="4">121.9022</dst>
      <dst id="1">51.8667</dst>
      <dst id="5">53.0222</dst>
      <dst id="3">196.4444</dst>
      <dst id="22">1027.2622</dst>
      <dst id="7">680.0711</dst>
      <dst id="2">1.8222</dst>
      <dst id="6">0.7556</dst>
      <dst id="16">19.1289</dst>
      <dst id="14">25.2444</dst>
      <dst id="20">36.8000</dst>
      <dst id="9">1158.6844</dst>
      <dst id="17">154.9867</dst>
      <dst id="21">321.4844</dst>
      <dst id="15">26.6667</dst>
    </src>
    <src id="8">
      <dst id="12">238566.2222</dst>
      <dst id="13">422.2311</dst>
      <dst id="19">1.4578</dst>
      <dst id="18">29.5022</dst>
      <dst id="4">5998.0711</dst>
      <dst id="1">122.0978</dst>
      <dst id="5">234.4356</dst>
      <dst id="22">611.5200</dst>
      <dst id="7">6.6667</dst>
      <dst id="2">99404.3733</dst>
      <dst id="16">254.7556</dst>
      <dst id="20">13.6089</dst>
      <dst id="11">783.3956</dst>
      <dst id="9">120.0800</dst>
      <dst id="17">94847.8844</dst>
      <dst id="21">299.5289</dst>
      <dst id="15">195.0667</dst>
    </src>
    <src id="18">
      <dst id="12">88937.0044</dst>
      <dst id="13">87.2178</dst>
      <dst id="19">0.9422</dst>
      <dst id="23">1.0756</dst>
      <dst id="8">1.0756</dst>
      <dst id="4">1505.9378</dst>
      <dst id="1">1360.7644</dst>
      <dst id="5">204.2044</dst>
      <dst id="3">9.4311</dst>
      <dst id="22">317.5022</dst>
      <dst id="7">2.8356</dst>
      <dst id="2">31911.4756</dst>
      <dst id="16">16.6578</dst>
      <dst id="14">12.6222</dst>
      <dst id="20">6.6133</dst>
      <dst id="11">163.0133</dst>
      <dst id="9">85.3422</dst>
      <dst id="17">29397.4489</dst>
      <dst id="21">101.8044</dst>
      <dst id="15">10.7556</dst>
    </src>
    <src id="4">
      <dst id="12">7579.9378</dst>
      <dst id="19">14743.6356</dst>
      <dst id="8">1235.6444</dst>
      <dst id="18">642.8000</dst>
      <dst id="1">119418.9778</dst>
      <dst id="5">1124.9689</dst>
      <dst id="3">91.2267</dst>
      <dst id="22">3503.6889</dst>
      <dst id="7">20947.7600</dst>
      <dst id="2">95021.6444</dst>
      <dst id="6">23.6178</dst>
      <dst id="16">1336.1511</dst>
      <dst id="14">1897.8933</dst>
      <dst id="20">345.9644</dst>
      <dst id="11">3495.3422</dst>
      <dst id="9">2431.4222</dst>
      <dst id="17">26954.5067</dst>
      <dst id="21">2949.5289</dst>
      <dst id="15">383.2444</dst>
    </src>
    <src id="1">
      <dst id="12">19190.7289</dst>
      <dst id="13">591.1022</dst>
      <dst id="19">97.0222</dst>
      <dst id="23">30.6756</dst>
      <dst id="8">68912.3644</dst>
      <dst id="18">11544.1422</dst>
      <dst id="4">7892.1156</dst>
      <dst id="1">3780.4267</dst>
      <dst id="5">158063.5556</dst>
      <dst id="3">61.3511</dst>
      <dst id="22">644.5156</dst>
      <dst id="7">1278.8533</dst>
      <dst id="2">1716.4622</dst>
      <dst id="6">7409.2444</dst>
      <dst id="16">13984.8800</dst>
      <dst id="14">184.6133</dst>
      <dst id="20">35.6444</dst>
      <dst id="11">165.9289</dst>
      <dst id="9">140796.7022</dst>
      <dst id="17">4886.0444</dst>
      <dst id="21">1941.1644</dst>
      <dst id="15">92.7822</dst>
    </src>
    <src id="5">
      <dst id="12">251092.5600</dst>
      <dst id="13">492.6311</dst>
      <dst id="19">21.7067</dst>
      <dst id="23">3.4133</dst>
      <dst id="8">204.6222</dst>
      <dst id="18">1073.9644</dst>
      <dst id="4">2959.2267</dst>
      <dst id="1">309.1733</dst>
      <dst id="3">1.1644</dst>
      <dst id="22">1312.0267</dst>
      <dst id="7">117.4578</dst>
      <dst id="2">94051.4311</dst>
      <dst id="16">325.2889</dst>
      <dst id="14">0.7111</dst>
      <dst id="20">136.7733</dst>
      <dst id="11">337.6089</dst>
      <dst id="9">381.8400</dst>
      <dst id="17">75385.3778</dst>
      <dst id="21">409.6978</dst>
      <dst id="15">167.3867</dst>
    </src>
    <src id="3">
      <dst id="12">5014.6311</dst>
      <dst id="13">279.0844</dst>
      <dst id="19">1353.2533</dst>
      <dst id="23">8973.5200</dst>
      <dst id="8">2.0711</dst>
      <dst id="18">37981.2000</dst>
      <dst id="4">16942.3289</dst>
      <dst id="1">4440.6756</dst>
      <dst id="5">183.1911</dst>
      <dst id="3">9699.6622</dst>
      <dst id="22">1168.0089</dst>
      <dst id="7">1827.2444</dst>
      <dst id="2">4881.8756</dst>
      <dst id="6">3.1022</dst>
      <dst id="16">1183.4489</dst>
      <dst id="14">58136.5600</dst>
      <dst id="20">33.0311</dst>
      <dst id="11">94981.2089</dst>
      <dst id="9">201.4933</dst>
      <dst id="17">7964.8444</dst>
      <dst id="21">14563.2978</dst>
      <dst id="15">21.9733</dst>
    </src>
    <src id="10">
      <dst id="12">11725.6800</dst>
      <dst id="19">8360.8444</dst>
      <dst id="8">133.2356</dst>
      <dst id="18">3745.1200</dst>
      <dst id="1">2271.4222</dst>
      <dst id="5">720.4533</dst>
      <dst id="3">1303.2889</dst>
      <dst id="22">6828.0089</dst>
      <dst id="7">123762.6222</dst>
      <dst id="2">13648.1600</dst>
      <dst id="6">13.3422</dst>
      <dst id="16">684.0089</dst>
      <dst id="14">6173.9022</dst>
      <dst id="20">3884.0089</dst>
      <dst id="11">2342.8444</dst>
      <dst id="9">3862.5956</dst>
      <dst id="17">11846.3556</dst>
      <dst id="21">11264.0533</dst>
      <dst id="15">469.6089</dst>
    </src>
    <src id="22">
      <dst id="12">10325.9556</dst>
      <dst id="13">983.0844</dst>
      <dst id="19">26.3733</dst>
      <dst id="23">62.3733</dst>
      <dst id="8">1576.7022</dst>
      <dst id="18">93.8933</dst>
      <dst id="4">20182.6489</dst>
      <dst id="1">68.6489</dst>
      <dst id="5">1862.6044</dst>
      <dst id="3">274.5600</dst>
      <dst id="7">990.1067</dst>
      <dst id="2">3089.5111</dst>
      <dst id="6">50.1600</dst>
      <dst id="16">10.4889</dst>
      <dst id="14">2.7822</dst>
      <dst id="11">1612.1422</dst>
      <dst id="9">1137.2267</dst>
      <dst id="17">2579.8311</dst>
      <dst id="21">650.3911</dst>
    </src>
    <src id="7">
      <dst id="12">7507.5733</dst>
      <dst id="13">408.4711</dst>
      <dst id="19">47.5733</dst>
      <dst id="23">34.1956</dst>
      <dst id="8">253.0578</dst>
      <dst id="18">20.6489</dst>
      <dst id="4">26334.7022</dst>
      <dst id="1">3079.2356</dst>
      <dst id="5">556.7200</dst>
      <dst id="3">298.5244</dst>
      <dst id="22">3301.7422</dst>
      <dst id="7">609.0311</dst>
      <dst id="2">2397.4933</dst>
      <dst id="6">91.0933</dst>
      <dst id="16">1498.1600</dst>
      <dst id="14">119.0489</dst>
      <dst id="20">31.0844</dst>
      <dst id="11">319.2711</dst>
      <dst id="9">1213.0044</dst>
      <dst id="17">4386.1511</dst>
      <dst id="21">2878.3911</dst>
      <dst id="15">801.7422</dst>
    </src>
    <src id="2">
      <dst id="12">101740.9156</dst>
      <dst id="13">513824.4889</dst>
      <dst id="19">63.5733</dst>
      <dst id="8">195.4489</dst>
      <dst id="18">32840.6844</dst>
      <dst id="4">67362.3467</dst>
      <dst id="1">1597.5911</dst>
      <dst id="5">1123.2889</dst>
      <dst id="3">31.6267</dst>
      <dst id="22">1268.4533</dst>
      <dst id="7">1910.3022</dst>
      <dst id="2">737.8933</dst>
      <dst id="6">6221.9644</dst>
      <dst id="16">3557.7867</dst>
      <dst id="14">5448.9600</dst>
      <dst id="20">517.4400</dst>
      <dst id="11">1370.1511</dst>
      <dst id="9">3396.4622</dst>
      <dst id="17">20522.4533</dst>
      <dst id="21">1944.0800</dst>
      <dst id="15">731.7778</dst>
    </src>
    <src id="6">
      <dst id="12">9199.3600</dst>
      <dst id="13">2.2311</dst>
      <dst id="19">5.4489</dst>
      <dst id="18">0.7111</dst>
      <dst id="4">1354.1333</dst>
      <dst id="1">3.9022</dst>
      <dst id="5">2.0889</dst>
      <dst id="22">27.1911</dst>
      <dst id="7">7.1467</dst>
      <dst id="2">1935.5289</dst>
      <dst id="16">33.6444</dst>
      <dst id="11">23.8222</dst>
      <dst id="9">1.2267</dst>
      <dst id="17">1494.5689</dst>
      <dst id="21">2.3467</dst>
    </src>
    <src id="16">
      <dst id="12">2349.6444</dst>
      <dst id="13">951.6800</dst>
      <dst id="19">5055.9556</dst>
      <dst id="23">4.3289</dst>
      <dst id="8">2417.4667</dst>
      <dst id="18">2.8711</dst>
      <dst id="4">6056.9778</dst>
      <dst id="1">22316.0711</dst>
      <dst id="5">2475.9289</dst>
      <dst id="7">260.6222</dst>
      <dst id="2">570.8622</dst>
      <dst id="6">14.3733</dst>
      <dst id="16">27.1911</dst>
      <dst id="14">739.8756</dst>
      <dst id="11">151.7867</dst>
      <dst id="9">6582.6578</dst>
      <dst id="17">1401.0044</dst>
      <dst id="21">1825.4844</dst>
    </src>
    <src id="14">
      <dst id="12">25132.8089</dst>
      <dst id="13">74.8000</dst>
      <dst id="19">31.8578</dst>
      <dst id="8">1.2089</dst>
      <dst id="18">25.2444</dst>
      <dst id="4">1830.9778</dst>
      <dst id="1">500.6311</dst>
      <dst id="5">1.7333</dst>
      <dst id="3">42.2133</dst>
      <dst id="22">0.3556</dst>
      <dst id="7">47.3689</dst>
      <dst id="2">5234.2222</dst>
      <dst id="16">11.9467</dst>
      <dst id="20">2.2756</dst>
      <dst id="11">59.4844</dst>
      <dst id="9">15.9200</dst>
      <dst id="17">10606.0800</dst>
      <dst id="21">107.7244</dst>
    </src>
    <src id="20">
      <dst id="12">6178.9333</dst>
      <dst id="13">530.1244</dst>
      <dst id="19">10.3644</dst>
      <dst id="23">1.3867</dst>
      <dst id="8">57.3600</dst>
      <dst id="18">2.3911</dst>
      <dst id="4">10585.0400</dst>
      <dst id="1">51.3600</dst>
      <dst id="5">880.7911</dst>
      <dst id="3">108.5422</dst>
      <dst id="7">31.9200</dst>
      <dst id="2">482.0444</dst>
      <dst id="14">13.3956</dst>
      <dst id="11">70.1333</dst>
      <dst id="9">381.9200</dst>
      <dst id="17">93.6267</dst>
      <dst id="21">97.7156</dst>
    </src>
    <src id="11">
      <dst id="12">358490.1778</dst>
      <dst id="13">1801.8400</dst>
      <dst id="19">9.2533</dst>
      <dst id="23">0.4267</dst>
      <dst id="8">163.7956</dst>
      <dst id="18">27.1733</dst>
      <dst id="4">8628.3467</dst>
      <dst id="1">499.8844</dst>
      <dst id="5">1097.8400</dst>
      <dst id="3">256.5156</dst>
      <dst id="22">1371.5378</dst>
      <dst id="7">68.6222</dst>
      <dst id="2">132977.4222</dst>
      <dst id="6">50.9067</dst>
      <dst id="16">123.3511</dst>
      <dst id="14">81.2533</dst>
      <dst id="20">49.0222</dst>
      <dst id="11">2159.6533</dst>
      <dst id="9">1448.9244</dst>
      <dst id="17">126281.3600</dst>
      <dst id="21">358.2222</dst>
      <dst id="15">146.6667</dst>
    </src>
    <src id="9">
      <dst id="12">329401.0578</dst>
      <dst id="13">1352.1600</dst>
      <dst id="19">21.7156</dst>
      <dst id="23">51.5200</dst>
      <dst id="8">2388.1689</dst>
      <dst id="18">2877.4133</dst>
      <dst id="4">9665.1289</dst>
      <dst id="1">1260.6044</dst>
      <dst id="5">1798.5867</dst>
      <dst id="3">2.6311</dst>
      <dst id="22">687.6178</dst>
      <dst id="7">96.4267</dst>
      <dst id="2">116557.5644</dst>
      <dst id="6">27.8756</dst>
      <dst id="16">293.5733</dst>
      <dst id="14">40.4267</dst>
      <dst id="20">749.3067</dst>
      <dst id="11">3860.1778</dst>
      <dst id="9">189.8844</dst>
      <dst id="17">126455.1467</dst>
      <dst id="21">175.6889</dst>
      <dst id="15">380.8622</dst>
    </src>
    <src id="17">
      <dst id="12">3963.3244</dst>
      <dst id="13">1805.2711</dst>
      <dst id="19">2623.8667</dst>
      <dst id="23">54.3644</dst>
      <dst id="8">82786.2311</dst>
      <dst id="18">52.2756</dst>
      <dst id="4">30951.2000</dst>
      <dst id="1">601.0844</dst>
      <dst id="5">147362.3911</dst>
      <dst id="3">3676.8267</dst>
      <dst id="22">4949.9556</dst>
      <dst id="7">938.1333</dst>
      <dst id="2">6714.0000</dst>
      <dst id="6">14.3289</dst>
      <dst id="16">2917.1911</dst>
      <dst id="14">50137.3867</dst>
      <dst id="20">414.2756</dst>
      <dst id="11">70038.2311</dst>
      <dst id="9">133868.4800</dst>
      <dst id="17">1525.2800</dst>
      <dst id="21">10777.7422</dst>
      <dst id="15">78.4533</dst>
    </src>
    <src id="21">
      <dst id="12">22940.2311</dst>
      <dst id="13">333.0311</dst>
      <dst id="19">172.6489</dst>
      <dst id="23">8.1333</dst>
      <dst id="8">10.3111</dst>
      <dst id="18">113.9200</dst>
      <dst id="4">13042.4000</dst>
      <dst id="1">1634.9867</dst>
      <dst id="5">233.7778</dst>
      <dst id="3">4242.4178</dst>
      <dst id="22">978.4356</dst>
      <dst id="7">1253.6178</dst>
      <dst id="2">11289.3244</dst>
      <dst id="6">13.5022</dst>
      <dst id="16">171.5556</dst>
      <dst id="14">150.4267</dst>
      <dst id="20">125.7511</dst>
      <dst id="11">1496.1778</dst>
      <dst id="9">495.5200</dst>
      <dst id="17">4952.3644</dst>
      <dst id="21">385.1733</dst>
      <dst id="15">74.0711</dst>
    </src>
    <src id="15">
      <dst id="12">345.3333</dst>
      <dst id="13">339.3333</dst>
      <dst id="19">51.3956</dst>
      <dst id="23">3.4133</dst>
      <dst id="8">17.7067</dst>
      <dst id="4">2659.6978</dst>
      <dst id="1">808.8000</dst>
      <dst id="5">88.3200</dst>
      <dst id="3">3.8400</dst>
      <dst id="7">45.5111</dst>
      <dst id="2">161.5556</dst>
      <dst id="11">25.4489</dst>
      <dst id="9">118.3289</dst>
      <dst id="17">42.1333</dst>
      <dst id="21">3.8133</dst>
    </src>
  </IntraTM>
</TrafficMatrixFile>
