<?xml version="1.0" encoding="UTF-8" standalone="yes"?>
<TrafficMatrixFile xmlns:xsi="http://www.w3.org/2001/XMLSchema-instance" xsi:noNamespaceSchemaLocation="http://totem.run.montefiore.ulg.ac.be/Schema/TrafficMatrix-v1_2.xsd">
  <info>
    <title>Intradomain traffic matrix generated by geant-TM-all.pl</title>
    <date>2005-01-02T10:00:00</date>
    <duration>900</duration>
    <author>Steve Uhlig</author>
    <units>
        <unit type="bandwidth" value="kbps"/>
    </units>
  </info>
  <IntraTM ASID="20965">
    <src id="12">
      <dst id="12">261594.8444</dst>
      <dst id="13">15998.2311</dst>
      <dst id="19">890.7911</dst>
      <dst id="23">5424.2667</dst>
      <dst id="8">1490.2578</dst>
      <dst id="18">2354.4533</dst>
      <dst id="4">91172.2578</dst>
      <dst id="1">6866.6133</dst>
      <dst id="5">6786.4622</dst>
      <dst id="3">5088.8622</dst>
      <dst id="22">7674.0978</dst>
      <dst id="7">1076.1422</dst>
      <dst id="2">83240.6222</dst>
      <dst id="6">43.9022</dst>
      <dst id="16">6600.7022</dst>
      <dst id="14">298.8178</dst>
      <dst id="20">4013.7156</dst>
      <dst id="11">4286.9867</dst>
      <dst id="9">5402.4444</dst>
      <dst id="17">61607.0667</dst>
      <dst id="21">9878.0533</dst>
      <dst id="15">493.6178</dst>
    </src>
    <src id="13">
      <dst id="12">91970.3022</dst>
      <dst id="19">4703.1289</dst>
      <dst id="23">2.8622</dst>
      <dst id="8">1076.4889</dst>
      <dst id="18">2799.2000</dst>
      <dst id="1">11317.9644</dst>
      <dst id="5">4691.5200</dst>
      <dst id="3">3408.0978</dst>
      <dst id="22">52376.3556</dst>
      <dst id="7">12266.0356</dst>
      <dst id="2">100701.5911</dst>
      <dst id="6">97.5822</dst>
      <dst id="16">6975.0667</dst>
      <dst id="14">2231.4044</dst>
      <dst id="20">15968.8444</dst>
      <dst id="11">15425.7244</dst>
      <dst id="9">11496.7644</dst>
      <dst id="17">58292.8356</dst>
      <dst id="21">17467.7511</dst>
      <dst id="15">3933.6800</dst>
    </src>
    <src id="19">
      <dst id="12">12255.7867</dst>
      <dst id="13">835.1911</dst>
      <dst id="8">11.0667</dst>
      <dst id="18">105.9911</dst>
      <dst id="4">19734.3111</dst>
      <dst id="1">302.1600</dst>
      <dst id="5">3.7600</dst>
      <dst id="3">0.3911</dst>
      <dst id="22">696.8089</dst>
      <dst id="7">3072.5956</dst>
      <dst id="2">14271.6089</dst>
      <dst id="6">41.1467</dst>
      <dst id="16">6640.4800</dst>
      <dst id="20">42.0267</dst>
      <dst id="11">13.1111</dst>
      <dst id="9">509.8400</dst>
      <dst id="17">169.5111</dst>
      <dst id="21">185.9556</dst>
      <dst id="15">2.3822</dst>
    </src>
    <src id="23">
      <dst id="12">72.9244</dst>
      <dst id="13">15.2444</dst>
      <dst id="8">2.9156</dst>
      <dst id="18">149.0489</dst>
      <dst id="4">50.3733</dst>
      <dst id="1">74.5244</dst>
      <dst id="5">15.6711</dst>
      <dst id="3">45.4400</dst>
      <dst id="22">213.5644</dst>
      <dst id="7">12371.3156</dst>
      <dst id="2">32.5156</dst>
      <dst id="16">31.2356</dst>
      <dst id="20">0.5778</dst>
      <dst id="11">4.4889</dst>
      <dst id="9">344.5689</dst>
      <dst id="17">128.2044</dst>
      <dst id="21">617.2711</dst>
    </src>
    <src id="8">
      <dst id="12">285942.5956</dst>
      <dst id="13">232.3467</dst>
      <dst id="19">173.3333</dst>
      <dst id="23">370.0978</dst>
      <dst id="18">57.3156</dst>
      <dst id="4">6135.8133</dst>
      <dst id="1">49.9378</dst>
      <dst id="5">2141.0844</dst>
      <dst id="22">353.9022</dst>
      <dst id="7">59.6622</dst>
      <dst id="2">117412.0444</dst>
      <dst id="16">137.9467</dst>
      <dst id="14">0.3556</dst>
      <dst id="20">206.8622</dst>
      <dst id="11">913.8222</dst>
      <dst id="9">268.3467</dst>
      <dst id="17">112456.7556</dst>
      <dst id="21">429.0400</dst>
      <dst id="15">58.1244</dst>
    </src>
    <src id="18">
      <dst id="12">103488.3822</dst>
      <dst id="13">404.4711</dst>
      <dst id="19">927.1822</dst>
      <dst id="23">4.8711</dst>
      <dst id="8">151.4400</dst>
      <dst id="4">2201.6800</dst>
      <dst id="1">779.8489</dst>
      <dst id="5">115.5822</dst>
      <dst id="3">57.9911</dst>
      <dst id="22">755.3778</dst>
      <dst id="7">3819.0933</dst>
      <dst id="2">30615.6178</dst>
      <dst id="16">1.0844</dst>
      <dst id="14">15.4667</dst>
      <dst id="20">23.5911</dst>
      <dst id="11">705.1289</dst>
      <dst id="9">266.1689</dst>
      <dst id="17">37112.1600</dst>
      <dst id="21">410.6844</dst>
      <dst id="15">38.6489</dst>
    </src>
    <src id="4">
      <dst id="12">11729.8756</dst>
      <dst id="19">4952.7022</dst>
      <dst id="8">646.7289</dst>
      <dst id="18">1483.7956</dst>
      <dst id="4">29.6089</dst>
      <dst id="1">9631.8044</dst>
      <dst id="5">1195.0756</dst>
      <dst id="3">333.1022</dst>
      <dst id="22">3988.7022</dst>
      <dst id="7">42980.6578</dst>
      <dst id="2">53564.8711</dst>
      <dst id="6">0.3556</dst>
      <dst id="16">1101.3778</dst>
      <dst id="14">727.6800</dst>
      <dst id="20">749.5111</dst>
      <dst id="11">6488.3556</dst>
      <dst id="9">1304.2578</dst>
      <dst id="17">93281.5556</dst>
      <dst id="21">7268.4089</dst>
      <dst id="15">250.2756</dst>
    </src>
    <src id="1">
      <dst id="12">16083.5200</dst>
      <dst id="13">1926.6667</dst>
      <dst id="19">8.3200</dst>
      <dst id="23">58.3378</dst>
      <dst id="8">74632.0178</dst>
      <dst id="18">12088.1600</dst>
      <dst id="4">9164.6133</dst>
      <dst id="1">26939.0578</dst>
      <dst id="5">166538.1778</dst>
      <dst id="3">6.6578</dst>
      <dst id="22">306.7556</dst>
      <dst id="7">1348.5244</dst>
      <dst id="2">1700.4533</dst>
      <dst id="6">5193.4044</dst>
      <dst id="16">9852.5244</dst>
      <dst id="14">73.6711</dst>
      <dst id="20">249.9378</dst>
      <dst id="11">84.1511</dst>
      <dst id="9">154683.7333</dst>
      <dst id="17">2319.6889</dst>
      <dst id="21">1457.1822</dst>
      <dst id="15">129.1733</dst>
    </src>
    <src id="5">
      <dst id="12">257034.8978</dst>
      <dst id="13">909.9200</dst>
      <dst id="19">43.7600</dst>
      <dst id="23">41.1733</dst>
      <dst id="8">858.4178</dst>
      <dst id="18">429.3689</dst>
      <dst id="4">7569.2089</dst>
      <dst id="1">176.1422</dst>
      <dst id="3">20.3467</dst>
      <dst id="22">9907.3511</dst>
      <dst id="7">78.0889</dst>
      <dst id="2">115187.9200</dst>
      <dst id="6">0.5511</dst>
      <dst id="16">183.2444</dst>
      <dst id="14">0.7111</dst>
      <dst id="20">17557.3333</dst>
      <dst id="11">548.1600</dst>
      <dst id="9">1665.1467</dst>
      <dst id="17">99020.3022</dst>
      <dst id="21">314.6311</dst>
      <dst id="15">55.6800</dst>
    </src>
    <src id="3">
      <dst id="12">19849.0489</dst>
      <dst id="13">643.1289</dst>
      <dst id="19">5537.2978</dst>
      <dst id="23">2.7467</dst>
      <dst id="8">23.7956</dst>
      <dst id="18">74415.6089</dst>
      <dst id="4">25599.6622</dst>
      <dst id="1">3824.7200</dst>
      <dst id="5">302.3822</dst>
      <dst id="3">9357.4667</dst>
      <dst id="22">697.1822</dst>
      <dst id="7">1408.5956</dst>
      <dst id="2">2854.0533</dst>
      <dst id="6">1.7511</dst>
      <dst id="16">1715.1733</dst>
      <dst id="14">30945.2533</dst>
      <dst id="20">2150.5689</dst>
      <dst id="11">140497.8489</dst>
      <dst id="9">609.8133</dst>
      <dst id="17">39286.1867</dst>
      <dst id="21">3992.4533</dst>
      <dst id="15">32.1244</dst>
    </src>
    <src id="10">
      <dst id="12">11104.1156</dst>
      <dst id="19">2023.4489</dst>
      <dst id="8">286.8089</dst>
      <dst id="18">1667.4756</dst>
      <dst id="1">504.7467</dst>
      <dst id="5">950.5956</dst>
      <dst id="3">13773.7244</dst>
      <dst id="22">6517.8844</dst>
      <dst id="7">19197.6889</dst>
      <dst id="2">26451.7956</dst>
      <dst id="6">31.9733</dst>
      <dst id="16">2215.2444</dst>
      <dst id="14">3409.0133</dst>
      <dst id="20">7629.7156</dst>
      <dst id="11">5292.8622</dst>
      <dst id="9">1431.8400</dst>
      <dst id="17">20446.0178</dst>
      <dst id="21">13573.2356</dst>
      <dst id="15">1326.8267</dst>
    </src>
    <src id="22">
      <dst id="12">4537.4933</dst>
      <dst id="13">3016.1511</dst>
      <dst id="19">89.2622</dst>
      <dst id="23">14.5956</dst>
      <dst id="8">1812.6489</dst>
      <dst id="18">759.3244</dst>
      <dst id="4">15877.8222</dst>
      <dst id="1">75.3956</dst>
      <dst id="5">3801.4667</dst>
      <dst id="3">278.2756</dst>
      <dst id="7">572.7378</dst>
      <dst id="2">2797.5644</dst>
      <dst id="16">0.8356</dst>
      <dst id="14">179.9556</dst>
      <dst id="11">4120.4622</dst>
      <dst id="9">1761.8489</dst>
      <dst id="17">3348.6578</dst>
      <dst id="21">1133.5289</dst>
    </src>
    <src id="7">
      <dst id="12">5809.8400</dst>
      <dst id="13">151.4133</dst>
      <dst id="19">125.1289</dst>
      <dst id="23">287.9289</dst>
      <dst id="8">447.5467</dst>
      <dst id="18">639.9644</dst>
      <dst id="4">28242.2933</dst>
      <dst id="1">2324.9422</dst>
      <dst id="5">1044.2044</dst>
      <dst id="3">181.3244</dst>
      <dst id="22">4719.3600</dst>
      <dst id="7">694.6489</dst>
      <dst id="2">5336.8089</dst>
      <dst id="6">43.1200</dst>
      <dst id="16">557.1111</dst>
      <dst id="14">48.5778</dst>
      <dst id="20">120.0089</dst>
      <dst id="11">1209.2178</dst>
      <dst id="9">367.1022</dst>
      <dst id="17">7214.0889</dst>
      <dst id="21">3500.9956</dst>
      <dst id="15">183.9200</dst>
    </src>
    <src id="2">
      <dst id="12">90750.2311</dst>
      <dst id="13">4848.2578</dst>
      <dst id="19">8069.9733</dst>
      <dst id="23">12.6222</dst>
      <dst id="8">925.9911</dst>
      <dst id="18">71793.7600</dst>
      <dst id="4">105278.9511</dst>
      <dst id="1">3439.8400</dst>
      <dst id="5">1055.3778</dst>
      <dst id="3">6.7289</dst>
      <dst id="22">2568.9600</dst>
      <dst id="7">6506.9333</dst>
      <dst id="2">851.6000</dst>
      <dst id="6">4529.1556</dst>
      <dst id="16">2008.1333</dst>
      <dst id="14">5844.6133</dst>
      <dst id="20">1000.6756</dst>
      <dst id="11">3230.5600</dst>
      <dst id="9">1199.1733</dst>
      <dst id="17">57036.4356</dst>
      <dst id="21">6379.7600</dst>
      <dst id="15">109.7244</dst>
    </src>
    <src id="6">
      <dst id="12">7932.5333</dst>
      <dst id="13">5.6444</dst>
      <dst id="19">1.2267</dst>
      <dst id="4">108.7200</dst>
      <dst id="1">0.5244</dst>
      <dst id="22">9.4578</dst>
      <dst id="7">1.5111</dst>
      <dst id="2">1894.2222</dst>
      <dst id="16">0.4622</dst>
      <dst id="11">1.4222</dst>
      <dst id="9">32.9778</dst>
      <dst id="17">876.9600</dst>
      <dst id="21">0.3644</dst>
    </src>
    <src id="16">
      <dst id="12">3144.7200</dst>
      <dst id="13">930.8267</dst>
      <dst id="19">3778.5422</dst>
      <dst id="23">0.8533</dst>
      <dst id="8">2059.3689</dst>
      <dst id="18">18.2756</dst>
      <dst id="4">6705.4133</dst>
      <dst id="1">14654.3200</dst>
      <dst id="5">1042.5156</dst>
      <dst id="7">2194.2844</dst>
      <dst id="2">611.6800</dst>
      <dst id="6">2.7111</dst>
      <dst id="16">14.6844</dst>
      <dst id="14">217.2444</dst>
      <dst id="11">894.6133</dst>
      <dst id="9">2567.5022</dst>
      <dst id="17">1347.2089</dst>
      <dst id="21">438.3911</dst>
    </src>
    <src id="14">
      <dst id="12">17093.1378</dst>
      <dst id="13">107.5911</dst>
      <dst id="19">6.3111</dst>
      <dst id="23">0.6133</dst>
      <dst id="8">5.1200</dst>
      <dst id="18">98.5689</dst>
      <dst id="4">2127.0578</dst>
      <dst id="1">33.2178</dst>
      <dst id="5">3.1911</dst>
      <dst id="3">59.9111</dst>
      <dst id="22">7.2000</dst>
      <dst id="7">49.3956</dst>
      <dst id="2">6464.0622</dst>
      <dst id="16">8.5511</dst>
      <dst id="11">30.9600</dst>
      <dst id="9">31.5022</dst>
      <dst id="17">8651.9911</dst>
      <dst id="21">19.1911</dst>
    </src>
    <src id="20">
      <dst id="12">8186.4267</dst>
      <dst id="13">6953.3422</dst>
      <dst id="19">2315.9467</dst>
      <dst id="8">7457.9200</dst>
      <dst id="18">417.0311</dst>
      <dst id="4">12701.0756</dst>
      <dst id="1">158.6222</dst>
      <dst id="5">1562.5244</dst>
      <dst id="3">628.7200</dst>
      <dst id="7">203.4667</dst>
      <dst id="2">3241.6889</dst>
      <dst id="11">114.7822</dst>
      <dst id="9">7370.2044</dst>
      <dst id="17">3705.9644</dst>
      <dst id="21">6725.8400</dst>
    </src>
    <src id="11">
      <dst id="12">423182.1333</dst>
      <dst id="13">2872.0533</dst>
      <dst id="19">5.9644</dst>
      <dst id="23">123.2800</dst>
      <dst id="8">432.4089</dst>
      <dst id="18">324.7556</dst>
      <dst id="4">13941.6089</dst>
      <dst id="1">439.3956</dst>
      <dst id="5">1345.2356</dst>
      <dst id="3">176.1156</dst>
      <dst id="22">3214.4800</dst>
      <dst id="7">225.9911</dst>
      <dst id="2">158645.9822</dst>
      <dst id="6">99.2178</dst>
      <dst id="16">681.5822</dst>
      <dst id="14">39.1289</dst>
      <dst id="20">3500.6756</dst>
      <dst id="11">929.0844</dst>
      <dst id="9">1635.9378</dst>
      <dst id="17">150234.1244</dst>
      <dst id="21">965.7067</dst>
      <dst id="15">390.4889</dst>
    </src>
    <src id="9">
      <dst id="12">437081.0222</dst>
      <dst id="13">6234.2044</dst>
      <dst id="19">184.9956</dst>
      <dst id="23">13.5822</dst>
      <dst id="8">243.7689</dst>
      <dst id="18">375.8222</dst>
      <dst id="4">18360.8444</dst>
      <dst id="1">1284.5333</dst>
      <dst id="5">1265.7156</dst>
      <dst id="3">1.0667</dst>
      <dst id="22">4122.1333</dst>
      <dst id="7">49.9733</dst>
      <dst id="2">156340.5600</dst>
      <dst id="6">14.2222</dst>
      <dst id="16">147.5378</dst>
      <dst id="14">17.9822</dst>
      <dst id="20">2228.4889</dst>
      <dst id="11">587.7156</dst>
      <dst id="9">480.9156</dst>
      <dst id="17">162032.4889</dst>
      <dst id="21">2487.9289</dst>
      <dst id="15">223.0311</dst>
    </src>
    <src id="17">
      <dst id="12">4924.3911</dst>
      <dst id="13">4939.5289</dst>
      <dst id="19">231.9289</dst>
      <dst id="23">68.6222</dst>
      <dst id="8">113563.8400</dst>
      <dst id="18">71.1022</dst>
      <dst id="4">169655.1289</dst>
      <dst id="1">2744.0622</dst>
      <dst id="5">163564.5156</dst>
      <dst id="3">11698.9867</dst>
      <dst id="22">7607.8844</dst>
      <dst id="7">3132.1422</dst>
      <dst id="2">19549.1644</dst>
      <dst id="6">1.4578</dst>
      <dst id="16">4205.9733</dst>
      <dst id="14">18422.5244</dst>
      <dst id="20">5720.1956</dst>
      <dst id="11">97093.4044</dst>
      <dst id="9">173683.7867</dst>
      <dst id="17">727.7956</dst>
      <dst id="21">7425.5467</dst>
      <dst id="15">1837.6711</dst>
    </src>
    <src id="21">
      <dst id="12">19420.4089</dst>
      <dst id="13">799.1111</dst>
      <dst id="19">212.2844</dst>
      <dst id="23">1.3867</dst>
      <dst id="8">1055.5378</dst>
      <dst id="18">576.5600</dst>
      <dst id="4">27915.3867</dst>
      <dst id="1">1077.6533</dst>
      <dst id="5">2638.4889</dst>
      <dst id="3">1039.1022</dst>
      <dst id="22">2492.8889</dst>
      <dst id="7">3524.4356</dst>
      <dst id="2">10196.8356</dst>
      <dst id="6">1.7511</dst>
      <dst id="16">119.1200</dst>
      <dst id="14">56.6222</dst>
      <dst id="20">222.3111</dst>
      <dst id="11">687.8311</dst>
      <dst id="9">261.6622</dst>
      <dst id="17">5462.3733</dst>
      <dst id="21">1306.8711</dst>
      <dst id="15">113.7333</dst>
    </src>
    <src id="15">
      <dst id="12">10775.5467</dst>
      <dst id="13">3610.6844</dst>
      <dst id="19">17.9556</dst>
      <dst id="8">34.3467</dst>
      <dst id="18">92.6222</dst>
      <dst id="4">2565.6444</dst>
      <dst id="1">410.7467</dst>
      <dst id="5">734.8711</dst>
      <dst id="3">5.8844</dst>
      <dst id="7">67.4133</dst>
      <dst id="2">262.6311</dst>
      <dst id="11">285.4578</dst>
      <dst id="9">595.0933</dst>
      <dst id="17">241.7067</dst>
      <dst id="21">168.6044</dst>
    </src>
  </IntraTM>
</TrafficMatrixFile>
