<?xml version="1.0" encoding="UTF-8" standalone="yes"?>
<TrafficMatrixFile xmlns:xsi="http://www.w3.org/2001/XMLSchema-instance" xsi:noNamespaceSchemaLocation="http://totem.run.montefiore.ulg.ac.be/Schema/TrafficMatrix-v1_2.xsd">
  <info>
    <title>Intradomain traffic matrix generated by geant-TM-all.pl</title>
    <date>2005-01-01T04:15:00</date>
    <duration>900</duration>
    <author>Steve Uhlig</author>
    <units>
        <unit type="bandwidth" value="kbps"/>
    </units>
  </info>
  <IntraTM ASID="20965">
    <src id="12">
      <dst id="12">322463.7689</dst>
      <dst id="13">23105.8400</dst>
      <dst id="19">3951.7600</dst>
      <dst id="23">6108.1422</dst>
      <dst id="8">3436.1778</dst>
      <dst id="18">2712.0711</dst>
      <dst id="4">144100.4889</dst>
      <dst id="1">7580.9333</dst>
      <dst id="5">6091.9911</dst>
      <dst id="3">4372.9156</dst>
      <dst id="22">13990.6489</dst>
      <dst id="7">5385.5556</dst>
      <dst id="2">101166.2489</dst>
      <dst id="6">6.4978</dst>
      <dst id="16">7453.2089</dst>
      <dst id="14">176.9778</dst>
      <dst id="20">5941.7778</dst>
      <dst id="11">8015.6356</dst>
      <dst id="9">30494.7022</dst>
      <dst id="17">77043.2000</dst>
      <dst id="21">13884.5778</dst>
      <dst id="15">4590.1867</dst>
    </src>
    <src id="13">
      <dst id="12">32424.4978</dst>
      <dst id="19">13841.7156</dst>
      <dst id="23">9254.1422</dst>
      <dst id="8">589.5289</dst>
      <dst id="18">2838.7200</dst>
      <dst id="1">2694.4800</dst>
      <dst id="5">2699.0044</dst>
      <dst id="3">4571.0756</dst>
      <dst id="22">8573.2622</dst>
      <dst id="7">3896.9956</dst>
      <dst id="2">14823.5911</dst>
      <dst id="6">2.2844</dst>
      <dst id="16">2091.0044</dst>
      <dst id="14">151.0667</dst>
      <dst id="20">31935.5378</dst>
      <dst id="11">2253.6622</dst>
      <dst id="9">9181.4756</dst>
      <dst id="17">173653.6533</dst>
      <dst id="21">14028.1333</dst>
      <dst id="15">861.8756</dst>
    </src>
    <src id="19">
      <dst id="12">14675.2267</dst>
      <dst id="13">9057.6800</dst>
      <dst id="23">45.4222</dst>
      <dst id="8">31.0044</dst>
      <dst id="18">30.7467</dst>
      <dst id="4">23008.3022</dst>
      <dst id="1">99.2356</dst>
      <dst id="5">88.8533</dst>
      <dst id="3">673.3333</dst>
      <dst id="22">49.2178</dst>
      <dst id="7">9015.2267</dst>
      <dst id="2">1107.6622</dst>
      <dst id="6">76.5778</dst>
      <dst id="16">5131.5644</dst>
      <dst id="14">67.0222</dst>
      <dst id="20">20.5956</dst>
      <dst id="11">485.4578</dst>
      <dst id="9">3837.0756</dst>
      <dst id="17">994.0889</dst>
      <dst id="21">543.2711</dst>
    </src>
    <src id="23">
      <dst id="12">1001.9644</dst>
      <dst id="13">187.7244</dst>
      <dst id="19">294.5156</dst>
      <dst id="18">133.7244</dst>
      <dst id="4">94.6667</dst>
      <dst id="1">44.2044</dst>
      <dst id="5">19.2711</dst>
      <dst id="3">30.6844</dst>
      <dst id="22">149.0400</dst>
      <dst id="7">228.4444</dst>
      <dst id="2">14.6044</dst>
      <dst id="16">238.3378</dst>
      <dst id="20">52.8622</dst>
      <dst id="11">42.0622</dst>
      <dst id="9">614.5244</dst>
      <dst id="17">121.5378</dst>
      <dst id="21">428.5333</dst>
    </src>
    <src id="8">
      <dst id="12">352013.8400</dst>
      <dst id="13">1151.5911</dst>
      <dst id="19">217.6356</dst>
      <dst id="23">1.5644</dst>
      <dst id="18">42.4711</dst>
      <dst id="4">5698.9156</dst>
      <dst id="1">17.9467</dst>
      <dst id="5">3391.2533</dst>
      <dst id="3">111.6889</dst>
      <dst id="22">1486.0178</dst>
      <dst id="7">398.1956</dst>
      <dst id="2">146575.6533</dst>
      <dst id="16">500.9511</dst>
      <dst id="14">0.6489</dst>
      <dst id="20">2161.8311</dst>
      <dst id="11">265.1556</dst>
      <dst id="9">822.3733</dst>
      <dst id="17">85205.4756</dst>
      <dst id="21">157.6356</dst>
      <dst id="15">126.3111</dst>
    </src>
    <src id="18">
      <dst id="12">143922.0089</dst>
      <dst id="13">932.2933</dst>
      <dst id="19">113.2889</dst>
      <dst id="23">3.2533</dst>
      <dst id="8">26.0089</dst>
      <dst id="4">1923.8311</dst>
      <dst id="1">1844.1333</dst>
      <dst id="5">729.3956</dst>
      <dst id="3">171.0756</dst>
      <dst id="22">1782.0089</dst>
      <dst id="7">72.7378</dst>
      <dst id="2">49933.4489</dst>
      <dst id="16">69.3600</dst>
      <dst id="14">26.2400</dst>
      <dst id="20">528.8356</dst>
      <dst id="11">250.9422</dst>
      <dst id="9">283.4578</dst>
      <dst id="17">33604.5511</dst>
      <dst id="21">2312.7111</dst>
      <dst id="15">525.7422</dst>
    </src>
    <src id="4">
      <dst id="12">71456.9244</dst>
      <dst id="13">1766.6133</dst>
      <dst id="19">18274.6844</dst>
      <dst id="8">3590.0800</dst>
      <dst id="18">8957.5289</dst>
      <dst id="4">1.3689</dst>
      <dst id="1">7151.2711</dst>
      <dst id="5">8305.8667</dst>
      <dst id="3">17644.1333</dst>
      <dst id="22">26368.4267</dst>
      <dst id="7">75625.6178</dst>
      <dst id="2">166102.0711</dst>
      <dst id="6">87.6800</dst>
      <dst id="16">18078.5867</dst>
      <dst id="14">8645.7244</dst>
      <dst id="20">86877.6444</dst>
      <dst id="11">17191.7689</dst>
      <dst id="9">18621.9733</dst>
      <dst id="17">144137.1022</dst>
      <dst id="21">43462.3200</dst>
      <dst id="15">3009.8489</dst>
    </src>
    <src id="1">
      <dst id="12">16255.5911</dst>
      <dst id="13">1253.7156</dst>
      <dst id="19">3102.9511</dst>
      <dst id="23">131.7600</dst>
      <dst id="8">153926.0178</dst>
      <dst id="18">13213.7956</dst>
      <dst id="4">17519.2000</dst>
      <dst id="1">38.2756</dst>
      <dst id="5">256331.1289</dst>
      <dst id="3">55965.5111</dst>
      <dst id="22">5343.7333</dst>
      <dst id="7">20483.8222</dst>
      <dst id="2">15806.9156</dst>
      <dst id="6">7059.0667</dst>
      <dst id="16">9525.6978</dst>
      <dst id="14">1196.0622</dst>
      <dst id="20">217.2711</dst>
      <dst id="11">1092.1600</dst>
      <dst id="9">258515.7156</dst>
      <dst id="17">3848.4178</dst>
      <dst id="21">30388.8800</dst>
      <dst id="15">3053.0756</dst>
    </src>
    <src id="5">
      <dst id="12">406160.0711</dst>
      <dst id="13">4585.6356</dst>
      <dst id="19">162.2311</dst>
      <dst id="23">414.8711</dst>
      <dst id="8">31160.9689</dst>
      <dst id="18">1123.8311</dst>
      <dst id="4">11827.5556</dst>
      <dst id="1">160.8622</dst>
      <dst id="3">942.9956</dst>
      <dst id="22">6190.8267</dst>
      <dst id="7">259.4044</dst>
      <dst id="2">184534.4000</dst>
      <dst id="16">820.0711</dst>
      <dst id="14">772.9867</dst>
      <dst id="20">2621.4933</dst>
      <dst id="11">4616.2133</dst>
      <dst id="9">4122.6133</dst>
      <dst id="17">100135.3422</dst>
      <dst id="21">1485.5644</dst>
      <dst id="15">652.3200</dst>
    </src>
    <src id="3">
      <dst id="12">10428.4711</dst>
      <dst id="13">5969.1733</dst>
      <dst id="19">1255.9556</dst>
      <dst id="23">30.6311</dst>
      <dst id="8">136.9956</dst>
      <dst id="18">123592.6044</dst>
      <dst id="4">50586.5422</dst>
      <dst id="1">18708.0533</dst>
      <dst id="5">198.1244</dst>
      <dst id="3">13888.7200</dst>
      <dst id="22">1257.3067</dst>
      <dst id="7">17780.5689</dst>
      <dst id="2">4913.1200</dst>
      <dst id="6">37.1556</dst>
      <dst id="16">2183.0933</dst>
      <dst id="14">51536.3200</dst>
      <dst id="20">2562.7378</dst>
      <dst id="11">160597.6978</dst>
      <dst id="9">1753.2444</dst>
      <dst id="17">13919.0933</dst>
      <dst id="21">10462.5156</dst>
      <dst id="15">507.8133</dst>
    </src>
    <src id="10">
      <dst id="12">26286.3733</dst>
      <dst id="19">3455.5022</dst>
      <dst id="8">4158.6578</dst>
      <dst id="18">2514.3022</dst>
      <dst id="4">3.2000</dst>
      <dst id="1">1269.0489</dst>
      <dst id="5">3439.7600</dst>
      <dst id="3">5217.4756</dst>
      <dst id="22">9093.7067</dst>
      <dst id="7">9420.0178</dst>
      <dst id="2">35884.9333</dst>
      <dst id="6">6.0089</dst>
      <dst id="16">3749.9111</dst>
      <dst id="14">2767.2889</dst>
      <dst id="20">6120.0178</dst>
      <dst id="11">8202.4533</dst>
      <dst id="9">2039.1022</dst>
      <dst id="17">19997.4844</dst>
      <dst id="21">26906.0444</dst>
      <dst id="15">778.1600</dst>
    </src>
    <src id="22">
      <dst id="12">9512.2756</dst>
      <dst id="13">3168.7644</dst>
      <dst id="19">49.7867</dst>
      <dst id="23">42.3822</dst>
      <dst id="8">2784.8444</dst>
      <dst id="18">762.4178</dst>
      <dst id="4">21657.8311</dst>
      <dst id="1">289.5822</dst>
      <dst id="5">3933.6711</dst>
      <dst id="3">1653.6178</dst>
      <dst id="7">1432.5511</dst>
      <dst id="2">7859.5467</dst>
      <dst id="6">13.7156</dst>
      <dst id="16">1.1733</dst>
      <dst id="14">32.5067</dst>
      <dst id="11">4064.3200</dst>
      <dst id="9">5297.6089</dst>
      <dst id="17">9148.9422</dst>
      <dst id="21">1584.4356</dst>
    </src>
    <src id="7">
      <dst id="12">7825.6800</dst>
      <dst id="13">1655.5822</dst>
      <dst id="19">923.2978</dst>
      <dst id="23">473.6800</dst>
      <dst id="8">1846.8000</dst>
      <dst id="18">575.7511</dst>
      <dst id="4">37713.7244</dst>
      <dst id="1">14558.7378</dst>
      <dst id="5">1274.3378</dst>
      <dst id="3">16082.2400</dst>
      <dst id="22">4224.4889</dst>
      <dst id="7">544.3556</dst>
      <dst id="2">13569.5200</dst>
      <dst id="6">13.7244</dst>
      <dst id="16">532.7911</dst>
      <dst id="14">346.8533</dst>
      <dst id="20">922.4889</dst>
      <dst id="11">2708.0178</dst>
      <dst id="9">982.7289</dst>
      <dst id="17">10055.0933</dst>
      <dst id="21">26248.0711</dst>
      <dst id="15">281.4400</dst>
    </src>
    <src id="2">
      <dst id="12">172008.7289</dst>
      <dst id="13">15107.5822</dst>
      <dst id="19">2478.9422</dst>
      <dst id="23">123.8578</dst>
      <dst id="8">375.0133</dst>
      <dst id="18">118641.1200</dst>
      <dst id="4">135289.1022</dst>
      <dst id="1">7579.2889</dst>
      <dst id="5">1734.4267</dst>
      <dst id="3">1355.8400</dst>
      <dst id="22">2512.5867</dst>
      <dst id="7">7013.6889</dst>
      <dst id="2">2184.1778</dst>
      <dst id="6">7076.9422</dst>
      <dst id="16">11114.5778</dst>
      <dst id="14">148.8444</dst>
      <dst id="20">1611.9911</dst>
      <dst id="11">3889.6267</dst>
      <dst id="9">4459.8489</dst>
      <dst id="17">57898.1422</dst>
      <dst id="21">7766.7200</dst>
      <dst id="15">137.9289</dst>
    </src>
    <src id="6">
      <dst id="12">10407.5733</dst>
      <dst id="13">3.4311</dst>
      <dst id="19">14.4000</dst>
      <dst id="4">122.1689</dst>
      <dst id="1">6.6133</dst>
      <dst id="5">0.9067</dst>
      <dst id="3">1.4311</dst>
      <dst id="22">12.2844</dst>
      <dst id="7">1.3867</dst>
      <dst id="2">2529.4222</dst>
      <dst id="16">12.9778</dst>
      <dst id="11">1.5289</dst>
      <dst id="9">0.3289</dst>
      <dst id="17">1676.5689</dst>
      <dst id="21">1.6622</dst>
      <dst id="15">1.6622</dst>
    </src>
    <src id="16">
      <dst id="12">2441.4311</dst>
      <dst id="13">871.4756</dst>
      <dst id="19">4767.0222</dst>
      <dst id="23">41.5467</dst>
      <dst id="8">6219.7067</dst>
      <dst id="18">40.3111</dst>
      <dst id="4">8466.8444</dst>
      <dst id="1">19687.9644</dst>
      <dst id="5">7141.8133</dst>
      <dst id="3">1875.4311</dst>
      <dst id="7">782.8978</dst>
      <dst id="2">1650.5778</dst>
      <dst id="6">4.1689</dst>
      <dst id="16">73.5378</dst>
      <dst id="14">1.1822</dst>
      <dst id="11">100.5778</dst>
      <dst id="9">9229.1200</dst>
      <dst id="17">5266.5511</dst>
      <dst id="21">273.4311</dst>
    </src>
    <src id="14">
      <dst id="12">23341.6622</dst>
      <dst id="13">79.0400</dst>
      <dst id="19">9.4844</dst>
      <dst id="18">51.9644</dst>
      <dst id="4">3059.1111</dst>
      <dst id="1">65.3244</dst>
      <dst id="5">33.5111</dst>
      <dst id="3">55.8933</dst>
      <dst id="22">7.8933</dst>
      <dst id="7">99.0044</dst>
      <dst id="2">6571.1644</dst>
      <dst id="20">0.4089</dst>
      <dst id="11">162.7556</dst>
      <dst id="9">2.4444</dst>
      <dst id="17">5076.4089</dst>
      <dst id="21">211.5467</dst>
      <dst id="15">6.8267</dst>
    </src>
    <src id="20">
      <dst id="12">8626.8533</dst>
      <dst id="13">9934.0267</dst>
      <dst id="19">15.5111</dst>
      <dst id="23">8.1867</dst>
      <dst id="8">4051.9378</dst>
      <dst id="18">259.6267</dst>
      <dst id="4">20474.0978</dst>
      <dst id="1">241.9111</dst>
      <dst id="5">4372.0356</dst>
      <dst id="3">2571.2889</dst>
      <dst id="7">518.8444</dst>
      <dst id="2">7278.4800</dst>
      <dst id="6">0.9244</dst>
      <dst id="14">5.1822</dst>
      <dst id="11">9229.8133</dst>
      <dst id="9">5331.6622</dst>
      <dst id="17">6394.4444</dst>
      <dst id="21">3104.3378</dst>
    </src>
    <src id="11">
      <dst id="12">410960.9956</dst>
      <dst id="13">4209.6000</dst>
      <dst id="19">78.7556</dst>
      <dst id="23">39.7067</dst>
      <dst id="8">1540.2933</dst>
      <dst id="18">270.5422</dst>
      <dst id="4">18420.2400</dst>
      <dst id="1">650.0444</dst>
      <dst id="5">1207.7422</dst>
      <dst id="3">2428.3556</dst>
      <dst id="22">5544.3644</dst>
      <dst id="7">996.4000</dst>
      <dst id="2">174919.5911</dst>
      <dst id="6">50.0267</dst>
      <dst id="16">634.8267</dst>
      <dst id="14">28.6400</dst>
      <dst id="20">750.7911</dst>
      <dst id="11">1550.2311</dst>
      <dst id="9">2448.4533</dst>
      <dst id="17">99116.0178</dst>
      <dst id="21">1154.3200</dst>
      <dst id="15">329.6533</dst>
    </src>
    <src id="9">
      <dst id="12">485849.0400</dst>
      <dst id="13">12056.3378</dst>
      <dst id="19">1990.8444</dst>
      <dst id="23">43.2533</dst>
      <dst id="8">895.3867</dst>
      <dst id="18">177.1289</dst>
      <dst id="4">15012.0356</dst>
      <dst id="1">207.4756</dst>
      <dst id="5">7465.1111</dst>
      <dst id="3">175.5644</dst>
      <dst id="22">3621.7600</dst>
      <dst id="7">304.4444</dst>
      <dst id="2">197099.3600</dst>
      <dst id="6">0.8622</dst>
      <dst id="16">944.4622</dst>
      <dst id="14">17.1467</dst>
      <dst id="20">4075.9289</dst>
      <dst id="11">281.7333</dst>
      <dst id="9">1230.2756</dst>
      <dst id="17">105902.0267</dst>
      <dst id="21">2483.8844</dst>
      <dst id="15">447.6800</dst>
    </src>
    <src id="17">
      <dst id="12">14316.1956</dst>
      <dst id="13">5786.4178</dst>
      <dst id="19">12960.1156</dst>
      <dst id="23">200.3022</dst>
      <dst id="8">160665.6356</dst>
      <dst id="18">1903.5022</dst>
      <dst id="4">94604.6400</dst>
      <dst id="1">3833.5200</dst>
      <dst id="5">263933.8222</dst>
      <dst id="3">23387.8756</dst>
      <dst id="22">4663.9911</dst>
      <dst id="7">16152.6667</dst>
      <dst id="2">16036.6311</dst>
      <dst id="6">102.6933</dst>
      <dst id="16">8345.0133</dst>
      <dst id="14">36767.8044</dst>
      <dst id="20">11114.9867</dst>
      <dst id="11">125098.9600</dst>
      <dst id="9">263254.0444</dst>
      <dst id="17">1976.5422</dst>
      <dst id="21">19803.9644</dst>
      <dst id="15">2917.0133</dst>
    </src>
    <src id="21">
      <dst id="12">23310.6044</dst>
      <dst id="13">1523.3778</dst>
      <dst id="19">361.5378</dst>
      <dst id="23">117.0400</dst>
      <dst id="8">60.1333</dst>
      <dst id="18">874.7467</dst>
      <dst id="4">23422.0444</dst>
      <dst id="1">5064.2933</dst>
      <dst id="5">1133.5467</dst>
      <dst id="3">2900.7111</dst>
      <dst id="22">2651.2622</dst>
      <dst id="7">2940.3644</dst>
      <dst id="2">13447.3422</dst>
      <dst id="6">1.5022</dst>
      <dst id="16">332.0089</dst>
      <dst id="14">93.9289</dst>
      <dst id="20">607.9289</dst>
      <dst id="11">1101.5911</dst>
      <dst id="9">1179.4489</dst>
      <dst id="17">4206.7111</dst>
      <dst id="21">3397.3778</dst>
      <dst id="15">211.0578</dst>
    </src>
    <src id="15">
      <dst id="12">418.1422</dst>
      <dst id="13">2230.1067</dst>
      <dst id="19">0.5333</dst>
      <dst id="23">3.0756</dst>
      <dst id="8">225.7067</dst>
      <dst id="18">249.3867</dst>
      <dst id="4">5038.1689</dst>
      <dst id="1">622.7111</dst>
      <dst id="5">644.6222</dst>
      <dst id="3">668.1244</dst>
      <dst id="7">47.0400</dst>
      <dst id="2">93.3867</dst>
      <dst id="14">1.5378</dst>
      <dst id="11">526.0089</dst>
      <dst id="9">2673.9467</dst>
      <dst id="17">546.0000</dst>
      <dst id="21">123.3067</dst>
    </src>
  </IntraTM>
</TrafficMatrixFile>
