<?xml version="1.0" encoding="UTF-8" standalone="yes"?>
<TrafficMatrixFile xmlns:xsi="http://www.w3.org/2001/XMLSchema-instance" xsi:noNamespaceSchemaLocation="http://totem.run.montefiore.ulg.ac.be/Schema/TrafficMatrix-v1_2.xsd">
  <info>
    <title>Intradomain traffic matrix generated by geant-TM-all.pl</title>
    <date>2005-01-04T07:30:00</date>
    <duration>900</duration>
    <author>Steve Uhlig</author>
    <units>
        <unit type="bandwidth" value="kbps"/>
    </units>
  </info>
  <IntraTM ASID="20965">
    <src id="12">
      <dst id="12">216715.6889</dst>
      <dst id="13">23088.4978</dst>
      <dst id="19">2402.8000</dst>
      <dst id="23">43.3778</dst>
      <dst id="8">3732.6400</dst>
      <dst id="18">183.5733</dst>
      <dst id="4">75142.6311</dst>
      <dst id="1">12551.2533</dst>
      <dst id="5">6866.3022</dst>
      <dst id="3">9102.8089</dst>
      <dst id="22">18060.5867</dst>
      <dst id="7">1631.5822</dst>
      <dst id="2">73686.8800</dst>
      <dst id="6">17.3778</dst>
      <dst id="16">4775.9822</dst>
      <dst id="14">222.0178</dst>
      <dst id="20">17277.5378</dst>
      <dst id="11">5649.0844</dst>
      <dst id="9">3688.8000</dst>
      <dst id="17">71368.3644</dst>
      <dst id="21">2202.5156</dst>
      <dst id="15">3458.3467</dst>
    </src>
    <src id="13">
      <dst id="12">51945.1911</dst>
      <dst id="19">11143.0400</dst>
      <dst id="23">25.5556</dst>
      <dst id="8">2622.8800</dst>
      <dst id="18">1042.4889</dst>
      <dst id="4">0.3556</dst>
      <dst id="1">1769.6533</dst>
      <dst id="5">27435.1022</dst>
      <dst id="3">3104.5333</dst>
      <dst id="22">17678.6133</dst>
      <dst id="7">10491.2889</dst>
      <dst id="2">114686.6222</dst>
      <dst id="6">105.8667</dst>
      <dst id="16">7744.1067</dst>
      <dst id="14">1357.7867</dst>
      <dst id="20">11572.9156</dst>
      <dst id="11">7641.3422</dst>
      <dst id="9">18012.7644</dst>
      <dst id="17">47963.1644</dst>
      <dst id="21">15102.0889</dst>
      <dst id="15">4315.4667</dst>
    </src>
    <src id="19">
      <dst id="12">13099.8756</dst>
      <dst id="13">4784.8622</dst>
      <dst id="23">1.8133</dst>
      <dst id="8">0.8356</dst>
      <dst id="18">19.4222</dst>
      <dst id="4">18838.2133</dst>
      <dst id="1">209.5200</dst>
      <dst id="5">26.2044</dst>
      <dst id="3">3.8311</dst>
      <dst id="22">24.4356</dst>
      <dst id="7">2711.8133</dst>
      <dst id="2">374.1244</dst>
      <dst id="6">65.7333</dst>
      <dst id="16">13289.7156</dst>
      <dst id="20">64.0711</dst>
      <dst id="11">1334.4000</dst>
      <dst id="9">122.0711</dst>
      <dst id="17">236.4622</dst>
      <dst id="21">209.6533</dst>
      <dst id="15">0.3556</dst>
    </src>
    <src id="23">
      <dst id="12">511.7867</dst>
      <dst id="13">437.8400</dst>
      <dst id="19">0.8267</dst>
      <dst id="8">53.3333</dst>
      <dst id="18">67.1644</dst>
      <dst id="4">1.5378</dst>
      <dst id="1">66.3911</dst>
      <dst id="3">140.1244</dst>
      <dst id="22">212.5778</dst>
      <dst id="7">31.1911</dst>
      <dst id="2">41.4756</dst>
      <dst id="16">4.8533</dst>
      <dst id="14">1.1289</dst>
      <dst id="20">0.6756</dst>
      <dst id="11">6217.0756</dst>
      <dst id="9">476.3556</dst>
      <dst id="17">1483.0311</dst>
      <dst id="21">92.3733</dst>
    </src>
    <src id="8">
      <dst id="12">357858.9689</dst>
      <dst id="13">1400.0533</dst>
      <dst id="19">2.0622</dst>
      <dst id="23">4.3556</dst>
      <dst id="18">0.4622</dst>
      <dst id="4">4072.8356</dst>
      <dst id="1">130.9689</dst>
      <dst id="5">690.8889</dst>
      <dst id="3">25.6000</dst>
      <dst id="22">476.9867</dst>
      <dst id="7">1962.5689</dst>
      <dst id="2">138735.7956</dst>
      <dst id="16">599.5822</dst>
      <dst id="14">49.7778</dst>
      <dst id="20">16.4089</dst>
      <dst id="11">682.6489</dst>
      <dst id="9">937.8133</dst>
      <dst id="17">118386.5244</dst>
      <dst id="21">185.0489</dst>
      <dst id="15">146.2756</dst>
    </src>
    <src id="18">
      <dst id="12">103544.7644</dst>
      <dst id="13">389.4844</dst>
      <dst id="19">25.8044</dst>
      <dst id="23">0.7111</dst>
      <dst id="8">15.2533</dst>
      <dst id="4">1179.3867</dst>
      <dst id="1">802.6844</dst>
      <dst id="5">123.0222</dst>
      <dst id="3">5.8578</dst>
      <dst id="22">120.4356</dst>
      <dst id="7">56.5067</dst>
      <dst id="2">26171.7067</dst>
      <dst id="16">52.6311</dst>
      <dst id="14">62.6489</dst>
      <dst id="20">101.6356</dst>
      <dst id="11">51.9556</dst>
      <dst id="9">61.2533</dst>
      <dst id="17">31019.4222</dst>
      <dst id="21">120.0267</dst>
      <dst id="15">6.3111</dst>
    </src>
    <src id="4">
      <dst id="12">14623.4222</dst>
      <dst id="19">15919.8489</dst>
      <dst id="8">1408.6222</dst>
      <dst id="18">524.0267</dst>
      <dst id="4">0.7822</dst>
      <dst id="1">29767.8044</dst>
      <dst id="5">1442.8533</dst>
      <dst id="3">20.1156</dst>
      <dst id="22">7739.2711</dst>
      <dst id="7">132462.6756</dst>
      <dst id="2">95926.8178</dst>
      <dst id="6">21.8933</dst>
      <dst id="16">1679.5378</dst>
      <dst id="14">1221.7067</dst>
      <dst id="20">3398.7556</dst>
      <dst id="11">4555.4044</dst>
      <dst id="9">2855.3600</dst>
      <dst id="17">22968.6311</dst>
      <dst id="21">3372.9156</dst>
      <dst id="15">339.6267</dst>
    </src>
    <src id="1">
      <dst id="12">12864.6489</dst>
      <dst id="13">493.4756</dst>
      <dst id="19">130.8711</dst>
      <dst id="23">25.5022</dst>
      <dst id="8">99293.0844</dst>
      <dst id="18">13594.3378</dst>
      <dst id="4">10384.2844</dst>
      <dst id="1">9162.7556</dst>
      <dst id="5">178857.5111</dst>
      <dst id="3">193.0756</dst>
      <dst id="22">4727.3867</dst>
      <dst id="7">856.9600</dst>
      <dst id="2">1387.3333</dst>
      <dst id="6">15649.5556</dst>
      <dst id="16">16048.4000</dst>
      <dst id="14">47.0667</dst>
      <dst id="20">109.7689</dst>
      <dst id="11">217.2089</dst>
      <dst id="9">168635.5111</dst>
      <dst id="17">2015.0133</dst>
      <dst id="21">1980.1067</dst>
      <dst id="15">119.5911</dst>
    </src>
    <src id="5">
      <dst id="12">281016.1244</dst>
      <dst id="13">4951.6444</dst>
      <dst id="19">1.0044</dst>
      <dst id="23">0.5867</dst>
      <dst id="8">311.4044</dst>
      <dst id="18">42.2044</dst>
      <dst id="4">3817.5733</dst>
      <dst id="1">5729.2533</dst>
      <dst id="3">1.9289</dst>
      <dst id="22">7915.5556</dst>
      <dst id="7">92.5156</dst>
      <dst id="2">110551.7067</dst>
      <dst id="6">35.6267</dst>
      <dst id="16">591.4578</dst>
      <dst id="14">2.3200</dst>
      <dst id="20">3011.5200</dst>
      <dst id="11">433.9022</dst>
      <dst id="9">3445.7867</dst>
      <dst id="17">105080.5600</dst>
      <dst id="21">455.8311</dst>
      <dst id="15">538.0444</dst>
    </src>
    <src id="3">
      <dst id="12">17725.0844</dst>
      <dst id="13">775.3867</dst>
      <dst id="19">507.7956</dst>
      <dst id="23">5177.0933</dst>
      <dst id="8">87.2000</dst>
      <dst id="18">45982.0800</dst>
      <dst id="4">28985.6178</dst>
      <dst id="1">6620.2844</dst>
      <dst id="5">320.0889</dst>
      <dst id="3">9983.6889</dst>
      <dst id="22">1570.8444</dst>
      <dst id="7">1966.1689</dst>
      <dst id="2">4495.3867</dst>
      <dst id="6">1.0933</dst>
      <dst id="16">445.1200</dst>
      <dst id="14">31182.6667</dst>
      <dst id="20">757.0489</dst>
      <dst id="11">130497.1200</dst>
      <dst id="9">598.0711</dst>
      <dst id="17">8756.5156</dst>
      <dst id="21">8965.1911</dst>
      <dst id="15">49.1289</dst>
    </src>
    <src id="10">
      <dst id="12">18374.0444</dst>
      <dst id="19">965.6444</dst>
      <dst id="8">453.9644</dst>
      <dst id="18">6039.4667</dst>
      <dst id="4">0.3556</dst>
      <dst id="1">1884.8978</dst>
      <dst id="5">1024.2933</dst>
      <dst id="3">3501.0756</dst>
      <dst id="22">9391.8311</dst>
      <dst id="7">12270.7644</dst>
      <dst id="2">26975.8400</dst>
      <dst id="6">61.7778</dst>
      <dst id="16">1665.1822</dst>
      <dst id="14">529.1911</dst>
      <dst id="20">2592.4089</dst>
      <dst id="11">5392.9956</dst>
      <dst id="9">5128.1778</dst>
      <dst id="17">21169.8933</dst>
      <dst id="21">12232.0533</dst>
      <dst id="15">258.1244</dst>
    </src>
    <src id="22">
      <dst id="12">6874.6044</dst>
      <dst id="13">7043.6533</dst>
      <dst id="19">299.0578</dst>
      <dst id="23">36.0533</dst>
      <dst id="8">433.3422</dst>
      <dst id="18">873.6444</dst>
      <dst id="4">24716.3733</dst>
      <dst id="1">206.4800</dst>
      <dst id="5">2022.0622</dst>
      <dst id="3">339.6178</dst>
      <dst id="7">224.2044</dst>
      <dst id="2">6691.3156</dst>
      <dst id="6">0.9333</dst>
      <dst id="16">61.3333</dst>
      <dst id="14">132.3911</dst>
      <dst id="11">1606.0800</dst>
      <dst id="9">7786.6844</dst>
      <dst id="17">5963.5556</dst>
      <dst id="21">735.2089</dst>
    </src>
    <src id="7">
      <dst id="12">5493.7778</dst>
      <dst id="13">210.8356</dst>
      <dst id="19">118.3556</dst>
      <dst id="23">29.8933</dst>
      <dst id="8">471.5556</dst>
      <dst id="18">89.6356</dst>
      <dst id="4">27981.8400</dst>
      <dst id="1">2677.4044</dst>
      <dst id="5">1133.4222</dst>
      <dst id="3">225.0844</dst>
      <dst id="22">5594.7733</dst>
      <dst id="7">717.8311</dst>
      <dst id="2">5681.1467</dst>
      <dst id="6">43.7778</dst>
      <dst id="16">371.9911</dst>
      <dst id="14">45.3422</dst>
      <dst id="20">480.2311</dst>
      <dst id="11">1742.9067</dst>
      <dst id="9">971.7422</dst>
      <dst id="17">15079.4578</dst>
      <dst id="21">1208.5778</dst>
      <dst id="15">384.0711</dst>
    </src>
    <src id="2">
      <dst id="12">76777.7867</dst>
      <dst id="13">531527.3333</dst>
      <dst id="19">79.5556</dst>
      <dst id="8">581.3778</dst>
      <dst id="18">50092.1778</dst>
      <dst id="4">90961.3867</dst>
      <dst id="1">3260.5689</dst>
      <dst id="5">3431.7244</dst>
      <dst id="3">72.9867</dst>
      <dst id="22">4440.8444</dst>
      <dst id="7">2216.6844</dst>
      <dst id="2">667.9467</dst>
      <dst id="6">6916.0267</dst>
      <dst id="16">3898.2667</dst>
      <dst id="14">5297.8133</dst>
      <dst id="20">1041.5200</dst>
      <dst id="11">2732.1067</dst>
      <dst id="9">13839.2533</dst>
      <dst id="17">68847.6000</dst>
      <dst id="21">1230.3378</dst>
      <dst id="15">156.5422</dst>
    </src>
    <src id="6">
      <dst id="12">9610.9867</dst>
      <dst id="13">2.7022</dst>
      <dst id="19">1.8578</dst>
      <dst id="23">1.1378</dst>
      <dst id="8">0.5956</dst>
      <dst id="4">1323.9467</dst>
      <dst id="1">2.6133</dst>
      <dst id="5">1.9822</dst>
      <dst id="22">0.9067</dst>
      <dst id="7">25.7422</dst>
      <dst id="2">2451.6800</dst>
      <dst id="9">0.7378</dst>
      <dst id="17">1155.1378</dst>
      <dst id="21">12.2933</dst>
      <dst id="15">0.3556</dst>
    </src>
    <src id="16">
      <dst id="12">2319.7689</dst>
      <dst id="13">546.8889</dst>
      <dst id="19">4767.4844</dst>
      <dst id="23">1.5644</dst>
      <dst id="8">3577.1822</dst>
      <dst id="18">8.5156</dst>
      <dst id="4">3839.3156</dst>
      <dst id="1">21747.0400</dst>
      <dst id="5">1842.5778</dst>
      <dst id="3">0.7111</dst>
      <dst id="7">345.0844</dst>
      <dst id="2">851.0933</dst>
      <dst id="6">0.9067</dst>
      <dst id="16">60.1778</dst>
      <dst id="14">4.9689</dst>
      <dst id="11">411.0311</dst>
      <dst id="9">5186.5511</dst>
      <dst id="17">4982.8000</dst>
      <dst id="21">1738.9956</dst>
    </src>
    <src id="14">
      <dst id="12">14016.5511</dst>
      <dst id="13">14.9600</dst>
      <dst id="19">6.0711</dst>
      <dst id="8">0.9244</dst>
      <dst id="18">0.7111</dst>
      <dst id="4">1651.1733</dst>
      <dst id="1">46.4622</dst>
      <dst id="5">14.2400</dst>
      <dst id="3">32.8178</dst>
      <dst id="22">4.0889</dst>
      <dst id="7">78.4267</dst>
      <dst id="2">4538.1156</dst>
      <dst id="16">1.1200</dst>
      <dst id="20">1.8578</dst>
      <dst id="11">52.2489</dst>
      <dst id="9">15.2800</dst>
      <dst id="17">4548.4356</dst>
      <dst id="21">109.6800</dst>
    </src>
    <src id="20">
      <dst id="12">3224.0711</dst>
      <dst id="13">11808.8444</dst>
      <dst id="19">2008.3289</dst>
      <dst id="23">6.8711</dst>
      <dst id="8">63.0311</dst>
      <dst id="18">27.4844</dst>
      <dst id="4">8938.2756</dst>
      <dst id="1">102.7467</dst>
      <dst id="5">1970.9867</dst>
      <dst id="3">592.3289</dst>
      <dst id="7">2768.0178</dst>
      <dst id="2">6927.2711</dst>
      <dst id="6">0.5333</dst>
      <dst id="14">15.4756</dst>
      <dst id="11">24.0889</dst>
      <dst id="9">11619.6889</dst>
      <dst id="17">735.9378</dst>
      <dst id="21">117.5467</dst>
    </src>
    <src id="11">
      <dst id="12">423351.8933</dst>
      <dst id="13">1943.8044</dst>
      <dst id="19">45.7156</dst>
      <dst id="23">237.8667</dst>
      <dst id="8">168.9778</dst>
      <dst id="18">28.7378</dst>
      <dst id="4">11357.7778</dst>
      <dst id="1">481.4400</dst>
      <dst id="5">765.1111</dst>
      <dst id="3">234.7111</dst>
      <dst id="22">2791.5200</dst>
      <dst id="7">295.8222</dst>
      <dst id="2">161142.2044</dst>
      <dst id="6">1.2089</dst>
      <dst id="16">382.5156</dst>
      <dst id="14">40.9956</dst>
      <dst id="20">666.7911</dst>
      <dst id="11">1094.9689</dst>
      <dst id="9">715.3156</dst>
      <dst id="17">166332.2489</dst>
      <dst id="21">599.1822</dst>
      <dst id="15">209.0044</dst>
    </src>
    <src id="9">
      <dst id="12">395210.9422</dst>
      <dst id="13">4416.4356</dst>
      <dst id="19">4.7289</dst>
      <dst id="23">41.3333</dst>
      <dst id="8">843.1200</dst>
      <dst id="18">554.2044</dst>
      <dst id="4">6390.5244</dst>
      <dst id="1">2710.7022</dst>
      <dst id="5">1818.8444</dst>
      <dst id="3">9.3067</dst>
      <dst id="22">1352.3911</dst>
      <dst id="7">312.8978</dst>
      <dst id="2">156579.4844</dst>
      <dst id="6">1.0222</dst>
      <dst id="16">632.6578</dst>
      <dst id="14">15.3956</dst>
      <dst id="20">1356.8711</dst>
      <dst id="11">1819.0578</dst>
      <dst id="9">501.9733</dst>
      <dst id="17">158963.6533</dst>
      <dst id="21">320.8622</dst>
      <dst id="15">3850.9778</dst>
    </src>
    <src id="17">
      <dst id="12">13808.8267</dst>
      <dst id="13">4209.4756</dst>
      <dst id="19">621.6000</dst>
      <dst id="23">113.6267</dst>
      <dst id="8">123041.9200</dst>
      <dst id="18">153.2800</dst>
      <dst id="4">184352.8978</dst>
      <dst id="1">285.4222</dst>
      <dst id="5">188362.6044</dst>
      <dst id="3">3371.2711</dst>
      <dst id="22">3653.7244</dst>
      <dst id="7">1292.9600</dst>
      <dst id="2">13218.0889</dst>
      <dst id="6">110.8622</dst>
      <dst id="16">2302.0000</dst>
      <dst id="14">26756.4178</dst>
      <dst id="20">320.7200</dst>
      <dst id="11">95092.9422</dst>
      <dst id="9">173240.5600</dst>
      <dst id="17">2065.7600</dst>
      <dst id="21">4311.1733</dst>
      <dst id="15">213.8311</dst>
    </src>
    <src id="21">
      <dst id="12">31585.5644</dst>
      <dst id="13">1060.1156</dst>
      <dst id="19">74.1956</dst>
      <dst id="23">13.9733</dst>
      <dst id="8">73.5911</dst>
      <dst id="18">230.8889</dst>
      <dst id="4">13099.5822</dst>
      <dst id="1">1905.8133</dst>
      <dst id="5">272.6222</dst>
      <dst id="3">1039.6622</dst>
      <dst id="22">3536.9067</dst>
      <dst id="7">462.4889</dst>
      <dst id="2">13605.0756</dst>
      <dst id="6">1.9467</dst>
      <dst id="16">218.4000</dst>
      <dst id="14">90.9422</dst>
      <dst id="20">336.2489</dst>
      <dst id="11">368.5600</dst>
      <dst id="9">446.4000</dst>
      <dst id="17">5403.4489</dst>
      <dst id="21">588.4267</dst>
      <dst id="15">7.8222</dst>
    </src>
    <src id="15">
      <dst id="12">9309.8933</dst>
      <dst id="13">409.4844</dst>
      <dst id="19">1.1111</dst>
      <dst id="23">0.3378</dst>
      <dst id="8">41.2978</dst>
      <dst id="18">0.3556</dst>
      <dst id="4">3645.9733</dst>
      <dst id="1">570.3911</dst>
      <dst id="5">79.0578</dst>
      <dst id="3">7.6356</dst>
      <dst id="7">32.3556</dst>
      <dst id="2">89.3422</dst>
      <dst id="11">175.5378</dst>
      <dst id="9">451.5378</dst>
      <dst id="17">3910.9600</dst>
      <dst id="21">184.6044</dst>
    </src>
  </IntraTM>
</TrafficMatrixFile>
