<?xml version="1.0" encoding="UTF-8" standalone="yes"?>
<TrafficMatrixFile xmlns:xsi="http://www.w3.org/2001/XMLSchema-instance" xsi:noNamespaceSchemaLocation="http://totem.run.montefiore.ulg.ac.be/Schema/TrafficMatrix-v1_2.xsd">
  <info>
    <title>Intradomain traffic matrix generated by geant-TM-all.pl</title>
    <date>2005-01-04T19:30:00</date>
    <duration>900</duration>
    <author>Steve Uhlig</author>
    <units>
        <unit type="bandwidth" value="kbps"/>
    </units>
  </info>
  <IntraTM ASID="20965">
    <src id="12">
      <dst id="12">218941.2178</dst>
      <dst id="13">17425.8756</dst>
      <dst id="19">1110.4444</dst>
      <dst id="23">18.4356</dst>
      <dst id="8">4169.9556</dst>
      <dst id="18">442.3467</dst>
      <dst id="4">74611.1467</dst>
      <dst id="1">14022.4267</dst>
      <dst id="5">29974.5689</dst>
      <dst id="3">764.9600</dst>
      <dst id="22">10629.0667</dst>
      <dst id="7">3175.7156</dst>
      <dst id="2">64313.9822</dst>
      <dst id="6">16.9067</dst>
      <dst id="16">5029.6978</dst>
      <dst id="14">696.7022</dst>
      <dst id="20">3932.5511</dst>
      <dst id="11">8301.1822</dst>
      <dst id="9">2154.1156</dst>
      <dst id="17">72059.9822</dst>
      <dst id="21">3996.0178</dst>
      <dst id="15">1936.7111</dst>
    </src>
    <src id="13">
      <dst id="12">35869.4311</dst>
      <dst id="19">5077.0044</dst>
      <dst id="23">24.4444</dst>
      <dst id="8">2570.6489</dst>
      <dst id="18">783.7422</dst>
      <dst id="1">3907.0222</dst>
      <dst id="5">4183.1111</dst>
      <dst id="3">6740.9333</dst>
      <dst id="22">26379.5022</dst>
      <dst id="7">7560.8356</dst>
      <dst id="2">57977.8044</dst>
      <dst id="6">57.2711</dst>
      <dst id="16">6953.3956</dst>
      <dst id="14">9659.4489</dst>
      <dst id="20">5396.0000</dst>
      <dst id="11">7470.6222</dst>
      <dst id="9">8303.9644</dst>
      <dst id="17">51487.0578</dst>
      <dst id="21">7476.7911</dst>
      <dst id="15">1357.6800</dst>
    </src>
    <src id="19">
      <dst id="12">15267.0844</dst>
      <dst id="13">6105.0133</dst>
      <dst id="23">55.8222</dst>
      <dst id="8">3634.5156</dst>
      <dst id="18">2.0178</dst>
      <dst id="4">16475.5911</dst>
      <dst id="1">349.3600</dst>
      <dst id="5">64.6933</dst>
      <dst id="3">54.2844</dst>
      <dst id="22">432.8800</dst>
      <dst id="7">3222.3733</dst>
      <dst id="2">236.3289</dst>
      <dst id="6">42.3289</dst>
      <dst id="16">7828.9956</dst>
      <dst id="14">12.6222</dst>
      <dst id="20">77.2089</dst>
      <dst id="11">14.5778</dst>
      <dst id="9">30.0089</dst>
      <dst id="17">6159.2533</dst>
      <dst id="21">766.6489</dst>
    </src>
    <src id="23">
      <dst id="12">464.6844</dst>
      <dst id="13">138.6133</dst>
      <dst id="19">13.3333</dst>
      <dst id="8">0.3556</dst>
      <dst id="18">1.9289</dst>
      <dst id="4">638.5600</dst>
      <dst id="1">42.0622</dst>
      <dst id="5">540.3822</dst>
      <dst id="3">300.0622</dst>
      <dst id="22">741.0578</dst>
      <dst id="7">40.3911</dst>
      <dst id="2">41.3778</dst>
      <dst id="16">244.3822</dst>
      <dst id="20">187.2356</dst>
      <dst id="11">0.4978</dst>
      <dst id="9">1220.6222</dst>
      <dst id="17">416.6844</dst>
      <dst id="21">294.6311</dst>
    </src>
    <src id="8">
      <dst id="12">262898.9956</dst>
      <dst id="13">1806.0356</dst>
      <dst id="19">51.6533</dst>
      <dst id="18">30.3822</dst>
      <dst id="4">6150.0089</dst>
      <dst id="1">280.0444</dst>
      <dst id="5">597.9911</dst>
      <dst id="3">25.2444</dst>
      <dst id="22">3150.3556</dst>
      <dst id="7">26.7556</dst>
      <dst id="2">106076.7733</dst>
      <dst id="6">64.0000</dst>
      <dst id="16">341.6533</dst>
      <dst id="14">0.7111</dst>
      <dst id="20">22.5778</dst>
      <dst id="11">333.5022</dst>
      <dst id="9">142.4978</dst>
      <dst id="17">97598.6400</dst>
      <dst id="21">259.9022</dst>
      <dst id="15">490.1067</dst>
    </src>
    <src id="18">
      <dst id="12">92276.4000</dst>
      <dst id="13">73.4044</dst>
      <dst id="19">16.4622</dst>
      <dst id="8">78.8978</dst>
      <dst id="4">1283.5556</dst>
      <dst id="1">1165.7244</dst>
      <dst id="5">67.2000</dst>
      <dst id="3">93.0400</dst>
      <dst id="22">255.5733</dst>
      <dst id="7">20.3644</dst>
      <dst id="2">30224.6311</dst>
      <dst id="16">20.4978</dst>
      <dst id="20">3.2267</dst>
      <dst id="11">128.9156</dst>
      <dst id="9">78.9867</dst>
      <dst id="17">28463.6356</dst>
      <dst id="21">80.9156</dst>
      <dst id="15">3.7689</dst>
    </src>
    <src id="4">
      <dst id="12">11949.9733</dst>
      <dst id="19">14289.6089</dst>
      <dst id="8">1081.9822</dst>
      <dst id="18">671.5200</dst>
      <dst id="1">8009.0222</dst>
      <dst id="5">2474.6222</dst>
      <dst id="3">88.6933</dst>
      <dst id="22">4829.2000</dst>
      <dst id="7">36252.4711</dst>
      <dst id="2">88127.6267</dst>
      <dst id="6">19.4222</dst>
      <dst id="16">1600.4889</dst>
      <dst id="14">3311.3956</dst>
      <dst id="20">556.3111</dst>
      <dst id="11">2086.9956</dst>
      <dst id="9">3536.1689</dst>
      <dst id="17">26330.3378</dst>
      <dst id="21">3340.8089</dst>
      <dst id="15">407.9289</dst>
    </src>
    <src id="1">
      <dst id="12">17744.4533</dst>
      <dst id="13">244.1778</dst>
      <dst id="19">88.0444</dst>
      <dst id="23">48.0444</dst>
      <dst id="8">80782.2044</dst>
      <dst id="18">12412.6756</dst>
      <dst id="4">7227.0311</dst>
      <dst id="1">6545.9556</dst>
      <dst id="5">191866.7556</dst>
      <dst id="3">158.6133</dst>
      <dst id="22">910.0444</dst>
      <dst id="7">1497.8222</dst>
      <dst id="2">2534.8000</dst>
      <dst id="6">9389.3867</dst>
      <dst id="16">8335.3689</dst>
      <dst id="14">1074.6489</dst>
      <dst id="20">834.4978</dst>
      <dst id="11">207.6533</dst>
      <dst id="9">207462.5422</dst>
      <dst id="17">7002.6311</dst>
      <dst id="21">2949.2800</dst>
      <dst id="15">134.1778</dst>
    </src>
    <src id="5">
      <dst id="12">260731.9733</dst>
      <dst id="13">2109.8578</dst>
      <dst id="19">46.1067</dst>
      <dst id="23">369.0044</dst>
      <dst id="8">527.3778</dst>
      <dst id="18">735.4489</dst>
      <dst id="4">5630.0889</dst>
      <dst id="1">587.7244</dst>
      <dst id="3">1.6978</dst>
      <dst id="22">4154.9156</dst>
      <dst id="7">57.8756</dst>
      <dst id="2">112136.8356</dst>
      <dst id="6">35.8844</dst>
      <dst id="16">575.9289</dst>
      <dst id="14">57.3511</dst>
      <dst id="20">2141.2800</dst>
      <dst id="11">417.8933</dst>
      <dst id="9">3481.4844</dst>
      <dst id="17">94397.6089</dst>
      <dst id="21">220.7378</dst>
      <dst id="15">172.4533</dst>
    </src>
    <src id="3">
      <dst id="12">12695.5111</dst>
      <dst id="13">281.9111</dst>
      <dst id="19">878.9778</dst>
      <dst id="23">11882.2400</dst>
      <dst id="8">64.1067</dst>
      <dst id="18">46701.0133</dst>
      <dst id="4">37740.4711</dst>
      <dst id="1">5012.1778</dst>
      <dst id="5">2016.8267</dst>
      <dst id="3">8803.1644</dst>
      <dst id="22">540.6844</dst>
      <dst id="7">1239.2889</dst>
      <dst id="2">4235.7956</dst>
      <dst id="6">1.7956</dst>
      <dst id="16">1370.4267</dst>
      <dst id="14">68493.0578</dst>
      <dst id="20">3.1644</dst>
      <dst id="11">109607.6356</dst>
      <dst id="9">247.2000</dst>
      <dst id="17">3740.1956</dst>
      <dst id="21">13646.8800</dst>
      <dst id="15">26.9600</dst>
    </src>
    <src id="10">
      <dst id="12">13758.4267</dst>
      <dst id="19">8024.0267</dst>
      <dst id="8">729.6533</dst>
      <dst id="18">4063.5289</dst>
      <dst id="1">2366.6933</dst>
      <dst id="5">1038.3911</dst>
      <dst id="3">2749.6711</dst>
      <dst id="22">6676.4711</dst>
      <dst id="7">5643.5200</dst>
      <dst id="2">15570.2667</dst>
      <dst id="6">1.7422</dst>
      <dst id="16">1386.7733</dst>
      <dst id="14">5111.3244</dst>
      <dst id="20">16390.1956</dst>
      <dst id="11">4392.6933</dst>
      <dst id="9">4923.9911</dst>
      <dst id="17">20194.7200</dst>
      <dst id="21">16457.3156</dst>
      <dst id="15">250.8978</dst>
    </src>
    <src id="22">
      <dst id="12">5716.7200</dst>
      <dst id="13">4980.9600</dst>
      <dst id="19">52.3111</dst>
      <dst id="23">43.0667</dst>
      <dst id="8">513.7689</dst>
      <dst id="18">1355.5733</dst>
      <dst id="4">13555.6178</dst>
      <dst id="1">89.7511</dst>
      <dst id="5">4615.2533</dst>
      <dst id="3">205.7778</dst>
      <dst id="7">349.4044</dst>
      <dst id="2">3656.5067</dst>
      <dst id="6">14.3200</dst>
      <dst id="16">4.0533</dst>
      <dst id="14">123.8133</dst>
      <dst id="11">3913.3422</dst>
      <dst id="9">3395.8133</dst>
      <dst id="17">3965.9289</dst>
      <dst id="21">469.4044</dst>
    </src>
    <src id="7">
      <dst id="12">4248.7644</dst>
      <dst id="13">2050.0978</dst>
      <dst id="19">127.6000</dst>
      <dst id="23">97.8133</dst>
      <dst id="8">286.1867</dst>
      <dst id="18">55.7511</dst>
      <dst id="4">86638.8889</dst>
      <dst id="1">3813.7156</dst>
      <dst id="5">542.1689</dst>
      <dst id="3">394.2044</dst>
      <dst id="22">3908.7111</dst>
      <dst id="7">745.0578</dst>
      <dst id="2">5899.8489</dst>
      <dst id="6">129.4222</dst>
      <dst id="16">575.8400</dst>
      <dst id="14">381.4489</dst>
      <dst id="20">92.5156</dst>
      <dst id="11">382.7200</dst>
      <dst id="9">718.1867</dst>
      <dst id="17">3074.1333</dst>
      <dst id="21">2762.7822</dst>
      <dst id="15">87.6356</dst>
    </src>
    <src id="2">
      <dst id="12">93863.0222</dst>
      <dst id="13">529257.7689</dst>
      <dst id="19">240.1600</dst>
      <dst id="23">9.2978</dst>
      <dst id="8">128.4622</dst>
      <dst id="18">60380.6933</dst>
      <dst id="4">68629.2889</dst>
      <dst id="1">6294.6133</dst>
      <dst id="5">1624.9511</dst>
      <dst id="3">16.8889</dst>
      <dst id="22">1569.0311</dst>
      <dst id="7">1841.0044</dst>
      <dst id="2">520.4444</dst>
      <dst id="6">8082.0089</dst>
      <dst id="16">6785.9289</dst>
      <dst id="14">5934.7111</dst>
      <dst id="20">239.4667</dst>
      <dst id="11">1238.0711</dst>
      <dst id="9">1086.2933</dst>
      <dst id="17">46398.6844</dst>
      <dst id="21">983.4400</dst>
      <dst id="15">95.7600</dst>
    </src>
    <src id="6">
      <dst id="12">11019.0844</dst>
      <dst id="13">4.6311</dst>
      <dst id="19">1.8222</dst>
      <dst id="4">1126.1156</dst>
      <dst id="1">27.0489</dst>
      <dst id="5">12.5333</dst>
      <dst id="22">12.7733</dst>
      <dst id="7">1.3333</dst>
      <dst id="2">2226.5511</dst>
      <dst id="16">13.3156</dst>
      <dst id="20">11.4667</dst>
      <dst id="11">94.3733</dst>
      <dst id="9">17.3156</dst>
      <dst id="17">1584.7200</dst>
      <dst id="21">0.7111</dst>
    </src>
    <src id="16">
      <dst id="12">2701.4311</dst>
      <dst id="13">207.5200</dst>
      <dst id="19">4208.4889</dst>
      <dst id="23">15.8667</dst>
      <dst id="8">4234.2133</dst>
      <dst id="18">3.5111</dst>
      <dst id="4">3062.4444</dst>
      <dst id="1">23569.8044</dst>
      <dst id="5">4988.2667</dst>
      <dst id="7">382.6222</dst>
      <dst id="2">502.4622</dst>
      <dst id="6">103.0400</dst>
      <dst id="16">59.2800</dst>
      <dst id="14">534.1156</dst>
      <dst id="11">3623.4133</dst>
      <dst id="9">7107.4044</dst>
      <dst id="17">2111.8400</dst>
      <dst id="21">1782.5956</dst>
    </src>
    <src id="14">
      <dst id="12">27646.7467</dst>
      <dst id="13">25.6622</dst>
      <dst id="19">6.7200</dst>
      <dst id="18">1.0667</dst>
      <dst id="4">2001.2711</dst>
      <dst id="1">224.8089</dst>
      <dst id="5">26.7378</dst>
      <dst id="3">65.0489</dst>
      <dst id="22">67.2711</dst>
      <dst id="7">52.3911</dst>
      <dst id="2">9120.8978</dst>
      <dst id="16">13.2622</dst>
      <dst id="20">46.4978</dst>
      <dst id="11">43.5289</dst>
      <dst id="9">3.6622</dst>
      <dst id="17">8968.2933</dst>
      <dst id="21">298.6756</dst>
    </src>
    <src id="20">
      <dst id="12">2715.2089</dst>
      <dst id="13">2646.1778</dst>
      <dst id="19">24.8800</dst>
      <dst id="23">4.3733</dst>
      <dst id="8">218.4978</dst>
      <dst id="18">0.9067</dst>
      <dst id="4">5718.3378</dst>
      <dst id="1">665.0133</dst>
      <dst id="5">6050.3022</dst>
      <dst id="3">200.1333</dst>
      <dst id="7">60.6400</dst>
      <dst id="2">566.0356</dst>
      <dst id="14">152.1778</dst>
      <dst id="11">113.6622</dst>
      <dst id="9">9653.6622</dst>
      <dst id="17">267.2978</dst>
      <dst id="21">123.0933</dst>
    </src>
    <src id="11">
      <dst id="12">370645.0667</dst>
      <dst id="13">3274.1333</dst>
      <dst id="19">6.5956</dst>
      <dst id="23">8.1778</dst>
      <dst id="8">266.3467</dst>
      <dst id="18">13.4667</dst>
      <dst id="4">6661.1378</dst>
      <dst id="1">451.7422</dst>
      <dst id="5">1150.7111</dst>
      <dst id="3">430.8089</dst>
      <dst id="22">1955.1556</dst>
      <dst id="7">192.5778</dst>
      <dst id="2">159276.3289</dst>
      <dst id="6">4.3022</dst>
      <dst id="16">87.2889</dst>
      <dst id="14">69.2800</dst>
      <dst id="20">317.2356</dst>
      <dst id="11">1861.4133</dst>
      <dst id="9">1047.2978</dst>
      <dst id="17">148125.3600</dst>
      <dst id="21">377.5111</dst>
      <dst id="15">38.6933</dst>
    </src>
    <src id="9">
      <dst id="12">402565.1911</dst>
      <dst id="13">2675.9378</dst>
      <dst id="19">17.2711</dst>
      <dst id="23">59.9822</dst>
      <dst id="8">77.5289</dst>
      <dst id="18">17.3067</dst>
      <dst id="4">9352.1333</dst>
      <dst id="1">1017.5200</dst>
      <dst id="5">1120.2222</dst>
      <dst id="3">259.7333</dst>
      <dst id="22">2274.5689</dst>
      <dst id="7">160.1422</dst>
      <dst id="2">156803.1733</dst>
      <dst id="6">2.9956</dst>
      <dst id="16">418.4000</dst>
      <dst id="14">14.7644</dst>
      <dst id="20">578.7822</dst>
      <dst id="11">1590.9600</dst>
      <dst id="9">76.4622</dst>
      <dst id="17">150005.8311</dst>
      <dst id="21">1091.2356</dst>
      <dst id="15">341.4578</dst>
    </src>
    <src id="17">
      <dst id="12">6066.4978</dst>
      <dst id="13">6043.5378</dst>
      <dst id="19">317.0578</dst>
      <dst id="23">81.4311</dst>
      <dst id="8">109327.1644</dst>
      <dst id="18">106.9156</dst>
      <dst id="4">29422.3644</dst>
      <dst id="1">11083.9644</dst>
      <dst id="5">187681.2178</dst>
      <dst id="3">6004.9244</dst>
      <dst id="22">10827.2622</dst>
      <dst id="7">726.7378</dst>
      <dst id="2">18629.7867</dst>
      <dst id="6">176.4711</dst>
      <dst id="16">4831.3511</dst>
      <dst id="14">50372.9244</dst>
      <dst id="20">721.6800</dst>
      <dst id="11">92737.4933</dst>
      <dst id="9">149790.7733</dst>
      <dst id="17">2031.7156</dst>
      <dst id="21">15267.1467</dst>
      <dst id="15">623.8667</dst>
    </src>
    <src id="21">
      <dst id="12">16086.2133</dst>
      <dst id="13">2591.3067</dst>
      <dst id="19">195.7244</dst>
      <dst id="23">61.5111</dst>
      <dst id="8">29.6533</dst>
      <dst id="18">106.8533</dst>
      <dst id="4">11262.7022</dst>
      <dst id="1">1458.5956</dst>
      <dst id="5">737.2089</dst>
      <dst id="3">1027.2622</dst>
      <dst id="22">1011.5644</dst>
      <dst id="7">513.2800</dst>
      <dst id="2">7496.2933</dst>
      <dst id="6">25.2711</dst>
      <dst id="16">160.7111</dst>
      <dst id="14">108.0533</dst>
      <dst id="20">72.1422</dst>
      <dst id="11">759.7067</dst>
      <dst id="9">654.5689</dst>
      <dst id="17">4644.0089</dst>
      <dst id="21">517.7422</dst>
      <dst id="15">97.3156</dst>
    </src>
    <src id="15">
      <dst id="12">7726.8711</dst>
      <dst id="13">603.5556</dst>
      <dst id="19">25.1733</dst>
      <dst id="23">0.3378</dst>
      <dst id="8">74.9244</dst>
      <dst id="18">12.5689</dst>
      <dst id="4">651.4933</dst>
      <dst id="1">643.5733</dst>
      <dst id="5">191.3956</dst>
      <dst id="3">4.3022</dst>
      <dst id="7">1.1200</dst>
      <dst id="2">2678.4533</dst>
      <dst id="14">3.0933</dst>
      <dst id="11">142.3378</dst>
      <dst id="9">248.5600</dst>
      <dst id="17">326.5778</dst>
      <dst id="21">107.9022</dst>
    </src>
  </IntraTM>
</TrafficMatrixFile>
