<?xml version="1.0" encoding="UTF-8" standalone="yes"?>
<TrafficMatrixFile xmlns:xsi="http://www.w3.org/2001/XMLSchema-instance" xsi:noNamespaceSchemaLocation="http://totem.run.montefiore.ulg.ac.be/Schema/TrafficMatrix-v1_2.xsd">
  <info>
    <title>Intradomain traffic matrix generated by geant-TM-all.pl</title>
    <date>2005-01-04T22:00:00</date>
    <duration>900</duration>
    <author>Steve Uhlig</author>
    <units>
        <unit type="bandwidth" value="kbps"/>
    </units>
  </info>
  <IntraTM ASID="20965">
    <src id="12">
      <dst id="12">255038.7111</dst>
      <dst id="13">21509.9378</dst>
      <dst id="19">959.9822</dst>
      <dst id="23">17661.2444</dst>
      <dst id="8">2617.1822</dst>
      <dst id="18">850.9244</dst>
      <dst id="4">57837.9289</dst>
      <dst id="1">18561.2089</dst>
      <dst id="5">24379.9911</dst>
      <dst id="3">3620.1244</dst>
      <dst id="22">30755.5289</dst>
      <dst id="7">4473.2267</dst>
      <dst id="2">74382.7022</dst>
      <dst id="6">2.5244</dst>
      <dst id="16">15882.3644</dst>
      <dst id="14">2659.7778</dst>
      <dst id="20">8498.5956</dst>
      <dst id="11">4289.3778</dst>
      <dst id="9">2890.7733</dst>
      <dst id="17">78670.6400</dst>
      <dst id="21">2408.1956</dst>
      <dst id="15">1369.3333</dst>
    </src>
    <src id="13">
      <dst id="12">47049.0489</dst>
      <dst id="19">9404.4000</dst>
      <dst id="23">7402.0356</dst>
      <dst id="8">6472.6044</dst>
      <dst id="18">2656.3289</dst>
      <dst id="1">9800.5067</dst>
      <dst id="5">4909.4756</dst>
      <dst id="3">9258.3467</dst>
      <dst id="22">22113.7333</dst>
      <dst id="7">9822.4444</dst>
      <dst id="2">90893.1378</dst>
      <dst id="6">71.1378</dst>
      <dst id="16">7700.5422</dst>
      <dst id="14">9233.8844</dst>
      <dst id="20">25297.0578</dst>
      <dst id="11">11529.7422</dst>
      <dst id="9">8077.7333</dst>
      <dst id="17">386164.9067</dst>
      <dst id="21">9100.7644</dst>
      <dst id="15">15843.8844</dst>
    </src>
    <src id="19">
      <dst id="12">11510.7644</dst>
      <dst id="13">494.4000</dst>
      <dst id="23">2.2400</dst>
      <dst id="8">82.9156</dst>
      <dst id="18">1.1022</dst>
      <dst id="4">16695.2978</dst>
      <dst id="1">111.1378</dst>
      <dst id="5">6.8622</dst>
      <dst id="3">188.1067</dst>
      <dst id="22">134.3733</dst>
      <dst id="7">3268.7200</dst>
      <dst id="2">275.1733</dst>
      <dst id="6">54.1867</dst>
      <dst id="16">7236.5867</dst>
      <dst id="14">1.7156</dst>
      <dst id="20">1.7600</dst>
      <dst id="11">32.3378</dst>
      <dst id="9">129.7422</dst>
      <dst id="17">17615.7156</dst>
      <dst id="21">481.0667</dst>
    </src>
    <src id="23">
      <dst id="12">594.9867</dst>
      <dst id="13">276.8356</dst>
      <dst id="19">14.0444</dst>
      <dst id="4">0.7467</dst>
      <dst id="1">69.5200</dst>
      <dst id="5">124.4889</dst>
      <dst id="3">190.7289</dst>
      <dst id="22">115.6178</dst>
      <dst id="7">86.5511</dst>
      <dst id="2">20.4267</dst>
      <dst id="16">21.2889</dst>
      <dst id="20">0.6311</dst>
      <dst id="11">40.4711</dst>
      <dst id="9">3533.6000</dst>
      <dst id="17">667.9467</dst>
      <dst id="21">216.4000</dst>
    </src>
    <src id="8">
      <dst id="12">300809.8844</dst>
      <dst id="13">1303.8578</dst>
      <dst id="19">15.8400</dst>
      <dst id="18">6.3467</dst>
      <dst id="4">9602.6311</dst>
      <dst id="1">239.5022</dst>
      <dst id="5">840.8178</dst>
      <dst id="3">101.4933</dst>
      <dst id="22">780.3111</dst>
      <dst id="7">148.4978</dst>
      <dst id="2">108565.5556</dst>
      <dst id="6">793.6000</dst>
      <dst id="16">698.2400</dst>
      <dst id="20">18.8800</dst>
      <dst id="11">733.9911</dst>
      <dst id="9">558.7289</dst>
      <dst id="17">117202.9333</dst>
      <dst id="21">154.1333</dst>
      <dst id="15">234.0622</dst>
    </src>
    <src id="18">
      <dst id="12">92965.4400</dst>
      <dst id="13">174.8622</dst>
      <dst id="19">50.9956</dst>
      <dst id="23">1.0489</dst>
      <dst id="8">163.3600</dst>
      <dst id="4">1168.7733</dst>
      <dst id="1">1758.8000</dst>
      <dst id="5">94.2756</dst>
      <dst id="3">7.8933</dst>
      <dst id="22">283.8667</dst>
      <dst id="7">1.9911</dst>
      <dst id="2">29775.1644</dst>
      <dst id="16">26.3022</dst>
      <dst id="14">74.8089</dst>
      <dst id="20">52.8889</dst>
      <dst id="11">117.0667</dst>
      <dst id="9">20.0622</dst>
      <dst id="17">33415.2711</dst>
      <dst id="21">881.7778</dst>
      <dst id="15">3.9378</dst>
    </src>
    <src id="4">
      <dst id="12">12457.8489</dst>
      <dst id="19">15766.7022</dst>
      <dst id="8">620.4267</dst>
      <dst id="18">446.5511</dst>
      <dst id="4">1.1378</dst>
      <dst id="1">8771.1111</dst>
      <dst id="5">2038.1067</dst>
      <dst id="3">120.0889</dst>
      <dst id="22">3909.2000</dst>
      <dst id="7">34845.6889</dst>
      <dst id="2">62728.8178</dst>
      <dst id="6">13.2622</dst>
      <dst id="16">981.4667</dst>
      <dst id="14">2386.9600</dst>
      <dst id="20">2318.2578</dst>
      <dst id="11">3131.2444</dst>
      <dst id="9">3643.1644</dst>
      <dst id="17">28870.4089</dst>
      <dst id="21">2272.7111</dst>
      <dst id="15">897.1911</dst>
    </src>
    <src id="1">
      <dst id="12">26288.9600</dst>
      <dst id="13">349.9378</dst>
      <dst id="19">13.6711</dst>
      <dst id="23">40.9156</dst>
      <dst id="8">111737.3689</dst>
      <dst id="18">12236.7644</dst>
      <dst id="4">6505.0133</dst>
      <dst id="1">3049.6356</dst>
      <dst id="5">242274.2667</dst>
      <dst id="3">74.6933</dst>
      <dst id="22">180.3289</dst>
      <dst id="7">1353.8311</dst>
      <dst id="2">2765.6178</dst>
      <dst id="6">8100.8089</dst>
      <dst id="16">12120.7467</dst>
      <dst id="14">205.2178</dst>
      <dst id="20">118.0356</dst>
      <dst id="11">232.8089</dst>
      <dst id="9">199595.1111</dst>
      <dst id="17">5152.3467</dst>
      <dst id="21">2000.3111</dst>
      <dst id="15">304.4978</dst>
    </src>
    <src id="5">
      <dst id="12">298100.2133</dst>
      <dst id="13">752.8444</dst>
      <dst id="19">2.0178</dst>
      <dst id="23">259.8311</dst>
      <dst id="8">362.6933</dst>
      <dst id="18">2153.3422</dst>
      <dst id="4">4642.9156</dst>
      <dst id="1">554.5867</dst>
      <dst id="3">17.8756</dst>
      <dst id="22">7267.4222</dst>
      <dst id="7">81.5556</dst>
      <dst id="2">119572.9689</dst>
      <dst id="6">1.4667</dst>
      <dst id="16">807.7244</dst>
      <dst id="14">76.0444</dst>
      <dst id="20">555.3422</dst>
      <dst id="11">312.3022</dst>
      <dst id="9">350.9511</dst>
      <dst id="17">110224.6400</dst>
      <dst id="21">330.7378</dst>
      <dst id="15">123.5200</dst>
    </src>
    <src id="3">
      <dst id="12">87449.9733</dst>
      <dst id="13">189.5022</dst>
      <dst id="19">723.2356</dst>
      <dst id="23">7873.5911</dst>
      <dst id="8">71.9200</dst>
      <dst id="18">53544.1600</dst>
      <dst id="4">9477.6533</dst>
      <dst id="1">5067.7067</dst>
      <dst id="5">262.3289</dst>
      <dst id="3">10145.8489</dst>
      <dst id="22">590.7289</dst>
      <dst id="7">1551.5822</dst>
      <dst id="2">4819.8400</dst>
      <dst id="6">1.2978</dst>
      <dst id="16">1128.0178</dst>
      <dst id="14">68890.4267</dst>
      <dst id="20">202.6756</dst>
      <dst id="11">118974.6044</dst>
      <dst id="9">333.7600</dst>
      <dst id="17">9073.1111</dst>
      <dst id="21">13315.9022</dst>
      <dst id="15">69.3956</dst>
    </src>
    <src id="10">
      <dst id="12">13558.7644</dst>
      <dst id="19">5500.6133</dst>
      <dst id="8">461.8489</dst>
      <dst id="18">1775.9822</dst>
      <dst id="1">2904.6844</dst>
      <dst id="5">1085.5111</dst>
      <dst id="3">1031.7244</dst>
      <dst id="22">14447.9111</dst>
      <dst id="7">7595.3156</dst>
      <dst id="2">29381.0756</dst>
      <dst id="6">0.3556</dst>
      <dst id="16">2017.2444</dst>
      <dst id="14">5927.2000</dst>
      <dst id="20">565.0844</dst>
      <dst id="11">8079.1289</dst>
      <dst id="9">11768.9511</dst>
      <dst id="17">16807.0133</dst>
      <dst id="21">10429.4222</dst>
      <dst id="15">133.1200</dst>
    </src>
    <src id="22">
      <dst id="12">9839.9911</dst>
      <dst id="13">1839.1822</dst>
      <dst id="19">191.4756</dst>
      <dst id="23">36.5867</dst>
      <dst id="8">1992.9689</dst>
      <dst id="18">150.6044</dst>
      <dst id="4">13036.0622</dst>
      <dst id="1">92.3022</dst>
      <dst id="5">3597.5378</dst>
      <dst id="3">1196.8000</dst>
      <dst id="7">246.5067</dst>
      <dst id="2">2052.8622</dst>
      <dst id="6">46.5156</dst>
      <dst id="14">292.8622</dst>
      <dst id="11">1522.1333</dst>
      <dst id="9">3822.7111</dst>
      <dst id="17">2795.0578</dst>
      <dst id="21">601.7600</dst>
    </src>
    <src id="7">
      <dst id="12">3404.7644</dst>
      <dst id="13">1799.8933</dst>
      <dst id="19">268.4800</dst>
      <dst id="23">91.4578</dst>
      <dst id="8">210.1244</dst>
      <dst id="18">243.9822</dst>
      <dst id="4">15840.9600</dst>
      <dst id="1">1710.6667</dst>
      <dst id="5">699.9733</dst>
      <dst id="3">448.2489</dst>
      <dst id="22">2921.8133</dst>
      <dst id="7">644.5511</dst>
      <dst id="2">7547.0667</dst>
      <dst id="6">24.9333</dst>
      <dst id="16">1556.8267</dst>
      <dst id="14">292.4800</dst>
      <dst id="20">338.4978</dst>
      <dst id="11">599.8044</dst>
      <dst id="9">644.4978</dst>
      <dst id="17">4993.5733</dst>
      <dst id="21">3159.4844</dst>
      <dst id="15">397.4578</dst>
    </src>
    <src id="2">
      <dst id="12">94920.3200</dst>
      <dst id="13">516748.8978</dst>
      <dst id="19">579.8578</dst>
      <dst id="23">105.6267</dst>
      <dst id="8">249.2000</dst>
      <dst id="18">42724.1156</dst>
      <dst id="4">70902.6222</dst>
      <dst id="1">6062.1689</dst>
      <dst id="5">1747.1289</dst>
      <dst id="3">44.4444</dst>
      <dst id="22">2488.0800</dst>
      <dst id="7">3010.4356</dst>
      <dst id="2">727.2800</dst>
      <dst id="6">9312.5244</dst>
      <dst id="16">2878.0622</dst>
      <dst id="14">6515.4578</dst>
      <dst id="20">1278.9689</dst>
      <dst id="11">2841.5378</dst>
      <dst id="9">839.7689</dst>
      <dst id="17">48578.5511</dst>
      <dst id="21">1750.2578</dst>
      <dst id="15">534.8533</dst>
    </src>
    <src id="6">
      <dst id="12">9809.2089</dst>
      <dst id="13">1.9022</dst>
      <dst id="19">41.1378</dst>
      <dst id="8">31.0844</dst>
      <dst id="18">37.3600</dst>
      <dst id="4">1392.1422</dst>
      <dst id="1">3.1467</dst>
      <dst id="5">14.0533</dst>
      <dst id="22">38.0267</dst>
      <dst id="7">0.3378</dst>
      <dst id="2">2436.5778</dst>
      <dst id="16">12.1600</dst>
      <dst id="11">27.3689</dst>
      <dst id="9">36.0178</dst>
      <dst id="17">1720.0444</dst>
      <dst id="21">25.2533</dst>
    </src>
    <src id="16">
      <dst id="12">2040.9689</dst>
      <dst id="13">349.8133</dst>
      <dst id="19">3661.6356</dst>
      <dst id="23">29.5644</dst>
      <dst id="8">5134.4089</dst>
      <dst id="18">17.5022</dst>
      <dst id="4">2601.6533</dst>
      <dst id="1">10690.2667</dst>
      <dst id="5">5045.6178</dst>
      <dst id="3">1.0667</dst>
      <dst id="7">2429.3422</dst>
      <dst id="2">988.1067</dst>
      <dst id="6">2.1600</dst>
      <dst id="16">77.3244</dst>
      <dst id="14">640.2400</dst>
      <dst id="11">35.5022</dst>
      <dst id="9">4606.8889</dst>
      <dst id="17">1616.1067</dst>
      <dst id="21">1951.2178</dst>
    </src>
    <src id="14">
      <dst id="12">21810.5689</dst>
      <dst id="13">18.6489</dst>
      <dst id="19">30.0622</dst>
      <dst id="23">0.9600</dst>
      <dst id="8">0.3556</dst>
      <dst id="18">7.2622</dst>
      <dst id="4">2498.8800</dst>
      <dst id="1">100.8267</dst>
      <dst id="5">5.0489</dst>
      <dst id="3">107.7956</dst>
      <dst id="22">18.5600</dst>
      <dst id="7">116.0267</dst>
      <dst id="2">8139.9378</dst>
      <dst id="6">0.3556</dst>
      <dst id="16">22.6933</dst>
      <dst id="20">1.9556</dst>
      <dst id="11">112.2400</dst>
      <dst id="9">2.1956</dst>
      <dst id="17">17458.6933</dst>
      <dst id="21">62.2756</dst>
    </src>
    <src id="20">
      <dst id="12">8608.7200</dst>
      <dst id="13">1838.5778</dst>
      <dst id="19">25.2444</dst>
      <dst id="8">168.0978</dst>
      <dst id="18">13.3333</dst>
      <dst id="4">4233.3689</dst>
      <dst id="1">145.6444</dst>
      <dst id="5">1880.0178</dst>
      <dst id="3">295.7156</dst>
      <dst id="7">217.6533</dst>
      <dst id="2">4179.0578</dst>
      <dst id="14">26.6667</dst>
      <dst id="11">125.3333</dst>
      <dst id="9">4372.8089</dst>
      <dst id="17">2014.7200</dst>
      <dst id="21">289.3244</dst>
    </src>
    <src id="11">
      <dst id="12">400469.9911</dst>
      <dst id="13">3666.4089</dst>
      <dst id="19">72.7467</dst>
      <dst id="23">3.2978</dst>
      <dst id="8">906.1778</dst>
      <dst id="18">52.3644</dst>
      <dst id="4">10754.0800</dst>
      <dst id="1">2167.9822</dst>
      <dst id="5">845.0222</dst>
      <dst id="3">1103.8489</dst>
      <dst id="22">1322.7467</dst>
      <dst id="7">127.6711</dst>
      <dst id="2">164895.6000</dst>
      <dst id="6">17.3156</dst>
      <dst id="16">73.2889</dst>
      <dst id="14">56.6756</dst>
      <dst id="20">47.0044</dst>
      <dst id="11">1910.5156</dst>
      <dst id="9">1531.6356</dst>
      <dst id="17">142850.5422</dst>
      <dst id="21">289.3422</dst>
      <dst id="15">3590.8444</dst>
    </src>
    <src id="9">
      <dst id="12">386137.2444</dst>
      <dst id="13">20529.9644</dst>
      <dst id="19">147.2622</dst>
      <dst id="23">139.3067</dst>
      <dst id="8">2237.9822</dst>
      <dst id="18">64.8978</dst>
      <dst id="4">6968.7378</dst>
      <dst id="1">1442.7378</dst>
      <dst id="5">458.1422</dst>
      <dst id="3">6.0000</dst>
      <dst id="22">1569.7511</dst>
      <dst id="7">182.6933</dst>
      <dst id="2">164430.3644</dst>
      <dst id="6">32.3378</dst>
      <dst id="16">487.6178</dst>
      <dst id="14">32.6489</dst>
      <dst id="20">1365.9111</dst>
      <dst id="11">287.3600</dst>
      <dst id="9">824.4178</dst>
      <dst id="17">159128.3733</dst>
      <dst id="21">292.4533</dst>
      <dst id="15">1765.6444</dst>
    </src>
    <src id="17">
      <dst id="12">9878.0800</dst>
      <dst id="13">8557.8222</dst>
      <dst id="19">514.4800</dst>
      <dst id="23">1146.0800</dst>
      <dst id="8">120031.4044</dst>
      <dst id="18">409.4933</dst>
      <dst id="4">31045.7956</dst>
      <dst id="1">10831.2533</dst>
      <dst id="5">208687.9644</dst>
      <dst id="3">18902.6933</dst>
      <dst id="22">7677.0400</dst>
      <dst id="7">1070.1422</dst>
      <dst id="2">17508.2311</dst>
      <dst id="6">97.6533</dst>
      <dst id="16">3155.8667</dst>
      <dst id="14">57111.9111</dst>
      <dst id="20">5550.8000</dst>
      <dst id="11">97557.4933</dst>
      <dst id="9">164708.4444</dst>
      <dst id="17">2003.3067</dst>
      <dst id="21">16493.7511</dst>
      <dst id="15">22.3556</dst>
    </src>
    <src id="21">
      <dst id="12">25830.8089</dst>
      <dst id="13">1978.1956</dst>
      <dst id="19">136.0267</dst>
      <dst id="23">66.5600</dst>
      <dst id="8">17.7689</dst>
      <dst id="18">36.2756</dst>
      <dst id="4">11276.3556</dst>
      <dst id="1">2048.0089</dst>
      <dst id="5">859.6089</dst>
      <dst id="3">383.8844</dst>
      <dst id="22">3166.6311</dst>
      <dst id="7">1519.6978</dst>
      <dst id="2">17837.6800</dst>
      <dst id="6">1.2889</dst>
      <dst id="16">153.0489</dst>
      <dst id="14">1449.5111</dst>
      <dst id="20">173.4222</dst>
      <dst id="11">459.3422</dst>
      <dst id="9">659.0756</dst>
      <dst id="17">5216.0178</dst>
      <dst id="21">330.7289</dst>
      <dst id="15">141.2533</dst>
    </src>
    <src id="15">
      <dst id="12">3142.1600</dst>
      <dst id="13">850.5778</dst>
      <dst id="19">29.5467</dst>
      <dst id="8">78.7200</dst>
      <dst id="18">1.2800</dst>
      <dst id="4">808.8533</dst>
      <dst id="1">605.7422</dst>
      <dst id="5">49.9556</dst>
      <dst id="3">5.3689</dst>
      <dst id="7">12.0711</dst>
      <dst id="2">106.4000</dst>
      <dst id="6">0.2667</dst>
      <dst id="14">0.4267</dst>
      <dst id="11">166.1422</dst>
      <dst id="9">114.1867</dst>
      <dst id="17">356.5244</dst>
      <dst id="21">59.4578</dst>
    </src>
  </IntraTM>
</TrafficMatrixFile>
