<?xml version="1.0" encoding="UTF-8" standalone="yes"?>
<TrafficMatrixFile xmlns:xsi="http://www.w3.org/2001/XMLSchema-instance" xsi:noNamespaceSchemaLocation="http://totem.run.montefiore.ulg.ac.be/Schema/TrafficMatrix-v1_2.xsd">
  <info>
    <title>Intradomain traffic matrix generated by geant-TM-all.pl</title>
    <date>2005-01-06T03:00:00</date>
    <duration>900</duration>
    <author>Steve Uhlig</author>
    <units>
        <unit type="bandwidth" value="kbps"/>
    </units>
  </info>
  <IntraTM ASID="20965">
    <src id="12">
      <dst id="12">297479.1200</dst>
      <dst id="13">30432.0356</dst>
      <dst id="19">6936.9422</dst>
      <dst id="23">419.0933</dst>
      <dst id="8">7090.3467</dst>
      <dst id="18">2451.2889</dst>
      <dst id="4">131147.7511</dst>
      <dst id="1">7759.9289</dst>
      <dst id="5">14099.6267</dst>
      <dst id="3">12912.3556</dst>
      <dst id="22">22588.0800</dst>
      <dst id="7">3780.4444</dst>
      <dst id="2">110205.1022</dst>
      <dst id="6">16.9600</dst>
      <dst id="16">6637.8844</dst>
      <dst id="14">145.2267</dst>
      <dst id="20">9021.2711</dst>
      <dst id="11">10349.5111</dst>
      <dst id="9">24727.1022</dst>
      <dst id="17">102859.2000</dst>
      <dst id="21">22059.1022</dst>
      <dst id="15">2629.9111</dst>
    </src>
    <src id="13">
      <dst id="12">91173.9022</dst>
      <dst id="19">10601.4578</dst>
      <dst id="23">362.6756</dst>
      <dst id="8">7087.2711</dst>
      <dst id="18">11632.1956</dst>
      <dst id="4">0.3556</dst>
      <dst id="1">7815.6978</dst>
      <dst id="5">8541.8933</dst>
      <dst id="3">20582.0622</dst>
      <dst id="22">31091.4578</dst>
      <dst id="7">43038.3556</dst>
      <dst id="2">141486.5422</dst>
      <dst id="6">118.5689</dst>
      <dst id="16">11797.5733</dst>
      <dst id="14">4346.6489</dst>
      <dst id="20">20526.7556</dst>
      <dst id="11">23015.4667</dst>
      <dst id="9">17845.7422</dst>
      <dst id="17">117258.7911</dst>
      <dst id="21">38518.8178</dst>
      <dst id="15">4619.3778</dst>
    </src>
    <src id="19">
      <dst id="12">20882.9778</dst>
      <dst id="13">2351.0400</dst>
      <dst id="23">175.0133</dst>
      <dst id="8">199.2178</dst>
      <dst id="18">990.0089</dst>
      <dst id="4">24160.7911</dst>
      <dst id="1">2431.8844</dst>
      <dst id="5">401.9467</dst>
      <dst id="3">37.7600</dst>
      <dst id="22">1380.0978</dst>
      <dst id="7">4983.2089</dst>
      <dst id="2">11241.2711</dst>
      <dst id="6">608.1422</dst>
      <dst id="16">6175.4489</dst>
      <dst id="14">12.6222</dst>
      <dst id="20">143.6356</dst>
      <dst id="11">147.5822</dst>
      <dst id="9">249.1378</dst>
      <dst id="17">9501.7867</dst>
      <dst id="21">6061.5111</dst>
      <dst id="15">5.5378</dst>
    </src>
    <src id="23">
      <dst id="12">528.9244</dst>
      <dst id="13">688.0267</dst>
      <dst id="19">113.5556</dst>
      <dst id="8">12.6222</dst>
      <dst id="18">2038.0267</dst>
      <dst id="4">219.1644</dst>
      <dst id="1">51.5911</dst>
      <dst id="5">94.2311</dst>
      <dst id="3">386.3111</dst>
      <dst id="22">633.6889</dst>
      <dst id="7">230.0089</dst>
      <dst id="2">278.9956</dst>
      <dst id="6">0.5333</dst>
      <dst id="16">409.0489</dst>
      <dst id="14">0.4622</dst>
      <dst id="20">37.8756</dst>
      <dst id="11">136.1511</dst>
      <dst id="9">623.4844</dst>
      <dst id="17">1511.5200</dst>
      <dst id="21">937.5111</dst>
      <dst id="15">8.1422</dst>
    </src>
    <src id="8">
      <dst id="12">353446.9689</dst>
      <dst id="13">3314.0533</dst>
      <dst id="19">356.9867</dst>
      <dst id="23">0.3556</dst>
      <dst id="18">454.1067</dst>
      <dst id="4">12235.3244</dst>
      <dst id="1">4909.3778</dst>
      <dst id="5">12031.6356</dst>
      <dst id="3">27.0222</dst>
      <dst id="22">1648.0622</dst>
      <dst id="7">51.9911</dst>
      <dst id="2">154640.1422</dst>
      <dst id="16">1036.1778</dst>
      <dst id="14">26.6667</dst>
      <dst id="20">1762.8978</dst>
      <dst id="11">731.3689</dst>
      <dst id="9">578.4533</dst>
      <dst id="17">145966.4356</dst>
      <dst id="21">550.5067</dst>
      <dst id="15">203.1467</dst>
    </src>
    <src id="18">
      <dst id="12">134647.7600</dst>
      <dst id="13">606.2933</dst>
      <dst id="19">433.7511</dst>
      <dst id="23">46.0978</dst>
      <dst id="8">309.7600</dst>
      <dst id="4">2391.0489</dst>
      <dst id="1">810.1956</dst>
      <dst id="5">232.0800</dst>
      <dst id="3">110.4533</dst>
      <dst id="22">374.9244</dst>
      <dst id="7">634.1511</dst>
      <dst id="2">45530.8356</dst>
      <dst id="16">86.5600</dst>
      <dst id="14">2.2222</dst>
      <dst id="20">152.0267</dst>
      <dst id="11">393.3956</dst>
      <dst id="9">1084.3200</dst>
      <dst id="17">52952.8889</dst>
      <dst id="21">1057.5378</dst>
      <dst id="15">14.1244</dst>
    </src>
    <src id="4">
      <dst id="12">20777.6000</dst>
      <dst id="19">8008.7022</dst>
      <dst id="23">26.6667</dst>
      <dst id="8">4959.6444</dst>
      <dst id="18">3542.9867</dst>
      <dst id="4">1.7778</dst>
      <dst id="1">146347.6889</dst>
      <dst id="5">1904.9600</dst>
      <dst id="3">3647.9200</dst>
      <dst id="22">8524.0622</dst>
      <dst id="7">34061.4489</dst>
      <dst id="2">91971.1911</dst>
      <dst id="6">39.5822</dst>
      <dst id="16">7400.3022</dst>
      <dst id="14">5251.9733</dst>
      <dst id="20">6689.3956</dst>
      <dst id="11">3096.9600</dst>
      <dst id="9">7578.3378</dst>
      <dst id="17">33177.9644</dst>
      <dst id="21">14095.7422</dst>
      <dst id="15">1641.0844</dst>
    </src>
    <src id="1">
      <dst id="12">24766.4089</dst>
      <dst id="13">1963.1289</dst>
      <dst id="19">192.1778</dst>
      <dst id="23">1680.5600</dst>
      <dst id="8">186462.3644</dst>
      <dst id="18">16157.5022</dst>
      <dst id="4">29841.8756</dst>
      <dst id="1">39351.3778</dst>
      <dst id="5">303653.4844</dst>
      <dst id="3">2404.7556</dst>
      <dst id="22">5461.0489</dst>
      <dst id="7">81993.8311</dst>
      <dst id="2">27491.6978</dst>
      <dst id="6">14394.8889</dst>
      <dst id="16">12001.6267</dst>
      <dst id="14">38.0356</dst>
      <dst id="20">249.1822</dst>
      <dst id="11">3191.9289</dst>
      <dst id="9">349973.9111</dst>
      <dst id="17">22960.8267</dst>
      <dst id="21">27628.9956</dst>
      <dst id="15">297.5200</dst>
    </src>
    <src id="5">
      <dst id="12">392303.6267</dst>
      <dst id="13">8502.2400</dst>
      <dst id="19">341.9556</dst>
      <dst id="23">100.5689</dst>
      <dst id="8">8014.2667</dst>
      <dst id="18">376.2044</dst>
      <dst id="4">10820.4178</dst>
      <dst id="1">5207.0489</dst>
      <dst id="3">70.4533</dst>
      <dst id="22">9058.3200</dst>
      <dst id="7">523.1378</dst>
      <dst id="2">163644.1511</dst>
      <dst id="6">0.6933</dst>
      <dst id="16">1957.6622</dst>
      <dst id="14">1.0844</dst>
      <dst id="20">5481.4756</dst>
      <dst id="11">3614.1867</dst>
      <dst id="9">23282.1156</dst>
      <dst id="17">156984.0267</dst>
      <dst id="21">625.7333</dst>
      <dst id="15">478.8711</dst>
    </src>
    <src id="3">
      <dst id="12">23900.4356</dst>
      <dst id="13">1719.0133</dst>
      <dst id="19">1631.7422</dst>
      <dst id="23">111.5733</dst>
      <dst id="8">1169.6533</dst>
      <dst id="18">186882.8711</dst>
      <dst id="4">64935.8489</dst>
      <dst id="1">10678.0089</dst>
      <dst id="5">728.1867</dst>
      <dst id="3">12350.9156</dst>
      <dst id="22">6396.3556</dst>
      <dst id="7">51128.8356</dst>
      <dst id="2">18403.2622</dst>
      <dst id="6">20.1689</dst>
      <dst id="16">2926.3378</dst>
      <dst id="14">49225.8667</dst>
      <dst id="20">1368.1689</dst>
      <dst id="11">264929.8756</dst>
      <dst id="9">489.3244</dst>
      <dst id="17">35395.0489</dst>
      <dst id="21">19080.9422</dst>
      <dst id="15">977.5733</dst>
    </src>
    <src id="10">
      <dst id="12">14098.2933</dst>
      <dst id="19">4759.9022</dst>
      <dst id="8">4202.8356</dst>
      <dst id="18">3914.0267</dst>
      <dst id="1">2978.2400</dst>
      <dst id="5">2326.5600</dst>
      <dst id="3">7181.7244</dst>
      <dst id="22">5860.0000</dst>
      <dst id="7">12571.8756</dst>
      <dst id="2">43481.4400</dst>
      <dst id="6">2.8800</dst>
      <dst id="16">3158.8089</dst>
      <dst id="14">1048.4711</dst>
      <dst id="20">2411.6622</dst>
      <dst id="11">3834.1600</dst>
      <dst id="9">4289.4489</dst>
      <dst id="17">36954.0089</dst>
      <dst id="21">20958.7289</dst>
      <dst id="15">310.8444</dst>
    </src>
    <src id="22">
      <dst id="12">9416.5689</dst>
      <dst id="13">8595.4756</dst>
      <dst id="19">302.5511</dst>
      <dst id="23">104.5600</dst>
      <dst id="8">2241.3156</dst>
      <dst id="18">1596.5333</dst>
      <dst id="4">26292.5422</dst>
      <dst id="1">362.8533</dst>
      <dst id="5">11144.7911</dst>
      <dst id="3">903.4578</dst>
      <dst id="7">1014.4533</dst>
      <dst id="2">1996.6311</dst>
      <dst id="6">0.4711</dst>
      <dst id="16">2.0444</dst>
      <dst id="14">137.4756</dst>
      <dst id="11">5931.3244</dst>
      <dst id="9">5376.3733</dst>
      <dst id="17">7365.1556</dst>
      <dst id="21">7774.2844</dst>
    </src>
    <src id="7">
      <dst id="12">5008.0978</dst>
      <dst id="13">4289.1822</dst>
      <dst id="19">3525.3511</dst>
      <dst id="23">421.4400</dst>
      <dst id="8">495.2356</dst>
      <dst id="18">1149.0489</dst>
      <dst id="4">18746.7733</dst>
      <dst id="1">12136.7556</dst>
      <dst id="5">1641.6800</dst>
      <dst id="3">3291.8933</dst>
      <dst id="22">5982.0622</dst>
      <dst id="7">665.4133</dst>
      <dst id="2">26454.5156</dst>
      <dst id="6">89.0133</dst>
      <dst id="16">4100.7378</dst>
      <dst id="14">121.6444</dst>
      <dst id="20">2632.3556</dst>
      <dst id="11">1187.2178</dst>
      <dst id="9">1632.4800</dst>
      <dst id="17">10258.9333</dst>
      <dst id="21">19725.6089</dst>
      <dst id="15">990.6400</dst>
    </src>
    <src id="2">
      <dst id="12">147787.7422</dst>
      <dst id="13">519981.5822</dst>
      <dst id="19">820.3111</dst>
      <dst id="23">24.5067</dst>
      <dst id="8">1989.8133</dst>
      <dst id="18">140909.5733</dst>
      <dst id="4">125720.6578</dst>
      <dst id="1">17192.9867</dst>
      <dst id="5">2852.1511</dst>
      <dst id="3">807.4667</dst>
      <dst id="22">3383.8311</dst>
      <dst id="7">8633.2267</dst>
      <dst id="2">926.8000</dst>
      <dst id="6">10057.1822</dst>
      <dst id="16">3131.7422</dst>
      <dst id="14">2727.8489</dst>
      <dst id="20">21215.6267</dst>
      <dst id="11">3036.1778</dst>
      <dst id="9">3367.5911</dst>
      <dst id="17">37100.8711</dst>
      <dst id="21">9703.7956</dst>
      <dst id="15">2163.8311</dst>
    </src>
    <src id="6">
      <dst id="12">11343.6089</dst>
      <dst id="13">107.6800</dst>
      <dst id="19">12.7289</dst>
      <dst id="18">34.7556</dst>
      <dst id="4">109.8489</dst>
      <dst id="1">28.8267</dst>
      <dst id="5">11.6711</dst>
      <dst id="3">11.4667</dst>
      <dst id="22">0.3556</dst>
      <dst id="7">21.8667</dst>
      <dst id="2">3044.3556</dst>
      <dst id="16">21.1467</dst>
      <dst id="20">11.4667</dst>
      <dst id="11">66.1333</dst>
      <dst id="9">47.3689</dst>
      <dst id="17">2225.8667</dst>
      <dst id="21">60.9867</dst>
      <dst id="15">13.3333</dst>
    </src>
    <src id="16">
      <dst id="12">3445.4400</dst>
      <dst id="13">1766.8356</dst>
      <dst id="19">3054.6933</dst>
      <dst id="23">681.3067</dst>
      <dst id="8">9217.9467</dst>
      <dst id="18">46.5333</dst>
      <dst id="4">9286.5689</dst>
      <dst id="1">8438.6222</dst>
      <dst id="5">7702.1244</dst>
      <dst id="3">194.0711</dst>
      <dst id="7">5990.2489</dst>
      <dst id="2">2181.6711</dst>
      <dst id="6">6.2489</dst>
      <dst id="16">62.5778</dst>
      <dst id="14">218.0178</dst>
      <dst id="11">2325.7600</dst>
      <dst id="9">6980.2844</dst>
      <dst id="17">4211.2267</dst>
      <dst id="21">1328.6044</dst>
    </src>
    <src id="14">
      <dst id="12">22170.8444</dst>
      <dst id="13">163.8400</dst>
      <dst id="19">5.2267</dst>
      <dst id="23">53.9022</dst>
      <dst id="18">13.7244</dst>
      <dst id="4">3620.5600</dst>
      <dst id="1">230.7911</dst>
      <dst id="5">0.7111</dst>
      <dst id="3">57.9911</dst>
      <dst id="22">47.3422</dst>
      <dst id="7">54.1156</dst>
      <dst id="2">7214.9600</dst>
      <dst id="16">20.0000</dst>
      <dst id="20">91.6000</dst>
      <dst id="11">82.4889</dst>
      <dst id="9">11.3956</dst>
      <dst id="17">11054.9600</dst>
      <dst id="21">236.8267</dst>
    </src>
    <src id="20">
      <dst id="12">9393.0044</dst>
      <dst id="13">6846.9778</dst>
      <dst id="19">5078.0711</dst>
      <dst id="23">21.5822</dst>
      <dst id="8">3086.1244</dst>
      <dst id="18">169.0578</dst>
      <dst id="4">18771.9467</dst>
      <dst id="1">150.0444</dst>
      <dst id="5">8149.3689</dst>
      <dst id="3">445.2178</dst>
      <dst id="7">844.2222</dst>
      <dst id="2">17532.4800</dst>
      <dst id="6">1.2356</dst>
      <dst id="14">5.2267</dst>
      <dst id="11">1323.6889</dst>
      <dst id="9">8189.8756</dst>
      <dst id="17">9330.0089</dst>
      <dst id="21">2560.0978</dst>
    </src>
    <src id="11">
      <dst id="12">463032.3111</dst>
      <dst id="13">2367.0756</dst>
      <dst id="19">204.1956</dst>
      <dst id="23">212.2133</dst>
      <dst id="8">2328.9956</dst>
      <dst id="18">1313.8044</dst>
      <dst id="4">14671.4667</dst>
      <dst id="1">5557.1200</dst>
      <dst id="5">1829.0578</dst>
      <dst id="3">6089.9111</dst>
      <dst id="22">1790.0089</dst>
      <dst id="7">772.5867</dst>
      <dst id="2">202854.4267</dst>
      <dst id="6">777.6800</dst>
      <dst id="16">497.3156</dst>
      <dst id="14">90.8711</dst>
      <dst id="20">4911.4844</dst>
      <dst id="11">2507.5822</dst>
      <dst id="9">2327.9467</dst>
      <dst id="17">190824.1244</dst>
      <dst id="21">1737.7156</dst>
      <dst id="15">213.3689</dst>
    </src>
    <src id="9">
      <dst id="12">497035.5467</dst>
      <dst id="13">1528.1422</dst>
      <dst id="19">5386.8978</dst>
      <dst id="23">16.3022</dst>
      <dst id="8">776.6133</dst>
      <dst id="18">368.1689</dst>
      <dst id="4">18938.0000</dst>
      <dst id="1">6996.4978</dst>
      <dst id="5">10129.6533</dst>
      <dst id="3">8.5867</dst>
      <dst id="22">5708.5956</dst>
      <dst id="7">369.6800</dst>
      <dst id="2">199245.9733</dst>
      <dst id="6">1.6356</dst>
      <dst id="16">7537.6800</dst>
      <dst id="14">1.7778</dst>
      <dst id="20">16768.4711</dst>
      <dst id="11">2145.5289</dst>
      <dst id="9">529.1644</dst>
      <dst id="17">205061.3244</dst>
      <dst id="21">1400.4267</dst>
      <dst id="15">4086.3378</dst>
    </src>
    <src id="17">
      <dst id="12">10635.3956</dst>
      <dst id="13">16082.9244</dst>
      <dst id="19">1095.9200</dst>
      <dst id="23">2790.8711</dst>
      <dst id="8">197481.2000</dst>
      <dst id="18">5302.4622</dst>
      <dst id="4">150970.5422</dst>
      <dst id="1">9097.2889</dst>
      <dst id="5">290335.2000</dst>
      <dst id="3">10646.1156</dst>
      <dst id="22">4741.0578</dst>
      <dst id="7">8970.4622</dst>
      <dst id="2">55253.3689</dst>
      <dst id="6">255.0844</dst>
      <dst id="16">9853.6978</dst>
      <dst id="14">43807.5822</dst>
      <dst id="20">2958.7022</dst>
      <dst id="11">197226.5156</dst>
      <dst id="9">272753.4489</dst>
      <dst id="17">3507.7244</dst>
      <dst id="21">29407.4489</dst>
      <dst id="15">49.4222</dst>
    </src>
    <src id="21">
      <dst id="12">33696.7200</dst>
      <dst id="13">3059.5289</dst>
      <dst id="19">796.5689</dst>
      <dst id="23">192.4978</dst>
      <dst id="8">465.5022</dst>
      <dst id="18">10539.5911</dst>
      <dst id="4">24545.9289</dst>
      <dst id="1">10145.7244</dst>
      <dst id="5">1279.1911</dst>
      <dst id="3">1920.5867</dst>
      <dst id="10">38.5067</dst>
      <dst id="22">1407.5733</dst>
      <dst id="7">2906.6756</dst>
      <dst id="2">18260.8533</dst>
      <dst id="6">6.3289</dst>
      <dst id="16">799.7778</dst>
      <dst id="14">96.2489</dst>
      <dst id="20">976.8711</dst>
      <dst id="11">2538.2756</dst>
      <dst id="9">5205.4578</dst>
      <dst id="17">8028.1778</dst>
      <dst id="21">5258.0356</dst>
      <dst id="15">462.9778</dst>
    </src>
    <src id="15">
      <dst id="12">2103.7867</dst>
      <dst id="13">4028.2578</dst>
      <dst id="19">169.3956</dst>
      <dst id="8">720.0978</dst>
      <dst id="18">48.8178</dst>
      <dst id="4">1700.2311</dst>
      <dst id="1">601.6356</dst>
      <dst id="5">810.7556</dst>
      <dst id="3">27.1289</dst>
      <dst id="7">847.9911</dst>
      <dst id="2">1387.7511</dst>
      <dst id="11">31.4844</dst>
      <dst id="9">1597.8933</dst>
      <dst id="17">766.5600</dst>
      <dst id="21">191.0933</dst>
    </src>
  </IntraTM>
</TrafficMatrixFile>
