<?xml version="1.0" encoding="UTF-8" standalone="yes"?>
<TrafficMatrixFile xmlns:xsi="http://www.w3.org/2001/XMLSchema-instance" xsi:noNamespaceSchemaLocation="http://totem.run.montefiore.ulg.ac.be/Schema/TrafficMatrix-v1_2.xsd">
  <info>
    <title>Intradomain traffic matrix generated by geant-TM-all.pl</title>
    <date>2005-01-03T23:00:00</date>
    <duration>900</duration>
    <author>Steve Uhlig</author>
    <units>
        <unit type="bandwidth" value="kbps"/>
    </units>
  </info>
  <IntraTM ASID="20965">
    <src id="12">
      <dst id="12">249752.6222</dst>
      <dst id="13">39034.0711</dst>
      <dst id="19">1889.5200</dst>
      <dst id="23">263.9733</dst>
      <dst id="8">2631.7244</dst>
      <dst id="18">2277.0222</dst>
      <dst id="4">58091.4133</dst>
      <dst id="1">6493.7333</dst>
      <dst id="5">2627.6889</dst>
      <dst id="3">7092.4711</dst>
      <dst id="22">15062.0000</dst>
      <dst id="7">1594.3556</dst>
      <dst id="2">88704.0622</dst>
      <dst id="6">318.1956</dst>
      <dst id="16">3276.5867</dst>
      <dst id="14">251.3244</dst>
      <dst id="20">4395.3600</dst>
      <dst id="11">4463.3156</dst>
      <dst id="9">9840.4000</dst>
      <dst id="17">100902.0267</dst>
      <dst id="21">8434.4267</dst>
      <dst id="15">9032.4178</dst>
    </src>
    <src id="13">
      <dst id="12">65612.1956</dst>
      <dst id="19">5363.9733</dst>
      <dst id="23">36.9867</dst>
      <dst id="8">4708.5156</dst>
      <dst id="18">5456.6133</dst>
      <dst id="4">0.3556</dst>
      <dst id="1">4227.5022</dst>
      <dst id="5">14620.6133</dst>
      <dst id="3">7390.4622</dst>
      <dst id="22">22835.0667</dst>
      <dst id="7">9566.9956</dst>
      <dst id="2">91466.6222</dst>
      <dst id="6">67.9822</dst>
      <dst id="16">27797.8667</dst>
      <dst id="14">1340.8267</dst>
      <dst id="20">7020.4356</dst>
      <dst id="11">22785.1467</dst>
      <dst id="9">9790.0889</dst>
      <dst id="17">355468.0889</dst>
      <dst id="21">12618.1689</dst>
      <dst id="15">3114.3556</dst>
    </src>
    <src id="19">
      <dst id="12">15041.2356</dst>
      <dst id="13">1288.5156</dst>
      <dst id="8">3.5644</dst>
      <dst id="18">38.1244</dst>
      <dst id="4">16457.1822</dst>
      <dst id="1">1506.4978</dst>
      <dst id="5">73.9289</dst>
      <dst id="3">41.4933</dst>
      <dst id="22">141.4756</dst>
      <dst id="7">6532.0444</dst>
      <dst id="2">1181.8489</dst>
      <dst id="6">98.5956</dst>
      <dst id="16">11707.3778</dst>
      <dst id="14">1.9467</dst>
      <dst id="20">32.0089</dst>
      <dst id="11">108.0356</dst>
      <dst id="9">147.1733</dst>
      <dst id="17">325.1111</dst>
      <dst id="21">350.5067</dst>
      <dst id="15">3.4844</dst>
    </src>
    <src id="23">
      <dst id="12">229.9556</dst>
      <dst id="13">183.4667</dst>
      <dst id="19">1.1822</dst>
      <dst id="8">104.9956</dst>
      <dst id="18">27.3778</dst>
      <dst id="4">27.2711</dst>
      <dst id="1">79.6978</dst>
      <dst id="5">14.2133</dst>
      <dst id="3">186.3200</dst>
      <dst id="22">401.6800</dst>
      <dst id="7">67.7422</dst>
      <dst id="2">43.4667</dst>
      <dst id="6">0.9956</dst>
      <dst id="16">2163.7067</dst>
      <dst id="14">2.1156</dst>
      <dst id="20">94.9156</dst>
      <dst id="11">73.1911</dst>
      <dst id="9">408.9689</dst>
      <dst id="17">737.8667</dst>
      <dst id="21">89.3156</dst>
      <dst id="15">66.6667</dst>
    </src>
    <src id="8">
      <dst id="12">330576.0622</dst>
      <dst id="13">888.1156</dst>
      <dst id="23">144.7467</dst>
      <dst id="18">30.0889</dst>
      <dst id="4">3223.6356</dst>
      <dst id="1">285.7511</dst>
      <dst id="5">1291.5111</dst>
      <dst id="3">24.6311</dst>
      <dst id="22">1766.6667</dst>
      <dst id="7">158.8000</dst>
      <dst id="2">139638.9600</dst>
      <dst id="16">402.5422</dst>
      <dst id="20">23.9733</dst>
      <dst id="11">605.0133</dst>
      <dst id="9">586.3911</dst>
      <dst id="17">130362.7111</dst>
      <dst id="21">99.7333</dst>
      <dst id="15">53.5822</dst>
    </src>
    <src id="18">
      <dst id="12">93860.7111</dst>
      <dst id="13">399.3778</dst>
      <dst id="19">62.3733</dst>
      <dst id="23">1.2800</dst>
      <dst id="8">1.5467</dst>
      <dst id="4">1716.4178</dst>
      <dst id="1">1422.6578</dst>
      <dst id="5">129.4756</dst>
      <dst id="3">72.8089</dst>
      <dst id="22">142.7911</dst>
      <dst id="7">32.6933</dst>
      <dst id="2">29437.1733</dst>
      <dst id="16">35.1733</dst>
      <dst id="11">40.4622</dst>
      <dst id="9">133.8489</dst>
      <dst id="17">32651.6356</dst>
      <dst id="21">239.0044</dst>
      <dst id="15">6.6222</dst>
    </src>
    <src id="4">
      <dst id="12">17818.6844</dst>
      <dst id="19">15695.5911</dst>
      <dst id="23">0.4622</dst>
      <dst id="8">1772.8533</dst>
      <dst id="18">441.3333</dst>
      <dst id="4">1.1289</dst>
      <dst id="1">47677.0933</dst>
      <dst id="5">2356.9867</dst>
      <dst id="3">1765.5200</dst>
      <dst id="22">5597.2089</dst>
      <dst id="7">129220.3556</dst>
      <dst id="2">39988.8356</dst>
      <dst id="6">148.5956</dst>
      <dst id="16">1450.6400</dst>
      <dst id="14">1180.1956</dst>
      <dst id="20">2653.3244</dst>
      <dst id="11">8451.5111</dst>
      <dst id="9">1760.7111</dst>
      <dst id="17">73966.8267</dst>
      <dst id="21">3953.7422</dst>
      <dst id="15">699.5733</dst>
    </src>
    <src id="1">
      <dst id="12">12198.3111</dst>
      <dst id="13">389.8222</dst>
      <dst id="19">101.4489</dst>
      <dst id="23">111.7244</dst>
      <dst id="8">120904.8800</dst>
      <dst id="18">14974.4178</dst>
      <dst id="4">4703.5467</dst>
      <dst id="1">10282.7556</dst>
      <dst id="5">242159.6267</dst>
      <dst id="3">151.5022</dst>
      <dst id="22">8186.0089</dst>
      <dst id="7">1542.5244</dst>
      <dst id="2">2332.0889</dst>
      <dst id="6">9978.2844</dst>
      <dst id="16">12966.3022</dst>
      <dst id="14">56.7022</dst>
      <dst id="20">37.9733</dst>
      <dst id="11">905.9022</dst>
      <dst id="9">203933.5022</dst>
      <dst id="17">2125.2533</dst>
      <dst id="21">2216.4089</dst>
      <dst id="15">208.1600</dst>
    </src>
    <src id="5">
      <dst id="12">317164.5867</dst>
      <dst id="13">8008.4800</dst>
      <dst id="19">76.2756</dst>
      <dst id="23">15.4756</dst>
      <dst id="8">834.8000</dst>
      <dst id="18">214.2133</dst>
      <dst id="4">7479.0667</dst>
      <dst id="1">311.3867</dst>
      <dst id="3">1.1378</dst>
      <dst id="22">15669.3067</dst>
      <dst id="7">447.3778</dst>
      <dst id="2">127015.5111</dst>
      <dst id="6">0.7111</dst>
      <dst id="16">719.6800</dst>
      <dst id="14">3.2711</dst>
      <dst id="20">5847.2356</dst>
      <dst id="11">2481.9556</dst>
      <dst id="9">3206.5956</dst>
      <dst id="17">120701.0667</dst>
      <dst id="21">375.9556</dst>
      <dst id="15">135.3067</dst>
    </src>
    <src id="3">
      <dst id="12">11996.8800</dst>
      <dst id="13">327.9733</dst>
      <dst id="19">1147.9022</dst>
      <dst id="23">2999.3511</dst>
      <dst id="8">50.0444</dst>
      <dst id="18">61422.5511</dst>
      <dst id="4">10426.7733</dst>
      <dst id="1">6604.1244</dst>
      <dst id="5">544.1867</dst>
      <dst id="3">16982.0978</dst>
      <dst id="22">408.3644</dst>
      <dst id="7">1565.3422</dst>
      <dst id="2">5431.1822</dst>
      <dst id="6">2.0444</dst>
      <dst id="16">1633.1200</dst>
      <dst id="14">31425.6889</dst>
      <dst id="20">125.7867</dst>
      <dst id="11">156530.5067</dst>
      <dst id="9">115.7689</dst>
      <dst id="17">7588.6489</dst>
      <dst id="21">15003.9644</dst>
      <dst id="15">110.0711</dst>
    </src>
    <src id="10">
      <dst id="12">15183.5644</dst>
      <dst id="19">727.5111</dst>
      <dst id="8">543.8400</dst>
      <dst id="18">415.5378</dst>
      <dst id="1">3466.6933</dst>
      <dst id="5">898.1422</dst>
      <dst id="3">3852.1778</dst>
      <dst id="22">10916.5422</dst>
      <dst id="7">3097.6089</dst>
      <dst id="2">19120.0356</dst>
      <dst id="6">0.6222</dst>
      <dst id="16">624.8889</dst>
      <dst id="14">577.8667</dst>
      <dst id="20">4374.2844</dst>
      <dst id="11">6038.7289</dst>
      <dst id="9">1783.0044</dst>
      <dst id="17">15325.3244</dst>
      <dst id="21">7152.9156</dst>
      <dst id="15">177.6000</dst>
    </src>
    <src id="22">
      <dst id="12">24653.9556</dst>
      <dst id="13">4625.7511</dst>
      <dst id="19">120.8622</dst>
      <dst id="23">870.1867</dst>
      <dst id="8">639.9467</dst>
      <dst id="18">252.2844</dst>
      <dst id="4">14377.9111</dst>
      <dst id="1">2659.4489</dst>
      <dst id="5">5220.6578</dst>
      <dst id="3">311.4044</dst>
      <dst id="7">748.8978</dst>
      <dst id="2">2810.5511</dst>
      <dst id="6">93.2089</dst>
      <dst id="16">71.4844</dst>
      <dst id="14">215.2089</dst>
      <dst id="11">1182.5867</dst>
      <dst id="9">9028.5600</dst>
      <dst id="17">2424.7911</dst>
      <dst id="21">1236.2756</dst>
    </src>
    <src id="7">
      <dst id="12">7025.0933</dst>
      <dst id="13">363.8578</dst>
      <dst id="19">487.5556</dst>
      <dst id="23">221.3511</dst>
      <dst id="8">386.5600</dst>
      <dst id="18">184.1244</dst>
      <dst id="4">16388.2578</dst>
      <dst id="1">2116.8267</dst>
      <dst id="5">1502.7111</dst>
      <dst id="3">558.7467</dst>
      <dst id="22">3502.4889</dst>
      <dst id="7">851.1556</dst>
      <dst id="2">9638.3111</dst>
      <dst id="6">29.5822</dst>
      <dst id="16">1005.6622</dst>
      <dst id="14">78.7289</dst>
      <dst id="20">545.3956</dst>
      <dst id="11">1213.8044</dst>
      <dst id="9">512.4622</dst>
      <dst id="17">6822.7822</dst>
      <dst id="21">4192.0978</dst>
      <dst id="15">824.0622</dst>
    </src>
    <src id="2">
      <dst id="12">134620.2667</dst>
      <dst id="13">505147.2978</dst>
      <dst id="19">176.3911</dst>
      <dst id="23">19.1733</dst>
      <dst id="8">778.2489</dst>
      <dst id="18">56101.9467</dst>
      <dst id="4">56952.3022</dst>
      <dst id="1">7003.9822</dst>
      <dst id="5">2585.2444</dst>
      <dst id="3">202.5422</dst>
      <dst id="22">4130.0267</dst>
      <dst id="7">3520.0533</dst>
      <dst id="2">850.3822</dst>
      <dst id="6">9677.1289</dst>
      <dst id="16">3596.7644</dst>
      <dst id="14">5284.3289</dst>
      <dst id="20">2453.6889</dst>
      <dst id="11">5155.5289</dst>
      <dst id="9">6852.7822</dst>
      <dst id="17">24075.7689</dst>
      <dst id="21">1944.8444</dst>
      <dst id="15">2613.0133</dst>
    </src>
    <src id="6">
      <dst id="12">10910.8533</dst>
      <dst id="13">2.4444</dst>
      <dst id="19">15.7511</dst>
      <dst id="23">0.3378</dst>
      <dst id="4">1148.9156</dst>
      <dst id="1">8.8444</dst>
      <dst id="5">0.3556</dst>
      <dst id="22">4.0800</dst>
      <dst id="7">2.0267</dst>
      <dst id="2">3043.4578</dst>
      <dst id="16">1.8311</dst>
      <dst id="20">1.3956</dst>
      <dst id="11">14.0444</dst>
      <dst id="9">2.1067</dst>
      <dst id="17">1707.1111</dst>
      <dst id="21">1.1289</dst>
    </src>
    <src id="16">
      <dst id="12">1783.5644</dst>
      <dst id="13">1469.1556</dst>
      <dst id="19">3739.4489</dst>
      <dst id="23">69.6889</dst>
      <dst id="8">3660.6933</dst>
      <dst id="18">15.6000</dst>
      <dst id="4">3863.9022</dst>
      <dst id="1">20288.2222</dst>
      <dst id="5">4099.9733</dst>
      <dst id="3">5.2978</dst>
      <dst id="7">71.0489</dst>
      <dst id="2">430.8622</dst>
      <dst id="6">0.7111</dst>
      <dst id="16">57.4489</dst>
      <dst id="14">581.3778</dst>
      <dst id="11">403.4311</dst>
      <dst id="9">8811.8222</dst>
      <dst id="17">1837.0222</dst>
      <dst id="21">1897.9022</dst>
    </src>
    <src id="14">
      <dst id="12">15373.4133</dst>
      <dst id="13">82.4622</dst>
      <dst id="19">4.4800</dst>
      <dst id="18">0.5244</dst>
      <dst id="4">1266.7467</dst>
      <dst id="1">26.3200</dst>
      <dst id="5">30.7911</dst>
      <dst id="3">85.2889</dst>
      <dst id="22">70.3733</dst>
      <dst id="7">87.3333</dst>
      <dst id="2">7847.3689</dst>
      <dst id="16">18.9778</dst>
      <dst id="11">185.9467</dst>
      <dst id="17">8710.6667</dst>
      <dst id="21">77.9556</dst>
    </src>
    <src id="20">
      <dst id="12">3353.9289</dst>
      <dst id="13">9777.2889</dst>
      <dst id="19">32.2578</dst>
      <dst id="23">2.5156</dst>
      <dst id="8">69.9378</dst>
      <dst id="18">11.0578</dst>
      <dst id="4">7450.0267</dst>
      <dst id="1">171.5556</dst>
      <dst id="5">1062.0444</dst>
      <dst id="3">3841.1644</dst>
      <dst id="7">1299.0400</dst>
      <dst id="2">3804.4800</dst>
      <dst id="6">4.6933</dst>
      <dst id="14">2.6044</dst>
      <dst id="11">982.6133</dst>
      <dst id="9">4939.0933</dst>
      <dst id="17">1234.5511</dst>
      <dst id="21">172.7378</dst>
    </src>
    <src id="11">
      <dst id="12">362245.6978</dst>
      <dst id="13">4701.9378</dst>
      <dst id="19">49.9467</dst>
      <dst id="23">34.0444</dst>
      <dst id="8">289.3067</dst>
      <dst id="18">32.2311</dst>
      <dst id="4">5208.5422</dst>
      <dst id="1">621.6178</dst>
      <dst id="5">835.1378</dst>
      <dst id="3">435.6178</dst>
      <dst id="22">2084.4444</dst>
      <dst id="7">363.8133</dst>
      <dst id="2">151800.3022</dst>
      <dst id="6">22.9422</dst>
      <dst id="16">187.6978</dst>
      <dst id="14">85.0667</dst>
      <dst id="20">1012.0000</dst>
      <dst id="11">1100.5689</dst>
      <dst id="9">641.4311</dst>
      <dst id="17">151584.9778</dst>
      <dst id="21">9715.3244</dst>
      <dst id="15">120.3111</dst>
    </src>
    <src id="9">
      <dst id="12">415484.3022</dst>
      <dst id="13">3368.5600</dst>
      <dst id="19">1849.9467</dst>
      <dst id="23">13.7067</dst>
      <dst id="8">1185.6800</dst>
      <dst id="18">20.5244</dst>
      <dst id="4">6380.6844</dst>
      <dst id="1">1445.7956</dst>
      <dst id="5">1315.7867</dst>
      <dst id="3">2.3556</dst>
      <dst id="22">9281.2178</dst>
      <dst id="7">197.8400</dst>
      <dst id="2">157130.6756</dst>
      <dst id="6">0.6844</dst>
      <dst id="16">1011.7333</dst>
      <dst id="14">0.9511</dst>
      <dst id="20">952.8800</dst>
      <dst id="11">634.2578</dst>
      <dst id="9">9049.9378</dst>
      <dst id="17">206154.1156</dst>
      <dst id="21">3524.5867</dst>
      <dst id="15">1705.7067</dst>
    </src>
    <src id="17">
      <dst id="12">7430.5689</dst>
      <dst id="13">7729.3600</dst>
      <dst id="19">602.8622</dst>
      <dst id="23">147.5111</dst>
      <dst id="8">133023.1022</dst>
      <dst id="18">44.0089</dst>
      <dst id="4">32572.5156</dst>
      <dst id="1">782.6489</dst>
      <dst id="5">217731.8844</dst>
      <dst id="3">10163.5289</dst>
      <dst id="22">6582.6489</dst>
      <dst id="7">852.3467</dst>
      <dst id="2">21516.6667</dst>
      <dst id="6">464.9333</dst>
      <dst id="16">9937.2978</dst>
      <dst id="14">22458.1956</dst>
      <dst id="20">3081.6711</dst>
      <dst id="11">125829.5556</dst>
      <dst id="9">201314.7378</dst>
      <dst id="17">1925.2000</dst>
      <dst id="21">12957.0044</dst>
      <dst id="15">150.3556</dst>
    </src>
    <src id="21">
      <dst id="12">19794.6933</dst>
      <dst id="13">1654.7467</dst>
      <dst id="19">353.4222</dst>
      <dst id="23">7.4667</dst>
      <dst id="8">46.8711</dst>
      <dst id="18">300.8889</dst>
      <dst id="4">15345.8489</dst>
      <dst id="1">1012.4533</dst>
      <dst id="5">820.1956</dst>
      <dst id="3">676.6489</dst>
      <dst id="22">2901.7956</dst>
      <dst id="7">816.6222</dst>
      <dst id="2">12169.8222</dst>
      <dst id="6">5.0044</dst>
      <dst id="16">130.5067</dst>
      <dst id="14">66.2578</dst>
      <dst id="20">258.0444</dst>
      <dst id="11">640.2844</dst>
      <dst id="9">556.0622</dst>
      <dst id="17">6401.9467</dst>
      <dst id="21">702.6933</dst>
      <dst id="15">6.7378</dst>
    </src>
    <src id="15">
      <dst id="12">1921.2711</dst>
      <dst id="13">385.4578</dst>
      <dst id="23">26.7733</dst>
      <dst id="8">49.6444</dst>
      <dst id="18">1.0667</dst>
      <dst id="4">1363.4044</dst>
      <dst id="1">898.4178</dst>
      <dst id="5">26.2133</dst>
      <dst id="3">9.9022</dst>
      <dst id="7">79.9644</dst>
      <dst id="2">800.0444</dst>
      <dst id="11">168.8711</dst>
      <dst id="9">581.6800</dst>
      <dst id="17">628.0444</dst>
      <dst id="21">214.9067</dst>
    </src>
  </IntraTM>
</TrafficMatrixFile>
