<?xml version="1.0" encoding="UTF-8" standalone="yes"?>
<TrafficMatrixFile xmlns:xsi="http://www.w3.org/2001/XMLSchema-instance" xsi:noNamespaceSchemaLocation="http://totem.run.montefiore.ulg.ac.be/Schema/TrafficMatrix-v1_2.xsd">
  <info>
    <title>Intradomain traffic matrix generated by geant-TM-all.pl</title>
    <date>2005-01-06T04:30:00</date>
    <duration>900</duration>
    <author>Steve Uhlig</author>
    <units>
        <unit type="bandwidth" value="kbps"/>
    </units>
  </info>
  <IntraTM ASID="20965">
    <src id="12">
      <dst id="12">297875.3778</dst>
      <dst id="13">64133.6978</dst>
      <dst id="19">5091.2444</dst>
      <dst id="23">247.5378</dst>
      <dst id="8">2446.3644</dst>
      <dst id="18">6230.5778</dst>
      <dst id="4">125700.6489</dst>
      <dst id="1">19002.3644</dst>
      <dst id="5">108083.8844</dst>
      <dst id="3">14356.9333</dst>
      <dst id="22">25564.5600</dst>
      <dst id="7">5549.6089</dst>
      <dst id="2">106706.9689</dst>
      <dst id="6">6.7467</dst>
      <dst id="16">18375.9911</dst>
      <dst id="14">897.8933</dst>
      <dst id="20">17173.0400</dst>
      <dst id="11">6165.8578</dst>
      <dst id="9">14820.0978</dst>
      <dst id="17">92899.2356</dst>
      <dst id="21">10249.3067</dst>
      <dst id="15">1340.7111</dst>
    </src>
    <src id="13">
      <dst id="12">108508.5511</dst>
      <dst id="19">9962.7822</dst>
      <dst id="23">1856.1511</dst>
      <dst id="8">7296.2311</dst>
      <dst id="18">7407.6889</dst>
      <dst id="4">5.8222</dst>
      <dst id="1">6057.3689</dst>
      <dst id="5">49004.7200</dst>
      <dst id="3">10801.5822</dst>
      <dst id="22">27982.1600</dst>
      <dst id="7">20712.2756</dst>
      <dst id="2">161361.1556</dst>
      <dst id="6">70.3289</dst>
      <dst id="16">13742.6667</dst>
      <dst id="14">5866.6667</dst>
      <dst id="20">13784.1244</dst>
      <dst id="11">15288.5156</dst>
      <dst id="9">24210.5778</dst>
      <dst id="17">207162.1333</dst>
      <dst id="21">32873.9911</dst>
      <dst id="15">3736.4089</dst>
    </src>
    <src id="19">
      <dst id="12">18237.6622</dst>
      <dst id="13">2141.5467</dst>
      <dst id="23">43.6622</dst>
      <dst id="8">15.7422</dst>
      <dst id="18">12.7289</dst>
      <dst id="4">20347.3778</dst>
      <dst id="1">552.3644</dst>
      <dst id="5">165.0667</dst>
      <dst id="3">12.6222</dst>
      <dst id="22">1080.8533</dst>
      <dst id="7">4723.9111</dst>
      <dst id="2">1001.8933</dst>
      <dst id="6">194.2133</dst>
      <dst id="16">4058.0000</dst>
      <dst id="20">1270.4000</dst>
      <dst id="11">261.4311</dst>
      <dst id="9">6687.4311</dst>
      <dst id="17">15876.9067</dst>
      <dst id="21">2637.3511</dst>
      <dst id="15">1814.7556</dst>
    </src>
    <src id="23">
      <dst id="12">872.4533</dst>
      <dst id="13">1059.3422</dst>
      <dst id="19">66.0978</dst>
      <dst id="8">16.1778</dst>
      <dst id="18">57.1200</dst>
      <dst id="4">147.0222</dst>
      <dst id="1">42.2933</dst>
      <dst id="5">26.7022</dst>
      <dst id="3">245.2356</dst>
      <dst id="22">222.0978</dst>
      <dst id="7">87.4933</dst>
      <dst id="2">42.1156</dst>
      <dst id="16">1578.1778</dst>
      <dst id="14">19.4844</dst>
      <dst id="20">94.9689</dst>
      <dst id="11">2.2578</dst>
      <dst id="9">489.8667</dst>
      <dst id="17">1129.9733</dst>
      <dst id="21">647.9556</dst>
      <dst id="15">0.9244</dst>
    </src>
    <src id="8">
      <dst id="12">359982.2311</dst>
      <dst id="13">586.6133</dst>
      <dst id="19">65.5022</dst>
      <dst id="18">1434.1867</dst>
      <dst id="4">13967.2800</dst>
      <dst id="1">768.8000</dst>
      <dst id="5">2267.6711</dst>
      <dst id="22">414.8622</dst>
      <dst id="7">174.3556</dst>
      <dst id="2">145369.5378</dst>
      <dst id="6">0.7111</dst>
      <dst id="16">820.5867</dst>
      <dst id="20">1480.0533</dst>
      <dst id="11">2547.9467</dst>
      <dst id="9">1118.7644</dst>
      <dst id="17">134996.3822</dst>
      <dst id="21">1366.8533</dst>
      <dst id="15">594.3111</dst>
    </src>
    <src id="18">
      <dst id="12">120695.8667</dst>
      <dst id="13">924.2133</dst>
      <dst id="19">105.9467</dst>
      <dst id="23">22.7467</dst>
      <dst id="8">79.7156</dst>
      <dst id="4">2322.4711</dst>
      <dst id="1">801.8133</dst>
      <dst id="5">182.2222</dst>
      <dst id="3">59.7511</dst>
      <dst id="22">182.3378</dst>
      <dst id="7">153.3689</dst>
      <dst id="2">40211.4756</dst>
      <dst id="16">91.7511</dst>
      <dst id="14">1.0933</dst>
      <dst id="20">115.9644</dst>
      <dst id="11">865.9644</dst>
      <dst id="9">132.9511</dst>
      <dst id="17">43056.5422</dst>
      <dst id="21">1607.2267</dst>
      <dst id="15">1.3511</dst>
    </src>
    <src id="4">
      <dst id="12">21986.3644</dst>
      <dst id="19">7178.6578</dst>
      <dst id="8">8878.4533</dst>
      <dst id="18">1722.4622</dst>
      <dst id="4">6.1511</dst>
      <dst id="1">33927.4667</dst>
      <dst id="5">2857.3689</dst>
      <dst id="3">166.5067</dst>
      <dst id="22">5561.1378</dst>
      <dst id="7">31199.7867</dst>
      <dst id="2">90078.1244</dst>
      <dst id="6">35.4756</dst>
      <dst id="16">2890.5689</dst>
      <dst id="14">1382.5867</dst>
      <dst id="20">1950.3022</dst>
      <dst id="11">3282.6044</dst>
      <dst id="9">6784.9600</dst>
      <dst id="17">30731.8400</dst>
      <dst id="21">8580.3911</dst>
      <dst id="15">561.4933</dst>
    </src>
    <src id="1">
      <dst id="12">17332.2489</dst>
      <dst id="13">20310.8533</dst>
      <dst id="19">878.8089</dst>
      <dst id="23">123.1733</dst>
      <dst id="8">166210.4000</dst>
      <dst id="18">16442.1689</dst>
      <dst id="4">16036.4622</dst>
      <dst id="1">19708.2222</dst>
      <dst id="5">290463.9378</dst>
      <dst id="3">197.2978</dst>
      <dst id="22">6044.1333</dst>
      <dst id="7">14991.6978</dst>
      <dst id="2">29526.5600</dst>
      <dst id="6">12929.0133</dst>
      <dst id="16">7181.1111</dst>
      <dst id="14">713.8756</dst>
      <dst id="20">16076.4800</dst>
      <dst id="11">6850.1778</dst>
      <dst id="9">272095.1733</dst>
      <dst id="17">23467.7156</dst>
      <dst id="21">4202.8711</dst>
      <dst id="15">149.4044</dst>
    </src>
    <src id="5">
      <dst id="12">404180.3556</dst>
      <dst id="13">7497.6711</dst>
      <dst id="19">700.9867</dst>
      <dst id="23">32.9600</dst>
      <dst id="8">1624.5422</dst>
      <dst id="18">456.7111</dst>
      <dst id="4">9316.8622</dst>
      <dst id="1">924.4267</dst>
      <dst id="3">245.9111</dst>
      <dst id="22">7569.2267</dst>
      <dst id="7">168.2222</dst>
      <dst id="2">178568.1867</dst>
      <dst id="6">0.3556</dst>
      <dst id="16">2735.2622</dst>
      <dst id="14">2.2044</dst>
      <dst id="20">2230.3733</dst>
      <dst id="11">1115.8756</dst>
      <dst id="9">1279.7422</dst>
      <dst id="17">157222.7467</dst>
      <dst id="21">442.5244</dst>
      <dst id="15">1022.0356</dst>
    </src>
    <src id="3">
      <dst id="12">10964.8444</dst>
      <dst id="13">3311.0844</dst>
      <dst id="19">1709.2267</dst>
      <dst id="23">10548.0356</dst>
      <dst id="8">489.8756</dst>
      <dst id="18">117682.2400</dst>
      <dst id="4">51198.7733</dst>
      <dst id="1">2901.2533</dst>
      <dst id="5">619.0844</dst>
      <dst id="3">15146.1333</dst>
      <dst id="22">794.3822</dst>
      <dst id="7">33497.2178</dst>
      <dst id="2">6469.8222</dst>
      <dst id="6">0.8711</dst>
      <dst id="16">1428.0711</dst>
      <dst id="14">43196.6489</dst>
      <dst id="20">544.8444</dst>
      <dst id="11">223524.0000</dst>
      <dst id="9">454.9956</dst>
      <dst id="17">35258.8533</dst>
      <dst id="21">14191.7156</dst>
      <dst id="15">197.6533</dst>
    </src>
    <src id="10">
      <dst id="12">16524.6933</dst>
      <dst id="19">3449.2889</dst>
      <dst id="8">3275.6533</dst>
      <dst id="18">5252.5511</dst>
      <dst id="1">1811.2978</dst>
      <dst id="5">1095.7333</dst>
      <dst id="3">4008.0267</dst>
      <dst id="22">5198.3200</dst>
      <dst id="7">11162.8089</dst>
      <dst id="2">46609.1289</dst>
      <dst id="6">12.9333</dst>
      <dst id="16">6373.9289</dst>
      <dst id="14">849.4489</dst>
      <dst id="20">1809.9467</dst>
      <dst id="11">4106.7200</dst>
      <dst id="9">5207.7867</dst>
      <dst id="17">19643.1911</dst>
      <dst id="21">15355.5200</dst>
      <dst id="15">110.4178</dst>
    </src>
    <src id="22">
      <dst id="12">9343.0933</dst>
      <dst id="13">6509.8933</dst>
      <dst id="19">142.0978</dst>
      <dst id="23">104.3911</dst>
      <dst id="8">3668.3644</dst>
      <dst id="18">552.7822</dst>
      <dst id="4">23662.7911</dst>
      <dst id="1">3184.7467</dst>
      <dst id="5">5547.5111</dst>
      <dst id="3">804.6222</dst>
      <dst id="7">1202.6222</dst>
      <dst id="2">4994.3022</dst>
      <dst id="6">1.2800</dst>
      <dst id="16">0.4089</dst>
      <dst id="14">135.9022</dst>
      <dst id="11">5438.3111</dst>
      <dst id="9">4003.4667</dst>
      <dst id="17">5525.5644</dst>
      <dst id="21">3526.9244</dst>
    </src>
    <src id="7">
      <dst id="12">4033.0667</dst>
      <dst id="13">1173.9644</dst>
      <dst id="19">1586.0444</dst>
      <dst id="23">108.0000</dst>
      <dst id="8">1636.3378</dst>
      <dst id="18">4403.9733</dst>
      <dst id="4">25026.1244</dst>
      <dst id="1">8375.7067</dst>
      <dst id="5">1112.1600</dst>
      <dst id="3">2610.9778</dst>
      <dst id="22">6424.7022</dst>
      <dst id="7">680.8178</dst>
      <dst id="2">10792.9333</dst>
      <dst id="6">60.3733</dst>
      <dst id="16">6621.7956</dst>
      <dst id="14">33.6889</dst>
      <dst id="20">1954.6400</dst>
      <dst id="11">719.5378</dst>
      <dst id="9">1841.8400</dst>
      <dst id="17">8945.8756</dst>
      <dst id="21">4794.4889</dst>
      <dst id="15">1043.1733</dst>
    </src>
    <src id="2">
      <dst id="12">121473.7689</dst>
      <dst id="13">527442.3644</dst>
      <dst id="19">1359.5733</dst>
      <dst id="23">5.6178</dst>
      <dst id="8">3457.7422</dst>
      <dst id="18">107980.4000</dst>
      <dst id="4">147490.5778</dst>
      <dst id="1">9725.5378</dst>
      <dst id="5">2079.2444</dst>
      <dst id="3">539.8044</dst>
      <dst id="22">3777.7956</dst>
      <dst id="7">19525.2711</dst>
      <dst id="2">1212.0800</dst>
      <dst id="6">9394.4089</dst>
      <dst id="16">2689.0489</dst>
      <dst id="14">4823.1822</dst>
      <dst id="20">8098.4889</dst>
      <dst id="11">3052.2756</dst>
      <dst id="9">3389.7333</dst>
      <dst id="17">36041.2267</dst>
      <dst id="21">3197.3600</dst>
      <dst id="15">2079.7156</dst>
    </src>
    <src id="6">
      <dst id="12">13044.1778</dst>
      <dst id="13">1.5022</dst>
      <dst id="19">15.9644</dst>
      <dst id="8">10.0000</dst>
      <dst id="4">58.9067</dst>
      <dst id="1">81.2178</dst>
      <dst id="5">13.3333</dst>
      <dst id="7">25.9556</dst>
      <dst id="2">2466.9422</dst>
      <dst id="20">5.2711</dst>
      <dst id="11">14.6133</dst>
      <dst id="9">57.3333</dst>
      <dst id="17">2048.3467</dst>
      <dst id="21">15.3689</dst>
    </src>
    <src id="16">
      <dst id="12">4815.0133</dst>
      <dst id="13">1015.0933</dst>
      <dst id="19">3865.8133</dst>
      <dst id="23">441.4933</dst>
      <dst id="8">9229.3156</dst>
      <dst id="18">10.8267</dst>
      <dst id="4">9504.5333</dst>
      <dst id="1">14273.2711</dst>
      <dst id="5">5922.4978</dst>
      <dst id="3">333.2978</dst>
      <dst id="7">6738.6222</dst>
      <dst id="2">991.5822</dst>
      <dst id="6">0.6578</dst>
      <dst id="16">76.8889</dst>
      <dst id="14">247.6089</dst>
      <dst id="11">325.4044</dst>
      <dst id="9">13657.1289</dst>
      <dst id="17">4468.7022</dst>
      <dst id="21">474.8000</dst>
    </src>
    <src id="14">
      <dst id="12">23341.2978</dst>
      <dst id="13">124.1511</dst>
      <dst id="19">5.3778</dst>
      <dst id="23">0.3556</dst>
      <dst id="8">0.5333</dst>
      <dst id="18">15.9378</dst>
      <dst id="4">4017.8311</dst>
      <dst id="1">352.0178</dst>
      <dst id="5">2.4444</dst>
      <dst id="3">75.2533</dst>
      <dst id="22">6.5689</dst>
      <dst id="7">65.3156</dst>
      <dst id="2">6587.1733</dst>
      <dst id="16">17.7333</dst>
      <dst id="20">28.8356</dst>
      <dst id="11">49.2800</dst>
      <dst id="9">1.6000</dst>
      <dst id="17">11457.7244</dst>
      <dst id="21">53.2000</dst>
    </src>
    <src id="20">
      <dst id="12">4254.8533</dst>
      <dst id="13">3329.5022</dst>
      <dst id="19">3006.9778</dst>
      <dst id="23">16.6844</dst>
      <dst id="8">307.9911</dst>
      <dst id="18">5.6178</dst>
      <dst id="4">12998.7378</dst>
      <dst id="1">2750.9244</dst>
      <dst id="5">6983.1022</dst>
      <dst id="3">1120.5600</dst>
      <dst id="7">1222.2933</dst>
      <dst id="2">4813.8756</dst>
      <dst id="6">0.3644</dst>
      <dst id="16">13.3333</dst>
      <dst id="14">4.9689</dst>
      <dst id="11">1471.4844</dst>
      <dst id="9">2417.7422</dst>
      <dst id="17">4998.2400</dst>
      <dst id="21">1579.7689</dst>
    </src>
    <src id="11">
      <dst id="12">460490.6222</dst>
      <dst id="13">2392.2133</dst>
      <dst id="19">1324.4800</dst>
      <dst id="23">2.0444</dst>
      <dst id="8">621.9911</dst>
      <dst id="18">553.1733</dst>
      <dst id="4">14814.9156</dst>
      <dst id="1">1012.5511</dst>
      <dst id="5">1494.0267</dst>
      <dst id="3">1232.6044</dst>
      <dst id="22">2774.4800</dst>
      <dst id="7">1907.7067</dst>
      <dst id="2">190113.6178</dst>
      <dst id="6">612.6044</dst>
      <dst id="16">911.9289</dst>
      <dst id="14">99.0222</dst>
      <dst id="20">2474.3644</dst>
      <dst id="11">3416.9956</dst>
      <dst id="9">3034.3556</dst>
      <dst id="17">217875.2711</dst>
      <dst id="21">1196.2667</dst>
      <dst id="15">166.7644</dst>
    </src>
    <src id="9">
      <dst id="12">534039.8756</dst>
      <dst id="13">5877.7422</dst>
      <dst id="19">394.9067</dst>
      <dst id="23">9.1022</dst>
      <dst id="8">731.2978</dst>
      <dst id="18">447.2800</dst>
      <dst id="4">18010.1244</dst>
      <dst id="1">2537.2978</dst>
      <dst id="5">888.1689</dst>
      <dst id="3">9.7067</dst>
      <dst id="22">2874.8978</dst>
      <dst id="7">429.3333</dst>
      <dst id="2">227610.9867</dst>
      <dst id="6">2.4711</dst>
      <dst id="16">936.1422</dst>
      <dst id="14">87.5022</dst>
      <dst id="20">12357.9733</dst>
      <dst id="11">1311.6978</dst>
      <dst id="9">821.0667</dst>
      <dst id="17">192960.2311</dst>
      <dst id="21">893.2978</dst>
      <dst id="15">1967.4489</dst>
    </src>
    <src id="17">
      <dst id="12">12356.1778</dst>
      <dst id="13">7189.7778</dst>
      <dst id="19">743.5644</dst>
      <dst id="23">639.7600</dst>
      <dst id="8">189508.0978</dst>
      <dst id="18">2718.7200</dst>
      <dst id="4">114617.7778</dst>
      <dst id="1">3714.6756</dst>
      <dst id="5">276480.7556</dst>
      <dst id="3">8028.8800</dst>
      <dst id="22">7228.3467</dst>
      <dst id="7">2709.8400</dst>
      <dst id="2">33171.8578</dst>
      <dst id="6">116.0978</dst>
      <dst id="16">5143.6978</dst>
      <dst id="14">33738.1422</dst>
      <dst id="20">9044.9333</dst>
      <dst id="11">173955.4844</dst>
      <dst id="9">292126.8978</dst>
      <dst id="17">2121.1733</dst>
      <dst id="21">15291.2533</dst>
      <dst id="15">891.4578</dst>
    </src>
    <src id="21">
      <dst id="12">21566.0711</dst>
      <dst id="13">2236.0000</dst>
      <dst id="19">801.3244</dst>
      <dst id="23">106.7733</dst>
      <dst id="8">241.6089</dst>
      <dst id="18">12996.6311</dst>
      <dst id="4">26057.1467</dst>
      <dst id="1">4129.5556</dst>
      <dst id="5">551.1556</dst>
      <dst id="3">22572.6578</dst>
      <dst id="22">1650.9067</dst>
      <dst id="7">3622.8178</dst>
      <dst id="2">25988.9600</dst>
      <dst id="6">1.3778</dst>
      <dst id="16">2397.2356</dst>
      <dst id="14">159.0222</dst>
      <dst id="20">1470.9600</dst>
      <dst id="11">3175.7333</dst>
      <dst id="9">671.7067</dst>
      <dst id="17">6741.5022</dst>
      <dst id="21">4458.1244</dst>
      <dst id="15">568.6311</dst>
    </src>
    <src id="15">
      <dst id="12">664.1956</dst>
      <dst id="13">671.7956</dst>
      <dst id="19">84.9956</dst>
      <dst id="23">53.7244</dst>
      <dst id="8">463.6444</dst>
      <dst id="18">5.1911</dst>
      <dst id="4">1805.5111</dst>
      <dst id="1">4121.3156</dst>
      <dst id="5">1050.1422</dst>
      <dst id="7">58.3911</dst>
      <dst id="2">116.5956</dst>
      <dst id="14">0.4267</dst>
      <dst id="11">50.3200</dst>
      <dst id="9">1794.1156</dst>
      <dst id="17">12464.4000</dst>
      <dst id="21">42.5511</dst>
    </src>
  </IntraTM>
</TrafficMatrixFile>
