<?xml version="1.0" encoding="UTF-8" standalone="yes"?>
<TrafficMatrixFile xmlns:xsi="http://www.w3.org/2001/XMLSchema-instance" xsi:noNamespaceSchemaLocation="http://totem.run.montefiore.ulg.ac.be/Schema/TrafficMatrix-v1_2.xsd">
  <info>
    <title>Intradomain traffic matrix generated by geant-TM-all.pl</title>
    <date>2005-01-05T21:30:00</date>
    <duration>900</duration>
    <author>Steve Uhlig</author>
    <units>
        <unit type="bandwidth" value="kbps"/>
    </units>
  </info>
  <IntraTM ASID="20965">
    <src id="12">
      <dst id="12">341208.6489</dst>
      <dst id="13">39420.8089</dst>
      <dst id="19">10786.4089</dst>
      <dst id="23">2996.4444</dst>
      <dst id="8">11013.9556</dst>
      <dst id="18">17670.4800</dst>
      <dst id="4">83784.6578</dst>
      <dst id="1">11032.6933</dst>
      <dst id="5">6929.9822</dst>
      <dst id="3">16514.2133</dst>
      <dst id="22">24373.6089</dst>
      <dst id="7">16802.6311</dst>
      <dst id="2">150128.5600</dst>
      <dst id="6">78.4533</dst>
      <dst id="16">15413.2800</dst>
      <dst id="14">2984.3556</dst>
      <dst id="20">19146.1867</dst>
      <dst id="11">8408.5600</dst>
      <dst id="9">22192.4000</dst>
      <dst id="17">136396.2756</dst>
      <dst id="21">13310.7378</dst>
      <dst id="15">13137.0400</dst>
    </src>
    <src id="13">
      <dst id="12">86514.9156</dst>
      <dst id="19">18340.4711</dst>
      <dst id="23">2329.6889</dst>
      <dst id="8">21734.3733</dst>
      <dst id="18">11789.0044</dst>
      <dst id="1">12566.0444</dst>
      <dst id="5">12064.6578</dst>
      <dst id="3">38031.4667</dst>
      <dst id="22">35211.3600</dst>
      <dst id="7">35842.7111</dst>
      <dst id="2">118564.0533</dst>
      <dst id="6">398.9778</dst>
      <dst id="16">14897.7600</dst>
      <dst id="14">6691.9556</dst>
      <dst id="20">27564.9422</dst>
      <dst id="11">25546.3644</dst>
      <dst id="9">35536.1333</dst>
      <dst id="17">144974.9244</dst>
      <dst id="21">48129.1644</dst>
      <dst id="15">12104.2667</dst>
    </src>
    <src id="19">
      <dst id="12">15608.8178</dst>
      <dst id="13">3404.5778</dst>
      <dst id="23">126.7200</dst>
      <dst id="8">106.4978</dst>
      <dst id="18">1295.8133</dst>
      <dst id="4">18086.3289</dst>
      <dst id="1">2440.7200</dst>
      <dst id="5">263.7156</dst>
      <dst id="3">51.9022</dst>
      <dst id="22">1427.1111</dst>
      <dst id="7">6492.1600</dst>
      <dst id="2">3469.3956</dst>
      <dst id="6">681.6800</dst>
      <dst id="16">5825.4133</dst>
      <dst id="14">0.7111</dst>
      <dst id="20">161.7244</dst>
      <dst id="11">792.2667</dst>
      <dst id="9">959.0489</dst>
      <dst id="17">22425.1822</dst>
      <dst id="21">8302.2311</dst>
      <dst id="15">56.1244</dst>
    </src>
    <src id="23">
      <dst id="12">1971.0578</dst>
      <dst id="13">622.7111</dst>
      <dst id="19">59.7689</dst>
      <dst id="8">80.3556</dst>
      <dst id="18">54.6933</dst>
      <dst id="4">32.4978</dst>
      <dst id="1">81.1467</dst>
      <dst id="5">253.1911</dst>
      <dst id="3">689.6178</dst>
      <dst id="22">343.8400</dst>
      <dst id="7">4951.2978</dst>
      <dst id="2">312.8000</dst>
      <dst id="6">7.2800</dst>
      <dst id="16">87.8667</dst>
      <dst id="14">39.1200</dst>
      <dst id="20">391.5378</dst>
      <dst id="11">143.5289</dst>
      <dst id="9">3087.7689</dst>
      <dst id="17">2474.2044</dst>
      <dst id="21">545.8578</dst>
      <dst id="15">202.8978</dst>
    </src>
    <src id="8">
      <dst id="12">347425.6178</dst>
      <dst id="13">4559.6178</dst>
      <dst id="19">142.2844</dst>
      <dst id="23">15.6089</dst>
      <dst id="18">419.9733</dst>
      <dst id="4">5902.3378</dst>
      <dst id="1">1362.9333</dst>
      <dst id="5">6949.3156</dst>
      <dst id="3">145.6000</dst>
      <dst id="22">2710.4000</dst>
      <dst id="7">117.3689</dst>
      <dst id="2">140929.8222</dst>
      <dst id="6">0.4178</dst>
      <dst id="16">824.3733</dst>
      <dst id="14">1.5289</dst>
      <dst id="20">241.0844</dst>
      <dst id="11">2098.4622</dst>
      <dst id="9">3854.4089</dst>
      <dst id="17">147996.0089</dst>
      <dst id="21">1967.0933</dst>
      <dst id="15">150.4533</dst>
    </src>
    <src id="18">
      <dst id="12">123405.6444</dst>
      <dst id="13">603.8933</dst>
      <dst id="19">144.2667</dst>
      <dst id="23">11.0489</dst>
      <dst id="8">186.7467</dst>
      <dst id="4">2328.5956</dst>
      <dst id="1">1319.0400</dst>
      <dst id="5">146.3111</dst>
      <dst id="3">317.6622</dst>
      <dst id="22">632.5067</dst>
      <dst id="7">702.9689</dst>
      <dst id="2">40989.5733</dst>
      <dst id="16">41.2889</dst>
      <dst id="14">12.2933</dst>
      <dst id="20">94.0444</dst>
      <dst id="11">1448.3733</dst>
      <dst id="9">72.7022</dst>
      <dst id="17">47504.0178</dst>
      <dst id="21">1744.9689</dst>
      <dst id="15">74.2756</dst>
    </src>
    <src id="4">
      <dst id="12">23047.2356</dst>
      <dst id="19">26675.0578</dst>
      <dst id="8">4600.8800</dst>
      <dst id="18">1907.4844</dst>
      <dst id="4">2.5333</dst>
      <dst id="1">36142.7200</dst>
      <dst id="5">4025.0578</dst>
      <dst id="3">735.6889</dst>
      <dst id="22">5754.0889</dst>
      <dst id="7">45098.1867</dst>
      <dst id="2">85270.0000</dst>
      <dst id="6">67.1644</dst>
      <dst id="16">5752.9333</dst>
      <dst id="14">1628.6667</dst>
      <dst id="20">3381.5556</dst>
      <dst id="11">6209.1289</dst>
      <dst id="9">7576.5156</dst>
      <dst id="17">57920.9778</dst>
      <dst id="21">16723.1822</dst>
      <dst id="15">1731.6622</dst>
    </src>
    <src id="1">
      <dst id="12">19140.3022</dst>
      <dst id="13">13636.0267</dst>
      <dst id="19">3774.0622</dst>
      <dst id="23">259.2533</dst>
      <dst id="8">238435.7244</dst>
      <dst id="18">14714.3467</dst>
      <dst id="4">18885.3244</dst>
      <dst id="1">77681.0844</dst>
      <dst id="5">300845.7689</dst>
      <dst id="3">12465.7778</dst>
      <dst id="22">14196.0267</dst>
      <dst id="7">43937.8756</dst>
      <dst id="2">13990.0178</dst>
      <dst id="6">23178.7378</dst>
      <dst id="16">17233.6356</dst>
      <dst id="14">2698.1956</dst>
      <dst id="20">4757.1644</dst>
      <dst id="11">2966.2133</dst>
      <dst id="9">449181.1911</dst>
      <dst id="17">24234.7111</dst>
      <dst id="21">26240.8978</dst>
      <dst id="15">7268.6933</dst>
    </src>
    <src id="5">
      <dst id="12">339594.5689</dst>
      <dst id="13">19099.4756</dst>
      <dst id="19">12090.5067</dst>
      <dst id="23">18.4533</dst>
      <dst id="8">31227.5289</dst>
      <dst id="18">731.2089</dst>
      <dst id="4">10606.1333</dst>
      <dst id="1">7185.5911</dst>
      <dst id="3">13.1822</dst>
      <dst id="22">6702.3289</dst>
      <dst id="7">722.2578</dst>
      <dst id="2">170717.2089</dst>
      <dst id="6">58.0178</dst>
      <dst id="16">2002.9511</dst>
      <dst id="14">3.9644</dst>
      <dst id="20">8118.6489</dst>
      <dst id="11">5989.3600</dst>
      <dst id="9">4579.9111</dst>
      <dst id="17">123918.4089</dst>
      <dst id="21">546.0800</dst>
      <dst id="15">442.0889</dst>
    </src>
    <src id="3">
      <dst id="12">16623.5733</dst>
      <dst id="13">10478.5511</dst>
      <dst id="19">1728.6044</dst>
      <dst id="23">5241.4133</dst>
      <dst id="8">172.6933</dst>
      <dst id="18">197106.3822</dst>
      <dst id="4">52742.9067</dst>
      <dst id="1">11188.7022</dst>
      <dst id="5">2753.9644</dst>
      <dst id="3">20363.2978</dst>
      <dst id="22">3393.4400</dst>
      <dst id="7">20231.7867</dst>
      <dst id="2">22712.1244</dst>
      <dst id="6">45.7956</dst>
      <dst id="16">1815.3867</dst>
      <dst id="14">63372.3200</dst>
      <dst id="20">7940.0978</dst>
      <dst id="11">373826.5422</dst>
      <dst id="9">983.7422</dst>
      <dst id="17">20427.9022</dst>
      <dst id="21">23286.9333</dst>
      <dst id="15">1590.5689</dst>
    </src>
    <src id="10">
      <dst id="12">29740.4000</dst>
      <dst id="19">8760.4267</dst>
      <dst id="8">5672.2133</dst>
      <dst id="18">2574.6222</dst>
      <dst id="1">3280.5867</dst>
      <dst id="5">2132.9867</dst>
      <dst id="3">17171.6622</dst>
      <dst id="22">5385.7867</dst>
      <dst id="7">16965.6178</dst>
      <dst id="2">59968.5689</dst>
      <dst id="6">50.7467</dst>
      <dst id="16">6775.4756</dst>
      <dst id="14">2635.5911</dst>
      <dst id="20">4383.5822</dst>
      <dst id="11">11359.9200</dst>
      <dst id="9">8322.7378</dst>
      <dst id="17">44928.6133</dst>
      <dst id="21">13959.5733</dst>
      <dst id="15">1278.9067</dst>
    </src>
    <src id="22">
      <dst id="12">19797.0133</dst>
      <dst id="13">2715.2444</dst>
      <dst id="19">815.8756</dst>
      <dst id="23">314.1156</dst>
      <dst id="8">2760.0533</dst>
      <dst id="18">929.5022</dst>
      <dst id="4">20900.0533</dst>
      <dst id="1">3306.7378</dst>
      <dst id="5">8597.4044</dst>
      <dst id="3">2426.5067</dst>
      <dst id="7">2748.7200</dst>
      <dst id="2">7797.4578</dst>
      <dst id="6">2.1600</dst>
      <dst id="16">0.7644</dst>
      <dst id="14">164.5422</dst>
      <dst id="11">3031.1556</dst>
      <dst id="9">2687.9911</dst>
      <dst id="17">16909.5733</dst>
      <dst id="21">1264.0444</dst>
    </src>
    <src id="7">
      <dst id="12">7792.5600</dst>
      <dst id="13">2240.9156</dst>
      <dst id="19">3350.0444</dst>
      <dst id="23">500.9778</dst>
      <dst id="8">377.8400</dst>
      <dst id="18">956.8800</dst>
      <dst id="4">52866.0444</dst>
      <dst id="1">12983.6711</dst>
      <dst id="5">1381.8222</dst>
      <dst id="3">2605.1467</dst>
      <dst id="22">5555.9289</dst>
      <dst id="7">672.2133</dst>
      <dst id="2">9147.2711</dst>
      <dst id="6">101.1733</dst>
      <dst id="16">3464.4356</dst>
      <dst id="14">232.4711</dst>
      <dst id="20">2269.2889</dst>
      <dst id="11">3370.1511</dst>
      <dst id="9">1339.5289</dst>
      <dst id="17">32191.1200</dst>
      <dst id="21">8168.8800</dst>
      <dst id="15">573.2533</dst>
    </src>
    <src id="2">
      <dst id="12">168811.8311</dst>
      <dst id="13">560159.5556</dst>
      <dst id="19">1872.7822</dst>
      <dst id="23">49.3778</dst>
      <dst id="8">3976.7822</dst>
      <dst id="18">155947.2533</dst>
      <dst id="4">84821.0400</dst>
      <dst id="1">23403.1022</dst>
      <dst id="5">1510.9156</dst>
      <dst id="3">683.2444</dst>
      <dst id="22">2090.8711</dst>
      <dst id="7">13077.2622</dst>
      <dst id="2">1369.6178</dst>
      <dst id="6">14761.9200</dst>
      <dst id="16">1382.4533</dst>
      <dst id="14">4835.9911</dst>
      <dst id="20">2336.1244</dst>
      <dst id="11">13140.1689</dst>
      <dst id="9">13877.7333</dst>
      <dst id="17">35145.3244</dst>
      <dst id="21">13645.1556</dst>
      <dst id="15">296.1511</dst>
    </src>
    <src id="6">
      <dst id="12">12659.0933</dst>
      <dst id="13">74.8889</dst>
      <dst id="19">43.0133</dst>
      <dst id="23">45.8667</dst>
      <dst id="18">1.1644</dst>
      <dst id="4">1464.8622</dst>
      <dst id="1">229.5822</dst>
      <dst id="5">48.2044</dst>
      <dst id="3">62.2311</dst>
      <dst id="22">0.7289</dst>
      <dst id="7">180.9511</dst>
      <dst id="2">3075.3778</dst>
      <dst id="16">26.7111</dst>
      <dst id="20">12.9422</dst>
      <dst id="11">173.8933</dst>
      <dst id="9">60.4978</dst>
      <dst id="17">1843.3956</dst>
      <dst id="21">50.9511</dst>
    </src>
    <src id="16">
      <dst id="12">3483.0578</dst>
      <dst id="13">992.1600</dst>
      <dst id="19">4860.3022</dst>
      <dst id="23">113.0400</dst>
      <dst id="8">6152.1333</dst>
      <dst id="18">278.5956</dst>
      <dst id="4">6799.9467</dst>
      <dst id="1">23559.9022</dst>
      <dst id="5">10695.0578</dst>
      <dst id="3">73.5822</dst>
      <dst id="7">5764.9778</dst>
      <dst id="2">9324.4444</dst>
      <dst id="6">93.2178</dst>
      <dst id="16">64.2578</dst>
      <dst id="14">556.9778</dst>
      <dst id="11">4576.2844</dst>
      <dst id="9">14706.3556</dst>
      <dst id="17">9058.1778</dst>
      <dst id="21">1092.8267</dst>
    </src>
    <src id="14">
      <dst id="12">24620.8533</dst>
      <dst id="13">444.9422</dst>
      <dst id="19">18.9333</dst>
      <dst id="23">0.8356</dst>
      <dst id="8">0.4622</dst>
      <dst id="18">164.4089</dst>
      <dst id="4">2101.3956</dst>
      <dst id="1">867.0222</dst>
      <dst id="5">40.2044</dst>
      <dst id="3">423.0756</dst>
      <dst id="22">36.2756</dst>
      <dst id="7">149.2622</dst>
      <dst id="2">8449.8578</dst>
      <dst id="16">19.4489</dst>
      <dst id="20">47.8400</dst>
      <dst id="11">84.4000</dst>
      <dst id="9">66.7556</dst>
      <dst id="17">6852.0089</dst>
      <dst id="21">241.7600</dst>
      <dst id="15">37.8667</dst>
    </src>
    <src id="20">
      <dst id="12">13503.8578</dst>
      <dst id="13">14724.8533</dst>
      <dst id="19">824.4622</dst>
      <dst id="23">17.7422</dst>
      <dst id="8">439.1733</dst>
      <dst id="18">137.5467</dst>
      <dst id="4">8118.2489</dst>
      <dst id="1">920.0889</dst>
      <dst id="5">4249.2178</dst>
      <dst id="3">2909.3067</dst>
      <dst id="7">8919.6444</dst>
      <dst id="2">7734.2933</dst>
      <dst id="6">1.1556</dst>
      <dst id="14">295.0933</dst>
      <dst id="11">2279.4578</dst>
      <dst id="9">7167.0578</dst>
      <dst id="17">4748.3644</dst>
      <dst id="21">711.6889</dst>
    </src>
    <src id="11">
      <dst id="12">480245.8489</dst>
      <dst id="13">5618.1067</dst>
      <dst id="19">209.1022</dst>
      <dst id="23">23.7867</dst>
      <dst id="8">1665.4667</dst>
      <dst id="18">1125.1733</dst>
      <dst id="4">12658.5778</dst>
      <dst id="1">2140.5156</dst>
      <dst id="5">1983.9289</dst>
      <dst id="3">8012.9333</dst>
      <dst id="22">4188.3111</dst>
      <dst id="7">4296.4800</dst>
      <dst id="2">193625.0844</dst>
      <dst id="6">586.4711</dst>
      <dst id="16">462.3733</dst>
      <dst id="14">1065.9733</dst>
      <dst id="20">1638.3289</dst>
      <dst id="11">4603.9733</dst>
      <dst id="9">1399.1378</dst>
      <dst id="17">194205.5022</dst>
      <dst id="21">942.0178</dst>
      <dst id="15">296.2667</dst>
    </src>
    <src id="9">
      <dst id="12">481765.2356</dst>
      <dst id="13">5436.9778</dst>
      <dst id="19">652.0889</dst>
      <dst id="23">100.2400</dst>
      <dst id="8">8554.2400</dst>
      <dst id="18">371.2444</dst>
      <dst id="4">10871.3778</dst>
      <dst id="1">4232.4267</dst>
      <dst id="5">7870.9600</dst>
      <dst id="3">107.2356</dst>
      <dst id="22">4727.4044</dst>
      <dst id="7">1607.7067</dst>
      <dst id="2">202885.5911</dst>
      <dst id="6">13.5467</dst>
      <dst id="16">1653.7778</dst>
      <dst id="14">6.0800</dst>
      <dst id="20">14948.8356</dst>
      <dst id="11">2493.3956</dst>
      <dst id="9">1781.0133</dst>
      <dst id="17">216979.5111</dst>
      <dst id="21">1756.7289</dst>
      <dst id="15">14264.5956</dst>
    </src>
    <src id="17">
      <dst id="12">15362.6400</dst>
      <dst id="13">16556.4889</dst>
      <dst id="19">5643.5378</dst>
      <dst id="23">581.1644</dst>
      <dst id="8">251671.9022</dst>
      <dst id="18">2360.5867</dst>
      <dst id="4">173443.3600</dst>
      <dst id="1">11265.6622</dst>
      <dst id="5">284032.8178</dst>
      <dst id="3">12663.6089</dst>
      <dst id="22">16826.9422</dst>
      <dst id="7">12174.6933</dst>
      <dst id="2">26209.9822</dst>
      <dst id="6">427.8578</dst>
      <dst id="16">19193.0044</dst>
      <dst id="14">53939.9289</dst>
      <dst id="20">9871.3244</dst>
      <dst id="11">279536.4711</dst>
      <dst id="9">385181.8400</dst>
      <dst id="17">2032.7022</dst>
      <dst id="21">38292.6044</dst>
      <dst id="15">1546.0889</dst>
    </src>
    <src id="21">
      <dst id="12">25937.8222</dst>
      <dst id="13">20605.2711</dst>
      <dst id="19">1903.8044</dst>
      <dst id="23">138.1422</dst>
      <dst id="8">475.6978</dst>
      <dst id="18">12449.1378</dst>
      <dst id="4">19220.3644</dst>
      <dst id="1">19211.1289</dst>
      <dst id="5">374.3911</dst>
      <dst id="3">25430.8444</dst>
      <dst id="22">4723.8222</dst>
      <dst id="7">11767.6089</dst>
      <dst id="2">34663.6711</dst>
      <dst id="6">34.3733</dst>
      <dst id="16">2503.4400</dst>
      <dst id="14">109.9822</dst>
      <dst id="20">2505.2356</dst>
      <dst id="11">4713.4933</dst>
      <dst id="9">1294.2222</dst>
      <dst id="17">15421.6178</dst>
      <dst id="21">3351.5467</dst>
      <dst id="15">2001.9911</dst>
    </src>
    <src id="15">
      <dst id="12">7202.5244</dst>
      <dst id="13">303.4844</dst>
      <dst id="19">4521.7778</dst>
      <dst id="23">22.6844</dst>
      <dst id="8">288.1689</dst>
      <dst id="18">47.8578</dst>
      <dst id="4">1862.0444</dst>
      <dst id="1">1925.4489</dst>
      <dst id="5">393.2356</dst>
      <dst id="3">5.2089</dst>
      <dst id="7">4890.9422</dst>
      <dst id="2">579.7867</dst>
      <dst id="11">800.1156</dst>
      <dst id="9">2226.9067</dst>
      <dst id="17">793.3067</dst>
      <dst id="21">200.2489</dst>
    </src>
  </IntraTM>
</TrafficMatrixFile>
