<?xml version="1.0" encoding="UTF-8" standalone="yes"?>
<TrafficMatrixFile xmlns:xsi="http://www.w3.org/2001/XMLSchema-instance" xsi:noNamespaceSchemaLocation="http://totem.run.montefiore.ulg.ac.be/Schema/TrafficMatrix-v1_2.xsd">
  <info>
    <title>Intradomain traffic matrix generated by geant-TM-all.pl</title>
    <date>2005-01-01T06:15:00</date>
    <duration>900</duration>
    <author>Steve Uhlig</author>
    <units>
        <unit type="bandwidth" value="kbps"/>
    </units>
  </info>
  <IntraTM ASID="20965">
    <src id="12">
      <dst id="12">303439.3956</dst>
      <dst id="13">31686.9600</dst>
      <dst id="19">4899.8756</dst>
      <dst id="23">123.7867</dst>
      <dst id="8">4960.8444</dst>
      <dst id="18">918.3733</dst>
      <dst id="4">135640.4000</dst>
      <dst id="1">9399.5467</dst>
      <dst id="5">6956.8356</dst>
      <dst id="3">3655.6622</dst>
      <dst id="22">20625.1822</dst>
      <dst id="7">8042.7911</dst>
      <dst id="2">104530.2844</dst>
      <dst id="6">160.1422</dst>
      <dst id="16">10922.1778</dst>
      <dst id="14">352.1778</dst>
      <dst id="20">18094.8089</dst>
      <dst id="11">5586.2756</dst>
      <dst id="9">8847.5822</dst>
      <dst id="17">76011.1200</dst>
      <dst id="21">11972.3200</dst>
      <dst id="15">4091.2889</dst>
    </src>
    <src id="13">
      <dst id="12">71193.3156</dst>
      <dst id="19">19178.3822</dst>
      <dst id="23">102.4000</dst>
      <dst id="8">3196.6578</dst>
      <dst id="18">12954.7733</dst>
      <dst id="4">0.3556</dst>
      <dst id="1">2840.9156</dst>
      <dst id="5">5975.3511</dst>
      <dst id="3">11489.5467</dst>
      <dst id="22">26849.5556</dst>
      <dst id="7">16258.4622</dst>
      <dst id="2">137855.7156</dst>
      <dst id="6">50.1600</dst>
      <dst id="16">10811.5911</dst>
      <dst id="14">2650.3378</dst>
      <dst id="20">20095.6356</dst>
      <dst id="11">22627.8756</dst>
      <dst id="9">17092.9333</dst>
      <dst id="17">78241.4400</dst>
      <dst id="21">18401.6889</dst>
      <dst id="15">3339.2000</dst>
    </src>
    <src id="19">
      <dst id="12">16221.2978</dst>
      <dst id="13">5122.8178</dst>
      <dst id="23">249.4222</dst>
      <dst id="8">15.3689</dst>
      <dst id="18">22.2044</dst>
      <dst id="4">23440.8533</dst>
      <dst id="1">54.4800</dst>
      <dst id="5">72.3200</dst>
      <dst id="3">408.3200</dst>
      <dst id="22">931.9467</dst>
      <dst id="7">3561.4667</dst>
      <dst id="2">1287.0933</dst>
      <dst id="6">37.4756</dst>
      <dst id="16">7813.0133</dst>
      <dst id="14">37.8667</dst>
      <dst id="20">132.3378</dst>
      <dst id="11">444.4800</dst>
      <dst id="9">4440.7822</dst>
      <dst id="17">721.9467</dst>
      <dst id="21">897.3422</dst>
      <dst id="15">87.6622</dst>
    </src>
    <src id="23">
      <dst id="12">329.3422</dst>
      <dst id="13">400.0178</dst>
      <dst id="19">13.6533</dst>
      <dst id="18">1.6000</dst>
      <dst id="4">0.4622</dst>
      <dst id="1">63.9200</dst>
      <dst id="5">223.5822</dst>
      <dst id="3">33.0844</dst>
      <dst id="22">634.0089</dst>
      <dst id="7">122.9511</dst>
      <dst id="2">27.0400</dst>
      <dst id="16">8.8444</dst>
      <dst id="20">55.8578</dst>
      <dst id="11">81.9022</dst>
      <dst id="9">299.3244</dst>
      <dst id="17">175.9378</dst>
      <dst id="21">610.7467</dst>
    </src>
    <src id="8">
      <dst id="12">357091.9022</dst>
      <dst id="13">2178.1333</dst>
      <dst id="19">175.8222</dst>
      <dst id="23">0.3556</dst>
      <dst id="18">23.2711</dst>
      <dst id="4">7868.1956</dst>
      <dst id="1">1.9289</dst>
      <dst id="5">5860.8978</dst>
      <dst id="3">58.0267</dst>
      <dst id="22">4672.3289</dst>
      <dst id="7">104.4622</dst>
      <dst id="2">144550.9244</dst>
      <dst id="16">508.1778</dst>
      <dst id="20">214.3556</dst>
      <dst id="11">645.5733</dst>
      <dst id="9">5066.0711</dst>
      <dst id="17">73972.4178</dst>
      <dst id="21">325.6356</dst>
      <dst id="15">129.6178</dst>
    </src>
    <src id="18">
      <dst id="12">138375.9378</dst>
      <dst id="13">363.6533</dst>
      <dst id="19">30.3111</dst>
      <dst id="23">1.5644</dst>
      <dst id="8">16.9511</dst>
      <dst id="4">2044.4711</dst>
      <dst id="1">693.7867</dst>
      <dst id="5">750.1511</dst>
      <dst id="3">70.3556</dst>
      <dst id="22">3813.3067</dst>
      <dst id="7">20.4089</dst>
      <dst id="2">42788.8267</dst>
      <dst id="16">76.4622</dst>
      <dst id="14">1.7422</dst>
      <dst id="20">41.3333</dst>
      <dst id="11">307.9022</dst>
      <dst id="9">213.3956</dst>
      <dst id="17">31824.6222</dst>
      <dst id="21">1339.6533</dst>
      <dst id="15">1.2178</dst>
    </src>
    <src id="4">
      <dst id="12">26093.6000</dst>
      <dst id="19">6899.9378</dst>
      <dst id="8">1891.0756</dst>
      <dst id="18">1146.6133</dst>
      <dst id="4">77.6800</dst>
      <dst id="1">1510.4089</dst>
      <dst id="5">2787.9111</dst>
      <dst id="3">10523.4933</dst>
      <dst id="22">7637.5644</dst>
      <dst id="7">31937.8933</dst>
      <dst id="2">60248.9156</dst>
      <dst id="6">1.5467</dst>
      <dst id="16">1664.9244</dst>
      <dst id="14">1474.2844</dst>
      <dst id="20">3557.1022</dst>
      <dst id="11">8327.0667</dst>
      <dst id="9">6515.2267</dst>
      <dst id="17">57821.0400</dst>
      <dst id="21">11814.8711</dst>
      <dst id="15">2148.1600</dst>
    </src>
    <src id="1">
      <dst id="12">18090.6222</dst>
      <dst id="13">433.8044</dst>
      <dst id="19">2586.8711</dst>
      <dst id="23">20.5067</dst>
      <dst id="8">134851.3244</dst>
      <dst id="18">15161.1644</dst>
      <dst id="4">15003.4222</dst>
      <dst id="1">61.7689</dst>
      <dst id="5">238217.4933</dst>
      <dst id="3">42704.0889</dst>
      <dst id="22">3950.8267</dst>
      <dst id="7">12731.5111</dst>
      <dst id="2">2595.8933</dst>
      <dst id="6">6810.0711</dst>
      <dst id="16">11513.6622</dst>
      <dst id="14">112.0267</dst>
      <dst id="20">315.2356</dst>
      <dst id="11">1439.0222</dst>
      <dst id="9">259996.8533</dst>
      <dst id="17">6094.2044</dst>
      <dst id="21">13538.8444</dst>
      <dst id="15">108.0267</dst>
    </src>
    <src id="5">
      <dst id="12">377321.6711</dst>
      <dst id="13">3404.8356</dst>
      <dst id="19">118.1422</dst>
      <dst id="23">6.3733</dst>
      <dst id="8">5963.6622</dst>
      <dst id="18">159.8667</dst>
      <dst id="4">10162.0978</dst>
      <dst id="1">57.8667</dst>
      <dst id="3">647.2000</dst>
      <dst id="22">5386.3111</dst>
      <dst id="7">399.9289</dst>
      <dst id="2">179889.1556</dst>
      <dst id="16">793.5822</dst>
      <dst id="14">129.7422</dst>
      <dst id="20">3479.1022</dst>
      <dst id="11">1013.0311</dst>
      <dst id="9">3952.7822</dst>
      <dst id="17">100266.2311</dst>
      <dst id="21">2094.3911</dst>
      <dst id="15">595.7067</dst>
    </src>
    <src id="3">
      <dst id="12">10257.0222</dst>
      <dst id="13">685.3244</dst>
      <dst id="19">2285.4311</dst>
      <dst id="23">28.6756</dst>
      <dst id="8">273.3244</dst>
      <dst id="18">106593.5022</dst>
      <dst id="4">57268.8178</dst>
      <dst id="1">16503.3244</dst>
      <dst id="5">568.6222</dst>
      <dst id="3">14020.1689</dst>
      <dst id="22">395.4578</dst>
      <dst id="7">1236.9600</dst>
      <dst id="2">4285.3244</dst>
      <dst id="6">0.7111</dst>
      <dst id="16">1540.6578</dst>
      <dst id="14">36276.6756</dst>
      <dst id="20">3262.8000</dst>
      <dst id="11">154482.2311</dst>
      <dst id="9">50.9422</dst>
      <dst id="17">19354.0444</dst>
      <dst id="21">10562.6311</dst>
      <dst id="15">73.6356</dst>
    </src>
    <src id="10">
      <dst id="12">15184.8889</dst>
      <dst id="19">2963.6089</dst>
      <dst id="8">1791.3689</dst>
      <dst id="18">1956.1244</dst>
      <dst id="1">410.8178</dst>
      <dst id="5">1751.8311</dst>
      <dst id="3">2736.0444</dst>
      <dst id="22">7671.4844</dst>
      <dst id="7">11686.0622</dst>
      <dst id="2">32754.0533</dst>
      <dst id="6">0.7111</dst>
      <dst id="16">6351.8489</dst>
      <dst id="14">1778.5956</dst>
      <dst id="20">2227.9378</dst>
      <dst id="11">5544.5067</dst>
      <dst id="9">4691.1733</dst>
      <dst id="17">15875.4044</dst>
      <dst id="21">41908.0356</dst>
      <dst id="15">1031.1911</dst>
    </src>
    <src id="22">
      <dst id="12">8813.4044</dst>
      <dst id="13">3189.1733</dst>
      <dst id="19">50.9244</dst>
      <dst id="23">24.2578</dst>
      <dst id="8">1316.9156</dst>
      <dst id="18">1369.3867</dst>
      <dst id="4">21641.5556</dst>
      <dst id="1">696.0800</dst>
      <dst id="5">5040.5511</dst>
      <dst id="3">749.9733</dst>
      <dst id="7">1070.9689</dst>
      <dst id="2">1705.8400</dst>
      <dst id="6">17.6711</dst>
      <dst id="16">37.9200</dst>
      <dst id="14">138.6489</dst>
      <dst id="11">3045.0133</dst>
      <dst id="9">6345.4756</dst>
      <dst id="17">3489.9289</dst>
      <dst id="21">760.8533</dst>
    </src>
    <src id="7">
      <dst id="12">7272.9422</dst>
      <dst id="13">359.2622</dst>
      <dst id="19">627.2978</dst>
      <dst id="23">171.2622</dst>
      <dst id="8">1802.1867</dst>
      <dst id="18">1086.3556</dst>
      <dst id="4">35059.2444</dst>
      <dst id="1">14394.7200</dst>
      <dst id="5">1618.1422</dst>
      <dst id="3">3086.8889</dst>
      <dst id="22">4370.7911</dst>
      <dst id="7">644.5511</dst>
      <dst id="2">6647.4578</dst>
      <dst id="6">1.9822</dst>
      <dst id="16">1050.1778</dst>
      <dst id="14">274.7733</dst>
      <dst id="20">915.2622</dst>
      <dst id="11">1435.6178</dst>
      <dst id="9">1784.0889</dst>
      <dst id="17">10495.7867</dst>
      <dst id="21">4016.4533</dst>
      <dst id="15">866.0178</dst>
    </src>
    <src id="2">
      <dst id="12">119033.6978</dst>
      <dst id="13">14750.0356</dst>
      <dst id="19">6649.1289</dst>
      <dst id="23">0.7111</dst>
      <dst id="8">2787.3156</dst>
      <dst id="18">85284.6933</dst>
      <dst id="4">129664.7822</dst>
      <dst id="1">3338.9067</dst>
      <dst id="5">1143.1644</dst>
      <dst id="3">438.0533</dst>
      <dst id="22">3503.8844</dst>
      <dst id="7">5563.7067</dst>
      <dst id="2">614.5333</dst>
      <dst id="6">7177.8400</dst>
      <dst id="16">8878.9156</dst>
      <dst id="14">120.4000</dst>
      <dst id="20">1078.0533</dst>
      <dst id="11">3121.8133</dst>
      <dst id="9">1578.8267</dst>
      <dst id="17">44311.2711</dst>
      <dst id="21">4592.1067</dst>
      <dst id="15">255.6356</dst>
    </src>
    <src id="6">
      <dst id="12">9889.1022</dst>
      <dst id="13">3.6089</dst>
      <dst id="19">2.9422</dst>
      <dst id="23">0.3378</dst>
      <dst id="8">2.8800</dst>
      <dst id="18">0.6222</dst>
      <dst id="4">184.1244</dst>
      <dst id="1">26.1422</dst>
      <dst id="5">1.9911</dst>
      <dst id="3">46.0978</dst>
      <dst id="7">0.4622</dst>
      <dst id="2">2101.2089</dst>
      <dst id="16">47.7156</dst>
      <dst id="20">1.6089</dst>
      <dst id="9">0.6756</dst>
      <dst id="17">1368.5689</dst>
      <dst id="21">12.9867</dst>
    </src>
    <src id="16">
      <dst id="12">3331.4133</dst>
      <dst id="13">972.7911</dst>
      <dst id="19">4502.8267</dst>
      <dst id="23">21.5022</dst>
      <dst id="8">6624.6400</dst>
      <dst id="18">58.5067</dst>
      <dst id="4">6324.7022</dst>
      <dst id="1">19347.9022</dst>
      <dst id="5">4639.9467</dst>
      <dst id="3">902.9600</dst>
      <dst id="7">2319.2000</dst>
      <dst id="2">1903.3778</dst>
      <dst id="6">26.5422</dst>
      <dst id="16">50.8533</dst>
      <dst id="14">14.1156</dst>
      <dst id="11">423.5467</dst>
      <dst id="9">7059.2000</dst>
      <dst id="17">3025.4756</dst>
      <dst id="21">218.8178</dst>
    </src>
    <src id="14">
      <dst id="12">25057.8400</dst>
      <dst id="13">91.1111</dst>
      <dst id="19">7.1467</dst>
      <dst id="18">75.7333</dst>
      <dst id="4">3070.2844</dst>
      <dst id="1">28.8089</dst>
      <dst id="5">16.8978</dst>
      <dst id="3">61.3511</dst>
      <dst id="22">92.5689</dst>
      <dst id="7">50.1244</dst>
      <dst id="2">6854.7200</dst>
      <dst id="16">1.4311</dst>
      <dst id="20">16.0267</dst>
      <dst id="11">46.8000</dst>
      <dst id="9">101.4400</dst>
      <dst id="17">6246.4889</dst>
      <dst id="21">108.8089</dst>
      <dst id="15">3.3422</dst>
    </src>
    <src id="20">
      <dst id="12">32840.8889</dst>
      <dst id="13">10121.8400</dst>
      <dst id="19">164.4800</dst>
      <dst id="23">147.3778</dst>
      <dst id="8">3250.9156</dst>
      <dst id="18">67.2800</dst>
      <dst id="4">14904.3111</dst>
      <dst id="1">202.5689</dst>
      <dst id="5">7796.5511</dst>
      <dst id="3">288.1778</dst>
      <dst id="7">560.2578</dst>
      <dst id="2">17021.2711</dst>
      <dst id="14">1.2089</dst>
      <dst id="11">3205.9289</dst>
      <dst id="9">2730.2844</dst>
      <dst id="17">4728.4267</dst>
      <dst id="21">994.6133</dst>
    </src>
    <src id="11">
      <dst id="12">416466.7556</dst>
      <dst id="13">9531.7867</dst>
      <dst id="19">152.8000</dst>
      <dst id="23">111.4844</dst>
      <dst id="8">155.9022</dst>
      <dst id="18">115.4933</dst>
      <dst id="4">15489.6533</dst>
      <dst id="1">463.3156</dst>
      <dst id="5">1088.6756</dst>
      <dst id="3">1841.5822</dst>
      <dst id="22">4908.3911</dst>
      <dst id="7">264.1511</dst>
      <dst id="2">185363.4844</dst>
      <dst id="6">0.3378</dst>
      <dst id="16">1105.2000</dst>
      <dst id="14">93.9556</dst>
      <dst id="20">913.5289</dst>
      <dst id="11">2019.2889</dst>
      <dst id="9">2113.8222</dst>
      <dst id="17">95131.0311</dst>
      <dst id="21">747.1289</dst>
      <dst id="15">233.9467</dst>
    </src>
    <src id="9">
      <dst id="12">485675.4933</dst>
      <dst id="13">7517.9289</dst>
      <dst id="19">469.2711</dst>
      <dst id="23">10.0267</dst>
      <dst id="8">396.6489</dst>
      <dst id="18">371.7689</dst>
      <dst id="4">19704.1156</dst>
      <dst id="1">110.7378</dst>
      <dst id="5">1371.8400</dst>
      <dst id="3">132.5778</dst>
      <dst id="22">3253.4489</dst>
      <dst id="7">878.6844</dst>
      <dst id="2">187978.5067</dst>
      <dst id="6">0.4622</dst>
      <dst id="16">885.0844</dst>
      <dst id="14">4.9422</dst>
      <dst id="20">2077.1556</dst>
      <dst id="11">4102.9511</dst>
      <dst id="9">1731.5911</dst>
      <dst id="17">127650.4711</dst>
      <dst id="21">492.7467</dst>
      <dst id="15">208.0800</dst>
    </src>
    <src id="17">
      <dst id="12">10256.4889</dst>
      <dst id="13">9687.5467</dst>
      <dst id="19">13506.6756</dst>
      <dst id="23">429.1644</dst>
      <dst id="8">161389.2800</dst>
      <dst id="18">671.1022</dst>
      <dst id="4">82298.1867</dst>
      <dst id="1">742.2667</dst>
      <dst id="5">242417.7689</dst>
      <dst id="3">18570.8000</dst>
      <dst id="22">7254.6933</dst>
      <dst id="7">15301.2000</dst>
      <dst id="2">10831.1911</dst>
      <dst id="6">106.1600</dst>
      <dst id="16">7794.6222</dst>
      <dst id="14">31418.7556</dst>
      <dst id="20">1179.3956</dst>
      <dst id="11">140083.9733</dst>
      <dst id="9">213519.2800</dst>
      <dst id="17">1236.3467</dst>
      <dst id="21">9072.1778</dst>
      <dst id="15">4031.6622</dst>
    </src>
    <src id="21">
      <dst id="12">22801.1111</dst>
      <dst id="13">741.2178</dst>
      <dst id="19">113.7422</dst>
      <dst id="23">173.1911</dst>
      <dst id="8">1773.1378</dst>
      <dst id="18">2388.3822</dst>
      <dst id="4">19230.2311</dst>
      <dst id="1">1834.3200</dst>
      <dst id="5">678.3378</dst>
      <dst id="3">1016.5600</dst>
      <dst id="22">1907.9111</dst>
      <dst id="7">1144.4089</dst>
      <dst id="2">14400.0889</dst>
      <dst id="6">0.5867</dst>
      <dst id="16">418.8444</dst>
      <dst id="14">185.3067</dst>
      <dst id="20">1933.2800</dst>
      <dst id="11">772.2756</dst>
      <dst id="9">676.4089</dst>
      <dst id="17">7430.9156</dst>
      <dst id="21">2879.1200</dst>
      <dst id="15">289.1733</dst>
    </src>
    <src id="15">
      <dst id="12">1320.3289</dst>
      <dst id="13">299.6178</dst>
      <dst id="19">4408.2222</dst>
      <dst id="8">60.0533</dst>
      <dst id="18">33.0756</dst>
      <dst id="4">3265.7333</dst>
      <dst id="1">123.5378</dst>
      <dst id="5">590.6489</dst>
      <dst id="3">624.5244</dst>
      <dst id="7">34.6311</dst>
      <dst id="2">335.8311</dst>
      <dst id="11">131.9111</dst>
      <dst id="9">814.2489</dst>
      <dst id="17">3133.6267</dst>
      <dst id="21">110.4978</dst>
    </src>
  </IntraTM>
</TrafficMatrixFile>
