<?xml version="1.0" encoding="UTF-8" standalone="yes"?>
<TrafficMatrixFile xmlns:xsi="http://www.w3.org/2001/XMLSchema-instance" xsi:noNamespaceSchemaLocation="http://totem.run.montefiore.ulg.ac.be/Schema/TrafficMatrix-v1_2.xsd">
  <info>
    <title>Intradomain traffic matrix generated by geant-TM-all.pl</title>
    <date>2005-01-02T02:45:00</date>
    <duration>900</duration>
    <author>Steve Uhlig</author>
    <units>
        <unit type="bandwidth" value="kbps"/>
    </units>
  </info>
  <IntraTM ASID="20965">
    <src id="12">
      <dst id="12">311650.9689</dst>
      <dst id="13">20332.0978</dst>
      <dst id="19">5416.1689</dst>
      <dst id="23">4511.1822</dst>
      <dst id="8">4906.4444</dst>
      <dst id="18">5029.9200</dst>
      <dst id="4">133399.4222</dst>
      <dst id="1">10321.4133</dst>
      <dst id="5">4698.5511</dst>
      <dst id="3">3666.8089</dst>
      <dst id="22">19782.6311</dst>
      <dst id="7">11018.0800</dst>
      <dst id="2">106851.6711</dst>
      <dst id="6">31.9822</dst>
      <dst id="16">4023.2089</dst>
      <dst id="14">2980.5067</dst>
      <dst id="20">16487.2267</dst>
      <dst id="11">13910.2133</dst>
      <dst id="9">10068.1778</dst>
      <dst id="17">80714.1244</dst>
      <dst id="21">23708.5511</dst>
      <dst id="15">4494.2400</dst>
    </src>
    <src id="13">
      <dst id="12">59165.7422</dst>
      <dst id="19">15946.4978</dst>
      <dst id="23">1763.7422</dst>
      <dst id="8">13209.4133</dst>
      <dst id="18">10623.8578</dst>
      <dst id="4">0.4267</dst>
      <dst id="1">5671.3422</dst>
      <dst id="5">22778.5956</dst>
      <dst id="3">12996.4622</dst>
      <dst id="22">27450.1244</dst>
      <dst id="7">16594.5600</dst>
      <dst id="2">154374.6311</dst>
      <dst id="6">211.8044</dst>
      <dst id="16">11129.2711</dst>
      <dst id="14">5081.4933</dst>
      <dst id="20">25761.5467</dst>
      <dst id="11">20422.1600</dst>
      <dst id="9">32646.4000</dst>
      <dst id="17">68523.6089</dst>
      <dst id="21">28246.8267</dst>
      <dst id="15">3370.4356</dst>
    </src>
    <src id="19">
      <dst id="12">16095.8667</dst>
      <dst id="13">2262.2044</dst>
      <dst id="23">1.6622</dst>
      <dst id="8">91.2267</dst>
      <dst id="18">576.1600</dst>
      <dst id="4">24742.7733</dst>
      <dst id="1">2332.3200</dst>
      <dst id="5">146.9244</dst>
      <dst id="3">22.0533</dst>
      <dst id="22">949.3067</dst>
      <dst id="7">7597.8933</dst>
      <dst id="2">1774.3289</dst>
      <dst id="6">267.5556</dst>
      <dst id="16">5548.7111</dst>
      <dst id="14">0.3556</dst>
      <dst id="20">469.2622</dst>
      <dst id="11">248.8889</dst>
      <dst id="9">428.2489</dst>
      <dst id="17">2851.5289</dst>
      <dst id="21">3398.0889</dst>
      <dst id="15">1.9911</dst>
    </src>
    <src id="23">
      <dst id="12">328.4889</dst>
      <dst id="13">133.3422</dst>
      <dst id="19">12.5422</dst>
      <dst id="8">31.1467</dst>
      <dst id="18">114.4533</dst>
      <dst id="4">76.4889</dst>
      <dst id="1">34.9422</dst>
      <dst id="5">22.0444</dst>
      <dst id="3">161.6178</dst>
      <dst id="22">139.9378</dst>
      <dst id="7">52.0089</dst>
      <dst id="2">62.9867</dst>
      <dst id="16">54.5778</dst>
      <dst id="14">5.2089</dst>
      <dst id="20">14.0444</dst>
      <dst id="11">36.9778</dst>
      <dst id="9">25.9556</dst>
      <dst id="17">179.7156</dst>
      <dst id="21">442.7378</dst>
      <dst id="15">44.8178</dst>
    </src>
    <src id="8">
      <dst id="12">349867.3689</dst>
      <dst id="13">2418.9067</dst>
      <dst id="19">148.7911</dst>
      <dst id="23">39.5467</dst>
      <dst id="18">72.1778</dst>
      <dst id="4">8229.5644</dst>
      <dst id="1">178.9511</dst>
      <dst id="5">9798.1956</dst>
      <dst id="3">14.2311</dst>
      <dst id="22">1032.0000</dst>
      <dst id="7">136.5689</dst>
      <dst id="2">145967.9022</dst>
      <dst id="6">14.1422</dst>
      <dst id="16">596.1244</dst>
      <dst id="14">1.9556</dst>
      <dst id="20">1254.4356</dst>
      <dst id="11">343.6622</dst>
      <dst id="9">1214.6133</dst>
      <dst id="17">97525.6711</dst>
      <dst id="21">1831.4933</dst>
      <dst id="15">3771.2000</dst>
    </src>
    <src id="18">
      <dst id="12">132707.8667</dst>
      <dst id="13">166.0444</dst>
      <dst id="19">485.6622</dst>
      <dst id="23">12.9778</dst>
      <dst id="8">161.3600</dst>
      <dst id="4">1907.1822</dst>
      <dst id="1">970.2133</dst>
      <dst id="5">881.8667</dst>
      <dst id="3">368.0533</dst>
      <dst id="22">374.5956</dst>
      <dst id="7">189.2089</dst>
      <dst id="2">36842.5422</dst>
      <dst id="16">155.9556</dst>
      <dst id="14">39.2889</dst>
      <dst id="20">81.8222</dst>
      <dst id="11">237.4578</dst>
      <dst id="9">193.4400</dst>
      <dst id="17">32620.4800</dst>
      <dst id="21">834.8978</dst>
      <dst id="15">260.6578</dst>
    </src>
    <src id="4">
      <dst id="12">19076.2844</dst>
      <dst id="19">10153.9022</dst>
      <dst id="23">0.4622</dst>
      <dst id="8">1454.4978</dst>
      <dst id="18">8099.5289</dst>
      <dst id="4">29.3867</dst>
      <dst id="1">44642.6044</dst>
      <dst id="5">1960.5867</dst>
      <dst id="3">1603.4133</dst>
      <dst id="22">8627.8578</dst>
      <dst id="7">31212.6844</dst>
      <dst id="2">66657.3244</dst>
      <dst id="6">68.3111</dst>
      <dst id="16">2699.7156</dst>
      <dst id="14">4896.4711</dst>
      <dst id="20">8645.9733</dst>
      <dst id="11">9956.9156</dst>
      <dst id="9">2601.6178</dst>
      <dst id="17">33363.7422</dst>
      <dst id="21">23651.9911</dst>
      <dst id="15">952.5956</dst>
    </src>
    <src id="1">
      <dst id="12">15896.7644</dst>
      <dst id="13">1055.8844</dst>
      <dst id="19">91.8222</dst>
      <dst id="23">88.4000</dst>
      <dst id="8">182743.8044</dst>
      <dst id="18">19334.4800</dst>
      <dst id="4">24888.6044</dst>
      <dst id="1">63950.5956</dst>
      <dst id="5">280500.7822</dst>
      <dst id="3">528.0533</dst>
      <dst id="22">5780.1333</dst>
      <dst id="7">2525.8222</dst>
      <dst id="2">15922.1511</dst>
      <dst id="6">7308.0533</dst>
      <dst id="16">8747.4311</dst>
      <dst id="14">110.7733</dst>
      <dst id="20">990.2756</dst>
      <dst id="11">323.6889</dst>
      <dst id="9">284386.3200</dst>
      <dst id="17">3785.2267</dst>
      <dst id="21">14192.5067</dst>
      <dst id="15">984.7467</dst>
    </src>
    <src id="5">
      <dst id="12">391159.4489</dst>
      <dst id="13">3179.0578</dst>
      <dst id="19">44.8267</dst>
      <dst id="23">24.8533</dst>
      <dst id="8">8682.2400</dst>
      <dst id="18">341.7956</dst>
      <dst id="4">7594.5067</dst>
      <dst id="1">585.3689</dst>
      <dst id="3">174.8978</dst>
      <dst id="22">9747.7867</dst>
      <dst id="7">115.5378</dst>
      <dst id="2">161248.6044</dst>
      <dst id="6">0.5067</dst>
      <dst id="16">2137.0578</dst>
      <dst id="14">25.2356</dst>
      <dst id="20">7973.9200</dst>
      <dst id="11">1307.2089</dst>
      <dst id="9">6500.1600</dst>
      <dst id="17">87297.0489</dst>
      <dst id="21">919.1733</dst>
      <dst id="15">290.5689</dst>
    </src>
    <src id="3">
      <dst id="12">10619.1200</dst>
      <dst id="13">1742.1778</dst>
      <dst id="19">1687.6622</dst>
      <dst id="23">82.5689</dst>
      <dst id="8">3058.5067</dst>
      <dst id="18">162095.3067</dst>
      <dst id="4">33437.8400</dst>
      <dst id="1">6306.5511</dst>
      <dst id="5">1030.9867</dst>
      <dst id="3">19237.7422</dst>
      <dst id="22">4308.2400</dst>
      <dst id="7">7731.5378</dst>
      <dst id="2">10249.7689</dst>
      <dst id="6">9.3244</dst>
      <dst id="16">1595.9111</dst>
      <dst id="14">45854.8000</dst>
      <dst id="20">297.5556</dst>
      <dst id="11">202745.7867</dst>
      <dst id="9">435.0933</dst>
      <dst id="17">19385.6889</dst>
      <dst id="21">13235.1733</dst>
      <dst id="15">36.7556</dst>
    </src>
    <src id="10">
      <dst id="12">16555.5289</dst>
      <dst id="19">1904.8000</dst>
      <dst id="8">1203.6444</dst>
      <dst id="18">7350.2400</dst>
      <dst id="1">975.7333</dst>
      <dst id="5">1814.3289</dst>
      <dst id="3">22417.7244</dst>
      <dst id="22">10335.3778</dst>
      <dst id="7">11190.3733</dst>
      <dst id="2">42964.4000</dst>
      <dst id="6">1.9733</dst>
      <dst id="16">2598.6756</dst>
      <dst id="14">680.4089</dst>
      <dst id="20">2855.3333</dst>
      <dst id="11">2471.2089</dst>
      <dst id="9">1757.6267</dst>
      <dst id="17">24621.3333</dst>
      <dst id="21">17373.5111</dst>
      <dst id="15">2024.3378</dst>
    </src>
    <src id="22">
      <dst id="12">10491.9556</dst>
      <dst id="13">3390.2044</dst>
      <dst id="19">129.6267</dst>
      <dst id="23">576.8178</dst>
      <dst id="8">3975.1200</dst>
      <dst id="18">3386.8800</dst>
      <dst id="4">16787.6533</dst>
      <dst id="1">250.1244</dst>
      <dst id="5">9022.0267</dst>
      <dst id="3">598.7822</dst>
      <dst id="7">263.6267</dst>
      <dst id="2">2929.5200</dst>
      <dst id="6">15.6000</dst>
      <dst id="14">28.9511</dst>
      <dst id="11">4432.6578</dst>
      <dst id="9">2653.2978</dst>
      <dst id="17">10593.1467</dst>
      <dst id="21">2073.6267</dst>
    </src>
    <src id="7">
      <dst id="12">10677.5022</dst>
      <dst id="13">358.0711</dst>
      <dst id="19">3611.4222</dst>
      <dst id="23">370.0889</dst>
      <dst id="8">382.1067</dst>
      <dst id="18">2877.3511</dst>
      <dst id="4">73288.8533</dst>
      <dst id="1">25332.3022</dst>
      <dst id="5">2370.0978</dst>
      <dst id="3">507.2622</dst>
      <dst id="22">5097.8311</dst>
      <dst id="7">609.0311</dst>
      <dst id="2">22985.3244</dst>
      <dst id="6">1.3333</dst>
      <dst id="16">1253.1733</dst>
      <dst id="14">73.9644</dst>
      <dst id="20">3630.7200</dst>
      <dst id="11">2421.3067</dst>
      <dst id="9">1083.0756</dst>
      <dst id="17">13182.1067</dst>
      <dst id="21">10106.8178</dst>
      <dst id="15">1350.1600</dst>
    </src>
    <src id="2">
      <dst id="12">135324.6667</dst>
      <dst id="13">3671.4933</dst>
      <dst id="19">19564.8267</dst>
      <dst id="8">1639.7689</dst>
      <dst id="18">141111.1022</dst>
      <dst id="4">137039.2267</dst>
      <dst id="1">19438.2578</dst>
      <dst id="5">1452.1422</dst>
      <dst id="3">2366.9689</dst>
      <dst id="22">2524.9333</dst>
      <dst id="7">19884.0711</dst>
      <dst id="2">932.1067</dst>
      <dst id="6">8215.1822</dst>
      <dst id="16">3487.4489</dst>
      <dst id="14">193.2444</dst>
      <dst id="20">2045.7333</dst>
      <dst id="11">7564.2400</dst>
      <dst id="9">1330.7911</dst>
      <dst id="17">28621.3867</dst>
      <dst id="21">11933.1289</dst>
      <dst id="15">668.2400</dst>
    </src>
    <src id="6">
      <dst id="12">11386.3911</dst>
      <dst id="13">27.1111</dst>
      <dst id="19">32.3556</dst>
      <dst id="23">0.3378</dst>
      <dst id="8">1.9911</dst>
      <dst id="18">11.8044</dst>
      <dst id="4">77.5467</dst>
      <dst id="1">31.0311</dst>
      <dst id="5">1.3067</dst>
      <dst id="3">11.4667</dst>
      <dst id="22">105.0578</dst>
      <dst id="7">12.8533</dst>
      <dst id="2">2874.0089</dst>
      <dst id="16">11.4667</dst>
      <dst id="14">0.7022</dst>
      <dst id="20">22.9333</dst>
      <dst id="11">0.3556</dst>
      <dst id="9">16.0267</dst>
      <dst id="17">1107.1733</dst>
      <dst id="21">27.2444</dst>
      <dst id="15">0.3556</dst>
    </src>
    <src id="16">
      <dst id="12">6704.3022</dst>
      <dst id="13">816.3467</dst>
      <dst id="19">4899.8756</dst>
      <dst id="23">32.9600</dst>
      <dst id="8">8789.0578</dst>
      <dst id="18">87.4933</dst>
      <dst id="4">10633.6356</dst>
      <dst id="1">24308.0711</dst>
      <dst id="5">10092.4089</dst>
      <dst id="3">26.4800</dst>
      <dst id="7">3091.5644</dst>
      <dst id="2">981.8756</dst>
      <dst id="6">26.5244</dst>
      <dst id="16">66.3911</dst>
      <dst id="14">394.3556</dst>
      <dst id="11">595.8844</dst>
      <dst id="9">10036.2489</dst>
      <dst id="17">3030.4178</dst>
      <dst id="21">684.4978</dst>
    </src>
    <src id="14">
      <dst id="12">23320.4711</dst>
      <dst id="13">27.7244</dst>
      <dst id="19">12.4622</dst>
      <dst id="23">1.5644</dst>
      <dst id="8">0.4267</dst>
      <dst id="18">1752.4978</dst>
      <dst id="4">3589.8133</dst>
      <dst id="1">52.0622</dst>
      <dst id="5">360.6933</dst>
      <dst id="3">80.2400</dst>
      <dst id="22">6.7467</dst>
      <dst id="7">193.1378</dst>
      <dst id="2">7625.5822</dst>
      <dst id="16">52.0711</dst>
      <dst id="20">149.9733</dst>
      <dst id="11">92.4978</dst>
      <dst id="9">52.1156</dst>
      <dst id="17">5125.8400</dst>
      <dst id="21">97.4400</dst>
      <dst id="15">0.4622</dst>
    </src>
    <src id="20">
      <dst id="12">19049.0311</dst>
      <dst id="13">3551.9644</dst>
      <dst id="19">50.4889</dst>
      <dst id="23">0.8889</dst>
      <dst id="8">360.7911</dst>
      <dst id="18">252.6933</dst>
      <dst id="4">11007.9022</dst>
      <dst id="1">382.6756</dst>
      <dst id="5">5864.4978</dst>
      <dst id="3">1975.6444</dst>
      <dst id="7">668.4267</dst>
      <dst id="2">3301.7422</dst>
      <dst id="14">991.3689</dst>
      <dst id="11">137.1911</dst>
      <dst id="9">6886.4178</dst>
      <dst id="17">881.7867</dst>
      <dst id="21">579.1556</dst>
    </src>
    <src id="11">
      <dst id="12">447092.1156</dst>
      <dst id="13">3917.7600</dst>
      <dst id="19">65.6978</dst>
      <dst id="23">264.9422</dst>
      <dst id="8">881.8933</dst>
      <dst id="18">371.6178</dst>
      <dst id="4">15294.1689</dst>
      <dst id="1">339.1467</dst>
      <dst id="5">1584.7822</dst>
      <dst id="3">1318.5956</dst>
      <dst id="22">5033.2533</dst>
      <dst id="7">432.9422</dst>
      <dst id="2">162206.4356</dst>
      <dst id="6">1.0133</dst>
      <dst id="16">688.3200</dst>
      <dst id="14">92.7111</dst>
      <dst id="20">906.7467</dst>
      <dst id="11">1630.4178</dst>
      <dst id="9">1515.4133</dst>
      <dst id="17">116210.1511</dst>
      <dst id="21">2497.9378</dst>
      <dst id="15">303.8933</dst>
    </src>
    <src id="9">
      <dst id="12">535274.0711</dst>
      <dst id="13">6437.1733</dst>
      <dst id="19">240.0711</dst>
      <dst id="23">1.5467</dst>
      <dst id="8">464.9067</dst>
      <dst id="18">419.4489</dst>
      <dst id="4">12507.1644</dst>
      <dst id="1">3944.9333</dst>
      <dst id="5">18781.7422</dst>
      <dst id="3">40.6400</dst>
      <dst id="22">9780.3556</dst>
      <dst id="7">443.4044</dst>
      <dst id="2">187724.8978</dst>
      <dst id="6">3.6978</dst>
      <dst id="16">901.2800</dst>
      <dst id="14">17.4933</dst>
      <dst id="20">12946.0267</dst>
      <dst id="11">875.7244</dst>
      <dst id="9">3243.6711</dst>
      <dst id="17">138323.9822</dst>
      <dst id="21">2310.7289</dst>
      <dst id="15">11894.3644</dst>
    </src>
    <src id="17">
      <dst id="12">18660.3644</dst>
      <dst id="13">1827.2889</dst>
      <dst id="19">2411.7333</dst>
      <dst id="23">295.3244</dst>
      <dst id="8">179805.7156</dst>
      <dst id="18">1352.8000</dst>
      <dst id="4">62237.1556</dst>
      <dst id="1">12351.1467</dst>
      <dst id="5">295315.5644</dst>
      <dst id="3">12943.3333</dst>
      <dst id="22">6535.8578</dst>
      <dst id="7">43124.5156</dst>
      <dst id="2">20035.2356</dst>
      <dst id="6">172.6578</dst>
      <dst id="16">3501.0133</dst>
      <dst id="14">43020.6489</dst>
      <dst id="20">975.5022</dst>
      <dst id="11">154234.3822</dst>
      <dst id="9">255985.0311</dst>
      <dst id="17">2281.4133</dst>
      <dst id="21">28050.4089</dst>
      <dst id="15">788.7378</dst>
    </src>
    <src id="21">
      <dst id="12">22374.1867</dst>
      <dst id="13">807.3867</dst>
      <dst id="19">645.1822</dst>
      <dst id="23">67.2533</dst>
      <dst id="8">436.4711</dst>
      <dst id="18">2714.7200</dst>
      <dst id="4">52903.2267</dst>
      <dst id="1">3822.5244</dst>
      <dst id="5">583.5111</dst>
      <dst id="3">2263.6622</dst>
      <dst id="22">1768.0089</dst>
      <dst id="7">2821.2000</dst>
      <dst id="2">13221.3244</dst>
      <dst id="6">5.5911</dst>
      <dst id="16">443.6444</dst>
      <dst id="14">128.3467</dst>
      <dst id="20">1362.5333</dst>
      <dst id="11">928.6578</dst>
      <dst id="9">2828.0444</dst>
      <dst id="17">7265.2889</dst>
      <dst id="21">3264.5333</dst>
      <dst id="15">209.2089</dst>
    </src>
    <src id="15">
      <dst id="12">2604.5156</dst>
      <dst id="13">1984.1778</dst>
      <dst id="19">26.6222</dst>
      <dst id="23">480.3556</dst>
      <dst id="8">1059.6711</dst>
      <dst id="18">74.9244</dst>
      <dst id="4">7298.1422</dst>
      <dst id="1">570.0178</dst>
      <dst id="5">192.6756</dst>
      <dst id="3">26.9067</dst>
      <dst id="7">67.6622</dst>
      <dst id="2">285.6356</dst>
      <dst id="14">0.4267</dst>
      <dst id="11">82.2933</dst>
      <dst id="9">4881.3511</dst>
      <dst id="17">229.5911</dst>
      <dst id="21">2860.5778</dst>
    </src>
  </IntraTM>
</TrafficMatrixFile>
