<?xml version="1.0" encoding="UTF-8" standalone="yes"?>
<TrafficMatrixFile xmlns:xsi="http://www.w3.org/2001/XMLSchema-instance" xsi:noNamespaceSchemaLocation="http://totem.run.montefiore.ulg.ac.be/Schema/TrafficMatrix-v1_2.xsd">
  <info>
    <title>Intradomain traffic matrix generated by geant-TM-all.pl</title>
    <date>2005-01-03T16:45:00</date>
    <duration>900</duration>
    <author>Steve Uhlig</author>
    <units>
        <unit type="bandwidth" value="kbps"/>
    </units>
  </info>
  <IntraTM ASID="20965">
    <src id="12">
      <dst id="12">196509.5289</dst>
      <dst id="13">23829.2267</dst>
      <dst id="19">3533.7067</dst>
      <dst id="23">48.7733</dst>
      <dst id="8">2768.3022</dst>
      <dst id="18">537.9200</dst>
      <dst id="4">68909.1644</dst>
      <dst id="1">7241.0044</dst>
      <dst id="5">1067.3600</dst>
      <dst id="3">1520.1778</dst>
      <dst id="22">3393.7156</dst>
      <dst id="7">831.0222</dst>
      <dst id="2">59495.7956</dst>
      <dst id="6">28.4711</dst>
      <dst id="16">6107.0222</dst>
      <dst id="14">186.5956</dst>
      <dst id="20">1076.9067</dst>
      <dst id="11">5853.1022</dst>
      <dst id="9">6253.3156</dst>
      <dst id="17">65493.9911</dst>
      <dst id="21">2131.2178</dst>
      <dst id="15">906.5067</dst>
    </src>
    <src id="13">
      <dst id="12">31652.4356</dst>
      <dst id="19">4097.6711</dst>
      <dst id="23">15.2711</dst>
      <dst id="8">1172.0533</dst>
      <dst id="18">3649.3867</dst>
      <dst id="1">3460.6756</dst>
      <dst id="5">4338.6578</dst>
      <dst id="3">7470.0267</dst>
      <dst id="22">13280.1600</dst>
      <dst id="7">8460.2844</dst>
      <dst id="2">73123.0400</dst>
      <dst id="6">60.9778</dst>
      <dst id="16">26747.3333</dst>
      <dst id="14">2787.6356</dst>
      <dst id="20">3190.8444</dst>
      <dst id="11">5491.9200</dst>
      <dst id="9">9341.6978</dst>
      <dst id="17">26414.0356</dst>
      <dst id="21">7056.9956</dst>
      <dst id="15">1335.2000</dst>
    </src>
    <src id="19">
      <dst id="12">17071.9644</dst>
      <dst id="13">568.5422</dst>
      <dst id="23">0.5333</dst>
      <dst id="8">0.6400</dst>
      <dst id="18">2.2400</dst>
      <dst id="4">17727.5822</dst>
      <dst id="1">587.7600</dst>
      <dst id="5">4.6756</dst>
      <dst id="3">27.4844</dst>
      <dst id="22">50.8889</dst>
      <dst id="7">2792.0533</dst>
      <dst id="2">123.6889</dst>
      <dst id="6">23.9733</dst>
      <dst id="16">10193.6000</dst>
      <dst id="14">1.1822</dst>
      <dst id="20">1.6000</dst>
      <dst id="11">3088.4800</dst>
      <dst id="9">2.2133</dst>
      <dst id="17">1065.1644</dst>
      <dst id="21">31.7956</dst>
      <dst id="15">1.0311</dst>
    </src>
    <src id="23">
      <dst id="12">722.6044</dst>
      <dst id="13">154.3911</dst>
      <dst id="19">0.5244</dst>
      <dst id="18">2.5067</dst>
      <dst id="4">27.5378</dst>
      <dst id="1">2.4622</dst>
      <dst id="5">659.3156</dst>
      <dst id="3">257.4222</dst>
      <dst id="22">191.4311</dst>
      <dst id="7">30.3022</dst>
      <dst id="2">0.4889</dst>
      <dst id="16">446.3289</dst>
      <dst id="20">54.0800</dst>
      <dst id="11">13.6711</dst>
      <dst id="9">522.6044</dst>
      <dst id="17">126.4711</dst>
      <dst id="21">146.7200</dst>
      <dst id="15">0.4978</dst>
    </src>
    <src id="8">
      <dst id="12">261729.9733</dst>
      <dst id="13">409.1467</dst>
      <dst id="19">1.2978</dst>
      <dst id="23">0.3556</dst>
      <dst id="18">48.7556</dst>
      <dst id="4">4544.3022</dst>
      <dst id="1">85.3956</dst>
      <dst id="5">654.3911</dst>
      <dst id="3">19.6444</dst>
      <dst id="22">765.7244</dst>
      <dst id="7">16.4622</dst>
      <dst id="2">97310.6133</dst>
      <dst id="6">19.0222</dst>
      <dst id="16">152.5778</dst>
      <dst id="20">793.5022</dst>
      <dst id="11">856.1156</dst>
      <dst id="9">552.6933</dst>
      <dst id="17">85482.0978</dst>
      <dst id="21">99.6444</dst>
      <dst id="15">18.2044</dst>
    </src>
    <src id="18">
      <dst id="12">92394.2844</dst>
      <dst id="13">55.0578</dst>
      <dst id="19">15.5200</dst>
      <dst id="23">0.3556</dst>
      <dst id="8">1.9911</dst>
      <dst id="4">1336.6756</dst>
      <dst id="1">1061.4489</dst>
      <dst id="5">533.8578</dst>
      <dst id="3">8202.8889</dst>
      <dst id="22">86.9778</dst>
      <dst id="7">31.9644</dst>
      <dst id="2">30238.1956</dst>
      <dst id="16">104.6400</dst>
      <dst id="14">0.8889</dst>
      <dst id="20">2.4533</dst>
      <dst id="11">97.7244</dst>
      <dst id="9">229.2622</dst>
      <dst id="17">33808.2044</dst>
      <dst id="21">616.0889</dst>
      <dst id="15">1.2089</dst>
    </src>
    <src id="4">
      <dst id="12">14547.2089</dst>
      <dst id="19">14900.1244</dst>
      <dst id="8">747.7689</dst>
      <dst id="18">1322.5244</dst>
      <dst id="1">19938.1778</dst>
      <dst id="5">1342.2578</dst>
      <dst id="3">294.2311</dst>
      <dst id="22">2398.6667</dst>
      <dst id="7">149537.1111</dst>
      <dst id="2">49067.4311</dst>
      <dst id="6">23.1467</dst>
      <dst id="16">1046.8800</dst>
      <dst id="14">1029.9644</dst>
      <dst id="20">1637.1111</dst>
      <dst id="11">1772.5778</dst>
      <dst id="9">6784.2311</dst>
      <dst id="17">92888.6844</dst>
      <dst id="21">3459.5556</dst>
      <dst id="15">2136.1244</dst>
    </src>
    <src id="1">
      <dst id="12">23816.6222</dst>
      <dst id="13">402.3378</dst>
      <dst id="19">48.0267</dst>
      <dst id="23">54.5689</dst>
      <dst id="8">85856.7822</dst>
      <dst id="18">13582.6756</dst>
      <dst id="4">7168.2489</dst>
      <dst id="1">94573.0311</dst>
      <dst id="5">138515.1911</dst>
      <dst id="3">94.5067</dst>
      <dst id="22">3159.1556</dst>
      <dst id="7">3158.2667</dst>
      <dst id="2">6678.9511</dst>
      <dst id="6">7534.9511</dst>
      <dst id="16">15541.2000</dst>
      <dst id="14">68.0267</dst>
      <dst id="20">38.1067</dst>
      <dst id="11">376.1333</dst>
      <dst id="9">167009.7511</dst>
      <dst id="17">4381.6889</dst>
      <dst id="21">2165.7067</dst>
      <dst id="15">94.7644</dst>
    </src>
    <src id="5">
      <dst id="12">253280.9333</dst>
      <dst id="13">1195.8933</dst>
      <dst id="19">16.3200</dst>
      <dst id="23">26.4533</dst>
      <dst id="8">2725.3333</dst>
      <dst id="18">218.0622</dst>
      <dst id="4">7031.3778</dst>
      <dst id="1">240.7733</dst>
      <dst id="3">0.3556</dst>
      <dst id="22">1021.4222</dst>
      <dst id="7">1759.8756</dst>
      <dst id="2">83253.0756</dst>
      <dst id="16">322.6933</dst>
      <dst id="20">1107.1111</dst>
      <dst id="11">1308.4889</dst>
      <dst id="9">758.9867</dst>
      <dst id="17">78547.5733</dst>
      <dst id="21">154.9956</dst>
      <dst id="15">75.8222</dst>
    </src>
    <src id="3">
      <dst id="12">5587.9022</dst>
      <dst id="13">423.3778</dst>
      <dst id="19">591.0133</dst>
      <dst id="23">7419.1289</dst>
      <dst id="8">29.5467</dst>
      <dst id="18">48266.7022</dst>
      <dst id="4">13504.0444</dst>
      <dst id="1">18666.6311</dst>
      <dst id="5">278.2489</dst>
      <dst id="3">7235.1022</dst>
      <dst id="22">407.5556</dst>
      <dst id="7">1799.0844</dst>
      <dst id="2">9771.3244</dst>
      <dst id="6">1.9200</dst>
      <dst id="16">876.7822</dst>
      <dst id="14">18852.1689</dst>
      <dst id="20">34.3289</dst>
      <dst id="11">89255.9378</dst>
      <dst id="9">73.4311</dst>
      <dst id="17">11765.7867</dst>
      <dst id="21">9735.0578</dst>
      <dst id="15">26.8978</dst>
    </src>
    <src id="10">
      <dst id="12">12904.7200</dst>
      <dst id="19">573.1822</dst>
      <dst id="8">691.0578</dst>
      <dst id="18">2859.6000</dst>
      <dst id="1">1588.3644</dst>
      <dst id="5">666.8889</dst>
      <dst id="3">9808.0622</dst>
      <dst id="22">7841.7156</dst>
      <dst id="7">108066.0267</dst>
      <dst id="2">29191.0489</dst>
      <dst id="6">1.8044</dst>
      <dst id="16">1450.6400</dst>
      <dst id="14">318.6489</dst>
      <dst id="20">2284.7378</dst>
      <dst id="11">6106.5689</dst>
      <dst id="9">629.7333</dst>
      <dst id="17">17813.9111</dst>
      <dst id="21">12042.1778</dst>
      <dst id="15">118.2044</dst>
    </src>
    <src id="22">
      <dst id="12">1878.8444</dst>
      <dst id="13">2270.1422</dst>
      <dst id="19">154.0711</dst>
      <dst id="23">102.6311</dst>
      <dst id="8">400.0800</dst>
      <dst id="18">401.2089</dst>
      <dst id="4">18657.1289</dst>
      <dst id="1">172.9689</dst>
      <dst id="5">1947.8222</dst>
      <dst id="3">649.5822</dst>
      <dst id="7">661.4667</dst>
      <dst id="2">6848.4533</dst>
      <dst id="6">58.4889</dst>
      <dst id="16">13.7956</dst>
      <dst id="14">69.4933</dst>
      <dst id="11">1375.1200</dst>
      <dst id="9">1246.2933</dst>
      <dst id="17">1990.2756</dst>
      <dst id="21">1544.2844</dst>
    </src>
    <src id="7">
      <dst id="12">4753.8133</dst>
      <dst id="13">129.6889</dst>
      <dst id="19">231.0400</dst>
      <dst id="23">51.6267</dst>
      <dst id="8">176.8978</dst>
      <dst id="18">201.5200</dst>
      <dst id="4">35910.4800</dst>
      <dst id="1">2427.4311</dst>
      <dst id="5">726.0889</dst>
      <dst id="3">436.0889</dst>
      <dst id="22">3151.8756</dst>
      <dst id="7">715.5911</dst>
      <dst id="2">3015.3156</dst>
      <dst id="6">53.0489</dst>
      <dst id="16">249.7333</dst>
      <dst id="14">41.5911</dst>
      <dst id="20">146.0000</dst>
      <dst id="11">2042.3822</dst>
      <dst id="9">472.5956</dst>
      <dst id="17">4521.1556</dst>
      <dst id="21">1474.8000</dst>
      <dst id="15">55.0844</dst>
    </src>
    <src id="2">
      <dst id="12">67131.3333</dst>
      <dst id="13">515214.2044</dst>
      <dst id="19">484.8711</dst>
      <dst id="8">508.8889</dst>
      <dst id="18">46747.2000</dst>
      <dst id="4">51211.6267</dst>
      <dst id="1">7832.6222</dst>
      <dst id="5">1570.3733</dst>
      <dst id="3">22.7289</dst>
      <dst id="22">996.7644</dst>
      <dst id="7">3471.2267</dst>
      <dst id="2">599.9111</dst>
      <dst id="6">9020.2489</dst>
      <dst id="16">5019.4044</dst>
      <dst id="14">5402.8622</dst>
      <dst id="20">11201.4844</dst>
      <dst id="11">672.9600</dst>
      <dst id="9">494.3111</dst>
      <dst id="17">62494.8089</dst>
      <dst id="21">1193.2267</dst>
      <dst id="15">2.2222</dst>
    </src>
    <src id="6">
      <dst id="12">8259.0844</dst>
      <dst id="13">4.2933</dst>
      <dst id="19">6.4444</dst>
      <dst id="23">1.1378</dst>
      <dst id="8">0.8178</dst>
      <dst id="18">1.0489</dst>
      <dst id="4">960.8444</dst>
      <dst id="1">5.5200</dst>
      <dst id="5">0.5511</dst>
      <dst id="3">1.9556</dst>
      <dst id="22">29.3244</dst>
      <dst id="7">41.3244</dst>
      <dst id="2">1962.0711</dst>
      <dst id="20">0.4622</dst>
      <dst id="11">46.5156</dst>
      <dst id="9">14.6133</dst>
      <dst id="17">1274.7111</dst>
      <dst id="21">12.3111</dst>
      <dst id="15">0.3378</dst>
    </src>
    <src id="16">
      <dst id="12">2570.6489</dst>
      <dst id="13">292.1156</dst>
      <dst id="19">4480.4800</dst>
      <dst id="23">14.1600</dst>
      <dst id="8">6173.9822</dst>
      <dst id="18">4.0533</dst>
      <dst id="4">4092.2756</dst>
      <dst id="1">21758.8089</dst>
      <dst id="5">2652.1689</dst>
      <dst id="7">2099.2444</dst>
      <dst id="2">281.7778</dst>
      <dst id="6">1.1378</dst>
      <dst id="16">30.9067</dst>
      <dst id="14">0.4000</dst>
      <dst id="11">149.7333</dst>
      <dst id="9">4372.2044</dst>
      <dst id="17">1175.7956</dst>
      <dst id="21">2461.2889</dst>
    </src>
    <src id="14">
      <dst id="12">16682.0800</dst>
      <dst id="13">21.9467</dst>
      <dst id="19">7.0578</dst>
      <dst id="8">0.5600</dst>
      <dst id="4">2798.9333</dst>
      <dst id="1">23.3956</dst>
      <dst id="5">14.1156</dst>
      <dst id="3">89.8400</dst>
      <dst id="22">151.9644</dst>
      <dst id="7">79.0933</dst>
      <dst id="2">3808.1422</dst>
      <dst id="20">14.6578</dst>
      <dst id="11">35.6267</dst>
      <dst id="9">3.1911</dst>
      <dst id="17">5468.2222</dst>
      <dst id="21">65.8222</dst>
    </src>
    <src id="20">
      <dst id="12">450.0178</dst>
      <dst id="13">2151.3511</dst>
      <dst id="19">14.6933</dst>
      <dst id="23">0.3556</dst>
      <dst id="8">227.7333</dst>
      <dst id="18">13.7778</dst>
      <dst id="4">14734.5956</dst>
      <dst id="1">62.6400</dst>
      <dst id="5">285.8844</dst>
      <dst id="3">1047.5911</dst>
      <dst id="7">445.9556</dst>
      <dst id="2">536.0533</dst>
      <dst id="6">0.7822</dst>
      <dst id="11">58.3289</dst>
      <dst id="9">1261.4933</dst>
      <dst id="17">315.9733</dst>
      <dst id="21">154.4000</dst>
    </src>
    <src id="11">
      <dst id="12">329246.0356</dst>
      <dst id="13">2702.1778</dst>
      <dst id="19">5.5111</dst>
      <dst id="23">1.3778</dst>
      <dst id="8">1676.0267</dst>
      <dst id="18">444.8000</dst>
      <dst id="4">6185.5911</dst>
      <dst id="1">473.9467</dst>
      <dst id="5">536.6667</dst>
      <dst id="3">1098.2311</dst>
      <dst id="22">1101.6533</dst>
      <dst id="7">532.9156</dst>
      <dst id="2">113879.8133</dst>
      <dst id="6">0.7822</dst>
      <dst id="16">379.1022</dst>
      <dst id="14">39.9911</dst>
      <dst id="20">14.9511</dst>
      <dst id="11">565.3511</dst>
      <dst id="9">505.0667</dst>
      <dst id="17">102401.6356</dst>
      <dst id="21">607.3956</dst>
      <dst id="15">62.7911</dst>
    </src>
    <src id="9">
      <dst id="12">355772.0533</dst>
      <dst id="13">1866.1778</dst>
      <dst id="19">0.8889</dst>
      <dst id="23">17.2444</dst>
      <dst id="8">139.4489</dst>
      <dst id="18">108.6844</dst>
      <dst id="4">12571.0933</dst>
      <dst id="1">921.0222</dst>
      <dst id="5">526.9422</dst>
      <dst id="3">105.1911</dst>
      <dst id="22">5712.9244</dst>
      <dst id="7">120.6578</dst>
      <dst id="2">123295.3511</dst>
      <dst id="6">0.3556</dst>
      <dst id="16">442.0711</dst>
      <dst id="14">0.4622</dst>
      <dst id="20">288.7467</dst>
      <dst id="11">592.0800</dst>
      <dst id="9">303.8667</dst>
      <dst id="17">161557.8400</dst>
      <dst id="21">405.6000</dst>
      <dst id="15">416.8889</dst>
    </src>
    <src id="17">
      <dst id="12">2796.8533</dst>
      <dst id="13">1290.7911</dst>
      <dst id="19">125.7778</dst>
      <dst id="23">13.3333</dst>
      <dst id="8">101322.0978</dst>
      <dst id="18">59.9022</dst>
      <dst id="4">41569.0044</dst>
      <dst id="1">2347.9733</dst>
      <dst id="5">139822.7289</dst>
      <dst id="3">15374.1867</dst>
      <dst id="22">3242.4711</dst>
      <dst id="7">972.0444</dst>
      <dst id="2">22562.8267</dst>
      <dst id="6">5.3067</dst>
      <dst id="16">3311.9022</dst>
      <dst id="14">17127.0311</dst>
      <dst id="20">725.5911</dst>
      <dst id="11">72225.2978</dst>
      <dst id="9">137785.5911</dst>
      <dst id="17">1608.8000</dst>
      <dst id="21">5086.8533</dst>
      <dst id="15">94.3289</dst>
    </src>
    <src id="21">
      <dst id="12">18223.0133</dst>
      <dst id="13">449.7156</dst>
      <dst id="19">97.0667</dst>
      <dst id="23">7.2889</dst>
      <dst id="8">253.2267</dst>
      <dst id="18">1806.1778</dst>
      <dst id="4">13376.2489</dst>
      <dst id="1">1718.3200</dst>
      <dst id="5">715.9822</dst>
      <dst id="3">484.0889</dst>
      <dst id="22">1149.7422</dst>
      <dst id="7">1074.3111</dst>
      <dst id="2">8114.4711</dst>
      <dst id="6">2.4800</dst>
      <dst id="16">174.4444</dst>
      <dst id="14">112.0000</dst>
      <dst id="20">421.8844</dst>
      <dst id="11">461.0578</dst>
      <dst id="9">2100.2578</dst>
      <dst id="17">2827.7333</dst>
      <dst id="21">812.7289</dst>
      <dst id="15">5.2800</dst>
    </src>
    <src id="15">
      <dst id="12">151.1022</dst>
      <dst id="13">48.3289</dst>
      <dst id="19">9.8133</dst>
      <dst id="8">33.7867</dst>
      <dst id="18">1.8489</dst>
      <dst id="4">2412.4356</dst>
      <dst id="1">578.8444</dst>
      <dst id="5">49.5111</dst>
      <dst id="3">6.1156</dst>
      <dst id="7">78.5244</dst>
      <dst id="2">159.5289</dst>
      <dst id="11">38.0000</dst>
      <dst id="9">157.0222</dst>
      <dst id="17">113.7778</dst>
      <dst id="21">70.1600</dst>
    </src>
  </IntraTM>
</TrafficMatrixFile>
