<?xml version="1.0" encoding="UTF-8" standalone="yes"?>
<TrafficMatrixFile xmlns:xsi="http://www.w3.org/2001/XMLSchema-instance" xsi:noNamespaceSchemaLocation="http://totem.run.montefiore.ulg.ac.be/Schema/TrafficMatrix-v1_2.xsd">
  <info>
    <title>Intradomain traffic matrix generated by geant-TM-all.pl</title>
    <date>2005-01-04T01:30:00</date>
    <duration>900</duration>
    <author>Steve Uhlig</author>
    <units>
        <unit type="bandwidth" value="kbps"/>
    </units>
  </info>
  <IntraTM ASID="20965">
    <src id="12">
      <dst id="12">247166.4978</dst>
      <dst id="13">34887.7156</dst>
      <dst id="19">2262.7644</dst>
      <dst id="23">1724.3556</dst>
      <dst id="8">1581.7333</dst>
      <dst id="18">5361.1200</dst>
      <dst id="4">60043.7956</dst>
      <dst id="1">8000.3556</dst>
      <dst id="5">2939.9111</dst>
      <dst id="3">4540.0711</dst>
      <dst id="22">12727.7067</dst>
      <dst id="7">13778.2489</dst>
      <dst id="2">87508.9511</dst>
      <dst id="6">1.1200</dst>
      <dst id="16">5239.5733</dst>
      <dst id="14">1991.7333</dst>
      <dst id="20">4190.9511</dst>
      <dst id="11">8698.5422</dst>
      <dst id="9">3943.5111</dst>
      <dst id="17">78965.2267</dst>
      <dst id="21">1833.3600</dst>
      <dst id="15">9409.9022</dst>
    </src>
    <src id="13">
      <dst id="12">50784.0711</dst>
      <dst id="19">20032.1600</dst>
      <dst id="23">500.7022</dst>
      <dst id="8">2538.9956</dst>
      <dst id="18">1724.6578</dst>
      <dst id="1">5512.9689</dst>
      <dst id="5">5496.2756</dst>
      <dst id="3">11969.6978</dst>
      <dst id="22">20980.2311</dst>
      <dst id="7">10406.5156</dst>
      <dst id="2">114134.5244</dst>
      <dst id="6">290.3111</dst>
      <dst id="16">11033.9733</dst>
      <dst id="14">1485.6267</dst>
      <dst id="20">11679.2000</dst>
      <dst id="11">16067.3867</dst>
      <dst id="9">13675.9644</dst>
      <dst id="17">54565.6889</dst>
      <dst id="21">16101.0578</dst>
      <dst id="15">4166.9333</dst>
    </src>
    <src id="19">
      <dst id="12">34097.2711</dst>
      <dst id="13">285.4489</dst>
      <dst id="23">126.8444</dst>
      <dst id="8">0.4178</dst>
      <dst id="18">20.0356</dst>
      <dst id="4">18959.2444</dst>
      <dst id="1">1715.2711</dst>
      <dst id="5">4.8000</dst>
      <dst id="3">76.4800</dst>
      <dst id="22">135.9822</dst>
      <dst id="7">3817.4933</dst>
      <dst id="2">616.2578</dst>
      <dst id="6">69.6089</dst>
      <dst id="16">5847.8667</dst>
      <dst id="14">3.1289</dst>
      <dst id="20">28.7556</dst>
      <dst id="11">41.3422</dst>
      <dst id="9">128.2667</dst>
      <dst id="17">5113.6000</dst>
      <dst id="21">365.2000</dst>
    </src>
    <src id="23">
      <dst id="12">776.5244</dst>
      <dst id="13">152.1422</dst>
      <dst id="19">59.8933</dst>
      <dst id="8">45.5822</dst>
      <dst id="18">1174.6667</dst>
      <dst id="4">17.9556</dst>
      <dst id="1">28.0356</dst>
      <dst id="5">28.3467</dst>
      <dst id="3">361.9556</dst>
      <dst id="22">410.8800</dst>
      <dst id="7">61.1467</dst>
      <dst id="2">3.8400</dst>
      <dst id="16">44.1511</dst>
      <dst id="14">0.7911</dst>
      <dst id="20">14.9067</dst>
      <dst id="11">41.6178</dst>
      <dst id="9">336.5511</dst>
      <dst id="17">126.5511</dst>
      <dst id="21">374.2133</dst>
      <dst id="15">0.3556</dst>
    </src>
    <src id="8">
      <dst id="12">321802.3289</dst>
      <dst id="13">3935.0933</dst>
      <dst id="19">0.9511</dst>
      <dst id="23">26.6667</dst>
      <dst id="18">106.3467</dst>
      <dst id="4">3619.8933</dst>
      <dst id="1">445.0311</dst>
      <dst id="5">1476.6844</dst>
      <dst id="3">38.4000</dst>
      <dst id="22">1510.2222</dst>
      <dst id="7">365.1378</dst>
      <dst id="2">137316.8178</dst>
      <dst id="16">1644.9511</dst>
      <dst id="14">138.8444</dst>
      <dst id="20">773.5289</dst>
      <dst id="11">610.1956</dst>
      <dst id="9">466.3822</dst>
      <dst id="17">119701.9289</dst>
      <dst id="21">118.2222</dst>
      <dst id="15">15.8933</dst>
    </src>
    <src id="18">
      <dst id="12">92985.3511</dst>
      <dst id="13">121.9289</dst>
      <dst id="19">10.6489</dst>
      <dst id="23">31.1289</dst>
      <dst id="8">106.8889</dst>
      <dst id="4">1705.0489</dst>
      <dst id="1">620.2844</dst>
      <dst id="5">122.0444</dst>
      <dst id="3">43.3689</dst>
      <dst id="22">174.3556</dst>
      <dst id="7">275.4133</dst>
      <dst id="2">32360.0000</dst>
      <dst id="16">55.5556</dst>
      <dst id="20">119.9289</dst>
      <dst id="11">340.3911</dst>
      <dst id="9">171.1822</dst>
      <dst id="17">40713.7956</dst>
      <dst id="21">549.2711</dst>
      <dst id="15">1.3511</dst>
    </src>
    <src id="4">
      <dst id="12">60689.5822</dst>
      <dst id="19">15104.6400</dst>
      <dst id="23">0.4622</dst>
      <dst id="8">1003.2000</dst>
      <dst id="18">836.2933</dst>
      <dst id="4">2.2044</dst>
      <dst id="1">15268.8622</dst>
      <dst id="5">1228.5867</dst>
      <dst id="3">271.2800</dst>
      <dst id="22">4807.8044</dst>
      <dst id="7">128597.3867</dst>
      <dst id="2">79125.4844</dst>
      <dst id="6">26.2222</dst>
      <dst id="16">1255.8756</dst>
      <dst id="14">808.9600</dst>
      <dst id="20">2078.4267</dst>
      <dst id="11">5794.2667</dst>
      <dst id="9">1998.3289</dst>
      <dst id="17">139093.3956</dst>
      <dst id="21">4452.2578</dst>
      <dst id="15">606.3200</dst>
    </src>
    <src id="1">
      <dst id="12">14411.8222</dst>
      <dst id="13">578.9511</dst>
      <dst id="19">163.9289</dst>
      <dst id="23">35.8667</dst>
      <dst id="8">112043.7867</dst>
      <dst id="18">15256.7733</dst>
      <dst id="4">3999.8311</dst>
      <dst id="1">9435.1911</dst>
      <dst id="5">204509.9289</dst>
      <dst id="3">246.9156</dst>
      <dst id="22">3206.4889</dst>
      <dst id="7">1270.9867</dst>
      <dst id="2">22565.6889</dst>
      <dst id="6">8889.0844</dst>
      <dst id="16">9301.6978</dst>
      <dst id="14">52.4356</dst>
      <dst id="20">105.0311</dst>
      <dst id="11">294.8889</dst>
      <dst id="9">210957.7244</dst>
      <dst id="17">2674.5156</dst>
      <dst id="21">6442.1956</dst>
      <dst id="15">290.6489</dst>
    </src>
    <src id="5">
      <dst id="12">312433.0400</dst>
      <dst id="13">14984.4889</dst>
      <dst id="19">170.8533</dst>
      <dst id="23">147.9467</dst>
      <dst id="8">7197.2800</dst>
      <dst id="18">321.6711</dst>
      <dst id="4">9273.0844</dst>
      <dst id="1">2706.2044</dst>
      <dst id="3">27.1289</dst>
      <dst id="22">13633.9911</dst>
      <dst id="7">256.1333</dst>
      <dst id="2">151828.2400</dst>
      <dst id="6">62.7022</dst>
      <dst id="16">631.7778</dst>
      <dst id="14">23.7156</dst>
      <dst id="20">15102.3200</dst>
      <dst id="11">1287.9289</dst>
      <dst id="9">2972.2578</dst>
      <dst id="17">120177.1289</dst>
      <dst id="21">361.9822</dst>
      <dst id="15">111.4133</dst>
    </src>
    <src id="3">
      <dst id="12">10778.5156</dst>
      <dst id="13">1404.4889</dst>
      <dst id="19">1379.9111</dst>
      <dst id="23">8322.3289</dst>
      <dst id="8">66.5600</dst>
      <dst id="18">81856.4533</dst>
      <dst id="4">17583.9200</dst>
      <dst id="1">11255.5467</dst>
      <dst id="5">502.5333</dst>
      <dst id="3">16298.7467</dst>
      <dst id="22">1069.5822</dst>
      <dst id="7">2417.3956</dst>
      <dst id="2">5399.9911</dst>
      <dst id="6">40.6933</dst>
      <dst id="16">875.0844</dst>
      <dst id="14">35195.5733</dst>
      <dst id="20">3920.6133</dst>
      <dst id="11">160785.1911</dst>
      <dst id="9">174.3467</dst>
      <dst id="17">9157.8578</dst>
      <dst id="21">13147.0844</dst>
      <dst id="15">69.1644</dst>
    </src>
    <src id="10">
      <dst id="12">16679.1822</dst>
      <dst id="19">3513.6356</dst>
      <dst id="8">566.5600</dst>
      <dst id="18">3829.3867</dst>
      <dst id="1">2943.2000</dst>
      <dst id="5">575.4578</dst>
      <dst id="3">2134.4000</dst>
      <dst id="22">14535.7778</dst>
      <dst id="7">5766.6311</dst>
      <dst id="2">18382.4178</dst>
      <dst id="6">14.1156</dst>
      <dst id="16">3033.2533</dst>
      <dst id="14">931.0667</dst>
      <dst id="20">4170.8800</dst>
      <dst id="11">6719.7600</dst>
      <dst id="9">2808.0978</dst>
      <dst id="17">19147.2089</dst>
      <dst id="21">16462.8089</dst>
      <dst id="15">1578.7911</dst>
    </src>
    <src id="22">
      <dst id="12">15394.3822</dst>
      <dst id="13">3431.9644</dst>
      <dst id="19">247.3511</dst>
      <dst id="23">89.7600</dst>
      <dst id="8">795.4667</dst>
      <dst id="18">1610.1867</dst>
      <dst id="4">14847.5644</dst>
      <dst id="1">210.5422</dst>
      <dst id="5">1790.6222</dst>
      <dst id="3">496.1511</dst>
      <dst id="7">920.1956</dst>
      <dst id="2">3050.2133</dst>
      <dst id="6">75.1644</dst>
      <dst id="16">6.3644</dst>
      <dst id="14">91.5822</dst>
      <dst id="11">2792.0533</dst>
      <dst id="9">7213.3778</dst>
      <dst id="17">5960.9422</dst>
      <dst id="21">575.0844</dst>
    </src>
    <src id="7">
      <dst id="12">7679.8311</dst>
      <dst id="13">1088.3467</dst>
      <dst id="19">354.9689</dst>
      <dst id="23">68.0356</dst>
      <dst id="8">402.9422</dst>
      <dst id="18">114.5156</dst>
      <dst id="4">14437.8756</dst>
      <dst id="1">2229.4311</dst>
      <dst id="5">1426.3467</dst>
      <dst id="3">13480.5600</dst>
      <dst id="22">3154.8533</dst>
      <dst id="7">879.7156</dst>
      <dst id="2">6633.6622</dst>
      <dst id="6">32.2667</dst>
      <dst id="16">909.6978</dst>
      <dst id="14">137.9111</dst>
      <dst id="20">401.7600</dst>
      <dst id="11">1075.0756</dst>
      <dst id="9">772.6044</dst>
      <dst id="17">10499.3600</dst>
      <dst id="21">2495.7067</dst>
      <dst id="15">287.0222</dst>
    </src>
    <src id="2">
      <dst id="12">109493.4844</dst>
      <dst id="13">515319.0844</dst>
      <dst id="19">242.6311</dst>
      <dst id="23">8.8356</dst>
      <dst id="8">1180.2222</dst>
      <dst id="18">60880.8444</dst>
      <dst id="4">69178.1422</dst>
      <dst id="1">14113.0044</dst>
      <dst id="5">1488.5600</dst>
      <dst id="3">79.6533</dst>
      <dst id="22">5519.5022</dst>
      <dst id="7">2884.1778</dst>
      <dst id="2">1031.9200</dst>
      <dst id="6">8451.2622</dst>
      <dst id="16">2176.3289</dst>
      <dst id="14">5975.5556</dst>
      <dst id="20">3011.8933</dst>
      <dst id="11">8040.6578</dst>
      <dst id="9">488.8444</dst>
      <dst id="17">29315.5111</dst>
      <dst id="21">1942.9956</dst>
      <dst id="15">229.1200</dst>
    </src>
    <src id="6">
      <dst id="12">11525.8844</dst>
      <dst id="13">74.3022</dst>
      <dst id="19">1.1911</dst>
      <dst id="23">39.0044</dst>
      <dst id="8">0.3556</dst>
      <dst id="4">1322.7111</dst>
      <dst id="1">2.9067</dst>
      <dst id="5">1.4667</dst>
      <dst id="22">1.7778</dst>
      <dst id="7">0.8178</dst>
      <dst id="2">2498.5956</dst>
      <dst id="11">30.6044</dst>
      <dst id="9">22.0711</dst>
      <dst id="17">1778.2133</dst>
      <dst id="21">1.8489</dst>
    </src>
    <src id="16">
      <dst id="12">2038.4800</dst>
      <dst id="13">928.9156</dst>
      <dst id="19">4357.8311</dst>
      <dst id="23">6.1422</dst>
      <dst id="8">3030.2844</dst>
      <dst id="18">8.2489</dst>
      <dst id="4">3466.5689</dst>
      <dst id="1">21700.5511</dst>
      <dst id="5">3165.4044</dst>
      <dst id="3">0.4178</dst>
      <dst id="7">97.6622</dst>
      <dst id="2">607.8844</dst>
      <dst id="6">1.0667</dst>
      <dst id="16">45.9911</dst>
      <dst id="11">191.2089</dst>
      <dst id="9">7778.0089</dst>
      <dst id="17">2125.7156</dst>
      <dst id="21">1449.5733</dst>
    </src>
    <src id="14">
      <dst id="12">19018.1333</dst>
      <dst id="13">48.1511</dst>
      <dst id="19">49.5200</dst>
      <dst id="8">2.9156</dst>
      <dst id="18">1.5200</dst>
      <dst id="4">1978.8089</dst>
      <dst id="1">54.7911</dst>
      <dst id="5">28.4444</dst>
      <dst id="3">2519.0311</dst>
      <dst id="22">11.2444</dst>
      <dst id="7">44.5156</dst>
      <dst id="2">5041.6356</dst>
      <dst id="20">1.1644</dst>
      <dst id="11">54.7022</dst>
      <dst id="17">7740.3733</dst>
      <dst id="21">77.9200</dst>
    </src>
    <src id="20">
      <dst id="12">3241.9556</dst>
      <dst id="13">6094.8356</dst>
      <dst id="19">16.1156</dst>
      <dst id="23">55.1822</dst>
      <dst id="8">157.8933</dst>
      <dst id="18">10.2667</dst>
      <dst id="4">9013.4489</dst>
      <dst id="1">248.5956</dst>
      <dst id="5">2219.3244</dst>
      <dst id="3">658.4356</dst>
      <dst id="7">1189.2889</dst>
      <dst id="2">622.6844</dst>
      <dst id="14">0.4356</dst>
      <dst id="11">1993.8133</dst>
      <dst id="9">4549.0489</dst>
      <dst id="17">9729.3689</dst>
      <dst id="21">3792.3378</dst>
    </src>
    <src id="11">
      <dst id="12">419982.2667</dst>
      <dst id="13">4220.6489</dst>
      <dst id="19">69.0489</dst>
      <dst id="23">2.5956</dst>
      <dst id="8">894.0978</dst>
      <dst id="18">63.1644</dst>
      <dst id="4">7846.3378</dst>
      <dst id="1">594.3200</dst>
      <dst id="5">1675.7244</dst>
      <dst id="3">215.3067</dst>
      <dst id="22">1370.0978</dst>
      <dst id="7">298.8356</dst>
      <dst id="2">171837.2356</dst>
      <dst id="6">0.7111</dst>
      <dst id="16">253.9911</dst>
      <dst id="14">22.3022</dst>
      <dst id="20">253.8578</dst>
      <dst id="11">966.3822</dst>
      <dst id="9">957.3333</dst>
      <dst id="17">174595.5733</dst>
      <dst id="21">779.5111</dst>
      <dst id="15">246.3022</dst>
    </src>
    <src id="9">
      <dst id="12">446709.2178</dst>
      <dst id="13">3838.3022</dst>
      <dst id="19">265.4578</dst>
      <dst id="23">13.4578</dst>
      <dst id="8">142.1067</dst>
      <dst id="18">436.6133</dst>
      <dst id="4">6720.3822</dst>
      <dst id="1">3269.8133</dst>
      <dst id="5">13648.2667</dst>
      <dst id="22">2574.4889</dst>
      <dst id="7">751.9378</dst>
      <dst id="2">162325.6800</dst>
      <dst id="6">0.6667</dst>
      <dst id="16">2286.2756</dst>
      <dst id="14">2.6311</dst>
      <dst id="20">1061.0044</dst>
      <dst id="11">915.4133</dst>
      <dst id="9">252.3111</dst>
      <dst id="17">195304.3378</dst>
      <dst id="21">3613.0667</dst>
      <dst id="15">5642.9156</dst>
    </src>
    <src id="17">
      <dst id="12">9108.8178</dst>
      <dst id="13">33853.4756</dst>
      <dst id="19">1274.2578</dst>
      <dst id="23">148.0000</dst>
      <dst id="8">145203.4044</dst>
      <dst id="18">259.3778</dst>
      <dst id="4">35332.2667</dst>
      <dst id="1">714.4356</dst>
      <dst id="5">213399.7422</dst>
      <dst id="3">4853.8578</dst>
      <dst id="22">3761.6978</dst>
      <dst id="7">2409.1733</dst>
      <dst id="2">25823.5822</dst>
      <dst id="6">71.5289</dst>
      <dst id="16">12519.7244</dst>
      <dst id="14">23639.1644</dst>
      <dst id="20">2136.6489</dst>
      <dst id="11">129195.1822</dst>
      <dst id="9">189451.4756</dst>
      <dst id="17">1410.3733</dst>
      <dst id="21">11945.7067</dst>
      <dst id="15">212.3289</dst>
    </src>
    <src id="21">
      <dst id="12">15919.4844</dst>
      <dst id="13">264.9244</dst>
      <dst id="19">186.4356</dst>
      <dst id="23">44.1956</dst>
      <dst id="8">75.3244</dst>
      <dst id="18">15928.5333</dst>
      <dst id="4">21414.0267</dst>
      <dst id="1">1412.6667</dst>
      <dst id="5">519.4933</dst>
      <dst id="3">1297.6444</dst>
      <dst id="22">608.8000</dst>
      <dst id="7">513.3600</dst>
      <dst id="2">14205.0844</dst>
      <dst id="6">29.1467</dst>
      <dst id="16">290.4000</dst>
      <dst id="14">382.6844</dst>
      <dst id="20">195.4489</dst>
      <dst id="11">2589.6622</dst>
      <dst id="9">571.6178</dst>
      <dst id="17">5861.0311</dst>
      <dst id="21">853.1111</dst>
      <dst id="15">87.8133</dst>
    </src>
    <src id="15">
      <dst id="12">8079.4667</dst>
      <dst id="13">419.5200</dst>
      <dst id="19">1.3333</dst>
      <dst id="23">0.4622</dst>
      <dst id="8">83.4133</dst>
      <dst id="18">2.4356</dst>
      <dst id="4">1840.9156</dst>
      <dst id="1">819.4667</dst>
      <dst id="5">7.2444</dst>
      <dst id="3">22.2222</dst>
      <dst id="7">6.4800</dst>
      <dst id="2">212.1511</dst>
      <dst id="11">264.5600</dst>
      <dst id="9">201.5200</dst>
      <dst id="17">10517.6000</dst>
      <dst id="21">767.6711</dst>
    </src>
  </IntraTM>
</TrafficMatrixFile>
