<?xml version="1.0" encoding="UTF-8" standalone="yes"?>
<TrafficMatrixFile xmlns:xsi="http://www.w3.org/2001/XMLSchema-instance" xsi:noNamespaceSchemaLocation="http://totem.run.montefiore.ulg.ac.be/Schema/TrafficMatrix-v1_2.xsd">
  <info>
    <title>Intradomain traffic matrix generated by geant-TM-all.pl</title>
    <date>2005-01-03T01:15:00</date>
    <duration>900</duration>
    <author>Steve Uhlig</author>
    <units>
        <unit type="bandwidth" value="kbps"/>
    </units>
  </info>
  <IntraTM ASID="20965">
    <src id="12">
      <dst id="12">286387.4756</dst>
      <dst id="13">34725.6711</dst>
      <dst id="19">3506.0533</dst>
      <dst id="23">7666.7200</dst>
      <dst id="8">4881.3156</dst>
      <dst id="18">7721.3600</dst>
      <dst id="4">113204.3556</dst>
      <dst id="1">12083.6089</dst>
      <dst id="5">2669.2711</dst>
      <dst id="3">18515.5467</dst>
      <dst id="22">57095.5467</dst>
      <dst id="7">4767.4933</dst>
      <dst id="2">107610.9956</dst>
      <dst id="6">60.2044</dst>
      <dst id="16">3944.6311</dst>
      <dst id="14">148.0089</dst>
      <dst id="20">6886.4622</dst>
      <dst id="11">7277.0844</dst>
      <dst id="9">6991.7333</dst>
      <dst id="17">77298.4444</dst>
      <dst id="21">24085.2267</dst>
      <dst id="15">3143.7600</dst>
    </src>
    <src id="13">
      <dst id="12">65129.5378</dst>
      <dst id="19">34498.4978</dst>
      <dst id="23">337.9911</dst>
      <dst id="8">4760.7822</dst>
      <dst id="18">9359.8044</dst>
      <dst id="1">9405.6622</dst>
      <dst id="5">7080.8800</dst>
      <dst id="3">24978.0622</dst>
      <dst id="22">31162.3467</dst>
      <dst id="7">25073.0667</dst>
      <dst id="2">124801.6800</dst>
      <dst id="6">76.5600</dst>
      <dst id="16">11425.0578</dst>
      <dst id="14">4706.1067</dst>
      <dst id="20">19874.7822</dst>
      <dst id="11">26928.1778</dst>
      <dst id="9">16734.8178</dst>
      <dst id="17">80180.9156</dst>
      <dst id="21">30623.9911</dst>
      <dst id="15">8905.0933</dst>
    </src>
    <src id="19">
      <dst id="12">12540.0178</dst>
      <dst id="13">1848.9511</dst>
      <dst id="23">23.8311</dst>
      <dst id="8">5.5822</dst>
      <dst id="18">137.6267</dst>
      <dst id="4">23242.5067</dst>
      <dst id="1">1018.0444</dst>
      <dst id="5">113.1733</dst>
      <dst id="3">127.0578</dst>
      <dst id="22">149.5644</dst>
      <dst id="7">4505.6089</dst>
      <dst id="2">4474.9956</dst>
      <dst id="6">48.7556</dst>
      <dst id="16">6379.3867</dst>
      <dst id="14">25.1733</dst>
      <dst id="20">92.0533</dst>
      <dst id="11">344.8178</dst>
      <dst id="9">4367.2889</dst>
      <dst id="17">2709.4311</dst>
      <dst id="21">19721.6711</dst>
      <dst id="15">34.7733</dst>
    </src>
    <src id="23">
      <dst id="12">599.7422</dst>
      <dst id="13">121.1644</dst>
      <dst id="19">18.7556</dst>
      <dst id="8">13.7956</dst>
      <dst id="18">41.8222</dst>
      <dst id="4">96.6844</dst>
      <dst id="1">60.9867</dst>
      <dst id="5">82.1422</dst>
      <dst id="3">657.4400</dst>
      <dst id="22">1138.2133</dst>
      <dst id="7">440.9333</dst>
      <dst id="2">459.7867</dst>
      <dst id="6">69.7156</dst>
      <dst id="16">138.5067</dst>
      <dst id="14">1.3422</dst>
      <dst id="20">118.9156</dst>
      <dst id="11">1288.5956</dst>
      <dst id="9">435.9822</dst>
      <dst id="17">340.8267</dst>
      <dst id="21">551.1467</dst>
      <dst id="15">0.4622</dst>
    </src>
    <src id="8">
      <dst id="12">411535.0400</dst>
      <dst id="13">3326.5067</dst>
      <dst id="19">0.8889</dst>
      <dst id="23">0.3556</dst>
      <dst id="18">7179.8311</dst>
      <dst id="4">10006.5333</dst>
      <dst id="1">1174.7822</dst>
      <dst id="5">3050.6844</dst>
      <dst id="3">1.6356</dst>
      <dst id="22">3406.0000</dst>
      <dst id="7">127.2800</dst>
      <dst id="2">165324.4444</dst>
      <dst id="6">127.0400</dst>
      <dst id="16">874.4089</dst>
      <dst id="14">223.5111</dst>
      <dst id="20">3568.5600</dst>
      <dst id="11">1262.2133</dst>
      <dst id="9">948.8711</dst>
      <dst id="17">154382.9956</dst>
      <dst id="21">442.7289</dst>
      <dst id="15">26.7378</dst>
    </src>
    <src id="18">
      <dst id="12">138318.2578</dst>
      <dst id="13">227.2800</dst>
      <dst id="19">43.6533</dst>
      <dst id="23">4.7111</dst>
      <dst id="8">2215.0844</dst>
      <dst id="4">1734.0444</dst>
      <dst id="1">1241.4844</dst>
      <dst id="5">161.5911</dst>
      <dst id="3">148.5333</dst>
      <dst id="22">549.1911</dst>
      <dst id="7">588.0000</dst>
      <dst id="2">55121.1467</dst>
      <dst id="16">58.1244</dst>
      <dst id="14">2.7733</dst>
      <dst id="20">163.5022</dst>
      <dst id="11">245.7333</dst>
      <dst id="9">292.6578</dst>
      <dst id="17">46694.3556</dst>
      <dst id="21">1116.8089</dst>
      <dst id="15">7.6356</dst>
    </src>
    <src id="4">
      <dst id="12">57559.9289</dst>
      <dst id="19">10543.4311</dst>
      <dst id="23">14.2222</dst>
      <dst id="8">2101.2444</dst>
      <dst id="18">3059.6889</dst>
      <dst id="4">1.6622</dst>
      <dst id="1">154516.1689</dst>
      <dst id="5">1551.3156</dst>
      <dst id="3">2806.5956</dst>
      <dst id="22">10259.7600</dst>
      <dst id="7">138155.4756</dst>
      <dst id="2">124675.8489</dst>
      <dst id="6">278.4622</dst>
      <dst id="16">2356.3111</dst>
      <dst id="14">1439.4578</dst>
      <dst id="20">2637.3689</dst>
      <dst id="11">4478.2044</dst>
      <dst id="9">6127.6622</dst>
      <dst id="17">115978.2044</dst>
      <dst id="21">11605.1644</dst>
      <dst id="15">325.5556</dst>
    </src>
    <src id="1">
      <dst id="12">22144.0178</dst>
      <dst id="13">754.8178</dst>
      <dst id="19">1556.9244</dst>
      <dst id="23">75.3067</dst>
      <dst id="8">183624.3022</dst>
      <dst id="18">15472.1778</dst>
      <dst id="4">20733.4489</dst>
      <dst id="1">21995.2889</dst>
      <dst id="5">247335.0222</dst>
      <dst id="3">368.7022</dst>
      <dst id="22">5819.8489</dst>
      <dst id="7">2735.8578</dst>
      <dst id="2">57028.5778</dst>
      <dst id="6">13488.3289</dst>
      <dst id="16">8462.8889</dst>
      <dst id="14">62.4178</dst>
      <dst id="20">184.9156</dst>
      <dst id="11">853.4311</dst>
      <dst id="9">278188.9867</dst>
      <dst id="17">10221.1733</dst>
      <dst id="21">19017.6444</dst>
      <dst id="15">142.6844</dst>
    </src>
    <src id="5">
      <dst id="12">302286.5156</dst>
      <dst id="13">1800.4356</dst>
      <dst id="19">610.5244</dst>
      <dst id="23">56.6044</dst>
      <dst id="8">41070.7200</dst>
      <dst id="18">143.3956</dst>
      <dst id="4">8712.6311</dst>
      <dst id="1">655.4667</dst>
      <dst id="3">27.2711</dst>
      <dst id="22">6996.8711</dst>
      <dst id="7">194.7822</dst>
      <dst id="2">132573.0667</dst>
      <dst id="6">50.4711</dst>
      <dst id="16">1152.6844</dst>
      <dst id="14">77.3422</dst>
      <dst id="20">8723.8311</dst>
      <dst id="11">1741.8756</dst>
      <dst id="9">3357.0133</dst>
      <dst id="17">106884.4978</dst>
      <dst id="21">433.5911</dst>
      <dst id="15">3235.2444</dst>
    </src>
    <src id="3">
      <dst id="12">15304.5867</dst>
      <dst id="13">1137.6800</dst>
      <dst id="19">1312.1867</dst>
      <dst id="23">144.9689</dst>
      <dst id="8">2739.8844</dst>
      <dst id="18">217986.0089</dst>
      <dst id="4">54405.0133</dst>
      <dst id="1">9710.1511</dst>
      <dst id="5">680.2933</dst>
      <dst id="3">23326.1600</dst>
      <dst id="22">1843.8044</dst>
      <dst id="7">4006.0711</dst>
      <dst id="2">11026.8089</dst>
      <dst id="6">42.8533</dst>
      <dst id="16">3250.2044</dst>
      <dst id="14">37992.5422</dst>
      <dst id="20">224.8178</dst>
      <dst id="11">222654.7378</dst>
      <dst id="9">562.2489</dst>
      <dst id="17">14203.2089</dst>
      <dst id="21">11108.6044</dst>
      <dst id="15">34.6400</dst>
    </src>
    <src id="10">
      <dst id="12">16354.6844</dst>
      <dst id="19">2637.5022</dst>
      <dst id="8">2086.6311</dst>
      <dst id="18">7093.8311</dst>
      <dst id="1">5638.2489</dst>
      <dst id="5">1770.1600</dst>
      <dst id="3">24632.3556</dst>
      <dst id="22">8454.3644</dst>
      <dst id="7">11926.5244</dst>
      <dst id="2">36775.5200</dst>
      <dst id="6">32.4622</dst>
      <dst id="16">4238.3200</dst>
      <dst id="14">4572.5689</dst>
      <dst id="20">7473.5644</dst>
      <dst id="11">13259.4400</dst>
      <dst id="9">1750.3289</dst>
      <dst id="17">22722.7200</dst>
      <dst id="21">19677.8400</dst>
      <dst id="15">3068.9956</dst>
    </src>
    <src id="22">
      <dst id="12">18015.5556</dst>
      <dst id="13">8668.5867</dst>
      <dst id="19">166.2133</dst>
      <dst id="23">731.8400</dst>
      <dst id="8">3786.1244</dst>
      <dst id="18">1377.2444</dst>
      <dst id="4">25878.2133</dst>
      <dst id="1">4516.3644</dst>
      <dst id="5">3450.8000</dst>
      <dst id="3">1060.2222</dst>
      <dst id="7">402.5067</dst>
      <dst id="2">5422.5244</dst>
      <dst id="6">11.9822</dst>
      <dst id="16">14.5600</dst>
      <dst id="14">58.8622</dst>
      <dst id="11">5204.8356</dst>
      <dst id="9">4318.1156</dst>
      <dst id="17">12912.5333</dst>
      <dst id="21">3922.8444</dst>
    </src>
    <src id="7">
      <dst id="12">7023.8133</dst>
      <dst id="13">324.0267</dst>
      <dst id="19">1231.6089</dst>
      <dst id="23">446.3022</dst>
      <dst id="8">876.5511</dst>
      <dst id="18">1146.3911</dst>
      <dst id="4">43389.3156</dst>
      <dst id="1">14658.3378</dst>
      <dst id="5">1247.8489</dst>
      <dst id="3">933.8311</dst>
      <dst id="22">3850.3822</dst>
      <dst id="7">819.8311</dst>
      <dst id="2">20936.2311</dst>
      <dst id="6">23.5111</dst>
      <dst id="16">1934.0089</dst>
      <dst id="14">129.8756</dst>
      <dst id="20">1667.2444</dst>
      <dst id="11">4209.9022</dst>
      <dst id="9">1762.4889</dst>
      <dst id="17">22462.8711</dst>
      <dst id="21">18526.1867</dst>
      <dst id="15">832.2933</dst>
    </src>
    <src id="2">
      <dst id="12">123914.3289</dst>
      <dst id="13">483895.8489</dst>
      <dst id="19">1219.3511</dst>
      <dst id="23">87.3956</dst>
      <dst id="8">1081.6267</dst>
      <dst id="18">176088.5867</dst>
      <dst id="4">135743.8133</dst>
      <dst id="1">9564.9333</dst>
      <dst id="5">3390.3644</dst>
      <dst id="3">2275.8933</dst>
      <dst id="22">1832.2667</dst>
      <dst id="7">12156.2756</dst>
      <dst id="2">998.6489</dst>
      <dst id="6">10190.3378</dst>
      <dst id="16">3632.0533</dst>
      <dst id="14">5685.0133</dst>
      <dst id="20">3859.6444</dst>
      <dst id="11">2779.9644</dst>
      <dst id="9">1478.2311</dst>
      <dst id="17">75892.5956</dst>
      <dst id="21">10779.5378</dst>
      <dst id="15">160.2844</dst>
    </src>
    <src id="6">
      <dst id="12">12088.2844</dst>
      <dst id="13">7.1378</dst>
      <dst id="19">109.5822</dst>
      <dst id="23">12.1778</dst>
      <dst id="8">74.2311</dst>
      <dst id="18">0.4978</dst>
      <dst id="4">69.0133</dst>
      <dst id="1">49.1200</dst>
      <dst id="5">24.7822</dst>
      <dst id="3">45.6533</dst>
      <dst id="22">2.2222</dst>
      <dst id="7">17.6000</dst>
      <dst id="2">3525.1378</dst>
      <dst id="16">20.5867</dst>
      <dst id="11">95.5111</dst>
      <dst id="9">14.4089</dst>
      <dst id="17">1861.7156</dst>
      <dst id="21">32.2489</dst>
    </src>
    <src id="16">
      <dst id="12">3259.1733</dst>
      <dst id="13">1158.0889</dst>
      <dst id="19">3950.1422</dst>
      <dst id="23">189.2000</dst>
      <dst id="8">5162.1244</dst>
      <dst id="18">232.8178</dst>
      <dst id="4">10600.4978</dst>
      <dst id="1">19779.8222</dst>
      <dst id="5">5362.6311</dst>
      <dst id="3">258.2222</dst>
      <dst id="7">5456.4444</dst>
      <dst id="2">1636.6667</dst>
      <dst id="6">0.7822</dst>
      <dst id="16">56.9333</dst>
      <dst id="14">308.4444</dst>
      <dst id="11">660.8356</dst>
      <dst id="9">9236.9333</dst>
      <dst id="17">6040.1956</dst>
      <dst id="21">849.5911</dst>
    </src>
    <src id="14">
      <dst id="12">17726.7822</dst>
      <dst id="13">20.4711</dst>
      <dst id="19">20.3733</dst>
      <dst id="23">74.7378</dst>
      <dst id="8">526.9600</dst>
      <dst id="18">1.0667</dst>
      <dst id="4">2193.7067</dst>
      <dst id="1">41.5556</dst>
      <dst id="5">2.7378</dst>
      <dst id="3">193.6000</dst>
      <dst id="22">39.9733</dst>
      <dst id="7">111.8311</dst>
      <dst id="2">4832.4089</dst>
      <dst id="6">3.9111</dst>
      <dst id="16">6.7644</dst>
      <dst id="20">44.4089</dst>
      <dst id="11">288.8444</dst>
      <dst id="9">138.8356</dst>
      <dst id="17">6674.3556</dst>
      <dst id="21">72.7556</dst>
      <dst id="15">23.8756</dst>
    </src>
    <src id="20">
      <dst id="12">25818.2578</dst>
      <dst id="13">9711.6089</dst>
      <dst id="19">896.3111</dst>
      <dst id="23">3664.8178</dst>
      <dst id="8">3471.5378</dst>
      <dst id="18">330.2933</dst>
      <dst id="4">26432.3111</dst>
      <dst id="1">292.3289</dst>
      <dst id="5">6831.2356</dst>
      <dst id="3">625.7600</dst>
      <dst id="22">0.9867</dst>
      <dst id="7">377.1289</dst>
      <dst id="2">6164.4000</dst>
      <dst id="6">12.8000</dst>
      <dst id="14">2.9422</dst>
      <dst id="11">1989.8400</dst>
      <dst id="9">3460.2756</dst>
      <dst id="17">3321.8578</dst>
      <dst id="21">1212.1778</dst>
    </src>
    <src id="11">
      <dst id="12">460962.9511</dst>
      <dst id="13">8519.5733</dst>
      <dst id="19">98.8622</dst>
      <dst id="23">83.2356</dst>
      <dst id="8">2106.8178</dst>
      <dst id="18">873.2889</dst>
      <dst id="4">16987.3333</dst>
      <dst id="1">568.1422</dst>
      <dst id="5">1082.1422</dst>
      <dst id="3">1178.8800</dst>
      <dst id="22">3953.7867</dst>
      <dst id="7">817.8844</dst>
      <dst id="2">170521.8933</dst>
      <dst id="6">3.0578</dst>
      <dst id="16">709.9644</dst>
      <dst id="14">155.2711</dst>
      <dst id="20">221.7778</dst>
      <dst id="11">1730.9956</dst>
      <dst id="9">4962.3556</dst>
      <dst id="17">168098.5422</dst>
      <dst id="21">1619.7156</dst>
      <dst id="15">1043.3778</dst>
    </src>
    <src id="9">
      <dst id="12">434799.8578</dst>
      <dst id="13">955.9644</dst>
      <dst id="19">239.9200</dst>
      <dst id="23">35.9733</dst>
      <dst id="8">2716.8089</dst>
      <dst id="18">4109.1911</dst>
      <dst id="4">13052.3644</dst>
      <dst id="1">3914.5067</dst>
      <dst id="5">1667.6356</dst>
      <dst id="3">9.6178</dst>
      <dst id="22">2312.2311</dst>
      <dst id="7">2285.4133</dst>
      <dst id="2">158192.6311</dst>
      <dst id="6">1.8844</dst>
      <dst id="16">1218.9956</dst>
      <dst id="14">13.9022</dst>
      <dst id="20">3075.5556</dst>
      <dst id="11">2236.6844</dst>
      <dst id="9">645.9022</dst>
      <dst id="17">173395.1111</dst>
      <dst id="21">2087.0844</dst>
      <dst id="15">4836.8089</dst>
    </src>
    <src id="17">
      <dst id="12">22317.1644</dst>
      <dst id="13">27261.3600</dst>
      <dst id="19">1173.7956</dst>
      <dst id="23">190.8533</dst>
      <dst id="8">196380.5867</dst>
      <dst id="18">3910.6489</dst>
      <dst id="4">86107.9822</dst>
      <dst id="1">9076.5867</dst>
      <dst id="5">243221.5822</dst>
      <dst id="3">29031.9911</dst>
      <dst id="22">15756.3911</dst>
      <dst id="7">24579.3600</dst>
      <dst id="2">101523.1022</dst>
      <dst id="6">94.9689</dst>
      <dst id="16">11159.7511</dst>
      <dst id="14">23691.4311</dst>
      <dst id="20">1793.4400</dst>
      <dst id="11">172079.0400</dst>
      <dst id="9">230944.2489</dst>
      <dst id="17">2086.8267</dst>
      <dst id="21">17511.7867</dst>
      <dst id="15">161.0044</dst>
    </src>
    <src id="21">
      <dst id="12">20651.5733</dst>
      <dst id="13">1501.1644</dst>
      <dst id="19">919.6533</dst>
      <dst id="23">266.8000</dst>
      <dst id="8">516.8889</dst>
      <dst id="18">2350.5333</dst>
      <dst id="4">37907.5467</dst>
      <dst id="1">4301.8311</dst>
      <dst id="5">713.6533</dst>
      <dst id="3">2501.4667</dst>
      <dst id="22">3352.1867</dst>
      <dst id="7">3385.1733</dst>
      <dst id="2">13391.4933</dst>
      <dst id="6">31.4756</dst>
      <dst id="16">440.1689</dst>
      <dst id="14">101.4756</dst>
      <dst id="20">236.6311</dst>
      <dst id="11">1115.0133</dst>
      <dst id="9">3713.7067</dst>
      <dst id="17">10714.4889</dst>
      <dst id="21">3887.0578</dst>
      <dst id="15">76.2667</dst>
    </src>
    <src id="15">
      <dst id="12">4424.7378</dst>
      <dst id="13">660.7733</dst>
      <dst id="19">1.6889</dst>
      <dst id="23">50.4889</dst>
      <dst id="8">1654.2311</dst>
      <dst id="18">26.5867</dst>
      <dst id="4">7933.2178</dst>
      <dst id="1">458.4889</dst>
      <dst id="5">287.1200</dst>
      <dst id="3">12.2933</dst>
      <dst id="7">67.1200</dst>
      <dst id="2">1945.4667</dst>
      <dst id="6">0.3556</dst>
      <dst id="14">51.6889</dst>
      <dst id="11">177.4756</dst>
      <dst id="9">1461.8400</dst>
      <dst id="17">1556.4978</dst>
      <dst id="21">274.2133</dst>
    </src>
  </IntraTM>
</TrafficMatrixFile>
