<?xml version="1.0" encoding="UTF-8" standalone="yes"?>
<TrafficMatrixFile xmlns:xsi="http://www.w3.org/2001/XMLSchema-instance" xsi:noNamespaceSchemaLocation="http://totem.run.montefiore.ulg.ac.be/Schema/TrafficMatrix-v1_2.xsd">
  <info>
    <title>Intradomain traffic matrix generated by geant-TM-all.pl</title>
    <date>2005-01-01T21:30:00</date>
    <duration>900</duration>
    <author>Steve Uhlig</author>
    <units>
        <unit type="bandwidth" value="kbps"/>
    </units>
  </info>
  <IntraTM ASID="20965">
    <src id="12">
      <dst id="12">362853.1467</dst>
      <dst id="13">18952.6311</dst>
      <dst id="19">4364.5156</dst>
      <dst id="23">526.1778</dst>
      <dst id="8">7702.0800</dst>
      <dst id="18">5261.1556</dst>
      <dst id="4">77070.4356</dst>
      <dst id="1">9398.8622</dst>
      <dst id="5">14970.1778</dst>
      <dst id="3">12595.2089</dst>
      <dst id="22">21164.6400</dst>
      <dst id="7">3469.7067</dst>
      <dst id="2">120520.1689</dst>
      <dst id="6">369.4933</dst>
      <dst id="16">9679.0578</dst>
      <dst id="14">1526.4356</dst>
      <dst id="20">17112.6311</dst>
      <dst id="11">5775.9200</dst>
      <dst id="9">34441.3422</dst>
      <dst id="17">85236.7556</dst>
      <dst id="21">26729.0844</dst>
      <dst id="15">3086.2844</dst>
    </src>
    <src id="13">
      <dst id="12">70644.5333</dst>
      <dst id="19">11652.1956</dst>
      <dst id="23">172.9600</dst>
      <dst id="8">5766.3733</dst>
      <dst id="18">11886.7289</dst>
      <dst id="1">4653.4400</dst>
      <dst id="5">21713.5733</dst>
      <dst id="3">33561.8844</dst>
      <dst id="22">35848.2489</dst>
      <dst id="7">17050.6756</dst>
      <dst id="2">142108.5333</dst>
      <dst id="6">40.2844</dst>
      <dst id="16">9368.2933</dst>
      <dst id="14">5991.2000</dst>
      <dst id="20">25882.8178</dst>
      <dst id="11">22950.2933</dst>
      <dst id="9">18214.0978</dst>
      <dst id="17">61980.6044</dst>
      <dst id="21">31796.4089</dst>
      <dst id="15">17367.3600</dst>
    </src>
    <src id="19">
      <dst id="12">20605.0578</dst>
      <dst id="13">3642.9689</dst>
      <dst id="23">68.2222</dst>
      <dst id="8">105.7067</dst>
      <dst id="18">154.0978</dst>
      <dst id="4">17254.6222</dst>
      <dst id="1">7.4400</dst>
      <dst id="5">68.6044</dst>
      <dst id="3">6772.4622</dst>
      <dst id="22">1912.4000</dst>
      <dst id="7">3978.2222</dst>
      <dst id="2">1176.8444</dst>
      <dst id="6">72.8533</dst>
      <dst id="16">8147.2533</dst>
      <dst id="14">0.3556</dst>
      <dst id="20">185.7244</dst>
      <dst id="11">34.6578</dst>
      <dst id="9">4755.0222</dst>
      <dst id="17">525.4756</dst>
      <dst id="21">475.0222</dst>
      <dst id="15">47.5644</dst>
    </src>
    <src id="23">
      <dst id="12">2570.6933</dst>
      <dst id="13">193.2089</dst>
      <dst id="19">16.5067</dst>
      <dst id="8">15.7244</dst>
      <dst id="18">157.9111</dst>
      <dst id="1">95.6089</dst>
      <dst id="5">13.5822</dst>
      <dst id="3">329.6622</dst>
      <dst id="22">1158.6667</dst>
      <dst id="7">39.2622</dst>
      <dst id="2">194.6400</dst>
      <dst id="6">4.0711</dst>
      <dst id="16">178.2400</dst>
      <dst id="14">2507.0222</dst>
      <dst id="20">165.4400</dst>
      <dst id="11">217.0667</dst>
      <dst id="9">178.3822</dst>
      <dst id="17">265.4222</dst>
      <dst id="21">3766.5156</dst>
      <dst id="15">4.0178</dst>
    </src>
    <src id="8">
      <dst id="12">451001.6178</dst>
      <dst id="13">1551.6711</dst>
      <dst id="19">1476.7378</dst>
      <dst id="23">330.9511</dst>
      <dst id="18">705.2267</dst>
      <dst id="4">7296.3022</dst>
      <dst id="1">271.4400</dst>
      <dst id="5">14234.1511</dst>
      <dst id="3">399.8489</dst>
      <dst id="22">1976.4267</dst>
      <dst id="7">572.2044</dst>
      <dst id="2">166813.3689</dst>
      <dst id="6">0.7111</dst>
      <dst id="16">717.5289</dst>
      <dst id="14">20.1067</dst>
      <dst id="20">727.6711</dst>
      <dst id="11">733.1289</dst>
      <dst id="9">12986.0889</dst>
      <dst id="17">103444.0533</dst>
      <dst id="21">1484.3378</dst>
      <dst id="15">3250.8000</dst>
    </src>
    <src id="18">
      <dst id="12">158964.2756</dst>
      <dst id="13">1002.1067</dst>
      <dst id="19">878.8178</dst>
      <dst id="23">134.1867</dst>
      <dst id="8">3839.1822</dst>
      <dst id="4">1824.3556</dst>
      <dst id="1">961.6622</dst>
      <dst id="5">546.2578</dst>
      <dst id="3">243.6622</dst>
      <dst id="22">286.0178</dst>
      <dst id="7">105.8578</dst>
      <dst id="2">50959.4578</dst>
      <dst id="16">6.7200</dst>
      <dst id="14">38.2311</dst>
      <dst id="20">58.9956</dst>
      <dst id="11">236.0800</dst>
      <dst id="9">989.5822</dst>
      <dst id="17">33388.8533</dst>
      <dst id="21">1372.3644</dst>
      <dst id="15">6.0622</dst>
    </src>
    <src id="4">
      <dst id="12">19765.0933</dst>
      <dst id="19">9639.8044</dst>
      <dst id="23">0.8178</dst>
      <dst id="8">3820.6933</dst>
      <dst id="18">1333.5022</dst>
      <dst id="4">0.9600</dst>
      <dst id="1">11257.9911</dst>
      <dst id="5">3333.9289</dst>
      <dst id="3">36195.1289</dst>
      <dst id="22">12050.5778</dst>
      <dst id="7">62187.2444</dst>
      <dst id="2">82595.7422</dst>
      <dst id="6">2.4533</dst>
      <dst id="16">3196.7111</dst>
      <dst id="14">4749.4044</dst>
      <dst id="20">3199.7067</dst>
      <dst id="11">7330.2133</dst>
      <dst id="9">8470.8178</dst>
      <dst id="17">32310.9600</dst>
      <dst id="21">12732.4711</dst>
      <dst id="15">675.3600</dst>
    </src>
    <src id="1">
      <dst id="12">23075.8844</dst>
      <dst id="13">649.0667</dst>
      <dst id="19">25.7689</dst>
      <dst id="23">976.7022</dst>
      <dst id="8">241521.4133</dst>
      <dst id="18">15065.3600</dst>
      <dst id="4">5123.8489</dst>
      <dst id="1">67.9289</dst>
      <dst id="5">303100.6044</dst>
      <dst id="3">67612.3111</dst>
      <dst id="22">11451.1911</dst>
      <dst id="7">4461.5200</dst>
      <dst id="2">17051.5644</dst>
      <dst id="6">7696.4533</dst>
      <dst id="16">12538.5422</dst>
      <dst id="14">497.6267</dst>
      <dst id="20">383.0578</dst>
      <dst id="11">3026.0178</dst>
      <dst id="9">423790.7644</dst>
      <dst id="17">7656.2044</dst>
      <dst id="21">20396.9156</dst>
      <dst id="15">205.0933</dst>
    </src>
    <src id="5">
      <dst id="12">370361.9556</dst>
      <dst id="13">5539.3956</dst>
      <dst id="19">100.6222</dst>
      <dst id="23">13.7956</dst>
      <dst id="8">25134.4267</dst>
      <dst id="18">611.2356</dst>
      <dst id="4">8558.6133</dst>
      <dst id="1">138.7200</dst>
      <dst id="3">1915.4044</dst>
      <dst id="22">9422.1244</dst>
      <dst id="7">338.0978</dst>
      <dst id="2">166973.7422</dst>
      <dst id="6">1.1733</dst>
      <dst id="16">1362.6933</dst>
      <dst id="14">1.5467</dst>
      <dst id="20">3666.2489</dst>
      <dst id="11">3095.4667</dst>
      <dst id="9">4410.4089</dst>
      <dst id="17">92145.6978</dst>
      <dst id="21">809.0578</dst>
      <dst id="15">1339.4844</dst>
    </src>
    <src id="3">
      <dst id="12">17977.6267</dst>
      <dst id="13">632.1778</dst>
      <dst id="19">1987.1289</dst>
      <dst id="23">168.3644</dst>
      <dst id="8">168.1244</dst>
      <dst id="18">184933.2089</dst>
      <dst id="4">64391.7600</dst>
      <dst id="1">6353.6533</dst>
      <dst id="5">962.6667</dst>
      <dst id="3">27752.4622</dst>
      <dst id="22">3337.6356</dst>
      <dst id="7">3348.1600</dst>
      <dst id="2">7336.2756</dst>
      <dst id="6">15.5911</dst>
      <dst id="16">1927.7422</dst>
      <dst id="14">59319.0133</dst>
      <dst id="20">3547.5556</dst>
      <dst id="11">290415.4489</dst>
      <dst id="9">3413.6356</dst>
      <dst id="17">16709.4578</dst>
      <dst id="21">10562.5689</dst>
      <dst id="15">463.4667</dst>
    </src>
    <src id="10">
      <dst id="12">13944.6756</dst>
      <dst id="19">1236.6756</dst>
      <dst id="8">1722.1511</dst>
      <dst id="18">4288.0800</dst>
      <dst id="1">2073.8222</dst>
      <dst id="5">2126.6667</dst>
      <dst id="3">20715.6533</dst>
      <dst id="22">8821.4311</dst>
      <dst id="7">5094.3378</dst>
      <dst id="2">46962.1333</dst>
      <dst id="6">1.3956</dst>
      <dst id="16">1900.7022</dst>
      <dst id="14">5254.1689</dst>
      <dst id="20">3822.1422</dst>
      <dst id="11">7499.3689</dst>
      <dst id="9">6127.2889</dst>
      <dst id="17">19887.4222</dst>
      <dst id="21">16224.3911</dst>
      <dst id="15">3739.9822</dst>
    </src>
    <src id="22">
      <dst id="12">15143.6444</dst>
      <dst id="13">9172.2933</dst>
      <dst id="19">110.7911</dst>
      <dst id="23">57.1733</dst>
      <dst id="8">8366.3289</dst>
      <dst id="18">907.1822</dst>
      <dst id="4">18879.5200</dst>
      <dst id="1">345.4133</dst>
      <dst id="5">8817.3333</dst>
      <dst id="3">2195.8578</dst>
      <dst id="7">1209.6800</dst>
      <dst id="2">3061.3689</dst>
      <dst id="6">3.4489</dst>
      <dst id="14">39.1378</dst>
      <dst id="11">4618.1156</dst>
      <dst id="9">3162.9333</dst>
      <dst id="17">5295.4044</dst>
      <dst id="21">3850.5867</dst>
    </src>
    <src id="7">
      <dst id="12">8075.4844</dst>
      <dst id="13">476.7200</dst>
      <dst id="19">597.5733</dst>
      <dst id="23">1185.7156</dst>
      <dst id="8">142.7733</dst>
      <dst id="18">4398.9156</dst>
      <dst id="4">58290.9422</dst>
      <dst id="1">4434.3200</dst>
      <dst id="5">1514.1689</dst>
      <dst id="3">7878.2222</dst>
      <dst id="22">11874.5333</dst>
      <dst id="7">942.8978</dst>
      <dst id="2">16084.9867</dst>
      <dst id="6">89.2000</dst>
      <dst id="16">1682.9778</dst>
      <dst id="14">182.2844</dst>
      <dst id="20">1410.4356</dst>
      <dst id="11">1996.1333</dst>
      <dst id="9">991.7956</dst>
      <dst id="17">12379.9644</dst>
      <dst id="21">7027.6178</dst>
      <dst id="15">668.1778</dst>
    </src>
    <src id="2">
      <dst id="12">165458.0178</dst>
      <dst id="13">9289.5200</dst>
      <dst id="19">1149.1378</dst>
      <dst id="23">2.9867</dst>
      <dst id="8">1594.3200</dst>
      <dst id="18">139527.2800</dst>
      <dst id="4">76040.3200</dst>
      <dst id="1">2110.2489</dst>
      <dst id="5">1302.4978</dst>
      <dst id="3">3551.4311</dst>
      <dst id="22">4222.4533</dst>
      <dst id="7">5271.6178</dst>
      <dst id="2">1179.3600</dst>
      <dst id="6">9678.4356</dst>
      <dst id="16">1652.3467</dst>
      <dst id="14">677.5556</dst>
      <dst id="20">1410.9867</dst>
      <dst id="11">6364.1156</dst>
      <dst id="9">2674.8444</dst>
      <dst id="17">34031.7867</dst>
      <dst id="21">19192.5956</dst>
      <dst id="15">402.8711</dst>
    </src>
    <src id="6">
      <dst id="12">11366.4178</dst>
      <dst id="13">10.2400</dst>
      <dst id="19">40.8444</dst>
      <dst id="23">0.3556</dst>
      <dst id="8">35.1911</dst>
      <dst id="18">0.5244</dst>
      <dst id="4">32.8889</dst>
      <dst id="1">2.8800</dst>
      <dst id="5">1.2356</dst>
      <dst id="3">163.9644</dst>
      <dst id="22">35.3600</dst>
      <dst id="7">23.6267</dst>
      <dst id="2">3076.5156</dst>
      <dst id="16">1.7689</dst>
      <dst id="20">0.7111</dst>
      <dst id="11">65.7333</dst>
      <dst id="9">68.9511</dst>
      <dst id="17">1338.4889</dst>
      <dst id="21">62.6133</dst>
      <dst id="15">3.4489</dst>
    </src>
    <src id="16">
      <dst id="12">3549.1378</dst>
      <dst id="13">9211.9289</dst>
      <dst id="19">6175.6978</dst>
      <dst id="23">16.5867</dst>
      <dst id="8">11899.6711</dst>
      <dst id="18">105.6089</dst>
      <dst id="4">4618.5511</dst>
      <dst id="1">20236.8889</dst>
      <dst id="5">9536.0356</dst>
      <dst id="3">2543.2533</dst>
      <dst id="7">1814.3111</dst>
      <dst id="2">946.6667</dst>
      <dst id="16">46.7733</dst>
      <dst id="14">452.8444</dst>
      <dst id="11">982.3378</dst>
      <dst id="9">12499.1556</dst>
      <dst id="17">8612.9689</dst>
      <dst id="21">699.6000</dst>
    </src>
    <src id="14">
      <dst id="12">23285.3333</dst>
      <dst id="13">129.2444</dst>
      <dst id="19">7.0756</dst>
      <dst id="23">71.8933</dst>
      <dst id="8">12.0178</dst>
      <dst id="18">0.5689</dst>
      <dst id="4">2632.9778</dst>
      <dst id="1">213.6267</dst>
      <dst id="3">60.3111</dst>
      <dst id="22">138.2756</dst>
      <dst id="7">130.6400</dst>
      <dst id="2">9338.9511</dst>
      <dst id="16">11.3778</dst>
      <dst id="20">29.0578</dst>
      <dst id="11">201.4844</dst>
      <dst id="9">108.1778</dst>
      <dst id="17">5257.9733</dst>
      <dst id="21">148.6133</dst>
    </src>
    <src id="20">
      <dst id="12">14687.4756</dst>
      <dst id="13">4168.1511</dst>
      <dst id="19">1982.4978</dst>
      <dst id="23">153.6533</dst>
      <dst id="8">1208.5156</dst>
      <dst id="18">470.6044</dst>
      <dst id="4">9170.8978</dst>
      <dst id="1">59.1556</dst>
      <dst id="5">3334.5600</dst>
      <dst id="3">5305.9111</dst>
      <dst id="7">316.3200</dst>
      <dst id="2">10409.0756</dst>
      <dst id="14">54.8800</dst>
      <dst id="11">677.9200</dst>
      <dst id="9">7581.8311</dst>
      <dst id="17">33530.0800</dst>
      <dst id="21">6477.7422</dst>
    </src>
    <src id="11">
      <dst id="12">466833.6533</dst>
      <dst id="13">2250.4267</dst>
      <dst id="19">152.6311</dst>
      <dst id="23">6.7644</dst>
      <dst id="8">1198.1422</dst>
      <dst id="18">465.3333</dst>
      <dst id="4">11645.0222</dst>
      <dst id="1">881.3333</dst>
      <dst id="5">2057.3778</dst>
      <dst id="3">1134.2222</dst>
      <dst id="22">6189.9911</dst>
      <dst id="7">462.5511</dst>
      <dst id="2">180890.5422</dst>
      <dst id="6">5.4844</dst>
      <dst id="16">252.2400</dst>
      <dst id="14">197.0311</dst>
      <dst id="20">694.1511</dst>
      <dst id="11">3235.3956</dst>
      <dst id="9">4979.4044</dst>
      <dst id="17">106836.9422</dst>
      <dst id="21">1066.1067</dst>
      <dst id="15">493.1911</dst>
    </src>
    <src id="9">
      <dst id="12">608453.2444</dst>
      <dst id="13">2834.9156</dst>
      <dst id="19">1880.7556</dst>
      <dst id="23">18.5156</dst>
      <dst id="8">3025.5289</dst>
      <dst id="18">46.5689</dst>
      <dst id="4">10826.6044</dst>
      <dst id="1">352.3378</dst>
      <dst id="5">1910.9333</dst>
      <dst id="3">2170.3822</dst>
      <dst id="22">1563.4933</dst>
      <dst id="7">1133.8400</dst>
      <dst id="2">195854.2489</dst>
      <dst id="6">4.9422</dst>
      <dst id="16">1047.2444</dst>
      <dst id="14">102.1511</dst>
      <dst id="20">2042.7733</dst>
      <dst id="11">4959.6622</dst>
      <dst id="9">856.5156</dst>
      <dst id="17">152069.3422</dst>
      <dst id="21">8123.8933</dst>
      <dst id="15">11149.0311</dst>
    </src>
    <src id="17">
      <dst id="12">14124.8089</dst>
      <dst id="13">28552.1867</dst>
      <dst id="19">411.0844</dst>
      <dst id="23">2063.5111</dst>
      <dst id="8">245591.4933</dst>
      <dst id="18">2797.3600</dst>
      <dst id="4">35612.4800</dst>
      <dst id="1">2500.0267</dst>
      <dst id="5">299539.7333</dst>
      <dst id="3">32935.8044</dst>
      <dst id="22">12185.1556</dst>
      <dst id="7">18808.0711</dst>
      <dst id="2">28738.9156</dst>
      <dst id="6">24.0089</dst>
      <dst id="16">4872.2044</dst>
      <dst id="14">48100.5778</dst>
      <dst id="20">8183.5644</dst>
      <dst id="11">215501.3778</dst>
      <dst id="9">390727.3511</dst>
      <dst id="17">986.4356</dst>
      <dst id="21">12805.8933</dst>
      <dst id="15">1352.2222</dst>
    </src>
    <src id="21">
      <dst id="12">24196.4089</dst>
      <dst id="13">1750.5778</dst>
      <dst id="19">1685.3511</dst>
      <dst id="23">170.3111</dst>
      <dst id="8">152.9511</dst>
      <dst id="18">4552.4178</dst>
      <dst id="4">33509.2444</dst>
      <dst id="1">2164.3111</dst>
      <dst id="5">607.7778</dst>
      <dst id="3">2908.0622</dst>
      <dst id="22">2774.1867</dst>
      <dst id="7">25716.4622</dst>
      <dst id="2">9598.2311</dst>
      <dst id="6">17.1556</dst>
      <dst id="16">393.6267</dst>
      <dst id="14">114.1156</dst>
      <dst id="20">895.7511</dst>
      <dst id="11">858.3822</dst>
      <dst id="9">1155.3244</dst>
      <dst id="17">7868.4711</dst>
      <dst id="21">2559.1467</dst>
      <dst id="15">429.2978</dst>
    </src>
    <src id="15">
      <dst id="12">4102.2578</dst>
      <dst id="13">943.3867</dst>
      <dst id="19">411.2000</dst>
      <dst id="23">92.0356</dst>
      <dst id="8">581.6978</dst>
      <dst id="18">6.1867</dst>
      <dst id="4">2418.7289</dst>
      <dst id="1">96.7556</dst>
      <dst id="5">2260.3644</dst>
      <dst id="3">609.3867</dst>
      <dst id="7">1906.6756</dst>
      <dst id="2">432.5156</dst>
      <dst id="6">0.5600</dst>
      <dst id="14">1.4400</dst>
      <dst id="11">1173.2000</dst>
      <dst id="9">14822.6311</dst>
      <dst id="17">291.8311</dst>
      <dst id="21">170.1867</dst>
    </src>
  </IntraTM>
</TrafficMatrixFile>
