<?xml version="1.0" encoding="UTF-8" standalone="yes"?>
<TrafficMatrixFile xmlns:xsi="http://www.w3.org/2001/XMLSchema-instance" xsi:noNamespaceSchemaLocation="http://totem.run.montefiore.ulg.ac.be/Schema/TrafficMatrix-v1_2.xsd">
  <info>
    <title>Intradomain traffic matrix generated by geant-TM-all.pl</title>
    <date>2005-01-03T01:00:00</date>
    <duration>900</duration>
    <author>Steve Uhlig</author>
    <units>
        <unit type="bandwidth" value="kbps"/>
    </units>
  </info>
  <IntraTM ASID="20965">
    <src id="12">
      <dst id="12">285682.3200</dst>
      <dst id="13">25483.4667</dst>
      <dst id="19">5520.5600</dst>
      <dst id="23">3958.3111</dst>
      <dst id="8">3889.2800</dst>
      <dst id="18">7648.1956</dst>
      <dst id="4">117617.3333</dst>
      <dst id="1">10442.3733</dst>
      <dst id="5">3009.0578</dst>
      <dst id="3">16664.4889</dst>
      <dst id="22">31568.5600</dst>
      <dst id="7">6414.7111</dst>
      <dst id="2">105597.6711</dst>
      <dst id="6">30.8356</dst>
      <dst id="16">5737.3067</dst>
      <dst id="14">199.2978</dst>
      <dst id="20">3928.3378</dst>
      <dst id="11">7877.2267</dst>
      <dst id="9">8695.9822</dst>
      <dst id="17">74699.3333</dst>
      <dst id="21">26634.4533</dst>
      <dst id="15">3368.9511</dst>
    </src>
    <src id="13">
      <dst id="12">62790.2489</dst>
      <dst id="19">41712.4622</dst>
      <dst id="23">454.8889</dst>
      <dst id="8">3558.5600</dst>
      <dst id="18">7522.8622</dst>
      <dst id="1">10802.5867</dst>
      <dst id="5">7831.6178</dst>
      <dst id="3">24013.3511</dst>
      <dst id="22">27974.1956</dst>
      <dst id="7">21359.6089</dst>
      <dst id="2">146973.9911</dst>
      <dst id="6">72.1956</dst>
      <dst id="16">13112.6667</dst>
      <dst id="14">5837.6978</dst>
      <dst id="20">15248.1511</dst>
      <dst id="11">23855.2889</dst>
      <dst id="9">13802.4267</dst>
      <dst id="17">81509.3333</dst>
      <dst id="21">32455.1289</dst>
      <dst id="15">6997.7600</dst>
    </src>
    <src id="19">
      <dst id="12">27467.9200</dst>
      <dst id="13">1080.6044</dst>
      <dst id="23">59.8756</dst>
      <dst id="8">0.7111</dst>
      <dst id="18">474.4889</dst>
      <dst id="4">23872.1600</dst>
      <dst id="1">2235.0311</dst>
      <dst id="5">100.9956</dst>
      <dst id="3">45.6978</dst>
      <dst id="22">173.7600</dst>
      <dst id="7">6317.3511</dst>
      <dst id="2">1320.4711</dst>
      <dst id="6">153.9200</dst>
      <dst id="16">6254.3911</dst>
      <dst id="14">2.0267</dst>
      <dst id="20">180.1600</dst>
      <dst id="11">392.2489</dst>
      <dst id="9">342.9244</dst>
      <dst id="17">3216.6844</dst>
      <dst id="21">15392.4889</dst>
      <dst id="15">19.7689</dst>
    </src>
    <src id="23">
      <dst id="12">2359.5378</dst>
      <dst id="13">276.4444</dst>
      <dst id="19">464.6044</dst>
      <dst id="18">950.4711</dst>
      <dst id="4">100.2489</dst>
      <dst id="1">87.4222</dst>
      <dst id="5">57.0311</dst>
      <dst id="3">1600.3200</dst>
      <dst id="22">100.3378</dst>
      <dst id="7">189.8044</dst>
      <dst id="2">255.0222</dst>
      <dst id="6">1.1378</dst>
      <dst id="16">105.2089</dst>
      <dst id="14">1.8933</dst>
      <dst id="20">170.1511</dst>
      <dst id="11">803.7511</dst>
      <dst id="9">281.1022</dst>
      <dst id="17">393.1289</dst>
      <dst id="21">643.3244</dst>
    </src>
    <src id="8">
      <dst id="12">405029.3333</dst>
      <dst id="13">2356.0178</dst>
      <dst id="19">0.9333</dst>
      <dst id="23">25.9556</dst>
      <dst id="18">933.9644</dst>
      <dst id="4">7245.0222</dst>
      <dst id="1">1406.4444</dst>
      <dst id="5">4562.7289</dst>
      <dst id="3">2.6222</dst>
      <dst id="22">3501.8756</dst>
      <dst id="7">76.9067</dst>
      <dst id="2">164299.7689</dst>
      <dst id="6">32.7022</dst>
      <dst id="16">863.3867</dst>
      <dst id="14">246.9333</dst>
      <dst id="20">9260.5422</dst>
      <dst id="11">1011.8044</dst>
      <dst id="9">1367.7867</dst>
      <dst id="17">158221.5822</dst>
      <dst id="21">723.7867</dst>
      <dst id="15">54.6489</dst>
    </src>
    <src id="18">
      <dst id="12">141252.0978</dst>
      <dst id="13">561.8222</dst>
      <dst id="19">20.5689</dst>
      <dst id="23">45.8311</dst>
      <dst id="8">1904.7467</dst>
      <dst id="4">2639.7067</dst>
      <dst id="1">1656.3822</dst>
      <dst id="5">190.9067</dst>
      <dst id="3">149.2089</dst>
      <dst id="22">352.0178</dst>
      <dst id="7">674.1422</dst>
      <dst id="2">59386.5333</dst>
      <dst id="16">99.7511</dst>
      <dst id="14">0.7822</dst>
      <dst id="20">66.9244</dst>
      <dst id="11">600.0800</dst>
      <dst id="9">257.7244</dst>
      <dst id="17">48650.9867</dst>
      <dst id="21">1822.8533</dst>
      <dst id="15">35.8756</dst>
    </src>
    <src id="4">
      <dst id="12">62949.9822</dst>
      <dst id="19">9232.4444</dst>
      <dst id="23">12.6222</dst>
      <dst id="8">1883.8222</dst>
      <dst id="18">2177.9911</dst>
      <dst id="4">0.5511</dst>
      <dst id="1">160465.7778</dst>
      <dst id="5">1188.5156</dst>
      <dst id="3">2348.1422</dst>
      <dst id="22">9701.2622</dst>
      <dst id="7">137749.2711</dst>
      <dst id="2">111058.3200</dst>
      <dst id="6">52.8533</dst>
      <dst id="16">2298.2844</dst>
      <dst id="14">1041.3422</dst>
      <dst id="20">2659.0044</dst>
      <dst id="11">5626.0800</dst>
      <dst id="9">5425.8756</dst>
      <dst id="17">109102.5867</dst>
      <dst id="21">10289.9467</dst>
      <dst id="15">311.8489</dst>
    </src>
    <src id="1">
      <dst id="12">23257.6533</dst>
      <dst id="13">336.6756</dst>
      <dst id="19">1687.1733</dst>
      <dst id="23">223.2622</dst>
      <dst id="8">181386.9778</dst>
      <dst id="18">15347.5200</dst>
      <dst id="4">19259.4667</dst>
      <dst id="1">23509.2267</dst>
      <dst id="5">243319.3778</dst>
      <dst id="3">5211.2089</dst>
      <dst id="22">5754.0089</dst>
      <dst id="7">23255.7600</dst>
      <dst id="2">53970.9778</dst>
      <dst id="6">12514.4622</dst>
      <dst id="16">8900.2133</dst>
      <dst id="14">62.6400</dst>
      <dst id="20">553.3778</dst>
      <dst id="11">1250.8800</dst>
      <dst id="9">302313.5200</dst>
      <dst id="17">8593.1556</dst>
      <dst id="21">16053.2889</dst>
      <dst id="15">118.0267</dst>
    </src>
    <src id="5">
      <dst id="12">289713.8933</dst>
      <dst id="13">9450.9956</dst>
      <dst id="19">239.9733</dst>
      <dst id="23">30.8800</dst>
      <dst id="8">32665.2711</dst>
      <dst id="18">171.7156</dst>
      <dst id="4">9313.3600</dst>
      <dst id="1">424.6667</dst>
      <dst id="3">153.1200</dst>
      <dst id="22">9862.0444</dst>
      <dst id="7">197.5644</dst>
      <dst id="2">131672.5956</dst>
      <dst id="6">0.3556</dst>
      <dst id="16">1557.4133</dst>
      <dst id="14">42.2756</dst>
      <dst id="20">9910.6311</dst>
      <dst id="11">1732.1511</dst>
      <dst id="9">1106.0267</dst>
      <dst id="17">107747.0667</dst>
      <dst id="21">540.9689</dst>
      <dst id="15">416.6844</dst>
    </src>
    <src id="3">
      <dst id="12">16336.4533</dst>
      <dst id="13">641.4400</dst>
      <dst id="19">2648.6044</dst>
      <dst id="23">135.1911</dst>
      <dst id="8">2265.5200</dst>
      <dst id="18">242862.4622</dst>
      <dst id="4">71792.9156</dst>
      <dst id="1">9053.1022</dst>
      <dst id="5">519.6978</dst>
      <dst id="3">23646.4000</dst>
      <dst id="22">598.8178</dst>
      <dst id="7">4268.7111</dst>
      <dst id="2">6741.0667</dst>
      <dst id="6">18.0178</dst>
      <dst id="16">2746.2933</dst>
      <dst id="14">40019.1556</dst>
      <dst id="20">338.1333</dst>
      <dst id="11">219566.8267</dst>
      <dst id="9">710.3022</dst>
      <dst id="17">14371.7067</dst>
      <dst id="21">12663.6089</dst>
      <dst id="15">42.4622</dst>
    </src>
    <src id="10">
      <dst id="12">21583.4844</dst>
      <dst id="19">1657.0756</dst>
      <dst id="8">2119.8844</dst>
      <dst id="18">6757.9822</dst>
      <dst id="1">5807.0222</dst>
      <dst id="5">1269.3422</dst>
      <dst id="3">30904.0000</dst>
      <dst id="22">7568.3200</dst>
      <dst id="7">16770.3822</dst>
      <dst id="2">48263.2000</dst>
      <dst id="6">22.9067</dst>
      <dst id="16">1408.4622</dst>
      <dst id="14">4576.1067</dst>
      <dst id="20">2137.1467</dst>
      <dst id="11">13552.2844</dst>
      <dst id="9">2549.6444</dst>
      <dst id="17">17678.4356</dst>
      <dst id="21">17937.5467</dst>
      <dst id="15">2689.0044</dst>
    </src>
    <src id="22">
      <dst id="12">16899.4844</dst>
      <dst id="13">8516.1778</dst>
      <dst id="19">313.6267</dst>
      <dst id="23">254.4533</dst>
      <dst id="8">1538.0800</dst>
      <dst id="18">2612.5689</dst>
      <dst id="4">24310.4800</dst>
      <dst id="1">3985.2622</dst>
      <dst id="5">6708.2222</dst>
      <dst id="3">1476.4889</dst>
      <dst id="7">1097.4933</dst>
      <dst id="2">5247.9733</dst>
      <dst id="6">0.7644</dst>
      <dst id="16">3.3067</dst>
      <dst id="14">17.6533</dst>
      <dst id="11">5917.8222</dst>
      <dst id="9">3820.4533</dst>
      <dst id="17">14325.2533</dst>
      <dst id="21">2246.0000</dst>
    </src>
    <src id="7">
      <dst id="12">5899.4311</dst>
      <dst id="13">326.2489</dst>
      <dst id="19">1162.5867</dst>
      <dst id="23">348.5511</dst>
      <dst id="8">1003.0133</dst>
      <dst id="18">1364.4000</dst>
      <dst id="4">61261.2089</dst>
      <dst id="1">13083.5911</dst>
      <dst id="5">1210.0711</dst>
      <dst id="3">1008.2667</dst>
      <dst id="22">3176.9867</dst>
      <dst id="7">516.5156</dst>
      <dst id="2">13493.1111</dst>
      <dst id="6">25.5644</dst>
      <dst id="16">1494.6311</dst>
      <dst id="14">108.4533</dst>
      <dst id="20">895.7689</dst>
      <dst id="11">4075.9289</dst>
      <dst id="9">4223.4044</dst>
      <dst id="17">22527.0489</dst>
      <dst id="21">10153.5822</dst>
      <dst id="15">722.6667</dst>
    </src>
    <src id="2">
      <dst id="12">127544.0178</dst>
      <dst id="13">474509.6444</dst>
      <dst id="19">2644.5422</dst>
      <dst id="23">178.0711</dst>
      <dst id="8">1986.8089</dst>
      <dst id="18">171732.5067</dst>
      <dst id="4">148145.0044</dst>
      <dst id="1">12362.1778</dst>
      <dst id="5">2839.8489</dst>
      <dst id="3">665.2533</dst>
      <dst id="22">2306.4444</dst>
      <dst id="7">6530.6222</dst>
      <dst id="2">1667.8400</dst>
      <dst id="6">9953.4667</dst>
      <dst id="16">3906.6222</dst>
      <dst id="14">4643.6178</dst>
      <dst id="20">4571.9556</dst>
      <dst id="11">3377.2089</dst>
      <dst id="9">1569.8044</dst>
      <dst id="17">52198.4622</dst>
      <dst id="21">11140.8000</dst>
      <dst id="15">308.9422</dst>
    </src>
    <src id="6">
      <dst id="12">11314.0889</dst>
      <dst id="13">4.1333</dst>
      <dst id="19">9.0933</dst>
      <dst id="23">5.6000</dst>
      <dst id="8">23.4489</dst>
      <dst id="18">1.9378</dst>
      <dst id="4">66.9156</dst>
      <dst id="1">74.6222</dst>
      <dst id="5">2.0978</dst>
      <dst id="22">33.1467</dst>
      <dst id="7">152.3111</dst>
      <dst id="2">2891.7333</dst>
      <dst id="16">40.2578</dst>
      <dst id="11">26.9778</dst>
      <dst id="9">0.5156</dst>
      <dst id="17">2347.7333</dst>
      <dst id="21">81.3333</dst>
      <dst id="15">0.3556</dst>
    </src>
    <src id="16">
      <dst id="12">3302.1067</dst>
      <dst id="13">866.1156</dst>
      <dst id="19">3344.3200</dst>
      <dst id="23">28.8356</dst>
      <dst id="8">5461.5556</dst>
      <dst id="18">393.2000</dst>
      <dst id="4">10090.2133</dst>
      <dst id="1">16722.2844</dst>
      <dst id="5">4941.4489</dst>
      <dst id="3">282.8356</dst>
      <dst id="7">6319.0311</dst>
      <dst id="2">1978.3467</dst>
      <dst id="6">0.3556</dst>
      <dst id="16">47.4489</dst>
      <dst id="14">229.3422</dst>
      <dst id="11">188.2133</dst>
      <dst id="9">9472.9778</dst>
      <dst id="17">8510.5156</dst>
      <dst id="21">1835.5289</dst>
    </src>
    <src id="14">
      <dst id="12">17149.3156</dst>
      <dst id="13">295.4133</dst>
      <dst id="19">80.5333</dst>
      <dst id="23">40.0000</dst>
      <dst id="8">763.7511</dst>
      <dst id="18">2.3289</dst>
      <dst id="4">2500.2844</dst>
      <dst id="1">84.5600</dst>
      <dst id="5">1.5556</dst>
      <dst id="3">66.3200</dst>
      <dst id="22">98.5156</dst>
      <dst id="7">73.8222</dst>
      <dst id="2">4678.7556</dst>
      <dst id="16">121.6356</dst>
      <dst id="20">233.6622</dst>
      <dst id="11">91.8667</dst>
      <dst id="9">15.4489</dst>
      <dst id="17">7914.7378</dst>
      <dst id="21">163.1644</dst>
      <dst id="15">1.1733</dst>
    </src>
    <src id="20">
      <dst id="12">17379.2800</dst>
      <dst id="13">9001.3511</dst>
      <dst id="19">21.1200</dst>
      <dst id="23">3645.5289</dst>
      <dst id="8">1340.6133</dst>
      <dst id="18">424.5067</dst>
      <dst id="4">21346.6400</dst>
      <dst id="1">305.9467</dst>
      <dst id="5">9718.0533</dst>
      <dst id="3">505.1911</dst>
      <dst id="7">83.1022</dst>
      <dst id="2">10737.0667</dst>
      <dst id="6">12.8000</dst>
      <dst id="14">15.8756</dst>
      <dst id="11">2384.4356</dst>
      <dst id="9">3496.8356</dst>
      <dst id="17">4261.7511</dst>
      <dst id="21">416.8889</dst>
    </src>
    <src id="11">
      <dst id="12">471586.8978</dst>
      <dst id="13">7176.6756</dst>
      <dst id="19">147.8489</dst>
      <dst id="23">145.7067</dst>
      <dst id="8">1346.1156</dst>
      <dst id="18">758.8356</dst>
      <dst id="4">16671.1733</dst>
      <dst id="1">522.3822</dst>
      <dst id="5">1238.2756</dst>
      <dst id="3">904.6400</dst>
      <dst id="22">2203.8933</dst>
      <dst id="7">844.0000</dst>
      <dst id="2">173732.3733</dst>
      <dst id="6">2.3644</dst>
      <dst id="16">869.1289</dst>
      <dst id="14">70.6044</dst>
      <dst id="20">461.9556</dst>
      <dst id="11">1913.5378</dst>
      <dst id="9">4257.2889</dst>
      <dst id="17">165541.7511</dst>
      <dst id="21">2188.6044</dst>
      <dst id="15">245.1467</dst>
    </src>
    <src id="9">
      <dst id="12">446447.2444</dst>
      <dst id="13">1928.2756</dst>
      <dst id="19">221.6089</dst>
      <dst id="23">50.7556</dst>
      <dst id="8">3636.1067</dst>
      <dst id="18">4189.8844</dst>
      <dst id="4">15428.5244</dst>
      <dst id="1">1959.9556</dst>
      <dst id="5">1625.0133</dst>
      <dst id="3">24.2044</dst>
      <dst id="22">5088.2578</dst>
      <dst id="7">2095.4844</dst>
      <dst id="2">165572.7200</dst>
      <dst id="6">6.0533</dst>
      <dst id="16">1236.1689</dst>
      <dst id="14">32.3911</dst>
      <dst id="20">6593.2356</dst>
      <dst id="11">2870.4178</dst>
      <dst id="9">1095.7422</dst>
      <dst id="17">185041.3600</dst>
      <dst id="21">6201.1378</dst>
      <dst id="15">4450.3822</dst>
    </src>
    <src id="17">
      <dst id="12">22996.0444</dst>
      <dst id="13">14308.7022</dst>
      <dst id="19">1617.7600</dst>
      <dst id="23">2605.4400</dst>
      <dst id="8">192215.9200</dst>
      <dst id="18">7799.6267</dst>
      <dst id="4">89724.6222</dst>
      <dst id="1">6495.5022</dst>
      <dst id="5">233523.2800</dst>
      <dst id="3">23883.0400</dst>
      <dst id="22">15365.3600</dst>
      <dst id="7">21033.0311</dst>
      <dst id="2">146321.2444</dst>
      <dst id="6">132.4622</dst>
      <dst id="16">14401.6089</dst>
      <dst id="14">24114.4267</dst>
      <dst id="20">5083.9467</dst>
      <dst id="11">165085.2800</dst>
      <dst id="9">243638.3378</dst>
      <dst id="17">1471.7422</dst>
      <dst id="21">16433.6800</dst>
      <dst id="15">210.3911</dst>
    </src>
    <src id="21">
      <dst id="12">22217.7867</dst>
      <dst id="13">2262.1867</dst>
      <dst id="19">756.5956</dst>
      <dst id="23">95.2089</dst>
      <dst id="8">391.5822</dst>
      <dst id="18">2198.1956</dst>
      <dst id="4">34793.0756</dst>
      <dst id="1">3998.4178</dst>
      <dst id="5">1555.9556</dst>
      <dst id="3">2234.7556</dst>
      <dst id="22">1919.9022</dst>
      <dst id="7">3104.0089</dst>
      <dst id="2">10831.5111</dst>
      <dst id="6">15.7422</dst>
      <dst id="16">516.4444</dst>
      <dst id="14">101.4756</dst>
      <dst id="20">326.1067</dst>
      <dst id="11">1321.8133</dst>
      <dst id="9">1257.4044</dst>
      <dst id="17">7091.8667</dst>
      <dst id="21">3505.8400</dst>
      <dst id="15">99.8756</dst>
    </src>
    <src id="15">
      <dst id="12">4165.1644</dst>
      <dst id="13">989.4044</dst>
      <dst id="19">4.7644</dst>
      <dst id="23">13.1467</dst>
      <dst id="8">2118.8978</dst>
      <dst id="18">2.7733</dst>
      <dst id="4">5441.8044</dst>
      <dst id="1">676.8533</dst>
      <dst id="5">306.7289</dst>
      <dst id="3">33.1733</dst>
      <dst id="7">80.9156</dst>
      <dst id="2">1741.4489</dst>
      <dst id="6">0.3556</dst>
      <dst id="14">50.6311</dst>
      <dst id="11">105.3156</dst>
      <dst id="9">511.6533</dst>
      <dst id="17">4030.6844</dst>
      <dst id="21">373.4756</dst>
    </src>
  </IntraTM>
</TrafficMatrixFile>
