<?xml version="1.0" encoding="UTF-8" standalone="yes"?>
<TrafficMatrixFile xmlns:xsi="http://www.w3.org/2001/XMLSchema-instance" xsi:noNamespaceSchemaLocation="http://totem.run.montefiore.ulg.ac.be/Schema/TrafficMatrix-v1_2.xsd">
  <info>
    <title>Intradomain traffic matrix generated by geant-TM-all.pl</title>
    <date>2005-01-01T02:45:00</date>
    <duration>900</duration>
    <author>Steve Uhlig</author>
    <units>
        <unit type="bandwidth" value="kbps"/>
    </units>
  </info>
  <IntraTM ASID="20965">
    <src id="12">
      <dst id="12">347195.3333</dst>
      <dst id="13">34432.7733</dst>
      <dst id="19">5441.3156</dst>
      <dst id="23">3293.3867</dst>
      <dst id="8">4109.4044</dst>
      <dst id="18">2517.2711</dst>
      <dst id="4">142512.6400</dst>
      <dst id="1">7694.0178</dst>
      <dst id="5">4483.9911</dst>
      <dst id="3">7395.4933</dst>
      <dst id="22">22609.1556</dst>
      <dst id="7">10901.4844</dst>
      <dst id="2">108353.5644</dst>
      <dst id="6">31.8400</dst>
      <dst id="16">6826.5156</dst>
      <dst id="14">792.1422</dst>
      <dst id="20">9615.5822</dst>
      <dst id="11">3804.2933</dst>
      <dst id="9">29455.1822</dst>
      <dst id="17">70998.7467</dst>
      <dst id="21">20884.4267</dst>
      <dst id="15">5211.0044</dst>
    </src>
    <src id="13">
      <dst id="12">98478.8267</dst>
      <dst id="19">9126.8178</dst>
      <dst id="23">1037.5467</dst>
      <dst id="8">5431.8933</dst>
      <dst id="18">7623.3067</dst>
      <dst id="4">0.7111</dst>
      <dst id="1">14219.1822</dst>
      <dst id="5">42904.2667</dst>
      <dst id="3">20344.0889</dst>
      <dst id="22">32583.9911</dst>
      <dst id="7">21570.3467</dst>
      <dst id="2">169490.6844</dst>
      <dst id="6">101.1289</dst>
      <dst id="16">15921.5822</dst>
      <dst id="14">2658.8711</dst>
      <dst id="20">11259.6711</dst>
      <dst id="11">14925.6178</dst>
      <dst id="9">16435.4933</dst>
      <dst id="17">112171.2711</dst>
      <dst id="21">42738.3111</dst>
      <dst id="15">4196.1867</dst>
    </src>
    <src id="19">
      <dst id="12">16525.4044</dst>
      <dst id="13">11453.4400</dst>
      <dst id="23">164.8889</dst>
      <dst id="8">20.8178</dst>
      <dst id="18">149.6978</dst>
      <dst id="4">21622.7467</dst>
      <dst id="1">66.0622</dst>
      <dst id="5">97.7867</dst>
      <dst id="3">769.9111</dst>
      <dst id="22">83.8667</dst>
      <dst id="7">4219.5733</dst>
      <dst id="2">11081.2711</dst>
      <dst id="6">151.9022</dst>
      <dst id="16">6209.1022</dst>
      <dst id="14">27.0222</dst>
      <dst id="20">127.7067</dst>
      <dst id="11">228.1511</dst>
      <dst id="9">49.6533</dst>
      <dst id="17">1256.9511</dst>
      <dst id="21">972.5511</dst>
      <dst id="15">6.2578</dst>
    </src>
    <src id="23">
      <dst id="12">288.1778</dst>
      <dst id="13">260.2933</dst>
      <dst id="19">3.8844</dst>
      <dst id="8">81.0667</dst>
      <dst id="18">294.0178</dst>
      <dst id="4">137.2267</dst>
      <dst id="1">102.2222</dst>
      <dst id="5">85.8133</dst>
      <dst id="3">443.6800</dst>
      <dst id="22">344.7822</dst>
      <dst id="7">438.3378</dst>
      <dst id="2">16.3378</dst>
      <dst id="6">14.0089</dst>
      <dst id="16">125.2800</dst>
      <dst id="14">3.4844</dst>
      <dst id="20">106.2311</dst>
      <dst id="11">37.5556</dst>
      <dst id="9">343.2533</dst>
      <dst id="17">950.2933</dst>
      <dst id="21">1504.1511</dst>
      <dst id="15">120.0000</dst>
    </src>
    <src id="8">
      <dst id="12">400118.3200</dst>
      <dst id="13">2425.5556</dst>
      <dst id="19">599.5822</dst>
      <dst id="23">63.6800</dst>
      <dst id="18">23.2267</dst>
      <dst id="4">7940.0089</dst>
      <dst id="1">307.8489</dst>
      <dst id="5">8617.2356</dst>
      <dst id="3">299.5289</dst>
      <dst id="22">2040.8533</dst>
      <dst id="7">45.9022</dst>
      <dst id="2">151539.6356</dst>
      <dst id="6">982.8356</dst>
      <dst id="16">510.6578</dst>
      <dst id="20">6231.9644</dst>
      <dst id="11">2099.5200</dst>
      <dst id="9">353.6089</dst>
      <dst id="17">96485.1022</dst>
      <dst id="21">259.1378</dst>
      <dst id="15">240.4800</dst>
    </src>
    <src id="18">
      <dst id="12">150153.0133</dst>
      <dst id="13">361.7422</dst>
      <dst id="19">937.8844</dst>
      <dst id="23">4.6489</dst>
      <dst id="8">302.6578</dst>
      <dst id="4">2404.2311</dst>
      <dst id="1">810.0178</dst>
      <dst id="5">870.8533</dst>
      <dst id="3">200.4267</dst>
      <dst id="22">835.9822</dst>
      <dst id="7">164.5867</dst>
      <dst id="2">47030.9778</dst>
      <dst id="16">431.1467</dst>
      <dst id="14">98.6489</dst>
      <dst id="20">219.4044</dst>
      <dst id="11">581.3778</dst>
      <dst id="9">346.8444</dst>
      <dst id="17">36445.2889</dst>
      <dst id="21">2706.9778</dst>
      <dst id="15">2.6311</dst>
    </src>
    <src id="4">
      <dst id="12">19261.4578</dst>
      <dst id="19">10441.3600</dst>
      <dst id="23">0.2489</dst>
      <dst id="8">1502.5067</dst>
      <dst id="18">2120.9956</dst>
      <dst id="1">3255.9644</dst>
      <dst id="5">4846.7467</dst>
      <dst id="3">75421.8400</dst>
      <dst id="22">6069.3778</dst>
      <dst id="7">57870.3200</dst>
      <dst id="2">59866.4533</dst>
      <dst id="6">15.3333</dst>
      <dst id="16">1822.6222</dst>
      <dst id="14">4135.1200</dst>
      <dst id="20">6571.5822</dst>
      <dst id="11">4650.9156</dst>
      <dst id="9">8175.1200</dst>
      <dst id="17">158850.7556</dst>
      <dst id="21">14644.4889</dst>
      <dst id="15">598.8000</dst>
    </src>
    <src id="1">
      <dst id="12">25685.8578</dst>
      <dst id="13">7747.1111</dst>
      <dst id="19">3029.8489</dst>
      <dst id="23">137.4933</dst>
      <dst id="8">153884.9867</dst>
      <dst id="18">13864.3022</dst>
      <dst id="4">22922.6400</dst>
      <dst id="1">81.2978</dst>
      <dst id="5">296084.3911</dst>
      <dst id="3">84388.3111</dst>
      <dst id="22">4955.6978</dst>
      <dst id="7">11913.2889</dst>
      <dst id="2">13104.2667</dst>
      <dst id="6">7859.8756</dst>
      <dst id="16">10980.7556</dst>
      <dst id="14">4665.8578</dst>
      <dst id="20">115.0844</dst>
      <dst id="11">3018.3911</dst>
      <dst id="9">284562.0711</dst>
      <dst id="17">2187.5022</dst>
      <dst id="21">29008.0000</dst>
      <dst id="15">8669.5467</dst>
    </src>
    <src id="5">
      <dst id="12">453249.3867</dst>
      <dst id="13">3510.7378</dst>
      <dst id="19">55.2178</dst>
      <dst id="23">219.9733</dst>
      <dst id="8">27670.9956</dst>
      <dst id="18">1248.3378</dst>
      <dst id="4">14203.6800</dst>
      <dst id="1">141.4844</dst>
      <dst id="3">1081.3511</dst>
      <dst id="22">7780.4711</dst>
      <dst id="7">253.1378</dst>
      <dst id="2">194831.3778</dst>
      <dst id="6">2.5689</dst>
      <dst id="16">2068.8178</dst>
      <dst id="14">34.0000</dst>
      <dst id="20">2181.9822</dst>
      <dst id="11">5856.8178</dst>
      <dst id="9">1431.9378</dst>
      <dst id="17">91858.9600</dst>
      <dst id="21">1092.6400</dst>
      <dst id="15">383.5200</dst>
    </src>
    <src id="3">
      <dst id="12">19587.5200</dst>
      <dst id="13">3055.6444</dst>
      <dst id="19">1494.2311</dst>
      <dst id="23">61.8311</dst>
      <dst id="8">250.4089</dst>
      <dst id="18">166752.1867</dst>
      <dst id="4">51148.3111</dst>
      <dst id="1">28719.9111</dst>
      <dst id="5">883.2800</dst>
      <dst id="3">22366.0267</dst>
      <dst id="22">784.7822</dst>
      <dst id="7">1558.2133</dst>
      <dst id="2">7979.8667</dst>
      <dst id="6">10.5244</dst>
      <dst id="16">1373.4844</dst>
      <dst id="14">46825.9822</dst>
      <dst id="20">296.8356</dst>
      <dst id="11">186049.2000</dst>
      <dst id="9">1248.1156</dst>
      <dst id="17">11227.1822</dst>
      <dst id="21">11322.5244</dst>
      <dst id="15">223.7778</dst>
    </src>
    <src id="10">
      <dst id="12">21765.8400</dst>
      <dst id="19">4389.6089</dst>
      <dst id="8">2101.8400</dst>
      <dst id="18">8803.9556</dst>
      <dst id="1">4686.0356</dst>
      <dst id="5">3106.3200</dst>
      <dst id="3">8171.6711</dst>
      <dst id="22">10056.9422</dst>
      <dst id="7">10846.9422</dst>
      <dst id="2">52613.6000</dst>
      <dst id="6">8.1156</dst>
      <dst id="16">1525.9022</dst>
      <dst id="14">1257.2000</dst>
      <dst id="20">4675.2089</dst>
      <dst id="11">7731.8400</dst>
      <dst id="9">5049.0667</dst>
      <dst id="17">29723.6711</dst>
      <dst id="21">28833.5911</dst>
      <dst id="15">512.1067</dst>
    </src>
    <src id="22">
      <dst id="12">10608.3289</dst>
      <dst id="13">4507.5467</dst>
      <dst id="19">101.6978</dst>
      <dst id="23">66.7556</dst>
      <dst id="8">2708.1778</dst>
      <dst id="18">827.4044</dst>
      <dst id="4">28932.7733</dst>
      <dst id="1">272.0444</dst>
      <dst id="5">6761.0489</dst>
      <dst id="3">2224.5422</dst>
      <dst id="7">1637.3511</dst>
      <dst id="2">4293.9644</dst>
      <dst id="6">2.0089</dst>
      <dst id="16">23.8222</dst>
      <dst id="14">32.2489</dst>
      <dst id="11">5085.7867</dst>
      <dst id="9">4484.3644</dst>
      <dst id="17">8088.8711</dst>
      <dst id="21">1622.5333</dst>
    </src>
    <src id="7">
      <dst id="12">11456.7022</dst>
      <dst id="13">2513.8844</dst>
      <dst id="19">1140.7378</dst>
      <dst id="23">657.8400</dst>
      <dst id="8">1327.3867</dst>
      <dst id="18">2107.4667</dst>
      <dst id="4">50569.0756</dst>
      <dst id="1">22340.0533</dst>
      <dst id="5">2370.7467</dst>
      <dst id="3">8793.6267</dst>
      <dst id="22">3452.9422</dst>
      <dst id="7">632.5689</dst>
      <dst id="2">11685.6089</dst>
      <dst id="6">43.6622</dst>
      <dst id="16">994.6400</dst>
      <dst id="14">290.5156</dst>
      <dst id="20">2236.6133</dst>
      <dst id="11">3441.5111</dst>
      <dst id="9">1908.3022</dst>
      <dst id="17">13416.4978</dst>
      <dst id="21">8429.8311</dst>
      <dst id="15">693.6000</dst>
    </src>
    <src id="2">
      <dst id="12">140543.6800</dst>
      <dst id="13">7897.5111</dst>
      <dst id="19">4733.6356</dst>
      <dst id="8">876.1067</dst>
      <dst id="18">145813.8489</dst>
      <dst id="4">133617.4844</dst>
      <dst id="1">12697.1911</dst>
      <dst id="5">4692.4000</dst>
      <dst id="3">3415.9467</dst>
      <dst id="22">7744.2222</dst>
      <dst id="7">3479.2178</dst>
      <dst id="2">2136.5778</dst>
      <dst id="6">9334.2756</dst>
      <dst id="16">10942.7822</dst>
      <dst id="14">279.0578</dst>
      <dst id="20">6922.0800</dst>
      <dst id="11">3525.6622</dst>
      <dst id="9">1165.0489</dst>
      <dst id="17">78585.3778</dst>
      <dst id="21">10473.2622</dst>
      <dst id="15">593.5822</dst>
    </src>
    <src id="6">
      <dst id="12">11387.1822</dst>
      <dst id="13">5.2089</dst>
      <dst id="19">15.7689</dst>
      <dst id="23">18.8978</dst>
      <dst id="8">16.4267</dst>
      <dst id="18">15.5467</dst>
      <dst id="4">44.0267</dst>
      <dst id="1">78.4089</dst>
      <dst id="5">19.4844</dst>
      <dst id="3">32.9244</dst>
      <dst id="22">22.3200</dst>
      <dst id="7">30.4533</dst>
      <dst id="2">2515.2978</dst>
      <dst id="16">12.1244</dst>
      <dst id="20">24.8711</dst>
      <dst id="11">3.1733</dst>
      <dst id="9">0.3289</dst>
      <dst id="17">2470.8444</dst>
      <dst id="21">25.4222</dst>
    </src>
    <src id="16">
      <dst id="12">3384.5422</dst>
      <dst id="13">1296.4267</dst>
      <dst id="19">4369.0222</dst>
      <dst id="23">98.8889</dst>
      <dst id="8">4387.6533</dst>
      <dst id="18">840.9511</dst>
      <dst id="4">8630.1600</dst>
      <dst id="1">20931.3867</dst>
      <dst id="5">4489.5556</dst>
      <dst id="3">2990.8889</dst>
      <dst id="22">0.8800</dst>
      <dst id="7">561.3689</dst>
      <dst id="2">2218.1956</dst>
      <dst id="6">4.2756</dst>
      <dst id="16">54.3822</dst>
      <dst id="14">89.8400</dst>
      <dst id="11">619.7778</dst>
      <dst id="9">8892.3200</dst>
      <dst id="17">6534.0622</dst>
      <dst id="21">328.8889</dst>
    </src>
    <src id="14">
      <dst id="12">19897.3778</dst>
      <dst id="13">46.6844</dst>
      <dst id="19">7.0756</dst>
      <dst id="23">3.5200</dst>
      <dst id="18">14.5778</dst>
      <dst id="4">3654.9600</dst>
      <dst id="1">183.8222</dst>
      <dst id="5">11.8844</dst>
      <dst id="3">42.9956</dst>
      <dst id="22">12.8000</dst>
      <dst id="7">168.2756</dst>
      <dst id="2">6619.5556</dst>
      <dst id="16">2.7733</dst>
      <dst id="20">2.3022</dst>
      <dst id="11">71.5378</dst>
      <dst id="9">12.5422</dst>
      <dst id="17">5419.5467</dst>
      <dst id="21">183.3600</dst>
    </src>
    <src id="20">
      <dst id="12">5988.4533</dst>
      <dst id="13">14069.5644</dst>
      <dst id="19">48.7378</dst>
      <dst id="23">28.5156</dst>
      <dst id="8">4973.1467</dst>
      <dst id="18">128.4356</dst>
      <dst id="4">11349.4400</dst>
      <dst id="1">194.2756</dst>
      <dst id="5">2557.4489</dst>
      <dst id="3">8807.7067</dst>
      <dst id="7">1542.8800</dst>
      <dst id="2">6083.3511</dst>
      <dst id="6">0.7111</dst>
      <dst id="16">0.3556</dst>
      <dst id="14">0.8178</dst>
      <dst id="11">2327.3333</dst>
      <dst id="9">3880.6844</dst>
      <dst id="17">19243.2178</dst>
      <dst id="21">978.3733</dst>
    </src>
    <src id="11">
      <dst id="12">425633.5378</dst>
      <dst id="13">1680.3378</dst>
      <dst id="19">91.1111</dst>
      <dst id="23">124.5511</dst>
      <dst id="8">1143.2178</dst>
      <dst id="18">1248.9778</dst>
      <dst id="4">15329.7867</dst>
      <dst id="1">1719.3067</dst>
      <dst id="5">1937.1467</dst>
      <dst id="3">2418.0889</dst>
      <dst id="22">1756.3111</dst>
      <dst id="7">1678.3378</dst>
      <dst id="2">171915.6356</dst>
      <dst id="6">0.9244</dst>
      <dst id="16">229.4489</dst>
      <dst id="14">202.6667</dst>
      <dst id="20">1401.4133</dst>
      <dst id="11">1921.4933</dst>
      <dst id="9">2175.2089</dst>
      <dst id="17">96172.6489</dst>
      <dst id="21">5276.6044</dst>
      <dst id="15">237.1467</dst>
    </src>
    <src id="9">
      <dst id="12">561607.3956</dst>
      <dst id="13">6638.5422</dst>
      <dst id="19">1879.7600</dst>
      <dst id="23">51.3778</dst>
      <dst id="8">2632.8444</dst>
      <dst id="18">1151.5289</dst>
      <dst id="4">15267.5378</dst>
      <dst id="1">190.3378</dst>
      <dst id="5">2507.0133</dst>
      <dst id="3">688.7467</dst>
      <dst id="22">5916.3022</dst>
      <dst id="7">1423.9378</dst>
      <dst id="2">184998.6044</dst>
      <dst id="6">0.5244</dst>
      <dst id="16">1497.0844</dst>
      <dst id="14">1.1733</dst>
      <dst id="20">5209.9200</dst>
      <dst id="11">1307.7600</dst>
      <dst id="9">970.3022</dst>
      <dst id="17">110028.1333</dst>
      <dst id="21">1801.2356</dst>
      <dst id="15">2326.7733</dst>
    </src>
    <src id="17">
      <dst id="12">16873.4933</dst>
      <dst id="13">3960.5156</dst>
      <dst id="19">14464.3467</dst>
      <dst id="23">243.4933</dst>
      <dst id="8">188030.2133</dst>
      <dst id="18">663.8756</dst>
      <dst id="4">91084.4267</dst>
      <dst id="1">2768.6044</dst>
      <dst id="5">276669.5556</dst>
      <dst id="3">25175.2267</dst>
      <dst id="22">9395.3067</dst>
      <dst id="7">17319.8578</dst>
      <dst id="2">28999.9200</dst>
      <dst id="6">120.5244</dst>
      <dst id="16">15374.3378</dst>
      <dst id="14">45408.8533</dst>
      <dst id="20">1872.8178</dst>
      <dst id="11">130819.4133</dst>
      <dst id="9">255205.7422</dst>
      <dst id="17">1847.3244</dst>
      <dst id="21">36418.4800</dst>
      <dst id="15">108.1867</dst>
    </src>
    <src id="21">
      <dst id="12">21632.7378</dst>
      <dst id="13">1674.8800</dst>
      <dst id="19">1169.2978</dst>
      <dst id="23">372.9244</dst>
      <dst id="8">571.4933</dst>
      <dst id="18">773.2978</dst>
      <dst id="4">31451.0311</dst>
      <dst id="1">2326.9156</dst>
      <dst id="5">3658.7822</dst>
      <dst id="3">1985.6356</dst>
      <dst id="22">2077.1644</dst>
      <dst id="7">2443.5289</dst>
      <dst id="2">17649.8578</dst>
      <dst id="6">29.2800</dst>
      <dst id="16">398.2222</dst>
      <dst id="14">117.0933</dst>
      <dst id="20">854.8533</dst>
      <dst id="11">1759.6978</dst>
      <dst id="9">1010.1867</dst>
      <dst id="17">5093.6356</dst>
      <dst id="21">3813.2622</dst>
      <dst id="15">236.5778</dst>
    </src>
    <src id="15">
      <dst id="12">328.5600</dst>
      <dst id="13">1354.1600</dst>
      <dst id="19">0.8978</dst>
      <dst id="23">1.4578</dst>
      <dst id="8">287.8756</dst>
      <dst id="18">79.4044</dst>
      <dst id="4">4088.7822</dst>
      <dst id="1">17201.5111</dst>
      <dst id="5">538.4178</dst>
      <dst id="3">607.8489</dst>
      <dst id="7">50.4622</dst>
      <dst id="2">535.4667</dst>
      <dst id="6">1.8044</dst>
      <dst id="11">146.2844</dst>
      <dst id="9">561.4222</dst>
      <dst id="17">603.7511</dst>
      <dst id="21">170.1778</dst>
    </src>
  </IntraTM>
</TrafficMatrixFile>
