<?xml version="1.0" encoding="UTF-8" standalone="yes"?>
<TrafficMatrixFile xmlns:xsi="http://www.w3.org/2001/XMLSchema-instance" xsi:noNamespaceSchemaLocation="http://totem.run.montefiore.ulg.ac.be/Schema/TrafficMatrix-v1_2.xsd">
  <info>
    <title>Intradomain traffic matrix generated by geant-TM-all.pl</title>
    <date>2005-01-01T12:00:00</date>
    <duration>900</duration>
    <author>Steve Uhlig</author>
    <units>
        <unit type="bandwidth" value="kbps"/>
    </units>
  </info>
  <IntraTM ASID="20965">
    <src id="12">
      <dst id="12">225367.5733</dst>
      <dst id="13">16112.5422</dst>
      <dst id="19">3059.2089</dst>
      <dst id="23">32.4978</dst>
      <dst id="8">2107.4133</dst>
      <dst id="18">2220.2044</dst>
      <dst id="4">91576.3200</dst>
      <dst id="1">7459.5111</dst>
      <dst id="5">3832.1689</dst>
      <dst id="3">4749.8933</dst>
      <dst id="22">4301.6978</dst>
      <dst id="7">2947.6444</dst>
      <dst id="2">66143.2711</dst>
      <dst id="6">29.8133</dst>
      <dst id="16">9323.2000</dst>
      <dst id="14">1191.6356</dst>
      <dst id="20">7679.2889</dst>
      <dst id="11">1674.7911</dst>
      <dst id="9">6367.9289</dst>
      <dst id="17">48948.5511</dst>
      <dst id="21">9217.5733</dst>
      <dst id="15">5933.7600</dst>
    </src>
    <src id="13">
      <dst id="12">51366.3556</dst>
      <dst id="19">20983.5644</dst>
      <dst id="23">40.9244</dst>
      <dst id="8">2783.3422</dst>
      <dst id="18">3958.4178</dst>
      <dst id="1">3356.3556</dst>
      <dst id="5">4224.9511</dst>
      <dst id="3">5970.7556</dst>
      <dst id="22">20857.8222</dst>
      <dst id="7">8079.3600</dst>
      <dst id="2">72493.1200</dst>
      <dst id="6">40.4711</dst>
      <dst id="16">5792.8533</dst>
      <dst id="14">1449.8489</dst>
      <dst id="20">5603.2800</dst>
      <dst id="11">7949.1822</dst>
      <dst id="9">11110.8444</dst>
      <dst id="17">80742.0267</dst>
      <dst id="21">13622.5422</dst>
      <dst id="15">1423.2267</dst>
    </src>
    <src id="19">
      <dst id="12">10931.1467</dst>
      <dst id="13">6861.8844</dst>
      <dst id="18">0.3733</dst>
      <dst id="4">23270.1600</dst>
      <dst id="1">89.5911</dst>
      <dst id="5">3.2089</dst>
      <dst id="3">2325.1644</dst>
      <dst id="22">162.7467</dst>
      <dst id="7">3223.5111</dst>
      <dst id="2">836.9867</dst>
      <dst id="6">58.3289</dst>
      <dst id="16">8343.5644</dst>
      <dst id="14">1.0667</dst>
      <dst id="20">25.9200</dst>
      <dst id="11">3.5556</dst>
      <dst id="9">126.4889</dst>
      <dst id="17">356.4711</dst>
      <dst id="21">1395.0933</dst>
      <dst id="15">1.1378</dst>
    </src>
    <src id="23">
      <dst id="12">28.3022</dst>
      <dst id="13">76.0711</dst>
      <dst id="18">0.5333</dst>
      <dst id="4">8.9956</dst>
      <dst id="1">37.5556</dst>
      <dst id="5">10.7822</dst>
      <dst id="3">95.0133</dst>
      <dst id="22">15.1111</dst>
      <dst id="7">132.7200</dst>
      <dst id="2">92.6756</dst>
      <dst id="16">18.7556</dst>
      <dst id="14">0.7111</dst>
      <dst id="11">36.2133</dst>
      <dst id="9">478.8089</dst>
      <dst id="17">19.2000</dst>
      <dst id="21">214.7733</dst>
      <dst id="15">0.4978</dst>
    </src>
    <src id="8">
      <dst id="12">275380.3556</dst>
      <dst id="13">187.0933</dst>
      <dst id="18">38.4267</dst>
      <dst id="4">7784.9867</dst>
      <dst id="1">118.4000</dst>
      <dst id="5">330.4889</dst>
      <dst id="3">41.5111</dst>
      <dst id="22">1422.1778</dst>
      <dst id="7">46.8978</dst>
      <dst id="2">80458.6489</dst>
      <dst id="16">214.4533</dst>
      <dst id="14">1.1200</dst>
      <dst id="20">2.9689</dst>
      <dst id="11">36.3556</dst>
      <dst id="9">438.4889</dst>
      <dst id="17">57795.8311</dst>
      <dst id="21">143.0222</dst>
      <dst id="15">74.4711</dst>
    </src>
    <src id="18">
      <dst id="12">123368.4533</dst>
      <dst id="13">255.0400</dst>
      <dst id="19">1.0489</dst>
      <dst id="23">1.1022</dst>
      <dst id="8">2.6667</dst>
      <dst id="4">2342.9422</dst>
      <dst id="1">1426.2044</dst>
      <dst id="5">279.2711</dst>
      <dst id="3">54.6578</dst>
      <dst id="22">119.5911</dst>
      <dst id="7">74.4711</dst>
      <dst id="2">32064.0089</dst>
      <dst id="16">11.7422</dst>
      <dst id="14">15.6622</dst>
      <dst id="20">42.7200</dst>
      <dst id="11">150.2133</dst>
      <dst id="9">219.6000</dst>
      <dst id="17">26391.1822</dst>
      <dst id="21">162.7911</dst>
      <dst id="15">97.9556</dst>
    </src>
    <src id="4">
      <dst id="12">15654.5244</dst>
      <dst id="19">9139.5556</dst>
      <dst id="8">1352.3822</dst>
      <dst id="18">1023.2356</dst>
      <dst id="4">1.4933</dst>
      <dst id="1">1410.9956</dst>
      <dst id="5">1145.8667</dst>
      <dst id="3">9551.0578</dst>
      <dst id="22">2724.8089</dst>
      <dst id="7">54916.8978</dst>
      <dst id="2">34149.2444</dst>
      <dst id="16">1126.0444</dst>
      <dst id="14">669.7067</dst>
      <dst id="20">385.2356</dst>
      <dst id="11">7733.8400</dst>
      <dst id="9">2802.3111</dst>
      <dst id="17">59930.5511</dst>
      <dst id="21">8091.1111</dst>
      <dst id="15">299.5111</dst>
    </src>
    <src id="1">
      <dst id="12">15401.3333</dst>
      <dst id="13">276.1511</dst>
      <dst id="19">3460.1067</dst>
      <dst id="23">30.0089</dst>
      <dst id="8">58259.6089</dst>
      <dst id="18">12036.5511</dst>
      <dst id="4">5401.4489</dst>
      <dst id="1">48.6489</dst>
      <dst id="5">121847.2178</dst>
      <dst id="3">16477.8667</dst>
      <dst id="22">1021.8400</dst>
      <dst id="7">15118.2667</dst>
      <dst id="2">3552.2489</dst>
      <dst id="6">2606.2756</dst>
      <dst id="16">14182.7378</dst>
      <dst id="14">98.7644</dst>
      <dst id="20">83.6800</dst>
      <dst id="11">76.8800</dst>
      <dst id="9">137093.2889</dst>
      <dst id="17">1929.0844</dst>
      <dst id="21">4932.3378</dst>
      <dst id="15">206.4178</dst>
    </src>
    <src id="5">
      <dst id="12">311745.3067</dst>
      <dst id="13">2032.5778</dst>
      <dst id="19">36.5156</dst>
      <dst id="23">148.4089</dst>
      <dst id="8">566.2933</dst>
      <dst id="18">91.6622</dst>
      <dst id="4">8564.0800</dst>
      <dst id="1">33.4756</dst>
      <dst id="3">189.7600</dst>
      <dst id="22">7644.4089</dst>
      <dst id="7">25.3956</dst>
      <dst id="2">114187.0933</dst>
      <dst id="16">984.5778</dst>
      <dst id="14">87.2800</dst>
      <dst id="20">267.9911</dst>
      <dst id="11">1939.1289</dst>
      <dst id="9">4187.1378</dst>
      <dst id="17">64861.4756</dst>
      <dst id="21">115.7956</dst>
      <dst id="15">185.4222</dst>
    </src>
    <src id="3">
      <dst id="12">18662.8711</dst>
      <dst id="13">306.5333</dst>
      <dst id="19">5360.0711</dst>
      <dst id="23">0.4711</dst>
      <dst id="8">97.3600</dst>
      <dst id="18">74504.1778</dst>
      <dst id="4">61424.1244</dst>
      <dst id="1">3478.1511</dst>
      <dst id="5">197.3511</dst>
      <dst id="3">9169.9200</dst>
      <dst id="22">157.4578</dst>
      <dst id="7">1895.8044</dst>
      <dst id="2">4942.1156</dst>
      <dst id="16">1188.9511</dst>
      <dst id="14">21575.8400</dst>
      <dst id="20">170.4356</dst>
      <dst id="11">98314.8444</dst>
      <dst id="9">157.3867</dst>
      <dst id="17">9433.1644</dst>
      <dst id="21">7476.0622</dst>
      <dst id="15">52.5511</dst>
    </src>
    <src id="10">
      <dst id="12">9910.4889</dst>
      <dst id="19">3304.3911</dst>
      <dst id="8">1383.3333</dst>
      <dst id="18">497.2444</dst>
      <dst id="1">1964.5333</dst>
      <dst id="5">757.4844</dst>
      <dst id="3">9621.8844</dst>
      <dst id="22">5008.3467</dst>
      <dst id="7">6576.7911</dst>
      <dst id="2">19664.3733</dst>
      <dst id="6">1.9467</dst>
      <dst id="16">2821.2089</dst>
      <dst id="14">1292.6222</dst>
      <dst id="20">5472.7911</dst>
      <dst id="11">1771.6089</dst>
      <dst id="9">2712.2933</dst>
      <dst id="17">17381.3422</dst>
      <dst id="21">6561.9467</dst>
      <dst id="15">483.6178</dst>
    </src>
    <src id="22">
      <dst id="12">6869.8933</dst>
      <dst id="13">4424.6578</dst>
      <dst id="19">15.3067</dst>
      <dst id="23">79.0578</dst>
      <dst id="8">496.7022</dst>
      <dst id="18">299.9022</dst>
      <dst id="4">20930.8267</dst>
      <dst id="1">178.7022</dst>
      <dst id="5">4042.2756</dst>
      <dst id="3">130.0622</dst>
      <dst id="7">1962.0178</dst>
      <dst id="2">1520.8444</dst>
      <dst id="6">60.2489</dst>
      <dst id="16">1.4578</dst>
      <dst id="14">41.6000</dst>
      <dst id="11">5456.4622</dst>
      <dst id="9">1918.4089</dst>
      <dst id="17">2004.8089</dst>
      <dst id="21">793.6356</dst>
    </src>
    <src id="7">
      <dst id="12">2636.7200</dst>
      <dst id="13">116.1333</dst>
      <dst id="19">301.2800</dst>
      <dst id="23">124.9511</dst>
      <dst id="8">335.7067</dst>
      <dst id="18">424.8889</dst>
      <dst id="4">62705.3067</dst>
      <dst id="1">1069.7511</dst>
      <dst id="5">1325.1644</dst>
      <dst id="3">1047.2267</dst>
      <dst id="22">5281.8844</dst>
      <dst id="7">844.1956</dst>
      <dst id="2">5584.1422</dst>
      <dst id="6">2.5956</dst>
      <dst id="16">585.1911</dst>
      <dst id="14">72.1333</dst>
      <dst id="20">214.2578</dst>
      <dst id="11">613.1733</dst>
      <dst id="9">546.1244</dst>
      <dst id="17">10815.4489</dst>
      <dst id="21">5188.1956</dst>
      <dst id="15">94.1244</dst>
    </src>
    <src id="2">
      <dst id="12">55888.1156</dst>
      <dst id="13">2887.5644</dst>
      <dst id="19">621.6622</dst>
      <dst id="8">99.7333</dst>
      <dst id="18">56802.7378</dst>
      <dst id="4">107486.8444</dst>
      <dst id="1">4001.2978</dst>
      <dst id="5">783.9644</dst>
      <dst id="3">932.7556</dst>
      <dst id="22">1254.6667</dst>
      <dst id="7">12049.5822</dst>
      <dst id="2">292.6222</dst>
      <dst id="6">4344.4978</dst>
      <dst id="16">6344.0178</dst>
      <dst id="14">64.8800</dst>
      <dst id="20">939.4133</dst>
      <dst id="11">4745.8756</dst>
      <dst id="9">381.0133</dst>
      <dst id="17">35655.1200</dst>
      <dst id="21">3475.7956</dst>
      <dst id="15">59.9733</dst>
    </src>
    <src id="6">
      <dst id="12">7697.9733</dst>
      <dst id="13">1.2711</dst>
      <dst id="19">355.0489</dst>
      <dst id="23">0.8356</dst>
      <dst id="8">0.9600</dst>
      <dst id="18">0.4267</dst>
      <dst id="4">67.1111</dst>
      <dst id="1">0.3378</dst>
      <dst id="5">0.3556</dst>
      <dst id="3">3.4578</dst>
      <dst id="22">31.6089</dst>
      <dst id="7">1.2000</dst>
      <dst id="2">1691.8844</dst>
      <dst id="20">26.5778</dst>
      <dst id="11">6.4000</dst>
      <dst id="9">1.2000</dst>
      <dst id="17">833.5911</dst>
      <dst id="21">48.9156</dst>
    </src>
    <src id="16">
      <dst id="12">1066.1244</dst>
      <dst id="13">302.6222</dst>
      <dst id="19">3332.3467</dst>
      <dst id="23">2.3111</dst>
      <dst id="8">2267.0044</dst>
      <dst id="18">2.1511</dst>
      <dst id="4">6128.7289</dst>
      <dst id="1">15573.8222</dst>
      <dst id="5">767.0400</dst>
      <dst id="3">1451.5022</dst>
      <dst id="7">1608.8800</dst>
      <dst id="2">1096.0356</dst>
      <dst id="16">22.2400</dst>
      <dst id="11">62.8889</dst>
      <dst id="9">1494.0089</dst>
      <dst id="17">1705.7333</dst>
      <dst id="21">288.2844</dst>
    </src>
    <src id="14">
      <dst id="12">16883.4667</dst>
      <dst id="13">22.2489</dst>
      <dst id="19">2.8089</dst>
      <dst id="4">2250.1244</dst>
      <dst id="1">23.2089</dst>
      <dst id="5">1.8844</dst>
      <dst id="3">66.8178</dst>
      <dst id="22">5.0311</dst>
      <dst id="7">86.0978</dst>
      <dst id="2">5675.0756</dst>
      <dst id="16">0.9511</dst>
      <dst id="20">1.7511</dst>
      <dst id="11">119.1911</dst>
      <dst id="9">14.0444</dst>
      <dst id="17">4211.3511</dst>
      <dst id="21">98.8533</dst>
      <dst id="15">2.2667</dst>
    </src>
    <src id="20">
      <dst id="12">3094.1333</dst>
      <dst id="13">1173.7689</dst>
      <dst id="19">121.1911</dst>
      <dst id="23">0.5689</dst>
      <dst id="8">76.7378</dst>
      <dst id="18">817.8044</dst>
      <dst id="4">12052.9422</dst>
      <dst id="1">208.0889</dst>
      <dst id="5">1233.7333</dst>
      <dst id="3">60.4089</dst>
      <dst id="7">403.7333</dst>
      <dst id="2">4640.2222</dst>
      <dst id="6">0.7111</dst>
      <dst id="11">1021.0044</dst>
      <dst id="9">2295.3422</dst>
      <dst id="17">384.9156</dst>
      <dst id="21">441.6178</dst>
    </src>
    <src id="11">
      <dst id="12">401936.9689</dst>
      <dst id="13">749.2356</dst>
      <dst id="19">82.1422</dst>
      <dst id="23">8.5956</dst>
      <dst id="8">81.9111</dst>
      <dst id="18">330.4800</dst>
      <dst id="4">13225.1111</dst>
      <dst id="1">554.7822</dst>
      <dst id="5">5345.0133</dst>
      <dst id="3">3857.2711</dst>
      <dst id="22">4198.6844</dst>
      <dst id="7">161.5733</dst>
      <dst id="2">146269.5733</dst>
      <dst id="6">0.8533</dst>
      <dst id="16">520.8089</dst>
      <dst id="14">86.2933</dst>
      <dst id="20">167.9556</dst>
      <dst id="11">1340.8978</dst>
      <dst id="9">367.5289</dst>
      <dst id="17">85830.6133</dst>
      <dst id="21">1906.8000</dst>
      <dst id="15">52.2844</dst>
    </src>
    <src id="9">
      <dst id="12">473855.9200</dst>
      <dst id="13">4974.7822</dst>
      <dst id="19">7.2889</dst>
      <dst id="23">39.7156</dst>
      <dst id="8">49.5111</dst>
      <dst id="18">2235.1556</dst>
      <dst id="4">12740.4711</dst>
      <dst id="1">160.9600</dst>
      <dst id="5">2129.1378</dst>
      <dst id="3">550.7378</dst>
      <dst id="22">3582.3022</dst>
      <dst id="7">178.2667</dst>
      <dst id="2">147498.2311</dst>
      <dst id="6">0.3378</dst>
      <dst id="16">117.5378</dst>
      <dst id="14">26.3111</dst>
      <dst id="20">733.7867</dst>
      <dst id="11">834.8000</dst>
      <dst id="9">2218.8622</dst>
      <dst id="17">112836.9422</dst>
      <dst id="21">530.7467</dst>
      <dst id="15">6130.4533</dst>
    </src>
    <src id="17">
      <dst id="12">12290.5067</dst>
      <dst id="13">24187.4133</dst>
      <dst id="19">12564.4356</dst>
      <dst id="23">3.0222</dst>
      <dst id="8">75945.5378</dst>
      <dst id="18">9567.0133</dst>
      <dst id="4">150114.7111</dst>
      <dst id="1">660.0356</dst>
      <dst id="5">128607.6000</dst>
      <dst id="3">10269.0756</dst>
      <dst id="22">7716.0800</dst>
      <dst id="7">20529.1733</dst>
      <dst id="2">9885.6889</dst>
      <dst id="6">33.4933</dst>
      <dst id="16">4363.6267</dst>
      <dst id="14">12156.3822</dst>
      <dst id="20">5711.0044</dst>
      <dst id="11">77519.7244</dst>
      <dst id="9">133034.6400</dst>
      <dst id="17">1582.5867</dst>
      <dst id="21">12329.4844</dst>
      <dst id="15">208.3200</dst>
    </src>
    <src id="21">
      <dst id="12">24297.7689</dst>
      <dst id="13">1708.4800</dst>
      <dst id="19">294.8711</dst>
      <dst id="23">26.8622</dst>
      <dst id="8">45.2356</dst>
      <dst id="18">1298.8622</dst>
      <dst id="4">25746.6667</dst>
      <dst id="1">1750.3556</dst>
      <dst id="5">536.1067</dst>
      <dst id="3">838.8711</dst>
      <dst id="22">1070.0356</dst>
      <dst id="7">2409.1733</dst>
      <dst id="2">8690.9778</dst>
      <dst id="6">1.1111</dst>
      <dst id="16">76.6667</dst>
      <dst id="14">65.0756</dst>
      <dst id="20">235.3600</dst>
      <dst id="11">764.7467</dst>
      <dst id="9">529.7422</dst>
      <dst id="17">4042.4711</dst>
      <dst id="21">1429.5911</dst>
      <dst id="15">42.0889</dst>
    </src>
    <src id="15">
      <dst id="12">1622.9689</dst>
      <dst id="13">194.6489</dst>
      <dst id="19">1.1378</dst>
      <dst id="8">345.6800</dst>
      <dst id="18">43.3333</dst>
      <dst id="4">3093.3956</dst>
      <dst id="1">63.7333</dst>
      <dst id="5">258.1689</dst>
      <dst id="3">499.0756</dst>
      <dst id="7">3.3333</dst>
      <dst id="2">69.1911</dst>
      <dst id="6">0.8622</dst>
      <dst id="14">0.4267</dst>
      <dst id="11">178.8533</dst>
      <dst id="9">694.0267</dst>
      <dst id="17">400.4089</dst>
      <dst id="21">33.1467</dst>
    </src>
  </IntraTM>
</TrafficMatrixFile>
