<?xml version="1.0" encoding="UTF-8" standalone="yes"?>
<TrafficMatrixFile xmlns:xsi="http://www.w3.org/2001/XMLSchema-instance" xsi:noNamespaceSchemaLocation="http://totem.run.montefiore.ulg.ac.be/Schema/TrafficMatrix-v1_2.xsd">
  <info>
    <title>Intradomain traffic matrix generated by geant-TM-all.pl</title>
    <date>2005-01-04T03:30:00</date>
    <duration>900</duration>
    <author>Steve Uhlig</author>
    <units>
        <unit type="bandwidth" value="kbps"/>
    </units>
  </info>
  <IntraTM ASID="20965">
    <src id="12">
      <dst id="12">236850.5956</dst>
      <dst id="13">23045.9200</dst>
      <dst id="19">1959.2889</dst>
      <dst id="23">436.8533</dst>
      <dst id="8">1310.1956</dst>
      <dst id="18">1445.7689</dst>
      <dst id="4">85960.4089</dst>
      <dst id="1">9180.0000</dst>
      <dst id="5">6829.2000</dst>
      <dst id="3">4750.9689</dst>
      <dst id="22">18307.4400</dst>
      <dst id="7">7046.9067</dst>
      <dst id="2">87733.6267</dst>
      <dst id="6">11.9644</dst>
      <dst id="16">5400.9511</dst>
      <dst id="14">161.2622</dst>
      <dst id="20">13940.4978</dst>
      <dst id="11">5251.9200</dst>
      <dst id="9">7343.4578</dst>
      <dst id="17">62837.2533</dst>
      <dst id="21">6053.2267</dst>
      <dst id="15">4767.9378</dst>
    </src>
    <src id="13">
      <dst id="12">57159.9911</dst>
      <dst id="19">8886.0000</dst>
      <dst id="23">96.6844</dst>
      <dst id="8">5208.0622</dst>
      <dst id="18">2352.5956</dst>
      <dst id="1">4925.8489</dst>
      <dst id="5">8797.0400</dst>
      <dst id="3">6546.2133</dst>
      <dst id="22">22122.8533</dst>
      <dst id="7">5387.0311</dst>
      <dst id="2">103584.6578</dst>
      <dst id="6">386.9600</dst>
      <dst id="16">6972.5156</dst>
      <dst id="14">1508.4000</dst>
      <dst id="20">10821.8311</dst>
      <dst id="11">19274.8089</dst>
      <dst id="9">13270.7467</dst>
      <dst id="17">56988.2044</dst>
      <dst id="21">11870.0000</dst>
      <dst id="15">7245.6800</dst>
    </src>
    <src id="19">
      <dst id="12">17500.2844</dst>
      <dst id="13">526.0356</dst>
      <dst id="23">214.0089</dst>
      <dst id="8">400.8356</dst>
      <dst id="18">104.2222</dst>
      <dst id="4">25146.9511</dst>
      <dst id="1">5044.9422</dst>
      <dst id="5">2.7556</dst>
      <dst id="3">28.5778</dst>
      <dst id="22">429.2800</dst>
      <dst id="7">4936.8978</dst>
      <dst id="2">189.6533</dst>
      <dst id="6">153.7156</dst>
      <dst id="16">8220.1067</dst>
      <dst id="14">0.6667</dst>
      <dst id="20">255.9644</dst>
      <dst id="11">2.6578</dst>
      <dst id="9">313.2800</dst>
      <dst id="17">5352.7200</dst>
      <dst id="21">1501.1644</dst>
      <dst id="15">1.0667</dst>
    </src>
    <src id="23">
      <dst id="12">587.3422</dst>
      <dst id="13">126.2400</dst>
      <dst id="19">2.2044</dst>
      <dst id="8">16.2844</dst>
      <dst id="18">1001.5556</dst>
      <dst id="1">59.5911</dst>
      <dst id="5">27.7333</dst>
      <dst id="3">180.0889</dst>
      <dst id="22">92.4622</dst>
      <dst id="7">50.1244</dst>
      <dst id="2">5.6444</dst>
      <dst id="6">0.4978</dst>
      <dst id="16">18.4800</dst>
      <dst id="14">1.7689</dst>
      <dst id="11">2.8533</dst>
      <dst id="9">911.4133</dst>
      <dst id="17">51.3956</dst>
      <dst id="21">129.3956</dst>
      <dst id="15">13.3333</dst>
    </src>
    <src id="8">
      <dst id="12">317871.4311</dst>
      <dst id="13">603.3333</dst>
      <dst id="19">5.0489</dst>
      <dst id="23">1.1733</dst>
      <dst id="18">21.8489</dst>
      <dst id="4">4350.5956</dst>
      <dst id="1">148.9156</dst>
      <dst id="5">1629.4311</dst>
      <dst id="3">25.2444</dst>
      <dst id="22">1319.5289</dst>
      <dst id="7">547.3600</dst>
      <dst id="2">131272.2578</dst>
      <dst id="16">789.9556</dst>
      <dst id="14">0.7467</dst>
      <dst id="20">56.0889</dst>
      <dst id="11">363.9111</dst>
      <dst id="9">450.0978</dst>
      <dst id="17">118777.1111</dst>
      <dst id="21">115.8756</dst>
      <dst id="15">381.4578</dst>
    </src>
    <src id="18">
      <dst id="12">99254.9689</dst>
      <dst id="13">50.3556</dst>
      <dst id="19">20.0356</dst>
      <dst id="23">37.9378</dst>
      <dst id="8">107.2800</dst>
      <dst id="4">1447.0133</dst>
      <dst id="1">1440.5956</dst>
      <dst id="5">85.8756</dst>
      <dst id="3">39.3422</dst>
      <dst id="22">451.5644</dst>
      <dst id="7">1142.4444</dst>
      <dst id="2">32368.9422</dst>
      <dst id="16">311.1467</dst>
      <dst id="14">50.1333</dst>
      <dst id="20">21.7600</dst>
      <dst id="11">108.2133</dst>
      <dst id="9">25.8044</dst>
      <dst id="17">36918.4533</dst>
      <dst id="21">285.8044</dst>
      <dst id="15">4.9689</dst>
    </src>
    <src id="4">
      <dst id="12">14434.4533</dst>
      <dst id="19">13210.4089</dst>
      <dst id="8">1156.3200</dst>
      <dst id="18">722.5778</dst>
      <dst id="4">1.3778</dst>
      <dst id="1">35910.1689</dst>
      <dst id="5">4220.7022</dst>
      <dst id="3">274.4444</dst>
      <dst id="22">6927.1378</dst>
      <dst id="7">97030.0533</dst>
      <dst id="2">83719.9200</dst>
      <dst id="6">34.9778</dst>
      <dst id="16">1352.6844</dst>
      <dst id="14">2184.9156</dst>
      <dst id="20">1194.3644</dst>
      <dst id="11">7122.2044</dst>
      <dst id="9">1957.3511</dst>
      <dst id="17">56189.6089</dst>
      <dst id="21">3681.9911</dst>
      <dst id="15">804.3022</dst>
    </src>
    <src id="1">
      <dst id="12">15071.4489</dst>
      <dst id="13">578.6400</dst>
      <dst id="19">265.4844</dst>
      <dst id="23">104.6756</dst>
      <dst id="8">114851.9378</dst>
      <dst id="18">14374.9778</dst>
      <dst id="4">5599.9822</dst>
      <dst id="1">23858.4267</dst>
      <dst id="5">211933.2089</dst>
      <dst id="3">150.8711</dst>
      <dst id="22">9477.8489</dst>
      <dst id="7">1777.4133</dst>
      <dst id="2">1839.1111</dst>
      <dst id="6">10719.4844</dst>
      <dst id="16">12749.5644</dst>
      <dst id="14">69.8578</dst>
      <dst id="20">67.0133</dst>
      <dst id="11">735.5556</dst>
      <dst id="9">189693.5822</dst>
      <dst id="17">1729.4222</dst>
      <dst id="21">2045.6533</dst>
      <dst id="15">140.8089</dst>
    </src>
    <src id="5">
      <dst id="12">319711.7422</dst>
      <dst id="13">3675.9644</dst>
      <dst id="19">29.2800</dst>
      <dst id="23">82.2400</dst>
      <dst id="8">11165.8667</dst>
      <dst id="18">263.9733</dst>
      <dst id="4">9618.5244</dst>
      <dst id="1">348.4267</dst>
      <dst id="3">53.6000</dst>
      <dst id="22">5164.5333</dst>
      <dst id="7">151.2800</dst>
      <dst id="2">153766.8267</dst>
      <dst id="6">18.3911</dst>
      <dst id="16">833.0933</dst>
      <dst id="14">67.1467</dst>
      <dst id="20">14201.1111</dst>
      <dst id="11">1116.9067</dst>
      <dst id="9">1796.4800</dst>
      <dst id="17">124348.2578</dst>
      <dst id="21">226.6933</dst>
      <dst id="15">185.8222</dst>
    </src>
    <src id="3">
      <dst id="12">11494.0889</dst>
      <dst id="13">3628.7467</dst>
      <dst id="19">1878.9422</dst>
      <dst id="23">8435.2267</dst>
      <dst id="8">84.4267</dst>
      <dst id="18">70376.6933</dst>
      <dst id="4">15428.4089</dst>
      <dst id="1">5491.0756</dst>
      <dst id="5">237.3778</dst>
      <dst id="3">12445.2000</dst>
      <dst id="22">1104.7289</dst>
      <dst id="7">2686.9333</dst>
      <dst id="2">6704.3022</dst>
      <dst id="6">4.7556</dst>
      <dst id="16">1845.6622</dst>
      <dst id="14">32225.1200</dst>
      <dst id="20">1776.0711</dst>
      <dst id="11">162061.2800</dst>
      <dst id="9">191.3333</dst>
      <dst id="17">3974.1333</dst>
      <dst id="21">12056.0444</dst>
      <dst id="15">28.0889</dst>
    </src>
    <src id="10">
      <dst id="12">15580.4356</dst>
      <dst id="19">3430.1956</dst>
      <dst id="8">3481.8044</dst>
      <dst id="18">4521.7689</dst>
      <dst id="1">1813.3156</dst>
      <dst id="5">1169.4133</dst>
      <dst id="3">4190.4267</dst>
      <dst id="22">9973.2889</dst>
      <dst id="7">6434.9956</dst>
      <dst id="2">22004.6044</dst>
      <dst id="6">23.5556</dst>
      <dst id="16">9961.7156</dst>
      <dst id="14">1004.5156</dst>
      <dst id="20">778.7467</dst>
      <dst id="11">4800.0000</dst>
      <dst id="9">1653.0133</dst>
      <dst id="17">8382.9067</dst>
      <dst id="21">7714.8267</dst>
      <dst id="15">747.1289</dst>
    </src>
    <src id="22">
      <dst id="12">7114.5956</dst>
      <dst id="13">4422.6933</dst>
      <dst id="19">470.1156</dst>
      <dst id="23">11.8044</dst>
      <dst id="8">955.0222</dst>
      <dst id="18">518.9067</dst>
      <dst id="4">15432.9067</dst>
      <dst id="1">334.0178</dst>
      <dst id="5">3028.4178</dst>
      <dst id="3">188.3200</dst>
      <dst id="7">956.0978</dst>
      <dst id="2">5846.4444</dst>
      <dst id="6">14.2222</dst>
      <dst id="16">14.8622</dst>
      <dst id="14">162.9333</dst>
      <dst id="11">4014.0800</dst>
      <dst id="9">7262.5956</dst>
      <dst id="17">4328.3022</dst>
      <dst id="21">641.1733</dst>
    </src>
    <src id="7">
      <dst id="12">8882.1156</dst>
      <dst id="13">191.9200</dst>
      <dst id="19">633.6800</dst>
      <dst id="23">76.8800</dst>
      <dst id="8">718.4356</dst>
      <dst id="18">1227.9022</dst>
      <dst id="4">14077.4756</dst>
      <dst id="1">8576.5600</dst>
      <dst id="5">1154.9689</dst>
      <dst id="3">746.2844</dst>
      <dst id="22">2652.2222</dst>
      <dst id="7">803.9644</dst>
      <dst id="2">16356.7111</dst>
      <dst id="6">16.8444</dst>
      <dst id="16">1724.5244</dst>
      <dst id="14">154.9511</dst>
      <dst id="20">557.4044</dst>
      <dst id="11">1599.0756</dst>
      <dst id="9">936.9511</dst>
      <dst id="17">14080.2578</dst>
      <dst id="21">3071.4933</dst>
      <dst id="15">178.1067</dst>
    </src>
    <src id="2">
      <dst id="12">98629.6444</dst>
      <dst id="13">514064.7289</dst>
      <dst id="19">1718.0533</dst>
      <dst id="8">953.3689</dst>
      <dst id="18">58314.0444</dst>
      <dst id="4">102912.4711</dst>
      <dst id="1">6185.1733</dst>
      <dst id="5">4348.1600</dst>
      <dst id="3">411.9289</dst>
      <dst id="22">3104.4267</dst>
      <dst id="7">31055.2089</dst>
      <dst id="2">730.8178</dst>
      <dst id="6">9159.9467</dst>
      <dst id="16">3216.7644</dst>
      <dst id="14">766.3644</dst>
      <dst id="20">407.6444</dst>
      <dst id="11">5378.3378</dst>
      <dst id="9">978.9956</dst>
      <dst id="17">21984.8178</dst>
      <dst id="21">2796.7111</dst>
      <dst id="15">18.5422</dst>
    </src>
    <src id="6">
      <dst id="12">11587.8667</dst>
      <dst id="13">5.9733</dst>
      <dst id="19">28.4800</dst>
      <dst id="4">1178.2400</dst>
      <dst id="1">190.6133</dst>
      <dst id="5">18.2489</dst>
      <dst id="22">11.3778</dst>
      <dst id="7">0.6933</dst>
      <dst id="2">2565.8667</dst>
      <dst id="16">12.6222</dst>
      <dst id="11">1.6178</dst>
      <dst id="9">0.5778</dst>
      <dst id="17">2184.5156</dst>
      <dst id="21">23.8578</dst>
      <dst id="15">0.3556</dst>
    </src>
    <src id="16">
      <dst id="12">5156.2133</dst>
      <dst id="13">510.4622</dst>
      <dst id="19">4247.8756</dst>
      <dst id="23">2.7911</dst>
      <dst id="8">4344.8800</dst>
      <dst id="18">14.8178</dst>
      <dst id="4">3924.9156</dst>
      <dst id="1">18652.9956</dst>
      <dst id="5">4258.4800</dst>
      <dst id="3">18.5600</dst>
      <dst id="7">428.0533</dst>
      <dst id="2">1428.5956</dst>
      <dst id="6">1.2444</dst>
      <dst id="16">50.4622</dst>
      <dst id="11">598.2844</dst>
      <dst id="9">8224.5511</dst>
      <dst id="17">2588.5422</dst>
      <dst id="21">1952.6578</dst>
    </src>
    <src id="14">
      <dst id="12">14973.7511</dst>
      <dst id="13">13.8133</dst>
      <dst id="19">31.2178</dst>
      <dst id="23">0.6667</dst>
      <dst id="18">1.0667</dst>
      <dst id="4">1823.4578</dst>
      <dst id="1">24.2844</dst>
      <dst id="5">23.2889</dst>
      <dst id="3">2199.4756</dst>
      <dst id="22">31.9022</dst>
      <dst id="7">80.9333</dst>
      <dst id="2">5214.3289</dst>
      <dst id="14">115.8756</dst>
      <dst id="20">2.0000</dst>
      <dst id="11">34.2933</dst>
      <dst id="9">17.8578</dst>
      <dst id="17">6027.3867</dst>
      <dst id="21">49.2178</dst>
    </src>
    <src id="20">
      <dst id="12">21713.9467</dst>
      <dst id="13">1846.8089</dst>
      <dst id="19">7.8756</dst>
      <dst id="23">3.0489</dst>
      <dst id="8">193.9378</dst>
      <dst id="18">289.9111</dst>
      <dst id="4">9259.8311</dst>
      <dst id="1">42.6222</dst>
      <dst id="5">3491.4667</dst>
      <dst id="3">232.5422</dst>
      <dst id="7">1418.7200</dst>
      <dst id="2">677.3333</dst>
      <dst id="14">1.3422</dst>
      <dst id="11">1579.9378</dst>
      <dst id="9">5228.6133</dst>
      <dst id="17">8170.4533</dst>
      <dst id="21">6455.7511</dst>
    </src>
    <src id="11">
      <dst id="12">423334.2667</dst>
      <dst id="13">1902.1333</dst>
      <dst id="19">10.5244</dst>
      <dst id="23">0.4622</dst>
      <dst id="8">551.2444</dst>
      <dst id="18">260.0267</dst>
      <dst id="4">8917.2978</dst>
      <dst id="1">521.8756</dst>
      <dst id="5">2306.7378</dst>
      <dst id="3">319.4222</dst>
      <dst id="22">1530.2578</dst>
      <dst id="7">562.5244</dst>
      <dst id="2">163925.7156</dst>
      <dst id="6">18.2933</dst>
      <dst id="16">495.1022</dst>
      <dst id="14">53.3067</dst>
      <dst id="20">185.2089</dst>
      <dst id="11">2233.3867</dst>
      <dst id="9">941.9644</dst>
      <dst id="17">177473.4844</dst>
      <dst id="21">1888.1067</dst>
      <dst id="15">1957.5644</dst>
    </src>
    <src id="9">
      <dst id="12">418869.3778</dst>
      <dst id="13">1450.6311</dst>
      <dst id="19">207.0844</dst>
      <dst id="23">33.8133</dst>
      <dst id="8">131.8844</dst>
      <dst id="18">898.3111</dst>
      <dst id="4">11765.2267</dst>
      <dst id="1">1919.8044</dst>
      <dst id="5">2861.8933</dst>
      <dst id="3">27.2267</dst>
      <dst id="22">2808.0533</dst>
      <dst id="7">201.1911</dst>
      <dst id="2">223931.5644</dst>
      <dst id="6">2.1600</dst>
      <dst id="16">860.0356</dst>
      <dst id="14">0.4622</dst>
      <dst id="20">984.7111</dst>
      <dst id="11">604.3822</dst>
      <dst id="9">7946.9689</dst>
      <dst id="17">174637.1111</dst>
      <dst id="21">3389.3867</dst>
      <dst id="15">2922.2400</dst>
    </src>
    <src id="17">
      <dst id="12">5920.9067</dst>
      <dst id="13">3807.7156</dst>
      <dst id="19">417.1022</dst>
      <dst id="23">113.4133</dst>
      <dst id="8">120363.0844</dst>
      <dst id="18">127.4044</dst>
      <dst id="4">138316.1778</dst>
      <dst id="1">811.4933</dst>
      <dst id="5">191557.8133</dst>
      <dst id="3">6240.4800</dst>
      <dst id="22">12356.2311</dst>
      <dst id="7">2000.4978</dst>
      <dst id="2">14831.9022</dst>
      <dst id="6">587.5111</dst>
      <dst id="16">6295.7333</dst>
      <dst id="14">22041.9378</dst>
      <dst id="20">662.7822</dst>
      <dst id="11">108564.8089</dst>
      <dst id="9">176650.4711</dst>
      <dst id="17">1388.5956</dst>
      <dst id="21">9220.3822</dst>
      <dst id="15">58.5867</dst>
    </src>
    <src id="21">
      <dst id="12">23964.0267</dst>
      <dst id="13">364.9689</dst>
      <dst id="19">344.5600</dst>
      <dst id="23">6.8444</dst>
      <dst id="8">92.5867</dst>
      <dst id="18">204.7289</dst>
      <dst id="4">15973.1467</dst>
      <dst id="1">3003.4489</dst>
      <dst id="5">721.0933</dst>
      <dst id="3">2463.7600</dst>
      <dst id="22">1715.6978</dst>
      <dst id="7">1098.3378</dst>
      <dst id="2">11272.9333</dst>
      <dst id="6">2.3289</dst>
      <dst id="16">156.0444</dst>
      <dst id="14">144.6933</dst>
      <dst id="20">755.2711</dst>
      <dst id="11">489.6800</dst>
      <dst id="9">449.3422</dst>
      <dst id="17">5441.4044</dst>
      <dst id="21">1161.7156</dst>
      <dst id="15">38.5867</dst>
    </src>
    <src id="15">
      <dst id="12">213.0756</dst>
      <dst id="13">713.2622</dst>
      <dst id="19">13.3333</dst>
      <dst id="23">1.3511</dst>
      <dst id="8">132.1422</dst>
      <dst id="18">1.2089</dst>
      <dst id="4">3554.5422</dst>
      <dst id="1">808.2311</dst>
      <dst id="5">143.2622</dst>
      <dst id="3">21.8489</dst>
      <dst id="7">92.4089</dst>
      <dst id="2">67.4667</dst>
      <dst id="6">0.3556</dst>
      <dst id="16">0.4089</dst>
      <dst id="11">86.5867</dst>
      <dst id="9">185.2800</dst>
      <dst id="17">707.3778</dst>
      <dst id="21">63.0044</dst>
    </src>
  </IntraTM>
</TrafficMatrixFile>
