<?xml version="1.0" encoding="UTF-8" standalone="yes"?>
<TrafficMatrixFile xmlns:xsi="http://www.w3.org/2001/XMLSchema-instance" xsi:noNamespaceSchemaLocation="http://totem.run.montefiore.ulg.ac.be/Schema/TrafficMatrix-v1_2.xsd">
  <info>
    <title>Intradomain traffic matrix generated by geant-TM-all.pl</title>
    <date>2005-01-04T18:00:00</date>
    <duration>900</duration>
    <author>Steve Uhlig</author>
    <units>
        <unit type="bandwidth" value="kbps"/>
    </units>
  </info>
  <IntraTM ASID="20965">
    <src id="12">
      <dst id="12">203854.0800</dst>
      <dst id="13">10786.6578</dst>
      <dst id="19">3969.7244</dst>
      <dst id="23">65.8311</dst>
      <dst id="8">787.8933</dst>
      <dst id="18">259.5556</dst>
      <dst id="4">61227.4222</dst>
      <dst id="1">6910.6844</dst>
      <dst id="5">10248.1244</dst>
      <dst id="3">2029.5822</dst>
      <dst id="22">8305.8756</dst>
      <dst id="7">13627.3067</dst>
      <dst id="2">64418.9689</dst>
      <dst id="6">14.1689</dst>
      <dst id="16">3520.0178</dst>
      <dst id="14">331.1200</dst>
      <dst id="20">3630.8978</dst>
      <dst id="11">2710.5689</dst>
      <dst id="9">2750.5600</dst>
      <dst id="17">87242.8622</dst>
      <dst id="21">1937.9733</dst>
      <dst id="15">424.8444</dst>
    </src>
    <src id="13">
      <dst id="12">28084.5867</dst>
      <dst id="19">4214.7822</dst>
      <dst id="23">9.6000</dst>
      <dst id="8">1854.4533</dst>
      <dst id="18">2215.5822</dst>
      <dst id="1">3957.2000</dst>
      <dst id="5">4329.1644</dst>
      <dst id="3">6791.8933</dst>
      <dst id="22">15549.2533</dst>
      <dst id="7">7378.6222</dst>
      <dst id="2">61327.8489</dst>
      <dst id="6">94.6489</dst>
      <dst id="16">8181.7067</dst>
      <dst id="14">8608.8089</dst>
      <dst id="20">12811.0489</dst>
      <dst id="11">6603.7156</dst>
      <dst id="9">9246.8533</dst>
      <dst id="17">33985.3333</dst>
      <dst id="21">6370.1867</dst>
      <dst id="15">9526.0711</dst>
    </src>
    <src id="19">
      <dst id="12">15194.0444</dst>
      <dst id="13">191.1200</dst>
      <dst id="23">5.2533</dst>
      <dst id="18">2.1511</dst>
      <dst id="4">17701.5289</dst>
      <dst id="1">284.4178</dst>
      <dst id="5">19.2356</dst>
      <dst id="22">204.1511</dst>
      <dst id="7">3345.8844</dst>
      <dst id="2">80.9511</dst>
      <dst id="6">11.6000</dst>
      <dst id="16">6689.8489</dst>
      <dst id="14">38.6844</dst>
      <dst id="20">13.9822</dst>
      <dst id="11">51.7333</dst>
      <dst id="9">172.1156</dst>
      <dst id="17">1484.9244</dst>
      <dst id="21">1096.6756</dst>
      <dst id="15">1.4222</dst>
    </src>
    <src id="23">
      <dst id="12">286.4356</dst>
      <dst id="13">174.6222</dst>
      <dst id="19">0.5244</dst>
      <dst id="18">0.8178</dst>
      <dst id="4">5.6178</dst>
      <dst id="1">29.1200</dst>
      <dst id="3">146.3911</dst>
      <dst id="22">671.6533</dst>
      <dst id="7">66.0622</dst>
      <dst id="2">35.0667</dst>
      <dst id="6">1.0933</dst>
      <dst id="16">5.6444</dst>
      <dst id="20">6.9244</dst>
      <dst id="9">772.9244</dst>
      <dst id="17">47.9378</dst>
      <dst id="21">178.0622</dst>
    </src>
    <src id="8">
      <dst id="12">237843.1378</dst>
      <dst id="13">427.0222</dst>
      <dst id="19">0.4711</dst>
      <dst id="18">38.3200</dst>
      <dst id="4">6586.9244</dst>
      <dst id="1">329.4400</dst>
      <dst id="5">537.9200</dst>
      <dst id="22">975.8756</dst>
      <dst id="7">372.7289</dst>
      <dst id="2">103824.4978</dst>
      <dst id="16">311.9733</dst>
      <dst id="20">11.5644</dst>
      <dst id="11">591.0133</dst>
      <dst id="9">140.4889</dst>
      <dst id="17">91616.3467</dst>
      <dst id="21">379.6889</dst>
      <dst id="15">55.1822</dst>
    </src>
    <src id="18">
      <dst id="12">89480.9067</dst>
      <dst id="13">75.4222</dst>
      <dst id="19">0.3378</dst>
      <dst id="23">0.3556</dst>
      <dst id="8">23.4400</dst>
      <dst id="4">1348.8711</dst>
      <dst id="1">1220.2489</dst>
      <dst id="5">119.3600</dst>
      <dst id="3">24.1067</dst>
      <dst id="22">210.1067</dst>
      <dst id="7">22.9867</dst>
      <dst id="2">31529.6000</dst>
      <dst id="16">3.1644</dst>
      <dst id="14">0.7111</dst>
      <dst id="20">99.3333</dst>
      <dst id="11">52.3111</dst>
      <dst id="9">56.4622</dst>
      <dst id="17">27710.6756</dst>
      <dst id="21">154.5244</dst>
      <dst id="15">10.1422</dst>
    </src>
    <src id="4">
      <dst id="12">9400.1156</dst>
      <dst id="19">15080.3378</dst>
      <dst id="8">952.0533</dst>
      <dst id="18">679.5378</dst>
      <dst id="4">1.0400</dst>
      <dst id="1">16969.1822</dst>
      <dst id="5">2096.4533</dst>
      <dst id="3">69.2800</dst>
      <dst id="22">4296.4000</dst>
      <dst id="7">18072.4178</dst>
      <dst id="2">40663.2800</dst>
      <dst id="6">71.4044</dst>
      <dst id="16">1038.4978</dst>
      <dst id="14">1494.3556</dst>
      <dst id="20">360.7556</dst>
      <dst id="11">3363.6356</dst>
      <dst id="9">2693.9022</dst>
      <dst id="17">17055.1111</dst>
      <dst id="21">1997.3156</dst>
      <dst id="15">293.5822</dst>
    </src>
    <src id="1">
      <dst id="12">14073.1822</dst>
      <dst id="13">925.1644</dst>
      <dst id="19">28.0800</dst>
      <dst id="23">41.0311</dst>
      <dst id="8">66755.9644</dst>
      <dst id="18">12862.1422</dst>
      <dst id="4">12836.6311</dst>
      <dst id="1">40528.1956</dst>
      <dst id="5">165819.1467</dst>
      <dst id="3">85.0489</dst>
      <dst id="22">615.0222</dst>
      <dst id="7">15575.5733</dst>
      <dst id="2">4152.5067</dst>
      <dst id="6">9132.8978</dst>
      <dst id="16">10332.0267</dst>
      <dst id="14">112.8000</dst>
      <dst id="20">75.3511</dst>
      <dst id="11">302.9244</dst>
      <dst id="9">154205.2533</dst>
      <dst id="17">2250.9156</dst>
      <dst id="21">2323.1378</dst>
      <dst id="15">111.9378</dst>
    </src>
    <src id="5">
      <dst id="12">249375.0933</dst>
      <dst id="13">496.7200</dst>
      <dst id="19">36.1956</dst>
      <dst id="23">0.9956</dst>
      <dst id="8">453.5022</dst>
      <dst id="18">1298.6044</dst>
      <dst id="4">3052.3200</dst>
      <dst id="1">440.5600</dst>
      <dst id="3">2.1778</dst>
      <dst id="22">4309.6000</dst>
      <dst id="7">44.1244</dst>
      <dst id="2">95013.5733</dst>
      <dst id="6">20.9778</dst>
      <dst id="16">686.1867</dst>
      <dst id="14">0.4622</dst>
      <dst id="20">1955.0222</dst>
      <dst id="11">164.2844</dst>
      <dst id="9">502.9689</dst>
      <dst id="17">76860.5333</dst>
      <dst id="21">449.6444</dst>
      <dst id="15">219.7511</dst>
    </src>
    <src id="3">
      <dst id="12">5328.8711</dst>
      <dst id="13">279.1733</dst>
      <dst id="19">1280.8533</dst>
      <dst id="23">7572.6044</dst>
      <dst id="8">4.5156</dst>
      <dst id="18">40118.8800</dst>
      <dst id="4">38282.7822</dst>
      <dst id="1">5880.9333</dst>
      <dst id="5">189.3156</dst>
      <dst id="3">8841.8578</dst>
      <dst id="22">1686.0978</dst>
      <dst id="7">1904.5511</dst>
      <dst id="2">4234.2756</dst>
      <dst id="6">5.1200</dst>
      <dst id="16">1090.4444</dst>
      <dst id="14">60495.9200</dst>
      <dst id="20">3.1556</dst>
      <dst id="11">96285.4133</dst>
      <dst id="9">200.9067</dst>
      <dst id="17">4881.7244</dst>
      <dst id="21">12798.0000</dst>
      <dst id="15">22.9689</dst>
    </src>
    <src id="10">
      <dst id="12">9482.9689</dst>
      <dst id="19">7451.3600</dst>
      <dst id="8">100.9244</dst>
      <dst id="18">3826.0444</dst>
      <dst id="1">2727.0667</dst>
      <dst id="5">474.5778</dst>
      <dst id="3">1398.9778</dst>
      <dst id="22">4906.4711</dst>
      <dst id="7">105886.6756</dst>
      <dst id="2">15212.3822</dst>
      <dst id="6">3.3244</dst>
      <dst id="16">942.1244</dst>
      <dst id="14">7555.6800</dst>
      <dst id="20">5253.9111</dst>
      <dst id="11">2463.2444</dst>
      <dst id="9">3784.5067</dst>
      <dst id="17">11810.7022</dst>
      <dst id="21">11992.0089</dst>
      <dst id="15">409.8044</dst>
    </src>
    <src id="22">
      <dst id="12">7856.2222</dst>
      <dst id="13">2087.2356</dst>
      <dst id="19">105.2178</dst>
      <dst id="23">31.1378</dst>
      <dst id="8">351.9822</dst>
      <dst id="18">80.0711</dst>
      <dst id="4">23393.1911</dst>
      <dst id="1">256.2489</dst>
      <dst id="5">2764.5689</dst>
      <dst id="3">348.2400</dst>
      <dst id="7">459.1022</dst>
      <dst id="2">3217.3156</dst>
      <dst id="6">49.7422</dst>
      <dst id="16">12.0356</dst>
      <dst id="14">17.3689</dst>
      <dst id="11">2931.2178</dst>
      <dst id="9">1204.6667</dst>
      <dst id="17">4070.1067</dst>
      <dst id="21">538.9067</dst>
    </src>
    <src id="7">
      <dst id="12">1829.9911</dst>
      <dst id="13">1606.5422</dst>
      <dst id="19">69.1378</dst>
      <dst id="23">81.7067</dst>
      <dst id="8">132.2044</dst>
      <dst id="18">79.3689</dst>
      <dst id="4">26643.1644</dst>
      <dst id="1">1041.1644</dst>
      <dst id="5">325.4933</dst>
      <dst id="3">230.7556</dst>
      <dst id="22">2672.0889</dst>
      <dst id="7">830.3644</dst>
      <dst id="2">2416.7822</dst>
      <dst id="6">74.0622</dst>
      <dst id="16">1023.8044</dst>
      <dst id="14">153.9556</dst>
      <dst id="20">29.1378</dst>
      <dst id="11">266.0711</dst>
      <dst id="9">382.9333</dst>
      <dst id="17">4335.4844</dst>
      <dst id="21">3266.2489</dst>
      <dst id="15">374.9067</dst>
    </src>
    <src id="2">
      <dst id="12">91208.8000</dst>
      <dst id="13">512674.6844</dst>
      <dst id="19">312.8800</dst>
      <dst id="8">109.2444</dst>
      <dst id="18">31471.6800</dst>
      <dst id="4">66470.1156</dst>
      <dst id="1">1816.2400</dst>
      <dst id="5">1200.4267</dst>
      <dst id="3">30.7111</dst>
      <dst id="22">1585.1467</dst>
      <dst id="7">2399.8578</dst>
      <dst id="2">465.9556</dst>
      <dst id="6">6920.3200</dst>
      <dst id="16">7468.6222</dst>
      <dst id="14">5539.6800</dst>
      <dst id="20">688.9778</dst>
      <dst id="11">1328.5956</dst>
      <dst id="9">3708.2489</dst>
      <dst id="17">29128.8089</dst>
      <dst id="21">1315.2978</dst>
      <dst id="15">294.4622</dst>
    </src>
    <src id="6">
      <dst id="12">9275.1911</dst>
      <dst id="13">4.1333</dst>
      <dst id="19">2.4356</dst>
      <dst id="18">0.8444</dst>
      <dst id="4">1384.4178</dst>
      <dst id="1">2.2311</dst>
      <dst id="5">0.8178</dst>
      <dst id="3">0.4711</dst>
      <dst id="22">17.8222</dst>
      <dst id="7">27.0044</dst>
      <dst id="2">1699.0844</dst>
      <dst id="16">220.9422</dst>
      <dst id="14">22.9333</dst>
      <dst id="11">0.9244</dst>
      <dst id="9">11.8044</dst>
      <dst id="17">1410.0000</dst>
      <dst id="21">0.8178</dst>
    </src>
    <src id="16">
      <dst id="12">2089.4133</dst>
      <dst id="13">1061.6089</dst>
      <dst id="19">3453.9556</dst>
      <dst id="23">9.6533</dst>
      <dst id="8">3745.8756</dst>
      <dst id="18">3.7067</dst>
      <dst id="4">4810.9689</dst>
      <dst id="1">14965.6533</dst>
      <dst id="5">3623.1289</dst>
      <dst id="3">0.4267</dst>
      <dst id="7">352.5956</dst>
      <dst id="2">248.9867</dst>
      <dst id="6">4.8267</dst>
      <dst id="16">34.9867</dst>
      <dst id="14">521.9556</dst>
      <dst id="11">81.8667</dst>
      <dst id="9">4592.1244</dst>
      <dst id="17">1141.6089</dst>
      <dst id="21">1695.7600</dst>
    </src>
    <src id="14">
      <dst id="12">23145.9556</dst>
      <dst id="13">33.0489</dst>
      <dst id="19">17.2444</dst>
      <dst id="8">1.6089</dst>
      <dst id="4">3434.1867</dst>
      <dst id="1">306.7733</dst>
      <dst id="5">0.9244</dst>
      <dst id="3">81.3244</dst>
      <dst id="22">4.2578</dst>
      <dst id="7">141.6089</dst>
      <dst id="2">7968.5956</dst>
      <dst id="16">19.9467</dst>
      <dst id="20">0.4622</dst>
      <dst id="11">71.3600</dst>
      <dst id="9">15.7422</dst>
      <dst id="17">10770.0533</dst>
      <dst id="21">45.6889</dst>
    </src>
    <src id="20">
      <dst id="12">1166.9778</dst>
      <dst id="13">517.1111</dst>
      <dst id="19">1.1822</dst>
      <dst id="8">92.3822</dst>
      <dst id="18">4.2311</dst>
      <dst id="4">10856.3378</dst>
      <dst id="1">46.6222</dst>
      <dst id="5">3689.0222</dst>
      <dst id="3">50.8089</dst>
      <dst id="7">27.9022</dst>
      <dst id="2">872.5956</dst>
      <dst id="11">254.8800</dst>
      <dst id="9">454.9689</dst>
      <dst id="17">219.6178</dst>
      <dst id="21">96.1600</dst>
    </src>
    <src id="11">
      <dst id="12">361814.8711</dst>
      <dst id="13">1946.3111</dst>
      <dst id="19">27.2533</dst>
      <dst id="23">0.3556</dst>
      <dst id="8">395.2978</dst>
      <dst id="18">59.7956</dst>
      <dst id="4">9235.9822</dst>
      <dst id="1">561.8044</dst>
      <dst id="5">1200.1156</dst>
      <dst id="3">177.8844</dst>
      <dst id="22">1564.2044</dst>
      <dst id="7">118.8978</dst>
      <dst id="2">129846.2667</dst>
      <dst id="6">1.2356</dst>
      <dst id="16">159.5644</dst>
      <dst id="14">46.2222</dst>
      <dst id="20">143.5378</dst>
      <dst id="11">2345.4578</dst>
      <dst id="9">1073.0222</dst>
      <dst id="17">130619.1911</dst>
      <dst id="21">306.8444</dst>
      <dst id="15">105.1644</dst>
    </src>
    <src id="9">
      <dst id="12">352539.3778</dst>
      <dst id="13">15308.6311</dst>
      <dst id="19">20.8889</dst>
      <dst id="23">31.5822</dst>
      <dst id="8">1845.6178</dst>
      <dst id="18">3283.5111</dst>
      <dst id="4">8903.4400</dst>
      <dst id="1">1168.4711</dst>
      <dst id="5">613.2889</dst>
      <dst id="3">15.7867</dst>
      <dst id="22">3191.6000</dst>
      <dst id="7">71.7244</dst>
      <dst id="2">127946.0444</dst>
      <dst id="6">0.8444</dst>
      <dst id="16">326.9422</dst>
      <dst id="14">16.7289</dst>
      <dst id="20">790.6400</dst>
      <dst id="11">1630.4178</dst>
      <dst id="9">325.1111</dst>
      <dst id="17">131958.5600</dst>
      <dst id="21">162.0444</dst>
      <dst id="15">548.6222</dst>
    </src>
    <src id="17">
      <dst id="12">7444.8178</dst>
      <dst id="13">987.1911</dst>
      <dst id="19">967.7867</dst>
      <dst id="23">3.6800</dst>
      <dst id="8">86608.8356</dst>
      <dst id="18">14.0711</dst>
      <dst id="4">27861.9467</dst>
      <dst id="1">569.4756</dst>
      <dst id="5">159456.3467</dst>
      <dst id="3">4303.0933</dst>
      <dst id="22">13589.7600</dst>
      <dst id="7">1246.8978</dst>
      <dst id="2">5966.4622</dst>
      <dst id="6">61.8489</dst>
      <dst id="16">2279.0667</dst>
      <dst id="14">48918.3556</dst>
      <dst id="20">371.5467</dst>
      <dst id="11">73970.8800</dst>
      <dst id="9">137185.3956</dst>
      <dst id="17">1663.4489</dst>
      <dst id="21">12279.0311</dst>
      <dst id="15">63.6356</dst>
    </src>
    <src id="21">
      <dst id="12">22493.8933</dst>
      <dst id="13">291.4844</dst>
      <dst id="19">231.0133</dst>
      <dst id="23">8.8622</dst>
      <dst id="8">140.0000</dst>
      <dst id="18">144.0800</dst>
      <dst id="4">9088.0978</dst>
      <dst id="1">2236.8000</dst>
      <dst id="5">384.2133</dst>
      <dst id="3">1077.8933</dst>
      <dst id="22">1294.9156</dst>
      <dst id="7">1102.8711</dst>
      <dst id="2">10654.1867</dst>
      <dst id="6">11.6089</dst>
      <dst id="16">230.4533</dst>
      <dst id="14">168.6044</dst>
      <dst id="20">40.1244</dst>
      <dst id="11">1398.3467</dst>
      <dst id="9">473.9822</dst>
      <dst id="17">5659.3778</dst>
      <dst id="21">663.8933</dst>
      <dst id="15">57.0489</dst>
    </src>
    <src id="15">
      <dst id="12">209.6444</dst>
      <dst id="13">2398.4889</dst>
      <dst id="19">21.7600</dst>
      <dst id="8">41.4578</dst>
      <dst id="18">15.0756</dst>
      <dst id="4">2475.4756</dst>
      <dst id="1">593.5911</dst>
      <dst id="5">95.7689</dst>
      <dst id="3">3.8844</dst>
      <dst id="7">209.8489</dst>
      <dst id="2">50.6844</dst>
      <dst id="11">7.2800</dst>
      <dst id="9">152.6311</dst>
      <dst id="17">128.6133</dst>
      <dst id="21">36.0000</dst>
    </src>
  </IntraTM>
</TrafficMatrixFile>
