<?xml version="1.0" encoding="UTF-8" standalone="yes"?>
<TrafficMatrixFile xmlns:xsi="http://www.w3.org/2001/XMLSchema-instance" xsi:noNamespaceSchemaLocation="http://totem.run.montefiore.ulg.ac.be/Schema/TrafficMatrix-v1_2.xsd">
  <info>
    <title>Intradomain traffic matrix generated by geant-TM-all.pl</title>
    <date>2005-01-03T12:45:00</date>
    <duration>900</duration>
    <author>Steve Uhlig</author>
    <units>
        <unit type="bandwidth" value="kbps"/>
    </units>
  </info>
  <IntraTM ASID="20965">
    <src id="12">
      <dst id="12">176870.8089</dst>
      <dst id="13">26403.4933</dst>
      <dst id="19">1389.2889</dst>
      <dst id="23">16.2222</dst>
      <dst id="8">709.1111</dst>
      <dst id="18">670.8800</dst>
      <dst id="4">63752.5244</dst>
      <dst id="1">6137.0489</dst>
      <dst id="5">1640.5600</dst>
      <dst id="3">843.7156</dst>
      <dst id="22">3261.3867</dst>
      <dst id="7">11302.6844</dst>
      <dst id="2">67688.4444</dst>
      <dst id="6">1.6444</dst>
      <dst id="16">3836.1956</dst>
      <dst id="14">133.2622</dst>
      <dst id="20">7377.9556</dst>
      <dst id="11">5067.0222</dst>
      <dst id="9">3022.8178</dst>
      <dst id="17">65043.1111</dst>
      <dst id="21">3056.2044</dst>
      <dst id="15">108.9867</dst>
    </src>
    <src id="13">
      <dst id="12">38656.4889</dst>
      <dst id="19">25324.5333</dst>
      <dst id="23">17.6267</dst>
      <dst id="8">2086.2578</dst>
      <dst id="18">2057.8133</dst>
      <dst id="1">1467.4044</dst>
      <dst id="5">3543.1022</dst>
      <dst id="3">6149.0578</dst>
      <dst id="22">13588.7111</dst>
      <dst id="7">11977.2000</dst>
      <dst id="2">109774.3911</dst>
      <dst id="6">39.7511</dst>
      <dst id="16">6177.9111</dst>
      <dst id="14">941.4400</dst>
      <dst id="20">4326.2044</dst>
      <dst id="11">6053.1289</dst>
      <dst id="9">15162.8800</dst>
      <dst id="17">31451.6622</dst>
      <dst id="21">8330.0356</dst>
      <dst id="15">954.8800</dst>
    </src>
    <src id="19">
      <dst id="12">12259.5733</dst>
      <dst id="13">160.3911</dst>
      <dst id="23">5.3422</dst>
      <dst id="8">0.6222</dst>
      <dst id="18">207.9200</dst>
      <dst id="4">20271.2711</dst>
      <dst id="1">543.9644</dst>
      <dst id="5">1.2356</dst>
      <dst id="22">45.6178</dst>
      <dst id="7">2894.4000</dst>
      <dst id="2">82.0711</dst>
      <dst id="6">32.4267</dst>
      <dst id="16">21169.5556</dst>
      <dst id="11">30.2133</dst>
      <dst id="9">869.4400</dst>
      <dst id="17">1421.0222</dst>
      <dst id="21">166.6844</dst>
    </src>
    <src id="23">
      <dst id="12">452.1156</dst>
      <dst id="13">45.2978</dst>
      <dst id="19">41.2800</dst>
      <dst id="18">84.1689</dst>
      <dst id="4">84.4178</dst>
      <dst id="1">67.9111</dst>
      <dst id="5">59.3689</dst>
      <dst id="3">195.4489</dst>
      <dst id="22">111.0400</dst>
      <dst id="7">63.5556</dst>
      <dst id="2">2055.5200</dst>
      <dst id="16">68.8978</dst>
      <dst id="14">1.1289</dst>
      <dst id="20">27.1289</dst>
      <dst id="11">54.4800</dst>
      <dst id="9">393.2800</dst>
      <dst id="17">120.7644</dst>
      <dst id="21">152.9422</dst>
    </src>
    <src id="8">
      <dst id="12">293746.8444</dst>
      <dst id="13">85.0044</dst>
      <dst id="19">1.5733</dst>
      <dst id="18">0.5689</dst>
      <dst id="4">7357.8667</dst>
      <dst id="1">115.2444</dst>
      <dst id="5">502.1600</dst>
      <dst id="3">38.4622</dst>
      <dst id="22">777.3156</dst>
      <dst id="7">300.5778</dst>
      <dst id="2">97801.0044</dst>
      <dst id="6">49.7244</dst>
      <dst id="16">51.7333</dst>
      <dst id="20">175.8489</dst>
      <dst id="11">561.4133</dst>
      <dst id="9">578.4533</dst>
      <dst id="17">99627.7067</dst>
      <dst id="21">129.2889</dst>
      <dst id="15">71.1467</dst>
    </src>
    <src id="18">
      <dst id="12">105197.4222</dst>
      <dst id="13">156.3911</dst>
      <dst id="19">59.5378</dst>
      <dst id="23">6.3200</dst>
      <dst id="8">1.4489</dst>
      <dst id="4">1429.6089</dst>
      <dst id="1">953.2178</dst>
      <dst id="5">637.9200</dst>
      <dst id="3">189.7689</dst>
      <dst id="22">99.2711</dst>
      <dst id="7">70.8711</dst>
      <dst id="2">25495.0844</dst>
      <dst id="16">14.5511</dst>
      <dst id="20">29.4311</dst>
      <dst id="11">48.2400</dst>
      <dst id="9">8.4889</dst>
      <dst id="17">34957.7778</dst>
      <dst id="21">158.3733</dst>
      <dst id="15">13.7600</dst>
    </src>
    <src id="4">
      <dst id="12">7142.8978</dst>
      <dst id="19">14451.3600</dst>
      <dst id="8">2369.5822</dst>
      <dst id="18">718.6044</dst>
      <dst id="4">1.6000</dst>
      <dst id="1">30939.9289</dst>
      <dst id="5">2112.6400</dst>
      <dst id="3">134.9333</dst>
      <dst id="22">3333.5378</dst>
      <dst id="7">129103.0044</dst>
      <dst id="2">36064.4800</dst>
      <dst id="6">47.0311</dst>
      <dst id="16">463.5378</dst>
      <dst id="14">797.9911</dst>
      <dst id="20">945.4933</dst>
      <dst id="11">1469.7067</dst>
      <dst id="9">2382.1511</dst>
      <dst id="17">139594.8267</dst>
      <dst id="21">2961.5822</dst>
      <dst id="15">225.6800</dst>
    </src>
    <src id="1">
      <dst id="12">19637.4222</dst>
      <dst id="13">218.8178</dst>
      <dst id="19">8.5244</dst>
      <dst id="23">26.1333</dst>
      <dst id="8">78156.9244</dst>
      <dst id="18">11050.0178</dst>
      <dst id="4">3567.8489</dst>
      <dst id="1">15178.6489</dst>
      <dst id="5">116701.9022</dst>
      <dst id="3">54.3911</dst>
      <dst id="22">2188.1333</dst>
      <dst id="7">703.5378</dst>
      <dst id="2">1818.5156</dst>
      <dst id="6">5428.0978</dst>
      <dst id="16">10337.6622</dst>
      <dst id="14">52.4533</dst>
      <dst id="20">22.1956</dst>
      <dst id="11">87.3333</dst>
      <dst id="9">118797.9644</dst>
      <dst id="17">1009.8133</dst>
      <dst id="21">1602.7822</dst>
      <dst id="15">112.6756</dst>
    </src>
    <src id="5">
      <dst id="12">250253.7156</dst>
      <dst id="13">15662.6933</dst>
      <dst id="19">12.2667</dst>
      <dst id="23">1.9378</dst>
      <dst id="8">875.0933</dst>
      <dst id="18">1060.2844</dst>
      <dst id="4">5835.6000</dst>
      <dst id="1">127.3244</dst>
      <dst id="3">10.5067</dst>
      <dst id="22">2743.8933</dst>
      <dst id="7">61.1911</dst>
      <dst id="2">75937.4133</dst>
      <dst id="6">1.2800</dst>
      <dst id="16">300.8267</dst>
      <dst id="14">1.1467</dst>
      <dst id="20">367.2533</dst>
      <dst id="11">539.8311</dst>
      <dst id="9">2282.2133</dst>
      <dst id="17">93346.0178</dst>
      <dst id="21">151.9200</dst>
      <dst id="15">558.9956</dst>
    </src>
    <src id="3">
      <dst id="12">10510.1956</dst>
      <dst id="13">489.1022</dst>
      <dst id="19">1214.9422</dst>
      <dst id="23">6062.8800</dst>
      <dst id="8">28.7289</dst>
      <dst id="18">55391.1822</dst>
      <dst id="4">39004.8444</dst>
      <dst id="1">5702.6489</dst>
      <dst id="5">314.0089</dst>
      <dst id="3">8398.2578</dst>
      <dst id="22">764.2044</dst>
      <dst id="7">5488.7200</dst>
      <dst id="2">3328.3556</dst>
      <dst id="16">997.7333</dst>
      <dst id="14">16068.7822</dst>
      <dst id="20">121.6444</dst>
      <dst id="11">114098.1067</dst>
      <dst id="9">51.6000</dst>
      <dst id="17">5950.0356</dst>
      <dst id="21">3535.6356</dst>
      <dst id="15">43.8400</dst>
    </src>
    <src id="10">
      <dst id="12">8525.3778</dst>
      <dst id="19">4464.3556</dst>
      <dst id="8">850.4622</dst>
      <dst id="18">406.2311</dst>
      <dst id="1">2204.7556</dst>
      <dst id="5">761.8311</dst>
      <dst id="3">3453.7689</dst>
      <dst id="22">6610.7644</dst>
      <dst id="7">97523.8667</dst>
      <dst id="2">23744.1600</dst>
      <dst id="6">1.4933</dst>
      <dst id="16">285.4400</dst>
      <dst id="14">251.5022</dst>
      <dst id="20">399.1200</dst>
      <dst id="11">6094.3556</dst>
      <dst id="9">2705.9822</dst>
      <dst id="17">28969.2444</dst>
      <dst id="21">6908.0089</dst>
      <dst id="15">82.8889</dst>
    </src>
    <src id="22">
      <dst id="12">10248.2844</dst>
      <dst id="13">1845.6356</dst>
      <dst id="19">8.9778</dst>
      <dst id="23">860.2844</dst>
      <dst id="8">244.8622</dst>
      <dst id="18">56.6844</dst>
      <dst id="4">14320.4267</dst>
      <dst id="1">105.7511</dst>
      <dst id="5">2484.6133</dst>
      <dst id="3">446.5511</dst>
      <dst id="7">369.9467</dst>
      <dst id="2">3477.8844</dst>
      <dst id="6">0.5333</dst>
      <dst id="16">4.5156</dst>
      <dst id="14">1.4933</dst>
      <dst id="11">2921.2000</dst>
      <dst id="9">3349.6444</dst>
      <dst id="17">2617.5467</dst>
      <dst id="21">1287.9911</dst>
    </src>
    <src id="7">
      <dst id="12">7127.1733</dst>
      <dst id="13">694.7289</dst>
      <dst id="19">62.8711</dst>
      <dst id="23">34.1511</dst>
      <dst id="8">699.2800</dst>
      <dst id="18">183.2711</dst>
      <dst id="4">33440.8622</dst>
      <dst id="1">1177.0489</dst>
      <dst id="5">1842.8978</dst>
      <dst id="3">44.4089</dst>
      <dst id="22">4284.5689</dst>
      <dst id="7">595.9467</dst>
      <dst id="2">3264.0533</dst>
      <dst id="6">2.9867</dst>
      <dst id="16">311.9200</dst>
      <dst id="14">43.7956</dst>
      <dst id="20">60.7378</dst>
      <dst id="11">604.9333</dst>
      <dst id="9">782.5956</dst>
      <dst id="17">11550.1956</dst>
      <dst id="21">1476.9689</dst>
      <dst id="15">82.5422</dst>
    </src>
    <src id="2">
      <dst id="12">63225.0044</dst>
      <dst id="13">501360.9156</dst>
      <dst id="19">162.1244</dst>
      <dst id="23">44.8356</dst>
      <dst id="8">657.3778</dst>
      <dst id="18">51246.4089</dst>
      <dst id="4">69800.9333</dst>
      <dst id="1">10038.7200</dst>
      <dst id="5">988.3022</dst>
      <dst id="3">146.9067</dst>
      <dst id="22">650.5244</dst>
      <dst id="7">2570.2311</dst>
      <dst id="2">8990.0533</dst>
      <dst id="6">6668.7111</dst>
      <dst id="16">7122.2667</dst>
      <dst id="14">5236.9511</dst>
      <dst id="20">278.7822</dst>
      <dst id="11">5081.9200</dst>
      <dst id="9">420.5422</dst>
      <dst id="17">62170.2400</dst>
      <dst id="21">4665.8222</dst>
      <dst id="15">175.8933</dst>
    </src>
    <src id="6">
      <dst id="12">7577.1644</dst>
      <dst id="13">2.0444</dst>
      <dst id="19">1.0667</dst>
      <dst id="18">1.4222</dst>
      <dst id="4">693.2800</dst>
      <dst id="1">2.8178</dst>
      <dst id="5">78.8889</dst>
      <dst id="22">1.0667</dst>
      <dst id="7">0.3378</dst>
      <dst id="2">1995.2356</dst>
      <dst id="16">0.5244</dst>
      <dst id="20">2.0978</dst>
      <dst id="17">997.2978</dst>
      <dst id="21">12.4533</dst>
    </src>
    <src id="16">
      <dst id="12">2334.4711</dst>
      <dst id="13">226.3289</dst>
      <dst id="19">6151.7511</dst>
      <dst id="23">379.2533</dst>
      <dst id="8">893.6533</dst>
      <dst id="18">3.7511</dst>
      <dst id="4">3893.7422</dst>
      <dst id="1">21850.3467</dst>
      <dst id="5">1056.0622</dst>
      <dst id="3">0.5600</dst>
      <dst id="7">2267.0756</dst>
      <dst id="2">832.6133</dst>
      <dst id="16">19.4667</dst>
      <dst id="11">174.4711</dst>
      <dst id="9">1176.1600</dst>
      <dst id="17">610.0267</dst>
      <dst id="21">4034.1689</dst>
    </src>
    <src id="14">
      <dst id="12">14114.7556</dst>
      <dst id="13">20.7467</dst>
      <dst id="19">5.8400</dst>
      <dst id="23">0.5867</dst>
      <dst id="18">2.9422</dst>
      <dst id="4">1315.9733</dst>
      <dst id="1">61.5911</dst>
      <dst id="5">24.2222</dst>
      <dst id="3">40.1422</dst>
      <dst id="22">0.3556</dst>
      <dst id="7">41.5022</dst>
      <dst id="2">3060.4978</dst>
      <dst id="16">0.3556</dst>
      <dst id="20">0.8889</dst>
      <dst id="11">22.2400</dst>
      <dst id="9">14.0444</dst>
      <dst id="17">5855.4311</dst>
      <dst id="21">68.9600</dst>
    </src>
    <src id="20">
      <dst id="12">3666.2311</dst>
      <dst id="13">4182.3911</dst>
      <dst id="19">0.3556</dst>
      <dst id="23">0.4622</dst>
      <dst id="8">453.1467</dst>
      <dst id="18">27.7867</dst>
      <dst id="4">10306.1689</dst>
      <dst id="1">36.3556</dst>
      <dst id="5">553.2533</dst>
      <dst id="3">1734.8444</dst>
      <dst id="7">46.3822</dst>
      <dst id="2">3498.2756</dst>
      <dst id="6">64.5156</dst>
      <dst id="16">0.3022</dst>
      <dst id="11">91.5556</dst>
      <dst id="9">166.2044</dst>
      <dst id="17">266.2844</dst>
      <dst id="21">4226.6578</dst>
    </src>
    <src id="11">
      <dst id="12">379034.1689</dst>
      <dst id="13">1847.7956</dst>
      <dst id="19">9.1556</dst>
      <dst id="23">10.5600</dst>
      <dst id="8">352.3289</dst>
      <dst id="18">186.1867</dst>
      <dst id="4">6525.3778</dst>
      <dst id="1">465.1111</dst>
      <dst id="5">854.6133</dst>
      <dst id="3">318.4622</dst>
      <dst id="22">1415.9911</dst>
      <dst id="7">174.0622</dst>
      <dst id="2">116624.3733</dst>
      <dst id="6">0.7111</dst>
      <dst id="16">54.7200</dst>
      <dst id="14">34.2756</dst>
      <dst id="20">105.9733</dst>
      <dst id="11">630.5333</dst>
      <dst id="9">1894.1244</dst>
      <dst id="17">136576.2933</dst>
      <dst id="21">668.9778</dst>
      <dst id="15">73.0756</dst>
    </src>
    <src id="9">
      <dst id="12">352951.8222</dst>
      <dst id="13">787.5467</dst>
      <dst id="19">161.6978</dst>
      <dst id="23">18.1867</dst>
      <dst id="8">178.0089</dst>
      <dst id="18">92.8889</dst>
      <dst id="4">14615.0133</dst>
      <dst id="1">608.3289</dst>
      <dst id="5">869.4044</dst>
      <dst id="3">1.8311</dst>
      <dst id="22">1375.4756</dst>
      <dst id="7">77.3511</dst>
      <dst id="2">123609.3511</dst>
      <dst id="6">1.3067</dst>
      <dst id="16">2088.9867</dst>
      <dst id="14">25.8133</dst>
      <dst id="20">138.3467</dst>
      <dst id="11">293.5467</dst>
      <dst id="9">17.9733</dst>
      <dst id="17">162252.4533</dst>
      <dst id="21">444.2133</dst>
      <dst id="15">3388.3822</dst>
    </src>
    <src id="17">
      <dst id="12">6503.1911</dst>
      <dst id="13">16214.0889</dst>
      <dst id="19">479.8756</dst>
      <dst id="23">2727.5556</dst>
      <dst id="8">95188.2489</dst>
      <dst id="18">796.4622</dst>
      <dst id="4">53151.4133</dst>
      <dst id="1">3815.4844</dst>
      <dst id="5">119827.8844</dst>
      <dst id="3">11956.2400</dst>
      <dst id="22">7308.5067</dst>
      <dst id="7">6233.5911</dst>
      <dst id="2">17577.7600</dst>
      <dst id="6">27.4667</dst>
      <dst id="16">5699.2533</dst>
      <dst id="14">11764.7289</dst>
      <dst id="20">4206.9867</dst>
      <dst id="11">90567.4133</dst>
      <dst id="9">106339.6178</dst>
      <dst id="17">1798.3022</dst>
      <dst id="21">4659.5467</dst>
      <dst id="15">214.9600</dst>
    </src>
    <src id="21">
      <dst id="12">19103.2267</dst>
      <dst id="13">286.9422</dst>
      <dst id="19">147.9644</dst>
      <dst id="23">1.6267</dst>
      <dst id="8">70.4444</dst>
      <dst id="18">2017.5200</dst>
      <dst id="4">19619.6267</dst>
      <dst id="1">841.5378</dst>
      <dst id="5">430.0089</dst>
      <dst id="3">923.7867</dst>
      <dst id="22">738.1689</dst>
      <dst id="7">3369.5467</dst>
      <dst id="2">7177.5911</dst>
      <dst id="6">1.9378</dst>
      <dst id="16">243.2178</dst>
      <dst id="14">70.9689</dst>
      <dst id="20">158.9600</dst>
      <dst id="11">598.4711</dst>
      <dst id="9">810.7822</dst>
      <dst id="17">4128.0178</dst>
      <dst id="21">1333.8133</dst>
      <dst id="15">32.0178</dst>
    </src>
    <src id="15">
      <dst id="12">286.1867</dst>
      <dst id="13">5697.8400</dst>
      <dst id="23">1.6267</dst>
      <dst id="8">21.6178</dst>
      <dst id="18">13.3689</dst>
      <dst id="4">3762.8267</dst>
      <dst id="1">457.1733</dst>
      <dst id="5">189.2800</dst>
      <dst id="3">18.9600</dst>
      <dst id="7">110.1067</dst>
      <dst id="2">491.2800</dst>
      <dst id="11">196.4178</dst>
      <dst id="9">1070.4800</dst>
      <dst id="17">2878.4000</dst>
      <dst id="21">45.8311</dst>
    </src>
  </IntraTM>
</TrafficMatrixFile>
