<?xml version="1.0" encoding="UTF-8" standalone="yes"?>
<TrafficMatrixFile xmlns:xsi="http://www.w3.org/2001/XMLSchema-instance" xsi:noNamespaceSchemaLocation="http://totem.run.montefiore.ulg.ac.be/Schema/TrafficMatrix-v1_2.xsd">
  <info>
    <title>Intradomain traffic matrix generated by geant-TM-all.pl</title>
    <date>2005-01-01T11:15:00</date>
    <duration>900</duration>
    <author>Steve Uhlig</author>
    <units>
        <unit type="bandwidth" value="kbps"/>
    </units>
  </info>
  <IntraTM ASID="20965">
    <src id="12">
      <dst id="12">222714.8978</dst>
      <dst id="13">11450.2222</dst>
      <dst id="19">3641.0222</dst>
      <dst id="23">69.7511</dst>
      <dst id="8">1721.6622</dst>
      <dst id="18">603.7422</dst>
      <dst id="4">103147.7600</dst>
      <dst id="1">6752.0978</dst>
      <dst id="5">3962.6489</dst>
      <dst id="3">5161.7244</dst>
      <dst id="22">11596.6756</dst>
      <dst id="7">1239.3867</dst>
      <dst id="2">75352.5956</dst>
      <dst id="6">1.5200</dst>
      <dst id="16">6237.8844</dst>
      <dst id="14">1233.1733</dst>
      <dst id="20">10786.4000</dst>
      <dst id="11">1843.3067</dst>
      <dst id="9">4305.2000</dst>
      <dst id="17">45274.5156</dst>
      <dst id="21">9249.5556</dst>
      <dst id="15">2334.2044</dst>
    </src>
    <src id="13">
      <dst id="12">60953.1200</dst>
      <dst id="19">31601.3067</dst>
      <dst id="23">24.7200</dst>
      <dst id="8">1462.5244</dst>
      <dst id="18">4528.2400</dst>
      <dst id="1">2049.5289</dst>
      <dst id="5">7242.4711</dst>
      <dst id="3">6850.6400</dst>
      <dst id="22">21402.4444</dst>
      <dst id="7">6433.4311</dst>
      <dst id="2">77615.4222</dst>
      <dst id="6">49.4489</dst>
      <dst id="16">5305.1644</dst>
      <dst id="14">1801.8756</dst>
      <dst id="20">4316.7556</dst>
      <dst id="11">7776.4444</dst>
      <dst id="9">8415.2711</dst>
      <dst id="17">80995.6800</dst>
      <dst id="21">13952.7111</dst>
      <dst id="15">4822.5511</dst>
    </src>
    <src id="19">
      <dst id="12">9158.8533</dst>
      <dst id="13">7587.2444</dst>
      <dst id="23">0.3378</dst>
      <dst id="8">15.6089</dst>
      <dst id="18">407.4400</dst>
      <dst id="4">21334.6489</dst>
      <dst id="1">68.8978</dst>
      <dst id="5">2.1333</dst>
      <dst id="3">302.6489</dst>
      <dst id="22">3.7067</dst>
      <dst id="7">2826.3111</dst>
      <dst id="2">814.6756</dst>
      <dst id="6">26.6667</dst>
      <dst id="16">12363.9556</dst>
      <dst id="14">12.6222</dst>
      <dst id="20">31.5378</dst>
      <dst id="11">3.4400</dst>
      <dst id="9">120.0000</dst>
      <dst id="17">142.0444</dst>
      <dst id="21">475.2178</dst>
    </src>
    <src id="23">
      <dst id="12">601.4578</dst>
      <dst id="13">91.8489</dst>
      <dst id="19">12.6222</dst>
      <dst id="8">0.4622</dst>
      <dst id="18">0.6933</dst>
      <dst id="4">214.5333</dst>
      <dst id="1">62.0178</dst>
      <dst id="5">14.1511</dst>
      <dst id="3">53.2089</dst>
      <dst id="22">0.3556</dst>
      <dst id="7">223.8578</dst>
      <dst id="2">55.9911</dst>
      <dst id="16">1172.0444</dst>
      <dst id="20">80.0000</dst>
      <dst id="11">59.2622</dst>
      <dst id="9">331.2356</dst>
      <dst id="17">173.4933</dst>
      <dst id="21">385.2089</dst>
    </src>
    <src id="8">
      <dst id="12">288594.8444</dst>
      <dst id="13">176.4000</dst>
      <dst id="19">100.6044</dst>
      <dst id="23">28.5867</dst>
      <dst id="18">51.3511</dst>
      <dst id="4">7875.0222</dst>
      <dst id="1">116.3111</dst>
      <dst id="5">924.9689</dst>
      <dst id="3">37.8489</dst>
      <dst id="22">970.7644</dst>
      <dst id="7">19.3422</dst>
      <dst id="2">84993.1378</dst>
      <dst id="6">12.4356</dst>
      <dst id="16">461.6800</dst>
      <dst id="20">206.3200</dst>
      <dst id="11">128.0178</dst>
      <dst id="9">52.9867</dst>
      <dst id="17">53717.9111</dst>
      <dst id="21">244.9956</dst>
      <dst id="15">120.0178</dst>
    </src>
    <src id="18">
      <dst id="12">120819.6178</dst>
      <dst id="13">1021.4222</dst>
      <dst id="19">17.2800</dst>
      <dst id="23">0.3556</dst>
      <dst id="8">8.4000</dst>
      <dst id="4">3058.2311</dst>
      <dst id="1">1264.3200</dst>
      <dst id="5">401.2978</dst>
      <dst id="3">5.7778</dst>
      <dst id="22">320.5422</dst>
      <dst id="7">3.1822</dst>
      <dst id="2">33333.4311</dst>
      <dst id="16">20.9067</dst>
      <dst id="14">60.6933</dst>
      <dst id="20">8.9600</dst>
      <dst id="11">244.0356</dst>
      <dst id="9">155.6800</dst>
      <dst id="17">27214.7733</dst>
      <dst id="21">445.5200</dst>
      <dst id="15">12.2400</dst>
    </src>
    <src id="4">
      <dst id="12">16281.3867</dst>
      <dst id="19">8749.3956</dst>
      <dst id="23">0.4622</dst>
      <dst id="8">1077.7778</dst>
      <dst id="18">1459.5378</dst>
      <dst id="1">856.0089</dst>
      <dst id="5">2149.5556</dst>
      <dst id="3">8682.7644</dst>
      <dst id="22">3351.9200</dst>
      <dst id="7">43370.7556</dst>
      <dst id="2">36331.1733</dst>
      <dst id="6">0.6222</dst>
      <dst id="16">1140.2844</dst>
      <dst id="14">1278.2844</dst>
      <dst id="20">384.5333</dst>
      <dst id="11">7100.7644</dst>
      <dst id="9">3960.9067</dst>
      <dst id="17">92349.7067</dst>
      <dst id="21">6210.1156</dst>
      <dst id="15">297.1644</dst>
    </src>
    <src id="1">
      <dst id="12">13808.0267</dst>
      <dst id="13">288.8978</dst>
      <dst id="19">3302.0622</dst>
      <dst id="23">241.2267</dst>
      <dst id="8">66630.0267</dst>
      <dst id="18">10820.5156</dst>
      <dst id="4">6651.8222</dst>
      <dst id="1">48.4978</dst>
      <dst id="5">134708.5778</dst>
      <dst id="3">39494.7822</dst>
      <dst id="22">1059.9644</dst>
      <dst id="7">14019.8400</dst>
      <dst id="2">12495.1556</dst>
      <dst id="6">3750.6578</dst>
      <dst id="16">19199.8044</dst>
      <dst id="14">75.8667</dst>
      <dst id="20">152.1600</dst>
      <dst id="11">129.7422</dst>
      <dst id="9">143758.6756</dst>
      <dst id="17">3804.4889</dst>
      <dst id="21">3520.2133</dst>
      <dst id="15">90.0978</dst>
    </src>
    <src id="5">
      <dst id="12">299261.3067</dst>
      <dst id="13">1191.1467</dst>
      <dst id="19">168.8889</dst>
      <dst id="23">68.3733</dst>
      <dst id="8">1240.7378</dst>
      <dst id="18">189.4578</dst>
      <dst id="4">6973.6978</dst>
      <dst id="1">671.7689</dst>
      <dst id="3">195.8933</dst>
      <dst id="22">5327.7689</dst>
      <dst id="7">115.1644</dst>
      <dst id="2">112975.6089</dst>
      <dst id="6">1.1200</dst>
      <dst id="16">1131.6178</dst>
      <dst id="14">27.5822</dst>
      <dst id="20">319.0222</dst>
      <dst id="11">2034.0711</dst>
      <dst id="9">6087.3956</dst>
      <dst id="17">69642.3111</dst>
      <dst id="21">443.2800</dst>
      <dst id="15">144.2933</dst>
    </src>
    <src id="3">
      <dst id="12">8150.2489</dst>
      <dst id="13">515.3156</dst>
      <dst id="19">4630.3378</dst>
      <dst id="23">0.8178</dst>
      <dst id="8">19.6622</dst>
      <dst id="18">73872.8711</dst>
      <dst id="4">32314.3200</dst>
      <dst id="1">8948.5867</dst>
      <dst id="5">150.8978</dst>
      <dst id="3">11341.8578</dst>
      <dst id="22">342.8978</dst>
      <dst id="7">1928.4711</dst>
      <dst id="2">3578.5956</dst>
      <dst id="6">23.8222</dst>
      <dst id="16">591.0222</dst>
      <dst id="14">19828.1956</dst>
      <dst id="20">57.2089</dst>
      <dst id="11">103337.0222</dst>
      <dst id="9">124.8444</dst>
      <dst id="17">10076.7467</dst>
      <dst id="21">8153.5022</dst>
      <dst id="15">22.3378</dst>
    </src>
    <src id="10">
      <dst id="12">9170.2133</dst>
      <dst id="19">2774.8800</dst>
      <dst id="8">846.4978</dst>
      <dst id="18">618.6578</dst>
      <dst id="1">724.5867</dst>
      <dst id="5">945.3156</dst>
      <dst id="3">8991.8311</dst>
      <dst id="22">5499.0933</dst>
      <dst id="7">7963.5378</dst>
      <dst id="2">24891.3600</dst>
      <dst id="6">15.3067</dst>
      <dst id="16">3984.6400</dst>
      <dst id="14">1552.5333</dst>
      <dst id="20">2147.2533</dst>
      <dst id="11">4028.2844</dst>
      <dst id="9">3224.1511</dst>
      <dst id="17">63000.4711</dst>
      <dst id="21">9025.7956</dst>
      <dst id="15">932.0356</dst>
    </src>
    <src id="22">
      <dst id="12">6281.4844</dst>
      <dst id="13">2631.4400</dst>
      <dst id="19">28.5689</dst>
      <dst id="23">13.9022</dst>
      <dst id="8">559.7511</dst>
      <dst id="18">484.4178</dst>
      <dst id="4">20528.0622</dst>
      <dst id="1">96.9422</dst>
      <dst id="5">6994.4711</dst>
      <dst id="3">256.2222</dst>
      <dst id="7">2137.1467</dst>
      <dst id="2">2593.4311</dst>
      <dst id="6">67.1556</dst>
      <dst id="16">1.1556</dst>
      <dst id="14">230.9333</dst>
      <dst id="11">4639.5467</dst>
      <dst id="9">4296.6400</dst>
      <dst id="17">2528.6844</dst>
      <dst id="21">744.6133</dst>
    </src>
    <src id="7">
      <dst id="12">2399.7244</dst>
      <dst id="13">203.4489</dst>
      <dst id="19">160.4978</dst>
      <dst id="23">9.4311</dst>
      <dst id="8">636.7644</dst>
      <dst id="18">694.6756</dst>
      <dst id="4">41260.2667</dst>
      <dst id="1">1862.7644</dst>
      <dst id="5">1715.6533</dst>
      <dst id="3">1574.5156</dst>
      <dst id="22">5036.4444</dst>
      <dst id="7">706.2400</dst>
      <dst id="2">4812.6489</dst>
      <dst id="6">26.1244</dst>
      <dst id="16">482.8356</dst>
      <dst id="14">76.5956</dst>
      <dst id="20">68.9511</dst>
      <dst id="11">484.8978</dst>
      <dst id="9">494.1600</dst>
      <dst id="17">7708.9156</dst>
      <dst id="21">4720.6044</dst>
      <dst id="15">173.0933</dst>
    </src>
    <src id="2">
      <dst id="12">58367.4222</dst>
      <dst id="13">4156.1244</dst>
      <dst id="19">190.5244</dst>
      <dst id="8">37.7067</dst>
      <dst id="18">59180.0889</dst>
      <dst id="4">106518.2133</dst>
      <dst id="1">5124.2667</dst>
      <dst id="5">777.6089</dst>
      <dst id="3">2105.1822</dst>
      <dst id="22">2002.2756</dst>
      <dst id="7">7699.9111</dst>
      <dst id="2">408.5422</dst>
      <dst id="6">4808.0800</dst>
      <dst id="16">4478.9244</dst>
      <dst id="14">251.3600</dst>
      <dst id="20">1801.3067</dst>
      <dst id="11">5898.1333</dst>
      <dst id="9">285.8578</dst>
      <dst id="17">36675.0933</dst>
      <dst id="21">3093.2711</dst>
      <dst id="15">7.8044</dst>
    </src>
    <src id="6">
      <dst id="12">7282.4178</dst>
      <dst id="13">0.7378</dst>
      <dst id="19">0.8000</dst>
      <dst id="8">0.7467</dst>
      <dst id="4">16.8978</dst>
      <dst id="1">0.4000</dst>
      <dst id="5">46.2578</dst>
      <dst id="3">0.4267</dst>
      <dst id="22">23.8044</dst>
      <dst id="7">0.3556</dst>
      <dst id="2">2355.2533</dst>
      <dst id="16">11.2000</dst>
      <dst id="20">2.3200</dst>
      <dst id="9">0.4978</dst>
      <dst id="17">648.1244</dst>
      <dst id="21">3.0578</dst>
    </src>
    <src id="16">
      <dst id="12">1719.4311</dst>
      <dst id="13">488.8178</dst>
      <dst id="19">5433.8844</dst>
      <dst id="23">19.7511</dst>
      <dst id="8">2028.8622</dst>
      <dst id="18">44.0089</dst>
      <dst id="4">6915.4222</dst>
      <dst id="1">21698.5067</dst>
      <dst id="5">464.1244</dst>
      <dst id="3">1076.3022</dst>
      <dst id="7">1769.8578</dst>
      <dst id="2">563.0133</dst>
      <dst id="6">0.3556</dst>
      <dst id="16">18.2311</dst>
      <dst id="11">112.3822</dst>
      <dst id="9">12522.9067</dst>
      <dst id="17">1538.4000</dst>
      <dst id="21">285.1644</dst>
    </src>
    <src id="14">
      <dst id="12">22945.6356</dst>
      <dst id="13">20.7733</dst>
      <dst id="19">8.2133</dst>
      <dst id="18">0.4622</dst>
      <dst id="4">2053.1378</dst>
      <dst id="1">60.2844</dst>
      <dst id="5">13.7956</dst>
      <dst id="3">162.0622</dst>
      <dst id="22">19.9378</dst>
      <dst id="7">58.9511</dst>
      <dst id="2">7131.8933</dst>
      <dst id="20">0.4622</dst>
      <dst id="11">49.5911</dst>
      <dst id="9">1.6622</dst>
      <dst id="17">6466.7378</dst>
      <dst id="21">106.8711</dst>
    </src>
    <src id="20">
      <dst id="12">2790.6844</dst>
      <dst id="13">3575.9733</dst>
      <dst id="19">1.3600</dst>
      <dst id="23">1.1733</dst>
      <dst id="8">64.3378</dst>
      <dst id="18">455.2000</dst>
      <dst id="4">13199.5644</dst>
      <dst id="1">86.7200</dst>
      <dst id="5">7697.3156</dst>
      <dst id="3">60.6844</dst>
      <dst id="7">146.0711</dst>
      <dst id="2">4660.5067</dst>
      <dst id="14">0.8889</dst>
      <dst id="11">1394.5956</dst>
      <dst id="9">2584.5867</dst>
      <dst id="17">536.7733</dst>
      <dst id="21">298.3022</dst>
    </src>
    <src id="11">
      <dst id="12">428518.5067</dst>
      <dst id="13">1019.4222</dst>
      <dst id="19">17.1556</dst>
      <dst id="23">13.6800</dst>
      <dst id="8">126.2222</dst>
      <dst id="18">373.2000</dst>
      <dst id="4">12392.5156</dst>
      <dst id="1">353.6356</dst>
      <dst id="5">1616.7733</dst>
      <dst id="3">3932.6044</dst>
      <dst id="22">4509.1556</dst>
      <dst id="7">66.6489</dst>
      <dst id="2">154432.7556</dst>
      <dst id="16">230.5244</dst>
      <dst id="14">74.2933</dst>
      <dst id="20">127.1111</dst>
      <dst id="11">820.4889</dst>
      <dst id="9">388.4800</dst>
      <dst id="17">86868.7378</dst>
      <dst id="21">1340.6489</dst>
      <dst id="15">94.2400</dst>
    </src>
    <src id="9">
      <dst id="12">493699.3600</dst>
      <dst id="13">6231.9644</dst>
      <dst id="19">3401.7600</dst>
      <dst id="23">12.7644</dst>
      <dst id="8">99.4489</dst>
      <dst id="18">3869.4044</dst>
      <dst id="4">14885.6889</dst>
      <dst id="1">158.9333</dst>
      <dst id="5">448.5956</dst>
      <dst id="3">135.5911</dst>
      <dst id="22">1882.7200</dst>
      <dst id="7">108.2489</dst>
      <dst id="2">150074.3200</dst>
      <dst id="16">265.3600</dst>
      <dst id="14">1.7156</dst>
      <dst id="20">639.8756</dst>
      <dst id="11">362.0444</dst>
      <dst id="9">192.9156</dst>
      <dst id="17">112427.8400</dst>
      <dst id="21">571.1200</dst>
      <dst id="15">327.8667</dst>
    </src>
    <src id="17">
      <dst id="12">8606.2578</dst>
      <dst id="13">15360.5867</dst>
      <dst id="19">998.2844</dst>
      <dst id="23">7.2356</dst>
      <dst id="8">88787.2444</dst>
      <dst id="18">1206.0267</dst>
      <dst id="4">150825.2622</dst>
      <dst id="1">452.6578</dst>
      <dst id="5">142294.6933</dst>
      <dst id="3">18448.6222</dst>
      <dst id="22">2977.8489</dst>
      <dst id="7">19634.3111</dst>
      <dst id="2">21401.9556</dst>
      <dst id="6">68.0533</dst>
      <dst id="16">12178.6933</dst>
      <dst id="14">22409.0578</dst>
      <dst id="20">220.5867</dst>
      <dst id="11">84677.1733</dst>
      <dst id="9">146297.1111</dst>
      <dst id="17">1597.6444</dst>
      <dst id="21">10696.8178</dst>
      <dst id="15">176.3822</dst>
    </src>
    <src id="21">
      <dst id="12">23319.5022</dst>
      <dst id="13">1927.0578</dst>
      <dst id="19">771.1556</dst>
      <dst id="23">28.1244</dst>
      <dst id="8">21.8311</dst>
      <dst id="18">12814.1156</dst>
      <dst id="4">26357.7156</dst>
      <dst id="1">1782.3911</dst>
      <dst id="5">414.1956</dst>
      <dst id="3">778.2667</dst>
      <dst id="22">1799.6000</dst>
      <dst id="7">725.8222</dst>
      <dst id="2">9198.4000</dst>
      <dst id="16">32.4178</dst>
      <dst id="14">124.2044</dst>
      <dst id="20">29.6356</dst>
      <dst id="11">517.2622</dst>
      <dst id="9">456.9156</dst>
      <dst id="17">4446.8000</dst>
      <dst id="21">1333.8222</dst>
      <dst id="15">20.4533</dst>
    </src>
    <src id="15">
      <dst id="12">253.3600</dst>
      <dst id="13">248.4622</dst>
      <dst id="23">2.3911</dst>
      <dst id="8">55.8844</dst>
      <dst id="18">16.4089</dst>
      <dst id="4">13812.4800</dst>
      <dst id="1">68.5689</dst>
      <dst id="5">530.9600</dst>
      <dst id="3">641.2533</dst>
      <dst id="7">26.0000</dst>
      <dst id="2">72.0089</dst>
      <dst id="16">0.3556</dst>
      <dst id="11">102.5244</dst>
      <dst id="9">369.3244</dst>
      <dst id="17">307.2978</dst>
      <dst id="21">73.8756</dst>
    </src>
  </IntraTM>
</TrafficMatrixFile>
