<?xml version="1.0" encoding="UTF-8" standalone="yes"?>
<TrafficMatrixFile xmlns:xsi="http://www.w3.org/2001/XMLSchema-instance" xsi:noNamespaceSchemaLocation="http://totem.run.montefiore.ulg.ac.be/Schema/TrafficMatrix-v1_2.xsd">
  <info>
    <title>Intradomain traffic matrix generated by geant-TM-all.pl</title>
    <date>2005-01-01T13:00:00</date>
    <duration>900</duration>
    <author>Steve Uhlig</author>
    <units>
        <unit type="bandwidth" value="kbps"/>
    </units>
  </info>
  <IntraTM ASID="20965">
    <src id="12">
      <dst id="12">212475.9111</dst>
      <dst id="13">13444.3200</dst>
      <dst id="19">4838.7467</dst>
      <dst id="23">22.2133</dst>
      <dst id="8">1655.6622</dst>
      <dst id="18">6036.6400</dst>
      <dst id="4">108437.9111</dst>
      <dst id="1">7988.6844</dst>
      <dst id="5">4628.0800</dst>
      <dst id="3">1781.4044</dst>
      <dst id="22">1760.6133</dst>
      <dst id="7">1810.4356</dst>
      <dst id="2">66079.7689</dst>
      <dst id="6">4.7022</dst>
      <dst id="16">4040.3911</dst>
      <dst id="14">1292.8533</dst>
      <dst id="20">6312.2222</dst>
      <dst id="11">1396.5156</dst>
      <dst id="9">6313.4756</dst>
      <dst id="17">47552.3911</dst>
      <dst id="21">8387.9556</dst>
      <dst id="15">6111.6089</dst>
    </src>
    <src id="13">
      <dst id="12">43962.2667</dst>
      <dst id="19">6080.9067</dst>
      <dst id="23">18.5689</dst>
      <dst id="8">1053.2089</dst>
      <dst id="18">2996.9956</dst>
      <dst id="4">1.4222</dst>
      <dst id="1">2072.8089</dst>
      <dst id="5">6721.7956</dst>
      <dst id="3">6568.2578</dst>
      <dst id="22">16226.7644</dst>
      <dst id="7">6247.6800</dst>
      <dst id="2">72088.6578</dst>
      <dst id="6">16.7556</dst>
      <dst id="16">5250.0089</dst>
      <dst id="14">1901.8222</dst>
      <dst id="20">8147.1467</dst>
      <dst id="11">5388.0089</dst>
      <dst id="9">12707.4133</dst>
      <dst id="17">56718.4178</dst>
      <dst id="21">10097.7067</dst>
      <dst id="15">1073.8756</dst>
    </src>
    <src id="19">
      <dst id="12">13703.3956</dst>
      <dst id="13">6935.8222</dst>
      <dst id="8">0.7111</dst>
      <dst id="18">4.9511</dst>
      <dst id="4">17308.8000</dst>
      <dst id="1">63.7422</dst>
      <dst id="5">2.4889</dst>
      <dst id="3">312.4267</dst>
      <dst id="22">130.9067</dst>
      <dst id="7">4379.9200</dst>
      <dst id="2">139.4667</dst>
      <dst id="6">24.1422</dst>
      <dst id="16">9318.8889</dst>
      <dst id="14">0.6133</dst>
      <dst id="20">1.7067</dst>
      <dst id="11">4.1067</dst>
      <dst id="9">125.4400</dst>
      <dst id="17">318.8711</dst>
      <dst id="21">243.2178</dst>
    </src>
    <src id="23">
      <dst id="12">144.2933</dst>
      <dst id="13">198.5244</dst>
      <dst id="18">44.1333</dst>
      <dst id="4">30.9422</dst>
      <dst id="1">83.1467</dst>
      <dst id="5">8.4356</dst>
      <dst id="3">0.3556</dst>
      <dst id="22">5.4933</dst>
      <dst id="7">33.3689</dst>
      <dst id="2">67.3600</dst>
      <dst id="16">6.3111</dst>
      <dst id="20">0.4622</dst>
      <dst id="11">28.3644</dst>
      <dst id="9">301.2978</dst>
      <dst id="17">28.3467</dst>
      <dst id="21">122.9156</dst>
    </src>
    <src id="8">
      <dst id="12">282241.3867</dst>
      <dst id="13">289.4844</dst>
      <dst id="19">1.8844</dst>
      <dst id="18">57.6000</dst>
      <dst id="4">5112.7556</dst>
      <dst id="1">41.2267</dst>
      <dst id="5">377.3422</dst>
      <dst id="3">12.3200</dst>
      <dst id="22">451.9556</dst>
      <dst id="7">8.7733</dst>
      <dst id="2">76811.8578</dst>
      <dst id="6">13.1200</dst>
      <dst id="16">173.1556</dst>
      <dst id="20">3.9378</dst>
      <dst id="11">113.6622</dst>
      <dst id="9">85.4133</dst>
      <dst id="17">59635.6800</dst>
      <dst id="21">9.4933</dst>
      <dst id="15">150.1333</dst>
    </src>
    <src id="18">
      <dst id="12">117787.9644</dst>
      <dst id="13">355.6978</dst>
      <dst id="23">1.5556</dst>
      <dst id="8">3.9644</dst>
      <dst id="4">1500.3022</dst>
      <dst id="1">1380.8622</dst>
      <dst id="5">354.6311</dst>
      <dst id="3">209.2267</dst>
      <dst id="22">78.6933</dst>
      <dst id="7">40.3200</dst>
      <dst id="2">27735.7422</dst>
      <dst id="16">26.0978</dst>
      <dst id="14">1.7333</dst>
      <dst id="20">14.8267</dst>
      <dst id="11">113.0222</dst>
      <dst id="9">47.4222</dst>
      <dst id="17">27245.3689</dst>
      <dst id="21">141.7600</dst>
      <dst id="15">249.0400</dst>
    </src>
    <src id="4">
      <dst id="12">13647.4222</dst>
      <dst id="19">15812.1689</dst>
      <dst id="8">710.6222</dst>
      <dst id="18">545.7511</dst>
      <dst id="4">1.1111</dst>
      <dst id="1">3107.1556</dst>
      <dst id="5">5200.8533</dst>
      <dst id="3">9326.9867</dst>
      <dst id="22">2514.2222</dst>
      <dst id="7">12604.7556</dst>
      <dst id="2">61398.0267</dst>
      <dst id="6">1.8489</dst>
      <dst id="16">727.9733</dst>
      <dst id="14">934.2044</dst>
      <dst id="20">658.2933</dst>
      <dst id="11">4791.2356</dst>
      <dst id="9">2189.0044</dst>
      <dst id="17">51806.2489</dst>
      <dst id="21">6910.3289</dst>
      <dst id="15">275.5644</dst>
    </src>
    <src id="1">
      <dst id="12">18889.5289</dst>
      <dst id="13">215.4222</dst>
      <dst id="19">2714.0800</dst>
      <dst id="23">41.6089</dst>
      <dst id="8">53165.3778</dst>
      <dst id="18">10302.2400</dst>
      <dst id="4">7116.3111</dst>
      <dst id="1">69.8489</dst>
      <dst id="5">129283.4133</dst>
      <dst id="3">9259.7333</dst>
      <dst id="22">1204.8533</dst>
      <dst id="7">13701.1289</dst>
      <dst id="2">6331.9378</dst>
      <dst id="6">3291.6533</dst>
      <dst id="16">15690.5511</dst>
      <dst id="14">65.9200</dst>
      <dst id="20">120.4533</dst>
      <dst id="11">166.3556</dst>
      <dst id="9">124638.7733</dst>
      <dst id="17">4305.0578</dst>
      <dst id="21">3832.4267</dst>
      <dst id="15">75.2000</dst>
    </src>
    <src id="5">
      <dst id="12">295633.8133</dst>
      <dst id="13">9206.0800</dst>
      <dst id="19">154.5333</dst>
      <dst id="23">320.3556</dst>
      <dst id="8">115.7867</dst>
      <dst id="18">150.2756</dst>
      <dst id="4">8338.5956</dst>
      <dst id="1">16.8356</dst>
      <dst id="3">222.5156</dst>
      <dst id="22">3737.2800</dst>
      <dst id="7">140.2844</dst>
      <dst id="2">111084.4622</dst>
      <dst id="16">268.2933</dst>
      <dst id="14">87.8400</dst>
      <dst id="20">2748.1600</dst>
      <dst id="11">1402.0622</dst>
      <dst id="9">1546.8889</dst>
      <dst id="17">68215.2533</dst>
      <dst id="21">411.0133</dst>
      <dst id="15">268.1689</dst>
    </src>
    <src id="3">
      <dst id="12">12847.3778</dst>
      <dst id="13">1006.9156</dst>
      <dst id="19">4317.0133</dst>
      <dst id="23">3.3067</dst>
      <dst id="8">128.4533</dst>
      <dst id="18">67839.8578</dst>
      <dst id="4">52638.4267</dst>
      <dst id="1">1325.4933</dst>
      <dst id="5">216.3022</dst>
      <dst id="3">8420.9867</dst>
      <dst id="22">139.7244</dst>
      <dst id="7">1621.7422</dst>
      <dst id="2">2588.9422</dst>
      <dst id="6">24.3200</dst>
      <dst id="16">443.5289</dst>
      <dst id="14">16988.7200</dst>
      <dst id="20">125.0489</dst>
      <dst id="11">93919.9289</dst>
      <dst id="9">150.3022</dst>
      <dst id="17">4079.4311</dst>
      <dst id="21">6884.2400</dst>
      <dst id="15">24.6756</dst>
    </src>
    <src id="10">
      <dst id="12">14526.0000</dst>
      <dst id="19">1796.6489</dst>
      <dst id="8">1087.2267</dst>
      <dst id="18">12053.9822</dst>
      <dst id="4">1.7778</dst>
      <dst id="1">1669.0311</dst>
      <dst id="5">461.9822</dst>
      <dst id="3">8553.0844</dst>
      <dst id="22">6031.8667</dst>
      <dst id="7">2347.6267</dst>
      <dst id="2">22048.3378</dst>
      <dst id="16">546.8356</dst>
      <dst id="14">1835.5733</dst>
      <dst id="20">1707.4489</dst>
      <dst id="11">3160.8978</dst>
      <dst id="9">2247.7511</dst>
      <dst id="17">22660.8711</dst>
      <dst id="21">9073.9644</dst>
      <dst id="15">513.5822</dst>
    </src>
    <src id="22">
      <dst id="12">8915.2178</dst>
      <dst id="13">2016.0267</dst>
      <dst id="19">7.4489</dst>
      <dst id="23">160.0000</dst>
      <dst id="8">332.6933</dst>
      <dst id="18">796.7289</dst>
      <dst id="4">17097.0756</dst>
      <dst id="1">69.9556</dst>
      <dst id="5">10301.9111</dst>
      <dst id="3">157.9467</dst>
      <dst id="7">1839.6978</dst>
      <dst id="2">865.8844</dst>
      <dst id="6">51.1733</dst>
      <dst id="16">1.1200</dst>
      <dst id="14">73.6978</dst>
      <dst id="11">4223.5822</dst>
      <dst id="9">1068.5867</dst>
      <dst id="17">2734.2222</dst>
      <dst id="21">3610.5422</dst>
    </src>
    <src id="7">
      <dst id="12">2414.0533</dst>
      <dst id="13">27.3778</dst>
      <dst id="19">164.6667</dst>
      <dst id="23">1.4222</dst>
      <dst id="8">191.2889</dst>
      <dst id="18">504.0356</dst>
      <dst id="4">35345.8578</dst>
      <dst id="1">795.2089</dst>
      <dst id="5">1549.8844</dst>
      <dst id="3">12666.4889</dst>
      <dst id="22">5080.5867</dst>
      <dst id="7">683.8044</dst>
      <dst id="2">4506.0889</dst>
      <dst id="6">1.1378</dst>
      <dst id="16">884.5156</dst>
      <dst id="14">111.3689</dst>
      <dst id="20">35.4844</dst>
      <dst id="11">469.9911</dst>
      <dst id="9">164.9511</dst>
      <dst id="17">7218.8800</dst>
      <dst id="21">16609.2533</dst>
      <dst id="15">206.6844</dst>
    </src>
    <src id="2">
      <dst id="12">54502.4267</dst>
      <dst id="13">2427.2889</dst>
      <dst id="19">485.0044</dst>
      <dst id="8">177.3511</dst>
      <dst id="18">55643.2533</dst>
      <dst id="4">104565.5200</dst>
      <dst id="1">3127.2889</dst>
      <dst id="5">814.3378</dst>
      <dst id="3">3385.5733</dst>
      <dst id="22">863.4933</dst>
      <dst id="7">4533.2267</dst>
      <dst id="2">7252.3556</dst>
      <dst id="6">5291.8311</dst>
      <dst id="16">2233.8844</dst>
      <dst id="14">240.4800</dst>
      <dst id="20">317.2267</dst>
      <dst id="11">3193.9644</dst>
      <dst id="9">419.1733</dst>
      <dst id="17">31896.1244</dst>
      <dst id="21">5291.7778</dst>
      <dst id="15">1.7156</dst>
    </src>
    <src id="6">
      <dst id="12">6652.6933</dst>
      <dst id="13">21.2444</dst>
      <dst id="19">0.7111</dst>
      <dst id="23">0.5244</dst>
      <dst id="8">0.4178</dst>
      <dst id="4">38.4711</dst>
      <dst id="5">0.4889</dst>
      <dst id="3">1.9733</dst>
      <dst id="22">1.4578</dst>
      <dst id="2">1646.9067</dst>
      <dst id="16">12.6222</dst>
      <dst id="11">2.8978</dst>
      <dst id="9">1.0489</dst>
      <dst id="17">691.5556</dst>
      <dst id="21">3.5822</dst>
    </src>
    <src id="16">
      <dst id="12">1102.7200</dst>
      <dst id="13">235.2711</dst>
      <dst id="19">3720.8800</dst>
      <dst id="23">1.7778</dst>
      <dst id="8">831.6444</dst>
      <dst id="18">15.8578</dst>
      <dst id="4">4572.6756</dst>
      <dst id="1">17836.6489</dst>
      <dst id="5">301.2533</dst>
      <dst id="3">1131.8933</dst>
      <dst id="7">1337.3244</dst>
      <dst id="2">180.7822</dst>
      <dst id="6">0.3556</dst>
      <dst id="16">13.6711</dst>
      <dst id="14">0.6489</dst>
      <dst id="11">7.6889</dst>
      <dst id="9">1368.4089</dst>
      <dst id="17">2540.3911</dst>
      <dst id="21">400.8533</dst>
    </src>
    <src id="14">
      <dst id="12">16077.1467</dst>
      <dst id="13">13.6356</dst>
      <dst id="19">7.5378</dst>
      <dst id="18">0.9244</dst>
      <dst id="4">3364.1778</dst>
      <dst id="1">57.2267</dst>
      <dst id="5">5.0133</dst>
      <dst id="3">52.9156</dst>
      <dst id="22">4.0533</dst>
      <dst id="7">73.6711</dst>
      <dst id="2">4056.2667</dst>
      <dst id="16">12.6222</dst>
      <dst id="20">0.5689</dst>
      <dst id="11">30.5422</dst>
      <dst id="9">45.7689</dst>
      <dst id="17">3564.9600</dst>
      <dst id="21">72.7822</dst>
      <dst id="15">0.5333</dst>
    </src>
    <src id="20">
      <dst id="12">5425.0578</dst>
      <dst id="13">5371.5644</dst>
      <dst id="19">15.5111</dst>
      <dst id="8">55.5644</dst>
      <dst id="18">636.9422</dst>
      <dst id="4">7462.4711</dst>
      <dst id="1">10.1422</dst>
      <dst id="5">1130.1422</dst>
      <dst id="3">58.2844</dst>
      <dst id="7">100.9778</dst>
      <dst id="2">4208.5156</dst>
      <dst id="16">2.5600</dst>
      <dst id="14">4.4711</dst>
      <dst id="11">2458.4800</dst>
      <dst id="9">1105.0844</dst>
      <dst id="17">666.3644</dst>
      <dst id="21">534.0178</dst>
    </src>
    <src id="11">
      <dst id="12">387130.1600</dst>
      <dst id="13">401.2711</dst>
      <dst id="19">46.1956</dst>
      <dst id="23">21.6533</dst>
      <dst id="8">149.2178</dst>
      <dst id="18">381.9378</dst>
      <dst id="4">15557.8756</dst>
      <dst id="1">463.9200</dst>
      <dst id="5">2267.6711</dst>
      <dst id="3">1772.0978</dst>
      <dst id="22">4393.1644</dst>
      <dst id="7">254.9511</dst>
      <dst id="2">136257.7956</dst>
      <dst id="6">1.1644</dst>
      <dst id="16">242.9778</dst>
      <dst id="14">56.5689</dst>
      <dst id="20">489.7778</dst>
      <dst id="11">1475.2800</dst>
      <dst id="9">147.9556</dst>
      <dst id="17">83183.1467</dst>
      <dst id="21">2170.8000</dst>
      <dst id="15">63.9200</dst>
    </src>
    <src id="9">
      <dst id="12">459069.7156</dst>
      <dst id="13">4289.4489</dst>
      <dst id="19">11.9733</dst>
      <dst id="23">15.7511</dst>
      <dst id="8">24.7556</dst>
      <dst id="18">674.8978</dst>
      <dst id="4">12945.8311</dst>
      <dst id="1">108.2667</dst>
      <dst id="5">4344.9156</dst>
      <dst id="3">266.6222</dst>
      <dst id="22">1044.8889</dst>
      <dst id="7">8.6489</dst>
      <dst id="2">136209.9200</dst>
      <dst id="6">0.3556</dst>
      <dst id="16">40.9244</dst>
      <dst id="14">77.4400</dst>
      <dst id="20">959.2444</dst>
      <dst id="11">80.9511</dst>
      <dst id="9">1432.6044</dst>
      <dst id="17">117137.3689</dst>
      <dst id="21">879.7511</dst>
      <dst id="15">421.3689</dst>
    </src>
    <src id="17">
      <dst id="12">12838.7022</dst>
      <dst id="13">14240.7556</dst>
      <dst id="19">9220.0889</dst>
      <dst id="23">13.6978</dst>
      <dst id="8">73714.0622</dst>
      <dst id="18">150.1956</dst>
      <dst id="4">142572.5244</dst>
      <dst id="1">542.5600</dst>
      <dst id="5">123393.4311</dst>
      <dst id="3">10925.1111</dst>
      <dst id="22">3976.9244</dst>
      <dst id="7">22225.9556</dst>
      <dst id="2">10782.7556</dst>
      <dst id="6">86.3644</dst>
      <dst id="16">3042.8267</dst>
      <dst id="14">8742.8267</dst>
      <dst id="20">9403.2178</dst>
      <dst id="11">86450.8000</dst>
      <dst id="9">114372.6222</dst>
      <dst id="17">1169.1467</dst>
      <dst id="21">12925.3333</dst>
      <dst id="15">45.9822</dst>
    </src>
    <src id="21">
      <dst id="12">19391.6000</dst>
      <dst id="13">1190.8089</dst>
      <dst id="19">283.7778</dst>
      <dst id="23">37.7600</dst>
      <dst id="8">14.2756</dst>
      <dst id="18">1548.2489</dst>
      <dst id="4">23703.0933</dst>
      <dst id="1">1853.9822</dst>
      <dst id="5">364.5511</dst>
      <dst id="3">701.8222</dst>
      <dst id="22">1323.7511</dst>
      <dst id="7">2622.8089</dst>
      <dst id="2">9011.0933</dst>
      <dst id="6">1.3867</dst>
      <dst id="16">88.2844</dst>
      <dst id="14">145.6889</dst>
      <dst id="20">64.6844</dst>
      <dst id="11">526.1689</dst>
      <dst id="9">185.0756</dst>
      <dst id="17">3064.3556</dst>
      <dst id="21">2845.3244</dst>
      <dst id="15">196.3467</dst>
    </src>
    <src id="15">
      <dst id="12">535.2800</dst>
      <dst id="13">180.5067</dst>
      <dst id="19">3.5644</dst>
      <dst id="23">0.3378</dst>
      <dst id="8">18.7556</dst>
      <dst id="18">4.9778</dst>
      <dst id="4">2492.1689</dst>
      <dst id="1">49.2622</dst>
      <dst id="5">317.4400</dst>
      <dst id="3">397.5644</dst>
      <dst id="7">9.2533</dst>
      <dst id="2">31.5022</dst>
      <dst id="14">13.3333</dst>
      <dst id="11">302.5067</dst>
      <dst id="9">867.3600</dst>
      <dst id="17">340.5511</dst>
      <dst id="21">214.4622</dst>
    </src>
  </IntraTM>
</TrafficMatrixFile>
