<?xml version="1.0" encoding="UTF-8" standalone="yes"?>
<TrafficMatrixFile xmlns:xsi="http://www.w3.org/2001/XMLSchema-instance" xsi:noNamespaceSchemaLocation="http://totem.run.montefiore.ulg.ac.be/Schema/TrafficMatrix-v1_2.xsd">
  <info>
    <title>Intradomain traffic matrix generated by geant-TM-all.pl</title>
    <date>2005-01-03T01:30:00</date>
    <duration>900</duration>
    <author>Steve Uhlig</author>
    <units>
        <unit type="bandwidth" value="kbps"/>
    </units>
  </info>
  <IntraTM ASID="20965">
    <src id="12">
      <dst id="12">283528.2933</dst>
      <dst id="13">30341.8667</dst>
      <dst id="19">3636.4000</dst>
      <dst id="23">7784.4622</dst>
      <dst id="8">7141.7956</dst>
      <dst id="18">1760.1156</dst>
      <dst id="4">116160.0178</dst>
      <dst id="1">12991.5289</dst>
      <dst id="5">2126.4533</dst>
      <dst id="3">15122.7911</dst>
      <dst id="22">24502.3556</dst>
      <dst id="7">3395.1467</dst>
      <dst id="2">101305.8667</dst>
      <dst id="6">24.6933</dst>
      <dst id="16">3229.9200</dst>
      <dst id="14">184.4444</dst>
      <dst id="20">3984.5778</dst>
      <dst id="11">8357.1733</dst>
      <dst id="9">7421.2711</dst>
      <dst id="17">90105.0044</dst>
      <dst id="21">21300.5422</dst>
      <dst id="15">1742.3911</dst>
    </src>
    <src id="13">
      <dst id="12">62499.3689</dst>
      <dst id="19">43279.8222</dst>
      <dst id="23">419.9022</dst>
      <dst id="8">8736.7644</dst>
      <dst id="18">6929.8222</dst>
      <dst id="1">9072.9244</dst>
      <dst id="5">9305.4400</dst>
      <dst id="3">42372.8267</dst>
      <dst id="22">33844.6667</dst>
      <dst id="7">20261.5467</dst>
      <dst id="2">121552.4622</dst>
      <dst id="6">119.0133</dst>
      <dst id="16">15936.7556</dst>
      <dst id="14">4912.8444</dst>
      <dst id="20">14223.3422</dst>
      <dst id="11">29270.6844</dst>
      <dst id="9">18932.0978</dst>
      <dst id="17">73606.0533</dst>
      <dst id="21">25636.7556</dst>
      <dst id="15">9913.5644</dst>
    </src>
    <src id="19">
      <dst id="12">14843.8133</dst>
      <dst id="13">427.8578</dst>
      <dst id="23">1909.6622</dst>
      <dst id="8">177.5289</dst>
      <dst id="18">82.9867</dst>
      <dst id="4">21456.3022</dst>
      <dst id="1">1497.4133</dst>
      <dst id="5">70.8622</dst>
      <dst id="3">15.2978</dst>
      <dst id="22">77.8578</dst>
      <dst id="7">4152.5867</dst>
      <dst id="2">4111.4933</dst>
      <dst id="6">97.9467</dst>
      <dst id="16">5058.8533</dst>
      <dst id="14">12.6222</dst>
      <dst id="20">130.1333</dst>
      <dst id="11">186.9600</dst>
      <dst id="9">1232.6311</dst>
      <dst id="17">1021.9289</dst>
      <dst id="21">24427.7333</dst>
      <dst id="15">20.6756</dst>
    </src>
    <src id="23">
      <dst id="12">540.3733</dst>
      <dst id="13">250.5867</dst>
      <dst id="19">183.6000</dst>
      <dst id="8">26.6667</dst>
      <dst id="18">59.6356</dst>
      <dst id="4">56.9956</dst>
      <dst id="1">114.9156</dst>
      <dst id="5">39.6889</dst>
      <dst id="3">943.6267</dst>
      <dst id="22">141.2000</dst>
      <dst id="7">223.8311</dst>
      <dst id="2">161.3956</dst>
      <dst id="6">0.7822</dst>
      <dst id="16">432.7644</dst>
      <dst id="14">2.9333</dst>
      <dst id="20">175.5378</dst>
      <dst id="11">1405.2178</dst>
      <dst id="9">409.1822</dst>
      <dst id="17">299.6444</dst>
      <dst id="21">825.1644</dst>
      <dst id="15">13.3333</dst>
    </src>
    <src id="8">
      <dst id="12">410461.0756</dst>
      <dst id="13">1664.8889</dst>
      <dst id="19">9.8044</dst>
      <dst id="18">4944.5422</dst>
      <dst id="4">7945.9289</dst>
      <dst id="1">1169.1289</dst>
      <dst id="5">3038.7289</dst>
      <dst id="3">116.3822</dst>
      <dst id="22">3646.8444</dst>
      <dst id="7">163.2622</dst>
      <dst id="2">161435.6178</dst>
      <dst id="6">124.1689</dst>
      <dst id="16">1452.5067</dst>
      <dst id="14">37.8667</dst>
      <dst id="20">4002.6933</dst>
      <dst id="11">1533.9378</dst>
      <dst id="9">1145.4933</dst>
      <dst id="17">150145.7778</dst>
      <dst id="21">254.8800</dst>
      <dst id="15">335.6178</dst>
    </src>
    <src id="18">
      <dst id="12">131729.5911</dst>
      <dst id="13">151.8311</dst>
      <dst id="19">2.3467</dst>
      <dst id="23">15.5022</dst>
      <dst id="8">1998.4889</dst>
      <dst id="4">2645.6978</dst>
      <dst id="1">1150.1422</dst>
      <dst id="5">228.1067</dst>
      <dst id="3">307.9289</dst>
      <dst id="22">546.6933</dst>
      <dst id="7">410.8889</dst>
      <dst id="2">54185.4667</dst>
      <dst id="16">105.0044</dst>
      <dst id="14">1.7333</dst>
      <dst id="20">9.0311</dst>
      <dst id="11">291.1378</dst>
      <dst id="9">346.8089</dst>
      <dst id="17">48392.5244</dst>
      <dst id="21">1289.9111</dst>
      <dst id="15">5.9556</dst>
    </src>
    <src id="4">
      <dst id="12">55014.2933</dst>
      <dst id="19">9247.2356</dst>
      <dst id="23">48.0000</dst>
      <dst id="8">2907.0489</dst>
      <dst id="18">3792.3911</dst>
      <dst id="1">115559.8400</dst>
      <dst id="5">1489.2356</dst>
      <dst id="3">2594.9867</dst>
      <dst id="22">9765.8311</dst>
      <dst id="7">132045.8044</dst>
      <dst id="2">101215.1822</dst>
      <dst id="6">413.8400</dst>
      <dst id="16">1891.7689</dst>
      <dst id="14">1900.1778</dst>
      <dst id="20">3468.9156</dst>
      <dst id="11">5124.9333</dst>
      <dst id="9">6419.1378</dst>
      <dst id="17">133235.0489</dst>
      <dst id="21">11569.2711</dst>
      <dst id="15">161.2711</dst>
    </src>
    <src id="1">
      <dst id="12">20359.0844</dst>
      <dst id="13">426.8800</dst>
      <dst id="19">1489.0844</dst>
      <dst id="23">88.0444</dst>
      <dst id="8">200662.2489</dst>
      <dst id="18">15552.4089</dst>
      <dst id="4">19445.6622</dst>
      <dst id="1">34856.4889</dst>
      <dst id="5">257788.8533</dst>
      <dst id="3">995.2711</dst>
      <dst id="22">6565.0222</dst>
      <dst id="7">3790.7022</dst>
      <dst id="2">43535.8044</dst>
      <dst id="6">13728.5956</dst>
      <dst id="16">7477.8933</dst>
      <dst id="14">261.8044</dst>
      <dst id="20">636.7822</dst>
      <dst id="11">3318.3111</dst>
      <dst id="9">287991.9111</dst>
      <dst id="17">7166.5156</dst>
      <dst id="21">12266.3911</dst>
      <dst id="15">138.9867</dst>
    </src>
    <src id="5">
      <dst id="12">310773.6978</dst>
      <dst id="13">1778.0711</dst>
      <dst id="19">378.8178</dst>
      <dst id="23">41.4578</dst>
      <dst id="8">42950.7378</dst>
      <dst id="18">226.7378</dst>
      <dst id="4">8060.6489</dst>
      <dst id="1">583.4311</dst>
      <dst id="3">115.6889</dst>
      <dst id="22">6622.8978</dst>
      <dst id="7">254.4356</dst>
      <dst id="2">125489.1378</dst>
      <dst id="6">0.9244</dst>
      <dst id="16">728.6400</dst>
      <dst id="14">44.7378</dst>
      <dst id="20">5574.2756</dst>
      <dst id="11">2724.3378</dst>
      <dst id="9">1795.8489</dst>
      <dst id="17">103528.1689</dst>
      <dst id="21">419.5378</dst>
      <dst id="15">205.7689</dst>
    </src>
    <src id="3">
      <dst id="12">14437.0844</dst>
      <dst id="13">932.8178</dst>
      <dst id="19">1064.6222</dst>
      <dst id="23">212.5422</dst>
      <dst id="8">4476.6844</dst>
      <dst id="18">192814.0444</dst>
      <dst id="4">38813.6622</dst>
      <dst id="1">12797.1911</dst>
      <dst id="5">636.8622</dst>
      <dst id="3">26916.1956</dst>
      <dst id="22">841.4222</dst>
      <dst id="7">3559.1378</dst>
      <dst id="2">9976.4267</dst>
      <dst id="6">12.3111</dst>
      <dst id="16">2863.7422</dst>
      <dst id="14">32957.0400</dst>
      <dst id="20">163.5911</dst>
      <dst id="11">219741.4844</dst>
      <dst id="9">181.3956</dst>
      <dst id="17">16064.8267</dst>
      <dst id="21">10848.0089</dst>
      <dst id="15">119.7689</dst>
    </src>
    <src id="10">
      <dst id="12">20629.0844</dst>
      <dst id="19">2571.3511</dst>
      <dst id="8">2577.8667</dst>
      <dst id="18">7916.6578</dst>
      <dst id="1">8995.8400</dst>
      <dst id="5">1253.2978</dst>
      <dst id="3">25572.2756</dst>
      <dst id="22">8321.5200</dst>
      <dst id="7">11359.1378</dst>
      <dst id="2">30457.5467</dst>
      <dst id="6">0.3556</dst>
      <dst id="16">5738.8622</dst>
      <dst id="14">4225.8133</dst>
      <dst id="20">7057.3156</dst>
      <dst id="11">12133.4844</dst>
      <dst id="9">2341.2178</dst>
      <dst id="17">25307.2356</dst>
      <dst id="21">23200.6044</dst>
      <dst id="15">3031.7422</dst>
    </src>
    <src id="22">
      <dst id="12">8569.6889</dst>
      <dst id="13">6594.4622</dst>
      <dst id="19">346.6044</dst>
      <dst id="23">715.5111</dst>
      <dst id="8">3280.1689</dst>
      <dst id="18">2742.3822</dst>
      <dst id="4">23076.4800</dst>
      <dst id="1">4367.5644</dst>
      <dst id="5">3849.6267</dst>
      <dst id="3">516.0711</dst>
      <dst id="7">569.5111</dst>
      <dst id="2">4727.5022</dst>
      <dst id="6">1.7778</dst>
      <dst id="16">0.8356</dst>
      <dst id="14">2.5244</dst>
      <dst id="11">5305.0222</dst>
      <dst id="9">19345.5822</dst>
      <dst id="17">12219.8133</dst>
      <dst id="21">1482.9600</dst>
    </src>
    <src id="7">
      <dst id="12">8281.0578</dst>
      <dst id="13">393.6889</dst>
      <dst id="19">2122.0356</dst>
      <dst id="23">463.6444</dst>
      <dst id="8">1155.8133</dst>
      <dst id="18">3047.0578</dst>
      <dst id="4">66978.5956</dst>
      <dst id="1">15300.7467</dst>
      <dst id="5">818.5600</dst>
      <dst id="3">994.9067</dst>
      <dst id="22">2595.7156</dst>
      <dst id="7">767.4933</dst>
      <dst id="2">33112.4000</dst>
      <dst id="6">53.2178</dst>
      <dst id="16">1503.3778</dst>
      <dst id="14">110.8178</dst>
      <dst id="20">1798.5156</dst>
      <dst id="11">4474.9156</dst>
      <dst id="9">1332.3556</dst>
      <dst id="17">18821.4222</dst>
      <dst id="21">19348.3111</dst>
      <dst id="15">599.0044</dst>
    </src>
    <src id="2">
      <dst id="12">118052.1956</dst>
      <dst id="13">476930.6578</dst>
      <dst id="19">555.6089</dst>
      <dst id="23">44.1778</dst>
      <dst id="8">1482.9067</dst>
      <dst id="18">154527.4222</dst>
      <dst id="4">122674.3644</dst>
      <dst id="1">11694.2489</dst>
      <dst id="5">3327.6978</dst>
      <dst id="3">520.5689</dst>
      <dst id="22">1472.6844</dst>
      <dst id="7">20469.1022</dst>
      <dst id="2">1229.2978</dst>
      <dst id="6">9278.6044</dst>
      <dst id="16">3741.6711</dst>
      <dst id="14">5445.6711</dst>
      <dst id="20">4951.5556</dst>
      <dst id="11">3544.1511</dst>
      <dst id="9">1914.7022</dst>
      <dst id="17">60518.2578</dst>
      <dst id="21">12451.5378</dst>
      <dst id="15">1097.6889</dst>
    </src>
    <src id="6">
      <dst id="12">10825.5289</dst>
      <dst id="13">6.2844</dst>
      <dst id="19">17.2711</dst>
      <dst id="23">5.5289</dst>
      <dst id="8">60.7200</dst>
      <dst id="18">46.6844</dst>
      <dst id="4">56.6667</dst>
      <dst id="1">101.9556</dst>
      <dst id="5">0.3556</dst>
      <dst id="3">6.7733</dst>
      <dst id="22">12.4533</dst>
      <dst id="7">130.4267</dst>
      <dst id="2">2611.7778</dst>
      <dst id="16">54.5067</dst>
      <dst id="20">3.5556</dst>
      <dst id="11">26.2844</dst>
      <dst id="17">2216.8089</dst>
      <dst id="21">42.0711</dst>
    </src>
    <src id="16">
      <dst id="12">3669.1644</dst>
      <dst id="13">818.6311</dst>
      <dst id="19">4128.1600</dst>
      <dst id="23">1097.6800</dst>
      <dst id="8">4733.5911</dst>
      <dst id="18">169.3333</dst>
      <dst id="4">9798.5867</dst>
      <dst id="1">15554.8533</dst>
      <dst id="5">5710.7911</dst>
      <dst id="3">75.7067</dst>
      <dst id="7">6530.3022</dst>
      <dst id="2">2687.3689</dst>
      <dst id="6">3.2889</dst>
      <dst id="16">50.5067</dst>
      <dst id="14">258.2400</dst>
      <dst id="11">1220.9600</dst>
      <dst id="9">6292.7733</dst>
      <dst id="17">3704.5422</dst>
      <dst id="21">689.0222</dst>
    </src>
    <src id="14">
      <dst id="12">19281.3778</dst>
      <dst id="13">31.7689</dst>
      <dst id="19">46.4356</dst>
      <dst id="23">92.6489</dst>
      <dst id="8">0.7111</dst>
      <dst id="4">2535.8933</dst>
      <dst id="1">36.6133</dst>
      <dst id="5">28.1689</dst>
      <dst id="3">88.5333</dst>
      <dst id="22">6.4622</dst>
      <dst id="7">137.7778</dst>
      <dst id="2">5829.6267</dst>
      <dst id="16">6.9333</dst>
      <dst id="20">47.2444</dst>
      <dst id="11">126.9867</dst>
      <dst id="9">72.8089</dst>
      <dst id="17">7344.1156</dst>
      <dst id="21">130.9867</dst>
      <dst id="15">12.0444</dst>
    </src>
    <src id="20">
      <dst id="12">16727.2622</dst>
      <dst id="13">4108.1067</dst>
      <dst id="19">19.6889</dst>
      <dst id="23">3719.7156</dst>
      <dst id="8">1291.1022</dst>
      <dst id="18">297.0756</dst>
      <dst id="4">24852.7111</dst>
      <dst id="1">558.2844</dst>
      <dst id="5">4221.3778</dst>
      <dst id="3">491.5111</dst>
      <dst id="22">0.8444</dst>
      <dst id="7">611.3333</dst>
      <dst id="2">11340.8800</dst>
      <dst id="6">1.2711</dst>
      <dst id="14">1.1822</dst>
      <dst id="11">1514.0978</dst>
      <dst id="9">4648.3644</dst>
      <dst id="17">2888.3644</dst>
      <dst id="21">4754.9244</dst>
    </src>
    <src id="11">
      <dst id="12">454450.6933</dst>
      <dst id="13">4998.5511</dst>
      <dst id="19">136.7111</dst>
      <dst id="23">71.7956</dst>
      <dst id="8">2937.3156</dst>
      <dst id="18">1436.6489</dst>
      <dst id="4">16978.4622</dst>
      <dst id="1">577.6889</dst>
      <dst id="5">1936.9156</dst>
      <dst id="3">1054.3022</dst>
      <dst id="22">5162.6222</dst>
      <dst id="7">625.0667</dst>
      <dst id="2">170895.8844</dst>
      <dst id="6">11.6267</dst>
      <dst id="16">1177.3422</dst>
      <dst id="14">477.4667</dst>
      <dst id="20">625.6267</dst>
      <dst id="11">1082.1778</dst>
      <dst id="9">5684.2489</dst>
      <dst id="17">161443.3511</dst>
      <dst id="21">2229.0667</dst>
      <dst id="15">1017.6089</dst>
    </src>
    <src id="9">
      <dst id="12">432287.1644</dst>
      <dst id="13">6880.8267</dst>
      <dst id="19">112.3911</dst>
      <dst id="23">98.3289</dst>
      <dst id="8">7461.9200</dst>
      <dst id="18">2962.1689</dst>
      <dst id="4">10727.4578</dst>
      <dst id="1">2048.9156</dst>
      <dst id="5">1999.3689</dst>
      <dst id="3">30.1333</dst>
      <dst id="22">5108.6133</dst>
      <dst id="7">2574.6933</dst>
      <dst id="2">162750.0889</dst>
      <dst id="6">0.9333</dst>
      <dst id="16">955.1733</dst>
      <dst id="14">15.8222</dst>
      <dst id="20">1018.4533</dst>
      <dst id="11">1715.5111</dst>
      <dst id="9">1383.2089</dst>
      <dst id="17">162243.0844</dst>
      <dst id="21">1608.1244</dst>
      <dst id="15">1784.0889</dst>
    </src>
    <src id="17">
      <dst id="12">26820.9689</dst>
      <dst id="13">32674.2400</dst>
      <dst id="19">883.8756</dst>
      <dst id="23">279.9733</dst>
      <dst id="8">202324.6400</dst>
      <dst id="18">1312.5067</dst>
      <dst id="4">78989.1022</dst>
      <dst id="1">4586.0711</dst>
      <dst id="5">234832.7733</dst>
      <dst id="3">24379.0133</dst>
      <dst id="22">16896.1778</dst>
      <dst id="7">7278.8800</dst>
      <dst id="2">111442.5778</dst>
      <dst id="6">321.2889</dst>
      <dst id="16">10642.7200</dst>
      <dst id="14">20537.1111</dst>
      <dst id="20">604.7733</dst>
      <dst id="11">172763.0933</dst>
      <dst id="9">233619.7600</dst>
      <dst id="17">2157.0933</dst>
      <dst id="21">18435.6356</dst>
      <dst id="15">156.7556</dst>
    </src>
    <src id="21">
      <dst id="12">21660.4800</dst>
      <dst id="13">887.8844</dst>
      <dst id="19">687.4400</dst>
      <dst id="23">169.0933</dst>
      <dst id="8">628.6933</dst>
      <dst id="18">1941.1289</dst>
      <dst id="4">37555.8667</dst>
      <dst id="1">1450.7111</dst>
      <dst id="5">723.8133</dst>
      <dst id="3">2522.4000</dst>
      <dst id="22">3158.7911</dst>
      <dst id="7">5223.5733</dst>
      <dst id="2">16794.0089</dst>
      <dst id="6">19.9644</dst>
      <dst id="16">593.5556</dst>
      <dst id="14">70.5778</dst>
      <dst id="20">2163.6000</dst>
      <dst id="11">1519.6800</dst>
      <dst id="9">1346.5600</dst>
      <dst id="17">16174.3822</dst>
      <dst id="21">3374.5600</dst>
      <dst id="15">108.8978</dst>
    </src>
    <src id="15">
      <dst id="12">4265.6444</dst>
      <dst id="13">649.1200</dst>
      <dst id="19">5.0222</dst>
      <dst id="8">1155.6444</dst>
      <dst id="18">72.0711</dst>
      <dst id="4">7672.0444</dst>
      <dst id="1">1508.9600</dst>
      <dst id="5">112.0800</dst>
      <dst id="3">12.6578</dst>
      <dst id="7">24.2489</dst>
      <dst id="2">445.3333</dst>
      <dst id="6">1.4756</dst>
      <dst id="14">44.2311</dst>
      <dst id="11">431.3422</dst>
      <dst id="9">607.3244</dst>
      <dst id="17">485.0311</dst>
      <dst id="21">129.8667</dst>
    </src>
  </IntraTM>
</TrafficMatrixFile>
