<?xml version="1.0" encoding="UTF-8" standalone="yes"?>
<TrafficMatrixFile xmlns:xsi="http://www.w3.org/2001/XMLSchema-instance" xsi:noNamespaceSchemaLocation="http://totem.run.montefiore.ulg.ac.be/Schema/TrafficMatrix-v1_2.xsd">
  <info>
    <title>Intradomain traffic matrix generated by geant-TM-all.pl</title>
    <date>2005-01-06T01:00:00</date>
    <duration>900</duration>
    <author>Steve Uhlig</author>
    <units>
        <unit type="bandwidth" value="kbps"/>
    </units>
  </info>
  <IntraTM ASID="20965">
    <src id="12">
      <dst id="12">317471.1378</dst>
      <dst id="13">31631.9022</dst>
      <dst id="19">8778.3644</dst>
      <dst id="23">384.2400</dst>
      <dst id="8">13851.7511</dst>
      <dst id="18">5539.7067</dst>
      <dst id="4">96474.2133</dst>
      <dst id="1">15445.1556</dst>
      <dst id="5">11818.5867</dst>
      <dst id="3">6771.2089</dst>
      <dst id="22">21669.3333</dst>
      <dst id="7">10514.1333</dst>
      <dst id="2">109773.2533</dst>
      <dst id="6">79.8578</dst>
      <dst id="16">6284.1689</dst>
      <dst id="14">291.6444</dst>
      <dst id="20">25620.3822</dst>
      <dst id="11">10872.7556</dst>
      <dst id="9">12972.9422</dst>
      <dst id="17">109439.4933</dst>
      <dst id="21">21711.5289</dst>
      <dst id="15">7376.1244</dst>
    </src>
    <src id="13">
      <dst id="12">102683.4044</dst>
      <dst id="19">18012.4356</dst>
      <dst id="23">3207.2267</dst>
      <dst id="8">3261.5111</dst>
      <dst id="18">10454.7289</dst>
      <dst id="4">0.4267</dst>
      <dst id="1">12285.6267</dst>
      <dst id="5">10384.0622</dst>
      <dst id="3">32649.6356</dst>
      <dst id="22">29837.5644</dst>
      <dst id="7">55454.9956</dst>
      <dst id="2">134626.3111</dst>
      <dst id="6">252.5867</dst>
      <dst id="16">14506.0533</dst>
      <dst id="14">5693.6711</dst>
      <dst id="20">25910.4800</dst>
      <dst id="11">26100.5067</dst>
      <dst id="9">12482.4444</dst>
      <dst id="17">133216.3911</dst>
      <dst id="21">46215.7333</dst>
      <dst id="15">4441.6000</dst>
    </src>
    <src id="19">
      <dst id="12">23215.9822</dst>
      <dst id="13">1400.8622</dst>
      <dst id="23">3143.8489</dst>
      <dst id="8">27.0489</dst>
      <dst id="18">1086.2667</dst>
      <dst id="4">17265.8844</dst>
      <dst id="1">5499.9733</dst>
      <dst id="5">503.6000</dst>
      <dst id="3">80.8889</dst>
      <dst id="22">2055.9289</dst>
      <dst id="7">7962.4889</dst>
      <dst id="2">2667.0133</dst>
      <dst id="6">107.3600</dst>
      <dst id="16">4166.6667</dst>
      <dst id="14">0.3556</dst>
      <dst id="20">287.5289</dst>
      <dst id="11">605.0044</dst>
      <dst id="9">1451.0311</dst>
      <dst id="17">18139.1111</dst>
      <dst id="21">2105.9822</dst>
      <dst id="15">42.0444</dst>
    </src>
    <src id="23">
      <dst id="12">594.7022</dst>
      <dst id="13">3768.8089</dst>
      <dst id="19">114.8889</dst>
      <dst id="8">0.4267</dst>
      <dst id="18">56.4711</dst>
      <dst id="4">190.8889</dst>
      <dst id="1">150.1067</dst>
      <dst id="5">147.0222</dst>
      <dst id="3">298.4889</dst>
      <dst id="22">256.6933</dst>
      <dst id="7">1971.0844</dst>
      <dst id="2">832.1600</dst>
      <dst id="6">19.4756</dst>
      <dst id="16">2036.8978</dst>
      <dst id="20">190.2667</dst>
      <dst id="11">248.5156</dst>
      <dst id="9">1790.7644</dst>
      <dst id="17">1928.0622</dst>
      <dst id="21">1337.8667</dst>
      <dst id="15">10.7378</dst>
    </src>
    <src id="8">
      <dst id="12">353977.3867</dst>
      <dst id="13">1992.6756</dst>
      <dst id="19">98.2311</dst>
      <dst id="23">38.6578</dst>
      <dst id="18">964.7378</dst>
      <dst id="4">4375.4222</dst>
      <dst id="1">1317.6267</dst>
      <dst id="5">6602.6844</dst>
      <dst id="3">15.7333</dst>
      <dst id="22">2081.7511</dst>
      <dst id="7">145.4578</dst>
      <dst id="2">135828.1511</dst>
      <dst id="16">2424.8889</dst>
      <dst id="14">0.7822</dst>
      <dst id="20">1666.2844</dst>
      <dst id="11">1011.0222</dst>
      <dst id="9">1744.4889</dst>
      <dst id="17">152852.1956</dst>
      <dst id="21">478.3467</dst>
      <dst id="15">2540.3556</dst>
    </src>
    <src id="18">
      <dst id="12">141720.1689</dst>
      <dst id="13">1573.5911</dst>
      <dst id="19">20.6044</dst>
      <dst id="23">2.3733</dst>
      <dst id="8">891.2533</dst>
      <dst id="4">3929.6800</dst>
      <dst id="1">2338.1778</dst>
      <dst id="5">702.7911</dst>
      <dst id="3">397.0133</dst>
      <dst id="22">451.4400</dst>
      <dst id="7">307.6622</dst>
      <dst id="2">47737.3244</dst>
      <dst id="16">605.0578</dst>
      <dst id="14">4.6400</dst>
      <dst id="20">80.8267</dst>
      <dst id="11">1318.6133</dst>
      <dst id="9">361.5733</dst>
      <dst id="17">58656.3911</dst>
      <dst id="21">1101.6267</dst>
      <dst id="15">5.5022</dst>
    </src>
    <src id="4">
      <dst id="12">25574.6133</dst>
      <dst id="19">7718.6311</dst>
      <dst id="23">4.8800</dst>
      <dst id="8">3193.5644</dst>
      <dst id="18">2449.9733</dst>
      <dst id="1">159568.7111</dst>
      <dst id="5">5259.3778</dst>
      <dst id="3">1232.0089</dst>
      <dst id="22">9082.6756</dst>
      <dst id="7">51864.3378</dst>
      <dst id="2">81521.4756</dst>
      <dst id="6">115.6711</dst>
      <dst id="16">3295.7689</dst>
      <dst id="14">3549.8578</dst>
      <dst id="20">7978.1778</dst>
      <dst id="11">6628.4089</dst>
      <dst id="9">4908.2400</dst>
      <dst id="17">35857.3956</dst>
      <dst id="21">12069.9822</dst>
      <dst id="15">741.0489</dst>
    </src>
    <src id="1">
      <dst id="12">21973.0133</dst>
      <dst id="13">5114.9867</dst>
      <dst id="19">1229.4756</dst>
      <dst id="23">170.6044</dst>
      <dst id="8">199931.1022</dst>
      <dst id="18">24560.3556</dst>
      <dst id="4">23591.9644</dst>
      <dst id="1">34174.1600</dst>
      <dst id="5">296080.4267</dst>
      <dst id="3">486.9956</dst>
      <dst id="22">6343.8756</dst>
      <dst id="7">41074.6667</dst>
      <dst id="2">10939.4667</dst>
      <dst id="6">12568.8000</dst>
      <dst id="16">7327.9911</dst>
      <dst id="14">1836.1956</dst>
      <dst id="20">14573.0133</dst>
      <dst id="11">2780.4889</dst>
      <dst id="9">330320.7111</dst>
      <dst id="17">34566.0978</dst>
      <dst id="21">12763.9644</dst>
      <dst id="15">554.9956</dst>
    </src>
    <src id="5">
      <dst id="12">376637.4311</dst>
      <dst id="13">11185.0400</dst>
      <dst id="19">284.0444</dst>
      <dst id="23">17.2267</dst>
      <dst id="8">24686.4533</dst>
      <dst id="18">756.5244</dst>
      <dst id="4">8548.8978</dst>
      <dst id="1">1576.5156</dst>
      <dst id="3">278.1244</dst>
      <dst id="22">6747.4311</dst>
      <dst id="7">467.4133</dst>
      <dst id="2">172610.4533</dst>
      <dst id="6">26.2311</dst>
      <dst id="16">2069.8400</dst>
      <dst id="14">0.9067</dst>
      <dst id="20">12302.0533</dst>
      <dst id="11">2444.0356</dst>
      <dst id="9">1139.8578</dst>
      <dst id="17">150135.7422</dst>
      <dst id="21">1004.3289</dst>
      <dst id="15">800.2844</dst>
    </src>
    <src id="3">
      <dst id="12">14194.8889</dst>
      <dst id="13">1768.7822</dst>
      <dst id="19">1539.7244</dst>
      <dst id="23">5554.0978</dst>
      <dst id="8">161.6622</dst>
      <dst id="18">245961.6089</dst>
      <dst id="4">33891.1556</dst>
      <dst id="1">10219.2978</dst>
      <dst id="5">908.9511</dst>
      <dst id="3">19687.1289</dst>
      <dst id="10">0.3911</dst>
      <dst id="22">2761.8844</dst>
      <dst id="7">12472.5333</dst>
      <dst id="2">9719.8578</dst>
      <dst id="6">21.0222</dst>
      <dst id="16">3554.7644</dst>
      <dst id="14">62036.3378</dst>
      <dst id="20">4886.3467</dst>
      <dst id="11">315290.8889</dst>
      <dst id="9">986.1244</dst>
      <dst id="17">17285.8222</dst>
      <dst id="21">17173.7067</dst>
      <dst id="15">96.2400</dst>
    </src>
    <src id="10">
      <dst id="12">26622.1689</dst>
      <dst id="19">7592.8622</dst>
      <dst id="8">3551.3778</dst>
      <dst id="18">5277.0311</dst>
      <dst id="1">6359.8667</dst>
      <dst id="5">2548.4267</dst>
      <dst id="3">15892.9156</dst>
      <dst id="22">3920.9244</dst>
      <dst id="7">17800.6756</dst>
      <dst id="2">52439.4222</dst>
      <dst id="6">518.5067</dst>
      <dst id="16">5150.1600</dst>
      <dst id="14">2838.1867</dst>
      <dst id="20">3041.6889</dst>
      <dst id="11">4240.8978</dst>
      <dst id="9">3867.9644</dst>
      <dst id="17">31207.5911</dst>
      <dst id="21">18466.9244</dst>
      <dst id="15">432.2844</dst>
    </src>
    <src id="22">
      <dst id="12">22001.9556</dst>
      <dst id="13">6774.5956</dst>
      <dst id="19">252.5333</dst>
      <dst id="23">551.6267</dst>
      <dst id="8">986.5422</dst>
      <dst id="18">1515.6622</dst>
      <dst id="4">18507.6089</dst>
      <dst id="1">4080.2933</dst>
      <dst id="5">6267.5289</dst>
      <dst id="3">1443.1644</dst>
      <dst id="7">2899.2622</dst>
      <dst id="2">12864.8444</dst>
      <dst id="6">1.6178</dst>
      <dst id="16">1.7067</dst>
      <dst id="14">87.4933</dst>
      <dst id="11">5042.9867</dst>
      <dst id="9">2750.7644</dst>
      <dst id="17">11132.8711</dst>
      <dst id="21">3767.3333</dst>
    </src>
    <src id="7">
      <dst id="12">4461.4133</dst>
      <dst id="13">7736.7822</dst>
      <dst id="19">2684.7911</dst>
      <dst id="23">298.7111</dst>
      <dst id="8">456.5422</dst>
      <dst id="18">1160.7200</dst>
      <dst id="4">108156.1600</dst>
      <dst id="1">32239.4133</dst>
      <dst id="5">1684.8356</dst>
      <dst id="3">3913.8400</dst>
      <dst id="22">6040.6400</dst>
      <dst id="7">717.8311</dst>
      <dst id="2">22342.3200</dst>
      <dst id="6">233.3956</dst>
      <dst id="16">4024.0444</dst>
      <dst id="14">218.6489</dst>
      <dst id="20">2641.1556</dst>
      <dst id="11">2375.8400</dst>
      <dst id="9">2707.5822</dst>
      <dst id="17">21413.9822</dst>
      <dst id="21">8057.6178</dst>
      <dst id="15">1059.0578</dst>
    </src>
    <src id="2">
      <dst id="12">143212.5422</dst>
      <dst id="13">504540.1778</dst>
      <dst id="19">5446.4978</dst>
      <dst id="23">84.3733</dst>
      <dst id="8">1961.9733</dst>
      <dst id="18">169581.6622</dst>
      <dst id="4">94943.9378</dst>
      <dst id="1">23256.1778</dst>
      <dst id="5">2493.3956</dst>
      <dst id="3">2627.5200</dst>
      <dst id="10">28.3733</dst>
      <dst id="22">3567.6711</dst>
      <dst id="7">24895.2978</dst>
      <dst id="2">1233.3333</dst>
      <dst id="6">10170.5333</dst>
      <dst id="16">3754.8178</dst>
      <dst id="14">4206.8800</dst>
      <dst id="20">2220.3467</dst>
      <dst id="11">7577.4756</dst>
      <dst id="9">3552.6489</dst>
      <dst id="17">51861.2978</dst>
      <dst id="21">7514.5067</dst>
      <dst id="15">202.3822</dst>
    </src>
    <src id="6">
      <dst id="12">11436.4889</dst>
      <dst id="13">112.1956</dst>
      <dst id="19">133.0489</dst>
      <dst id="18">5.5556</dst>
      <dst id="4">137.3333</dst>
      <dst id="1">119.9911</dst>
      <dst id="5">6.0622</dst>
      <dst id="3">132.7733</dst>
      <dst id="22">13.4844</dst>
      <dst id="7">238.5511</dst>
      <dst id="2">2956.7822</dst>
      <dst id="16">95.7867</dst>
      <dst id="20">24.4622</dst>
      <dst id="11">46.9333</dst>
      <dst id="9">1.6089</dst>
      <dst id="17">2243.7600</dst>
      <dst id="21">61.4311</dst>
      <dst id="15">2.4000</dst>
    </src>
    <src id="16">
      <dst id="12">3656.8978</dst>
      <dst id="13">773.8133</dst>
      <dst id="19">3273.2178</dst>
      <dst id="23">110.4800</dst>
      <dst id="8">10860.7111</dst>
      <dst id="18">398.3378</dst>
      <dst id="4">7412.9689</dst>
      <dst id="1">13520.5156</dst>
      <dst id="5">6471.9911</dst>
      <dst id="3">82.0178</dst>
      <dst id="7">5143.4133</dst>
      <dst id="2">2375.0222</dst>
      <dst id="6">59.2889</dst>
      <dst id="16">48.6044</dst>
      <dst id="14">442.2133</dst>
      <dst id="11">531.0400</dst>
      <dst id="9">11430.8978</dst>
      <dst id="17">9623.8311</dst>
      <dst id="21">3955.3867</dst>
    </src>
    <src id="14">
      <dst id="12">22209.7244</dst>
      <dst id="13">82.4000</dst>
      <dst id="19">17.1111</dst>
      <dst id="23">25.9556</dst>
      <dst id="18">81.3867</dst>
      <dst id="4">4060.1689</dst>
      <dst id="1">138.4444</dst>
      <dst id="5">2.3111</dst>
      <dst id="3">180.4711</dst>
      <dst id="22">44.2489</dst>
      <dst id="7">321.7244</dst>
      <dst id="2">7132.4533</dst>
      <dst id="6">0.5689</dst>
      <dst id="16">32.3022</dst>
      <dst id="20">6.9333</dst>
      <dst id="11">93.8044</dst>
      <dst id="9">38.4000</dst>
      <dst id="17">9701.6978</dst>
      <dst id="21">280.4889</dst>
    </src>
    <src id="20">
      <dst id="12">8213.7778</dst>
      <dst id="13">13090.4267</dst>
      <dst id="19">14722.7644</dst>
      <dst id="23">76.1689</dst>
      <dst id="8">595.1022</dst>
      <dst id="18">369.9289</dst>
      <dst id="4">12052.6311</dst>
      <dst id="1">6661.1200</dst>
      <dst id="5">7435.7067</dst>
      <dst id="3">2565.5111</dst>
      <dst id="7">2367.5911</dst>
      <dst id="2">2805.9556</dst>
      <dst id="6">4.2667</dst>
      <dst id="16">2.1333</dst>
      <dst id="14">342.8622</dst>
      <dst id="11">1466.5867</dst>
      <dst id="9">4801.6356</dst>
      <dst id="17">11928.8178</dst>
      <dst id="21">646.4889</dst>
    </src>
    <src id="11">
      <dst id="12">487227.2711</dst>
      <dst id="13">6189.2267</dst>
      <dst id="19">436.5867</dst>
      <dst id="23">9294.0711</dst>
      <dst id="8">586.1333</dst>
      <dst id="18">1640.4267</dst>
      <dst id="4">13043.6800</dst>
      <dst id="1">1483.9111</dst>
      <dst id="5">2238.2933</dst>
      <dst id="3">2050.1067</dst>
      <dst id="22">8782.0622</dst>
      <dst id="7">1571.8578</dst>
      <dst id="2">206999.4933</dst>
      <dst id="6">542.8978</dst>
      <dst id="16">387.2267</dst>
      <dst id="14">626.1956</dst>
      <dst id="20">5880.7733</dst>
      <dst id="11">4500.0978</dst>
      <dst id="9">3219.0844</dst>
      <dst id="17">197507.3778</dst>
      <dst id="21">1480.9867</dst>
      <dst id="15">234.5600</dst>
    </src>
    <src id="9">
      <dst id="12">481829.3156</dst>
      <dst id="13">12924.0800</dst>
      <dst id="19">3784.3111</dst>
      <dst id="23">557.8756</dst>
      <dst id="8">2417.2622</dst>
      <dst id="18">831.2622</dst>
      <dst id="4">12212.8533</dst>
      <dst id="1">4658.3911</dst>
      <dst id="5">1676.6933</dst>
      <dst id="3">11.0222</dst>
      <dst id="22">4268.9956</dst>
      <dst id="7">1398.7467</dst>
      <dst id="2">201735.5289</dst>
      <dst id="6">1.2000</dst>
      <dst id="16">1473.6267</dst>
      <dst id="14">47.5911</dst>
      <dst id="20">11444.1778</dst>
      <dst id="11">1103.0578</dst>
      <dst id="9">414.4444</dst>
      <dst id="17">215661.2267</dst>
      <dst id="21">2615.7689</dst>
      <dst id="15">2778.3111</dst>
    </src>
    <src id="17">
      <dst id="12">13039.8489</dst>
      <dst id="13">7973.1733</dst>
      <dst id="19">4362.1333</dst>
      <dst id="23">354.5778</dst>
      <dst id="8">215064.7378</dst>
      <dst id="18">2814.7822</dst>
      <dst id="4">125815.4667</dst>
      <dst id="1">14826.7200</dst>
      <dst id="5">284053.4933</dst>
      <dst id="3">32194.6578</dst>
      <dst id="22">12394.5422</dst>
      <dst id="7">16156.9156</dst>
      <dst id="2">30782.3911</dst>
      <dst id="6">307.7600</dst>
      <dst id="16">19157.3333</dst>
      <dst id="14">46980.3022</dst>
      <dst id="20">5156.6311</dst>
      <dst id="11">249449.1822</dst>
      <dst id="9">311625.7156</dst>
      <dst id="17">1956.4178</dst>
      <dst id="21">30965.7956</dst>
      <dst id="15">149.9022</dst>
    </src>
    <src id="21">
      <dst id="12">25735.9289</dst>
      <dst id="13">4150.0267</dst>
      <dst id="19">929.0844</dst>
      <dst id="23">151.3600</dst>
      <dst id="8">144.0267</dst>
      <dst id="18">1495.3156</dst>
      <dst id="4">27548.2844</dst>
      <dst id="1">18034.6933</dst>
      <dst id="5">873.0489</dst>
      <dst id="3">25665.1378</dst>
      <dst id="10">53.3333</dst>
      <dst id="22">2671.4933</dst>
      <dst id="7">3010.2400</dst>
      <dst id="2">19552.3911</dst>
      <dst id="6">6.4178</dst>
      <dst id="16">1439.9111</dst>
      <dst id="14">116.9333</dst>
      <dst id="20">10305.5556</dst>
      <dst id="11">2897.1556</dst>
      <dst id="9">2172.2844</dst>
      <dst id="17">10708.4711</dst>
      <dst id="21">3754.1956</dst>
      <dst id="15">2730.6667</dst>
    </src>
    <src id="15">
      <dst id="12">7790.7911</dst>
      <dst id="13">1306.3822</dst>
      <dst id="19">915.2711</dst>
      <dst id="23">609.2267</dst>
      <dst id="8">860.5156</dst>
      <dst id="18">106.6667</dst>
      <dst id="4">3809.1556</dst>
      <dst id="1">1666.8267</dst>
      <dst id="5">1205.3067</dst>
      <dst id="3">2.1244</dst>
      <dst id="7">75.0400</dst>
      <dst id="2">428.3467</dst>
      <dst id="14">4.2667</dst>
      <dst id="11">4133.5467</dst>
      <dst id="9">1574.6133</dst>
      <dst id="17">1978.6311</dst>
      <dst id="21">3086.6578</dst>
    </src>
  </IntraTM>
</TrafficMatrixFile>
