<?xml version="1.0" encoding="UTF-8" standalone="yes"?>
<TrafficMatrixFile xmlns:xsi="http://www.w3.org/2001/XMLSchema-instance" xsi:noNamespaceSchemaLocation="http://totem.run.montefiore.ulg.ac.be/Schema/TrafficMatrix-v1_2.xsd">
  <info>
    <title>Intradomain traffic matrix generated by geant-TM-all.pl</title>
    <date>2005-01-04T22:45:00</date>
    <duration>900</duration>
    <author>Steve Uhlig</author>
    <units>
        <unit type="bandwidth" value="kbps"/>
    </units>
  </info>
  <IntraTM ASID="20965">
    <src id="12">
      <dst id="12">250469.1111</dst>
      <dst id="13">19624.9600</dst>
      <dst id="19">3243.0222</dst>
      <dst id="23">1375.9111</dst>
      <dst id="8">2501.1200</dst>
      <dst id="18">1184.0978</dst>
      <dst id="4">60351.1200</dst>
      <dst id="1">25116.6756</dst>
      <dst id="5">3900.4800</dst>
      <dst id="3">5080.3733</dst>
      <dst id="22">11891.2089</dst>
      <dst id="7">4337.6622</dst>
      <dst id="2">74502.9333</dst>
      <dst id="6">5.4844</dst>
      <dst id="16">14001.5111</dst>
      <dst id="14">3306.6578</dst>
      <dst id="20">9483.2444</dst>
      <dst id="11">7876.9778</dst>
      <dst id="9">9147.1111</dst>
      <dst id="17">80225.4044</dst>
      <dst id="21">2691.7867</dst>
      <dst id="15">1611.5289</dst>
    </src>
    <src id="13">
      <dst id="12">42931.6800</dst>
      <dst id="19">5014.2133</dst>
      <dst id="23">103.4400</dst>
      <dst id="8">4378.1867</dst>
      <dst id="18">2037.0222</dst>
      <dst id="1">10190.9689</dst>
      <dst id="5">8248.3111</dst>
      <dst id="3">6349.6000</dst>
      <dst id="22">17546.5422</dst>
      <dst id="7">7530.2222</dst>
      <dst id="2">97704.9244</dst>
      <dst id="6">191.0933</dst>
      <dst id="16">9313.7511</dst>
      <dst id="14">6344.9600</dst>
      <dst id="20">7322.0533</dst>
      <dst id="11">19423.1911</dst>
      <dst id="9">14700.5956</dst>
      <dst id="17">55503.1911</dst>
      <dst id="21">7136.7111</dst>
      <dst id="15">2218.7822</dst>
    </src>
    <src id="19">
      <dst id="12">12770.8622</dst>
      <dst id="13">343.4400</dst>
      <dst id="23">6.2222</dst>
      <dst id="8">94.4000</dst>
      <dst id="18">1.2800</dst>
      <dst id="4">13602.4711</dst>
      <dst id="1">342.9689</dst>
      <dst id="5">89.8578</dst>
      <dst id="3">0.8178</dst>
      <dst id="22">84.0533</dst>
      <dst id="7">2671.2800</dst>
      <dst id="2">651.8311</dst>
      <dst id="6">69.7067</dst>
      <dst id="16">5822.5511</dst>
      <dst id="14">3917.7600</dst>
      <dst id="20">31.7867</dst>
      <dst id="11">2072.5244</dst>
      <dst id="9">44.8978</dst>
      <dst id="17">190.2933</dst>
      <dst id="21">814.3911</dst>
    </src>
    <src id="23">
      <dst id="12">618.2844</dst>
      <dst id="13">990.3200</dst>
      <dst id="19">1.8933</dst>
      <dst id="18">65.9733</dst>
      <dst id="4">12.9778</dst>
      <dst id="1">67.7689</dst>
      <dst id="5">79.0222</dst>
      <dst id="3">194.7644</dst>
      <dst id="22">183.0044</dst>
      <dst id="7">285.1022</dst>
      <dst id="2">16.7467</dst>
      <dst id="6">0.5244</dst>
      <dst id="16">44.9244</dst>
      <dst id="14">165.5378</dst>
      <dst id="20">0.3556</dst>
      <dst id="11">128.0978</dst>
      <dst id="9">3959.5822</dst>
      <dst id="17">286.3467</dst>
      <dst id="21">171.1022</dst>
    </src>
    <src id="8">
      <dst id="12">304294.0533</dst>
      <dst id="13">249.3067</dst>
      <dst id="19">13.2978</dst>
      <dst id="18">28.3200</dst>
      <dst id="4">6902.5156</dst>
      <dst id="1">356.3022</dst>
      <dst id="5">1190.8800</dst>
      <dst id="3">50.0800</dst>
      <dst id="22">3365.7956</dst>
      <dst id="7">12.2844</dst>
      <dst id="2">129244.4978</dst>
      <dst id="16">1352.1156</dst>
      <dst id="20">1322.5156</dst>
      <dst id="11">44.0533</dst>
      <dst id="9">2175.0044</dst>
      <dst id="17">124629.2800</dst>
      <dst id="21">225.5378</dst>
      <dst id="15">144.4000</dst>
    </src>
    <src id="18">
      <dst id="12">87238.9600</dst>
      <dst id="13">319.4133</dst>
      <dst id="23">2.1333</dst>
      <dst id="8">78.0800</dst>
      <dst id="4">939.8578</dst>
      <dst id="1">1352.8711</dst>
      <dst id="5">281.4400</dst>
      <dst id="3">23.7689</dst>
      <dst id="22">349.7067</dst>
      <dst id="7">6.3200</dst>
      <dst id="2">28142.3822</dst>
      <dst id="16">39.8844</dst>
      <dst id="14">26.1511</dst>
      <dst id="20">14.5333</dst>
      <dst id="11">64.4000</dst>
      <dst id="9">19.0311</dst>
      <dst id="17">37403.9644</dst>
      <dst id="21">161.5822</dst>
      <dst id="15">117.5378</dst>
    </src>
    <src id="4">
      <dst id="12">15136.4711</dst>
      <dst id="19">16616.7733</dst>
      <dst id="23">4.0889</dst>
      <dst id="8">548.3111</dst>
      <dst id="18">305.6089</dst>
      <dst id="4">1.3333</dst>
      <dst id="1">35626.5333</dst>
      <dst id="5">1807.5644</dst>
      <dst id="3">241.6978</dst>
      <dst id="22">2643.5111</dst>
      <dst id="7">37478.0000</dst>
      <dst id="2">70798.3733</dst>
      <dst id="6">2.1067</dst>
      <dst id="16">1496.6578</dst>
      <dst id="14">2350.7911</dst>
      <dst id="20">1163.9111</dst>
      <dst id="11">2516.5956</dst>
      <dst id="9">2125.4400</dst>
      <dst id="17">27422.8178</dst>
      <dst id="21">6924.0000</dst>
      <dst id="15">816.4622</dst>
    </src>
    <src id="1">
      <dst id="12">32177.5822</dst>
      <dst id="13">2282.3200</dst>
      <dst id="19">54.2044</dst>
      <dst id="23">36.1156</dst>
      <dst id="8">124445.1733</dst>
      <dst id="18">13196.2578</dst>
      <dst id="4">8414.6044</dst>
      <dst id="1">4478.7200</dst>
      <dst id="5">233768.8178</dst>
      <dst id="3">84.9422</dst>
      <dst id="22">1832.4178</dst>
      <dst id="7">1417.0756</dst>
      <dst id="2">3513.8933</dst>
      <dst id="6">8673.8756</dst>
      <dst id="16">10851.9556</dst>
      <dst id="14">129.6711</dst>
      <dst id="20">285.8044</dst>
      <dst id="11">449.0044</dst>
      <dst id="9">203961.2533</dst>
      <dst id="17">6001.7778</dst>
      <dst id="21">2068.7467</dst>
      <dst id="15">128.5422</dst>
    </src>
    <src id="5">
      <dst id="12">278681.4667</dst>
      <dst id="13">7882.8000</dst>
      <dst id="19">2.7289</dst>
      <dst id="23">547.9733</dst>
      <dst id="8">413.2089</dst>
      <dst id="18">2577.4578</dst>
      <dst id="4">2848.3022</dst>
      <dst id="1">445.7067</dst>
      <dst id="3">2.5600</dst>
      <dst id="22">12626.7467</dst>
      <dst id="7">254.3644</dst>
      <dst id="2">125725.4400</dst>
      <dst id="6">39.3867</dst>
      <dst id="16">794.9333</dst>
      <dst id="14">25.2000</dst>
      <dst id="20">298.9867</dst>
      <dst id="11">693.4578</dst>
      <dst id="9">1264.8356</dst>
      <dst id="17">105394.1156</dst>
      <dst id="21">170.1511</dst>
      <dst id="15">88.5067</dst>
    </src>
    <src id="3">
      <dst id="12">101053.2889</dst>
      <dst id="13">10522.7289</dst>
      <dst id="19">1503.2622</dst>
      <dst id="23">8725.5467</dst>
      <dst id="8">42.8889</dst>
      <dst id="18">54097.4844</dst>
      <dst id="4">19828.5333</dst>
      <dst id="1">6005.8667</dst>
      <dst id="5">431.8933</dst>
      <dst id="3">10318.0800</dst>
      <dst id="22">391.8489</dst>
      <dst id="7">1778.8889</dst>
      <dst id="2">5276.4622</dst>
      <dst id="6">0.3556</dst>
      <dst id="16">1390.2578</dst>
      <dst id="14">65850.9156</dst>
      <dst id="20">222.8000</dst>
      <dst id="11">118550.3289</dst>
      <dst id="9">168.9156</dst>
      <dst id="17">6091.7333</dst>
      <dst id="21">13930.7111</dst>
      <dst id="15">48.4356</dst>
    </src>
    <src id="10">
      <dst id="12">11900.3289</dst>
      <dst id="19">1088.1244</dst>
      <dst id="8">430.8533</dst>
      <dst id="18">1269.6356</dst>
      <dst id="1">2977.2800</dst>
      <dst id="5">1009.0933</dst>
      <dst id="3">2553.1289</dst>
      <dst id="22">3799.2267</dst>
      <dst id="7">7627.9556</dst>
      <dst id="2">28992.4978</dst>
      <dst id="6">1.6800</dst>
      <dst id="16">2909.9467</dst>
      <dst id="14">5429.8133</dst>
      <dst id="20">989.8400</dst>
      <dst id="11">7221.6089</dst>
      <dst id="9">11641.1111</dst>
      <dst id="17">16164.9511</dst>
      <dst id="21">8434.1422</dst>
      <dst id="15">206.3200</dst>
    </src>
    <src id="22">
      <dst id="12">13668.4444</dst>
      <dst id="13">2729.9822</dst>
      <dst id="19">194.9422</dst>
      <dst id="23">79.3689</dst>
      <dst id="8">1062.6311</dst>
      <dst id="18">309.6356</dst>
      <dst id="4">13517.4756</dst>
      <dst id="1">112.1867</dst>
      <dst id="5">7316.2311</dst>
      <dst id="3">490.9156</dst>
      <dst id="7">236.1422</dst>
      <dst id="2">3004.2400</dst>
      <dst id="6">34.0267</dst>
      <dst id="16">1.9556</dst>
      <dst id="14">286.7022</dst>
      <dst id="11">1185.4044</dst>
      <dst id="9">5342.8000</dst>
      <dst id="17">3532.4533</dst>
      <dst id="21">332.1867</dst>
    </src>
    <src id="7">
      <dst id="12">3713.9822</dst>
      <dst id="13">2774.0356</dst>
      <dst id="19">2140.6844</dst>
      <dst id="23">109.8489</dst>
      <dst id="8">108.2844</dst>
      <dst id="18">31.2178</dst>
      <dst id="4">10673.0756</dst>
      <dst id="1">1341.3778</dst>
      <dst id="5">1129.9378</dst>
      <dst id="3">385.1822</dst>
      <dst id="22">3251.2000</dst>
      <dst id="7">810.8178</dst>
      <dst id="2">8239.1289</dst>
      <dst id="6">22.6489</dst>
      <dst id="16">841.7422</dst>
      <dst id="14">158.4622</dst>
      <dst id="20">287.3778</dst>
      <dst id="11">594.1067</dst>
      <dst id="9">525.1911</dst>
      <dst id="17">7270.9778</dst>
      <dst id="21">3138.6133</dst>
      <dst id="15">199.9467</dst>
    </src>
    <src id="2">
      <dst id="12">94966.8267</dst>
      <dst id="13">512459.2444</dst>
      <dst id="19">251.7244</dst>
      <dst id="23">20.7556</dst>
      <dst id="8">325.7867</dst>
      <dst id="18">57692.5956</dst>
      <dst id="4">79037.1289</dst>
      <dst id="1">4713.6356</dst>
      <dst id="5">1577.3067</dst>
      <dst id="3">35.9022</dst>
      <dst id="22">2280.3289</dst>
      <dst id="7">3289.8756</dst>
      <dst id="2">1152.0622</dst>
      <dst id="6">8525.2089</dst>
      <dst id="16">3996.2667</dst>
      <dst id="14">5500.8711</dst>
      <dst id="20">399.6978</dst>
      <dst id="11">2692.6844</dst>
      <dst id="9">678.2756</dst>
      <dst id="17">41676.6044</dst>
      <dst id="21">1466.2400</dst>
      <dst id="15">911.6889</dst>
    </src>
    <src id="6">
      <dst id="12">11321.5822</dst>
      <dst id="13">2.6933</dst>
      <dst id="19">15.8933</dst>
      <dst id="18">2.2756</dst>
      <dst id="4">1269.6978</dst>
      <dst id="1">1.5289</dst>
      <dst id="5">41.2089</dst>
      <dst id="22">15.0400</dst>
      <dst id="7">15.2178</dst>
      <dst id="2">2989.8578</dst>
      <dst id="16">44.8178</dst>
      <dst id="11">1.9556</dst>
      <dst id="9">13.3422</dst>
      <dst id="17">1666.4444</dst>
      <dst id="21">23.9644</dst>
    </src>
    <src id="16">
      <dst id="12">2618.9333</dst>
      <dst id="13">239.5644</dst>
      <dst id="19">3745.5733</dst>
      <dst id="23">7.6533</dst>
      <dst id="8">5922.2133</dst>
      <dst id="18">7.1822</dst>
      <dst id="4">3053.5200</dst>
      <dst id="1">15268.0889</dst>
      <dst id="5">6423.4044</dst>
      <dst id="3">3.0222</dst>
      <dst id="22">40.0000</dst>
      <dst id="7">2316.0444</dst>
      <dst id="2">1062.1244</dst>
      <dst id="6">19.0311</dst>
      <dst id="16">56.2756</dst>
      <dst id="14">483.5822</dst>
      <dst id="11">175.2356</dst>
      <dst id="9">6149.1822</dst>
      <dst id="17">969.1022</dst>
      <dst id="21">2254.4800</dst>
    </src>
    <src id="14">
      <dst id="12">26544.6400</dst>
      <dst id="13">143.9733</dst>
      <dst id="19">111.2089</dst>
      <dst id="23">7.8133</dst>
      <dst id="8">1.7956</dst>
      <dst id="18">0.8356</dst>
      <dst id="4">2047.5022</dst>
      <dst id="1">554.0178</dst>
      <dst id="5">14.8711</dst>
      <dst id="3">55.8044</dst>
      <dst id="22">52.8978</dst>
      <dst id="7">68.1067</dst>
      <dst id="2">9216.1956</dst>
      <dst id="16">15.8044</dst>
      <dst id="14">192.8089</dst>
      <dst id="20">2.4178</dst>
      <dst id="11">52.3911</dst>
      <dst id="9">81.0844</dst>
      <dst id="17">13472.7556</dst>
      <dst id="21">144.5956</dst>
    </src>
    <src id="20">
      <dst id="12">5162.4800</dst>
      <dst id="13">3030.3911</dst>
      <dst id="19">16.2311</dst>
      <dst id="23">0.4444</dst>
      <dst id="8">309.1556</dst>
      <dst id="18">5.8311</dst>
      <dst id="4">9007.0489</dst>
      <dst id="1">1284.6222</dst>
      <dst id="5">2451.2800</dst>
      <dst id="3">1322.1333</dst>
      <dst id="7">89.3778</dst>
      <dst id="2">1448.8444</dst>
      <dst id="16">12.6222</dst>
      <dst id="14">2.4533</dst>
      <dst id="11">505.5911</dst>
      <dst id="9">7721.6356</dst>
      <dst id="17">1347.3867</dst>
      <dst id="21">122.4356</dst>
    </src>
    <src id="11">
      <dst id="12">386157.4756</dst>
      <dst id="13">3723.6267</dst>
      <dst id="19">57.6800</dst>
      <dst id="23">31.0044</dst>
      <dst id="8">817.1822</dst>
      <dst id="18">65.3511</dst>
      <dst id="4">9436.5067</dst>
      <dst id="1">543.7867</dst>
      <dst id="5">851.4667</dst>
      <dst id="3">336.7733</dst>
      <dst id="22">1113.2711</dst>
      <dst id="7">127.2889</dst>
      <dst id="2">154872.9867</dst>
      <dst id="16">166.1600</dst>
      <dst id="14">50.4622</dst>
      <dst id="20">52.7556</dst>
      <dst id="11">1546.5422</dst>
      <dst id="9">2630.2844</dst>
      <dst id="17">159615.4578</dst>
      <dst id="21">338.6578</dst>
      <dst id="15">1091.3511</dst>
    </src>
    <src id="9">
      <dst id="12">400581.4933</dst>
      <dst id="13">19881.4222</dst>
      <dst id="19">50.9333</dst>
      <dst id="23">153.3689</dst>
      <dst id="8">250.4622</dst>
      <dst id="18">69.9378</dst>
      <dst id="4">7374.7911</dst>
      <dst id="1">1294.5067</dst>
      <dst id="5">476.3022</dst>
      <dst id="3">1.6000</dst>
      <dst id="22">3152.4800</dst>
      <dst id="7">208.1689</dst>
      <dst id="2">158694.8533</dst>
      <dst id="6">0.8711</dst>
      <dst id="16">554.0000</dst>
      <dst id="14">30.0622</dst>
      <dst id="20">3586.5067</dst>
      <dst id="11">1420.7822</dst>
      <dst id="9">3098.6756</dst>
      <dst id="17">177439.4044</dst>
      <dst id="21">212.6489</dst>
      <dst id="15">1789.1822</dst>
    </src>
    <src id="17">
      <dst id="12">5135.7067</dst>
      <dst id="13">11802.9511</dst>
      <dst id="19">195.1556</dst>
      <dst id="23">55.3067</dst>
      <dst id="8">137011.2178</dst>
      <dst id="18">255.9556</dst>
      <dst id="4">29606.9600</dst>
      <dst id="1">11909.6533</dst>
      <dst id="5">202295.9022</dst>
      <dst id="3">4815.2711</dst>
      <dst id="22">6979.2978</dst>
      <dst id="7">1528.7644</dst>
      <dst id="2">12591.5378</dst>
      <dst id="6">129.6444</dst>
      <dst id="16">4008.0089</dst>
      <dst id="14">53912.0178</dst>
      <dst id="20">592.4000</dst>
      <dst id="11">95069.6978</dst>
      <dst id="9">187323.3867</dst>
      <dst id="17">2927.6711</dst>
      <dst id="21">10924.0533</dst>
      <dst id="15">91.6356</dst>
    </src>
    <src id="21">
      <dst id="12">23645.2089</dst>
      <dst id="13">5322.3200</dst>
      <dst id="19">269.8311</dst>
      <dst id="23">50.6489</dst>
      <dst id="8">70.5600</dst>
      <dst id="18">2731.0222</dst>
      <dst id="4">11188.8533</dst>
      <dst id="1">1978.5244</dst>
      <dst id="5">279.7600</dst>
      <dst id="3">545.4400</dst>
      <dst id="22">3311.0489</dst>
      <dst id="7">1769.7600</dst>
      <dst id="2">9479.5200</dst>
      <dst id="6">3.7689</dst>
      <dst id="16">430.3022</dst>
      <dst id="14">1691.0400</dst>
      <dst id="20">218.3822</dst>
      <dst id="11">450.4711</dst>
      <dst id="9">243.2978</dst>
      <dst id="17">5160.4089</dst>
      <dst id="21">532.4978</dst>
      <dst id="15">78.8444</dst>
    </src>
    <src id="15">
      <dst id="12">3112.2044</dst>
      <dst id="13">474.8267</dst>
      <dst id="19">30.8267</dst>
      <dst id="8">55.0044</dst>
      <dst id="18">4.8000</dst>
      <dst id="4">699.4400</dst>
      <dst id="1">677.5822</dst>
      <dst id="5">106.0356</dst>
      <dst id="3">21.3333</dst>
      <dst id="7">32.7556</dst>
      <dst id="2">1040.0978</dst>
      <dst id="11">156.2578</dst>
      <dst id="9">215.9467</dst>
      <dst id="17">286.3556</dst>
      <dst id="21">185.7067</dst>
    </src>
  </IntraTM>
</TrafficMatrixFile>
