<?xml version="1.0" encoding="UTF-8" standalone="yes"?>
<TrafficMatrixFile xmlns:xsi="http://www.w3.org/2001/XMLSchema-instance" xsi:noNamespaceSchemaLocation="http://totem.run.montefiore.ulg.ac.be/Schema/TrafficMatrix-v1_2.xsd">
  <info>
    <title>Intradomain traffic matrix generated by geant-TM-all.pl</title>
    <date>2005-01-03T03:45:00</date>
    <duration>900</duration>
    <author>Steve Uhlig</author>
    <units>
        <unit type="bandwidth" value="kbps"/>
    </units>
  </info>
  <IntraTM ASID="20965">
    <src id="12">
      <dst id="12">248131.3067</dst>
      <dst id="13">30381.6800</dst>
      <dst id="19">4269.3156</dst>
      <dst id="23">6625.3867</dst>
      <dst id="8">7406.1689</dst>
      <dst id="18">1123.3956</dst>
      <dst id="4">117762.9333</dst>
      <dst id="1">7300.2489</dst>
      <dst id="5">2272.1956</dst>
      <dst id="3">2685.1733</dst>
      <dst id="22">14599.6356</dst>
      <dst id="7">5585.6356</dst>
      <dst id="2">92303.0133</dst>
      <dst id="6">0.3556</dst>
      <dst id="16">5043.1467</dst>
      <dst id="14">309.3867</dst>
      <dst id="20">8121.0222</dst>
      <dst id="11">5750.3911</dst>
      <dst id="9">7911.9022</dst>
      <dst id="17">79663.2356</dst>
      <dst id="21">10093.5733</dst>
      <dst id="15">530.0356</dst>
    </src>
    <src id="13">
      <dst id="12">58384.5867</dst>
      <dst id="19">34957.8222</dst>
      <dst id="23">290.7822</dst>
      <dst id="8">2637.9200</dst>
      <dst id="18">4314.8622</dst>
      <dst id="1">5178.3289</dst>
      <dst id="5">17698.8533</dst>
      <dst id="3">10773.5822</dst>
      <dst id="22">26039.0756</dst>
      <dst id="7">12431.0933</dst>
      <dst id="2">120785.3422</dst>
      <dst id="6">55.6978</dst>
      <dst id="16">7402.0178</dst>
      <dst id="14">2490.5689</dst>
      <dst id="20">15907.7244</dst>
      <dst id="11">16362.4711</dst>
      <dst id="9">23760.1067</dst>
      <dst id="17">49369.6267</dst>
      <dst id="21">35948.5600</dst>
      <dst id="15">5204.0444</dst>
    </src>
    <src id="19">
      <dst id="12">14372.1778</dst>
      <dst id="13">710.1600</dst>
      <dst id="23">479.7689</dst>
      <dst id="8">3083.4044</dst>
      <dst id="18">6.6844</dst>
      <dst id="4">24875.1022</dst>
      <dst id="1">943.8667</dst>
      <dst id="5">18.3289</dst>
      <dst id="3">19.1200</dst>
      <dst id="22">146.2133</dst>
      <dst id="7">3133.0933</dst>
      <dst id="2">736.3289</dst>
      <dst id="6">59.2978</dst>
      <dst id="16">6407.8133</dst>
      <dst id="20">91.8133</dst>
      <dst id="11">111.9733</dst>
      <dst id="9">32.9689</dst>
      <dst id="17">18837.0489</dst>
      <dst id="21">1689.6000</dst>
      <dst id="15">1.3422</dst>
    </src>
    <src id="23">
      <dst id="12">478.1067</dst>
      <dst id="13">598.7289</dst>
      <dst id="19">22.9333</dst>
      <dst id="8">2.2400</dst>
      <dst id="18">16.1244</dst>
      <dst id="4">1198.1511</dst>
      <dst id="1">76.8444</dst>
      <dst id="5">162.3200</dst>
      <dst id="3">51.7067</dst>
      <dst id="22">225.3422</dst>
      <dst id="7">49.5200</dst>
      <dst id="2">80.3911</dst>
      <dst id="16">103.9289</dst>
      <dst id="14">7.7689</dst>
      <dst id="20">38.2222</dst>
      <dst id="11">87.2800</dst>
      <dst id="9">961.8222</dst>
      <dst id="17">367.9378</dst>
      <dst id="21">347.8311</dst>
    </src>
    <src id="8">
      <dst id="12">381206.1778</dst>
      <dst id="13">330.9867</dst>
      <dst id="19">53.5111</dst>
      <dst id="23">299.8044</dst>
      <dst id="18">169.3867</dst>
      <dst id="4">8894.5422</dst>
      <dst id="1">708.9600</dst>
      <dst id="5">1527.8667</dst>
      <dst id="3">90.1067</dst>
      <dst id="22">2301.9111</dst>
      <dst id="7">46.8533</dst>
      <dst id="2">144767.4844</dst>
      <dst id="6">0.4178</dst>
      <dst id="16">540.1511</dst>
      <dst id="20">44.4444</dst>
      <dst id="11">205.2889</dst>
      <dst id="9">678.0444</dst>
      <dst id="17">129653.2000</dst>
      <dst id="21">656.8622</dst>
      <dst id="15">257.5556</dst>
    </src>
    <src id="18">
      <dst id="12">118577.2889</dst>
      <dst id="13">242.4622</dst>
      <dst id="19">283.0578</dst>
      <dst id="23">1.4578</dst>
      <dst id="8">16.9067</dst>
      <dst id="4">2310.8356</dst>
      <dst id="1">1122.7289</dst>
      <dst id="5">886.7556</dst>
      <dst id="3">94.2400</dst>
      <dst id="22">487.0667</dst>
      <dst id="7">56.4711</dst>
      <dst id="2">47801.1644</dst>
      <dst id="16">19.5822</dst>
      <dst id="14">50.5422</dst>
      <dst id="20">51.0578</dst>
      <dst id="11">561.6356</dst>
      <dst id="9">466.2133</dst>
      <dst id="17">44638.6222</dst>
      <dst id="21">2214.8000</dst>
      <dst id="15">16.1067</dst>
    </src>
    <src id="4">
      <dst id="12">56975.2978</dst>
      <dst id="19">11511.4311</dst>
      <dst id="8">611.9467</dst>
      <dst id="18">2247.1556</dst>
      <dst id="4">5.2356</dst>
      <dst id="1">30025.3778</dst>
      <dst id="5">1527.8400</dst>
      <dst id="3">1860.4089</dst>
      <dst id="22">5292.7644</dst>
      <dst id="7">167568.5422</dst>
      <dst id="2">102298.6933</dst>
      <dst id="6">35.5733</dst>
      <dst id="16">2523.7689</dst>
      <dst id="14">2460.7733</dst>
      <dst id="20">1320.9511</dst>
      <dst id="11">6081.8044</dst>
      <dst id="9">5102.0356</dst>
      <dst id="17">117487.5644</dst>
      <dst id="21">9061.6089</dst>
      <dst id="15">878.3111</dst>
    </src>
    <src id="1">
      <dst id="12">18103.6089</dst>
      <dst id="13">285.4133</dst>
      <dst id="19">122.7822</dst>
      <dst id="23">95.0311</dst>
      <dst id="8">147877.1200</dst>
      <dst id="18">14496.0000</dst>
      <dst id="4">27747.9200</dst>
      <dst id="1">34852.1156</dst>
      <dst id="5">247615.2889</dst>
      <dst id="3">10250.2133</dst>
      <dst id="22">7061.5644</dst>
      <dst id="7">2570.5778</dst>
      <dst id="2">25775.3689</dst>
      <dst id="6">10427.4133</dst>
      <dst id="16">9345.7067</dst>
      <dst id="14">70.8000</dst>
      <dst id="20">100.8089</dst>
      <dst id="11">295.3333</dst>
      <dst id="9">229236.6222</dst>
      <dst id="17">23671.3422</dst>
      <dst id="21">6234.8178</dst>
      <dst id="15">91.3422</dst>
    </src>
    <src id="5">
      <dst id="12">307362.9156</dst>
      <dst id="13">2496.4889</dst>
      <dst id="19">31.1467</dst>
      <dst id="23">136.6489</dst>
      <dst id="8">801.4400</dst>
      <dst id="18">1430.0267</dst>
      <dst id="4">7752.5867</dst>
      <dst id="1">379.7333</dst>
      <dst id="3">40.8267</dst>
      <dst id="22">6497.9022</dst>
      <dst id="7">215.5467</dst>
      <dst id="2">128878.2933</dst>
      <dst id="6">0.3556</dst>
      <dst id="16">2140.8000</dst>
      <dst id="14">25.9111</dst>
      <dst id="20">15128.8800</dst>
      <dst id="11">1746.5778</dst>
      <dst id="9">15879.8044</dst>
      <dst id="17">132692.0089</dst>
      <dst id="21">272.2311</dst>
      <dst id="15">780.6311</dst>
    </src>
    <src id="3">
      <dst id="12">11388.6667</dst>
      <dst id="13">602.6311</dst>
      <dst id="19">1323.8044</dst>
      <dst id="23">43.5556</dst>
      <dst id="8">94.8533</dst>
      <dst id="18">128673.3600</dst>
      <dst id="4">46528.4622</dst>
      <dst id="1">50114.8356</dst>
      <dst id="5">500.4267</dst>
      <dst id="3">18770.3467</dst>
      <dst id="22">2739.7422</dst>
      <dst id="7">1349.3867</dst>
      <dst id="2">8088.5956</dst>
      <dst id="6">0.3289</dst>
      <dst id="16">1228.0711</dst>
      <dst id="14">36170.5689</dst>
      <dst id="20">218.6311</dst>
      <dst id="11">176054.2667</dst>
      <dst id="9">432.8267</dst>
      <dst id="17">7815.6000</dst>
      <dst id="21">8618.5244</dst>
      <dst id="15">31.6356</dst>
    </src>
    <src id="10">
      <dst id="12">15296.6400</dst>
      <dst id="19">1900.1156</dst>
      <dst id="8">402.0267</dst>
      <dst id="18">14692.6756</dst>
      <dst id="1">5109.2533</dst>
      <dst id="5">1342.8444</dst>
      <dst id="3">12593.1911</dst>
      <dst id="22">5847.9289</dst>
      <dst id="7">16491.2000</dst>
      <dst id="2">23496.1956</dst>
      <dst id="6">8.3111</dst>
      <dst id="16">6714.7289</dst>
      <dst id="14">1093.0844</dst>
      <dst id="20">670.3200</dst>
      <dst id="11">4166.5422</dst>
      <dst id="9">2369.2800</dst>
      <dst id="17">16930.8622</dst>
      <dst id="21">14474.7111</dst>
      <dst id="15">610.0444</dst>
    </src>
    <src id="22">
      <dst id="12">9552.4444</dst>
      <dst id="13">4792.2133</dst>
      <dst id="19">111.0667</dst>
      <dst id="23">28.0178</dst>
      <dst id="8">176.2844</dst>
      <dst id="18">2153.8844</dst>
      <dst id="4">20772.3022</dst>
      <dst id="1">221.4489</dst>
      <dst id="5">6690.0444</dst>
      <dst id="3">450.1600</dst>
      <dst id="7">838.0800</dst>
      <dst id="2">2371.7867</dst>
      <dst id="6">14.5689</dst>
      <dst id="16">5.2622</dst>
      <dst id="11">3780.7200</dst>
      <dst id="9">2667.8756</dst>
      <dst id="17">7882.5867</dst>
      <dst id="21">1136.4356</dst>
    </src>
    <src id="7">
      <dst id="12">5513.2889</dst>
      <dst id="13">1534.4178</dst>
      <dst id="19">2142.0622</dst>
      <dst id="23">90.0622</dst>
      <dst id="8">1077.4044</dst>
      <dst id="18">990.9244</dst>
      <dst id="4">54179.0222</dst>
      <dst id="1">2562.1600</dst>
      <dst id="5">1447.5289</dst>
      <dst id="3">793.5733</dst>
      <dst id="22">4848.3022</dst>
      <dst id="7">574.2578</dst>
      <dst id="2">8723.5556</dst>
      <dst id="6">17.9644</dst>
      <dst id="16">867.2000</dst>
      <dst id="14">111.4311</dst>
      <dst id="20">454.1689</dst>
      <dst id="11">3284.6311</dst>
      <dst id="9">1138.4356</dst>
      <dst id="17">19828.2756</dst>
      <dst id="21">7858.9333</dst>
      <dst id="15">187.7689</dst>
    </src>
    <src id="2">
      <dst id="12">111396.3467</dst>
      <dst id="13">523051.5467</dst>
      <dst id="19">107.4578</dst>
      <dst id="23">1.3867</dst>
      <dst id="8">1225.1467</dst>
      <dst id="18">103335.0311</dst>
      <dst id="4">123133.6622</dst>
      <dst id="1">9278.9689</dst>
      <dst id="5">1835.3422</dst>
      <dst id="3">832.8800</dst>
      <dst id="22">1901.5111</dst>
      <dst id="7">10618.7556</dst>
      <dst id="2">552.6756</dst>
      <dst id="6">8680.6933</dst>
      <dst id="16">4996.2044</dst>
      <dst id="14">141.0222</dst>
      <dst id="20">3946.8356</dst>
      <dst id="11">5534.3378</dst>
      <dst id="9">1866.3111</dst>
      <dst id="17">46299.3244</dst>
      <dst id="21">10102.6044</dst>
      <dst id="15">226.9333</dst>
    </src>
    <src id="6">
      <dst id="12">11931.1378</dst>
      <dst id="13">44.7556</dst>
      <dst id="19">4.5956</dst>
      <dst id="23">1.1378</dst>
      <dst id="4">110.1067</dst>
      <dst id="1">4.6044</dst>
      <dst id="5">14.5244</dst>
      <dst id="22">12.8178</dst>
      <dst id="7">0.3556</dst>
      <dst id="2">3080.5600</dst>
      <dst id="16">0.3556</dst>
      <dst id="20">0.3556</dst>
      <dst id="17">1426.9600</dst>
      <dst id="21">2.0978</dst>
    </src>
    <src id="16">
      <dst id="12">2716.1067</dst>
      <dst id="13">1014.1778</dst>
      <dst id="19">3778.7111</dst>
      <dst id="23">145.5022</dst>
      <dst id="8">5547.8044</dst>
      <dst id="18">342.4711</dst>
      <dst id="4">7483.1289</dst>
      <dst id="1">16624.8978</dst>
      <dst id="5">6064.0267</dst>
      <dst id="3">1.3333</dst>
      <dst id="7">6400.1422</dst>
      <dst id="2">1066.3200</dst>
      <dst id="6">0.3556</dst>
      <dst id="16">55.0489</dst>
      <dst id="14">188.8889</dst>
      <dst id="11">280.5244</dst>
      <dst id="9">6327.5111</dst>
      <dst id="17">2156.2844</dst>
      <dst id="21">501.4844</dst>
    </src>
    <src id="14">
      <dst id="12">15028.2844</dst>
      <dst id="13">29.9556</dst>
      <dst id="19">19.3422</dst>
      <dst id="23">30.0444</dst>
      <dst id="18">13.9022</dst>
      <dst id="4">2286.8622</dst>
      <dst id="1">52.1956</dst>
      <dst id="5">3.5378</dst>
      <dst id="3">139.8489</dst>
      <dst id="22">6.2311</dst>
      <dst id="7">39.3689</dst>
      <dst id="2">5483.7600</dst>
      <dst id="16">69.9022</dst>
      <dst id="20">27.9644</dst>
      <dst id="11">70.4533</dst>
      <dst id="9">198.2133</dst>
      <dst id="17">6680.1600</dst>
      <dst id="21">166.9067</dst>
    </src>
    <src id="20">
      <dst id="12">5741.4578</dst>
      <dst id="13">4776.0178</dst>
      <dst id="19">48.5244</dst>
      <dst id="23">37.0133</dst>
      <dst id="8">80.3911</dst>
      <dst id="18">377.8667</dst>
      <dst id="4">12145.4933</dst>
      <dst id="1">421.0667</dst>
      <dst id="5">2408.8267</dst>
      <dst id="3">1116.0978</dst>
      <dst id="7">119.8222</dst>
      <dst id="2">3069.9556</dst>
      <dst id="6">3.2622</dst>
      <dst id="14">2334.2222</dst>
      <dst id="11">87.5289</dst>
      <dst id="9">2183.2978</dst>
      <dst id="17">917.2622</dst>
      <dst id="21">241.5556</dst>
    </src>
    <src id="11">
      <dst id="12">411612.1778</dst>
      <dst id="13">4723.6889</dst>
      <dst id="19">24.1156</dst>
      <dst id="23">16.2933</dst>
      <dst id="8">356.0000</dst>
      <dst id="18">112.3467</dst>
      <dst id="4">18764.0000</dst>
      <dst id="1">582.0089</dst>
      <dst id="5">2379.0844</dst>
      <dst id="3">1015.5200</dst>
      <dst id="22">2642.1244</dst>
      <dst id="7">1532.2489</dst>
      <dst id="2">172990.4444</dst>
      <dst id="6">3.7333</dst>
      <dst id="16">291.7867</dst>
      <dst id="14">80.8800</dst>
      <dst id="20">140.7644</dst>
      <dst id="11">640.4000</dst>
      <dst id="9">6669.5378</dst>
      <dst id="17">173324.0089</dst>
      <dst id="21">993.3511</dst>
      <dst id="15">102.9600</dst>
    </src>
    <src id="9">
      <dst id="12">438292.1689</dst>
      <dst id="13">11955.8578</dst>
      <dst id="19">61.9111</dst>
      <dst id="23">46.6311</dst>
      <dst id="8">475.5467</dst>
      <dst id="18">280.0178</dst>
      <dst id="4">13900.4622</dst>
      <dst id="1">1367.8489</dst>
      <dst id="5">23568.6578</dst>
      <dst id="3">12.7022</dst>
      <dst id="22">2305.8667</dst>
      <dst id="7">1306.7556</dst>
      <dst id="2">182929.8844</dst>
      <dst id="6">0.3289</dst>
      <dst id="16">1436.4711</dst>
      <dst id="14">13.3867</dst>
      <dst id="20">976.9511</dst>
      <dst id="11">7207.7156</dst>
      <dst id="9">7160.7556</dst>
      <dst id="17">192523.8222</dst>
      <dst id="21">5199.3956</dst>
      <dst id="15">621.5822</dst>
    </src>
    <src id="17">
      <dst id="12">16329.8222</dst>
      <dst id="13">1861.1022</dst>
      <dst id="19">584.3378</dst>
      <dst id="23">468.9600</dst>
      <dst id="8">165088.6489</dst>
      <dst id="18">288.9778</dst>
      <dst id="4">182425.3956</dst>
      <dst id="1">7920.6044</dst>
      <dst id="5">242859.8133</dst>
      <dst id="3">6384.4444</dst>
      <dst id="22">14472.8444</dst>
      <dst id="7">3627.4133</dst>
      <dst id="2">27149.4400</dst>
      <dst id="6">116.9244</dst>
      <dst id="16">6567.7689</dst>
      <dst id="14">24002.8622</dst>
      <dst id="20">803.0044</dst>
      <dst id="11">155859.7333</dst>
      <dst id="9">219521.4933</dst>
      <dst id="17">1933.0756</dst>
      <dst id="21">13887.0400</dst>
      <dst id="15">103.8756</dst>
    </src>
    <src id="21">
      <dst id="12">17219.9644</dst>
      <dst id="13">647.8400</dst>
      <dst id="19">798.5156</dst>
      <dst id="23">113.0844</dst>
      <dst id="8">238.7644</dst>
      <dst id="18">3980.0267</dst>
      <dst id="4">30861.3600</dst>
      <dst id="1">1264.6400</dst>
      <dst id="5">916.3911</dst>
      <dst id="3">914.8622</dst>
      <dst id="22">2247.3333</dst>
      <dst id="7">3889.6978</dst>
      <dst id="2">12202.9333</dst>
      <dst id="6">17.1911</dst>
      <dst id="16">155.1911</dst>
      <dst id="14">119.9733</dst>
      <dst id="20">810.5511</dst>
      <dst id="11">869.4756</dst>
      <dst id="9">1241.1733</dst>
      <dst id="17">6565.7956</dst>
      <dst id="21">3117.9911</dst>
      <dst id="15">29.5200</dst>
    </src>
    <src id="15">
      <dst id="12">878.0533</dst>
      <dst id="13">507.7067</dst>
      <dst id="19">0.3644</dst>
      <dst id="8">100.8889</dst>
      <dst id="18">22.4444</dst>
      <dst id="4">5268.5511</dst>
      <dst id="1">439.6711</dst>
      <dst id="5">541.7778</dst>
      <dst id="3">1.2356</dst>
      <dst id="7">126.0356</dst>
      <dst id="2">887.1111</dst>
      <dst id="11">134.2133</dst>
      <dst id="9">352.7911</dst>
      <dst id="17">198.6844</dst>
      <dst id="21">63.4400</dst>
    </src>
  </IntraTM>
</TrafficMatrixFile>
