<?xml version="1.0" encoding="UTF-8" standalone="yes"?>
<TrafficMatrixFile xmlns:xsi="http://www.w3.org/2001/XMLSchema-instance" xsi:noNamespaceSchemaLocation="http://totem.run.montefiore.ulg.ac.be/Schema/TrafficMatrix-v1_2.xsd">
  <info>
    <title>Intradomain traffic matrix generated by geant-TM-all.pl</title>
    <date>2005-01-02T18:15:00</date>
    <duration>900</duration>
    <author>Steve Uhlig</author>
    <units>
        <unit type="bandwidth" value="kbps"/>
    </units>
  </info>
  <IntraTM ASID="20965">
    <src id="12">
      <dst id="12">325123.2622</dst>
      <dst id="13">24281.2000</dst>
      <dst id="19">1706.6222</dst>
      <dst id="23">2778.6667</dst>
      <dst id="8">5045.5556</dst>
      <dst id="18">1511.5467</dst>
      <dst id="4">91461.6267</dst>
      <dst id="1">8357.5289</dst>
      <dst id="5">7227.3422</dst>
      <dst id="3">26814.6133</dst>
      <dst id="22">27202.3733</dst>
      <dst id="7">7172.8533</dst>
      <dst id="2">93158.4889</dst>
      <dst id="6">114.7467</dst>
      <dst id="16">11225.5644</dst>
      <dst id="14">305.4756</dst>
      <dst id="20">20495.5022</dst>
      <dst id="11">5436.2133</dst>
      <dst id="9">29506.1244</dst>
      <dst id="17">105979.1289</dst>
      <dst id="21">26702.7822</dst>
      <dst id="15">6239.1733</dst>
    </src>
    <src id="13">
      <dst id="12">65141.2800</dst>
      <dst id="19">14250.6044</dst>
      <dst id="23">177.3244</dst>
      <dst id="8">10173.0933</dst>
      <dst id="18">5583.5644</dst>
      <dst id="4">1.7333</dst>
      <dst id="1">7707.3333</dst>
      <dst id="5">8276.8178</dst>
      <dst id="3">40190.5867</dst>
      <dst id="22">30530.9600</dst>
      <dst id="7">16969.4667</dst>
      <dst id="2">78078.4800</dst>
      <dst id="6">213.3511</dst>
      <dst id="16">12300.9156</dst>
      <dst id="14">4596.5689</dst>
      <dst id="20">18135.8400</dst>
      <dst id="11">23650.4889</dst>
      <dst id="9">18722.7378</dst>
      <dst id="17">67926.8800</dst>
      <dst id="21">26232.8444</dst>
      <dst id="15">14963.7511</dst>
    </src>
    <src id="19">
      <dst id="12">11911.8133</dst>
      <dst id="13">429.4667</dst>
      <dst id="23">54.5067</dst>
      <dst id="8">1.0667</dst>
      <dst id="18">5490.3467</dst>
      <dst id="4">20912.6400</dst>
      <dst id="1">918.9778</dst>
      <dst id="5">8.2667</dst>
      <dst id="3">160.7289</dst>
      <dst id="22">38.8356</dst>
      <dst id="7">6202.1156</dst>
      <dst id="2">1915.6089</dst>
      <dst id="6">207.3956</dst>
      <dst id="16">4549.5467</dst>
      <dst id="14">25.7067</dst>
      <dst id="20">33.3778</dst>
      <dst id="11">278.7467</dst>
      <dst id="9">1269.0222</dst>
      <dst id="17">14962.4889</dst>
      <dst id="21">2968.9333</dst>
      <dst id="15">29.9556</dst>
    </src>
    <src id="23">
      <dst id="12">4106.2844</dst>
      <dst id="13">891.1556</dst>
      <dst id="19">107.3511</dst>
      <dst id="8">78.6844</dst>
      <dst id="18">118.3111</dst>
      <dst id="4">28.7289</dst>
      <dst id="1">107.7778</dst>
      <dst id="5">18.6578</dst>
      <dst id="3">3519.4933</dst>
      <dst id="22">1163.8222</dst>
      <dst id="7">535.1733</dst>
      <dst id="2">314.4889</dst>
      <dst id="16">48.6844</dst>
      <dst id="14">0.4622</dst>
      <dst id="20">306.6667</dst>
      <dst id="11">187.8222</dst>
      <dst id="9">3142.2400</dst>
      <dst id="17">1251.2711</dst>
      <dst id="21">2029.1111</dst>
      <dst id="15">27.8222</dst>
    </src>
    <src id="8">
      <dst id="12">330895.2000</dst>
      <dst id="13">982.1778</dst>
      <dst id="19">14.1956</dst>
      <dst id="23">1356.9778</dst>
      <dst id="18">1134.8444</dst>
      <dst id="4">4999.1556</dst>
      <dst id="1">320.2667</dst>
      <dst id="5">4491.3778</dst>
      <dst id="3">4.3289</dst>
      <dst id="22">3093.6533</dst>
      <dst id="7">341.3511</dst>
      <dst id="2">118977.8578</dst>
      <dst id="6">8.2756</dst>
      <dst id="16">509.8933</dst>
      <dst id="14">1.4400</dst>
      <dst id="20">2453.1467</dst>
      <dst id="11">2401.7778</dst>
      <dst id="9">2371.4044</dst>
      <dst id="17">112142.7200</dst>
      <dst id="21">1117.4133</dst>
      <dst id="15">415.6089</dst>
    </src>
    <src id="18">
      <dst id="12">111304.5244</dst>
      <dst id="13">489.2889</dst>
      <dst id="19">1925.3956</dst>
      <dst id="23">1.7422</dst>
      <dst id="8">164.1244</dst>
      <dst id="4">2750.6756</dst>
      <dst id="1">1706.4889</dst>
      <dst id="5">209.0133</dst>
      <dst id="3">2330.1067</dst>
      <dst id="22">274.2489</dst>
      <dst id="7">502.5511</dst>
      <dst id="2">34415.8933</dst>
      <dst id="16">51.7689</dst>
      <dst id="14">4.0889</dst>
      <dst id="20">21.3333</dst>
      <dst id="11">117.0400</dst>
      <dst id="9">1181.7333</dst>
      <dst id="17">39011.9111</dst>
      <dst id="21">644.8356</dst>
      <dst id="15">2.0267</dst>
    </src>
    <src id="4">
      <dst id="12">17401.4844</dst>
      <dst id="19">6348.5689</dst>
      <dst id="23">1.5289</dst>
      <dst id="8">3059.6889</dst>
      <dst id="18">2228.1333</dst>
      <dst id="4">2.6133</dst>
      <dst id="1">38954.1422</dst>
      <dst id="5">1781.2622</dst>
      <dst id="3">2359.7600</dst>
      <dst id="22">12055.6178</dst>
      <dst id="7">67594.7467</dst>
      <dst id="2">58687.3333</dst>
      <dst id="6">75.7156</dst>
      <dst id="16">2700.7467</dst>
      <dst id="14">971.7689</dst>
      <dst id="20">2404.2489</dst>
      <dst id="11">14075.3778</dst>
      <dst id="9">4898.5422</dst>
      <dst id="17">76303.1644</dst>
      <dst id="21">7420.9422</dst>
      <dst id="15">864.5956</dst>
    </src>
    <src id="1">
      <dst id="12">15478.4711</dst>
      <dst id="13">1260.7467</dst>
      <dst id="19">212.7111</dst>
      <dst id="23">66.7911</dst>
      <dst id="8">217899.2356</dst>
      <dst id="18">12442.5600</dst>
      <dst id="4">19778.5511</dst>
      <dst id="1">54046.5867</dst>
      <dst id="5">237634.2844</dst>
      <dst id="3">607.5467</dst>
      <dst id="22">10521.8489</dst>
      <dst id="7">29973.9200</dst>
      <dst id="2">2706.7378</dst>
      <dst id="6">14486.9867</dst>
      <dst id="16">10283.3244</dst>
      <dst id="14">130.1422</dst>
      <dst id="20">477.3244</dst>
      <dst id="11">1946.9511</dst>
      <dst id="9">376124.0178</dst>
      <dst id="17">12849.5911</dst>
      <dst id="21">20983.8756</dst>
      <dst id="15">1406.3733</dst>
    </src>
    <src id="5">
      <dst id="12">272275.9289</dst>
      <dst id="13">1160.0800</dst>
      <dst id="19">122.4711</dst>
      <dst id="23">1.0311</dst>
      <dst id="8">5079.2178</dst>
      <dst id="18">832.9067</dst>
      <dst id="4">7045.5200</dst>
      <dst id="1">387.8933</dst>
      <dst id="3">454.0711</dst>
      <dst id="22">5652.8000</dst>
      <dst id="7">765.4222</dst>
      <dst id="2">108023.5200</dst>
      <dst id="6">2.2933</dst>
      <dst id="16">2856.3111</dst>
      <dst id="14">50.5067</dst>
      <dst id="20">2237.8844</dst>
      <dst id="11">938.0800</dst>
      <dst id="9">2761.1911</dst>
      <dst id="17">93378.7556</dst>
      <dst id="21">262.5511</dst>
      <dst id="15">363.8756</dst>
    </src>
    <src id="3">
      <dst id="12">10182.7911</dst>
      <dst id="13">1248.3467</dst>
      <dst id="19">1553.3422</dst>
      <dst id="23">170.0178</dst>
      <dst id="8">463.1911</dst>
      <dst id="18">141973.3600</dst>
      <dst id="4">36755.2356</dst>
      <dst id="1">7679.8667</dst>
      <dst id="5">809.7333</dst>
      <dst id="3">18656.3733</dst>
      <dst id="22">4948.9156</dst>
      <dst id="7">1588.2222</dst>
      <dst id="2">7221.7244</dst>
      <dst id="6">28.0889</dst>
      <dst id="16">5755.9111</dst>
      <dst id="14">35043.7867</dst>
      <dst id="20">952.8889</dst>
      <dst id="11">225337.1556</dst>
      <dst id="9">830.9156</dst>
      <dst id="17">35112.2667</dst>
      <dst id="21">8157.2267</dst>
      <dst id="15">444.9422</dst>
    </src>
    <src id="10">
      <dst id="12">19608.8267</dst>
      <dst id="19">1806.7911</dst>
      <dst id="8">4178.2667</dst>
      <dst id="18">2403.6800</dst>
      <dst id="1">1538.3556</dst>
      <dst id="5">1440.2933</dst>
      <dst id="3">26447.4933</dst>
      <dst id="22">13559.2711</dst>
      <dst id="7">18669.1822</dst>
      <dst id="2">34420.8444</dst>
      <dst id="6">23.8133</dst>
      <dst id="16">1907.1289</dst>
      <dst id="14">1073.1200</dst>
      <dst id="20">5175.7956</dst>
      <dst id="11">8171.3156</dst>
      <dst id="9">4090.6400</dst>
      <dst id="17">30997.4222</dst>
      <dst id="21">19218.5244</dst>
      <dst id="15">867.3422</dst>
    </src>
    <src id="22">
      <dst id="12">7533.8400</dst>
      <dst id="13">3774.0889</dst>
      <dst id="19">84.1511</dst>
      <dst id="23">85.2711</dst>
      <dst id="8">3521.6978</dst>
      <dst id="18">237.3689</dst>
      <dst id="4">21240.6133</dst>
      <dst id="1">734.1956</dst>
      <dst id="5">4629.8044</dst>
      <dst id="3">794.1600</dst>
      <dst id="7">763.2711</dst>
      <dst id="2">2851.5289</dst>
      <dst id="6">1.4222</dst>
      <dst id="16">11.6622</dst>
      <dst id="14">3.2711</dst>
      <dst id="11">4491.0311</dst>
      <dst id="9">1849.6978</dst>
      <dst id="17">4928.0889</dst>
      <dst id="21">2600.3467</dst>
    </src>
    <src id="7">
      <dst id="12">5241.9822</dst>
      <dst id="13">175.3511</dst>
      <dst id="19">3168.2667</dst>
      <dst id="23">2008.7733</dst>
      <dst id="8">265.1911</dst>
      <dst id="18">312.6578</dst>
      <dst id="4">23152.4711</dst>
      <dst id="1">23044.3911</dst>
      <dst id="5">1575.8756</dst>
      <dst id="3">1288.0889</dst>
      <dst id="22">5587.9467</dst>
      <dst id="7">818.7733</dst>
      <dst id="2">9930.4089</dst>
      <dst id="6">244.1333</dst>
      <dst id="16">1560.7200</dst>
      <dst id="14">54.1244</dst>
      <dst id="20">1240.5956</dst>
      <dst id="11">1627.3333</dst>
      <dst id="9">2109.8222</dst>
      <dst id="17">17616.8089</dst>
      <dst id="21">5394.3022</dst>
      <dst id="15">254.6400</dst>
    </src>
    <src id="2">
      <dst id="12">177905.7422</dst>
      <dst id="13">9127.1556</dst>
      <dst id="19">1409.6978</dst>
      <dst id="23">75.2711</dst>
      <dst id="8">2668.0000</dst>
      <dst id="18">107601.4133</dst>
      <dst id="4">83656.5689</dst>
      <dst id="1">7756.0000</dst>
      <dst id="5">976.7289</dst>
      <dst id="3">933.0933</dst>
      <dst id="22">3113.9111</dst>
      <dst id="7">5910.9956</dst>
      <dst id="2">1142.2933</dst>
      <dst id="6">12188.7022</dst>
      <dst id="16">2562.9511</dst>
      <dst id="14">5375.6711</dst>
      <dst id="20">1368.5511</dst>
      <dst id="11">10989.5822</dst>
      <dst id="9">2407.6711</dst>
      <dst id="17">23316.0622</dst>
      <dst id="21">7205.6800</dst>
      <dst id="15">477.3511</dst>
    </src>
    <src id="6">
      <dst id="12">10944.8000</dst>
      <dst id="13">5.7511</dst>
      <dst id="19">4.7200</dst>
      <dst id="23">14.5067</dst>
      <dst id="8">18.8800</dst>
      <dst id="18">0.5244</dst>
      <dst id="4">70.5333</dst>
      <dst id="1">116.3911</dst>
      <dst id="5">12.6667</dst>
      <dst id="3">36.5867</dst>
      <dst id="22">50.7111</dst>
      <dst id="7">24.8800</dst>
      <dst id="2">2732.0711</dst>
      <dst id="16">42.0800</dst>
      <dst id="20">22.9333</dst>
      <dst id="11">7.2444</dst>
      <dst id="9">38.6578</dst>
      <dst id="17">1643.2711</dst>
      <dst id="21">85.0044</dst>
    </src>
    <src id="16">
      <dst id="12">2439.3156</dst>
      <dst id="13">1348.7467</dst>
      <dst id="19">4889.2444</dst>
      <dst id="23">199.8311</dst>
      <dst id="8">8327.2533</dst>
      <dst id="18">19.8578</dst>
      <dst id="4">4205.5644</dst>
      <dst id="1">24071.6800</dst>
      <dst id="5">6428.3378</dst>
      <dst id="3">20.9511</dst>
      <dst id="7">3570.4889</dst>
      <dst id="2">1017.0667</dst>
      <dst id="6">14.2667</dst>
      <dst id="16">34.8889</dst>
      <dst id="14">5.8489</dst>
      <dst id="11">384.4267</dst>
      <dst id="9">11836.4089</dst>
      <dst id="17">6880.6667</dst>
      <dst id="21">721.2622</dst>
    </src>
    <src id="14">
      <dst id="12">15806.4622</dst>
      <dst id="13">6.8356</dst>
      <dst id="19">3.1111</dst>
      <dst id="23">25.6711</dst>
      <dst id="18">108.6044</dst>
      <dst id="4">2068.4533</dst>
      <dst id="1">148.1156</dst>
      <dst id="5">2.5600</dst>
      <dst id="3">131.5911</dst>
      <dst id="22">27.7511</dst>
      <dst id="7">78.2933</dst>
      <dst id="2">5200.3644</dst>
      <dst id="16">287.7867</dst>
      <dst id="20">1.1644</dst>
      <dst id="11">3940.3111</dst>
      <dst id="9">12.5956</dst>
      <dst id="17">4943.8578</dst>
      <dst id="21">71.3689</dst>
      <dst id="15">1.2089</dst>
    </src>
    <src id="20">
      <dst id="12">6487.2178</dst>
      <dst id="13">1012.4711</dst>
      <dst id="19">26.2311</dst>
      <dst id="23">11.8222</dst>
      <dst id="8">308.6933</dst>
      <dst id="18">350.2756</dst>
      <dst id="4">12132.9511</dst>
      <dst id="1">102.0089</dst>
      <dst id="5">2181.1556</dst>
      <dst id="3">5502.5956</dst>
      <dst id="22">0.6044</dst>
      <dst id="7">180.1156</dst>
      <dst id="2">3020.8000</dst>
      <dst id="6">13.1911</dst>
      <dst id="14">0.4622</dst>
      <dst id="11">10203.5733</dst>
      <dst id="9">5324.2933</dst>
      <dst id="17">1345.0844</dst>
      <dst id="21">1068.0711</dst>
    </src>
    <src id="11">
      <dst id="12">403012.1511</dst>
      <dst id="13">2485.4489</dst>
      <dst id="19">201.4222</dst>
      <dst id="23">66.3200</dst>
      <dst id="8">882.1956</dst>
      <dst id="18">200.1778</dst>
      <dst id="4">17293.4400</dst>
      <dst id="1">2638.6756</dst>
      <dst id="5">2192.2933</dst>
      <dst id="3">9131.4756</dst>
      <dst id="22">4421.1733</dst>
      <dst id="7">3562.0444</dst>
      <dst id="2">155455.6711</dst>
      <dst id="6">24.3556</dst>
      <dst id="16">301.5556</dst>
      <dst id="14">187.9911</dst>
      <dst id="20">2296.9244</dst>
      <dst id="11">1537.1200</dst>
      <dst id="9">2241.7778</dst>
      <dst id="17">131675.7689</dst>
      <dst id="21">1862.8978</dst>
      <dst id="15">2545.5289</dst>
    </src>
    <src id="9">
      <dst id="12">455002.7200</dst>
      <dst id="13">1235.6178</dst>
      <dst id="19">312.0800</dst>
      <dst id="23">73.3156</dst>
      <dst id="8">2330.0000</dst>
      <dst id="18">497.5467</dst>
      <dst id="4">12850.4800</dst>
      <dst id="1">8024.2756</dst>
      <dst id="5">726.9511</dst>
      <dst id="3">111.8756</dst>
      <dst id="22">7179.7422</dst>
      <dst id="7">2247.4489</dst>
      <dst id="2">172087.0667</dst>
      <dst id="6">94.7467</dst>
      <dst id="16">1158.6578</dst>
      <dst id="14">6.3200</dst>
      <dst id="20">6684.5600</dst>
      <dst id="11">3450.4711</dst>
      <dst id="9">3469.7067</dst>
      <dst id="17">156787.4222</dst>
      <dst id="21">1745.6711</dst>
      <dst id="15">839.9911</dst>
    </src>
    <src id="17">
      <dst id="12">20870.9067</dst>
      <dst id="13">37917.2622</dst>
      <dst id="19">2556.9067</dst>
      <dst id="23">2069.0222</dst>
      <dst id="8">222209.8133</dst>
      <dst id="18">2469.6622</dst>
      <dst id="4">40915.0133</dst>
      <dst id="1">7750.5333</dst>
      <dst id="5">222006.1600</dst>
      <dst id="3">25344.2844</dst>
      <dst id="22">13131.6622</dst>
      <dst id="7">5755.9378</dst>
      <dst id="2">12040.1244</dst>
      <dst id="6">211.9111</dst>
      <dst id="16">8262.0711</dst>
      <dst id="14">33786.6578</dst>
      <dst id="20">6157.0400</dst>
      <dst id="11">167302.6933</dst>
      <dst id="9">310232.4000</dst>
      <dst id="17">3334.7200</dst>
      <dst id="21">9501.0133</dst>
      <dst id="15">978.5956</dst>
    </src>
    <src id="21">
      <dst id="12">18627.5378</dst>
      <dst id="13">8208.0800</dst>
      <dst id="19">314.9600</dst>
      <dst id="23">254.9422</dst>
      <dst id="8">1022.6933</dst>
      <dst id="18">1077.7511</dst>
      <dst id="4">18321.5467</dst>
      <dst id="1">4405.5822</dst>
      <dst id="5">815.6711</dst>
      <dst id="3">4129.4667</dst>
      <dst id="22">3081.2711</dst>
      <dst id="7">4925.2444</dst>
      <dst id="2">10041.6089</dst>
      <dst id="6">54.9511</dst>
      <dst id="16">649.5378</dst>
      <dst id="14">69.5733</dst>
      <dst id="20">275.5644</dst>
      <dst id="11">7018.1067</dst>
      <dst id="9">2237.3689</dst>
      <dst id="17">10222.3111</dst>
      <dst id="21">3079.7067</dst>
      <dst id="15">369.6978</dst>
    </src>
    <src id="15">
      <dst id="12">6290.1689</dst>
      <dst id="13">894.7822</dst>
      <dst id="19">240.0000</dst>
      <dst id="23">14.4711</dst>
      <dst id="8">143.7511</dst>
      <dst id="18">1.1022</dst>
      <dst id="4">7699.6533</dst>
      <dst id="1">2246.4089</dst>
      <dst id="5">165.7600</dst>
      <dst id="3">1341.7067</dst>
      <dst id="7">12.6756</dst>
      <dst id="2">166.4889</dst>
      <dst id="6">2.1244</dst>
      <dst id="14">0.8533</dst>
      <dst id="11">2307.6622</dst>
      <dst id="9">2766.8978</dst>
      <dst id="17">299.8489</dst>
      <dst id="21">164.7022</dst>
    </src>
  </IntraTM>
</TrafficMatrixFile>
