<?xml version="1.0" encoding="UTF-8" standalone="yes"?>
<TrafficMatrixFile xmlns:xsi="http://www.w3.org/2001/XMLSchema-instance" xsi:noNamespaceSchemaLocation="http://totem.run.montefiore.ulg.ac.be/Schema/TrafficMatrix-v1_2.xsd">
  <info>
    <title>Intradomain traffic matrix generated by geant-TM-all.pl</title>
    <date>2005-01-05T19:30:00</date>
    <duration>900</duration>
    <author>Steve Uhlig</author>
    <units>
        <unit type="bandwidth" value="kbps"/>
    </units>
  </info>
  <IntraTM ASID="20965">
    <src id="12">
      <dst id="12">348484.6844</dst>
      <dst id="13">53153.6978</dst>
      <dst id="19">8144.5244</dst>
      <dst id="23">484.8800</dst>
      <dst id="8">8331.6711</dst>
      <dst id="18">8515.2089</dst>
      <dst id="4">76016.9778</dst>
      <dst id="1">16983.7333</dst>
      <dst id="5">8777.2622</dst>
      <dst id="3">14328.3111</dst>
      <dst id="22">26040.0533</dst>
      <dst id="7">9520.8978</dst>
      <dst id="2">105804.3022</dst>
      <dst id="6">251.0844</dst>
      <dst id="16">17858.3022</dst>
      <dst id="14">2362.5956</dst>
      <dst id="20">6959.0667</dst>
      <dst id="11">5442.0800</dst>
      <dst id="9">20554.2667</dst>
      <dst id="17">133346.5422</dst>
      <dst id="21">33123.8667</dst>
      <dst id="15">1178.2933</dst>
    </src>
    <src id="13">
      <dst id="12">86481.5200</dst>
      <dst id="19">20020.3378</dst>
      <dst id="23">289.0756</dst>
      <dst id="8">12764.8000</dst>
      <dst id="18">9660.2044</dst>
      <dst id="4">0.3556</dst>
      <dst id="1">12773.4844</dst>
      <dst id="5">13963.4133</dst>
      <dst id="3">40038.6844</dst>
      <dst id="22">39642.5778</dst>
      <dst id="7">42308.2933</dst>
      <dst id="2">108932.8356</dst>
      <dst id="6">282.6844</dst>
      <dst id="16">10909.3689</dst>
      <dst id="14">7497.9556</dst>
      <dst id="20">14211.5911</dst>
      <dst id="11">32963.1911</dst>
      <dst id="9">21397.3244</dst>
      <dst id="17">209082.0089</dst>
      <dst id="21">38138.5422</dst>
      <dst id="15">27873.4844</dst>
    </src>
    <src id="19">
      <dst id="12">20431.2711</dst>
      <dst id="13">2961.1022</dst>
      <dst id="23">3400.3200</dst>
      <dst id="8">52.6667</dst>
      <dst id="18">1670.4800</dst>
      <dst id="4">19818.8000</dst>
      <dst id="1">26040.2933</dst>
      <dst id="5">49.5733</dst>
      <dst id="3">98.0533</dst>
      <dst id="22">2664.6933</dst>
      <dst id="7">7217.5911</dst>
      <dst id="2">11536.1600</dst>
      <dst id="6">251.3422</dst>
      <dst id="16">6851.8133</dst>
      <dst id="14">33.6711</dst>
      <dst id="20">181.4489</dst>
      <dst id="11">1093.9467</dst>
      <dst id="9">3121.3778</dst>
      <dst id="17">11770.5333</dst>
      <dst id="21">2094.4444</dst>
      <dst id="15">103.3600</dst>
    </src>
    <src id="23">
      <dst id="12">2161.0311</dst>
      <dst id="13">282.4711</dst>
      <dst id="19">3637.6000</dst>
      <dst id="8">13.3333</dst>
      <dst id="18">4336.4978</dst>
      <dst id="4">78.1067</dst>
      <dst id="1">110.6933</dst>
      <dst id="5">106.6667</dst>
      <dst id="3">642.1956</dst>
      <dst id="22">176.1867</dst>
      <dst id="7">612.7822</dst>
      <dst id="2">43.3333</dst>
      <dst id="6">174.0267</dst>
      <dst id="16">177.6267</dst>
      <dst id="14">61.9822</dst>
      <dst id="20">130.8356</dst>
      <dst id="11">335.5644</dst>
      <dst id="9">1403.8578</dst>
      <dst id="17">2193.2000</dst>
      <dst id="21">1705.8489</dst>
      <dst id="15">453.8667</dst>
    </src>
    <src id="8">
      <dst id="12">316747.8044</dst>
      <dst id="13">3386.6578</dst>
      <dst id="19">129.4311</dst>
      <dst id="18">63.6444</dst>
      <dst id="4">5775.5200</dst>
      <dst id="1">597.3422</dst>
      <dst id="5">3606.2311</dst>
      <dst id="3">2.4533</dst>
      <dst id="22">1822.5333</dst>
      <dst id="7">919.3333</dst>
      <dst id="2">129350.1511</dst>
      <dst id="6">0.7111</dst>
      <dst id="16">1137.7244</dst>
      <dst id="14">173.6889</dst>
      <dst id="20">777.3867</dst>
      <dst id="11">1237.3689</dst>
      <dst id="9">1059.1556</dst>
      <dst id="17">114877.6711</dst>
      <dst id="21">185.7956</dst>
      <dst id="15">46.0711</dst>
    </src>
    <src id="18">
      <dst id="12">118951.2178</dst>
      <dst id="13">310.8356</dst>
      <dst id="19">105.6800</dst>
      <dst id="23">90.9156</dst>
      <dst id="8">130.5244</dst>
      <dst id="4">2891.5111</dst>
      <dst id="1">1172.9244</dst>
      <dst id="5">253.6356</dst>
      <dst id="3">257.0044</dst>
      <dst id="22">469.2444</dst>
      <dst id="7">666.5867</dst>
      <dst id="2">41986.1511</dst>
      <dst id="16">90.7733</dst>
      <dst id="14">7.2444</dst>
      <dst id="20">67.4311</dst>
      <dst id="11">371.9289</dst>
      <dst id="9">110.2933</dst>
      <dst id="17">47833.9467</dst>
      <dst id="21">1542.5422</dst>
      <dst id="15">3.3422</dst>
    </src>
    <src id="4">
      <dst id="12">28786.0267</dst>
      <dst id="19">17447.7867</dst>
      <dst id="23">0.9600</dst>
      <dst id="8">4055.7778</dst>
      <dst id="18">1337.9733</dst>
      <dst id="4">3.2000</dst>
      <dst id="1">213749.3600</dst>
      <dst id="5">4470.7111</dst>
      <dst id="3">2273.6622</dst>
      <dst id="22">7374.9600</dst>
      <dst id="7">49357.3156</dst>
      <dst id="2">115978.0711</dst>
      <dst id="6">192.2667</dst>
      <dst id="16">4905.7511</dst>
      <dst id="14">2291.4400</dst>
      <dst id="20">2560.0889</dst>
      <dst id="11">6361.7778</dst>
      <dst id="9">5894.8178</dst>
      <dst id="17">65403.1200</dst>
      <dst id="21">12031.3333</dst>
      <dst id="15">402.8178</dst>
    </src>
    <src id="1">
      <dst id="12">29139.2267</dst>
      <dst id="13">11379.5556</dst>
      <dst id="19">4071.8578</dst>
      <dst id="23">83.3867</dst>
      <dst id="8">214447.6889</dst>
      <dst id="18">15323.7156</dst>
      <dst id="4">18823.0844</dst>
      <dst id="1">43983.9733</dst>
      <dst id="5">290999.1911</dst>
      <dst id="3">12388.3911</dst>
      <dst id="22">19972.3911</dst>
      <dst id="7">42385.7689</dst>
      <dst id="2">22648.9156</dst>
      <dst id="6">19703.1644</dst>
      <dst id="16">10965.6444</dst>
      <dst id="14">454.3556</dst>
      <dst id="20">13421.2444</dst>
      <dst id="11">6552.1867</dst>
      <dst id="9">447534.9956</dst>
      <dst id="17">14671.9733</dst>
      <dst id="21">20717.7511</dst>
      <dst id="15">311.8489</dst>
    </src>
    <src id="5">
      <dst id="12">328939.6533</dst>
      <dst id="13">1767.5022</dst>
      <dst id="19">133.4844</dst>
      <dst id="23">3.1022</dst>
      <dst id="8">2419.8667</dst>
      <dst id="18">405.0311</dst>
      <dst id="4">7981.9733</dst>
      <dst id="1">2182.3467</dst>
      <dst id="3">0.3556</dst>
      <dst id="22">10005.3422</dst>
      <dst id="7">745.7422</dst>
      <dst id="2">134622.3200</dst>
      <dst id="6">31.5733</dst>
      <dst id="16">1873.0400</dst>
      <dst id="14">4.1778</dst>
      <dst id="20">5153.6711</dst>
      <dst id="11">2266.6489</dst>
      <dst id="9">2115.2711</dst>
      <dst id="17">109882.2311</dst>
      <dst id="21">680.8000</dst>
      <dst id="15">9082.5778</dst>
    </src>
    <src id="3">
      <dst id="12">18577.1467</dst>
      <dst id="13">12964.2756</dst>
      <dst id="19">1915.4489</dst>
      <dst id="23">6864.4000</dst>
      <dst id="8">253.0844</dst>
      <dst id="18">206000.1156</dst>
      <dst id="4">36437.0756</dst>
      <dst id="1">27959.0311</dst>
      <dst id="5">612.2578</dst>
      <dst id="3">24741.8133</dst>
      <dst id="22">4135.8756</dst>
      <dst id="7">7103.8667</dst>
      <dst id="2">19043.6978</dst>
      <dst id="6">17.6800</dst>
      <dst id="16">4602.9333</dst>
      <dst id="14">58304.9689</dst>
      <dst id="20">7235.4844</dst>
      <dst id="11">424979.6711</dst>
      <dst id="9">1165.2356</dst>
      <dst id="17">24529.0667</dst>
      <dst id="21">19679.4400</dst>
      <dst id="15">1478.3378</dst>
    </src>
    <src id="10">
      <dst id="12">39047.6178</dst>
      <dst id="19">16817.5022</dst>
      <dst id="8">3810.6044</dst>
      <dst id="18">9353.2444</dst>
      <dst id="1">3396.8622</dst>
      <dst id="5">2100.6667</dst>
      <dst id="3">17376.4800</dst>
      <dst id="22">8153.2622</dst>
      <dst id="7">19268.1333</dst>
      <dst id="2">53301.3333</dst>
      <dst id="6">29.7778</dst>
      <dst id="16">8664.0533</dst>
      <dst id="14">1818.4178</dst>
      <dst id="20">6581.7422</dst>
      <dst id="11">7619.4756</dst>
      <dst id="9">2931.1467</dst>
      <dst id="17">44226.1689</dst>
      <dst id="21">16846.4267</dst>
      <dst id="15">2359.0933</dst>
    </src>
    <src id="22">
      <dst id="12">21335.4044</dst>
      <dst id="13">4916.3200</dst>
      <dst id="19">1898.8800</dst>
      <dst id="23">37.0667</dst>
      <dst id="8">3464.8000</dst>
      <dst id="18">418.8089</dst>
      <dst id="4">18185.9822</dst>
      <dst id="1">679.4844</dst>
      <dst id="5">3567.7333</dst>
      <dst id="3">5797.1200</dst>
      <dst id="7">2918.6311</dst>
      <dst id="2">2487.3600</dst>
      <dst id="6">29.8222</dst>
      <dst id="16">0.8889</dst>
      <dst id="14">250.2044</dst>
      <dst id="11">2280.4444</dst>
      <dst id="9">3393.5911</dst>
      <dst id="17">12871.1733</dst>
      <dst id="21">3828.0889</dst>
    </src>
    <src id="7">
      <dst id="12">4916.1956</dst>
      <dst id="13">2158.6222</dst>
      <dst id="19">5266.7911</dst>
      <dst id="23">1144.4533</dst>
      <dst id="8">762.2044</dst>
      <dst id="18">5261.2089</dst>
      <dst id="4">27357.2267</dst>
      <dst id="1">22594.3467</dst>
      <dst id="5">1258.9422</dst>
      <dst id="3">18205.2089</dst>
      <dst id="22">3633.9200</dst>
      <dst id="7">768.0711</dst>
      <dst id="2">10075.4489</dst>
      <dst id="6">143.9556</dst>
      <dst id="16">19774.2044</dst>
      <dst id="14">679.2533</dst>
      <dst id="20">5063.0756</dst>
      <dst id="11">2283.6000</dst>
      <dst id="9">1614.9600</dst>
      <dst id="17">23381.9022</dst>
      <dst id="21">7966.2222</dst>
      <dst id="15">683.3333</dst>
    </src>
    <src id="2">
      <dst id="12">146890.7467</dst>
      <dst id="13">529579.4756</dst>
      <dst id="19">6248.0533</dst>
      <dst id="23">102.2133</dst>
      <dst id="8">2088.7822</dst>
      <dst id="18">168232.3022</dst>
      <dst id="4">88466.3467</dst>
      <dst id="1">7805.9556</dst>
      <dst id="5">3397.3244</dst>
      <dst id="3">6358.0178</dst>
      <dst id="22">4193.1022</dst>
      <dst id="7">24955.0222</dst>
      <dst id="2">2311.8222</dst>
      <dst id="6">13933.2800</dst>
      <dst id="16">2428.2311</dst>
      <dst id="14">5890.0356</dst>
      <dst id="20">1494.0089</dst>
      <dst id="11">6421.9289</dst>
      <dst id="9">2414.5156</dst>
      <dst id="17">58675.2533</dst>
      <dst id="21">13001.1022</dst>
      <dst id="15">511.6800</dst>
    </src>
    <src id="6">
      <dst id="12">11223.2800</dst>
      <dst id="13">58.1956</dst>
      <dst id="19">90.1600</dst>
      <dst id="23">14.8800</dst>
      <dst id="18">11.8222</dst>
      <dst id="4">1286.2667</dst>
      <dst id="1">119.2978</dst>
      <dst id="5">1.7956</dst>
      <dst id="3">13.0311</dst>
      <dst id="22">116.5778</dst>
      <dst id="7">120.9156</dst>
      <dst id="2">3202.3911</dst>
      <dst id="16">120.1689</dst>
      <dst id="14">23.3956</dst>
      <dst id="20">56.0356</dst>
      <dst id="11">488.8711</dst>
      <dst id="9">23.8578</dst>
      <dst id="17">2023.0667</dst>
      <dst id="21">182.8178</dst>
      <dst id="15">12.7733</dst>
    </src>
    <src id="16">
      <dst id="12">4037.8311</dst>
      <dst id="13">1099.9289</dst>
      <dst id="19">4446.2133</dst>
      <dst id="23">69.7867</dst>
      <dst id="8">4979.6800</dst>
      <dst id="18">74.0622</dst>
      <dst id="4">4804.9422</dst>
      <dst id="1">23120.6844</dst>
      <dst id="5">8153.5378</dst>
      <dst id="3">455.0667</dst>
      <dst id="7">4345.8844</dst>
      <dst id="2">3660.5689</dst>
      <dst id="6">12.6133</dst>
      <dst id="16">41.5200</dst>
      <dst id="14">360.6311</dst>
      <dst id="11">2693.9822</dst>
      <dst id="9">11041.5822</dst>
      <dst id="17">9502.7467</dst>
      <dst id="21">2631.9111</dst>
    </src>
    <src id="14">
      <dst id="12">21985.2000</dst>
      <dst id="13">163.8756</dst>
      <dst id="19">57.7244</dst>
      <dst id="23">14.0089</dst>
      <dst id="8">9.4311</dst>
      <dst id="18">43.0400</dst>
      <dst id="4">2358.4089</dst>
      <dst id="1">978.1067</dst>
      <dst id="5">0.7111</dst>
      <dst id="3">120.8089</dst>
      <dst id="22">73.9467</dst>
      <dst id="7">165.6622</dst>
      <dst id="2">7756.7822</dst>
      <dst id="6">1.8844</dst>
      <dst id="16">16.4978</dst>
      <dst id="20">2.4800</dst>
      <dst id="11">81.5200</dst>
      <dst id="9">103.9556</dst>
      <dst id="17">10104.3556</dst>
      <dst id="21">178.1689</dst>
      <dst id="15">6.9333</dst>
    </src>
    <src id="20">
      <dst id="12">15967.6978</dst>
      <dst id="13">28735.1378</dst>
      <dst id="19">291.4133</dst>
      <dst id="23">5.2444</dst>
      <dst id="8">880.2933</dst>
      <dst id="18">185.4400</dst>
      <dst id="4">9593.8844</dst>
      <dst id="1">640.3644</dst>
      <dst id="5">3639.1911</dst>
      <dst id="3">5365.7511</dst>
      <dst id="22">13.3333</dst>
      <dst id="7">5358.6311</dst>
      <dst id="2">2694.0000</dst>
      <dst id="6">1853.2622</dst>
      <dst id="14">38.6756</dst>
      <dst id="11">1375.7244</dst>
      <dst id="9">8595.8222</dst>
      <dst id="17">6822.8444</dst>
      <dst id="21">4609.7956</dst>
    </src>
    <src id="11">
      <dst id="12">458561.6711</dst>
      <dst id="13">7196.3556</dst>
      <dst id="19">203.8044</dst>
      <dst id="23">427.4667</dst>
      <dst id="8">2025.9200</dst>
      <dst id="18">1005.3333</dst>
      <dst id="4">14591.9111</dst>
      <dst id="1">1122.3556</dst>
      <dst id="5">1347.4667</dst>
      <dst id="3">1771.9111</dst>
      <dst id="22">3096.7733</dst>
      <dst id="7">1329.5556</dst>
      <dst id="2">178755.6711</dst>
      <dst id="6">554.6933</dst>
      <dst id="16">959.4489</dst>
      <dst id="14">92.9511</dst>
      <dst id="20">2877.5733</dst>
      <dst id="11">8514.3556</dst>
      <dst id="9">3358.0622</dst>
      <dst id="17">172944.4178</dst>
      <dst id="21">844.7022</dst>
      <dst id="15">363.9378</dst>
    </src>
    <src id="9">
      <dst id="12">515321.6978</dst>
      <dst id="13">9296.1067</dst>
      <dst id="19">280.4444</dst>
      <dst id="23">72.5156</dst>
      <dst id="8">9004.2756</dst>
      <dst id="18">198.4178</dst>
      <dst id="4">11783.4667</dst>
      <dst id="1">5949.4667</dst>
      <dst id="5">1756.5422</dst>
      <dst id="3">267.8044</dst>
      <dst id="22">3705.9822</dst>
      <dst id="7">2177.0578</dst>
      <dst id="2">197954.6489</dst>
      <dst id="6">6.9600</dst>
      <dst id="16">1464.1422</dst>
      <dst id="14">3.7156</dst>
      <dst id="20">6381.5378</dst>
      <dst id="11">1765.9022</dst>
      <dst id="9">1350.7822</dst>
      <dst id="17">198818.7022</dst>
      <dst id="21">2161.5378</dst>
      <dst id="15">1443.5200</dst>
    </src>
    <src id="17">
      <dst id="12">34010.0444</dst>
      <dst id="13">31111.8933</dst>
      <dst id="19">3103.3244</dst>
      <dst id="23">758.3911</dst>
      <dst id="8">220723.6089</dst>
      <dst id="18">1841.9022</dst>
      <dst id="4">140714.7733</dst>
      <dst id="1">5599.5200</dst>
      <dst id="5">276438.1956</dst>
      <dst id="3">14444.7822</dst>
      <dst id="22">20283.4044</dst>
      <dst id="7">11390.3733</dst>
      <dst id="2">23569.2889</dst>
      <dst id="6">782.3556</dst>
      <dst id="16">15401.2089</dst>
      <dst id="14">50557.0667</dst>
      <dst id="20">2064.5244</dst>
      <dst id="11">283449.5022</dst>
      <dst id="9">352485.0756</dst>
      <dst id="17">1384.7911</dst>
      <dst id="21">24575.1200</dst>
      <dst id="15">4573.6889</dst>
    </src>
    <src id="21">
      <dst id="12">22024.5600</dst>
      <dst id="13">16233.1111</dst>
      <dst id="19">8326.8267</dst>
      <dst id="23">418.6311</dst>
      <dst id="8">259.1556</dst>
      <dst id="18">1703.0489</dst>
      <dst id="4">16026.3289</dst>
      <dst id="1">11113.8933</dst>
      <dst id="5">396.7822</dst>
      <dst id="3">10558.6933</dst>
      <dst id="22">3829.6356</dst>
      <dst id="7">9027.6533</dst>
      <dst id="2">14910.1689</dst>
      <dst id="6">142.3111</dst>
      <dst id="16">735.0044</dst>
      <dst id="14">168.4444</dst>
      <dst id="20">1000.0889</dst>
      <dst id="11">1163.0667</dst>
      <dst id="9">4785.4311</dst>
      <dst id="17">8323.2089</dst>
      <dst id="21">2848.5067</dst>
      <dst id="15">1967.1911</dst>
    </src>
    <src id="15">
      <dst id="12">3486.5156</dst>
      <dst id="13">4679.6978</dst>
      <dst id="19">6318.2844</dst>
      <dst id="23">9.6178</dst>
      <dst id="8">249.0933</dst>
      <dst id="18">157.7600</dst>
      <dst id="4">2548.4000</dst>
      <dst id="1">1427.9733</dst>
      <dst id="5">2536.6578</dst>
      <dst id="3">0.3556</dst>
      <dst id="7">504.6844</dst>
      <dst id="2">518.4089</dst>
      <dst id="6">0.3556</dst>
      <dst id="14">436.1244</dst>
      <dst id="11">159.3867</dst>
      <dst id="9">1111.7333</dst>
      <dst id="17">2019.7778</dst>
      <dst id="21">2078.1156</dst>
    </src>
  </IntraTM>
</TrafficMatrixFile>
