<?xml version="1.0" encoding="UTF-8" standalone="yes"?>
<TrafficMatrixFile xmlns:xsi="http://www.w3.org/2001/XMLSchema-instance" xsi:noNamespaceSchemaLocation="http://totem.run.montefiore.ulg.ac.be/Schema/TrafficMatrix-v1_2.xsd">
  <info>
    <title>Intradomain traffic matrix generated by geant-TM-all.pl</title>
    <date>2005-01-01T17:00:00</date>
    <duration>900</duration>
    <author>Steve Uhlig</author>
    <units>
        <unit type="bandwidth" value="kbps"/>
    </units>
  </info>
  <IntraTM ASID="20965">
    <src id="12">
      <dst id="12">350575.1200</dst>
      <dst id="13">18716.2044</dst>
      <dst id="19">4331.9556</dst>
      <dst id="23">38.4978</dst>
      <dst id="8">3983.3956</dst>
      <dst id="18">683.3244</dst>
      <dst id="4">85409.6533</dst>
      <dst id="1">8935.2978</dst>
      <dst id="5">7274.2311</dst>
      <dst id="3">17171.8489</dst>
      <dst id="22">11461.9822</dst>
      <dst id="7">2233.6000</dst>
      <dst id="2">73414.2133</dst>
      <dst id="6">2.4711</dst>
      <dst id="16">3904.2044</dst>
      <dst id="14">1582.7644</dst>
      <dst id="20">35270.3467</dst>
      <dst id="11">6978.1689</dst>
      <dst id="9">67504.0622</dst>
      <dst id="17">58682.1689</dst>
      <dst id="21">24107.3956</dst>
      <dst id="15">3509.9111</dst>
    </src>
    <src id="13">
      <dst id="12">45997.2711</dst>
      <dst id="19">4546.0622</dst>
      <dst id="23">149.8933</dst>
      <dst id="8">4704.0622</dst>
      <dst id="18">4405.5733</dst>
      <dst id="1">4132.3111</dst>
      <dst id="5">16292.5067</dst>
      <dst id="3">24077.0044</dst>
      <dst id="22">24849.3600</dst>
      <dst id="7">10899.5644</dst>
      <dst id="2">56093.3689</dst>
      <dst id="6">50.0622</dst>
      <dst id="16">6376.0533</dst>
      <dst id="14">5103.3333</dst>
      <dst id="20">12761.4933</dst>
      <dst id="11">21428.8533</dst>
      <dst id="9">17553.0933</dst>
      <dst id="17">68081.4222</dst>
      <dst id="21">17979.7333</dst>
      <dst id="15">4506.0356</dst>
    </src>
    <src id="19">
      <dst id="12">18065.7778</dst>
      <dst id="13">165.8933</dst>
      <dst id="23">0.3378</dst>
      <dst id="8">5.8756</dst>
      <dst id="18">1.0667</dst>
      <dst id="4">20804.4000</dst>
      <dst id="1">12.5600</dst>
      <dst id="5">847.7867</dst>
      <dst id="3">2077.8933</dst>
      <dst id="22">974.7022</dst>
      <dst id="7">4398.6311</dst>
      <dst id="2">2218.4889</dst>
      <dst id="6">38.5067</dst>
      <dst id="16">6237.9378</dst>
      <dst id="20">6.7556</dst>
      <dst id="11">69.0756</dst>
      <dst id="9">351.4489</dst>
      <dst id="17">437.8311</dst>
      <dst id="21">1538.0622</dst>
      <dst id="15">6.7200</dst>
    </src>
    <src id="23">
      <dst id="12">124.2489</dst>
      <dst id="13">320.8889</dst>
      <dst id="19">0.9422</dst>
      <dst id="18">27.3422</dst>
      <dst id="4">39.1200</dst>
      <dst id="1">72.2844</dst>
      <dst id="5">35.4133</dst>
      <dst id="3">532.6489</dst>
      <dst id="22">572.4089</dst>
      <dst id="7">31.8578</dst>
      <dst id="2">53.7778</dst>
      <dst id="6">0.3378</dst>
      <dst id="16">17.6711</dst>
      <dst id="14">13.3333</dst>
      <dst id="20">93.3333</dst>
      <dst id="11">134.8800</dst>
      <dst id="9">90.3911</dst>
      <dst id="17">119.9200</dst>
      <dst id="21">369.8844</dst>
    </src>
    <src id="8">
      <dst id="12">336744.3556</dst>
      <dst id="13">694.4978</dst>
      <dst id="19">100.7644</dst>
      <dst id="23">80.0000</dst>
      <dst id="18">17.8222</dst>
      <dst id="4">5005.8044</dst>
      <dst id="1">101.3067</dst>
      <dst id="5">1151.7067</dst>
      <dst id="3">240.0800</dst>
      <dst id="22">1088.0800</dst>
      <dst id="7">17.6622</dst>
      <dst id="2">128414.5956</dst>
      <dst id="6">68.7022</dst>
      <dst id="16">399.4933</dst>
      <dst id="14">44.2667</dst>
      <dst id="20">1369.1644</dst>
      <dst id="11">1894.2933</dst>
      <dst id="9">4614.0089</dst>
      <dst id="17">74268.6756</dst>
      <dst id="21">1670.4356</dst>
      <dst id="15">83.2000</dst>
    </src>
    <src id="18">
      <dst id="12">110861.7511</dst>
      <dst id="13">115.7778</dst>
      <dst id="19">2.4178</dst>
      <dst id="23">0.3556</dst>
      <dst id="8">2.2667</dst>
      <dst id="4">2314.9867</dst>
      <dst id="1">1236.0711</dst>
      <dst id="5">751.6800</dst>
      <dst id="3">293.2178</dst>
      <dst id="22">936.8889</dst>
      <dst id="7">158.1067</dst>
      <dst id="2">29461.4400</dst>
      <dst id="16">31.1378</dst>
      <dst id="14">13.3333</dst>
      <dst id="20">53.3244</dst>
      <dst id="11">1989.2089</dst>
      <dst id="9">391.9378</dst>
      <dst id="17">28429.2356</dst>
      <dst id="21">239.8667</dst>
      <dst id="15">0.9867</dst>
    </src>
    <src id="4">
      <dst id="12">12916.3467</dst>
      <dst id="19">15309.8489</dst>
      <dst id="23">0.4622</dst>
      <dst id="8">2093.8844</dst>
      <dst id="18">2730.3289</dst>
      <dst id="4">4.2044</dst>
      <dst id="1">973.5200</dst>
      <dst id="5">3145.3422</dst>
      <dst id="3">117822.1067</dst>
      <dst id="22">8905.6356</dst>
      <dst id="7">111130.4000</dst>
      <dst id="2">37770.4711</dst>
      <dst id="6">0.4178</dst>
      <dst id="16">935.0044</dst>
      <dst id="14">10821.7689</dst>
      <dst id="20">2323.1644</dst>
      <dst id="11">8044.9067</dst>
      <dst id="9">4543.2533</dst>
      <dst id="17">18652.8889</dst>
      <dst id="21">3338.2489</dst>
      <dst id="15">7575.6622</dst>
    </src>
    <src id="1">
      <dst id="12">18619.0222</dst>
      <dst id="13">202.6667</dst>
      <dst id="19">93.6889</dst>
      <dst id="23">15.6800</dst>
      <dst id="8">150405.8133</dst>
      <dst id="18">13171.1911</dst>
      <dst id="4">9208.9511</dst>
      <dst id="1">79.5911</dst>
      <dst id="5">243372.5244</dst>
      <dst id="3">46595.7867</dst>
      <dst id="22">6559.9289</dst>
      <dst id="7">1886.5867</dst>
      <dst id="2">1881.0044</dst>
      <dst id="6">4733.6089</dst>
      <dst id="16">9827.9378</dst>
      <dst id="14">318.3111</dst>
      <dst id="20">727.2000</dst>
      <dst id="11">688.8622</dst>
      <dst id="9">338725.5200</dst>
      <dst id="17">5697.4844</dst>
      <dst id="21">13486.8089</dst>
      <dst id="15">373.3956</dst>
    </src>
    <src id="5">
      <dst id="12">316005.0133</dst>
      <dst id="13">2529.6800</dst>
      <dst id="19">131.7778</dst>
      <dst id="23">27.6089</dst>
      <dst id="8">1719.5111</dst>
      <dst id="18">144.4533</dst>
      <dst id="4">9092.6844</dst>
      <dst id="1">23.8578</dst>
      <dst id="3">6852.9600</dst>
      <dst id="22">4622.9689</dst>
      <dst id="7">322.7644</dst>
      <dst id="2">133990.9511</dst>
      <dst id="6">31.8844</dst>
      <dst id="16">763.3956</dst>
      <dst id="20">657.1111</dst>
      <dst id="11">1216.4089</dst>
      <dst id="9">8920.0178</dst>
      <dst id="17">78259.6889</dst>
      <dst id="21">387.9022</dst>
      <dst id="15">338.4178</dst>
    </src>
    <src id="3">
      <dst id="12">25471.2267</dst>
      <dst id="13">556.1333</dst>
      <dst id="19">2069.7778</dst>
      <dst id="23">11.0667</dst>
      <dst id="8">626.6489</dst>
      <dst id="18">58685.5556</dst>
      <dst id="4">44064.7467</dst>
      <dst id="1">3917.6622</dst>
      <dst id="5">1646.9956</dst>
      <dst id="3">12176.1067</dst>
      <dst id="22">738.1244</dst>
      <dst id="7">1584.6933</dst>
      <dst id="2">4196.4089</dst>
      <dst id="6">13.4133</dst>
      <dst id="16">1804.2311</dst>
      <dst id="14">51746.1422</dst>
      <dst id="20">831.3778</dst>
      <dst id="11">198499.6444</dst>
      <dst id="9">487.4667</dst>
      <dst id="17">3424.4267</dst>
      <dst id="21">7575.5911</dst>
      <dst id="15">101.8311</dst>
    </src>
    <src id="10">
      <dst id="12">8584.0000</dst>
      <dst id="19">633.7244</dst>
      <dst id="8">1892.9600</dst>
      <dst id="18">10093.7333</dst>
      <dst id="1">1775.6711</dst>
      <dst id="5">2580.0533</dst>
      <dst id="3">17408.8978</dst>
      <dst id="22">7150.3644</dst>
      <dst id="7">2304.1333</dst>
      <dst id="2">24289.7511</dst>
      <dst id="6">0.7111</dst>
      <dst id="16">1477.2089</dst>
      <dst id="14">3720.3467</dst>
      <dst id="20">4358.2133</dst>
      <dst id="11">6796.6667</dst>
      <dst id="9">3048.1422</dst>
      <dst id="17">14360.7644</dst>
      <dst id="21">18560.0800</dst>
      <dst id="15">1313.8044</dst>
    </src>
    <src id="22">
      <dst id="12">13716.6578</dst>
      <dst id="13">5828.5600</dst>
      <dst id="19">66.4978</dst>
      <dst id="23">13.4756</dst>
      <dst id="8">870.1778</dst>
      <dst id="18">148.4800</dst>
      <dst id="4">21830.8444</dst>
      <dst id="1">160.9689</dst>
      <dst id="5">2132.0267</dst>
      <dst id="3">611.2533</dst>
      <dst id="7">1060.6844</dst>
      <dst id="2">1932.2844</dst>
      <dst id="6">14.7200</dst>
      <dst id="16">0.3556</dst>
      <dst id="14">113.3956</dst>
      <dst id="11">2198.9067</dst>
      <dst id="9">3300.2400</dst>
      <dst id="17">3316.3200</dst>
      <dst id="21">2024.5511</dst>
    </src>
    <src id="7">
      <dst id="12">4289.5733</dst>
      <dst id="13">405.0133</dst>
      <dst id="19">282.7467</dst>
      <dst id="23">225.7600</dst>
      <dst id="8">640.8356</dst>
      <dst id="18">452.5422</dst>
      <dst id="4">71085.0667</dst>
      <dst id="1">7137.1644</dst>
      <dst id="5">1701.7244</dst>
      <dst id="3">3071.4222</dst>
      <dst id="22">5294.0533</dst>
      <dst id="7">621.3689</dst>
      <dst id="2">18685.2000</dst>
      <dst id="6">14.4800</dst>
      <dst id="16">563.6889</dst>
      <dst id="14">238.5067</dst>
      <dst id="20">478.9689</dst>
      <dst id="11">1630.2756</dst>
      <dst id="9">5434.6400</dst>
      <dst id="17">7381.9200</dst>
      <dst id="21">4484.3556</dst>
      <dst id="15">441.6356</dst>
    </src>
    <src id="2">
      <dst id="12">145056.4711</dst>
      <dst id="13">12825.6178</dst>
      <dst id="19">500.3378</dst>
      <dst id="23">10.7733</dst>
      <dst id="8">1172.6400</dst>
      <dst id="18">54390.1600</dst>
      <dst id="4">92459.8400</dst>
      <dst id="1">920.2756</dst>
      <dst id="5">1045.4133</dst>
      <dst id="3">3681.8933</dst>
      <dst id="22">6857.2889</dst>
      <dst id="7">5905.2267</dst>
      <dst id="2">895.4844</dst>
      <dst id="6">5613.1733</dst>
      <dst id="16">2221.7067</dst>
      <dst id="14">1307.3600</dst>
      <dst id="20">958.0711</dst>
      <dst id="11">4954.7556</dst>
      <dst id="9">1657.9289</dst>
      <dst id="17">15906.9689</dst>
      <dst id="21">7308.3467</dst>
      <dst id="15">186.5156</dst>
    </src>
    <src id="6">
      <dst id="12">8088.1689</dst>
      <dst id="13">6.0267</dst>
      <dst id="19">1.4222</dst>
      <dst id="23">0.3378</dst>
      <dst id="8">39.0578</dst>
      <dst id="4">67.6533</dst>
      <dst id="1">0.7111</dst>
      <dst id="5">13.5289</dst>
      <dst id="3">73.7422</dst>
      <dst id="22">27.4222</dst>
      <dst id="7">0.3556</dst>
      <dst id="2">1875.7511</dst>
      <dst id="16">21.1467</dst>
      <dst id="14">14.5067</dst>
      <dst id="20">3.8844</dst>
      <dst id="11">26.1156</dst>
      <dst id="9">12.7467</dst>
      <dst id="17">1008.6756</dst>
      <dst id="21">80.9956</dst>
    </src>
    <src id="16">
      <dst id="12">3220.8444</dst>
      <dst id="13">367.2711</dst>
      <dst id="19">2724.3911</dst>
      <dst id="23">29.3067</dst>
      <dst id="8">8515.3333</dst>
      <dst id="18">40.3200</dst>
      <dst id="4">5903.1733</dst>
      <dst id="1">15387.6356</dst>
      <dst id="5">9596.4978</dst>
      <dst id="3">5322.2400</dst>
      <dst id="7">1504.8356</dst>
      <dst id="2">269.6000</dst>
      <dst id="6">0.3556</dst>
      <dst id="16">31.2978</dst>
      <dst id="14">335.9733</dst>
      <dst id="11">346.9333</dst>
      <dst id="9">12340.8711</dst>
      <dst id="17">1311.1556</dst>
      <dst id="21">443.7689</dst>
    </src>
    <src id="14">
      <dst id="12">18471.1822</dst>
      <dst id="13">62.1156</dst>
      <dst id="19">36.8444</dst>
      <dst id="23">0.8889</dst>
      <dst id="8">13.5467</dst>
      <dst id="18">0.6044</dst>
      <dst id="4">2857.6533</dst>
      <dst id="1">48.0800</dst>
      <dst id="5">0.5511</dst>
      <dst id="3">223.7511</dst>
      <dst id="22">4.8178</dst>
      <dst id="7">69.0400</dst>
      <dst id="2">4979.9644</dst>
      <dst id="6">9.5644</dst>
      <dst id="16">10.3644</dst>
      <dst id="20">621.4222</dst>
      <dst id="11">72.8000</dst>
      <dst id="9">12.6222</dst>
      <dst id="17">5257.8222</dst>
      <dst id="21">138.4178</dst>
      <dst id="15">21.6178</dst>
    </src>
    <src id="20">
      <dst id="12">4799.0667</dst>
      <dst id="13">4489.0044</dst>
      <dst id="19">17.8044</dst>
      <dst id="23">2.6667</dst>
      <dst id="8">8794.3822</dst>
      <dst id="18">4.1778</dst>
      <dst id="4">14668.3289</dst>
      <dst id="1">386.6756</dst>
      <dst id="5">6018.2489</dst>
      <dst id="3">1542.2756</dst>
      <dst id="22">280.0000</dst>
      <dst id="7">198.9333</dst>
      <dst id="2">3329.1111</dst>
      <dst id="6">0.6133</dst>
      <dst id="14">15.6800</dst>
      <dst id="11">2449.4311</dst>
      <dst id="9">29122.7111</dst>
      <dst id="17">11608.0267</dst>
      <dst id="21">1141.8844</dst>
    </src>
    <src id="11">
      <dst id="12">403216.4622</dst>
      <dst id="13">3035.9111</dst>
      <dst id="19">15.9822</dst>
      <dst id="23">276.1333</dst>
      <dst id="8">355.1911</dst>
      <dst id="18">1024.7111</dst>
      <dst id="4">12678.4622</dst>
      <dst id="1">606.2489</dst>
      <dst id="5">1287.3867</dst>
      <dst id="3">1650.5244</dst>
      <dst id="22">6428.7822</dst>
      <dst id="7">357.3600</dst>
      <dst id="2">157668.9422</dst>
      <dst id="6">13.3333</dst>
      <dst id="16">209.3244</dst>
      <dst id="14">70.5244</dst>
      <dst id="20">1364.5333</dst>
      <dst id="11">1237.6800</dst>
      <dst id="9">3159.7689</dst>
      <dst id="17">81091.9022</dst>
      <dst id="21">8821.2978</dst>
      <dst id="15">170.2400</dst>
    </src>
    <src id="9">
      <dst id="12">513236.0800</dst>
      <dst id="13">7382.8356</dst>
      <dst id="19">83.8489</dst>
      <dst id="23">1.8489</dst>
      <dst id="8">3092.2400</dst>
      <dst id="18">1988.8711</dst>
      <dst id="4">15122.2133</dst>
      <dst id="1">12038.0267</dst>
      <dst id="5">3018.7644</dst>
      <dst id="3">751.7156</dst>
      <dst id="22">14581.3778</dst>
      <dst id="7">285.6267</dst>
      <dst id="2">158337.4578</dst>
      <dst id="6">19.2622</dst>
      <dst id="16">685.7778</dst>
      <dst id="14">70.1956</dst>
      <dst id="20">5435.6978</dst>
      <dst id="11">472.6667</dst>
      <dst id="9">4904.2578</dst>
      <dst id="17">122109.6889</dst>
      <dst id="21">440.4178</dst>
      <dst id="15">5401.8400</dst>
    </src>
    <src id="17">
      <dst id="12">5482.9333</dst>
      <dst id="13">13928.0978</dst>
      <dst id="19">13152.8622</dst>
      <dst id="23">174.4978</dst>
      <dst id="8">153877.3333</dst>
      <dst id="18">42.1511</dst>
      <dst id="4">145686.2311</dst>
      <dst id="1">708.9867</dst>
      <dst id="5">219796.9689</dst>
      <dst id="3">37484.1867</dst>
      <dst id="22">7500.8711</dst>
      <dst id="7">12223.4222</dst>
      <dst id="2">5469.9022</dst>
      <dst id="6">1.8756</dst>
      <dst id="16">5017.1378</dst>
      <dst id="14">44246.2578</dst>
      <dst id="20">1085.0578</dst>
      <dst id="11">138959.7067</dst>
      <dst id="9">305955.1556</dst>
      <dst id="17">2346.9867</dst>
      <dst id="21">12106.0267</dst>
      <dst id="15">118.8622</dst>
    </src>
    <src id="21">
      <dst id="12">19038.3378</dst>
      <dst id="13">319.2444</dst>
      <dst id="19">212.7289</dst>
      <dst id="23">115.3689</dst>
      <dst id="8">155.1644</dst>
      <dst id="18">2994.7644</dst>
      <dst id="4">25143.4578</dst>
      <dst id="1">3304.2844</dst>
      <dst id="5">686.4444</dst>
      <dst id="3">1251.4133</dst>
      <dst id="22">1932.4978</dst>
      <dst id="7">781.2000</dst>
      <dst id="2">13650.2489</dst>
      <dst id="6">6.9244</dst>
      <dst id="16">227.0044</dst>
      <dst id="14">132.1333</dst>
      <dst id="20">187.9556</dst>
      <dst id="11">1585.0044</dst>
      <dst id="9">1938.6933</dst>
      <dst id="17">3238.8533</dst>
      <dst id="21">3057.2711</dst>
      <dst id="15">104.3378</dst>
    </src>
    <src id="15">
      <dst id="12">1307.4400</dst>
      <dst id="13">86.7467</dst>
      <dst id="19">205.7689</dst>
      <dst id="23">0.4267</dst>
      <dst id="8">340.1333</dst>
      <dst id="18">0.4356</dst>
      <dst id="4">3229.3689</dst>
      <dst id="1">118.5333</dst>
      <dst id="5">1844.0889</dst>
      <dst id="3">605.4667</dst>
      <dst id="7">276.9333</dst>
      <dst id="2">2601.5822</dst>
      <dst id="6">4.7111</dst>
      <dst id="16">2.6844</dst>
      <dst id="14">14.1778</dst>
      <dst id="11">332.3644</dst>
      <dst id="9">634.9067</dst>
      <dst id="17">389.1822</dst>
      <dst id="21">118.1778</dst>
    </src>
  </IntraTM>
</TrafficMatrixFile>
