<?xml version="1.0" encoding="UTF-8" standalone="yes"?>
<TrafficMatrixFile xmlns:xsi="http://www.w3.org/2001/XMLSchema-instance" xsi:noNamespaceSchemaLocation="http://totem.run.montefiore.ulg.ac.be/Schema/TrafficMatrix-v1_2.xsd">
  <info>
    <title>Intradomain traffic matrix generated by geant-TM-all.pl</title>
    <date>2005-01-02T15:15:00</date>
    <duration>900</duration>
    <author>Steve Uhlig</author>
    <units>
        <unit type="bandwidth" value="kbps"/>
    </units>
  </info>
  <IntraTM ASID="20965">
    <src id="12">
      <dst id="12">241765.3511</dst>
      <dst id="13">22975.4133</dst>
      <dst id="19">2352.9067</dst>
      <dst id="23">47.6089</dst>
      <dst id="8">1052.9422</dst>
      <dst id="18">1004.6133</dst>
      <dst id="4">78716.3733</dst>
      <dst id="1">6997.4489</dst>
      <dst id="5">2139.0133</dst>
      <dst id="3">1170.2489</dst>
      <dst id="22">3925.8311</dst>
      <dst id="7">7618.9600</dst>
      <dst id="2">68162.0444</dst>
      <dst id="6">10.7556</dst>
      <dst id="16">5858.8800</dst>
      <dst id="14">182.4356</dst>
      <dst id="20">5540.5156</dst>
      <dst id="11">1490.1511</dst>
      <dst id="9">2663.9111</dst>
      <dst id="17">55468.2933</dst>
      <dst id="21">9845.2533</dst>
      <dst id="15">389.1822</dst>
    </src>
    <src id="13">
      <dst id="12">39912.5778</dst>
      <dst id="19">2855.4667</dst>
      <dst id="23">9.0311</dst>
      <dst id="8">2589.3156</dst>
      <dst id="18">2685.6444</dst>
      <dst id="4">13.3333</dst>
      <dst id="1">1662.9689</dst>
      <dst id="5">4633.6089</dst>
      <dst id="3">5592.0889</dst>
      <dst id="22">19139.4933</dst>
      <dst id="7">5790.0889</dst>
      <dst id="2">52448.6400</dst>
      <dst id="6">35.3244</dst>
      <dst id="16">5061.5378</dst>
      <dst id="14">1124.7822</dst>
      <dst id="20">12493.0489</dst>
      <dst id="11">19575.2533</dst>
      <dst id="9">11230.8622</dst>
      <dst id="17">23868.8800</dst>
      <dst id="21">11371.6178</dst>
      <dst id="15">2534.0178</dst>
    </src>
    <src id="19">
      <dst id="12">10808.1333</dst>
      <dst id="13">124.1422</dst>
      <dst id="23">0.9867</dst>
      <dst id="8">410.2933</dst>
      <dst id="18">0.8444</dst>
      <dst id="4">17638.8800</dst>
      <dst id="1">127.8578</dst>
      <dst id="5">71.8489</dst>
      <dst id="3">0.5422</dst>
      <dst id="22">7.7778</dst>
      <dst id="7">2456.1956</dst>
      <dst id="2">411.8400</dst>
      <dst id="6">24.8356</dst>
      <dst id="16">11372.5778</dst>
      <dst id="11">13.9022</dst>
      <dst id="9">379.1289</dst>
      <dst id="17">228.1333</dst>
      <dst id="21">158.4889</dst>
      <dst id="15">809.1733</dst>
    </src>
    <src id="23">
      <dst id="12">162.6311</dst>
      <dst id="13">10.2133</dst>
      <dst id="19">1.4667</dst>
      <dst id="8">44.5600</dst>
      <dst id="18">0.9600</dst>
      <dst id="4">46.2933</dst>
      <dst id="1">95.5644</dst>
      <dst id="5">13.3333</dst>
      <dst id="3">139.1378</dst>
      <dst id="22">328.5600</dst>
      <dst id="7">221.6889</dst>
      <dst id="2">2.2933</dst>
      <dst id="16">15.8400</dst>
      <dst id="20">0.9244</dst>
      <dst id="11">460.6222</dst>
      <dst id="9">535.9644</dst>
      <dst id="17">142.2133</dst>
      <dst id="21">78.5778</dst>
      <dst id="15">27.0044</dst>
    </src>
    <src id="8">
      <dst id="12">252539.5378</dst>
      <dst id="13">211.2800</dst>
      <dst id="19">13.7333</dst>
      <dst id="23">118.9333</dst>
      <dst id="18">118.6133</dst>
      <dst id="4">5824.2578</dst>
      <dst id="1">33.3244</dst>
      <dst id="5">2869.0400</dst>
      <dst id="22">613.2533</dst>
      <dst id="7">59.1822</dst>
      <dst id="2">86866.0267</dst>
      <dst id="16">94.0711</dst>
      <dst id="20">3305.7067</dst>
      <dst id="11">3076.5689</dst>
      <dst id="9">744.5333</dst>
      <dst id="17">84140.8978</dst>
      <dst id="21">246.6844</dst>
      <dst id="15">13.3333</dst>
    </src>
    <src id="18">
      <dst id="12">99020.3911</dst>
      <dst id="13">26.7733</dst>
      <dst id="23">0.4356</dst>
      <dst id="8">48.3911</dst>
      <dst id="4">2270.8444</dst>
      <dst id="1">857.1289</dst>
      <dst id="5">97.6622</dst>
      <dst id="3">19.4044</dst>
      <dst id="22">298.4267</dst>
      <dst id="7">33.8489</dst>
      <dst id="2">29962.2222</dst>
      <dst id="16">4.6578</dst>
      <dst id="20">6.0356</dst>
      <dst id="11">80.3822</dst>
      <dst id="9">402.3111</dst>
      <dst id="17">35556.1511</dst>
      <dst id="21">262.2578</dst>
      <dst id="15">1.2089</dst>
    </src>
    <src id="4">
      <dst id="12">10816.9867</dst>
      <dst id="19">4633.8667</dst>
      <dst id="8">395.8311</dst>
      <dst id="18">825.2622</dst>
      <dst id="4">1.0222</dst>
      <dst id="1">29046.9511</dst>
      <dst id="5">1827.3956</dst>
      <dst id="3">153.0311</dst>
      <dst id="22">2982.0711</dst>
      <dst id="7">25190.5511</dst>
      <dst id="2">50284.0978</dst>
      <dst id="6">1.5022</dst>
      <dst id="16">905.4044</dst>
      <dst id="14">743.4667</dst>
      <dst id="20">1023.2800</dst>
      <dst id="11">6244.7200</dst>
      <dst id="9">3928.1156</dst>
      <dst id="17">56650.3822</dst>
      <dst id="21">3532.1956</dst>
      <dst id="15">1683.7156</dst>
    </src>
    <src id="1">
      <dst id="12">16904.4622</dst>
      <dst id="13">325.2178</dst>
      <dst id="19">17.6533</dst>
      <dst id="23">20.8178</dst>
      <dst id="8">68490.0089</dst>
      <dst id="18">13623.4756</dst>
      <dst id="4">7645.4933</dst>
      <dst id="1">15265.3067</dst>
      <dst id="5">180331.5467</dst>
      <dst id="3">23.0578</dst>
      <dst id="22">1213.4133</dst>
      <dst id="7">1083.3600</dst>
      <dst id="2">1993.9378</dst>
      <dst id="6">5996.2133</dst>
      <dst id="16">18975.2711</dst>
      <dst id="14">325.8133</dst>
      <dst id="20">189.7600</dst>
      <dst id="11">1845.5733</dst>
      <dst id="9">202071.1022</dst>
      <dst id="17">3417.8311</dst>
      <dst id="21">3242.7289</dst>
      <dst id="15">99.4044</dst>
    </src>
    <src id="5">
      <dst id="12">208096.1244</dst>
      <dst id="13">365.8844</dst>
      <dst id="19">47.0400</dst>
      <dst id="23">2.0978</dst>
      <dst id="8">483.0933</dst>
      <dst id="18">50.6578</dst>
      <dst id="4">3716.9511</dst>
      <dst id="1">261.3778</dst>
      <dst id="3">0.7111</dst>
      <dst id="22">1709.8044</dst>
      <dst id="7">84.2756</dst>
      <dst id="2">86673.8311</dst>
      <dst id="16">490.5689</dst>
      <dst id="14">4.0533</dst>
      <dst id="20">647.8222</dst>
      <dst id="11">462.6222</dst>
      <dst id="9">463.1911</dst>
      <dst id="17">70259.2622</dst>
      <dst id="21">361.3244</dst>
      <dst id="15">203.2533</dst>
    </src>
    <src id="3">
      <dst id="12">7986.8089</dst>
      <dst id="13">801.7600</dst>
      <dst id="19">622.1333</dst>
      <dst id="23">3.6267</dst>
      <dst id="8">50.4000</dst>
      <dst id="18">52860.7022</dst>
      <dst id="4">21847.9289</dst>
      <dst id="1">3233.0667</dst>
      <dst id="5">456.1244</dst>
      <dst id="3">7289.9911</dst>
      <dst id="22">458.6400</dst>
      <dst id="7">563.5022</dst>
      <dst id="2">3374.0089</dst>
      <dst id="16">1174.8267</dst>
      <dst id="14">31407.9556</dst>
      <dst id="20">74.7556</dst>
      <dst id="11">118508.3467</dst>
      <dst id="9">341.2889</dst>
      <dst id="17">13224.9333</dst>
      <dst id="21">2896.8267</dst>
      <dst id="15">104.1067</dst>
    </src>
    <src id="10">
      <dst id="12">5848.1867</dst>
      <dst id="19">4203.9822</dst>
      <dst id="8">718.1156</dst>
      <dst id="18">773.5556</dst>
      <dst id="1">1825.6267</dst>
      <dst id="5">621.7333</dst>
      <dst id="3">21179.3422</dst>
      <dst id="22">2278.8978</dst>
      <dst id="7">14766.8178</dst>
      <dst id="2">34603.0667</dst>
      <dst id="6">1.2089</dst>
      <dst id="16">4006.1511</dst>
      <dst id="14">490.5511</dst>
      <dst id="20">1306.2844</dst>
      <dst id="11">5549.5644</dst>
      <dst id="9">2910.5156</dst>
      <dst id="17">16279.8311</dst>
      <dst id="21">9756.6667</dst>
      <dst id="15">406.3733</dst>
    </src>
    <src id="22">
      <dst id="12">7400.3022</dst>
      <dst id="13">2623.9022</dst>
      <dst id="19">69.6800</dst>
      <dst id="23">10.8444</dst>
      <dst id="8">893.2978</dst>
      <dst id="18">941.8667</dst>
      <dst id="4">21777.0222</dst>
      <dst id="1">329.0222</dst>
      <dst id="5">3382.5600</dst>
      <dst id="3">829.2267</dst>
      <dst id="7">454.3644</dst>
      <dst id="2">1255.4667</dst>
      <dst id="6">3.9467</dst>
      <dst id="16">1.0667</dst>
      <dst id="14">14.9600</dst>
      <dst id="11">2688.2311</dst>
      <dst id="9">1269.3244</dst>
      <dst id="17">1623.0756</dst>
      <dst id="21">566.7556</dst>
    </src>
    <src id="7">
      <dst id="12">2250.7556</dst>
      <dst id="13">90.6400</dst>
      <dst id="19">86.9067</dst>
      <dst id="23">46.3911</dst>
      <dst id="8">379.0756</dst>
      <dst id="18">376.8356</dst>
      <dst id="4">22796.6311</dst>
      <dst id="1">1253.6356</dst>
      <dst id="5">913.0844</dst>
      <dst id="3">133.2089</dst>
      <dst id="22">3126.8800</dst>
      <dst id="7">693.1556</dst>
      <dst id="2">4612.6489</dst>
      <dst id="6">1.5111</dst>
      <dst id="16">688.2400</dst>
      <dst id="14">84.1333</dst>
      <dst id="20">128.2489</dst>
      <dst id="11">1011.5200</dst>
      <dst id="9">180.6578</dst>
      <dst id="17">6461.5822</dst>
      <dst id="21">1714.2489</dst>
      <dst id="15">266.9956</dst>
    </src>
    <src id="2">
      <dst id="12">102816.2222</dst>
      <dst id="13">1517.9911</dst>
      <dst id="19">7914.0089</dst>
      <dst id="23">0.4622</dst>
      <dst id="8">1567.4667</dst>
      <dst id="18">44865.0578</dst>
      <dst id="4">85427.1200</dst>
      <dst id="1">1919.1733</dst>
      <dst id="5">690.7556</dst>
      <dst id="3">43.7511</dst>
      <dst id="22">1489.2978</dst>
      <dst id="7">6303.3511</dst>
      <dst id="2">987.9378</dst>
      <dst id="6">4730.9067</dst>
      <dst id="16">3800.0178</dst>
      <dst id="14">5297.9111</dst>
      <dst id="20">1694.0089</dst>
      <dst id="11">2933.9822</dst>
      <dst id="9">582.8178</dst>
      <dst id="17">18242.8800</dst>
      <dst id="21">2845.1022</dst>
      <dst id="15">479.9644</dst>
    </src>
    <src id="6">
      <dst id="12">7933.5289</dst>
      <dst id="13">1.9289</dst>
      <dst id="19">1.6267</dst>
      <dst id="4">128.3200</dst>
      <dst id="1">10.4089</dst>
      <dst id="22">3.6444</dst>
      <dst id="7">0.4978</dst>
      <dst id="2">1659.8933</dst>
      <dst id="16">3.4133</dst>
      <dst id="20">12.2222</dst>
      <dst id="9">13.4133</dst>
      <dst id="17">1539.0578</dst>
    </src>
    <src id="16">
      <dst id="12">6677.3156</dst>
      <dst id="13">339.5111</dst>
      <dst id="19">4338.8000</dst>
      <dst id="23">1.5200</dst>
      <dst id="8">1247.8044</dst>
      <dst id="18">2.0622</dst>
      <dst id="4">7206.5956</dst>
      <dst id="1">19767.0933</dst>
      <dst id="5">10195.4400</dst>
      <dst id="3">4.9778</dst>
      <dst id="7">2523.7867</dst>
      <dst id="2">435.4489</dst>
      <dst id="6">94.7022</dst>
      <dst id="16">21.3956</dst>
      <dst id="14">206.0000</dst>
      <dst id="11">69.1644</dst>
      <dst id="9">6731.4400</dst>
      <dst id="17">2302.2311</dst>
      <dst id="21">95.5378</dst>
    </src>
    <src id="14">
      <dst id="12">13374.3911</dst>
      <dst id="13">13.2711</dst>
      <dst id="19">2.2400</dst>
      <dst id="4">1768.6844</dst>
      <dst id="1">52.0178</dst>
      <dst id="5">1.2800</dst>
      <dst id="3">231.4933</dst>
      <dst id="22">0.7822</dst>
      <dst id="7">54.9422</dst>
      <dst id="2">5771.6089</dst>
      <dst id="16">140.1333</dst>
      <dst id="11">34.4889</dst>
      <dst id="9">38.4622</dst>
      <dst id="17">4534.0711</dst>
      <dst id="21">52.3111</dst>
      <dst id="15">0.6933</dst>
    </src>
    <src id="20">
      <dst id="12">3599.0400</dst>
      <dst id="13">5812.7644</dst>
      <dst id="19">3.2444</dst>
      <dst id="8">897.9289</dst>
      <dst id="18">69.0400</dst>
      <dst id="4">11778.4444</dst>
      <dst id="1">112.6844</dst>
      <dst id="5">441.6622</dst>
      <dst id="3">153.9733</dst>
      <dst id="7">84.5067</dst>
      <dst id="2">3095.3689</dst>
      <dst id="6">1.4933</dst>
      <dst id="11">117.1200</dst>
      <dst id="9">2828.2222</dst>
      <dst id="17">1582.3378</dst>
      <dst id="21">59.4311</dst>
    </src>
    <src id="11">
      <dst id="12">361382.0622</dst>
      <dst id="13">1084.0800</dst>
      <dst id="19">115.4222</dst>
      <dst id="23">12.4800</dst>
      <dst id="8">631.5467</dst>
      <dst id="18">198.7378</dst>
      <dst id="4">11870.4622</dst>
      <dst id="1">607.6533</dst>
      <dst id="5">886.8356</dst>
      <dst id="3">444.0000</dst>
      <dst id="22">1846.1956</dst>
      <dst id="7">165.6089</dst>
      <dst id="2">138801.3422</dst>
      <dst id="16">551.1733</dst>
      <dst id="14">85.6000</dst>
      <dst id="20">264.0356</dst>
      <dst id="11">1937.9289</dst>
      <dst id="9">1327.1111</dst>
      <dst id="17">125726.0178</dst>
      <dst id="21">577.2356</dst>
      <dst id="15">163.7244</dst>
    </src>
    <src id="9">
      <dst id="12">410489.9289</dst>
      <dst id="13">986.0889</dst>
      <dst id="19">7.3956</dst>
      <dst id="23">10.5956</dst>
      <dst id="8">671.1378</dst>
      <dst id="18">191.3244</dst>
      <dst id="4">14864.1333</dst>
      <dst id="1">248.6756</dst>
      <dst id="5">1271.0222</dst>
      <dst id="3">65.4756</dst>
      <dst id="22">7501.9822</dst>
      <dst id="7">144.2133</dst>
      <dst id="2">127555.2089</dst>
      <dst id="6">0.4622</dst>
      <dst id="16">551.1556</dst>
      <dst id="14">3.6622</dst>
      <dst id="20">3572.9689</dst>
      <dst id="11">802.7733</dst>
      <dst id="9">452.2489</dst>
      <dst id="17">149445.7600</dst>
      <dst id="21">594.3733</dst>
      <dst id="15">339.0311</dst>
    </src>
    <src id="17">
      <dst id="12">7289.2267</dst>
      <dst id="13">502.4800</dst>
      <dst id="19">94.8622</dst>
      <dst id="23">3.6711</dst>
      <dst id="8">103290.4356</dst>
      <dst id="18">932.6844</dst>
      <dst id="4">30230.5867</dst>
      <dst id="1">3398.1244</dst>
      <dst id="5">169470.2756</dst>
      <dst id="3">10165.5911</dst>
      <dst id="22">3674.1956</dst>
      <dst id="7">709.2533</dst>
      <dst id="2">5235.4578</dst>
      <dst id="6">44.4889</dst>
      <dst id="16">1470.6489</dst>
      <dst id="14">31841.8222</dst>
      <dst id="20">312.3111</dst>
      <dst id="11">108855.0667</dst>
      <dst id="9">208539.1200</dst>
      <dst id="17">1686.1778</dst>
      <dst id="21">3727.3778</dst>
      <dst id="15">1728.2133</dst>
    </src>
    <src id="21">
      <dst id="12">16164.1244</dst>
      <dst id="13">510.8444</dst>
      <dst id="19">12.7467</dst>
      <dst id="23">1.9822</dst>
      <dst id="8">457.3867</dst>
      <dst id="18">851.4133</dst>
      <dst id="4">20165.3511</dst>
      <dst id="1">759.9022</dst>
      <dst id="5">755.6622</dst>
      <dst id="3">682.0267</dst>
      <dst id="22">1608.2844</dst>
      <dst id="7">3113.7511</dst>
      <dst id="2">6749.5556</dst>
      <dst id="6">1.5733</dst>
      <dst id="16">333.6622</dst>
      <dst id="14">82.9600</dst>
      <dst id="20">70.4089</dst>
      <dst id="11">674.1244</dst>
      <dst id="9">1363.1733</dst>
      <dst id="17">2037.1111</dst>
      <dst id="21">694.3644</dst>
      <dst id="15">62.5778</dst>
    </src>
    <src id="15">
      <dst id="12">1283.3867</dst>
      <dst id="13">57.7956</dst>
      <dst id="19">25.6356</dst>
      <dst id="23">1.9911</dst>
      <dst id="18">34.7289</dst>
      <dst id="4">3003.5200</dst>
      <dst id="1">490.9867</dst>
      <dst id="5">65.9378</dst>
      <dst id="3">25.5644</dst>
      <dst id="7">23.6178</dst>
      <dst id="2">142.9333</dst>
      <dst id="14">1.0756</dst>
      <dst id="11">365.1733</dst>
      <dst id="9">376.4533</dst>
      <dst id="17">346.5867</dst>
      <dst id="21">20.2756</dst>
    </src>
  </IntraTM>
</TrafficMatrixFile>
