<?xml version="1.0" encoding="UTF-8" standalone="yes"?>
<TrafficMatrixFile xmlns:xsi="http://www.w3.org/2001/XMLSchema-instance" xsi:noNamespaceSchemaLocation="http://totem.run.montefiore.ulg.ac.be/Schema/TrafficMatrix-v1_2.xsd">
  <info>
    <title>Intradomain traffic matrix generated by geant-TM-all.pl</title>
    <date>2005-01-05T16:30:00</date>
    <duration>900</duration>
    <author>Steve Uhlig</author>
    <units>
        <unit type="bandwidth" value="kbps"/>
    </units>
  </info>
  <IntraTM ASID="20965">
    <src id="12">
      <dst id="12">286075.7778</dst>
      <dst id="13">17865.7511</dst>
      <dst id="19">14897.2000</dst>
      <dst id="23">5579.5467</dst>
      <dst id="8">994.2578</dst>
      <dst id="18">2940.7556</dst>
      <dst id="4">77888.7378</dst>
      <dst id="1">15772.1956</dst>
      <dst id="5">3528.6756</dst>
      <dst id="3">10693.7867</dst>
      <dst id="22">9327.7956</dst>
      <dst id="7">9113.2089</dst>
      <dst id="2">64264.0267</dst>
      <dst id="6">110.3289</dst>
      <dst id="16">12509.3689</dst>
      <dst id="14">392.8800</dst>
      <dst id="20">9450.8978</dst>
      <dst id="11">3105.4756</dst>
      <dst id="9">8940.4178</dst>
      <dst id="17">85241.7956</dst>
      <dst id="21">4350.4889</dst>
      <dst id="15">580.7378</dst>
    </src>
    <src id="13">
      <dst id="12">51181.1644</dst>
      <dst id="19">10954.0800</dst>
      <dst id="23">29.2000</dst>
      <dst id="8">3972.0267</dst>
      <dst id="18">2005.1644</dst>
      <dst id="1">6037.1111</dst>
      <dst id="5">13213.5111</dst>
      <dst id="3">15007.5200</dst>
      <dst id="22">22226.9156</dst>
      <dst id="7">25353.3778</dst>
      <dst id="2">50309.4222</dst>
      <dst id="6">2268.2400</dst>
      <dst id="16">6337.3689</dst>
      <dst id="14">3189.8489</dst>
      <dst id="20">22069.7422</dst>
      <dst id="11">20876.9689</dst>
      <dst id="9">14604.7200</dst>
      <dst id="17">45877.3422</dst>
      <dst id="21">15072.9689</dst>
      <dst id="15">7771.3867</dst>
    </src>
    <src id="19">
      <dst id="12">14176.3911</dst>
      <dst id="13">614.5333</dst>
      <dst id="23">6.6311</dst>
      <dst id="8">47.3600</dst>
      <dst id="18">6.7111</dst>
      <dst id="4">18533.8133</dst>
      <dst id="1">4280.9867</dst>
      <dst id="5">364.5067</dst>
      <dst id="3">5376.1689</dst>
      <dst id="22">1086.7289</dst>
      <dst id="7">5630.9244</dst>
      <dst id="2">1311.2978</dst>
      <dst id="6">1026.2222</dst>
      <dst id="16">7256.3467</dst>
      <dst id="14">22.5244</dst>
      <dst id="20">58.4978</dst>
      <dst id="11">155.2978</dst>
      <dst id="9">16826.5333</dst>
      <dst id="17">5051.9467</dst>
      <dst id="21">401.2622</dst>
      <dst id="15">3.3867</dst>
    </src>
    <src id="23">
      <dst id="12">1161.1556</dst>
      <dst id="13">169.3511</dst>
      <dst id="18">0.3556</dst>
      <dst id="4">101.2533</dst>
      <dst id="1">61.7156</dst>
      <dst id="5">93.3333</dst>
      <dst id="3">981.5822</dst>
      <dst id="22">131.3511</dst>
      <dst id="7">901.1644</dst>
      <dst id="2">295.8311</dst>
      <dst id="6">304.3644</dst>
      <dst id="16">205.8044</dst>
      <dst id="14">0.8444</dst>
      <dst id="20">51.9111</dst>
      <dst id="11">314.8889</dst>
      <dst id="9">1283.6622</dst>
      <dst id="17">279.2978</dst>
      <dst id="21">253.7333</dst>
      <dst id="15">0.6756</dst>
    </src>
    <src id="8">
      <dst id="12">266998.2844</dst>
      <dst id="13">1298.7733</dst>
      <dst id="19">138.4000</dst>
      <dst id="18">180.8267</dst>
      <dst id="4">7929.8578</dst>
      <dst id="1">607.7956</dst>
      <dst id="5">2077.2889</dst>
      <dst id="22">886.7022</dst>
      <dst id="7">1688.2578</dst>
      <dst id="2">100343.2622</dst>
      <dst id="6">5.0133</dst>
      <dst id="16">361.6978</dst>
      <dst id="20">231.7778</dst>
      <dst id="11">2588.8356</dst>
      <dst id="9">897.5378</dst>
      <dst id="17">93856.9422</dst>
      <dst id="21">198.5689</dst>
      <dst id="15">805.6356</dst>
    </src>
    <src id="18">
      <dst id="12">99339.5111</dst>
      <dst id="13">143.1378</dst>
      <dst id="19">94.3644</dst>
      <dst id="23">0.6933</dst>
      <dst id="8">19.4489</dst>
      <dst id="4">754.9067</dst>
      <dst id="1">1014.0711</dst>
      <dst id="5">207.3067</dst>
      <dst id="3">48.5422</dst>
      <dst id="22">89.5467</dst>
      <dst id="7">45.3067</dst>
      <dst id="2">29124.1511</dst>
      <dst id="16">122.6489</dst>
      <dst id="14">27.2178</dst>
      <dst id="20">64.6311</dst>
      <dst id="11">2676.6044</dst>
      <dst id="9">27.6711</dst>
      <dst id="17">32028.2933</dst>
      <dst id="21">84.9422</dst>
      <dst id="15">19.3867</dst>
    </src>
    <src id="4">
      <dst id="12">17120.0089</dst>
      <dst id="19">16262.1333</dst>
      <dst id="8">881.8222</dst>
      <dst id="18">569.9911</dst>
      <dst id="4">5.5111</dst>
      <dst id="1">37866.1600</dst>
      <dst id="5">2658.7467</dst>
      <dst id="3">213.6978</dst>
      <dst id="22">6323.5733</dst>
      <dst id="7">39806.2400</dst>
      <dst id="2">45594.7200</dst>
      <dst id="6">174.1244</dst>
      <dst id="16">3005.2889</dst>
      <dst id="14">2000.0000</dst>
      <dst id="20">1709.2267</dst>
      <dst id="11">6119.6178</dst>
      <dst id="9">5065.0400</dst>
      <dst id="17">27013.2889</dst>
      <dst id="21">7874.4089</dst>
      <dst id="15">3288.0889</dst>
    </src>
    <src id="1">
      <dst id="12">23255.8222</dst>
      <dst id="13">6755.5733</dst>
      <dst id="19">507.1911</dst>
      <dst id="23">119.3156</dst>
      <dst id="8">129799.0578</dst>
      <dst id="18">12781.7689</dst>
      <dst id="4">14456.7822</dst>
      <dst id="1">95107.9022</dst>
      <dst id="5">213398.0533</dst>
      <dst id="3">1827.5111</dst>
      <dst id="22">1098.0711</dst>
      <dst id="7">28787.4933</dst>
      <dst id="2">8737.4489</dst>
      <dst id="6">24940.3644</dst>
      <dst id="16">14973.3244</dst>
      <dst id="14">67.9200</dst>
      <dst id="20">5827.5467</dst>
      <dst id="11">1189.6622</dst>
      <dst id="9">309813.6178</dst>
      <dst id="17">8571.4222</dst>
      <dst id="21">57260.6222</dst>
      <dst id="15">240.1600</dst>
    </src>
    <src id="5">
      <dst id="12">288985.1733</dst>
      <dst id="13">582.6667</dst>
      <dst id="19">2931.1111</dst>
      <dst id="23">1.1733</dst>
      <dst id="8">1841.8489</dst>
      <dst id="18">436.0444</dst>
      <dst id="4">6230.2578</dst>
      <dst id="1">2105.5111</dst>
      <dst id="3">1.8578</dst>
      <dst id="22">5752.8533</dst>
      <dst id="7">334.0978</dst>
      <dst id="2">107295.4044</dst>
      <dst id="6">35.6267</dst>
      <dst id="16">688.9333</dst>
      <dst id="14">95.3956</dst>
      <dst id="20">2979.1289</dst>
      <dst id="11">1676.9333</dst>
      <dst id="9">665.2889</dst>
      <dst id="17">99573.4222</dst>
      <dst id="21">133.6978</dst>
      <dst id="15">397.2356</dst>
    </src>
    <src id="3">
      <dst id="12">18148.5422</dst>
      <dst id="13">5606.4622</dst>
      <dst id="19">1322.6133</dst>
      <dst id="23">8028.6756</dst>
      <dst id="8">190.6578</dst>
      <dst id="18">46369.1822</dst>
      <dst id="4">52172.2756</dst>
      <dst id="1">35795.3956</dst>
      <dst id="5">303.3244</dst>
      <dst id="3">8660.4533</dst>
      <dst id="22">1353.8489</dst>
      <dst id="7">8896.3644</dst>
      <dst id="2">12478.6222</dst>
      <dst id="6">0.8178</dst>
      <dst id="16">5571.2000</dst>
      <dst id="14">47845.2533</dst>
      <dst id="20">3741.9556</dst>
      <dst id="11">250481.1289</dst>
      <dst id="9">309.4400</dst>
      <dst id="17">27306.3378</dst>
      <dst id="21">22909.2622</dst>
      <dst id="15">1897.7156</dst>
    </src>
    <src id="10">
      <dst id="12">17673.6533</dst>
      <dst id="19">1440.1511</dst>
      <dst id="8">1787.3867</dst>
      <dst id="18">183.7333</dst>
      <dst id="1">1917.2356</dst>
      <dst id="5">1680.4622</dst>
      <dst id="3">5897.3244</dst>
      <dst id="22">5592.5956</dst>
      <dst id="7">65282.7378</dst>
      <dst id="2">14046.4089</dst>
      <dst id="6">116.6044</dst>
      <dst id="16">6906.4000</dst>
      <dst id="14">2388.6489</dst>
      <dst id="20">4075.5200</dst>
      <dst id="11">9598.1867</dst>
      <dst id="9">2527.3956</dst>
      <dst id="17">23395.8667</dst>
      <dst id="21">18094.2933</dst>
      <dst id="15">1347.7067</dst>
    </src>
    <src id="22">
      <dst id="12">13542.0622</dst>
      <dst id="13">1507.6889</dst>
      <dst id="19">835.2089</dst>
      <dst id="23">10.3200</dst>
      <dst id="8">1137.2978</dst>
      <dst id="18">368.2933</dst>
      <dst id="4">20024.3911</dst>
      <dst id="1">1578.8622</dst>
      <dst id="5">5424.6667</dst>
      <dst id="3">3769.3867</dst>
      <dst id="7">2801.3333</dst>
      <dst id="2">3582.1511</dst>
      <dst id="6">83.5022</dst>
      <dst id="16">0.6578</dst>
      <dst id="14">52.5156</dst>
      <dst id="11">3890.5689</dst>
      <dst id="9">1514.7644</dst>
      <dst id="17">2633.1822</dst>
      <dst id="21">1145.7511</dst>
    </src>
    <src id="7">
      <dst id="12">3352.4089</dst>
      <dst id="13">427.5644</dst>
      <dst id="19">1798.1333</dst>
      <dst id="23">28.5511</dst>
      <dst id="8">46.9689</dst>
      <dst id="18">76.1511</dst>
      <dst id="4">103326.5689</dst>
      <dst id="1">4606.9422</dst>
      <dst id="5">819.4044</dst>
      <dst id="3">15469.4133</dst>
      <dst id="22">5130.0444</dst>
      <dst id="7">890.5600</dst>
      <dst id="2">3562.1600</dst>
      <dst id="6">76.8533</dst>
      <dst id="16">593.2267</dst>
      <dst id="14">280.7111</dst>
      <dst id="20">2168.0356</dst>
      <dst id="11">2460.8889</dst>
      <dst id="9">4016.7289</dst>
      <dst id="17">10631.7333</dst>
      <dst id="21">1640.3644</dst>
      <dst id="15">724.7111</dst>
    </src>
    <src id="2">
      <dst id="12">123810.2756</dst>
      <dst id="13">519021.1111</dst>
      <dst id="19">2174.4889</dst>
      <dst id="23">8.7822</dst>
      <dst id="8">143.9556</dst>
      <dst id="18">52141.6267</dst>
      <dst id="4">83619.9733</dst>
      <dst id="1">10089.2622</dst>
      <dst id="5">947.3600</dst>
      <dst id="3">445.2089</dst>
      <dst id="22">9981.7778</dst>
      <dst id="7">13318.1333</dst>
      <dst id="2">1347.1467</dst>
      <dst id="6">12737.1911</dst>
      <dst id="16">5238.7733</dst>
      <dst id="14">5664.3822</dst>
      <dst id="20">9309.8311</dst>
      <dst id="11">6058.9156</dst>
      <dst id="9">1348.2844</dst>
      <dst id="17">30443.8489</dst>
      <dst id="21">2024.0889</dst>
      <dst id="15">223.2889</dst>
    </src>
    <src id="6">
      <dst id="12">10074.3111</dst>
      <dst id="13">64.8711</dst>
      <dst id="19">151.9911</dst>
      <dst id="23">3.7689</dst>
      <dst id="8">4.1778</dst>
      <dst id="4">1502.8267</dst>
      <dst id="1">13.0756</dst>
      <dst id="5">0.7111</dst>
      <dst id="3">0.9778</dst>
      <dst id="22">38.6311</dst>
      <dst id="7">163.0400</dst>
      <dst id="2">2253.7689</dst>
      <dst id="16">174.3111</dst>
      <dst id="20">7.0756</dst>
      <dst id="11">19.8756</dst>
      <dst id="9">53.0933</dst>
      <dst id="17">2147.8400</dst>
      <dst id="21">12.2578</dst>
    </src>
    <src id="16">
      <dst id="12">2548.9956</dst>
      <dst id="13">483.7511</dst>
      <dst id="19">4458.9600</dst>
      <dst id="23">22.5067</dst>
      <dst id="8">6302.0711</dst>
      <dst id="18">31.7511</dst>
      <dst id="4">4938.9867</dst>
      <dst id="1">28150.8444</dst>
      <dst id="5">5280.8800</dst>
      <dst id="3">504.4711</dst>
      <dst id="7">763.7956</dst>
      <dst id="2">478.9156</dst>
      <dst id="6">45.3600</dst>
      <dst id="16">23.1200</dst>
      <dst id="14">457.7156</dst>
      <dst id="11">1262.3289</dst>
      <dst id="9">10218.5422</dst>
      <dst id="17">7346.4178</dst>
      <dst id="21">4100.3467</dst>
    </src>
    <src id="14">
      <dst id="12">22243.5111</dst>
      <dst id="13">15.7156</dst>
      <dst id="19">49.4933</dst>
      <dst id="8">0.5333</dst>
      <dst id="18">11.1022</dst>
      <dst id="4">3975.9111</dst>
      <dst id="1">154.4000</dst>
      <dst id="5">28.6844</dst>
      <dst id="3">123.6000</dst>
      <dst id="22">76.1867</dst>
      <dst id="7">93.8844</dst>
      <dst id="2">6614.2133</dst>
      <dst id="16">20.4089</dst>
      <dst id="11">177.8400</dst>
      <dst id="9">26.7911</dst>
      <dst id="17">8266.6044</dst>
      <dst id="21">44.3111</dst>
      <dst id="15">0.2667</dst>
    </src>
    <src id="20">
      <dst id="12">8778.8000</dst>
      <dst id="13">5502.9511</dst>
      <dst id="19">37.9911</dst>
      <dst id="23">3.1022</dst>
      <dst id="8">274.7644</dst>
      <dst id="18">4.5422</dst>
      <dst id="4">6575.4133</dst>
      <dst id="1">193.9022</dst>
      <dst id="5">5590.5600</dst>
      <dst id="3">2261.7867</dst>
      <dst id="7">1961.4400</dst>
      <dst id="2">3536.9511</dst>
      <dst id="6">0.3556</dst>
      <dst id="14">0.4978</dst>
      <dst id="11">2140.1333</dst>
      <dst id="9">1368.7556</dst>
      <dst id="17">1309.9022</dst>
      <dst id="21">1366.8622</dst>
    </src>
    <src id="11">
      <dst id="12">381560.0267</dst>
      <dst id="13">3518.9600</dst>
      <dst id="19">29.0756</dst>
      <dst id="23">61.4222</dst>
      <dst id="8">796.6667</dst>
      <dst id="18">275.4311</dst>
      <dst id="4">13468.8533</dst>
      <dst id="1">692.7733</dst>
      <dst id="5">890.0356</dst>
      <dst id="3">5659.9733</dst>
      <dst id="22">4337.6800</dst>
      <dst id="7">623.7422</dst>
      <dst id="2">132835.3422</dst>
      <dst id="6">312.5067</dst>
      <dst id="16">746.7467</dst>
      <dst id="14">83.6356</dst>
      <dst id="20">300.3467</dst>
      <dst id="11">1760.3733</dst>
      <dst id="9">1541.4311</dst>
      <dst id="17">144299.5911</dst>
      <dst id="21">572.6222</dst>
      <dst id="15">305.6444</dst>
    </src>
    <src id="9">
      <dst id="12">413581.7689</dst>
      <dst id="13">1242.6489</dst>
      <dst id="19">322.8089</dst>
      <dst id="23">40.8889</dst>
      <dst id="8">2373.9467</dst>
      <dst id="18">107.6267</dst>
      <dst id="4">17285.1467</dst>
      <dst id="1">1108.5689</dst>
      <dst id="5">19110.3644</dst>
      <dst id="3">78.1511</dst>
      <dst id="22">6148.0444</dst>
      <dst id="7">864.5956</dst>
      <dst id="2">142309.8844</dst>
      <dst id="6">17.3600</dst>
      <dst id="16">829.9200</dst>
      <dst id="14">825.3511</dst>
      <dst id="20">3933.3956</dst>
      <dst id="11">7275.7511</dst>
      <dst id="9">15465.0311</dst>
      <dst id="17">157875.6711</dst>
      <dst id="21">382.2489</dst>
      <dst id="15">5939.5822</dst>
    </src>
    <src id="17">
      <dst id="12">22487.8578</dst>
      <dst id="13">4858.2222</dst>
      <dst id="19">902.8978</dst>
      <dst id="23">337.4756</dst>
      <dst id="8">127643.5111</dst>
      <dst id="18">105.6533</dst>
      <dst id="4">75674.6400</dst>
      <dst id="1">6483.6711</dst>
      <dst id="5">205995.5467</dst>
      <dst id="3">11443.0578</dst>
      <dst id="22">7693.4844</dst>
      <dst id="7">23944.4000</dst>
      <dst id="2">9376.3911</dst>
      <dst id="6">660.8800</dst>
      <dst id="16">5560.8800</dst>
      <dst id="14">29041.2622</dst>
      <dst id="20">1283.7067</dst>
      <dst id="11">173512.1067</dst>
      <dst id="9">244519.0844</dst>
      <dst id="17">1014.7467</dst>
      <dst id="21">6584.0889</dst>
      <dst id="15">3017.7333</dst>
    </src>
    <src id="21">
      <dst id="12">15953.7067</dst>
      <dst id="13">1938.4178</dst>
      <dst id="19">397.5111</dst>
      <dst id="23">10.7111</dst>
      <dst id="8">321.6711</dst>
      <dst id="18">402.9600</dst>
      <dst id="4">19182.7822</dst>
      <dst id="1">56696.8444</dst>
      <dst id="5">263.2178</dst>
      <dst id="3">8405.3511</dst>
      <dst id="22">3188.9600</dst>
      <dst id="7">5400.9511</dst>
      <dst id="2">13566.8267</dst>
      <dst id="6">16.0978</dst>
      <dst id="16">318.3644</dst>
      <dst id="14">186.6933</dst>
      <dst id="20">329.8133</dst>
      <dst id="11">579.6533</dst>
      <dst id="9">814.4978</dst>
      <dst id="17">9042.2667</dst>
      <dst id="21">673.3778</dst>
      <dst id="15">1261.1022</dst>
    </src>
    <src id="15">
      <dst id="12">473.6622</dst>
      <dst id="13">1752.6400</dst>
      <dst id="19">59.3244</dst>
      <dst id="23">0.8533</dst>
      <dst id="8">39.5733</dst>
      <dst id="18">15.7156</dst>
      <dst id="4">1891.6356</dst>
      <dst id="1">1129.0311</dst>
      <dst id="5">394.3200</dst>
      <dst id="3">13.6889</dst>
      <dst id="7">553.8311</dst>
      <dst id="2">68.2756</dst>
      <dst id="6">0.4267</dst>
      <dst id="14">0.8889</dst>
      <dst id="11">533.9022</dst>
      <dst id="9">428.7200</dst>
      <dst id="17">2518.3733</dst>
      <dst id="21">154.7911</dst>
    </src>
  </IntraTM>
</TrafficMatrixFile>
