<?xml version="1.0" encoding="UTF-8" standalone="yes"?>
<TrafficMatrixFile xmlns:xsi="http://www.w3.org/2001/XMLSchema-instance" xsi:noNamespaceSchemaLocation="http://totem.run.montefiore.ulg.ac.be/Schema/TrafficMatrix-v1_2.xsd">
  <info>
    <title>Intradomain traffic matrix generated by geant-TM-all.pl</title>
    <date>2005-01-04T17:30:00</date>
    <duration>900</duration>
    <author>Steve Uhlig</author>
    <units>
        <unit type="bandwidth" value="kbps"/>
    </units>
  </info>
  <IntraTM ASID="20965">
    <src id="12">
      <dst id="12">201459.1822</dst>
      <dst id="13">16403.4222</dst>
      <dst id="19">3326.7467</dst>
      <dst id="23">64.6222</dst>
      <dst id="8">6319.3156</dst>
      <dst id="18">639.5467</dst>
      <dst id="4">67075.3511</dst>
      <dst id="1">6568.7467</dst>
      <dst id="5">1896.1867</dst>
      <dst id="3">2859.4489</dst>
      <dst id="22">13075.8756</dst>
      <dst id="7">13259.7333</dst>
      <dst id="2">56643.1733</dst>
      <dst id="6">10.0978</dst>
      <dst id="16">4761.6800</dst>
      <dst id="14">269.4133</dst>
      <dst id="20">6816.6844</dst>
      <dst id="11">2533.1911</dst>
      <dst id="9">2303.3333</dst>
      <dst id="17">74760.1156</dst>
      <dst id="21">2412.2933</dst>
      <dst id="15">3865.0311</dst>
    </src>
    <src id="13">
      <dst id="12">27746.2844</dst>
      <dst id="19">4457.2444</dst>
      <dst id="23">9.9467</dst>
      <dst id="8">2729.8133</dst>
      <dst id="18">9256.7733</dst>
      <dst id="1">2105.3956</dst>
      <dst id="5">3750.7733</dst>
      <dst id="3">6698.6311</dst>
      <dst id="22">15346.1422</dst>
      <dst id="7">7577.1556</dst>
      <dst id="2">58476.4178</dst>
      <dst id="6">117.9644</dst>
      <dst id="16">6504.0178</dst>
      <dst id="14">9219.9289</dst>
      <dst id="20">23110.3911</dst>
      <dst id="11">5021.8044</dst>
      <dst id="9">6553.7422</dst>
      <dst id="17">32091.4578</dst>
      <dst id="21">6627.5556</dst>
      <dst id="15">1304.1244</dst>
    </src>
    <src id="19">
      <dst id="12">13102.0000</dst>
      <dst id="13">115.2356</dst>
      <dst id="23">6.6844</dst>
      <dst id="18">1.7511</dst>
      <dst id="4">17803.7689</dst>
      <dst id="1">5410.9333</dst>
      <dst id="5">14.5067</dst>
      <dst id="3">19.8667</dst>
      <dst id="22">203.2000</dst>
      <dst id="7">2870.4089</dst>
      <dst id="2">33.9111</dst>
      <dst id="6">11.7956</dst>
      <dst id="16">10012.1778</dst>
      <dst id="14">26.2489</dst>
      <dst id="20">25.6978</dst>
      <dst id="11">58.0622</dst>
      <dst id="9">66.6667</dst>
      <dst id="17">3361.0667</dst>
      <dst id="21">146.2756</dst>
      <dst id="15">0.7111</dst>
    </src>
    <src id="23">
      <dst id="12">347.0578</dst>
      <dst id="13">45.4222</dst>
      <dst id="19">76.4444</dst>
      <dst id="4">112.3556</dst>
      <dst id="1">52.6133</dst>
      <dst id="5">132.6222</dst>
      <dst id="3">202.7556</dst>
      <dst id="22">737.8400</dst>
      <dst id="7">15.4489</dst>
      <dst id="2">4.3911</dst>
      <dst id="16">48.8889</dst>
      <dst id="14">28.5689</dst>
      <dst id="20">40.0000</dst>
      <dst id="11">98.3378</dst>
      <dst id="9">940.8356</dst>
      <dst id="17">28.1067</dst>
      <dst id="21">541.8667</dst>
      <dst id="15">66.6667</dst>
    </src>
    <src id="8">
      <dst id="12">237826.3733</dst>
      <dst id="13">1016.4978</dst>
      <dst id="19">0.4711</dst>
      <dst id="23">0.4178</dst>
      <dst id="18">21.5822</dst>
      <dst id="4">4159.9911</dst>
      <dst id="1">210.3556</dst>
      <dst id="5">254.1422</dst>
      <dst id="3">12.6222</dst>
      <dst id="22">661.1378</dst>
      <dst id="7">88.3289</dst>
      <dst id="2">85190.0711</dst>
      <dst id="16">262.5333</dst>
      <dst id="14">0.4178</dst>
      <dst id="20">75.5467</dst>
      <dst id="11">164.4800</dst>
      <dst id="9">237.2089</dst>
      <dst id="17">90603.4044</dst>
      <dst id="21">43.2444</dst>
      <dst id="15">46.3111</dst>
    </src>
    <src id="18">
      <dst id="12">86616.6756</dst>
      <dst id="13">81.2533</dst>
      <dst id="19">1.6889</dst>
      <dst id="23">0.9956</dst>
      <dst id="8">1.2800</dst>
      <dst id="4">1784.2311</dst>
      <dst id="1">1469.4933</dst>
      <dst id="5">58.6578</dst>
      <dst id="3">63.7156</dst>
      <dst id="22">472.8000</dst>
      <dst id="7">16.1067</dst>
      <dst id="2">30616.4000</dst>
      <dst id="16">12.1156</dst>
      <dst id="14">1.7067</dst>
      <dst id="20">46.8889</dst>
      <dst id="11">88.1689</dst>
      <dst id="9">56.8267</dst>
      <dst id="17">27287.4667</dst>
      <dst id="21">84.3911</dst>
      <dst id="15">1.9200</dst>
    </src>
    <src id="4">
      <dst id="12">6614.8089</dst>
      <dst id="19">15802.3911</dst>
      <dst id="8">1208.0800</dst>
      <dst id="18">1935.2711</dst>
      <dst id="4">1.0044</dst>
      <dst id="1">138681.6978</dst>
      <dst id="5">1539.0222</dst>
      <dst id="3">60.9956</dst>
      <dst id="22">3569.4667</dst>
      <dst id="7">31382.2222</dst>
      <dst id="2">114080.3911</dst>
      <dst id="6">1.6800</dst>
      <dst id="16">842.0444</dst>
      <dst id="14">1763.0756</dst>
      <dst id="20">625.3422</dst>
      <dst id="11">3105.9733</dst>
      <dst id="9">2207.1378</dst>
      <dst id="17">25181.9467</dst>
      <dst id="21">5691.9911</dst>
      <dst id="15">392.1333</dst>
    </src>
    <src id="1">
      <dst id="12">19433.2622</dst>
      <dst id="13">867.7867</dst>
      <dst id="19">165.1911</dst>
      <dst id="23">57.1289</dst>
      <dst id="8">65389.0578</dst>
      <dst id="18">12330.6578</dst>
      <dst id="4">7885.8933</dst>
      <dst id="1">5304.5333</dst>
      <dst id="5">143723.5733</dst>
      <dst id="3">50.4267</dst>
      <dst id="22">1077.2978</dst>
      <dst id="7">1811.4133</dst>
      <dst id="2">2905.3244</dst>
      <dst id="6">10364.6578</dst>
      <dst id="16">15321.3422</dst>
      <dst id="14">67.9022</dst>
      <dst id="20">70.1511</dst>
      <dst id="11">211.1822</dst>
      <dst id="9">148523.7600</dst>
      <dst id="17">4991.9822</dst>
      <dst id="21">1751.5200</dst>
      <dst id="15">107.0400</dst>
    </src>
    <src id="5">
      <dst id="12">233338.0711</dst>
      <dst id="13">248.5067</dst>
      <dst id="19">0.9244</dst>
      <dst id="23">1.0667</dst>
      <dst id="8">390.7200</dst>
      <dst id="18">1204.1511</dst>
      <dst id="4">3692.1422</dst>
      <dst id="1">333.1022</dst>
      <dst id="3">0.8889</dst>
      <dst id="22">1555.9911</dst>
      <dst id="7">63.7067</dst>
      <dst id="2">86786.5867</dst>
      <dst id="6">0.4178</dst>
      <dst id="16">280.0267</dst>
      <dst id="20">191.7689</dst>
      <dst id="11">415.3867</dst>
      <dst id="9">280.8978</dst>
      <dst id="17">84884.0711</dst>
      <dst id="21">306.7378</dst>
      <dst id="15">240.7556</dst>
    </src>
    <src id="3">
      <dst id="12">4975.4133</dst>
      <dst id="13">150.3200</dst>
      <dst id="19">723.7156</dst>
      <dst id="23">8851.9644</dst>
      <dst id="8">39.3778</dst>
      <dst id="18">39231.2178</dst>
      <dst id="4">39242.3644</dst>
      <dst id="1">4098.4533</dst>
      <dst id="5">162.8178</dst>
      <dst id="3">10723.8756</dst>
      <dst id="22">610.9778</dst>
      <dst id="7">1874.6756</dst>
      <dst id="2">5179.3067</dst>
      <dst id="6">0.6933</dst>
      <dst id="16">980.9244</dst>
      <dst id="14">62480.8000</dst>
      <dst id="20">7.4044</dst>
      <dst id="11">100308.3911</dst>
      <dst id="9">208.4711</dst>
      <dst id="17">2146.2756</dst>
      <dst id="21">13097.1111</dst>
      <dst id="15">31.1822</dst>
    </src>
    <src id="10">
      <dst id="12">15610.8444</dst>
      <dst id="19">9369.1644</dst>
      <dst id="8">261.8756</dst>
      <dst id="18">244.4533</dst>
      <dst id="1">1847.4222</dst>
      <dst id="5">513.2533</dst>
      <dst id="3">692.4889</dst>
      <dst id="22">6330.8178</dst>
      <dst id="7">98071.2444</dst>
      <dst id="2">14424.8356</dst>
      <dst id="6">1.2356</dst>
      <dst id="16">75.7511</dst>
      <dst id="14">5569.2533</dst>
      <dst id="20">4423.2533</dst>
      <dst id="11">2707.6800</dst>
      <dst id="9">3269.3067</dst>
      <dst id="17">11525.7067</dst>
      <dst id="21">11078.2578</dst>
      <dst id="15">261.0578</dst>
    </src>
    <src id="22">
      <dst id="12">20649.1289</dst>
      <dst id="13">921.9111</dst>
      <dst id="19">6.7911</dst>
      <dst id="23">17.8400</dst>
      <dst id="8">3299.9911</dst>
      <dst id="18">212.9511</dst>
      <dst id="4">20404.6844</dst>
      <dst id="1">134.8267</dst>
      <dst id="5">2002.2756</dst>
      <dst id="3">224.0178</dst>
      <dst id="7">663.1911</dst>
      <dst id="2">3333.0756</dst>
      <dst id="6">67.4844</dst>
      <dst id="16">0.9600</dst>
      <dst id="14">65.9022</dst>
      <dst id="11">2122.3289</dst>
      <dst id="9">1164.4444</dst>
      <dst id="17">2304.4533</dst>
      <dst id="21">749.2533</dst>
    </src>
    <src id="7">
      <dst id="12">2616.7467</dst>
      <dst id="13">1543.9289</dst>
      <dst id="19">49.9911</dst>
      <dst id="23">20.2489</dst>
      <dst id="8">245.3244</dst>
      <dst id="18">145.9556</dst>
      <dst id="4">23191.6178</dst>
      <dst id="1">3112.2311</dst>
      <dst id="5">538.4800</dst>
      <dst id="3">365.6000</dst>
      <dst id="22">3337.1644</dst>
      <dst id="7">714.8356</dst>
      <dst id="2">6772.8800</dst>
      <dst id="6">63.9289</dst>
      <dst id="16">1382.6044</dst>
      <dst id="14">384.5956</dst>
      <dst id="20">131.0844</dst>
      <dst id="11">242.1956</dst>
      <dst id="9">1080.3200</dst>
      <dst id="17">3344.4178</dst>
      <dst id="21">3530.1956</dst>
      <dst id="15">686.1422</dst>
    </src>
    <src id="2">
      <dst id="12">90768.8444</dst>
      <dst id="13">512477.6800</dst>
      <dst id="19">91.0222</dst>
      <dst id="8">86.6578</dst>
      <dst id="18">32249.2711</dst>
      <dst id="4">70366.4444</dst>
      <dst id="1">2117.2178</dst>
      <dst id="5">1071.4311</dst>
      <dst id="3">64.9156</dst>
      <dst id="22">1287.3422</dst>
      <dst id="7">1450.4711</dst>
      <dst id="2">543.9200</dst>
      <dst id="6">6561.7244</dst>
      <dst id="16">4749.1378</dst>
      <dst id="14">6518.7911</dst>
      <dst id="20">613.8844</dst>
      <dst id="11">1262.0356</dst>
      <dst id="9">1649.0756</dst>
      <dst id="17">21032.7289</dst>
      <dst id="21">1080.8356</dst>
      <dst id="15">764.6222</dst>
    </src>
    <src id="6">
      <dst id="12">8666.8356</dst>
      <dst id="13">3.4844</dst>
      <dst id="19">0.3556</dst>
      <dst id="18">0.7111</dst>
      <dst id="4">1469.4400</dst>
      <dst id="1">2.6311</dst>
      <dst id="5">0.4089</dst>
      <dst id="22">2.9689</dst>
      <dst id="7">3.6178</dst>
      <dst id="2">2182.3644</dst>
      <dst id="16">13.4044</dst>
      <dst id="14">34.9333</dst>
      <dst id="11">24.7022</dst>
      <dst id="9">2.2933</dst>
      <dst id="17">1429.6800</dst>
      <dst id="21">49.2444</dst>
    </src>
    <src id="16">
      <dst id="12">2098.4889</dst>
      <dst id="13">78.6044</dst>
      <dst id="19">4763.3244</dst>
      <dst id="23">19.2711</dst>
      <dst id="8">2244.2756</dst>
      <dst id="18">4.3733</dst>
      <dst id="4">4652.0889</dst>
      <dst id="1">22241.2978</dst>
      <dst id="5">2590.2756</dst>
      <dst id="3">2.6844</dst>
      <dst id="7">388.4444</dst>
      <dst id="2">248.6044</dst>
      <dst id="6">18.2756</dst>
      <dst id="16">34.0622</dst>
      <dst id="14">544.9333</dst>
      <dst id="11">143.4667</dst>
      <dst id="9">5792.9778</dst>
      <dst id="17">1624.2667</dst>
      <dst id="21">1734.0533</dst>
    </src>
    <src id="14">
      <dst id="12">24994.3200</dst>
      <dst id="13">22.0533</dst>
      <dst id="19">0.7467</dst>
      <dst id="23">2.6667</dst>
      <dst id="18">2.2756</dst>
      <dst id="4">2000.9156</dst>
      <dst id="1">520.0178</dst>
      <dst id="3">125.5733</dst>
      <dst id="22">5.6000</dst>
      <dst id="7">266.8444</dst>
      <dst id="2">4933.6622</dst>
      <dst id="16">9.5200</dst>
      <dst id="20">2.4267</dst>
      <dst id="11">48.5422</dst>
      <dst id="9">42.9867</dst>
      <dst id="17">8806.0978</dst>
      <dst id="21">83.5289</dst>
    </src>
    <src id="20">
      <dst id="12">9093.8133</dst>
      <dst id="13">476.4356</dst>
      <dst id="19">10.8356</dst>
      <dst id="23">1.0578</dst>
      <dst id="8">57.4933</dst>
      <dst id="18">4.8178</dst>
      <dst id="4">9082.8356</dst>
      <dst id="1">58.2933</dst>
      <dst id="5">3786.4267</dst>
      <dst id="3">37.8311</dst>
      <dst id="7">21.1289</dst>
      <dst id="2">6456.4889</dst>
      <dst id="14">2.5778</dst>
      <dst id="11">130.3200</dst>
      <dst id="9">618.3111</dst>
      <dst id="17">119.2622</dst>
      <dst id="21">41.2444</dst>
    </src>
    <src id="11">
      <dst id="12">350341.0311</dst>
      <dst id="13">1900.5511</dst>
      <dst id="19">33.9644</dst>
      <dst id="23">4.3733</dst>
      <dst id="8">164.2222</dst>
      <dst id="18">36.9511</dst>
      <dst id="4">9811.6000</dst>
      <dst id="1">696.6133</dst>
      <dst id="5">1311.3778</dst>
      <dst id="3">305.7244</dst>
      <dst id="22">541.4400</dst>
      <dst id="7">305.9111</dst>
      <dst id="2">125067.6356</dst>
      <dst id="6">33.3956</dst>
      <dst id="16">60.2844</dst>
      <dst id="14">154.0089</dst>
      <dst id="20">97.6711</dst>
      <dst id="11">3102.1956</dst>
      <dst id="9">888.4356</dst>
      <dst id="17">121115.4578</dst>
      <dst id="21">254.8800</dst>
      <dst id="15">89.4756</dst>
    </src>
    <src id="9">
      <dst id="12">350128.1778</dst>
      <dst id="13">921.7244</dst>
      <dst id="19">3.5467</dst>
      <dst id="23">34.0000</dst>
      <dst id="8">3123.0578</dst>
      <dst id="18">2459.3244</dst>
      <dst id="4">9806.8978</dst>
      <dst id="1">860.4711</dst>
      <dst id="5">736.4800</dst>
      <dst id="3">0.3556</dst>
      <dst id="22">3135.4578</dst>
      <dst id="7">93.6000</dst>
      <dst id="2">115908.0622</dst>
      <dst id="6">5.0311</dst>
      <dst id="16">315.2356</dst>
      <dst id="14">27.9289</dst>
      <dst id="20">1153.0489</dst>
      <dst id="11">2116.4800</dst>
      <dst id="9">90.9778</dst>
      <dst id="17">121961.7600</dst>
      <dst id="21">180.7467</dst>
      <dst id="15">447.4578</dst>
    </src>
    <src id="17">
      <dst id="12">2236.8622</dst>
      <dst id="13">2993.0222</dst>
      <dst id="19">1509.9200</dst>
      <dst id="23">16.0800</dst>
      <dst id="8">84502.9067</dst>
      <dst id="18">53.6533</dst>
      <dst id="4">26538.6400</dst>
      <dst id="1">649.6800</dst>
      <dst id="5">142180.8444</dst>
      <dst id="3">4163.6800</dst>
      <dst id="22">2614.2400</dst>
      <dst id="7">998.6933</dst>
      <dst id="2">8179.9200</dst>
      <dst id="6">11.4578</dst>
      <dst id="16">2392.9067</dst>
      <dst id="14">48533.1822</dst>
      <dst id="20">397.2089</dst>
      <dst id="11">68746.8267</dst>
      <dst id="9">129206.3556</dst>
      <dst id="17">946.6400</dst>
      <dst id="21">10584.0356</dst>
      <dst id="15">20.9511</dst>
    </src>
    <src id="21">
      <dst id="12">21248.3556</dst>
      <dst id="13">225.5200</dst>
      <dst id="19">146.8178</dst>
      <dst id="23">62.7644</dst>
      <dst id="8">13.4844</dst>
      <dst id="18">133.4933</dst>
      <dst id="4">9846.3467</dst>
      <dst id="1">1271.5022</dst>
      <dst id="5">149.6444</dst>
      <dst id="3">4987.8578</dst>
      <dst id="22">1034.9956</dst>
      <dst id="7">1296.4622</dst>
      <dst id="2">10748.9244</dst>
      <dst id="6">6.0444</dst>
      <dst id="16">262.2578</dst>
      <dst id="14">115.7956</dst>
      <dst id="20">57.3422</dst>
      <dst id="11">1461.1733</dst>
      <dst id="9">376.0711</dst>
      <dst id="17">5439.4667</dst>
      <dst id="21">334.1244</dst>
      <dst id="15">58.1067</dst>
    </src>
    <src id="15">
      <dst id="12">333.6622</dst>
      <dst id="13">1265.3067</dst>
      <dst id="19">21.7600</dst>
      <dst id="23">0.9244</dst>
      <dst id="8">52.8178</dst>
      <dst id="18">13.1022</dst>
      <dst id="4">3005.8667</dst>
      <dst id="1">644.3200</dst>
      <dst id="5">148.1156</dst>
      <dst id="3">12.0444</dst>
      <dst id="7">43.0578</dst>
      <dst id="2">173.7244</dst>
      <dst id="6">1.1911</dst>
      <dst id="14">1.1200</dst>
      <dst id="11">58.7822</dst>
      <dst id="9">95.4844</dst>
      <dst id="17">92.9867</dst>
      <dst id="21">91.8844</dst>
    </src>
  </IntraTM>
</TrafficMatrixFile>
