<?xml version="1.0" encoding="UTF-8" standalone="yes"?>
<TrafficMatrixFile xmlns:xsi="http://www.w3.org/2001/XMLSchema-instance" xsi:noNamespaceSchemaLocation="http://totem.run.montefiore.ulg.ac.be/Schema/TrafficMatrix-v1_2.xsd">
  <info>
    <title>Intradomain traffic matrix generated by geant-TM-all.pl</title>
    <date>2005-01-03T13:15:00</date>
    <duration>900</duration>
    <author>Steve Uhlig</author>
    <units>
        <unit type="bandwidth" value="kbps"/>
    </units>
  </info>
  <IntraTM ASID="20965">
    <src id="12">
      <dst id="12">192970.5511</dst>
      <dst id="13">24457.7244</dst>
      <dst id="19">2849.1378</dst>
      <dst id="23">5.0578</dst>
      <dst id="8">669.5111</dst>
      <dst id="18">825.0311</dst>
      <dst id="4">68384.9600</dst>
      <dst id="1">6482.4000</dst>
      <dst id="5">5016.0622</dst>
      <dst id="3">590.5956</dst>
      <dst id="22">6816.3111</dst>
      <dst id="7">7857.8578</dst>
      <dst id="2">65355.4044</dst>
      <dst id="6">4.9600</dst>
      <dst id="16">4290.1689</dst>
      <dst id="14">125.3244</dst>
      <dst id="20">6179.7956</dst>
      <dst id="11">5314.8533</dst>
      <dst id="9">3121.9644</dst>
      <dst id="17">66168.3289</dst>
      <dst id="21">2509.6089</dst>
      <dst id="15">157.0844</dst>
    </src>
    <src id="13">
      <dst id="12">36737.0489</dst>
      <dst id="19">25869.9022</dst>
      <dst id="23">14.4711</dst>
      <dst id="8">1023.9022</dst>
      <dst id="18">1385.4311</dst>
      <dst id="4">0.3556</dst>
      <dst id="1">1015.9644</dst>
      <dst id="5">3067.4400</dst>
      <dst id="3">5065.7600</dst>
      <dst id="22">12724.5600</dst>
      <dst id="7">4643.0844</dst>
      <dst id="2">96347.2178</dst>
      <dst id="6">67.9111</dst>
      <dst id="16">5122.2044</dst>
      <dst id="14">1023.2622</dst>
      <dst id="20">5750.3111</dst>
      <dst id="11">5678.4800</dst>
      <dst id="9">18702.4711</dst>
      <dst id="17">25749.9022</dst>
      <dst id="21">9159.5111</dst>
      <dst id="15">753.2267</dst>
    </src>
    <src id="19">
      <dst id="12">11742.6489</dst>
      <dst id="13">72.7467</dst>
      <dst id="23">3.4489</dst>
      <dst id="18">17.6178</dst>
      <dst id="4">20226.7911</dst>
      <dst id="1">635.9022</dst>
      <dst id="5">13.6889</dst>
      <dst id="22">37.2800</dst>
      <dst id="7">3266.7289</dst>
      <dst id="2">97.9556</dst>
      <dst id="6">64.6667</dst>
      <dst id="16">9056.8800</dst>
      <dst id="14">1.1644</dst>
      <dst id="20">0.4978</dst>
      <dst id="11">3.2356</dst>
      <dst id="9">6335.3244</dst>
      <dst id="17">31.2356</dst>
      <dst id="21">284.3733</dst>
    </src>
    <src id="23">
      <dst id="12">100.3733</dst>
      <dst id="13">33.6267</dst>
      <dst id="19">107.0578</dst>
      <dst id="18">1.5289</dst>
      <dst id="4">36.4444</dst>
      <dst id="1">67.0933</dst>
      <dst id="5">65.9556</dst>
      <dst id="3">219.8489</dst>
      <dst id="22">130.6311</dst>
      <dst id="7">110.2133</dst>
      <dst id="2">1975.3244</dst>
      <dst id="16">5.3067</dst>
      <dst id="20">14.8444</dst>
      <dst id="11">12.6222</dst>
      <dst id="9">543.3511</dst>
      <dst id="17">202.0089</dst>
      <dst id="21">167.2533</dst>
      <dst id="15">70.2400</dst>
    </src>
    <src id="8">
      <dst id="12">277182.0089</dst>
      <dst id="13">58.8356</dst>
      <dst id="23">8.5511</dst>
      <dst id="18">4.7644</dst>
      <dst id="4">6082.7644</dst>
      <dst id="1">23.6711</dst>
      <dst id="5">545.2800</dst>
      <dst id="3">60.9778</dst>
      <dst id="22">814.9511</dst>
      <dst id="7">82.6311</dst>
      <dst id="2">94233.0133</dst>
      <dst id="16">114.9422</dst>
      <dst id="20">63.1022</dst>
      <dst id="11">438.5333</dst>
      <dst id="9">626.1244</dst>
      <dst id="17">94610.0533</dst>
      <dst id="21">41.0756</dst>
      <dst id="15">97.5644</dst>
    </src>
    <src id="18">
      <dst id="12">99901.0133</dst>
      <dst id="13">72.6311</dst>
      <dst id="19">7.3067</dst>
      <dst id="8">106.9778</dst>
      <dst id="4">1191.8489</dst>
      <dst id="1">1279.7511</dst>
      <dst id="5">237.5467</dst>
      <dst id="3">196.3822</dst>
      <dst id="22">43.8844</dst>
      <dst id="7">94.8356</dst>
      <dst id="2">27473.7867</dst>
      <dst id="16">8.5689</dst>
      <dst id="14">1.1378</dst>
      <dst id="20">42.2489</dst>
      <dst id="11">98.3644</dst>
      <dst id="9">99.2000</dst>
      <dst id="17">36407.7778</dst>
      <dst id="21">200.9067</dst>
      <dst id="15">5.4044</dst>
    </src>
    <src id="4">
      <dst id="12">9661.6356</dst>
      <dst id="19">15189.9200</dst>
      <dst id="8">1969.1111</dst>
      <dst id="18">724.1956</dst>
      <dst id="4">0.3556</dst>
      <dst id="1">126739.1200</dst>
      <dst id="5">1648.2489</dst>
      <dst id="3">98.0178</dst>
      <dst id="22">2792.0622</dst>
      <dst id="7">155692.5333</dst>
      <dst id="2">27394.2667</dst>
      <dst id="6">133.1467</dst>
      <dst id="16">528.3289</dst>
      <dst id="14">864.4978</dst>
      <dst id="20">905.1378</dst>
      <dst id="11">1460.7733</dst>
      <dst id="9">2642.4533</dst>
      <dst id="17">33970.8267</dst>
      <dst id="21">2909.6444</dst>
      <dst id="15">213.9022</dst>
    </src>
    <src id="1">
      <dst id="12">15674.6667</dst>
      <dst id="13">245.2889</dst>
      <dst id="19">12.2489</dst>
      <dst id="23">36.5956</dst>
      <dst id="8">70275.6533</dst>
      <dst id="18">12676.8267</dst>
      <dst id="4">2816.8622</dst>
      <dst id="1">8816.4178</dst>
      <dst id="5">127032.5156</dst>
      <dst id="3">112.9333</dst>
      <dst id="22">2727.8933</dst>
      <dst id="7">761.8133</dst>
      <dst id="2">937.2356</dst>
      <dst id="6">4582.9778</dst>
      <dst id="16">14540.6756</dst>
      <dst id="14">55.5911</dst>
      <dst id="20">63.4311</dst>
      <dst id="11">46.6222</dst>
      <dst id="9">108559.0133</dst>
      <dst id="17">2159.4844</dst>
      <dst id="21">1860.4889</dst>
      <dst id="15">162.7556</dst>
    </src>
    <src id="5">
      <dst id="12">238327.3067</dst>
      <dst id="13">4405.6356</dst>
      <dst id="19">2.7378</dst>
      <dst id="23">0.9244</dst>
      <dst id="8">712.3556</dst>
      <dst id="18">1066.9600</dst>
      <dst id="4">5883.1556</dst>
      <dst id="1">220.2756</dst>
      <dst id="3">38.7378</dst>
      <dst id="22">3124.5689</dst>
      <dst id="7">198.2400</dst>
      <dst id="2">72722.0178</dst>
      <dst id="6">26.1600</dst>
      <dst id="16">162.8889</dst>
      <dst id="14">0.7111</dst>
      <dst id="20">336.0356</dst>
      <dst id="11">716.0978</dst>
      <dst id="9">2419.6622</dst>
      <dst id="17">82879.6711</dst>
      <dst id="21">253.8667</dst>
      <dst id="15">80.9244</dst>
    </src>
    <src id="3">
      <dst id="12">7040.9600</dst>
      <dst id="13">358.0356</dst>
      <dst id="19">1145.5289</dst>
      <dst id="23">7494.4889</dst>
      <dst id="8">14.8622</dst>
      <dst id="18">49857.3600</dst>
      <dst id="4">22541.1822</dst>
      <dst id="1">6038.1867</dst>
      <dst id="5">170.8178</dst>
      <dst id="3">6493.4933</dst>
      <dst id="22">862.5156</dst>
      <dst id="7">463.1733</dst>
      <dst id="2">3015.5556</dst>
      <dst id="6">0.5422</dst>
      <dst id="16">1163.8222</dst>
      <dst id="14">15053.9289</dst>
      <dst id="20">6.0800</dst>
      <dst id="11">114425.4844</dst>
      <dst id="9">40.9333</dst>
      <dst id="17">9383.8844</dst>
      <dst id="21">3128.2489</dst>
      <dst id="15">62.3111</dst>
    </src>
    <src id="10">
      <dst id="12">6300.0178</dst>
      <dst id="19">3982.9689</dst>
      <dst id="8">774.1333</dst>
      <dst id="18">3772.5244</dst>
      <dst id="1">1646.6933</dst>
      <dst id="5">275.8756</dst>
      <dst id="3">9145.1467</dst>
      <dst id="22">5810.0178</dst>
      <dst id="7">55354.9156</dst>
      <dst id="2">21360.3467</dst>
      <dst id="6">2.0000</dst>
      <dst id="16">349.6356</dst>
      <dst id="14">880.4178</dst>
      <dst id="20">2044.5244</dst>
      <dst id="11">7241.8222</dst>
      <dst id="9">2487.3778</dst>
      <dst id="17">37836.6133</dst>
      <dst id="21">11551.2356</dst>
      <dst id="15">131.8933</dst>
    </src>
    <src id="22">
      <dst id="12">4410.8889</dst>
      <dst id="13">4577.4133</dst>
      <dst id="19">6.8622</dst>
      <dst id="23">666.2756</dst>
      <dst id="8">328.6400</dst>
      <dst id="18">597.9200</dst>
      <dst id="4">16764.7556</dst>
      <dst id="1">221.9822</dst>
      <dst id="5">3585.4756</dst>
      <dst id="3">268.1422</dst>
      <dst id="7">892.7911</dst>
      <dst id="2">3581.6444</dst>
      <dst id="6">157.4667</dst>
      <dst id="16">5.4933</dst>
      <dst id="14">4.5778</dst>
      <dst id="11">2127.1022</dst>
      <dst id="9">2260.0089</dst>
      <dst id="17">4415.9556</dst>
      <dst id="21">1941.9289</dst>
    </src>
    <src id="7">
      <dst id="12">6319.4400</dst>
      <dst id="13">135.1644</dst>
      <dst id="19">25.6800</dst>
      <dst id="23">310.5156</dst>
      <dst id="8">503.1644</dst>
      <dst id="18">83.3867</dst>
      <dst id="4">19899.2622</dst>
      <dst id="1">691.1378</dst>
      <dst id="5">1376.1867</dst>
      <dst id="3">58.5956</dst>
      <dst id="22">4391.9378</dst>
      <dst id="7">951.5022</dst>
      <dst id="2">2844.0000</dst>
      <dst id="6">1.0489</dst>
      <dst id="16">192.6311</dst>
      <dst id="14">68.1067</dst>
      <dst id="20">10.5244</dst>
      <dst id="11">552.7111</dst>
      <dst id="9">558.6133</dst>
      <dst id="17">10679.4222</dst>
      <dst id="21">673.0933</dst>
      <dst id="15">26.4444</dst>
    </src>
    <src id="2">
      <dst id="12">52986.3289</dst>
      <dst id="13">515576.4089</dst>
      <dst id="19">38.0178</dst>
      <dst id="23">42.9867</dst>
      <dst id="8">307.8044</dst>
      <dst id="18">49589.6800</dst>
      <dst id="4">64688.6133</dst>
      <dst id="1">7272.1333</dst>
      <dst id="5">862.5600</dst>
      <dst id="3">4.2489</dst>
      <dst id="22">624.8267</dst>
      <dst id="7">4746.4889</dst>
      <dst id="2">957.1911</dst>
      <dst id="6">6375.9911</dst>
      <dst id="16">8102.6489</dst>
      <dst id="14">5447.9644</dst>
      <dst id="20">502.7556</dst>
      <dst id="11">3599.1556</dst>
      <dst id="9">473.0489</dst>
      <dst id="17">30691.8756</dst>
      <dst id="21">3666.6489</dst>
      <dst id="15">610.4889</dst>
    </src>
    <src id="6">
      <dst id="12">7519.6889</dst>
      <dst id="13">2.1333</dst>
      <dst id="18">0.6933</dst>
      <dst id="4">905.4844</dst>
      <dst id="1">5.7956</dst>
      <dst id="5">73.3067</dst>
      <dst id="22">1.5822</dst>
      <dst id="7">0.5244</dst>
      <dst id="2">1683.9467</dst>
      <dst id="16">1.1289</dst>
      <dst id="20">0.3556</dst>
      <dst id="11">1.4222</dst>
      <dst id="9">0.4267</dst>
      <dst id="17">865.6356</dst>
      <dst id="21">34.2489</dst>
    </src>
    <src id="16">
      <dst id="12">4383.6800</dst>
      <dst id="13">296.2311</dst>
      <dst id="19">3724.8356</dst>
      <dst id="23">1.8756</dst>
      <dst id="8">1300.6222</dst>
      <dst id="18">2.6133</dst>
      <dst id="4">3750.6578</dst>
      <dst id="1">24065.9644</dst>
      <dst id="5">1364.0444</dst>
      <dst id="3">1.2711</dst>
      <dst id="7">1672.0444</dst>
      <dst id="2">909.6978</dst>
      <dst id="6">53.5111</dst>
      <dst id="16">18.4622</dst>
      <dst id="11">191.1200</dst>
      <dst id="9">1207.0667</dst>
      <dst id="17">1949.5378</dst>
      <dst id="21">3064.6044</dst>
    </src>
    <src id="14">
      <dst id="12">14416.6844</dst>
      <dst id="13">37.9644</dst>
      <dst id="19">2.5778</dst>
      <dst id="4">1216.4800</dst>
      <dst id="1">35.1200</dst>
      <dst id="5">0.4622</dst>
      <dst id="3">47.3333</dst>
      <dst id="22">0.5600</dst>
      <dst id="7">62.8267</dst>
      <dst id="2">3162.4889</dst>
      <dst id="16">0.3556</dst>
      <dst id="11">46.1956</dst>
      <dst id="9">1.0844</dst>
      <dst id="17">4475.4933</dst>
      <dst id="21">57.9378</dst>
    </src>
    <src id="20">
      <dst id="12">3632.5422</dst>
      <dst id="13">600.2667</dst>
      <dst id="19">0.7911</dst>
      <dst id="23">1.3333</dst>
      <dst id="8">176.4089</dst>
      <dst id="18">15.4044</dst>
      <dst id="4">15619.4311</dst>
      <dst id="1">38.4000</dst>
      <dst id="5">268.0711</dst>
      <dst id="3">43.6000</dst>
      <dst id="7">70.1689</dst>
      <dst id="2">3320.9333</dst>
      <dst id="14">1.0667</dst>
      <dst id="11">2565.1733</dst>
      <dst id="9">1339.1289</dst>
      <dst id="17">88.9067</dst>
      <dst id="21">5926.7911</dst>
    </src>
    <src id="11">
      <dst id="12">362954.5600</dst>
      <dst id="13">1624.4267</dst>
      <dst id="19">9.5556</dst>
      <dst id="8">302.8356</dst>
      <dst id="18">61.1911</dst>
      <dst id="4">9897.8933</dst>
      <dst id="1">288.5689</dst>
      <dst id="5">464.1689</dst>
      <dst id="3">271.1733</dst>
      <dst id="22">1911.9467</dst>
      <dst id="7">105.9200</dst>
      <dst id="2">125934.0711</dst>
      <dst id="6">112.2667</dst>
      <dst id="16">143.8933</dst>
      <dst id="14">21.2978</dst>
      <dst id="20">210.6844</dst>
      <dst id="11">939.8756</dst>
      <dst id="9">1548.8178</dst>
      <dst id="17">136458.3200</dst>
      <dst id="21">385.7600</dst>
      <dst id="15">185.9200</dst>
    </src>
    <src id="9">
      <dst id="12">356018.3556</dst>
      <dst id="13">4066.8622</dst>
      <dst id="19">324.3022</dst>
      <dst id="23">14.1156</dst>
      <dst id="8">217.5911</dst>
      <dst id="18">40.4533</dst>
      <dst id="4">13130.9511</dst>
      <dst id="1">651.8667</dst>
      <dst id="5">2105.2622</dst>
      <dst id="3">0.7111</dst>
      <dst id="22">980.2489</dst>
      <dst id="7">67.7333</dst>
      <dst id="2">120905.1911</dst>
      <dst id="6">1.2978</dst>
      <dst id="16">2526.7556</dst>
      <dst id="20">3218.6667</dst>
      <dst id="11">384.4089</dst>
      <dst id="9">2241.5911</dst>
      <dst id="17">158319.0222</dst>
      <dst id="21">310.0267</dst>
      <dst id="15">448.8711</dst>
    </src>
    <src id="17">
      <dst id="12">3060.8622</dst>
      <dst id="13">21100.3556</dst>
      <dst id="19">146.2578</dst>
      <dst id="23">5447.8933</dst>
      <dst id="8">81673.0044</dst>
      <dst id="18">153.3778</dst>
      <dst id="4">45146.5156</dst>
      <dst id="1">1817.2889</dst>
      <dst id="5">110699.2267</dst>
      <dst id="3">14610.9511</dst>
      <dst id="22">9978.1867</dst>
      <dst id="7">6721.9200</dst>
      <dst id="2">14403.7778</dst>
      <dst id="6">68.5778</dst>
      <dst id="16">13503.4222</dst>
      <dst id="14">17207.1733</dst>
      <dst id="20">236.3556</dst>
      <dst id="11">91834.1867</dst>
      <dst id="9">100793.3511</dst>
      <dst id="17">1626.8533</dst>
      <dst id="21">9601.3511</dst>
      <dst id="15">71.1289</dst>
    </src>
    <src id="21">
      <dst id="12">18611.5022</dst>
      <dst id="13">455.2178</dst>
      <dst id="19">100.2578</dst>
      <dst id="23">1.2800</dst>
      <dst id="8">84.6044</dst>
      <dst id="18">1569.8400</dst>
      <dst id="4">17582.4444</dst>
      <dst id="1">814.2044</dst>
      <dst id="5">453.6711</dst>
      <dst id="3">793.4933</dst>
      <dst id="22">631.8756</dst>
      <dst id="7">2055.3156</dst>
      <dst id="2">6571.3422</dst>
      <dst id="6">1.3422</dst>
      <dst id="16">98.8800</dst>
      <dst id="14">509.3867</dst>
      <dst id="20">294.4711</dst>
      <dst id="11">513.5289</dst>
      <dst id="9">453.6622</dst>
      <dst id="17">3492.8356</dst>
      <dst id="21">1092.4978</dst>
      <dst id="15">111.8133</dst>
    </src>
    <src id="15">
      <dst id="12">306.7200</dst>
      <dst id="13">145.7956</dst>
      <dst id="23">1.5289</dst>
      <dst id="8">55.0756</dst>
      <dst id="18">3.7511</dst>
      <dst id="4">4406.4978</dst>
      <dst id="1">600.0089</dst>
      <dst id="5">164.7733</dst>
      <dst id="3">19.4844</dst>
      <dst id="7">73.6267</dst>
      <dst id="2">428.4178</dst>
      <dst id="6">0.4267</dst>
      <dst id="11">204.7200</dst>
      <dst id="9">715.1822</dst>
      <dst id="17">2667.7867</dst>
      <dst id="21">83.9467</dst>
    </src>
  </IntraTM>
</TrafficMatrixFile>
