<?xml version="1.0" encoding="UTF-8" standalone="yes"?>
<TrafficMatrixFile xmlns:xsi="http://www.w3.org/2001/XMLSchema-instance" xsi:noNamespaceSchemaLocation="http://totem.run.montefiore.ulg.ac.be/Schema/TrafficMatrix-v1_2.xsd">
  <info>
    <title>Intradomain traffic matrix generated by geant-TM-all.pl</title>
    <date>2005-01-06T05:45:00</date>
    <duration>900</duration>
    <author>Steve Uhlig</author>
    <units>
        <unit type="bandwidth" value="kbps"/>
    </units>
  </info>
  <IntraTM ASID="20965">
    <src id="12">
      <dst id="12">288003.2889</dst>
      <dst id="13">57917.0667</dst>
      <dst id="19">7099.6622</dst>
      <dst id="23">294.8978</dst>
      <dst id="8">2038.6133</dst>
      <dst id="18">9512.3911</dst>
      <dst id="4">132200.5156</dst>
      <dst id="1">16213.0844</dst>
      <dst id="5">81811.4044</dst>
      <dst id="3">2764.0000</dst>
      <dst id="22">31871.1911</dst>
      <dst id="7">5081.3867</dst>
      <dst id="2">115169.9911</dst>
      <dst id="6">3.1644</dst>
      <dst id="16">7553.3333</dst>
      <dst id="14">2348.4444</dst>
      <dst id="20">6927.0756</dst>
      <dst id="11">6812.6044</dst>
      <dst id="9">10517.8578</dst>
      <dst id="17">96507.1289</dst>
      <dst id="21">6459.5822</dst>
      <dst id="15">385.5289</dst>
    </src>
    <src id="13">
      <dst id="12">113193.5822</dst>
      <dst id="19">10780.9067</dst>
      <dst id="23">762.0444</dst>
      <dst id="8">7935.1378</dst>
      <dst id="18">8058.9422</dst>
      <dst id="4">0.7111</dst>
      <dst id="1">7373.3511</dst>
      <dst id="5">10964.4000</dst>
      <dst id="3">5058.1689</dst>
      <dst id="22">27323.3600</dst>
      <dst id="7">18013.2356</dst>
      <dst id="2">148477.2800</dst>
      <dst id="6">67.2267</dst>
      <dst id="16">12665.0222</dst>
      <dst id="14">4839.1378</dst>
      <dst id="20">15004.0533</dst>
      <dst id="11">17034.7467</dst>
      <dst id="9">20529.9822</dst>
      <dst id="17">76524.2756</dst>
      <dst id="21">29395.2178</dst>
      <dst id="15">3225.1200</dst>
    </src>
    <src id="19">
      <dst id="12">18926.6756</dst>
      <dst id="13">596.0178</dst>
      <dst id="23">2.4889</dst>
      <dst id="8">36.1689</dst>
      <dst id="18">5036.6222</dst>
      <dst id="4">27585.1289</dst>
      <dst id="1">1182.5422</dst>
      <dst id="5">179.8844</dst>
      <dst id="3">46.4622</dst>
      <dst id="22">733.2000</dst>
      <dst id="7">6371.2178</dst>
      <dst id="2">749.8222</dst>
      <dst id="6">42.4622</dst>
      <dst id="16">4732.7467</dst>
      <dst id="14">19.6356</dst>
      <dst id="20">886.6667</dst>
      <dst id="11">102.3911</dst>
      <dst id="9">52.5778</dst>
      <dst id="17">10843.7333</dst>
      <dst id="21">757.0844</dst>
      <dst id="15">8.5333</dst>
    </src>
    <src id="23">
      <dst id="12">662.6400</dst>
      <dst id="13">664.5511</dst>
      <dst id="19">240.0000</dst>
      <dst id="8">30.0444</dst>
      <dst id="18">0.6933</dst>
      <dst id="4">44.0889</dst>
      <dst id="1">65.8667</dst>
      <dst id="5">153.9289</dst>
      <dst id="3">199.0044</dst>
      <dst id="22">366.1867</dst>
      <dst id="7">103.5822</dst>
      <dst id="2">55.1200</dst>
      <dst id="6">1.1733</dst>
      <dst id="16">29.3067</dst>
      <dst id="14">28.0800</dst>
      <dst id="20">3.3067</dst>
      <dst id="11">32.5511</dst>
      <dst id="9">785.5911</dst>
      <dst id="17">641.7956</dst>
      <dst id="21">2067.9378</dst>
      <dst id="15">1.1378</dst>
    </src>
    <src id="8">
      <dst id="12">392806.7378</dst>
      <dst id="13">21607.7067</dst>
      <dst id="19">68.5600</dst>
      <dst id="23">2947.5111</dst>
      <dst id="18">723.7244</dst>
      <dst id="4">9757.4578</dst>
      <dst id="1">14422.8000</dst>
      <dst id="5">12843.9289</dst>
      <dst id="22">1485.8311</dst>
      <dst id="7">302.0889</dst>
      <dst id="2">134352.4889</dst>
      <dst id="16">913.3867</dst>
      <dst id="14">2.1067</dst>
      <dst id="20">3605.9200</dst>
      <dst id="11">481.4667</dst>
      <dst id="9">2197.4044</dst>
      <dst id="17">152957.1733</dst>
      <dst id="21">5136.5067</dst>
      <dst id="15">119.3156</dst>
    </src>
    <src id="18">
      <dst id="12">121960.5867</dst>
      <dst id="13">420.6844</dst>
      <dst id="19">146.7111</dst>
      <dst id="23">13.1200</dst>
      <dst id="8">177.4844</dst>
      <dst id="4">3189.7689</dst>
      <dst id="1">877.5644</dst>
      <dst id="5">584.4267</dst>
      <dst id="3">53.4311</dst>
      <dst id="22">1451.7778</dst>
      <dst id="7">26.2667</dst>
      <dst id="2">34364.0444</dst>
      <dst id="16">34.7822</dst>
      <dst id="20">31.0578</dst>
      <dst id="11">80.9067</dst>
      <dst id="9">488.5511</dst>
      <dst id="17">37080.6044</dst>
      <dst id="21">922.7111</dst>
      <dst id="15">15.2356</dst>
    </src>
    <src id="4">
      <dst id="12">26322.5067</dst>
      <dst id="19">11618.5156</dst>
      <dst id="23">0.4622</dst>
      <dst id="8">4258.8089</dst>
      <dst id="18">1192.6489</dst>
      <dst id="1">29987.2533</dst>
      <dst id="5">4223.7156</dst>
      <dst id="3">128.4889</dst>
      <dst id="22">9017.8933</dst>
      <dst id="7">29542.8444</dst>
      <dst id="2">85348.7733</dst>
      <dst id="6">67.6622</dst>
      <dst id="16">3211.9644</dst>
      <dst id="14">948.4622</dst>
      <dst id="20">1946.6133</dst>
      <dst id="11">6506.6489</dst>
      <dst id="9">4088.5689</dst>
      <dst id="17">30187.5200</dst>
      <dst id="21">7482.0356</dst>
      <dst id="15">1027.4133</dst>
    </src>
    <src id="1">
      <dst id="12">20319.2267</dst>
      <dst id="13">3959.6356</dst>
      <dst id="19">45.4756</dst>
      <dst id="23">43.8044</dst>
      <dst id="8">146973.2356</dst>
      <dst id="18">18704.9956</dst>
      <dst id="4">39943.2711</dst>
      <dst id="1">23400.3378</dst>
      <dst id="5">284552.0800</dst>
      <dst id="3">1031.2267</dst>
      <dst id="22">8309.8222</dst>
      <dst id="7">19474.9067</dst>
      <dst id="2">16123.5733</dst>
      <dst id="6">11866.5867</dst>
      <dst id="16">7708.3467</dst>
      <dst id="14">30.7467</dst>
      <dst id="20">4460.6933</dst>
      <dst id="11">917.4222</dst>
      <dst id="9">272856.0533</dst>
      <dst id="17">10902.8978</dst>
      <dst id="21">12549.8311</dst>
      <dst id="15">161.4311</dst>
    </src>
    <src id="5">
      <dst id="12">390642.7111</dst>
      <dst id="13">3802.7911</dst>
      <dst id="19">171.7778</dst>
      <dst id="23">44.9244</dst>
      <dst id="8">9644.1156</dst>
      <dst id="18">304.1867</dst>
      <dst id="4">7998.4089</dst>
      <dst id="1">1740.2222</dst>
      <dst id="3">35.7067</dst>
      <dst id="22">6205.6178</dst>
      <dst id="7">366.3111</dst>
      <dst id="2">184023.8222</dst>
      <dst id="6">12.0889</dst>
      <dst id="16">939.2978</dst>
      <dst id="14">38.5689</dst>
      <dst id="20">3257.0133</dst>
      <dst id="11">1335.1644</dst>
      <dst id="9">1517.7511</dst>
      <dst id="17">156205.0578</dst>
      <dst id="21">2331.4578</dst>
      <dst id="15">706.6844</dst>
    </src>
    <src id="3">
      <dst id="12">12102.0978</dst>
      <dst id="13">1861.6711</dst>
      <dst id="19">1752.2489</dst>
      <dst id="23">8354.0444</dst>
      <dst id="8">415.1289</dst>
      <dst id="18">100864.9511</dst>
      <dst id="4">64958.9600</dst>
      <dst id="1">2515.2267</dst>
      <dst id="5">624.4711</dst>
      <dst id="3">16448.3644</dst>
      <dst id="22">1047.0578</dst>
      <dst id="7">37121.3333</dst>
      <dst id="2">18392.3556</dst>
      <dst id="6">1.3067</dst>
      <dst id="16">1235.2533</dst>
      <dst id="14">44196.7378</dst>
      <dst id="20">214.7378</dst>
      <dst id="11">202457.4933</dst>
      <dst id="9">284.8267</dst>
      <dst id="17">11713.2000</dst>
      <dst id="21">11295.2978</dst>
      <dst id="15">123.3956</dst>
    </src>
    <src id="10">
      <dst id="12">14477.5556</dst>
      <dst id="19">3946.0978</dst>
      <dst id="8">3001.9467</dst>
      <dst id="18">6667.3156</dst>
      <dst id="1">1503.7244</dst>
      <dst id="5">897.3600</dst>
      <dst id="3">6781.8044</dst>
      <dst id="22">3771.1644</dst>
      <dst id="7">12421.1556</dst>
      <dst id="2">38030.1333</dst>
      <dst id="6">32.0622</dst>
      <dst id="16">3675.4044</dst>
      <dst id="14">755.9200</dst>
      <dst id="20">1300.2756</dst>
      <dst id="11">3378.0178</dst>
      <dst id="9">5853.2889</dst>
      <dst id="17">21464.9422</dst>
      <dst id="21">16050.4622</dst>
      <dst id="15">317.8311</dst>
    </src>
    <src id="22">
      <dst id="12">11644.5600</dst>
      <dst id="13">5327.4489</dst>
      <dst id="19">968.6222</dst>
      <dst id="23">56.7200</dst>
      <dst id="8">759.9200</dst>
      <dst id="18">375.9200</dst>
      <dst id="4">28232.8711</dst>
      <dst id="1">355.3067</dst>
      <dst id="5">3510.6578</dst>
      <dst id="3">1313.2978</dst>
      <dst id="7">1788.0267</dst>
      <dst id="2">3915.1022</dst>
      <dst id="6">42.2578</dst>
      <dst id="16">15.1111</dst>
      <dst id="14">40.8089</dst>
      <dst id="11">5154.7378</dst>
      <dst id="9">2824.2933</dst>
      <dst id="17">6979.0578</dst>
      <dst id="21">2301.8489</dst>
    </src>
    <src id="7">
      <dst id="12">5082.2667</dst>
      <dst id="13">366.6933</dst>
      <dst id="19">842.5244</dst>
      <dst id="23">125.6000</dst>
      <dst id="8">714.6489</dst>
      <dst id="18">1743.2711</dst>
      <dst id="4">31756.7378</dst>
      <dst id="1">7481.6089</dst>
      <dst id="5">6607.1467</dst>
      <dst id="3">2439.1378</dst>
      <dst id="22">6205.0311</dst>
      <dst id="7">854.2933</dst>
      <dst id="2">10673.3067</dst>
      <dst id="6">58.1511</dst>
      <dst id="16">7936.9689</dst>
      <dst id="14">96.1867</dst>
      <dst id="20">1303.3511</dst>
      <dst id="11">1354.0800</dst>
      <dst id="9">3414.8800</dst>
      <dst id="17">9174.0178</dst>
      <dst id="21">3793.1022</dst>
      <dst id="15">692.8800</dst>
    </src>
    <src id="2">
      <dst id="12">116404.5778</dst>
      <dst id="13">552445.8667</dst>
      <dst id="19">1807.9378</dst>
      <dst id="23">45.3067</dst>
      <dst id="8">1314.5244</dst>
      <dst id="18">82527.7956</dst>
      <dst id="4">138826.9422</dst>
      <dst id="1">5444.1156</dst>
      <dst id="5">1319.7333</dst>
      <dst id="3">604.7467</dst>
      <dst id="22">2329.6267</dst>
      <dst id="7">4158.4444</dst>
      <dst id="2">1122.2578</dst>
      <dst id="6">8298.3200</dst>
      <dst id="16">2502.1689</dst>
      <dst id="14">325.1644</dst>
      <dst id="20">8782.7022</dst>
      <dst id="11">4637.8578</dst>
      <dst id="9">3083.3244</dst>
      <dst id="17">40694.7467</dst>
      <dst id="21">7083.7778</dst>
      <dst id="15">3587.9289</dst>
    </src>
    <src id="6">
      <dst id="12">10618.7556</dst>
      <dst id="13">16.6756</dst>
      <dst id="19">5.4844</dst>
      <dst id="23">13.1467</dst>
      <dst id="8">13.1911</dst>
      <dst id="4">235.6889</dst>
      <dst id="1">29.3244</dst>
      <dst id="5">82.0978</dst>
      <dst id="22">14.0267</dst>
      <dst id="7">3.1022</dst>
      <dst id="2">3237.8578</dst>
      <dst id="16">14.4356</dst>
      <dst id="20">0.4622</dst>
      <dst id="11">27.0578</dst>
      <dst id="9">25.5644</dst>
      <dst id="17">1593.5556</dst>
      <dst id="15">1.7244</dst>
    </src>
    <src id="16">
      <dst id="12">2799.7956</dst>
      <dst id="13">859.0044</dst>
      <dst id="19">3287.8578</dst>
      <dst id="23">394.0356</dst>
      <dst id="8">13184.6311</dst>
      <dst id="18">8.3556</dst>
      <dst id="4">9054.5422</dst>
      <dst id="1">16703.8667</dst>
      <dst id="5">5086.4533</dst>
      <dst id="3">284.6044</dst>
      <dst id="7">5185.8489</dst>
      <dst id="2">1388.4711</dst>
      <dst id="6">42.4089</dst>
      <dst id="16">81.7956</dst>
      <dst id="14">146.6667</dst>
      <dst id="11">471.7156</dst>
      <dst id="9">8576.8444</dst>
      <dst id="17">4680.1422</dst>
      <dst id="21">121.4933</dst>
    </src>
    <src id="14">
      <dst id="12">24642.1689</dst>
      <dst id="13">639.9822</dst>
      <dst id="19">2.7022</dst>
      <dst id="23">0.3556</dst>
      <dst id="18">0.6044</dst>
      <dst id="4">5882.5067</dst>
      <dst id="1">64.2933</dst>
      <dst id="5">1.0667</dst>
      <dst id="3">47.6978</dst>
      <dst id="22">46.3556</dst>
      <dst id="7">29.5289</dst>
      <dst id="2">8072.3644</dst>
      <dst id="16">3.0933</dst>
      <dst id="20">0.9867</dst>
      <dst id="11">104.1600</dst>
      <dst id="9">9.4933</dst>
      <dst id="17">9894.5600</dst>
      <dst id="21">360.1600</dst>
      <dst id="15">0.4178</dst>
    </src>
    <src id="20">
      <dst id="12">18836.5956</dst>
      <dst id="13">7621.4933</dst>
      <dst id="19">205.6622</dst>
      <dst id="23">0.4622</dst>
      <dst id="8">651.5467</dst>
      <dst id="18">53.5022</dst>
      <dst id="4">12893.5644</dst>
      <dst id="1">677.6089</dst>
      <dst id="5">3234.7822</dst>
      <dst id="3">4925.3156</dst>
      <dst id="7">997.3511</dst>
      <dst id="2">1514.2133</dst>
      <dst id="14">1.1200</dst>
      <dst id="11">3137.8933</dst>
      <dst id="9">10466.4089</dst>
      <dst id="17">6977.7956</dst>
      <dst id="21">809.4400</dst>
    </src>
    <src id="11">
      <dst id="12">435135.4222</dst>
      <dst id="13">5695.4400</dst>
      <dst id="19">91.7244</dst>
      <dst id="23">38.5333</dst>
      <dst id="8">402.8533</dst>
      <dst id="18">91.6089</dst>
      <dst id="4">13796.8978</dst>
      <dst id="1">703.8222</dst>
      <dst id="5">1786.9156</dst>
      <dst id="3">836.7022</dst>
      <dst id="22">1920.5867</dst>
      <dst id="7">460.8178</dst>
      <dst id="2">190451.7689</dst>
      <dst id="6">683.2444</dst>
      <dst id="16">350.6489</dst>
      <dst id="14">53.3867</dst>
      <dst id="20">3874.0178</dst>
      <dst id="11">2692.3911</dst>
      <dst id="9">1795.4133</dst>
      <dst id="17">196677.9378</dst>
      <dst id="21">605.6267</dst>
      <dst id="15">159.4578</dst>
    </src>
    <src id="9">
      <dst id="12">523642.3378</dst>
      <dst id="13">6044.6844</dst>
      <dst id="19">226.0000</dst>
      <dst id="23">29.5378</dst>
      <dst id="8">958.8178</dst>
      <dst id="18">635.5733</dst>
      <dst id="4">13440.6578</dst>
      <dst id="1">1942.5600</dst>
      <dst id="5">2317.4489</dst>
      <dst id="3">4.2044</dst>
      <dst id="22">9799.9822</dst>
      <dst id="7">2186.3911</dst>
      <dst id="2">216130.4178</dst>
      <dst id="6">1.1289</dst>
      <dst id="16">723.7689</dst>
      <dst id="14">0.4622</dst>
      <dst id="20">7827.6089</dst>
      <dst id="11">1843.6444</dst>
      <dst id="9">1705.1822</dst>
      <dst id="17">196984.7911</dst>
      <dst id="21">2342.1600</dst>
      <dst id="15">3134.3022</dst>
    </src>
    <src id="17">
      <dst id="12">13386.4444</dst>
      <dst id="13">14418.5244</dst>
      <dst id="19">596.5689</dst>
      <dst id="23">178.0889</dst>
      <dst id="8">172312.6933</dst>
      <dst id="18">2001.2889</dst>
      <dst id="4">174902.7200</dst>
      <dst id="1">4505.2444</dst>
      <dst id="5">268377.4400</dst>
      <dst id="3">8275.2444</dst>
      <dst id="22">4712.9956</dst>
      <dst id="7">4494.4089</dst>
      <dst id="2">40214.8089</dst>
      <dst id="6">77.7511</dst>
      <dst id="16">9678.0000</dst>
      <dst id="14">33390.4533</dst>
      <dst id="20">17557.6000</dst>
      <dst id="11">168176.7200</dst>
      <dst id="9">267336.9156</dst>
      <dst id="17">2578.8267</dst>
      <dst id="21">13347.7511</dst>
      <dst id="15">883.5467</dst>
    </src>
    <src id="21">
      <dst id="12">24824.8889</dst>
      <dst id="13">5139.1200</dst>
      <dst id="19">856.3111</dst>
      <dst id="23">41.4844</dst>
      <dst id="8">149.5911</dst>
      <dst id="18">3912.8444</dst>
      <dst id="4">30020.7644</dst>
      <dst id="1">9652.8533</dst>
      <dst id="5">708.7200</dst>
      <dst id="3">20507.6089</dst>
      <dst id="22">2107.4844</dst>
      <dst id="7">2614.3378</dst>
      <dst id="2">30966.3733</dst>
      <dst id="6">0.5156</dst>
      <dst id="16">214.0800</dst>
      <dst id="14">120.6667</dst>
      <dst id="20">884.7378</dst>
      <dst id="11">1435.2267</dst>
      <dst id="9">846.1422</dst>
      <dst id="17">5781.0578</dst>
      <dst id="21">3319.0933</dst>
      <dst id="15">863.3333</dst>
    </src>
    <src id="15">
      <dst id="12">997.6533</dst>
      <dst id="13">5707.1467</dst>
      <dst id="19">419.8044</dst>
      <dst id="23">0.3378</dst>
      <dst id="8">33.9556</dst>
      <dst id="18">28.0978</dst>
      <dst id="4">6258.2933</dst>
      <dst id="1">565.2000</dst>
      <dst id="5">2645.5289</dst>
      <dst id="3">4.8978</dst>
      <dst id="7">35.9822</dst>
      <dst id="2">278.6933</dst>
      <dst id="14">0.5156</dst>
      <dst id="11">30.9867</dst>
      <dst id="9">1288.2400</dst>
      <dst id="17">818.8533</dst>
      <dst id="21">56.5067</dst>
    </src>
  </IntraTM>
</TrafficMatrixFile>
