<?xml version="1.0" encoding="UTF-8" standalone="yes"?>
<TrafficMatrixFile xmlns:xsi="http://www.w3.org/2001/XMLSchema-instance" xsi:noNamespaceSchemaLocation="http://totem.run.montefiore.ulg.ac.be/Schema/TrafficMatrix-v1_2.xsd">
  <info>
    <title>Intradomain traffic matrix generated by geant-TM-all.pl</title>
    <date>2005-01-03T09:00:00</date>
    <duration>900</duration>
    <author>Steve Uhlig</author>
    <units>
        <unit type="bandwidth" value="kbps"/>
    </units>
  </info>
  <IntraTM ASID="20965">
    <src id="12">
      <dst id="12">193651.1733</dst>
      <dst id="13">18075.3600</dst>
      <dst id="19">1493.8311</dst>
      <dst id="23">42.8800</dst>
      <dst id="8">3690.3111</dst>
      <dst id="18">3289.6711</dst>
      <dst id="4">78623.8222</dst>
      <dst id="1">6736.0356</dst>
      <dst id="5">3522.0444</dst>
      <dst id="3">2747.3244</dst>
      <dst id="22">28437.9289</dst>
      <dst id="7">1652.9244</dst>
      <dst id="2">74330.1067</dst>
      <dst id="6">4.7378</dst>
      <dst id="16">6477.2978</dst>
      <dst id="14">147.0489</dst>
      <dst id="20">14388.3644</dst>
      <dst id="11">4295.9289</dst>
      <dst id="9">14070.7111</dst>
      <dst id="17">63368.1422</dst>
      <dst id="21">7535.8578</dst>
      <dst id="15">144.8800</dst>
    </src>
    <src id="13">
      <dst id="12">37685.4400</dst>
      <dst id="19">32141.5733</dst>
      <dst id="23">718.4267</dst>
      <dst id="8">1468.4889</dst>
      <dst id="18">4565.4489</dst>
      <dst id="4">6.8444</dst>
      <dst id="1">5870.1956</dst>
      <dst id="5">5142.8800</dst>
      <dst id="3">4494.5422</dst>
      <dst id="22">25103.6000</dst>
      <dst id="7">18194.2133</dst>
      <dst id="2">109941.1022</dst>
      <dst id="6">85.5022</dst>
      <dst id="16">6323.4311</dst>
      <dst id="14">1976.3733</dst>
      <dst id="20">15013.8667</dst>
      <dst id="11">11646.8978</dst>
      <dst id="9">9421.3867</dst>
      <dst id="17">38546.3467</dst>
      <dst id="21">19980.0267</dst>
      <dst id="15">3054.5422</dst>
    </src>
    <src id="19">
      <dst id="12">14666.4711</dst>
      <dst id="13">412.8267</dst>
      <dst id="23">0.7822</dst>
      <dst id="8">1.0578</dst>
      <dst id="18">28.6222</dst>
      <dst id="4">20521.4489</dst>
      <dst id="1">753.1733</dst>
      <dst id="5">42.4089</dst>
      <dst id="3">67.0222</dst>
      <dst id="22">439.0578</dst>
      <dst id="7">3512.3022</dst>
      <dst id="2">10975.4933</dst>
      <dst id="6">56.5689</dst>
      <dst id="16">6157.2000</dst>
      <dst id="20">510.1156</dst>
      <dst id="11">94.4978</dst>
      <dst id="9">0.6400</dst>
      <dst id="17">475.6089</dst>
      <dst id="21">980.0178</dst>
      <dst id="15">8.2844</dst>
    </src>
    <src id="23">
      <dst id="12">140.5511</dst>
      <dst id="13">162.3467</dst>
      <dst id="19">1.9911</dst>
      <dst id="8">51.5556</dst>
      <dst id="4">52.9778</dst>
      <dst id="1">14.0533</dst>
      <dst id="5">28.5600</dst>
      <dst id="3">1.8844</dst>
      <dst id="22">64.0978</dst>
      <dst id="7">406.7644</dst>
      <dst id="2">310.1956</dst>
      <dst id="6">0.4978</dst>
      <dst id="16">17.4578</dst>
      <dst id="11">60.0356</dst>
      <dst id="9">389.0844</dst>
      <dst id="17">230.0800</dst>
      <dst id="21">183.5467</dst>
      <dst id="15">180.4089</dst>
    </src>
    <src id="8">
      <dst id="12">315385.8756</dst>
      <dst id="13">199.1378</dst>
      <dst id="23">1427.8400</dst>
      <dst id="18">206.3200</dst>
      <dst id="4">9253.2711</dst>
      <dst id="1">431.8489</dst>
      <dst id="5">1198.9867</dst>
      <dst id="3">1.1556</dst>
      <dst id="22">868.9600</dst>
      <dst id="7">8.9067</dst>
      <dst id="2">125709.5911</dst>
      <dst id="16">510.9067</dst>
      <dst id="20">63.4933</dst>
      <dst id="11">708.9156</dst>
      <dst id="9">551.0400</dst>
      <dst id="17">114473.6711</dst>
      <dst id="21">196.5156</dst>
      <dst id="15">32.0889</dst>
    </src>
    <src id="18">
      <dst id="12">101209.5822</dst>
      <dst id="13">1205.3956</dst>
      <dst id="19">0.8178</dst>
      <dst id="8">14.1067</dst>
      <dst id="4">2640.6133</dst>
      <dst id="1">1055.7867</dst>
      <dst id="5">331.1022</dst>
      <dst id="3">22.9244</dst>
      <dst id="22">133.6089</dst>
      <dst id="7">7.4222</dst>
      <dst id="2">34739.9556</dst>
      <dst id="16">23.6978</dst>
      <dst id="20">2.5867</dst>
      <dst id="11">636.4089</dst>
      <dst id="9">349.2089</dst>
      <dst id="17">40158.8000</dst>
      <dst id="21">560.3022</dst>
      <dst id="15">32.3556</dst>
    </src>
    <src id="4">
      <dst id="12">10685.0756</dst>
      <dst id="19">7606.0444</dst>
      <dst id="8">3332.7911</dst>
      <dst id="18">2697.5911</dst>
      <dst id="1">15784.2844</dst>
      <dst id="5">1818.8444</dst>
      <dst id="3">7281.7244</dst>
      <dst id="22">5200.3556</dst>
      <dst id="7">151240.6933</dst>
      <dst id="2">73199.2000</dst>
      <dst id="6">0.6578</dst>
      <dst id="16">1171.5378</dst>
      <dst id="14">616.5333</dst>
      <dst id="20">323.5733</dst>
      <dst id="11">1631.3689</dst>
      <dst id="9">3037.1022</dst>
      <dst id="17">92072.5867</dst>
      <dst id="21">4478.7733</dst>
      <dst id="15">459.1644</dst>
    </src>
    <src id="1">
      <dst id="12">20151.8489</dst>
      <dst id="13">316.0356</dst>
      <dst id="19">38.7378</dst>
      <dst id="23">26.9778</dst>
      <dst id="8">108286.1689</dst>
      <dst id="18">12294.7733</dst>
      <dst id="4">9501.6178</dst>
      <dst id="1">19228.0800</dst>
      <dst id="5">165152.3289</dst>
      <dst id="3">481.1556</dst>
      <dst id="22">3628.9778</dst>
      <dst id="7">1161.9911</dst>
      <dst id="2">3964.1689</dst>
      <dst id="6">12317.8578</dst>
      <dst id="16">9874.9511</dst>
      <dst id="14">34.3644</dst>
      <dst id="20">75.1378</dst>
      <dst id="11">263.7689</dst>
      <dst id="9">169481.9022</dst>
      <dst id="17">3666.7022</dst>
      <dst id="21">3330.6222</dst>
      <dst id="15">822.7111</dst>
    </src>
    <src id="5">
      <dst id="12">283697.4844</dst>
      <dst id="13">2224.3022</dst>
      <dst id="19">16.7200</dst>
      <dst id="23">68.2400</dst>
      <dst id="8">4136.7644</dst>
      <dst id="18">410.5689</dst>
      <dst id="4">4646.4800</dst>
      <dst id="1">346.4267</dst>
      <dst id="22">7305.9111</dst>
      <dst id="7">78.9867</dst>
      <dst id="2">121018.2933</dst>
      <dst id="6">72.7822</dst>
      <dst id="16">418.0889</dst>
      <dst id="14">0.8178</dst>
      <dst id="20">3599.7511</dst>
      <dst id="11">3816.8711</dst>
      <dst id="9">923.5200</dst>
      <dst id="17">106950.1867</dst>
      <dst id="21">381.2000</dst>
      <dst id="15">104.1778</dst>
    </src>
    <src id="3">
      <dst id="12">17262.1333</dst>
      <dst id="13">2260.1778</dst>
      <dst id="19">6028.7911</dst>
      <dst id="23">0.9956</dst>
      <dst id="8">106.3911</dst>
      <dst id="18">73342.8267</dst>
      <dst id="4">42856.5511</dst>
      <dst id="1">14865.5111</dst>
      <dst id="5">344.7644</dst>
      <dst id="3">9773.7156</dst>
      <dst id="22">865.4844</dst>
      <dst id="7">1491.6089</dst>
      <dst id="2">7361.8489</dst>
      <dst id="16">1867.0400</dst>
      <dst id="14">22096.9244</dst>
      <dst id="20">230.6044</dst>
      <dst id="11">142414.2756</dst>
      <dst id="9">6134.8800</dst>
      <dst id="17">4815.0667</dst>
      <dst id="21">2847.5378</dst>
      <dst id="15">32.9422</dst>
    </src>
    <src id="10">
      <dst id="12">16633.9556</dst>
      <dst id="19">1687.0400</dst>
      <dst id="8">607.0844</dst>
      <dst id="18">1294.4089</dst>
      <dst id="1">3611.5111</dst>
      <dst id="5">305.0133</dst>
      <dst id="3">8819.2267</dst>
      <dst id="22">4880.5067</dst>
      <dst id="7">15460.5156</dst>
      <dst id="2">19577.6889</dst>
      <dst id="6">1.4222</dst>
      <dst id="16">2501.6800</dst>
      <dst id="14">5023.9911</dst>
      <dst id="20">5357.1733</dst>
      <dst id="11">4243.3778</dst>
      <dst id="9">2094.3556</dst>
      <dst id="17">13160.4711</dst>
      <dst id="21">7948.6044</dst>
      <dst id="15">34.3022</dst>
    </src>
    <src id="22">
      <dst id="12">9292.3289</dst>
      <dst id="13">3807.4667</dst>
      <dst id="19">114.3200</dst>
      <dst id="23">1459.9911</dst>
      <dst id="8">410.2400</dst>
      <dst id="18">465.8844</dst>
      <dst id="4">19181.7689</dst>
      <dst id="1">204.6933</dst>
      <dst id="5">3078.8000</dst>
      <dst id="3">301.4222</dst>
      <dst id="7">1314.8533</dst>
      <dst id="2">2408.2756</dst>
      <dst id="6">1.2978</dst>
      <dst id="16">0.3556</dst>
      <dst id="14">5.6356</dst>
      <dst id="11">2978.2844</dst>
      <dst id="9">3785.6444</dst>
      <dst id="17">6296.0889</dst>
      <dst id="21">1358.3822</dst>
    </src>
    <src id="7">
      <dst id="12">6573.5289</dst>
      <dst id="13">4885.7689</dst>
      <dst id="19">71.0133</dst>
      <dst id="23">72.8000</dst>
      <dst id="8">456.4356</dst>
      <dst id="18">247.8133</dst>
      <dst id="4">16493.2356</dst>
      <dst id="1">2068.9689</dst>
      <dst id="5">1039.2178</dst>
      <dst id="3">662.4800</dst>
      <dst id="22">5046.8533</dst>
      <dst id="7">742.5067</dst>
      <dst id="2">6880.1956</dst>
      <dst id="6">31.2978</dst>
      <dst id="16">626.3644</dst>
      <dst id="14">59.2356</dst>
      <dst id="20">198.9778</dst>
      <dst id="11">1001.5200</dst>
      <dst id="9">1530.8000</dst>
      <dst id="17">13166.5689</dst>
      <dst id="21">2493.6622</dst>
      <dst id="15">44.5867</dst>
    </src>
    <src id="2">
      <dst id="12">68665.0933</dst>
      <dst id="13">515706.4267</dst>
      <dst id="19">130.9511</dst>
      <dst id="23">7.8578</dst>
      <dst id="8">745.4400</dst>
      <dst id="18">62628.2756</dst>
      <dst id="4">108409.8044</dst>
      <dst id="1">10464.1511</dst>
      <dst id="5">970.3911</dst>
      <dst id="3">73.5200</dst>
      <dst id="22">1051.2000</dst>
      <dst id="7">2917.8400</dst>
      <dst id="2">406.9067</dst>
      <dst id="6">7945.0133</dst>
      <dst id="16">2396.7289</dst>
      <dst id="14">5252.6667</dst>
      <dst id="20">3543.8222</dst>
      <dst id="11">8370.6044</dst>
      <dst id="9">602.2489</dst>
      <dst id="17">17723.6356</dst>
      <dst id="21">4780.8711</dst>
      <dst id="15">14924.9067</dst>
    </src>
    <src id="6">
      <dst id="12">9096.8622</dst>
      <dst id="13">18.8356</dst>
      <dst id="19">0.8800</dst>
      <dst id="8">11.4667</dst>
      <dst id="18">1.2622</dst>
      <dst id="4">1210.0178</dst>
      <dst id="5">1.2800</dst>
      <dst id="22">2.2489</dst>
      <dst id="7">0.7289</dst>
      <dst id="2">2476.4000</dst>
      <dst id="16">0.6933</dst>
      <dst id="20">3.0756</dst>
      <dst id="11">25.6622</dst>
      <dst id="9">0.7467</dst>
      <dst id="17">1326.3733</dst>
      <dst id="21">13.3778</dst>
      <dst id="15">0.3378</dst>
    </src>
    <src id="16">
      <dst id="12">3750.1511</dst>
      <dst id="13">1201.8311</dst>
      <dst id="19">2830.9956</dst>
      <dst id="23">3.7422</dst>
      <dst id="8">2019.5200</dst>
      <dst id="18">4.3911</dst>
      <dst id="4">5905.4044</dst>
      <dst id="1">10669.9822</dst>
      <dst id="5">737.8044</dst>
      <dst id="7">11366.0178</dst>
      <dst id="2">755.5289</dst>
      <dst id="6">0.8622</dst>
      <dst id="16">31.5822</dst>
      <dst id="14">388.9689</dst>
      <dst id="11">427.0044</dst>
      <dst id="9">3117.9200</dst>
      <dst id="17">667.4489</dst>
      <dst id="21">2695.8756</dst>
    </src>
    <src id="14">
      <dst id="12">12037.4400</dst>
      <dst id="13">58.4000</dst>
      <dst id="19">3.7333</dst>
      <dst id="4">1497.3422</dst>
      <dst id="1">52.0356</dst>
      <dst id="5">20.9244</dst>
      <dst id="3">24.1333</dst>
      <dst id="22">2.2578</dst>
      <dst id="7">69.6000</dst>
      <dst id="2">4666.8356</dst>
      <dst id="16">47.5733</dst>
      <dst id="20">1.2800</dst>
      <dst id="11">26.4711</dst>
      <dst id="9">1.6356</dst>
      <dst id="17">5212.9956</dst>
      <dst id="21">101.5289</dst>
    </src>
    <src id="20">
      <dst id="12">6122.7022</dst>
      <dst id="13">9433.5733</dst>
      <dst id="19">1112.2933</dst>
      <dst id="23">2.0444</dst>
      <dst id="8">119.2533</dst>
      <dst id="18">2.6133</dst>
      <dst id="4">13337.2356</dst>
      <dst id="1">64.0089</dst>
      <dst id="5">7665.6000</dst>
      <dst id="3">8531.9289</dst>
      <dst id="7">149.2889</dst>
      <dst id="2">2735.9200</dst>
      <dst id="6">27.4489</dst>
      <dst id="11">879.0489</dst>
      <dst id="9">3325.3689</dst>
      <dst id="17">403.7244</dst>
      <dst id="21">979.9111</dst>
    </src>
    <src id="11">
      <dst id="12">398832.8089</dst>
      <dst id="13">3043.2800</dst>
      <dst id="19">129.7067</dst>
      <dst id="23">12.9333</dst>
      <dst id="8">322.1156</dst>
      <dst id="18">135.5911</dst>
      <dst id="4">12552.8800</dst>
      <dst id="1">474.8444</dst>
      <dst id="5">1120.9778</dst>
      <dst id="3">448.8889</dst>
      <dst id="22">1714.4444</dst>
      <dst id="7">327.1467</dst>
      <dst id="2">149426.9956</dst>
      <dst id="6">84.9067</dst>
      <dst id="16">140.9956</dst>
      <dst id="14">52.7378</dst>
      <dst id="20">455.0489</dst>
      <dst id="11">1399.0578</dst>
      <dst id="9">3113.4667</dst>
      <dst id="17">157633.7156</dst>
      <dst id="21">1201.0756</dst>
      <dst id="15">103.4311</dst>
    </src>
    <src id="9">
      <dst id="12">372555.4044</dst>
      <dst id="13">22306.9422</dst>
      <dst id="19">6.4267</dst>
      <dst id="23">17.4489</dst>
      <dst id="8">2011.4933</dst>
      <dst id="18">898.8089</dst>
      <dst id="4">15026.2489</dst>
      <dst id="1">614.6311</dst>
      <dst id="5">2429.2000</dst>
      <dst id="22">13334.9689</dst>
      <dst id="7">440.8178</dst>
      <dst id="2">144166.7111</dst>
      <dst id="6">0.9778</dst>
      <dst id="16">592.5244</dst>
      <dst id="14">1.5556</dst>
      <dst id="20">2279.8933</dst>
      <dst id="11">1392.5244</dst>
      <dst id="9">127.1111</dst>
      <dst id="17">183862.0978</dst>
      <dst id="21">1506.6044</dst>
      <dst id="15">434.3200</dst>
    </src>
    <src id="17">
      <dst id="12">7043.7333</dst>
      <dst id="13">943.2356</dst>
      <dst id="19">716.1778</dst>
      <dst id="23">41.3067</dst>
      <dst id="8">131639.1200</dst>
      <dst id="18">126.2578</dst>
      <dst id="4">164366.4000</dst>
      <dst id="1">2315.6889</dst>
      <dst id="5">158525.5467</dst>
      <dst id="3">7274.2933</dst>
      <dst id="22">3934.4622</dst>
      <dst id="7">4368.6844</dst>
      <dst id="2">24859.4756</dst>
      <dst id="6">51.8844</dst>
      <dst id="16">3280.0622</dst>
      <dst id="14">18529.4756</dst>
      <dst id="20">1019.9556</dst>
      <dst id="11">103100.3378</dst>
      <dst id="9">140630.1067</dst>
      <dst id="17">1921.0133</dst>
      <dst id="21">6495.1644</dst>
      <dst id="15">112.6133</dst>
    </src>
    <src id="21">
      <dst id="12">20962.2222</dst>
      <dst id="13">394.9422</dst>
      <dst id="19">117.9467</dst>
      <dst id="23">36.9422</dst>
      <dst id="8">143.2178</dst>
      <dst id="18">731.6889</dst>
      <dst id="4">20810.7733</dst>
      <dst id="1">890.0000</dst>
      <dst id="5">123.2356</dst>
      <dst id="3">850.3822</dst>
      <dst id="22">1660.5778</dst>
      <dst id="7">3988.6311</dst>
      <dst id="2">8379.4933</dst>
      <dst id="6">1.0667</dst>
      <dst id="16">378.9778</dst>
      <dst id="14">193.8133</dst>
      <dst id="20">206.4889</dst>
      <dst id="11">631.4667</dst>
      <dst id="9">618.0978</dst>
      <dst id="17">3029.9111</dst>
      <dst id="21">1862.2933</dst>
      <dst id="15">56.6400</dst>
    </src>
    <src id="15">
      <dst id="12">45.0044</dst>
      <dst id="13">331.0578</dst>
      <dst id="23">3.2356</dst>
      <dst id="8">31.8756</dst>
      <dst id="18">405.9467</dst>
      <dst id="4">2798.8622</dst>
      <dst id="1">625.9289</dst>
      <dst id="5">611.2089</dst>
      <dst id="3">3.9289</dst>
      <dst id="7">104.4089</dst>
      <dst id="2">407.6356</dst>
      <dst id="11">22.7467</dst>
      <dst id="9">1197.4222</dst>
      <dst id="17">402.4711</dst>
      <dst id="21">70.5778</dst>
    </src>
  </IntraTM>
</TrafficMatrixFile>
