<?xml version="1.0" encoding="UTF-8" standalone="yes"?>
<TrafficMatrixFile xmlns:xsi="http://www.w3.org/2001/XMLSchema-instance" xsi:noNamespaceSchemaLocation="http://totem.run.montefiore.ulg.ac.be/Schema/TrafficMatrix-v1_2.xsd">
  <info>
    <title>Intradomain traffic matrix generated by geant-TM-all.pl</title>
    <date>2005-01-04T18:45:00</date>
    <duration>900</duration>
    <author>Steve Uhlig</author>
    <units>
        <unit type="bandwidth" value="kbps"/>
    </units>
  </info>
  <IntraTM ASID="20965">
    <src id="12">
      <dst id="12">204598.7733</dst>
      <dst id="13">11397.1467</dst>
      <dst id="19">1261.5733</dst>
      <dst id="23">302.4711</dst>
      <dst id="8">1004.6578</dst>
      <dst id="18">313.0578</dst>
      <dst id="4">68699.1911</dst>
      <dst id="1">7466.9867</dst>
      <dst id="5">11748.4711</dst>
      <dst id="3">3037.0756</dst>
      <dst id="22">11913.5467</dst>
      <dst id="7">6085.7156</dst>
      <dst id="2">75008.2400</dst>
      <dst id="6">23.7244</dst>
      <dst id="16">7961.2622</dst>
      <dst id="14">832.3556</dst>
      <dst id="20">9934.4267</dst>
      <dst id="11">1328.2844</dst>
      <dst id="9">2329.1556</dst>
      <dst id="17">74385.4222</dst>
      <dst id="21">2154.3556</dst>
      <dst id="15">455.5022</dst>
    </src>
    <src id="13">
      <dst id="12">26793.5911</dst>
      <dst id="19">5613.2000</dst>
      <dst id="23">66.8178</dst>
      <dst id="8">1369.4667</dst>
      <dst id="18">1089.3422</dst>
      <dst id="1">3926.8000</dst>
      <dst id="5">4168.0978</dst>
      <dst id="3">10538.4267</dst>
      <dst id="22">16078.4800</dst>
      <dst id="7">7974.3822</dst>
      <dst id="2">71148.2222</dst>
      <dst id="6">74.4089</dst>
      <dst id="16">6956.0000</dst>
      <dst id="14">8750.5422</dst>
      <dst id="20">5477.2356</dst>
      <dst id="11">8453.4400</dst>
      <dst id="9">11970.3911</dst>
      <dst id="17">45831.4311</dst>
      <dst id="21">5994.5422</dst>
      <dst id="15">8128.7111</dst>
    </src>
    <src id="19">
      <dst id="12">12126.4000</dst>
      <dst id="13">247.2178</dst>
      <dst id="23">0.3378</dst>
      <dst id="18">2.1778</dst>
      <dst id="4">18261.5911</dst>
      <dst id="1">408.7289</dst>
      <dst id="5">101.8667</dst>
      <dst id="22">322.4444</dst>
      <dst id="7">3254.4711</dst>
      <dst id="2">555.8133</dst>
      <dst id="6">41.0844</dst>
      <dst id="16">6577.9022</dst>
      <dst id="14">110.9333</dst>
      <dst id="20">14.4000</dst>
      <dst id="11">154.9156</dst>
      <dst id="9">81.0044</dst>
      <dst id="17">954.0889</dst>
      <dst id="21">1132.8444</dst>
      <dst id="15">3.4133</dst>
    </src>
    <src id="23">
      <dst id="12">625.8756</dst>
      <dst id="13">1331.6622</dst>
      <dst id="19">0.4711</dst>
      <dst id="18">1.0311</dst>
      <dst id="4">166.0533</dst>
      <dst id="1">17.2533</dst>
      <dst id="5">129.8933</dst>
      <dst id="3">67.4133</dst>
      <dst id="22">110.6489</dst>
      <dst id="7">18.1422</dst>
      <dst id="2">2.1156</dst>
      <dst id="6">0.3378</dst>
      <dst id="16">39.3422</dst>
      <dst id="14">21.0578</dst>
      <dst id="20">80.0000</dst>
      <dst id="11">130.9956</dst>
      <dst id="9">1046.8533</dst>
      <dst id="17">289.7956</dst>
      <dst id="21">280.9333</dst>
    </src>
    <src id="8">
      <dst id="12">264583.9733</dst>
      <dst id="13">646.4000</dst>
      <dst id="18">12.6578</dst>
      <dst id="4">5336.9422</dst>
      <dst id="1">331.1822</dst>
      <dst id="5">327.3333</dst>
      <dst id="3">106.6133</dst>
      <dst id="22">1720.4622</dst>
      <dst id="7">1.2089</dst>
      <dst id="2">109452.4711</dst>
      <dst id="16">14278.8978</dst>
      <dst id="14">13.6889</dst>
      <dst id="20">835.6000</dst>
      <dst id="11">528.3822</dst>
      <dst id="9">336.8800</dst>
      <dst id="17">90684.8000</dst>
      <dst id="21">248.0178</dst>
      <dst id="15">1321.3244</dst>
    </src>
    <src id="18">
      <dst id="12">88620.2756</dst>
      <dst id="13">47.6356</dst>
      <dst id="19">0.7111</dst>
      <dst id="23">0.5689</dst>
      <dst id="8">13.4933</dst>
      <dst id="4">1461.5911</dst>
      <dst id="1">904.7111</dst>
      <dst id="5">262.8800</dst>
      <dst id="3">5.2889</dst>
      <dst id="22">281.4222</dst>
      <dst id="7">0.8178</dst>
      <dst id="2">31822.9867</dst>
      <dst id="16">18.2844</dst>
      <dst id="20">893.3689</dst>
      <dst id="11">238.1511</dst>
      <dst id="9">102.4000</dst>
      <dst id="17">26970.0356</dst>
      <dst id="21">105.2800</dst>
      <dst id="15">106.4889</dst>
    </src>
    <src id="4">
      <dst id="12">10315.7600</dst>
      <dst id="19">14996.4533</dst>
      <dst id="8">878.9511</dst>
      <dst id="18">566.7200</dst>
      <dst id="4">4.8622</dst>
      <dst id="1">35086.2756</dst>
      <dst id="5">1963.7511</dst>
      <dst id="3">14.8622</dst>
      <dst id="22">3390.8889</dst>
      <dst id="7">35703.8044</dst>
      <dst id="2">116045.4844</dst>
      <dst id="6">27.5022</dst>
      <dst id="16">1482.0622</dst>
      <dst id="14">4188.8267</dst>
      <dst id="20">490.1689</dst>
      <dst id="11">3247.1022</dst>
      <dst id="9">2264.0444</dst>
      <dst id="17">24980.1156</dst>
      <dst id="21">4909.6267</dst>
      <dst id="15">443.1289</dst>
    </src>
    <src id="1">
      <dst id="12">19573.5022</dst>
      <dst id="13">173.6356</dst>
      <dst id="19">243.0311</dst>
      <dst id="23">50.9156</dst>
      <dst id="8">79136.8089</dst>
      <dst id="18">12234.5956</dst>
      <dst id="4">9470.3111</dst>
      <dst id="1">4127.2000</dst>
      <dst id="5">178217.8133</dst>
      <dst id="3">101.6622</dst>
      <dst id="22">620.8800</dst>
      <dst id="7">992.7911</dst>
      <dst id="2">1798.2756</dst>
      <dst id="6">7496.6578</dst>
      <dst id="16">10424.2311</dst>
      <dst id="14">121.8844</dst>
      <dst id="20">92.5867</dst>
      <dst id="11">289.0400</dst>
      <dst id="9">177028.2933</dst>
      <dst id="17">11414.4889</dst>
      <dst id="21">2054.5244</dst>
      <dst id="15">81.9111</dst>
    </src>
    <src id="5">
      <dst id="12">238277.7956</dst>
      <dst id="13">903.6889</dst>
      <dst id="19">27.9556</dst>
      <dst id="23">524.8533</dst>
      <dst id="8">541.2978</dst>
      <dst id="18">1228.8978</dst>
      <dst id="4">4662.2933</dst>
      <dst id="1">380.8089</dst>
      <dst id="3">1.7067</dst>
      <dst id="22">2055.5200</dst>
      <dst id="7">82.9067</dst>
      <dst id="2">104619.7867</dst>
      <dst id="6">29.1733</dst>
      <dst id="16">649.5022</dst>
      <dst id="14">44.8356</dst>
      <dst id="20">2595.3244</dst>
      <dst id="11">527.5289</dst>
      <dst id="9">375.6533</dst>
      <dst id="17">91819.1467</dst>
      <dst id="21">326.8889</dst>
      <dst id="15">95.2711</dst>
    </src>
    <src id="3">
      <dst id="12">6863.0400</dst>
      <dst id="13">240.6044</dst>
      <dst id="19">1198.4800</dst>
      <dst id="23">1013.1467</dst>
      <dst id="8">38.8178</dst>
      <dst id="18">40871.4311</dst>
      <dst id="4">13584.5689</dst>
      <dst id="1">4972.0267</dst>
      <dst id="5">137.9289</dst>
      <dst id="3">9085.9911</dst>
      <dst id="22">1890.9867</dst>
      <dst id="7">1504.4711</dst>
      <dst id="2">5971.1556</dst>
      <dst id="6">3.8400</dst>
      <dst id="16">1199.6356</dst>
      <dst id="14">66186.5778</dst>
      <dst id="20">93.7422</dst>
      <dst id="11">93643.5111</dst>
      <dst id="9">131.1022</dst>
      <dst id="17">3886.1867</dst>
      <dst id="21">20397.7156</dst>
      <dst id="15">37.2889</dst>
    </src>
    <src id="10">
      <dst id="12">12147.5378</dst>
      <dst id="19">7956.0000</dst>
      <dst id="8">452.3111</dst>
      <dst id="18">317.8578</dst>
      <dst id="1">2513.1111</dst>
      <dst id="5">962.8444</dst>
      <dst id="3">4497.8400</dst>
      <dst id="22">4834.3200</dst>
      <dst id="7">38863.1111</dst>
      <dst id="2">17069.8489</dst>
      <dst id="6">2.1422</dst>
      <dst id="16">1308.4978</dst>
      <dst id="14">6543.7244</dst>
      <dst id="20">14097.3511</dst>
      <dst id="11">4752.7822</dst>
      <dst id="9">4225.6889</dst>
      <dst id="17">13515.7156</dst>
      <dst id="21">8310.9689</dst>
      <dst id="15">330.1333</dst>
    </src>
    <src id="22">
      <dst id="12">4195.8489</dst>
      <dst id="13">2228.7644</dst>
      <dst id="19">38.1778</dst>
      <dst id="23">12.7822</dst>
      <dst id="8">402.3200</dst>
      <dst id="18">828.9778</dst>
      <dst id="4">16014.8889</dst>
      <dst id="1">137.0489</dst>
      <dst id="5">3053.3422</dst>
      <dst id="3">311.7156</dst>
      <dst id="7">1022.8178</dst>
      <dst id="2">5788.7644</dst>
      <dst id="6">4.2044</dst>
      <dst id="14">193.9200</dst>
      <dst id="11">2488.9511</dst>
      <dst id="9">1221.0844</dst>
      <dst id="17">2998.8622</dst>
      <dst id="21">642.7822</dst>
    </src>
    <src id="7">
      <dst id="12">1749.4578</dst>
      <dst id="13">2034.6489</dst>
      <dst id="19">153.5822</dst>
      <dst id="23">64.2044</dst>
      <dst id="8">18.3911</dst>
      <dst id="18">56.4356</dst>
      <dst id="4">111673.1644</dst>
      <dst id="1">614.5778</dst>
      <dst id="5">740.4889</dst>
      <dst id="3">491.5111</dst>
      <dst id="22">3715.8489</dst>
      <dst id="7">742.5067</dst>
      <dst id="2">3907.3156</dst>
      <dst id="6">41.6178</dst>
      <dst id="16">723.0578</dst>
      <dst id="14">258.9867</dst>
      <dst id="20">23.9467</dst>
      <dst id="11">950.4444</dst>
      <dst id="9">892.4889</dst>
      <dst id="17">4360.4356</dst>
      <dst id="21">3319.5556</dst>
      <dst id="15">298.8711</dst>
    </src>
    <src id="2">
      <dst id="12">112609.2978</dst>
      <dst id="13">531442.0267</dst>
      <dst id="19">4052.3556</dst>
      <dst id="8">80.5067</dst>
      <dst id="18">36409.8756</dst>
      <dst id="4">67862.3111</dst>
      <dst id="1">1511.5111</dst>
      <dst id="5">709.8133</dst>
      <dst id="3">51.1911</dst>
      <dst id="22">2470.4889</dst>
      <dst id="7">2149.0489</dst>
      <dst id="2">678.8711</dst>
      <dst id="6">7459.3422</dst>
      <dst id="16">9256.9333</dst>
      <dst id="14">6342.1956</dst>
      <dst id="20">5640.4356</dst>
      <dst id="11">2069.8667</dst>
      <dst id="9">3619.4578</dst>
      <dst id="17">23432.3467</dst>
      <dst id="21">1460.3911</dst>
      <dst id="15">947.1200</dst>
    </src>
    <src id="6">
      <dst id="12">9449.6533</dst>
      <dst id="13">3.6000</dst>
      <dst id="19">3.9911</dst>
      <dst id="23">0.8622</dst>
      <dst id="8">0.5600</dst>
      <dst id="18">26.3111</dst>
      <dst id="4">1299.0133</dst>
      <dst id="1">15.9111</dst>
      <dst id="5">0.7644</dst>
      <dst id="3">13.5200</dst>
      <dst id="22">24.3822</dst>
      <dst id="7">233.1556</dst>
      <dst id="2">2163.8844</dst>
      <dst id="16">0.9156</dst>
      <dst id="14">13.7067</dst>
      <dst id="11">1.6089</dst>
      <dst id="9">11.8222</dst>
      <dst id="17">2054.1511</dst>
      <dst id="21">12.8978</dst>
      <dst id="15">1.1556</dst>
    </src>
    <src id="16">
      <dst id="12">3338.2400</dst>
      <dst id="13">204.6400</dst>
      <dst id="19">4014.1156</dst>
      <dst id="23">3.6622</dst>
      <dst id="8">3851.4844</dst>
      <dst id="18">17.4311</dst>
      <dst id="4">5566.2133</dst>
      <dst id="1">23763.6267</dst>
      <dst id="5">4273.2178</dst>
      <dst id="3">2.3289</dst>
      <dst id="7">447.5911</dst>
      <dst id="2">302.5244</dst>
      <dst id="16">54.5867</dst>
      <dst id="14">585.5289</dst>
      <dst id="11">695.6000</dst>
      <dst id="9">4536.1067</dst>
      <dst id="17">2418.5956</dst>
      <dst id="21">1744.9956</dst>
    </src>
    <src id="14">
      <dst id="12">21361.3956</dst>
      <dst id="13">43.3511</dst>
      <dst id="19">6.2222</dst>
      <dst id="23">3.5378</dst>
      <dst id="8">0.5600</dst>
      <dst id="4">2017.1022</dst>
      <dst id="1">242.8000</dst>
      <dst id="5">4.8800</dst>
      <dst id="3">80.4267</dst>
      <dst id="22">3.4667</dst>
      <dst id="7">78.8267</dst>
      <dst id="2">9028.8089</dst>
      <dst id="6">5.3422</dst>
      <dst id="16">75.7156</dst>
      <dst id="20">33.4133</dst>
      <dst id="11">95.6444</dst>
      <dst id="9">15.0133</dst>
      <dst id="17">9256.4444</dst>
      <dst id="21">172.0800</dst>
      <dst id="15">25.9022</dst>
    </src>
    <src id="20">
      <dst id="12">1894.3911</dst>
      <dst id="13">4106.7467</dst>
      <dst id="19">3.6000</dst>
      <dst id="23">0.9244</dst>
      <dst id="8">106.6667</dst>
      <dst id="18">18.7467</dst>
      <dst id="4">8133.6089</dst>
      <dst id="1">168.2044</dst>
      <dst id="5">5673.0489</dst>
      <dst id="3">110.0000</dst>
      <dst id="7">266.3467</dst>
      <dst id="2">1172.0711</dst>
      <dst id="14">43.2711</dst>
      <dst id="11">137.6356</dst>
      <dst id="9">1208.7022</dst>
      <dst id="17">3349.1200</dst>
      <dst id="21">76.5867</dst>
    </src>
    <src id="11">
      <dst id="12">367156.0889</dst>
      <dst id="13">1899.9556</dst>
      <dst id="19">22.7733</dst>
      <dst id="23">2.4711</dst>
      <dst id="8">255.2711</dst>
      <dst id="18">155.1822</dst>
      <dst id="4">9571.7600</dst>
      <dst id="1">638.0444</dst>
      <dst id="5">1580.7644</dst>
      <dst id="3">242.9333</dst>
      <dst id="22">3168.1956</dst>
      <dst id="7">175.8756</dst>
      <dst id="2">139057.3778</dst>
      <dst id="6">38.3022</dst>
      <dst id="16">55.6889</dst>
      <dst id="14">110.8889</dst>
      <dst id="20">211.4222</dst>
      <dst id="11">2327.7156</dst>
      <dst id="9">904.0000</dst>
      <dst id="17">140979.2622</dst>
      <dst id="21">321.9911</dst>
      <dst id="15">63.9644</dst>
    </src>
    <src id="9">
      <dst id="12">385473.0311</dst>
      <dst id="13">1104.5422</dst>
      <dst id="19">1.6622</dst>
      <dst id="23">58.6844</dst>
      <dst id="8">3126.2578</dst>
      <dst id="18">2907.4489</dst>
      <dst id="4">9480.6044</dst>
      <dst id="1">1181.3600</dst>
      <dst id="5">2624.4267</dst>
      <dst id="3">2.9333</dst>
      <dst id="22">968.0267</dst>
      <dst id="7">1927.1644</dst>
      <dst id="2">135519.5733</dst>
      <dst id="6">0.3556</dst>
      <dst id="16">389.3689</dst>
      <dst id="14">8.6133</dst>
      <dst id="20">755.7511</dst>
      <dst id="11">1137.5556</dst>
      <dst id="9">320.1867</dst>
      <dst id="17">145841.7511</dst>
      <dst id="21">465.3867</dst>
      <dst id="15">533.9289</dst>
    </src>
    <src id="17">
      <dst id="12">7109.6000</dst>
      <dst id="13">996.8089</dst>
      <dst id="19">221.4667</dst>
      <dst id="23">798.4444</dst>
      <dst id="8">103000.3289</dst>
      <dst id="18">98.2933</dst>
      <dst id="4">27300.1067</dst>
      <dst id="1">11323.4400</dst>
      <dst id="5">175425.8400</dst>
      <dst id="3">3842.0089</dst>
      <dst id="22">2990.7467</dst>
      <dst id="7">1634.7022</dst>
      <dst id="2">6809.0311</dst>
      <dst id="6">34.8622</dst>
      <dst id="16">3715.1022</dst>
      <dst id="14">60631.8844</dst>
      <dst id="20">1379.4933</dst>
      <dst id="11">79734.1067</dst>
      <dst id="9">142847.6533</dst>
      <dst id="17">1346.4000</dst>
      <dst id="21">16502.8800</dst>
      <dst id="15">54.9067</dst>
    </src>
    <src id="21">
      <dst id="12">22212.0000</dst>
      <dst id="13">263.7156</dst>
      <dst id="19">49.1911</dst>
      <dst id="23">8.5689</dst>
      <dst id="8">60.1511</dst>
      <dst id="18">90.7022</dst>
      <dst id="4">9476.4000</dst>
      <dst id="1">1751.0222</dst>
      <dst id="5">320.5333</dst>
      <dst id="3">2577.4933</dst>
      <dst id="22">1215.6711</dst>
      <dst id="7">1207.6533</dst>
      <dst id="2">13249.7422</dst>
      <dst id="6">1.4489</dst>
      <dst id="16">205.1911</dst>
      <dst id="14">113.1467</dst>
      <dst id="20">86.9422</dst>
      <dst id="11">1380.6133</dst>
      <dst id="9">629.6089</dst>
      <dst id="17">7904.0622</dst>
      <dst id="21">296.2222</dst>
      <dst id="15">103.3600</dst>
    </src>
    <src id="15">
      <dst id="12">6763.7867</dst>
      <dst id="13">366.7289</dst>
      <dst id="19">42.1333</dst>
      <dst id="23">0.3378</dst>
      <dst id="8">287.3867</dst>
      <dst id="18">16.6222</dst>
      <dst id="4">1758.6578</dst>
      <dst id="1">670.5689</dst>
      <dst id="5">47.3600</dst>
      <dst id="3">10.6756</dst>
      <dst id="7">28.8889</dst>
      <dst id="2">2260.0089</dst>
      <dst id="14">0.4267</dst>
      <dst id="11">29.4844</dst>
      <dst id="9">2928.6667</dst>
      <dst id="17">543.6444</dst>
      <dst id="21">61.7778</dst>
    </src>
  </IntraTM>
</TrafficMatrixFile>
