<?xml version="1.0" encoding="UTF-8" standalone="yes"?>
<TrafficMatrixFile xmlns:xsi="http://www.w3.org/2001/XMLSchema-instance" xsi:noNamespaceSchemaLocation="http://totem.run.montefiore.ulg.ac.be/Schema/TrafficMatrix-v1_2.xsd">
  <info>
    <title>Intradomain traffic matrix generated by geant-TM-all.pl</title>
    <date>2005-01-02T01:15:00</date>
    <duration>900</duration>
    <author>Steve Uhlig</author>
    <units>
        <unit type="bandwidth" value="kbps"/>
    </units>
  </info>
  <IntraTM ASID="20965">
    <src id="12">
      <dst id="12">359528.5156</dst>
      <dst id="13">42057.9644</dst>
      <dst id="19">4651.1911</dst>
      <dst id="23">1680.8178</dst>
      <dst id="8">10633.4756</dst>
      <dst id="18">2941.2533</dst>
      <dst id="4">106594.6578</dst>
      <dst id="1">12824.6133</dst>
      <dst id="5">9353.2267</dst>
      <dst id="3">9137.4578</dst>
      <dst id="22">44585.1289</dst>
      <dst id="7">7876.4444</dst>
      <dst id="2">120198.4000</dst>
      <dst id="6">1430.6844</dst>
      <dst id="16">7521.6089</dst>
      <dst id="14">468.2311</dst>
      <dst id="20">10052.6489</dst>
      <dst id="11">9250.4711</dst>
      <dst id="9">21884.4444</dst>
      <dst id="17">79969.3422</dst>
      <dst id="21">21087.2889</dst>
      <dst id="15">3597.2711</dst>
    </src>
    <src id="13">
      <dst id="12">73245.5556</dst>
      <dst id="19">7040.8800</dst>
      <dst id="23">1485.9200</dst>
      <dst id="8">16497.0400</dst>
      <dst id="18">9536.4800</dst>
      <dst id="1">5927.8222</dst>
      <dst id="5">20606.0356</dst>
      <dst id="3">27103.9289</dst>
      <dst id="22">32959.2889</dst>
      <dst id="7">10420.0978</dst>
      <dst id="2">152366.9244</dst>
      <dst id="6">388.1778</dst>
      <dst id="16">8279.1378</dst>
      <dst id="14">2879.1200</dst>
      <dst id="20">30275.3600</dst>
      <dst id="11">18204.2133</dst>
      <dst id="9">15254.1333</dst>
      <dst id="17">65746.6578</dst>
      <dst id="21">44721.7778</dst>
      <dst id="15">4326.3289</dst>
    </src>
    <src id="19">
      <dst id="12">15389.6356</dst>
      <dst id="13">5418.3200</dst>
      <dst id="23">119.9200</dst>
      <dst id="8">15.1200</dst>
      <dst id="18">1146.4000</dst>
      <dst id="4">25516.8711</dst>
      <dst id="1">99.5111</dst>
      <dst id="5">128.7911</dst>
      <dst id="3">4564.1333</dst>
      <dst id="22">3719.2444</dst>
      <dst id="7">5991.0400</dst>
      <dst id="2">1225.2622</dst>
      <dst id="6">120.9422</dst>
      <dst id="16">6350.9956</dst>
      <dst id="14">1.0222</dst>
      <dst id="20">32.9778</dst>
      <dst id="11">147.6178</dst>
      <dst id="9">1266.0711</dst>
      <dst id="17">3992.9600</dst>
      <dst id="21">763.7689</dst>
      <dst id="15">2058.3200</dst>
    </src>
    <src id="23">
      <dst id="12">1011.7333</dst>
      <dst id="13">395.5022</dst>
      <dst id="19">4.1333</dst>
      <dst id="8">42.7733</dst>
      <dst id="18">235.9822</dst>
      <dst id="4">814.5067</dst>
      <dst id="1">443.0844</dst>
      <dst id="5">17.2533</dst>
      <dst id="3">1285.2978</dst>
      <dst id="22">282.4622</dst>
      <dst id="7">254.0089</dst>
      <dst id="2">91.0933</dst>
      <dst id="6">3.0311</dst>
      <dst id="16">21.7156</dst>
      <dst id="14">5.0667</dst>
      <dst id="20">1142.2756</dst>
      <dst id="11">240.6133</dst>
      <dst id="9">412.1600</dst>
      <dst id="17">396.3378</dst>
      <dst id="21">4013.1644</dst>
      <dst id="15">40.6933</dst>
    </src>
    <src id="8">
      <dst id="12">351792.7111</dst>
      <dst id="13">2257.8578</dst>
      <dst id="19">167.1644</dst>
      <dst id="23">281.0667</dst>
      <dst id="18">367.2444</dst>
      <dst id="4">11844.8178</dst>
      <dst id="1">79.5556</dst>
      <dst id="5">4119.1289</dst>
      <dst id="3">1634.1956</dst>
      <dst id="22">1943.3956</dst>
      <dst id="7">78.4089</dst>
      <dst id="2">125553.5022</dst>
      <dst id="6">0.4178</dst>
      <dst id="16">420.5511</dst>
      <dst id="14">12.4444</dst>
      <dst id="20">1228.2667</dst>
      <dst id="11">702.7467</dst>
      <dst id="9">1572.3111</dst>
      <dst id="17">104369.9911</dst>
      <dst id="21">3688.0356</dst>
      <dst id="15">757.2267</dst>
    </src>
    <src id="18">
      <dst id="12">154351.1822</dst>
      <dst id="13">534.0178</dst>
      <dst id="19">309.1822</dst>
      <dst id="23">8.3022</dst>
      <dst id="8">410.3467</dst>
      <dst id="4">2611.8667</dst>
      <dst id="1">942.9244</dst>
      <dst id="5">714.0800</dst>
      <dst id="3">219.5733</dst>
      <dst id="22">533.4044</dst>
      <dst id="7">154.0533</dst>
      <dst id="2">46157.2000</dst>
      <dst id="16">27.0844</dst>
      <dst id="14">15.8667</dst>
      <dst id="20">89.0578</dst>
      <dst id="11">236.3289</dst>
      <dst id="9">120.3822</dst>
      <dst id="17">39828.9778</dst>
      <dst id="21">1438.0267</dst>
      <dst id="15">4.2044</dst>
    </src>
    <src id="4">
      <dst id="12">18353.8489</dst>
      <dst id="19">10285.8844</dst>
      <dst id="23">16.1778</dst>
      <dst id="8">1632.8889</dst>
      <dst id="18">3164.6489</dst>
      <dst id="4">1.4933</dst>
      <dst id="1">2032.1156</dst>
      <dst id="5">2818.6311</dst>
      <dst id="3">185230.6222</dst>
      <dst id="22">6986.9689</dst>
      <dst id="7">40663.1022</dst>
      <dst id="2">70802.9689</dst>
      <dst id="6">43.7156</dst>
      <dst id="16">2259.0844</dst>
      <dst id="14">3269.0400</dst>
      <dst id="20">2206.5333</dst>
      <dst id="11">18685.5556</dst>
      <dst id="9">4177.0667</dst>
      <dst id="17">53404.7556</dst>
      <dst id="21">16996.2133</dst>
      <dst id="15">1558.5244</dst>
    </src>
    <src id="1">
      <dst id="12">14709.6444</dst>
      <dst id="13">1786.1689</dst>
      <dst id="19">103.8311</dst>
      <dst id="23">498.9867</dst>
      <dst id="8">191980.6844</dst>
      <dst id="18">21007.8133</dst>
      <dst id="4">17013.1822</dst>
      <dst id="1">66.7644</dst>
      <dst id="5">292296.6756</dst>
      <dst id="3">75990.6756</dst>
      <dst id="22">7055.3600</dst>
      <dst id="7">30416.4533</dst>
      <dst id="2">20227.3067</dst>
      <dst id="6">8067.8578</dst>
      <dst id="16">10304.4267</dst>
      <dst id="14">3092.2400</dst>
      <dst id="20">426.2667</dst>
      <dst id="11">797.4400</dst>
      <dst id="9">334426.7556</dst>
      <dst id="17">4933.6711</dst>
      <dst id="21">3335.5378</dst>
      <dst id="15">211.4044</dst>
    </src>
    <src id="5">
      <dst id="12">430149.2533</dst>
      <dst id="13">9677.1911</dst>
      <dst id="19">540.9867</dst>
      <dst id="23">95.8578</dst>
      <dst id="8">18348.0356</dst>
      <dst id="18">466.0533</dst>
      <dst id="4">8980.8089</dst>
      <dst id="1">118.6400</dst>
      <dst id="3">13242.7911</dst>
      <dst id="22">6359.6889</dst>
      <dst id="7">191.7689</dst>
      <dst id="2">187334.7200</dst>
      <dst id="6">2.5511</dst>
      <dst id="16">815.9556</dst>
      <dst id="14">65.7422</dst>
      <dst id="20">4089.5733</dst>
      <dst id="11">1614.5156</dst>
      <dst id="9">15709.7778</dst>
      <dst id="17">85257.0311</dst>
      <dst id="21">855.6978</dst>
      <dst id="15">528.2311</dst>
    </src>
    <src id="3">
      <dst id="12">11190.7378</dst>
      <dst id="13">1017.8311</dst>
      <dst id="19">4014.7289</dst>
      <dst id="23">129.6444</dst>
      <dst id="8">93.4933</dst>
      <dst id="18">205180.9511</dst>
      <dst id="4">43467.1911</dst>
      <dst id="1">14656.5956</dst>
      <dst id="5">6037.7867</dst>
      <dst id="3">20950.5067</dst>
      <dst id="22">3051.6622</dst>
      <dst id="7">1837.7333</dst>
      <dst id="2">7332.1422</dst>
      <dst id="6">19.3067</dst>
      <dst id="16">2442.5689</dst>
      <dst id="14">58515.9733</dst>
      <dst id="20">934.7111</dst>
      <dst id="11">218731.8667</dst>
      <dst id="9">650.9422</dst>
      <dst id="17">14332.8889</dst>
      <dst id="21">10485.0933</dst>
      <dst id="15">105.0756</dst>
    </src>
    <src id="10">
      <dst id="12">13410.2400</dst>
      <dst id="19">5231.2622</dst>
      <dst id="23">0.4267</dst>
      <dst id="8">14268.8000</dst>
      <dst id="18">9609.7422</dst>
      <dst id="4">0.4622</dst>
      <dst id="1">926.8356</dst>
      <dst id="5">2129.4756</dst>
      <dst id="3">32509.7511</dst>
      <dst id="22">20269.5111</dst>
      <dst id="7">4476.8356</dst>
      <dst id="2">66076.7200</dst>
      <dst id="6">32.0978</dst>
      <dst id="16">1115.2800</dst>
      <dst id="14">1988.3111</dst>
      <dst id="20">8428.2667</dst>
      <dst id="11">7931.1556</dst>
      <dst id="9">5591.8844</dst>
      <dst id="17">24474.1778</dst>
      <dst id="21">22577.2356</dst>
      <dst id="15">1577.8222</dst>
    </src>
    <src id="22">
      <dst id="12">23567.5556</dst>
      <dst id="13">5433.5556</dst>
      <dst id="19">817.4222</dst>
      <dst id="23">720.7822</dst>
      <dst id="8">1345.6711</dst>
      <dst id="18">656.5778</dst>
      <dst id="4">27652.6933</dst>
      <dst id="1">253.0844</dst>
      <dst id="5">7191.4933</dst>
      <dst id="3">2534.4444</dst>
      <dst id="7">1069.2444</dst>
      <dst id="2">5751.3244</dst>
      <dst id="6">22.0267</dst>
      <dst id="16">1.0933</dst>
      <dst id="14">191.3333</dst>
      <dst id="11">3865.1644</dst>
      <dst id="9">1666.1156</dst>
      <dst id="17">7591.5911</dst>
      <dst id="21">2634.8178</dst>
    </src>
    <src id="7">
      <dst id="12">15382.7111</dst>
      <dst id="13">6013.4578</dst>
      <dst id="19">732.4889</dst>
      <dst id="23">589.9111</dst>
      <dst id="8">908.3378</dst>
      <dst id="18">3229.5644</dst>
      <dst id="4">62557.6889</dst>
      <dst id="1">20309.6356</dst>
      <dst id="5">1728.6933</dst>
      <dst id="3">26420.5422</dst>
      <dst id="22">6378.7733</dst>
      <dst id="7">990.0089</dst>
      <dst id="2">28106.5067</dst>
      <dst id="6">4.7644</dst>
      <dst id="16">1229.0933</dst>
      <dst id="14">335.5733</dst>
      <dst id="20">1678.9956</dst>
      <dst id="11">3222.5956</dst>
      <dst id="9">1795.5111</dst>
      <dst id="17">6832.6844</dst>
      <dst id="21">7718.4178</dst>
      <dst id="15">548.0267</dst>
    </src>
    <src id="2">
      <dst id="12">136384.0978</dst>
      <dst id="13">7342.6222</dst>
      <dst id="19">17088.7644</dst>
      <dst id="23">14.4711</dst>
      <dst id="8">836.9156</dst>
      <dst id="18">164490.6933</dst>
      <dst id="4">136276.0444</dst>
      <dst id="1">2317.1022</dst>
      <dst id="5">2406.4711</dst>
      <dst id="3">10652.9956</dst>
      <dst id="22">2470.9689</dst>
      <dst id="7">5306.6311</dst>
      <dst id="2">1446.8267</dst>
      <dst id="6">7517.7244</dst>
      <dst id="16">2883.0489</dst>
      <dst id="14">409.1289</dst>
      <dst id="20">1914.9422</dst>
      <dst id="11">7545.4222</dst>
      <dst id="9">2029.9644</dst>
      <dst id="17">15561.0222</dst>
      <dst id="21">19279.9467</dst>
      <dst id="15">361.0222</dst>
    </src>
    <src id="6">
      <dst id="12">11345.0222</dst>
      <dst id="13">28.5689</dst>
      <dst id="19">4.5600</dst>
      <dst id="23">14.9333</dst>
      <dst id="18">12.6222</dst>
      <dst id="4">95.2800</dst>
      <dst id="1">12.2844</dst>
      <dst id="5">2.6133</dst>
      <dst id="3">65.5644</dst>
      <dst id="22">25.4489</dst>
      <dst id="7">44.9956</dst>
      <dst id="2">2579.9733</dst>
      <dst id="16">1.1733</dst>
      <dst id="20">0.4622</dst>
      <dst id="11">499.9644</dst>
      <dst id="9">36.4444</dst>
      <dst id="17">1534.3733</dst>
      <dst id="21">35.4489</dst>
    </src>
    <src id="16">
      <dst id="12">3227.6800</dst>
      <dst id="13">1044.8711</dst>
      <dst id="19">5297.8667</dst>
      <dst id="23">231.5111</dst>
      <dst id="8">5972.2578</dst>
      <dst id="18">78.1422</dst>
      <dst id="4">6162.6044</dst>
      <dst id="1">17204.2578</dst>
      <dst id="5">7183.1644</dst>
      <dst id="3">3125.7778</dst>
      <dst id="7">1654.4622</dst>
      <dst id="2">1407.4222</dst>
      <dst id="6">26.4267</dst>
      <dst id="16">37.6533</dst>
      <dst id="14">482.7378</dst>
      <dst id="11">789.3422</dst>
      <dst id="9">7096.8356</dst>
      <dst id="17">2474.9156</dst>
      <dst id="21">897.3067</dst>
    </src>
    <src id="14">
      <dst id="12">28829.8044</dst>
      <dst id="13">140.4089</dst>
      <dst id="19">9.0489</dst>
      <dst id="23">50.9867</dst>
      <dst id="18">159.1822</dst>
      <dst id="4">3991.4844</dst>
      <dst id="1">150.4711</dst>
      <dst id="5">183.5733</dst>
      <dst id="3">213.5289</dst>
      <dst id="22">19.4222</dst>
      <dst id="7">74.8089</dst>
      <dst id="2">6865.5556</dst>
      <dst id="16">2.8267</dst>
      <dst id="20">2.0000</dst>
      <dst id="11">57.5378</dst>
      <dst id="9">180.2756</dst>
      <dst id="17">5983.5022</dst>
      <dst id="21">441.3333</dst>
    </src>
    <src id="20">
      <dst id="12">9095.1289</dst>
      <dst id="13">4677.0489</dst>
      <dst id="19">295.2889</dst>
      <dst id="23">320.4178</dst>
      <dst id="8">2163.6533</dst>
      <dst id="18">24.8089</dst>
      <dst id="4">12272.1067</dst>
      <dst id="1">327.2800</dst>
      <dst id="5">6705.0400</dst>
      <dst id="3">1156.3111</dst>
      <dst id="7">524.6311</dst>
      <dst id="2">7701.6356</dst>
      <dst id="6">1.3956</dst>
      <dst id="16">0.3556</dst>
      <dst id="14">11.5200</dst>
      <dst id="11">1635.7689</dst>
      <dst id="9">5206.3378</dst>
      <dst id="17">2993.3422</dst>
      <dst id="21">1153.3511</dst>
    </src>
    <src id="11">
      <dst id="12">471654.7022</dst>
      <dst id="13">1713.2711</dst>
      <dst id="19">59.0222</dst>
      <dst id="23">781.9289</dst>
      <dst id="8">5261.8844</dst>
      <dst id="18">681.9022</dst>
      <dst id="4">19504.9867</dst>
      <dst id="1">826.3644</dst>
      <dst id="5">3498.0889</dst>
      <dst id="3">1469.0844</dst>
      <dst id="22">4926.3378</dst>
      <dst id="7">542.9689</dst>
      <dst id="2">176862.4444</dst>
      <dst id="6">25.2089</dst>
      <dst id="16">915.9022</dst>
      <dst id="14">37.9289</dst>
      <dst id="20">1743.0756</dst>
      <dst id="11">3873.5022</dst>
      <dst id="9">1281.1911</dst>
      <dst id="17">111937.7511</dst>
      <dst id="21">2676.5244</dst>
      <dst id="15">1771.9911</dst>
    </src>
    <src id="9">
      <dst id="12">525288.2933</dst>
      <dst id="13">19182.3733</dst>
      <dst id="19">38.5067</dst>
      <dst id="23">86.8622</dst>
      <dst id="8">518.6489</dst>
      <dst id="18">918.2222</dst>
      <dst id="4">9361.4933</dst>
      <dst id="1">9716.6311</dst>
      <dst id="5">15772.1244</dst>
      <dst id="3">10414.2133</dst>
      <dst id="22">3990.6489</dst>
      <dst id="7">272.4178</dst>
      <dst id="2">169291.1378</dst>
      <dst id="6">2.2044</dst>
      <dst id="16">5305.6444</dst>
      <dst id="14">11.0578</dst>
      <dst id="20">8057.6356</dst>
      <dst id="11">586.7378</dst>
      <dst id="9">3668.1867</dst>
      <dst id="17">146383.2889</dst>
      <dst id="21">637.5022</dst>
      <dst id="15">1244.1333</dst>
    </src>
    <src id="17">
      <dst id="12">15946.2400</dst>
      <dst id="13">3348.5689</dst>
      <dst id="19">853.2000</dst>
      <dst id="23">1974.9156</dst>
      <dst id="8">200927.5022</dst>
      <dst id="18">4426.1333</dst>
      <dst id="4">55224.4800</dst>
      <dst id="1">15456.7467</dst>
      <dst id="5">308752.1956</dst>
      <dst id="3">25816.3378</dst>
      <dst id="22">10200.0978</dst>
      <dst id="7">17111.9378</dst>
      <dst id="2">24364.4356</dst>
      <dst id="6">78.6133</dst>
      <dst id="16">3364.9689</dst>
      <dst id="14">46468.1244</dst>
      <dst id="20">5882.1511</dst>
      <dst id="11">186888.7467</dst>
      <dst id="9">310165.7778</dst>
      <dst id="17">2123.9733</dst>
      <dst id="21">21044.4356</dst>
      <dst id="15">4761.2889</dst>
    </src>
    <src id="21">
      <dst id="12">26429.0756</dst>
      <dst id="13">5058.2311</dst>
      <dst id="19">766.6489</dst>
      <dst id="23">185.2622</dst>
      <dst id="8">312.7556</dst>
      <dst id="18">10248.1778</dst>
      <dst id="4">45179.4311</dst>
      <dst id="1">1244.8178</dst>
      <dst id="5">801.5556</dst>
      <dst id="3">5909.3867</dst>
      <dst id="22">2922.5333</dst>
      <dst id="7">3424.4356</dst>
      <dst id="2">14345.5733</dst>
      <dst id="6">118.0622</dst>
      <dst id="16">535.3333</dst>
      <dst id="14">99.4311</dst>
      <dst id="20">407.9644</dst>
      <dst id="11">2166.0089</dst>
      <dst id="9">2517.3333</dst>
      <dst id="17">9965.7511</dst>
      <dst id="21">3752.0978</dst>
      <dst id="15">985.0667</dst>
    </src>
    <src id="15">
      <dst id="12">3451.2356</dst>
      <dst id="13">2360.5156</dst>
      <dst id="19">125.3689</dst>
      <dst id="23">14.5511</dst>
      <dst id="8">91.8311</dst>
      <dst id="18">70.8711</dst>
      <dst id="4">3940.8622</dst>
      <dst id="1">109.4844</dst>
      <dst id="5">410.0000</dst>
      <dst id="3">1217.9644</dst>
      <dst id="7">94.4089</dst>
      <dst id="2">3166.5511</dst>
      <dst id="14">0.8889</dst>
      <dst id="11">164.2844</dst>
      <dst id="9">2326.3556</dst>
      <dst id="17">951.2444</dst>
      <dst id="21">189.1378</dst>
    </src>
  </IntraTM>
</TrafficMatrixFile>
