<?xml version="1.0" encoding="UTF-8" standalone="yes"?>
<TrafficMatrixFile xmlns:xsi="http://www.w3.org/2001/XMLSchema-instance" xsi:noNamespaceSchemaLocation="http://totem.run.montefiore.ulg.ac.be/Schema/TrafficMatrix-v1_2.xsd">
  <info>
    <title>Intradomain traffic matrix generated by geant-TM-all.pl</title>
    <date>2005-01-02T01:00:00</date>
    <duration>900</duration>
    <author>Steve Uhlig</author>
    <units>
        <unit type="bandwidth" value="kbps"/>
    </units>
  </info>
  <IntraTM ASID="20965">
    <src id="12">
      <dst id="12">329017.6178</dst>
      <dst id="13">31125.7067</dst>
      <dst id="19">5145.3778</dst>
      <dst id="23">2894.7733</dst>
      <dst id="8">6958.6044</dst>
      <dst id="18">2485.3333</dst>
      <dst id="4">91725.4133</dst>
      <dst id="1">8235.1467</dst>
      <dst id="5">8783.1022</dst>
      <dst id="3">12237.4311</dst>
      <dst id="22">32642.1244</dst>
      <dst id="7">3745.1111</dst>
      <dst id="2">99141.2889</dst>
      <dst id="6">1390.1778</dst>
      <dst id="16">6494.4267</dst>
      <dst id="14">1125.8933</dst>
      <dst id="20">11934.3200</dst>
      <dst id="11">7317.3333</dst>
      <dst id="9">20659.2356</dst>
      <dst id="17">85586.1600</dst>
      <dst id="21">27546.1600</dst>
      <dst id="15">6098.9600</dst>
    </src>
    <src id="13">
      <dst id="12">63715.1378</dst>
      <dst id="19">27031.7689</dst>
      <dst id="23">889.3156</dst>
      <dst id="8">22028.1422</dst>
      <dst id="18">11811.0578</dst>
      <dst id="4">0.3556</dst>
      <dst id="1">15337.8844</dst>
      <dst id="5">14637.4756</dst>
      <dst id="3">31407.6444</dst>
      <dst id="22">43953.8400</dst>
      <dst id="7">12488.7733</dst>
      <dst id="2">140911.4400</dst>
      <dst id="6">338.6667</dst>
      <dst id="16">7643.4667</dst>
      <dst id="14">3335.8311</dst>
      <dst id="20">28088.2756</dst>
      <dst id="11">24805.2000</dst>
      <dst id="9">17327.5467</dst>
      <dst id="17">61355.7333</dst>
      <dst id="21">37692.2756</dst>
      <dst id="15">5072.1244</dst>
    </src>
    <src id="19">
      <dst id="12">17450.0356</dst>
      <dst id="13">6654.2222</dst>
      <dst id="23">89.4044</dst>
      <dst id="8">74.7022</dst>
      <dst id="18">657.5378</dst>
      <dst id="4">23775.3689</dst>
      <dst id="1">129.3422</dst>
      <dst id="5">12.6844</dst>
      <dst id="3">4550.3289</dst>
      <dst id="22">2798.9511</dst>
      <dst id="7">5205.5378</dst>
      <dst id="2">2228.4889</dst>
      <dst id="6">181.1733</dst>
      <dst id="16">5738.7467</dst>
      <dst id="14">0.4356</dst>
      <dst id="20">273.4844</dst>
      <dst id="11">350.8089</dst>
      <dst id="9">5069.1644</dst>
      <dst id="17">415.8756</dst>
      <dst id="21">623.9378</dst>
      <dst id="15">27.8756</dst>
    </src>
    <src id="23">
      <dst id="12">1143.3067</dst>
      <dst id="13">134.1600</dst>
      <dst id="19">29.6533</dst>
      <dst id="8">26.7733</dst>
      <dst id="18">265.5378</dst>
      <dst id="4">56.5333</dst>
      <dst id="1">88.3556</dst>
      <dst id="5">1.6356</dst>
      <dst id="3">785.1289</dst>
      <dst id="22">681.4044</dst>
      <dst id="7">129.7422</dst>
      <dst id="2">86.4889</dst>
      <dst id="6">4.7911</dst>
      <dst id="16">42.3467</dst>
      <dst id="14">13.3511</dst>
      <dst id="20">553.5289</dst>
      <dst id="11">182.2844</dst>
      <dst id="9">455.0756</dst>
      <dst id="17">850.7911</dst>
      <dst id="21">4187.8311</dst>
      <dst id="15">34.3467</dst>
    </src>
    <src id="8">
      <dst id="12">355247.3067</dst>
      <dst id="13">515.7244</dst>
      <dst id="19">63.6889</dst>
      <dst id="23">134.3200</dst>
      <dst id="18">521.8933</dst>
      <dst id="4">9558.5511</dst>
      <dst id="1">49.8311</dst>
      <dst id="5">4319.2178</dst>
      <dst id="3">2777.0489</dst>
      <dst id="22">1969.3511</dst>
      <dst id="7">51.2711</dst>
      <dst id="2">134544.7467</dst>
      <dst id="6">90.0622</dst>
      <dst id="16">570.8889</dst>
      <dst id="14">1.3067</dst>
      <dst id="20">149.3956</dst>
      <dst id="11">499.4222</dst>
      <dst id="9">1629.5289</dst>
      <dst id="17">104926.8444</dst>
      <dst id="21">3752.1689</dst>
      <dst id="15">830.0000</dst>
    </src>
    <src id="18">
      <dst id="12">146381.9556</dst>
      <dst id="13">360.0356</dst>
      <dst id="19">578.2844</dst>
      <dst id="23">3.2000</dst>
      <dst id="8">93.9378</dst>
      <dst id="4">2692.3200</dst>
      <dst id="1">1414.7022</dst>
      <dst id="5">513.8933</dst>
      <dst id="3">262.2844</dst>
      <dst id="22">443.5378</dst>
      <dst id="7">105.7244</dst>
      <dst id="2">42478.6489</dst>
      <dst id="16">36.7644</dst>
      <dst id="14">2.0978</dst>
      <dst id="20">4.2400</dst>
      <dst id="11">170.9778</dst>
      <dst id="9">292.2222</dst>
      <dst id="17">36237.4489</dst>
      <dst id="21">1406.5067</dst>
      <dst id="15">265.4933</dst>
    </src>
    <src id="4">
      <dst id="12">18773.9200</dst>
      <dst id="19">11148.8178</dst>
      <dst id="23">3.5467</dst>
      <dst id="8">2727.0756</dst>
      <dst id="18">2510.8444</dst>
      <dst id="1">3071.7422</dst>
      <dst id="5">3237.8489</dst>
      <dst id="3">197075.1289</dst>
      <dst id="22">5781.3422</dst>
      <dst id="7">26935.8756</dst>
      <dst id="2">74108.6044</dst>
      <dst id="6">41.4844</dst>
      <dst id="16">3283.5467</dst>
      <dst id="14">2736.1867</dst>
      <dst id="20">2346.1689</dst>
      <dst id="11">17073.8044</dst>
      <dst id="9">6343.2000</dst>
      <dst id="17">84460.4089</dst>
      <dst id="21">18853.9378</dst>
      <dst id="15">839.0311</dst>
    </src>
    <src id="1">
      <dst id="12">19643.3244</dst>
      <dst id="13">1746.0622</dst>
      <dst id="19">90.1600</dst>
      <dst id="23">118.0356</dst>
      <dst id="8">202950.0356</dst>
      <dst id="18">16638.0800</dst>
      <dst id="4">15090.4444</dst>
      <dst id="1">64.7733</dst>
      <dst id="5">303132.7733</dst>
      <dst id="3">34101.0222</dst>
      <dst id="22">6485.5289</dst>
      <dst id="7">32140.4089</dst>
      <dst id="2">22597.7067</dst>
      <dst id="6">9313.4844</dst>
      <dst id="16">10743.1556</dst>
      <dst id="14">2009.7333</dst>
      <dst id="20">306.4089</dst>
      <dst id="11">753.2000</dst>
      <dst id="9">344996.9600</dst>
      <dst id="17">3343.4400</dst>
      <dst id="21">5026.0889</dst>
      <dst id="15">131.4489</dst>
    </src>
    <src id="5">
      <dst id="12">408557.0933</dst>
      <dst id="13">11203.2889</dst>
      <dst id="19">96.7733</dst>
      <dst id="23">94.2756</dst>
      <dst id="8">31468.1778</dst>
      <dst id="18">217.8756</dst>
      <dst id="4">8939.2178</dst>
      <dst id="1">129.9911</dst>
      <dst id="3">8225.1378</dst>
      <dst id="22">5695.7689</dst>
      <dst id="7">269.2889</dst>
      <dst id="2">175691.4667</dst>
      <dst id="6">0.3556</dst>
      <dst id="16">738.2667</dst>
      <dst id="14">96.9156</dst>
      <dst id="20">7114.8267</dst>
      <dst id="11">2506.8267</dst>
      <dst id="9">15209.8578</dst>
      <dst id="17">84496.4889</dst>
      <dst id="21">620.1244</dst>
      <dst id="15">531.8844</dst>
    </src>
    <src id="3">
      <dst id="12">16486.1867</dst>
      <dst id="13">775.1644</dst>
      <dst id="19">2650.5156</dst>
      <dst id="23">157.2978</dst>
      <dst id="8">263.0756</dst>
      <dst id="18">208502.4444</dst>
      <dst id="4">66092.7644</dst>
      <dst id="1">16965.5289</dst>
      <dst id="5">1090.4000</dst>
      <dst id="3">20878.4267</dst>
      <dst id="22">3864.8178</dst>
      <dst id="7">1623.2267</dst>
      <dst id="2">7262.5778</dst>
      <dst id="6">33.7778</dst>
      <dst id="16">3062.7200</dst>
      <dst id="14">64644.1600</dst>
      <dst id="20">444.0978</dst>
      <dst id="11">215535.0311</dst>
      <dst id="9">598.4267</dst>
      <dst id="17">14385.5289</dst>
      <dst id="21">11883.0756</dst>
      <dst id="15">50.2222</dst>
    </src>
    <src id="10">
      <dst id="12">16752.1511</dst>
      <dst id="19">4246.0444</dst>
      <dst id="23">1.2800</dst>
      <dst id="8">4939.6622</dst>
      <dst id="18">6661.6711</dst>
      <dst id="1">4999.5289</dst>
      <dst id="5">2039.4311</dst>
      <dst id="3">27953.3867</dst>
      <dst id="22">17135.6267</dst>
      <dst id="7">6546.0444</dst>
      <dst id="2">54631.9467</dst>
      <dst id="6">30.8978</dst>
      <dst id="16">1472.7556</dst>
      <dst id="14">1279.6178</dst>
      <dst id="20">7699.1911</dst>
      <dst id="11">8179.3689</dst>
      <dst id="9">5060.0889</dst>
      <dst id="17">22105.4311</dst>
      <dst id="21">29701.0933</dst>
      <dst id="15">1854.4889</dst>
    </src>
    <src id="22">
      <dst id="12">17042.0444</dst>
      <dst id="13">5885.6356</dst>
      <dst id="19">126.6489</dst>
      <dst id="23">1037.9556</dst>
      <dst id="8">3017.4400</dst>
      <dst id="18">773.9111</dst>
      <dst id="4">32011.3867</dst>
      <dst id="1">1420.6756</dst>
      <dst id="5">7073.9378</dst>
      <dst id="3">4316.9867</dst>
      <dst id="7">1001.2889</dst>
      <dst id="2">4034.2400</dst>
      <dst id="6">35.3867</dst>
      <dst id="16">0.7822</dst>
      <dst id="14">60.4711</dst>
      <dst id="11">4185.2622</dst>
      <dst id="9">1633.3689</dst>
      <dst id="17">5564.2489</dst>
      <dst id="21">2846.7822</dst>
    </src>
    <src id="7">
      <dst id="12">13567.3067</dst>
      <dst id="13">5372.3822</dst>
      <dst id="19">670.5511</dst>
      <dst id="23">445.2089</dst>
      <dst id="8">1022.5689</dst>
      <dst id="18">4342.1867</dst>
      <dst id="4">76236.3111</dst>
      <dst id="1">18912.9956</dst>
      <dst id="5">1229.0933</dst>
      <dst id="3">14754.4089</dst>
      <dst id="22">8072.3022</dst>
      <dst id="7">720.0711</dst>
      <dst id="2">27452.4089</dst>
      <dst id="6">109.6178</dst>
      <dst id="16">1430.7200</dst>
      <dst id="14">358.0267</dst>
      <dst id="20">1210.8800</dst>
      <dst id="11">2129.1467</dst>
      <dst id="9">1968.5511</dst>
      <dst id="17">7320.6311</dst>
      <dst id="21">8571.8044</dst>
      <dst id="15">529.1378</dst>
    </src>
    <src id="2">
      <dst id="12">122429.9556</dst>
      <dst id="13">5821.5378</dst>
      <dst id="19">16266.2044</dst>
      <dst id="23">13.5467</dst>
      <dst id="8">862.2311</dst>
      <dst id="18">171711.2267</dst>
      <dst id="4">114869.8844</dst>
      <dst id="1">2044.3911</dst>
      <dst id="5">2059.3244</dst>
      <dst id="3">6859.3067</dst>
      <dst id="22">6801.8578</dst>
      <dst id="7">5263.4578</dst>
      <dst id="2">1491.3511</dst>
      <dst id="6">6949.4756</dst>
      <dst id="16">2685.4578</dst>
      <dst id="14">336.0978</dst>
      <dst id="20">878.0356</dst>
      <dst id="11">9987.3156</dst>
      <dst id="9">3570.5778</dst>
      <dst id="17">21252.5067</dst>
      <dst id="21">18101.7333</dst>
      <dst id="15">422.2933</dst>
    </src>
    <src id="6">
      <dst id="12">12426.7644</dst>
      <dst id="13">6.4711</dst>
      <dst id="19">6.2667</dst>
      <dst id="23">12.0000</dst>
      <dst id="8">13.3511</dst>
      <dst id="18">2.8444</dst>
      <dst id="4">53.7600</dst>
      <dst id="1">11.1467</dst>
      <dst id="5">0.5600</dst>
      <dst id="3">91.7156</dst>
      <dst id="22">38.5600</dst>
      <dst id="7">6.7378</dst>
      <dst id="2">2400.1244</dst>
      <dst id="11">63.0489</dst>
      <dst id="17">976.0711</dst>
      <dst id="21">171.9111</dst>
    </src>
    <src id="16">
      <dst id="12">2859.4400</dst>
      <dst id="13">702.1156</dst>
      <dst id="19">5380.4444</dst>
      <dst id="23">14.7289</dst>
      <dst id="8">8913.9733</dst>
      <dst id="18">466.0178</dst>
      <dst id="4">6295.3333</dst>
      <dst id="1">14287.8667</dst>
      <dst id="5">6164.9956</dst>
      <dst id="3">2007.6178</dst>
      <dst id="7">1743.2711</dst>
      <dst id="2">1330.6756</dst>
      <dst id="6">0.4622</dst>
      <dst id="16">47.3778</dst>
      <dst id="14">487.4044</dst>
      <dst id="11">754.2756</dst>
      <dst id="9">9614.6933</dst>
      <dst id="17">1597.4133</dst>
      <dst id="21">777.4222</dst>
    </src>
    <src id="14">
      <dst id="12">30247.2444</dst>
      <dst id="13">96.7200</dst>
      <dst id="19">11.3511</dst>
      <dst id="23">0.6578</dst>
      <dst id="18">52.7289</dst>
      <dst id="4">3680.3022</dst>
      <dst id="1">99.0489</dst>
      <dst id="5">290.1422</dst>
      <dst id="3">98.8889</dst>
      <dst id="22">81.1733</dst>
      <dst id="7">118.6311</dst>
      <dst id="2">8456.8444</dst>
      <dst id="16">6.7733</dst>
      <dst id="20">1.4222</dst>
      <dst id="11">128.6044</dst>
      <dst id="9">1.6533</dst>
      <dst id="17">8219.7689</dst>
      <dst id="21">261.6356</dst>
      <dst id="15">0.9867</dst>
    </src>
    <src id="20">
      <dst id="12">13289.2089</dst>
      <dst id="13">8036.2400</dst>
      <dst id="19">684.2133</dst>
      <dst id="23">3.3689</dst>
      <dst id="8">4785.7511</dst>
      <dst id="18">122.0889</dst>
      <dst id="4">15890.6489</dst>
      <dst id="1">229.9644</dst>
      <dst id="5">6640.5244</dst>
      <dst id="3">1327.2356</dst>
      <dst id="22">1.3867</dst>
      <dst id="7">528.2933</dst>
      <dst id="2">3141.6444</dst>
      <dst id="14">0.7822</dst>
      <dst id="11">1690.6844</dst>
      <dst id="9">7428.9511</dst>
      <dst id="17">2480.9867</dst>
      <dst id="21">1451.4311</dst>
    </src>
    <src id="11">
      <dst id="12">472934.3022</dst>
      <dst id="13">2030.5956</dst>
      <dst id="19">177.6711</dst>
      <dst id="23">625.8578</dst>
      <dst id="8">6219.3867</dst>
      <dst id="18">446.4622</dst>
      <dst id="4">17382.0356</dst>
      <dst id="1">887.8133</dst>
      <dst id="5">3334.2489</dst>
      <dst id="3">1682.8267</dst>
      <dst id="22">4523.2622</dst>
      <dst id="7">579.6622</dst>
      <dst id="2">165620.1244</dst>
      <dst id="6">5.0756</dst>
      <dst id="16">505.2267</dst>
      <dst id="14">45.7244</dst>
      <dst id="20">1262.4178</dst>
      <dst id="11">3070.0178</dst>
      <dst id="9">1261.4667</dst>
      <dst id="17">110795.9644</dst>
      <dst id="21">3381.2711</dst>
      <dst id="15">1699.1022</dst>
    </src>
    <src id="9">
      <dst id="12">548048.2311</dst>
      <dst id="13">6353.6978</dst>
      <dst id="19">576.6933</dst>
      <dst id="23">62.9689</dst>
      <dst id="8">1070.5067</dst>
      <dst id="18">873.7244</dst>
      <dst id="4">11327.1733</dst>
      <dst id="1">10176.9244</dst>
      <dst id="5">10225.9822</dst>
      <dst id="3">1033.4400</dst>
      <dst id="22">3942.5600</dst>
      <dst id="7">265.6978</dst>
      <dst id="2">189438.1689</dst>
      <dst id="6">4.0000</dst>
      <dst id="16">6898.5244</dst>
      <dst id="14">45.5644</dst>
      <dst id="20">6436.4267</dst>
      <dst id="11">491.0400</dst>
      <dst id="9">15422.6667</dst>
      <dst id="17">140222.3289</dst>
      <dst id="21">1547.5822</dst>
      <dst id="15">1360.2311</dst>
    </src>
    <src id="17">
      <dst id="12">20490.1511</dst>
      <dst id="13">6159.2444</dst>
      <dst id="19">758.5422</dst>
      <dst id="23">423.3600</dst>
      <dst id="8">198866.2489</dst>
      <dst id="18">1843.0044</dst>
      <dst id="4">54962.9689</dst>
      <dst id="1">13872.9956</dst>
      <dst id="5">298703.3067</dst>
      <dst id="3">24065.3867</dst>
      <dst id="22">13995.5111</dst>
      <dst id="7">12827.7156</dst>
      <dst id="2">25783.4133</dst>
      <dst id="6">129.4578</dst>
      <dst id="16">4377.1111</dst>
      <dst id="14">49264.1067</dst>
      <dst id="20">3433.0578</dst>
      <dst id="11">173330.6844</dst>
      <dst id="9">334046.9778</dst>
      <dst id="17">1967.6089</dst>
      <dst id="21">24005.6800</dst>
      <dst id="15">186.5244</dst>
    </src>
    <src id="21">
      <dst id="12">26254.7644</dst>
      <dst id="13">2715.6000</dst>
      <dst id="19">514.4533</dst>
      <dst id="23">262.2133</dst>
      <dst id="8">955.3156</dst>
      <dst id="18">8290.7467</dst>
      <dst id="4">46338.7556</dst>
      <dst id="1">1557.6711</dst>
      <dst id="5">712.9600</dst>
      <dst id="3">4191.0756</dst>
      <dst id="22">2454.4622</dst>
      <dst id="7">3872.2667</dst>
      <dst id="2">17455.7511</dst>
      <dst id="6">111.5022</dst>
      <dst id="16">542.7022</dst>
      <dst id="14">70.4267</dst>
      <dst id="20">376.1067</dst>
      <dst id="11">2103.8844</dst>
      <dst id="9">780.4089</dst>
      <dst id="17">5564.8533</dst>
      <dst id="21">3893.7956</dst>
      <dst id="15">939.7600</dst>
    </src>
    <src id="15">
      <dst id="12">3512.6044</dst>
      <dst id="13">2618.0000</dst>
      <dst id="19">14.2222</dst>
      <dst id="23">0.3556</dst>
      <dst id="8">558.1067</dst>
      <dst id="18">6.6489</dst>
      <dst id="4">7079.2356</dst>
      <dst id="1">82.8800</dst>
      <dst id="5">181.2800</dst>
      <dst id="3">997.8044</dst>
      <dst id="7">108.8444</dst>
      <dst id="2">5894.5244</dst>
      <dst id="16">0.3556</dst>
      <dst id="11">716.8089</dst>
      <dst id="9">2790.2844</dst>
      <dst id="17">364.1867</dst>
      <dst id="21">2838.1956</dst>
    </src>
  </IntraTM>
</TrafficMatrixFile>
