<?xml version="1.0" encoding="UTF-8" standalone="yes"?>
<TrafficMatrixFile xmlns:xsi="http://www.w3.org/2001/XMLSchema-instance" xsi:noNamespaceSchemaLocation="http://totem.run.montefiore.ulg.ac.be/Schema/TrafficMatrix-v1_2.xsd">
  <info>
    <title>Intradomain traffic matrix generated by geant-TM-all.pl</title>
    <date>2005-01-05T19:00:00</date>
    <duration>900</duration>
    <author>Steve Uhlig</author>
    <units>
        <unit type="bandwidth" value="kbps"/>
    </units>
  </info>
  <IntraTM ASID="20965">
    <src id="12">
      <dst id="12">320287.3600</dst>
      <dst id="13">42836.9156</dst>
      <dst id="19">8665.9200</dst>
      <dst id="23">1371.5378</dst>
      <dst id="8">10369.1289</dst>
      <dst id="18">1673.6267</dst>
      <dst id="4">78499.4756</dst>
      <dst id="1">22199.5822</dst>
      <dst id="5">5724.0800</dst>
      <dst id="3">15848.8444</dst>
      <dst id="22">26508.6222</dst>
      <dst id="7">8253.1289</dst>
      <dst id="2">105812.5689</dst>
      <dst id="6">1085.9911</dst>
      <dst id="16">16658.4089</dst>
      <dst id="14">483.7689</dst>
      <dst id="20">5149.2089</dst>
      <dst id="11">7106.0711</dst>
      <dst id="9">8260.5867</dst>
      <dst id="17">121822.0889</dst>
      <dst id="21">24500.7644</dst>
      <dst id="15">5258.3200</dst>
    </src>
    <src id="13">
      <dst id="12">85413.8311</dst>
      <dst id="19">24302.9600</dst>
      <dst id="23">149.5911</dst>
      <dst id="8">9559.5733</dst>
      <dst id="18">8130.3200</dst>
      <dst id="1">16438.1422</dst>
      <dst id="5">10176.1422</dst>
      <dst id="3">42519.3867</dst>
      <dst id="22">26422.4267</dst>
      <dst id="7">39687.7778</dst>
      <dst id="2">104239.6978</dst>
      <dst id="6">451.6711</dst>
      <dst id="16">13086.2933</dst>
      <dst id="14">4627.7600</dst>
      <dst id="20">17409.1733</dst>
      <dst id="11">26866.0356</dst>
      <dst id="9">24201.5467</dst>
      <dst id="17">225468.3822</dst>
      <dst id="21">40440.9244</dst>
      <dst id="15">24339.6089</dst>
    </src>
    <src id="19">
      <dst id="12">17131.3156</dst>
      <dst id="13">1671.9733</dst>
      <dst id="23">57.0844</dst>
      <dst id="8">1.8489</dst>
      <dst id="18">194.6578</dst>
      <dst id="4">22112.5511</dst>
      <dst id="1">2613.6178</dst>
      <dst id="5">182.7289</dst>
      <dst id="3">850.3644</dst>
      <dst id="22">1749.7333</dst>
      <dst id="7">11404.9778</dst>
      <dst id="2">2052.6044</dst>
      <dst id="6">506.1867</dst>
      <dst id="16">7963.0667</dst>
      <dst id="14">64.6400</dst>
      <dst id="20">120.9067</dst>
      <dst id="11">645.9022</dst>
      <dst id="9">3363.2978</dst>
      <dst id="17">10918.2222</dst>
      <dst id="21">1477.5911</dst>
      <dst id="15">162.9422</dst>
    </src>
    <src id="23">
      <dst id="12">1645.5200</dst>
      <dst id="13">1500.8000</dst>
      <dst id="19">238.0889</dst>
      <dst id="8">103.5733</dst>
      <dst id="18">2103.2889</dst>
      <dst id="4">48.4089</dst>
      <dst id="1">1416.2311</dst>
      <dst id="5">40.3556</dst>
      <dst id="3">1418.0800</dst>
      <dst id="22">376.3822</dst>
      <dst id="7">2461.4222</dst>
      <dst id="2">479.1200</dst>
      <dst id="6">154.9333</dst>
      <dst id="16">31.7333</dst>
      <dst id="14">1.8756</dst>
      <dst id="20">184.7822</dst>
      <dst id="11">142.9600</dst>
      <dst id="9">996.1956</dst>
      <dst id="17">2820.3200</dst>
      <dst id="21">588.8800</dst>
      <dst id="15">346.6667</dst>
    </src>
    <src id="8">
      <dst id="12">310111.1111</dst>
      <dst id="13">3276.3289</dst>
      <dst id="19">9.1200</dst>
      <dst id="23">4.6222</dst>
      <dst id="18">297.1733</dst>
      <dst id="4">5167.7689</dst>
      <dst id="1">988.2222</dst>
      <dst id="5">7348.5511</dst>
      <dst id="3">2.9333</dst>
      <dst id="22">2060.0089</dst>
      <dst id="7">54.0178</dst>
      <dst id="2">126207.5644</dst>
      <dst id="6">0.5067</dst>
      <dst id="16">928.7200</dst>
      <dst id="14">187.4400</dst>
      <dst id="20">2070.9778</dst>
      <dst id="11">4003.4844</dst>
      <dst id="9">2291.4311</dst>
      <dst id="17">108473.5467</dst>
      <dst id="21">120.5956</dst>
      <dst id="15">123.8400</dst>
    </src>
    <src id="18">
      <dst id="12">115415.5111</dst>
      <dst id="13">2136.3911</dst>
      <dst id="19">25.1467</dst>
      <dst id="23">62.8178</dst>
      <dst id="8">62.4711</dst>
      <dst id="4">1848.7911</dst>
      <dst id="1">974.3822</dst>
      <dst id="5">175.8489</dst>
      <dst id="3">302.5244</dst>
      <dst id="22">382.2400</dst>
      <dst id="7">340.4267</dst>
      <dst id="2">35794.0000</dst>
      <dst id="16">63.0844</dst>
      <dst id="14">28.7644</dst>
      <dst id="20">62.8000</dst>
      <dst id="11">407.9556</dst>
      <dst id="9">55.0489</dst>
      <dst id="17">42909.9911</dst>
      <dst id="21">621.2711</dst>
      <dst id="15">101.1378</dst>
    </src>
    <src id="4">
      <dst id="12">28784.9156</dst>
      <dst id="19">16820.7022</dst>
      <dst id="8">1618.6578</dst>
      <dst id="18">1296.6489</dst>
      <dst id="1">350629.0311</dst>
      <dst id="5">3386.0444</dst>
      <dst id="3">2775.3333</dst>
      <dst id="22">9356.8000</dst>
      <dst id="7">138845.7067</dst>
      <dst id="2">105218.6489</dst>
      <dst id="6">56.3644</dst>
      <dst id="16">4672.6400</dst>
      <dst id="14">3080.0000</dst>
      <dst id="20">2833.6711</dst>
      <dst id="11">7221.2533</dst>
      <dst id="9">6822.5333</dst>
      <dst id="17">47314.6667</dst>
      <dst id="21">8653.4667</dst>
      <dst id="15">973.0311</dst>
    </src>
    <src id="1">
      <dst id="12">20057.1467</dst>
      <dst id="13">8393.6089</dst>
      <dst id="19">3664.1689</dst>
      <dst id="23">1250.8622</dst>
      <dst id="8">222319.4933</dst>
      <dst id="18">14024.5244</dst>
      <dst id="4">20642.6044</dst>
      <dst id="1">16032.8444</dst>
      <dst id="5">285476.1600</dst>
      <dst id="3">15369.9733</dst>
      <dst id="22">20481.1556</dst>
      <dst id="7">56794.6578</dst>
      <dst id="2">14369.1022</dst>
      <dst id="6">26145.3333</dst>
      <dst id="16">12460.9956</dst>
      <dst id="14">307.7156</dst>
      <dst id="20">7635.4222</dst>
      <dst id="11">4556.4711</dst>
      <dst id="9">411356.8356</dst>
      <dst id="17">12911.3600</dst>
      <dst id="21">12344.4800</dst>
      <dst id="15">396.3111</dst>
    </src>
    <src id="5">
      <dst id="12">305130.5067</dst>
      <dst id="13">4288.0178</dst>
      <dst id="19">140.2489</dst>
      <dst id="23">2.1778</dst>
      <dst id="8">2703.7156</dst>
      <dst id="18">582.4800</dst>
      <dst id="4">5447.8044</dst>
      <dst id="1">5147.8222</dst>
      <dst id="3">43.9822</dst>
      <dst id="22">7729.5289</dst>
      <dst id="7">960.2222</dst>
      <dst id="2">134480.0267</dst>
      <dst id="6">2.0889</dst>
      <dst id="16">1514.7911</dst>
      <dst id="14">14.5244</dst>
      <dst id="20">2550.2311</dst>
      <dst id="11">2365.6711</dst>
      <dst id="9">8254.6933</dst>
      <dst id="17">108095.4933</dst>
      <dst id="21">662.3289</dst>
      <dst id="15">11190.2489</dst>
    </src>
    <src id="3">
      <dst id="12">18348.4444</dst>
      <dst id="13">16645.2889</dst>
      <dst id="19">1138.8267</dst>
      <dst id="23">9860.6222</dst>
      <dst id="8">298.1422</dst>
      <dst id="18">178620.1156</dst>
      <dst id="4">27757.4044</dst>
      <dst id="1">18445.9111</dst>
      <dst id="5">1264.1067</dst>
      <dst id="3">19546.5422</dst>
      <dst id="22">3293.9733</dst>
      <dst id="7">14651.8933</dst>
      <dst id="2">6530.2311</dst>
      <dst id="6">23.0400</dst>
      <dst id="16">5281.2267</dst>
      <dst id="14">63788.4711</dst>
      <dst id="20">5687.2978</dst>
      <dst id="11">388395.1644</dst>
      <dst id="9">1104.6933</dst>
      <dst id="17">21909.6178</dst>
      <dst id="21">27963.9911</dst>
      <dst id="15">5011.4133</dst>
    </src>
    <src id="10">
      <dst id="12">29770.3911</dst>
      <dst id="19">13977.6978</dst>
      <dst id="8">4087.8311</dst>
      <dst id="18">4857.5022</dst>
      <dst id="1">7418.3556</dst>
      <dst id="5">2446.5244</dst>
      <dst id="3">17632.5600</dst>
      <dst id="22">7079.6356</dst>
      <dst id="7">18534.0533</dst>
      <dst id="2">44234.2667</dst>
      <dst id="6">162.3822</dst>
      <dst id="16">6432.2133</dst>
      <dst id="14">1763.0133</dst>
      <dst id="20">4228.9067</dst>
      <dst id="11">9312.5689</dst>
      <dst id="9">5372.4178</dst>
      <dst id="17">36581.5200</dst>
      <dst id="21">19809.0311</dst>
      <dst id="15">2230.7111</dst>
    </src>
    <src id="22">
      <dst id="12">9402.9600</dst>
      <dst id="13">5302.5156</dst>
      <dst id="19">2211.7333</dst>
      <dst id="23">55.4311</dst>
      <dst id="8">3237.2800</dst>
      <dst id="18">539.2533</dst>
      <dst id="4">20663.9200</dst>
      <dst id="1">813.7244</dst>
      <dst id="5">4040.4978</dst>
      <dst id="3">4938.4533</dst>
      <dst id="7">3857.5911</dst>
      <dst id="2">5752.7289</dst>
      <dst id="6">64.5156</dst>
      <dst id="16">1.5644</dst>
      <dst id="14">84.9156</dst>
      <dst id="11">2107.0756</dst>
      <dst id="9">5583.0578</dst>
      <dst id="17">14411.1289</dst>
      <dst id="21">1255.2267</dst>
    </src>
    <src id="7">
      <dst id="12">7711.1111</dst>
      <dst id="13">1204.2489</dst>
      <dst id="19">5152.4800</dst>
      <dst id="23">255.9467</dst>
      <dst id="8">617.7156</dst>
      <dst id="18">3721.2089</dst>
      <dst id="4">18729.6978</dst>
      <dst id="1">22170.8267</dst>
      <dst id="5">1901.8933</dst>
      <dst id="3">18780.0800</dst>
      <dst id="22">6244.3822</dst>
      <dst id="7">705.4933</dst>
      <dst id="2">10330.5067</dst>
      <dst id="6">511.0578</dst>
      <dst id="16">19426.0267</dst>
      <dst id="14">285.0844</dst>
      <dst id="20">3378.1511</dst>
      <dst id="11">3032.6044</dst>
      <dst id="9">2682.0178</dst>
      <dst id="17">25061.3867</dst>
      <dst id="21">22474.6844</dst>
      <dst id="15">1387.7956</dst>
    </src>
    <src id="2">
      <dst id="12">155130.1689</dst>
      <dst id="13">513270.0089</dst>
      <dst id="19">2793.6533</dst>
      <dst id="23">77.8222</dst>
      <dst id="8">1289.7422</dst>
      <dst id="18">161430.0000</dst>
      <dst id="4">83410.5778</dst>
      <dst id="1">11848.0178</dst>
      <dst id="5">2097.7244</dst>
      <dst id="3">3317.0667</dst>
      <dst id="22">4988.3822</dst>
      <dst id="7">21643.3067</dst>
      <dst id="2">2077.7422</dst>
      <dst id="6">15311.3867</dst>
      <dst id="16">1492.7644</dst>
      <dst id="14">5937.0400</dst>
      <dst id="20">5625.6000</dst>
      <dst id="11">12103.2444</dst>
      <dst id="9">3067.0400</dst>
      <dst id="17">83857.4222</dst>
      <dst id="21">12071.4756</dst>
      <dst id="15">823.7867</dst>
    </src>
    <src id="6">
      <dst id="12">12372.4889</dst>
      <dst id="13">48.9244</dst>
      <dst id="19">131.4400</dst>
      <dst id="23">12.6844</dst>
      <dst id="18">2.7467</dst>
      <dst id="4">1300.4178</dst>
      <dst id="1">155.8844</dst>
      <dst id="5">53.3067</dst>
      <dst id="3">37.0133</dst>
      <dst id="22">82.7556</dst>
      <dst id="7">434.0622</dst>
      <dst id="2">3363.4756</dst>
      <dst id="16">178.9956</dst>
      <dst id="14">210.5778</dst>
      <dst id="20">5.1200</dst>
      <dst id="11">49.0133</dst>
      <dst id="9">61.0933</dst>
      <dst id="17">2584.6933</dst>
      <dst id="21">140.5689</dst>
    </src>
    <src id="16">
      <dst id="12">3638.3644</dst>
      <dst id="13">730.2933</dst>
      <dst id="19">3584.9511</dst>
      <dst id="23">46.3822</dst>
      <dst id="8">6056.5600</dst>
      <dst id="18">149.5022</dst>
      <dst id="4">7981.9022</dst>
      <dst id="1">22301.4400</dst>
      <dst id="5">7303.4311</dst>
      <dst id="3">440.7467</dst>
      <dst id="7">4580.9956</dst>
      <dst id="2">3928.2578</dst>
      <dst id="6">87.1111</dst>
      <dst id="16">48.7822</dst>
      <dst id="14">333.7600</dst>
      <dst id="11">1298.5067</dst>
      <dst id="9">36644.0800</dst>
      <dst id="17">7625.2533</dst>
      <dst id="21">4420.1867</dst>
    </src>
    <src id="14">
      <dst id="12">31244.0267</dst>
      <dst id="13">74.2578</dst>
      <dst id="19">41.6089</dst>
      <dst id="23">26.6667</dst>
      <dst id="8">41.9644</dst>
      <dst id="18">2.1422</dst>
      <dst id="4">2412.3556</dst>
      <dst id="1">289.1111</dst>
      <dst id="5">2.9067</dst>
      <dst id="3">203.9289</dst>
      <dst id="22">30.8089</dst>
      <dst id="7">237.1911</dst>
      <dst id="2">7954.6489</dst>
      <dst id="6">5.7422</dst>
      <dst id="16">8.1333</dst>
      <dst id="20">12.6222</dst>
      <dst id="11">175.8044</dst>
      <dst id="9">29.4222</dst>
      <dst id="17">12540.5778</dst>
      <dst id="21">165.4844</dst>
      <dst id="15">17.9022</dst>
    </src>
    <src id="20">
      <dst id="12">5691.2800</dst>
      <dst id="13">4955.1644</dst>
      <dst id="19">1996.3289</dst>
      <dst id="23">3.4844</dst>
      <dst id="8">943.9022</dst>
      <dst id="18">116.4533</dst>
      <dst id="4">8061.8578</dst>
      <dst id="1">689.8311</dst>
      <dst id="5">7949.5200</dst>
      <dst id="3">1982.9600</dst>
      <dst id="22">0.3556</dst>
      <dst id="7">5270.2844</dst>
      <dst id="2">3988.3556</dst>
      <dst id="6">0.5333</dst>
      <dst id="14">7.5911</dst>
      <dst id="11">3358.2044</dst>
      <dst id="9">9188.7022</dst>
      <dst id="17">8714.5244</dst>
      <dst id="21">3132.5600</dst>
    </src>
    <src id="11">
      <dst id="12">461673.7156</dst>
      <dst id="13">5361.0400</dst>
      <dst id="19">852.3289</dst>
      <dst id="23">148.5067</dst>
      <dst id="8">2158.7822</dst>
      <dst id="18">2862.1244</dst>
      <dst id="4">12882.0622</dst>
      <dst id="1">1089.3156</dst>
      <dst id="5">2160.9778</dst>
      <dst id="3">2972.1956</dst>
      <dst id="22">4896.5067</dst>
      <dst id="7">1075.2711</dst>
      <dst id="2">193928.8356</dst>
      <dst id="6">440.0978</dst>
      <dst id="16">1823.3867</dst>
      <dst id="14">884.3289</dst>
      <dst id="20">1145.6622</dst>
      <dst id="11">2102.2489</dst>
      <dst id="9">2378.4178</dst>
      <dst id="17">184308.1156</dst>
      <dst id="21">872.5333</dst>
      <dst id="15">179.0311</dst>
    </src>
    <src id="9">
      <dst id="12">509432.6044</dst>
      <dst id="13">8140.5156</dst>
      <dst id="19">96.8800</dst>
      <dst id="23">43.6889</dst>
      <dst id="8">2871.3067</dst>
      <dst id="18">1465.2178</dst>
      <dst id="4">10913.2356</dst>
      <dst id="1">4015.2800</dst>
      <dst id="5">5613.6089</dst>
      <dst id="3">65.2622</dst>
      <dst id="22">4686.2133</dst>
      <dst id="7">1249.7067</dst>
      <dst id="2">192013.8133</dst>
      <dst id="6">10.0533</dst>
      <dst id="16">2537.6178</dst>
      <dst id="14">39.8756</dst>
      <dst id="20">4961.0756</dst>
      <dst id="11">1448.4356</dst>
      <dst id="9">3316.1778</dst>
      <dst id="17">195461.7778</dst>
      <dst id="21">1140.8000</dst>
      <dst id="15">2062.5867</dst>
    </src>
    <src id="17">
      <dst id="12">19316.6133</dst>
      <dst id="13">15698.6667</dst>
      <dst id="19">3369.9111</dst>
      <dst id="23">521.3156</dst>
      <dst id="8">218235.3778</dst>
      <dst id="18">775.1467</dst>
      <dst id="4">105454.9956</dst>
      <dst id="1">8300.9422</dst>
      <dst id="5">260452.0800</dst>
      <dst id="3">16060.0356</dst>
      <dst id="22">14760.9511</dst>
      <dst id="7">13223.5644</dst>
      <dst id="2">13963.2533</dst>
      <dst id="6">1034.1511</dst>
      <dst id="16">18288.7022</dst>
      <dst id="14">41950.0356</dst>
      <dst id="20">2466.6756</dst>
      <dst id="11">260537.4844</dst>
      <dst id="9">358965.6533</dst>
      <dst id="17">1568.1600</dst>
      <dst id="21">22268.2489</dst>
      <dst id="15">566.7911</dst>
    </src>
    <src id="21">
      <dst id="12">21291.2711</dst>
      <dst id="13">6427.1556</dst>
      <dst id="19">14588.7644</dst>
      <dst id="23">2115.1467</dst>
      <dst id="8">235.6533</dst>
      <dst id="18">1495.3600</dst>
      <dst id="4">19130.0000</dst>
      <dst id="1">16059.0756</dst>
      <dst id="5">552.4178</dst>
      <dst id="3">13499.0844</dst>
      <dst id="22">5101.6622</dst>
      <dst id="7">8902.4267</dst>
      <dst id="2">8088.0622</dst>
      <dst id="6">21.8844</dst>
      <dst id="16">3045.6178</dst>
      <dst id="14">86.1956</dst>
      <dst id="20">5838.7644</dst>
      <dst id="11">9655.0311</dst>
      <dst id="9">1347.7422</dst>
      <dst id="17">13155.5733</dst>
      <dst id="21">3308.3644</dst>
      <dst id="15">2712.7022</dst>
    </src>
    <src id="15">
      <dst id="12">3698.2222</dst>
      <dst id="13">2624.4267</dst>
      <dst id="19">8897.6089</dst>
      <dst id="23">9.6000</dst>
      <dst id="8">105.3689</dst>
      <dst id="18">18.4444</dst>
      <dst id="4">4021.0844</dst>
      <dst id="1">1648.9511</dst>
      <dst id="5">785.5200</dst>
      <dst id="3">14.0444</dst>
      <dst id="7">128.6222</dst>
      <dst id="2">385.2800</dst>
      <dst id="14">136.8889</dst>
      <dst id="11">42.5422</dst>
      <dst id="9">2200.8000</dst>
      <dst id="17">400.1689</dst>
      <dst id="21">2060.1244</dst>
    </src>
  </IntraTM>
</TrafficMatrixFile>
