<?xml version="1.0" encoding="UTF-8" standalone="yes"?>
<TrafficMatrixFile xmlns:xsi="http://www.w3.org/2001/XMLSchema-instance" xsi:noNamespaceSchemaLocation="http://totem.run.montefiore.ulg.ac.be/Schema/TrafficMatrix-v1_2.xsd">
  <info>
    <title>Intradomain traffic matrix generated by geant-TM-all.pl</title>
    <date>2005-01-01T07:45:00</date>
    <duration>900</duration>
    <author>Steve Uhlig</author>
    <units>
        <unit type="bandwidth" value="kbps"/>
    </units>
  </info>
  <IntraTM ASID="20965">
    <src id="12">
      <dst id="12">271560.4267</dst>
      <dst id="13">30004.9244</dst>
      <dst id="19">1749.0578</dst>
      <dst id="23">157.8578</dst>
      <dst id="8">3154.7822</dst>
      <dst id="18">342.3733</dst>
      <dst id="4">122051.7600</dst>
      <dst id="1">6579.5022</dst>
      <dst id="5">4855.5111</dst>
      <dst id="3">6699.1467</dst>
      <dst id="22">38035.4044</dst>
      <dst id="7">10398.7911</dst>
      <dst id="2">85991.9378</dst>
      <dst id="6">419.4756</dst>
      <dst id="16">8362.5600</dst>
      <dst id="14">1639.5111</dst>
      <dst id="20">13380.3644</dst>
      <dst id="11">5496.7822</dst>
      <dst id="9">5406.6933</dst>
      <dst id="17">67003.1822</dst>
      <dst id="21">14997.9111</dst>
      <dst id="15">1642.3644</dst>
    </src>
    <src id="13">
      <dst id="12">63250.2578</dst>
      <dst id="19">42699.6533</dst>
      <dst id="23">385.8133</dst>
      <dst id="8">4213.3422</dst>
      <dst id="18">2144.5156</dst>
      <dst id="4">0.7111</dst>
      <dst id="1">2713.8578</dst>
      <dst id="5">9328.9689</dst>
      <dst id="3">8740.0000</dst>
      <dst id="22">23718.0089</dst>
      <dst id="7">11279.1467</dst>
      <dst id="2">140529.6978</dst>
      <dst id="6">116.2400</dst>
      <dst id="16">14425.9200</dst>
      <dst id="14">2366.0089</dst>
      <dst id="20">9776.3200</dst>
      <dst id="11">16966.4444</dst>
      <dst id="9">24903.1111</dst>
      <dst id="17">69175.7867</dst>
      <dst id="21">15577.2622</dst>
      <dst id="15">5444.2222</dst>
    </src>
    <src id="19">
      <dst id="12">15464.4800</dst>
      <dst id="13">4502.3733</dst>
      <dst id="23">1.1378</dst>
      <dst id="8">14.3289</dst>
      <dst id="18">1.5733</dst>
      <dst id="4">22255.1822</dst>
      <dst id="1">77.3156</dst>
      <dst id="5">1.7778</dst>
      <dst id="3">458.3733</dst>
      <dst id="22">4639.2533</dst>
      <dst id="7">3142.5244</dst>
      <dst id="2">912.6133</dst>
      <dst id="6">29.5733</dst>
      <dst id="16">9827.7600</dst>
      <dst id="14">0.8178</dst>
      <dst id="20">144.1778</dst>
      <dst id="11">604.4000</dst>
      <dst id="9">85.7333</dst>
      <dst id="17">826.3200</dst>
      <dst id="21">1436.4089</dst>
      <dst id="15">11.6711</dst>
    </src>
    <src id="23">
      <dst id="12">677.3422</dst>
      <dst id="13">85.7600</dst>
      <dst id="19">0.4622</dst>
      <dst id="8">14.0000</dst>
      <dst id="18">0.3556</dst>
      <dst id="4">758.3022</dst>
      <dst id="1">16.8800</dst>
      <dst id="5">135.2089</dst>
      <dst id="3">91.2889</dst>
      <dst id="22">109.1644</dst>
      <dst id="7">265.1378</dst>
      <dst id="2">22.7556</dst>
      <dst id="6">0.3378</dst>
      <dst id="16">2.5244</dst>
      <dst id="20">0.9244</dst>
      <dst id="11">6118.4711</dst>
      <dst id="9">454.5156</dst>
      <dst id="17">7703.9111</dst>
      <dst id="21">2193.8933</dst>
      <dst id="15">31.4756</dst>
    </src>
    <src id="8">
      <dst id="12">358682.3289</dst>
      <dst id="13">1120.1511</dst>
      <dst id="19">2.2844</dst>
      <dst id="23">0.3556</dst>
      <dst id="18">16.1689</dst>
      <dst id="4">8510.7733</dst>
      <dst id="1">27.5467</dst>
      <dst id="5">1342.6667</dst>
      <dst id="3">96.0889</dst>
      <dst id="22">1209.8933</dst>
      <dst id="7">81.7778</dst>
      <dst id="2">123339.6800</dst>
      <dst id="6">13.8667</dst>
      <dst id="16">1204.7022</dst>
      <dst id="20">407.0578</dst>
      <dst id="11">104.3378</dst>
      <dst id="9">415.9111</dst>
      <dst id="17">74130.2489</dst>
      <dst id="21">102.8000</dst>
      <dst id="15">42.3733</dst>
    </src>
    <src id="18">
      <dst id="12">133889.8933</dst>
      <dst id="13">196.7111</dst>
      <dst id="19">51.7689</dst>
      <dst id="23">1.9111</dst>
      <dst id="8">9.3600</dst>
      <dst id="4">2723.2089</dst>
      <dst id="1">864.9600</dst>
      <dst id="5">761.0311</dst>
      <dst id="3">26.6844</dst>
      <dst id="22">676.3111</dst>
      <dst id="7">18.8089</dst>
      <dst id="2">41358.7644</dst>
      <dst id="16">67.3778</dst>
      <dst id="14">0.3556</dst>
      <dst id="20">4.8533</dst>
      <dst id="11">105.3067</dst>
      <dst id="9">151.0311</dst>
      <dst id="17">30949.3333</dst>
      <dst id="21">503.7778</dst>
      <dst id="15">35.5822</dst>
    </src>
    <src id="4">
      <dst id="12">51028.5067</dst>
      <dst id="19">11735.8044</dst>
      <dst id="23">1.3067</dst>
      <dst id="8">668.5956</dst>
      <dst id="18">863.0044</dst>
      <dst id="4">4.0178</dst>
      <dst id="1">1982.5333</dst>
      <dst id="5">1447.3333</dst>
      <dst id="3">9457.3244</dst>
      <dst id="22">7063.2267</dst>
      <dst id="7">37787.5911</dst>
      <dst id="2">53810.4178</dst>
      <dst id="6">143.0400</dst>
      <dst id="16">1093.6089</dst>
      <dst id="14">1643.6711</dst>
      <dst id="20">1622.1422</dst>
      <dst id="11">6204.5333</dst>
      <dst id="9">2263.0756</dst>
      <dst id="17">60718.1778</dst>
      <dst id="21">5657.1111</dst>
      <dst id="15">1828.7200</dst>
    </src>
    <src id="1">
      <dst id="12">22618.7022</dst>
      <dst id="13">867.8400</dst>
      <dst id="19">2320.6756</dst>
      <dst id="23">81.3689</dst>
      <dst id="8">114934.4444</dst>
      <dst id="18">10384.9689</dst>
      <dst id="4">16678.5511</dst>
      <dst id="1">64.9333</dst>
      <dst id="5">209483.1644</dst>
      <dst id="3">15326.4000</dst>
      <dst id="22">8733.6267</dst>
      <dst id="7">16349.6800</dst>
      <dst id="2">7101.8667</dst>
      <dst id="6">10189.5556</dst>
      <dst id="16">17415.0756</dst>
      <dst id="14">113.5111</dst>
      <dst id="20">106.0889</dst>
      <dst id="11">1101.1911</dst>
      <dst id="9">227152.4089</dst>
      <dst id="17">3082.4889</dst>
      <dst id="21">12748.6222</dst>
      <dst id="15">121.3422</dst>
    </src>
    <src id="5">
      <dst id="12">355093.6533</dst>
      <dst id="13">2435.3333</dst>
      <dst id="19">32.3644</dst>
      <dst id="23">16.6756</dst>
      <dst id="8">835.1556</dst>
      <dst id="18">170.9511</dst>
      <dst id="4">7790.6311</dst>
      <dst id="1">272.7289</dst>
      <dst id="3">336.8978</dst>
      <dst id="22">11750.7556</dst>
      <dst id="7">1594.4267</dst>
      <dst id="2">154718.1333</dst>
      <dst id="16">667.6356</dst>
      <dst id="14">62.4000</dst>
      <dst id="20">3641.6889</dst>
      <dst id="11">2814.3733</dst>
      <dst id="9">1724.7289</dst>
      <dst id="17">91172.3733</dst>
      <dst id="21">808.9511</dst>
      <dst id="15">420.5333</dst>
    </src>
    <src id="3">
      <dst id="12">8886.7644</dst>
      <dst id="13">5102.1244</dst>
      <dst id="19">4987.6000</dst>
      <dst id="23">5.4400</dst>
      <dst id="8">205.6533</dst>
      <dst id="18">96662.6667</dst>
      <dst id="4">75825.7956</dst>
      <dst id="1">47022.5067</dst>
      <dst id="5">670.6489</dst>
      <dst id="3">13701.5822</dst>
      <dst id="22">678.8178</dst>
      <dst id="7">2824.5244</dst>
      <dst id="2">4841.5733</dst>
      <dst id="6">53.1467</dst>
      <dst id="16">1573.8933</dst>
      <dst id="14">31848.8089</dst>
      <dst id="20">2904.6222</dst>
      <dst id="11">138612.1600</dst>
      <dst id="9">359.4933</dst>
      <dst id="17">19295.5822</dst>
      <dst id="21">9533.8667</dst>
      <dst id="15">78.7911</dst>
    </src>
    <src id="10">
      <dst id="12">16022.1689</dst>
      <dst id="19">1222.3289</dst>
      <dst id="8">3445.6889</dst>
      <dst id="18">10627.6444</dst>
      <dst id="1">1025.7778</dst>
      <dst id="5">1517.4400</dst>
      <dst id="3">5754.0089</dst>
      <dst id="22">10089.9822</dst>
      <dst id="7">3401.9644</dst>
      <dst id="2">25260.6400</dst>
      <dst id="6">0.9067</dst>
      <dst id="16">7600.6222</dst>
      <dst id="14">527.5022</dst>
      <dst id="20">4387.9467</dst>
      <dst id="11">4336.4978</dst>
      <dst id="9">4406.1511</dst>
      <dst id="17">27482.5244</dst>
      <dst id="21">20325.1200</dst>
      <dst id="15">1078.8800</dst>
    </src>
    <src id="22">
      <dst id="12">6898.4889</dst>
      <dst id="13">2540.0533</dst>
      <dst id="19">311.8933</dst>
      <dst id="23">19.0133</dst>
      <dst id="8">1635.6533</dst>
      <dst id="18">5868.5956</dst>
      <dst id="4">23577.2533</dst>
      <dst id="1">540.6756</dst>
      <dst id="5">4736.1067</dst>
      <dst id="3">2307.3067</dst>
      <dst id="7">1142.1422</dst>
      <dst id="2">3104.9067</dst>
      <dst id="6">28.1867</dst>
      <dst id="16">14.1689</dst>
      <dst id="14">125.4400</dst>
      <dst id="11">5449.0133</dst>
      <dst id="9">1170.2756</dst>
      <dst id="17">3447.1556</dst>
      <dst id="21">1110.3556</dst>
    </src>
    <src id="7">
      <dst id="12">5103.7867</dst>
      <dst id="13">542.2933</dst>
      <dst id="19">1467.6800</dst>
      <dst id="23">250.0178</dst>
      <dst id="8">2024.3644</dst>
      <dst id="18">1832.6667</dst>
      <dst id="4">47684.7022</dst>
      <dst id="1">963.6000</dst>
      <dst id="5">887.6889</dst>
      <dst id="3">3990.6311</dst>
      <dst id="22">6081.6978</dst>
      <dst id="7">671.4667</dst>
      <dst id="2">6130.0711</dst>
      <dst id="6">41.9289</dst>
      <dst id="16">870.8533</dst>
      <dst id="14">135.2089</dst>
      <dst id="20">1601.0222</dst>
      <dst id="11">482.1156</dst>
      <dst id="9">901.2000</dst>
      <dst id="17">12309.6711</dst>
      <dst id="21">3839.8933</dst>
      <dst id="15">90.5422</dst>
    </src>
    <src id="2">
      <dst id="12">93687.9556</dst>
      <dst id="13">22771.2800</dst>
      <dst id="19">1608.0267</dst>
      <dst id="8">354.5422</dst>
      <dst id="18">84517.6533</dst>
      <dst id="4">120218.6133</dst>
      <dst id="1">5767.9644</dst>
      <dst id="5">4894.7556</dst>
      <dst id="3">4048.7022</dst>
      <dst id="22">2975.6622</dst>
      <dst id="7">2655.8489</dst>
      <dst id="2">472.7733</dst>
      <dst id="6">6667.0756</dst>
      <dst id="16">11636.9156</dst>
      <dst id="14">595.6267</dst>
      <dst id="20">1413.9911</dst>
      <dst id="11">3758.2933</dst>
      <dst id="9">1596.0889</dst>
      <dst id="17">27132.4356</dst>
      <dst id="21">5771.9467</dst>
      <dst id="15">330.6844</dst>
    </src>
    <src id="6">
      <dst id="12">11462.8533</dst>
      <dst id="13">5.2356</dst>
      <dst id="19">1.0489</dst>
      <dst id="23">0.3378</dst>
      <dst id="8">54.5778</dst>
      <dst id="18">12.6756</dst>
      <dst id="4">74.2933</dst>
      <dst id="1">1.5644</dst>
      <dst id="3">26.5600</dst>
      <dst id="22">0.4622</dst>
      <dst id="7">0.7822</dst>
      <dst id="2">2054.3289</dst>
      <dst id="16">5.7156</dst>
      <dst id="20">7.1467</dst>
      <dst id="11">0.4711</dst>
      <dst id="9">0.3378</dst>
      <dst id="17">943.8756</dst>
      <dst id="21">0.5778</dst>
    </src>
    <src id="16">
      <dst id="12">2841.4311</dst>
      <dst id="13">2257.7689</dst>
      <dst id="19">4049.2533</dst>
      <dst id="23">14.9333</dst>
      <dst id="8">4263.6356</dst>
      <dst id="18">37.6000</dst>
      <dst id="4">5798.5778</dst>
      <dst id="1">12608.8267</dst>
      <dst id="5">2797.9200</dst>
      <dst id="3">1206.5867</dst>
      <dst id="7">1928.0267</dst>
      <dst id="2">1341.9289</dst>
      <dst id="6">1.0489</dst>
      <dst id="16">51.4489</dst>
      <dst id="14">4.9867</dst>
      <dst id="11">734.8356</dst>
      <dst id="9">5027.7333</dst>
      <dst id="17">27439.5822</dst>
      <dst id="21">198.5956</dst>
    </src>
    <src id="14">
      <dst id="12">17056.6400</dst>
      <dst id="13">84.4622</dst>
      <dst id="19">20.1244</dst>
      <dst id="23">2.4000</dst>
      <dst id="4">2392.0089</dst>
      <dst id="1">36.7200</dst>
      <dst id="5">1.6178</dst>
      <dst id="3">49.1644</dst>
      <dst id="22">33.9556</dst>
      <dst id="7">74.0178</dst>
      <dst id="2">9602.5156</dst>
      <dst id="16">35.3778</dst>
      <dst id="20">27.4844</dst>
      <dst id="11">28.1067</dst>
      <dst id="9">13.8667</dst>
      <dst id="17">6287.1200</dst>
      <dst id="21">81.4044</dst>
      <dst id="15">0.4622</dst>
    </src>
    <src id="20">
      <dst id="12">8046.6133</dst>
      <dst id="13">1890.4356</dst>
      <dst id="19">109.9022</dst>
      <dst id="23">0.3556</dst>
      <dst id="8">174.5778</dst>
      <dst id="18">31.3956</dst>
      <dst id="4">11469.9556</dst>
      <dst id="1">973.9111</dst>
      <dst id="5">1022.0889</dst>
      <dst id="3">384.3467</dst>
      <dst id="7">550.4533</dst>
      <dst id="2">7133.9644</dst>
      <dst id="6">4.1156</dst>
      <dst id="14">13.7956</dst>
      <dst id="11">6065.1467</dst>
      <dst id="9">2667.1733</dst>
      <dst id="17">3469.0311</dst>
      <dst id="21">627.7956</dst>
    </src>
    <src id="11">
      <dst id="12">416364.3556</dst>
      <dst id="13">2213.4400</dst>
      <dst id="19">93.3244</dst>
      <dst id="23">232.4533</dst>
      <dst id="8">155.0489</dst>
      <dst id="18">218.0978</dst>
      <dst id="4">17637.5378</dst>
      <dst id="1">406.1956</dst>
      <dst id="5">760.7200</dst>
      <dst id="3">9487.3867</dst>
      <dst id="22">8267.9378</dst>
      <dst id="7">393.1111</dst>
      <dst id="2">170248.3111</dst>
      <dst id="6">0.5244</dst>
      <dst id="16">1009.4133</dst>
      <dst id="14">48.1333</dst>
      <dst id="20">1259.8400</dst>
      <dst id="11">2369.5733</dst>
      <dst id="9">1278.1867</dst>
      <dst id="17">95539.7067</dst>
      <dst id="21">2845.5378</dst>
      <dst id="15">195.9911</dst>
    </src>
    <src id="9">
      <dst id="12">513324.7289</dst>
      <dst id="13">1424.3911</dst>
      <dst id="19">871.4844</dst>
      <dst id="23">14.7556</dst>
      <dst id="8">548.4889</dst>
      <dst id="18">2337.5556</dst>
      <dst id="4">13548.0978</dst>
      <dst id="1">131.9289</dst>
      <dst id="5">2572.2933</dst>
      <dst id="3">185.7511</dst>
      <dst id="22">4201.0311</dst>
      <dst id="7">78.0444</dst>
      <dst id="2">166997.0489</dst>
      <dst id="6">0.3289</dst>
      <dst id="16">7444.1956</dst>
      <dst id="14">1.8489</dst>
      <dst id="20">3047.9822</dst>
      <dst id="11">561.4044</dst>
      <dst id="9">1547.5378</dst>
      <dst id="17">128246.3022</dst>
      <dst id="21">455.4933</dst>
      <dst id="15">3072.0533</dst>
    </src>
    <src id="17">
      <dst id="12">9153.5733</dst>
      <dst id="13">4227.0489</dst>
      <dst id="19">23293.5111</dst>
      <dst id="23">206.9156</dst>
      <dst id="8">132039.7067</dst>
      <dst id="18">1176.7022</dst>
      <dst id="4">88213.9289</dst>
      <dst id="1">5932.9244</dst>
      <dst id="5">185741.1556</dst>
      <dst id="3">24991.6800</dst>
      <dst id="22">6807.4489</dst>
      <dst id="7">18600.8356</dst>
      <dst id="2">12575.6800</dst>
      <dst id="6">26.0889</dst>
      <dst id="16">8278.6400</dst>
      <dst id="14">24898.1689</dst>
      <dst id="20">1880.9600</dst>
      <dst id="11">100212.9511</dst>
      <dst id="9">221540.6044</dst>
      <dst id="17">1738.1156</dst>
      <dst id="21">5649.2089</dst>
      <dst id="15">3029.1556</dst>
    </src>
    <src id="21">
      <dst id="12">21908.2400</dst>
      <dst id="13">378.0178</dst>
      <dst id="19">3240.4889</dst>
      <dst id="23">55.3600</dst>
      <dst id="8">11.0311</dst>
      <dst id="18">4493.7422</dst>
      <dst id="4">25168.0000</dst>
      <dst id="1">2427.1200</dst>
      <dst id="5">526.9778</dst>
      <dst id="3">888.0000</dst>
      <dst id="22">1293.8133</dst>
      <dst id="7">728.6578</dst>
      <dst id="2">13640.9778</dst>
      <dst id="6">1.0400</dst>
      <dst id="16">129.3067</dst>
      <dst id="14">205.0756</dst>
      <dst id="20">441.4400</dst>
      <dst id="11">3218.0622</dst>
      <dst id="9">588.1778</dst>
      <dst id="17">4835.4489</dst>
      <dst id="21">2583.9467</dst>
      <dst id="15">39.9467</dst>
    </src>
    <src id="15">
      <dst id="12">2256.9156</dst>
      <dst id="13">247.2978</dst>
      <dst id="19">1.0667</dst>
      <dst id="23">5.4222</dst>
      <dst id="8">266.3022</dst>
      <dst id="18">58.5956</dst>
      <dst id="4">5695.3333</dst>
      <dst id="1">57.9111</dst>
      <dst id="5">707.6711</dst>
      <dst id="3">360.7822</dst>
      <dst id="7">23.5556</dst>
      <dst id="2">1378.6133</dst>
      <dst id="6">1.1378</dst>
      <dst id="14">0.4622</dst>
      <dst id="11">134.2044</dst>
      <dst id="9">6179.3422</dst>
      <dst id="17">2497.2178</dst>
      <dst id="21">239.9378</dst>
    </src>
  </IntraTM>
</TrafficMatrixFile>
