<?xml version="1.0" encoding="UTF-8" standalone="yes"?>
<TrafficMatrixFile xmlns:xsi="http://www.w3.org/2001/XMLSchema-instance" xsi:noNamespaceSchemaLocation="http://totem.run.montefiore.ulg.ac.be/Schema/TrafficMatrix-v1_2.xsd">
  <info>
    <title>Intradomain traffic matrix generated by geant-TM-all.pl</title>
    <date>2005-01-04T08:45:00</date>
    <duration>900</duration>
    <author>Steve Uhlig</author>
    <units>
        <unit type="bandwidth" value="kbps"/>
    </units>
  </info>
  <IntraTM ASID="20965">
    <src id="12">
      <dst id="12">218818.4533</dst>
      <dst id="13">26956.7733</dst>
      <dst id="19">2990.3378</dst>
      <dst id="23">105.3333</dst>
      <dst id="8">653.1911</dst>
      <dst id="18">381.2444</dst>
      <dst id="4">63012.5956</dst>
      <dst id="1">16544.7111</dst>
      <dst id="5">33345.9644</dst>
      <dst id="3">9462.3022</dst>
      <dst id="22">9314.3022</dst>
      <dst id="7">12462.8178</dst>
      <dst id="2">79072.4889</dst>
      <dst id="6">2.7467</dst>
      <dst id="16">5318.8622</dst>
      <dst id="14">374.7022</dst>
      <dst id="20">3719.2711</dst>
      <dst id="11">7301.9200</dst>
      <dst id="9">4381.5556</dst>
      <dst id="17">55936.0533</dst>
      <dst id="21">6045.6000</dst>
      <dst id="15">474.7911</dst>
    </src>
    <src id="13">
      <dst id="12">44082.0800</dst>
      <dst id="19">4472.2133</dst>
      <dst id="23">41.8578</dst>
      <dst id="8">4319.2089</dst>
      <dst id="18">1514.4978</dst>
      <dst id="1">9206.5422</dst>
      <dst id="5">14927.6089</dst>
      <dst id="3">8439.9289</dst>
      <dst id="22">21371.2089</dst>
      <dst id="7">15221.1200</dst>
      <dst id="2">101730.7378</dst>
      <dst id="6">55.2178</dst>
      <dst id="16">10592.8267</dst>
      <dst id="14">3506.4889</dst>
      <dst id="20">16593.6000</dst>
      <dst id="11">9889.3067</dst>
      <dst id="9">16544.5156</dst>
      <dst id="17">46344.9156</dst>
      <dst id="21">15278.0356</dst>
      <dst id="15">3516.8267</dst>
    </src>
    <src id="19">
      <dst id="12">16955.7156</dst>
      <dst id="13">337.5289</dst>
      <dst id="8">0.9156</dst>
      <dst id="18">29.8400</dst>
      <dst id="4">18509.0756</dst>
      <dst id="1">378.9156</dst>
      <dst id="5">21.6889</dst>
      <dst id="3">0.8267</dst>
      <dst id="22">440.3467</dst>
      <dst id="7">2880.4800</dst>
      <dst id="2">254.6578</dst>
      <dst id="6">53.5644</dst>
      <dst id="16">8308.6133</dst>
      <dst id="14">3.9822</dst>
      <dst id="20">36.8000</dst>
      <dst id="11">27.4133</dst>
      <dst id="9">142.3289</dst>
      <dst id="17">475.5378</dst>
      <dst id="21">535.2000</dst>
      <dst id="15">1084.3733</dst>
    </src>
    <src id="23">
      <dst id="12">292.5689</dst>
      <dst id="13">542.4978</dst>
      <dst id="19">0.8178</dst>
      <dst id="8">59.5556</dst>
      <dst id="18">0.6400</dst>
      <dst id="4">6.7289</dst>
      <dst id="1">59.6533</dst>
      <dst id="5">106.6667</dst>
      <dst id="3">121.9644</dst>
      <dst id="22">208.0800</dst>
      <dst id="7">91.0489</dst>
      <dst id="2">942.2400</dst>
      <dst id="6">0.3378</dst>
      <dst id="16">1.4844</dst>
      <dst id="14">2.5956</dst>
      <dst id="11">25.9556</dst>
      <dst id="9">399.9289</dst>
      <dst id="17">305.4489</dst>
      <dst id="21">45.1911</dst>
      <dst id="15">0.3378</dst>
    </src>
    <src id="8">
      <dst id="12">343340.8444</dst>
      <dst id="13">3308.2133</dst>
      <dst id="19">0.4622</dst>
      <dst id="23">3333.9022</dst>
      <dst id="18">43.6533</dst>
      <dst id="4">3704.7378</dst>
      <dst id="1">3744.1422</dst>
      <dst id="5">264.2311</dst>
      <dst id="22">4270.1156</dst>
      <dst id="7">1014.5156</dst>
      <dst id="2">118081.2889</dst>
      <dst id="16">8236.0178</dst>
      <dst id="20">6933.4400</dst>
      <dst id="11">92.9778</dst>
      <dst id="9">5323.4489</dst>
      <dst id="17">116433.0133</dst>
      <dst id="21">356.6222</dst>
      <dst id="15">7298.0978</dst>
    </src>
    <src id="18">
      <dst id="12">96532.6222</dst>
      <dst id="13">1049.2622</dst>
      <dst id="19">55.8667</dst>
      <dst id="23">0.9333</dst>
      <dst id="8">69.2800</dst>
      <dst id="4">3145.5289</dst>
      <dst id="1">915.1911</dst>
      <dst id="5">373.9111</dst>
      <dst id="3">40.4711</dst>
      <dst id="22">25.5022</dst>
      <dst id="7">50.4889</dst>
      <dst id="2">27931.7778</dst>
      <dst id="16">23.7867</dst>
      <dst id="20">0.3556</dst>
      <dst id="11">31.5911</dst>
      <dst id="9">217.7956</dst>
      <dst id="17">31310.5422</dst>
      <dst id="21">122.9511</dst>
      <dst id="15">0.4622</dst>
    </src>
    <src id="4">
      <dst id="12">12250.6133</dst>
      <dst id="19">14823.5378</dst>
      <dst id="23">0.4711</dst>
      <dst id="8">345.6622</dst>
      <dst id="18">359.9556</dst>
      <dst id="4">2.6400</dst>
      <dst id="1">66312.6311</dst>
      <dst id="5">1498.8978</dst>
      <dst id="3">40.3111</dst>
      <dst id="22">8630.3022</dst>
      <dst id="7">130325.9378</dst>
      <dst id="2">89838.5333</dst>
      <dst id="6">158.1511</dst>
      <dst id="16">1830.1778</dst>
      <dst id="14">643.0489</dst>
      <dst id="20">1176.5156</dst>
      <dst id="11">2502.1956</dst>
      <dst id="9">1914.3644</dst>
      <dst id="17">41679.4667</dst>
      <dst id="21">1901.2533</dst>
      <dst id="15">397.5467</dst>
    </src>
    <src id="1">
      <dst id="12">13412.8444</dst>
      <dst id="13">777.9111</dst>
      <dst id="19">163.6711</dst>
      <dst id="23">24.3733</dst>
      <dst id="8">98022.1422</dst>
      <dst id="18">18091.2267</dst>
      <dst id="4">10366.8000</dst>
      <dst id="1">17998.4444</dst>
      <dst id="5">153827.5111</dst>
      <dst id="3">692.0356</dst>
      <dst id="22">610.8444</dst>
      <dst id="7">1536.2933</dst>
      <dst id="2">2078.5867</dst>
      <dst id="6">13519.5644</dst>
      <dst id="16">13424.1867</dst>
      <dst id="14">38.9867</dst>
      <dst id="20">122.5956</dst>
      <dst id="11">687.5467</dst>
      <dst id="9">138471.3244</dst>
      <dst id="17">2085.7600</dst>
      <dst id="21">1691.0933</dst>
      <dst id="15">150.3733</dst>
    </src>
    <src id="5">
      <dst id="12">253422.6578</dst>
      <dst id="13">5851.7778</dst>
      <dst id="19">17.0311</dst>
      <dst id="23">27.2533</dst>
      <dst id="8">332.3467</dst>
      <dst id="18">620.9422</dst>
      <dst id="4">5272.2044</dst>
      <dst id="1">667.1733</dst>
      <dst id="3">36.6667</dst>
      <dst id="22">3637.1733</dst>
      <dst id="7">38.9244</dst>
      <dst id="2">105579.6978</dst>
      <dst id="6">19.6622</dst>
      <dst id="16">388.7822</dst>
      <dst id="14">0.8178</dst>
      <dst id="20">2700.7200</dst>
      <dst id="11">561.2444</dst>
      <dst id="9">1439.8578</dst>
      <dst id="17">109090.4444</dst>
      <dst id="21">404.3644</dst>
      <dst id="15">191.2444</dst>
    </src>
    <src id="3">
      <dst id="12">11056.4089</dst>
      <dst id="13">339.7956</dst>
      <dst id="19">4416.2933</dst>
      <dst id="23">4055.0578</dst>
      <dst id="8">10.0622</dst>
      <dst id="18">46518.4711</dst>
      <dst id="4">11055.4133</dst>
      <dst id="1">7155.3867</dst>
      <dst id="5">313.3422</dst>
      <dst id="3">8627.1822</dst>
      <dst id="22">1510.6400</dst>
      <dst id="7">2572.1511</dst>
      <dst id="2">14333.4133</dst>
      <dst id="6">0.7911</dst>
      <dst id="16">1105.9644</dst>
      <dst id="14">28456.4089</dst>
      <dst id="20">93.4222</dst>
      <dst id="11">116904.6667</dst>
      <dst id="9">776.8889</dst>
      <dst id="17">11026.1600</dst>
      <dst id="21">7292.2756</dst>
      <dst id="15">27.0489</dst>
    </src>
    <src id="10">
      <dst id="12">14322.7644</dst>
      <dst id="19">8435.0489</dst>
      <dst id="8">864.5156</dst>
      <dst id="18">2208.3911</dst>
      <dst id="1">5280.3822</dst>
      <dst id="5">869.2622</dst>
      <dst id="3">2276.9511</dst>
      <dst id="22">6669.2089</dst>
      <dst id="7">15332.8089</dst>
      <dst id="2">26781.6711</dst>
      <dst id="6">122.8089</dst>
      <dst id="16">783.9467</dst>
      <dst id="14">2474.9156</dst>
      <dst id="20">4875.6978</dst>
      <dst id="11">4745.1378</dst>
      <dst id="9">5639.6711</dst>
      <dst id="17">13757.4578</dst>
      <dst id="21">6038.9422</dst>
      <dst id="15">179.9644</dst>
    </src>
    <src id="22">
      <dst id="12">5937.5556</dst>
      <dst id="13">14327.5111</dst>
      <dst id="19">164.4800</dst>
      <dst id="23">732.2222</dst>
      <dst id="8">655.2267</dst>
      <dst id="18">117.9556</dst>
      <dst id="4">17056.7111</dst>
      <dst id="1">167.0756</dst>
      <dst id="5">4324.5600</dst>
      <dst id="3">556.4978</dst>
      <dst id="7">218.2756</dst>
      <dst id="2">3000.2133</dst>
      <dst id="6">1.2889</dst>
      <dst id="16">1.5467</dst>
      <dst id="14">26.3111</dst>
      <dst id="11">1633.5733</dst>
      <dst id="9">4571.6356</dst>
      <dst id="17">11919.2444</dst>
      <dst id="21">810.7111</dst>
    </src>
    <src id="7">
      <dst id="12">3022.6311</dst>
      <dst id="13">293.1911</dst>
      <dst id="19">65.6000</dst>
      <dst id="23">21.0133</dst>
      <dst id="8">241.4933</dst>
      <dst id="18">103.0044</dst>
      <dst id="4">17722.8356</dst>
      <dst id="1">2063.0311</dst>
      <dst id="5">1322.6489</dst>
      <dst id="3">494.3644</dst>
      <dst id="22">4654.2844</dst>
      <dst id="7">743.5644</dst>
      <dst id="2">5260.4267</dst>
      <dst id="6">1.3778</dst>
      <dst id="16">741.5467</dst>
      <dst id="14">40.6133</dst>
      <dst id="20">493.9378</dst>
      <dst id="11">1589.1200</dst>
      <dst id="9">647.5911</dst>
      <dst id="17">7929.5289</dst>
      <dst id="21">995.9822</dst>
      <dst id="15">202.0089</dst>
    </src>
    <src id="2">
      <dst id="12">68136.4533</dst>
      <dst id="13">516078.4800</dst>
      <dst id="19">240.4356</dst>
      <dst id="23">30.0711</dst>
      <dst id="8">141.1556</dst>
      <dst id="18">46305.7600</dst>
      <dst id="4">90094.0978</dst>
      <dst id="1">4445.6978</dst>
      <dst id="5">3129.3689</dst>
      <dst id="3">58.9600</dst>
      <dst id="22">8783.3689</dst>
      <dst id="7">2622.8356</dst>
      <dst id="2">509.6444</dst>
      <dst id="6">7063.6889</dst>
      <dst id="16">2965.9733</dst>
      <dst id="14">5197.6178</dst>
      <dst id="20">1880.9156</dst>
      <dst id="11">5365.4578</dst>
      <dst id="9">3534.7911</dst>
      <dst id="17">24290.0978</dst>
      <dst id="21">735.6089</dst>
      <dst id="15">46.2489</dst>
    </src>
    <src id="6">
      <dst id="12">8167.2089</dst>
      <dst id="13">17.3511</dst>
      <dst id="19">1.4756</dst>
      <dst id="4">1112.4356</dst>
      <dst id="1">2.8089</dst>
      <dst id="5">1.7422</dst>
      <dst id="22">1.2800</dst>
      <dst id="7">2.0622</dst>
      <dst id="2">2654.2667</dst>
      <dst id="16">2.6044</dst>
      <dst id="14">0.5156</dst>
      <dst id="11">34.7556</dst>
      <dst id="17">968.3022</dst>
      <dst id="21">14.4000</dst>
      <dst id="15">10.5600</dst>
    </src>
    <src id="16">
      <dst id="12">3050.4178</dst>
      <dst id="13">443.3867</dst>
      <dst id="19">2806.8178</dst>
      <dst id="23">5.4844</dst>
      <dst id="8">6361.3778</dst>
      <dst id="18">11.4311</dst>
      <dst id="4">4230.0444</dst>
      <dst id="1">16482.5956</dst>
      <dst id="5">1025.9467</dst>
      <dst id="3">0.7111</dst>
      <dst id="7">10705.9911</dst>
      <dst id="2">466.4889</dst>
      <dst id="6">17.3244</dst>
      <dst id="16">32.8711</dst>
      <dst id="14">1.7867</dst>
      <dst id="11">232.6756</dst>
      <dst id="9">2146.7911</dst>
      <dst id="17">6305.4844</dst>
      <dst id="21">2263.4489</dst>
    </src>
    <src id="14">
      <dst id="12">17012.1778</dst>
      <dst id="13">75.6622</dst>
      <dst id="19">24.6044</dst>
      <dst id="8">1.5378</dst>
      <dst id="18">1.6800</dst>
      <dst id="4">2385.1733</dst>
      <dst id="1">78.1422</dst>
      <dst id="5">13.0489</dst>
      <dst id="3">65.0311</dst>
      <dst id="22">83.6622</dst>
      <dst id="7">68.3022</dst>
      <dst id="2">3373.9733</dst>
      <dst id="16">1.6800</dst>
      <dst id="20">2.8356</dst>
      <dst id="11">63.5111</dst>
      <dst id="9">30.1511</dst>
      <dst id="17">6197.4311</dst>
      <dst id="21">100.7822</dst>
      <dst id="15">29.8667</dst>
    </src>
    <src id="20">
      <dst id="12">787.0578</dst>
      <dst id="13">3060.1333</dst>
      <dst id="19">3045.0933</dst>
      <dst id="8">196.2044</dst>
      <dst id="18">0.8178</dst>
      <dst id="4">13014.2578</dst>
      <dst id="1">174.3289</dst>
      <dst id="5">1348.1156</dst>
      <dst id="3">1534.1867</dst>
      <dst id="7">2531.5022</dst>
      <dst id="2">921.4667</dst>
      <dst id="14">1.4578</dst>
      <dst id="11">821.9733</dst>
      <dst id="9">12267.8756</dst>
      <dst id="17">109.9644</dst>
      <dst id="21">182.8622</dst>
    </src>
    <src id="11">
      <dst id="12">415914.3289</dst>
      <dst id="13">4856.7644</dst>
      <dst id="19">31.5733</dst>
      <dst id="23">1.3422</dst>
      <dst id="8">86.8267</dst>
      <dst id="18">78.8444</dst>
      <dst id="4">10358.1511</dst>
      <dst id="1">440.7289</dst>
      <dst id="5">733.4044</dst>
      <dst id="3">267.5467</dst>
      <dst id="22">2845.1200</dst>
      <dst id="7">720.1333</dst>
      <dst id="2">161091.6178</dst>
      <dst id="6">0.7822</dst>
      <dst id="16">477.5644</dst>
      <dst id="14">30.5600</dst>
      <dst id="20">123.0311</dst>
      <dst id="11">7148.0978</dst>
      <dst id="9">1071.5556</dst>
      <dst id="17">147544.8978</dst>
      <dst id="21">526.0267</dst>
      <dst id="15">43.5733</dst>
    </src>
    <src id="9">
      <dst id="12">408197.1911</dst>
      <dst id="13">11537.9644</dst>
      <dst id="19">2.2044</dst>
      <dst id="23">19.0044</dst>
      <dst id="8">375.8222</dst>
      <dst id="18">1135.8489</dst>
      <dst id="4">8907.3244</dst>
      <dst id="1">2465.3600</dst>
      <dst id="5">1185.0844</dst>
      <dst id="3">6.8622</dst>
      <dst id="22">1099.9111</dst>
      <dst id="7">32.8533</dst>
      <dst id="2">149930.0533</dst>
      <dst id="6">0.3289</dst>
      <dst id="16">195.3333</dst>
      <dst id="14">188.5511</dst>
      <dst id="20">1265.7956</dst>
      <dst id="11">1141.2533</dst>
      <dst id="9">249.0667</dst>
      <dst id="17">149400.7556</dst>
      <dst id="21">354.3822</dst>
      <dst id="15">19491.1111</dst>
    </src>
    <src id="17">
      <dst id="12">10848.3111</dst>
      <dst id="13">1385.1467</dst>
      <dst id="19">559.5111</dst>
      <dst id="23">129.0933</dst>
      <dst id="8">112137.2089</dst>
      <dst id="18">477.4489</dst>
      <dst id="4">183466.6222</dst>
      <dst id="1">903.6889</dst>
      <dst id="5">155986.8889</dst>
      <dst id="3">7499.4844</dst>
      <dst id="22">13021.0933</dst>
      <dst id="7">4092.3556</dst>
      <dst id="2">6508.9511</dst>
      <dst id="6">84.2133</dst>
      <dst id="16">3496.0000</dst>
      <dst id="14">20294.3467</dst>
      <dst id="20">284.0267</dst>
      <dst id="11">95087.3956</dst>
      <dst id="9">139290.5333</dst>
      <dst id="17">2384.0356</dst>
      <dst id="21">3536.9778</dst>
      <dst id="15">87.4489</dst>
    </src>
    <src id="21">
      <dst id="12">26164.3733</dst>
      <dst id="13">388.3822</dst>
      <dst id="19">121.8133</dst>
      <dst id="23">4.9156</dst>
      <dst id="8">176.0089</dst>
      <dst id="18">1956.6044</dst>
      <dst id="4">7700.1867</dst>
      <dst id="1">1814.2489</dst>
      <dst id="5">241.5822</dst>
      <dst id="3">536.3733</dst>
      <dst id="22">490.2578</dst>
      <dst id="7">716.5511</dst>
      <dst id="2">11300.9244</dst>
      <dst id="6">2.1778</dst>
      <dst id="16">1097.1111</dst>
      <dst id="14">45.8311</dst>
      <dst id="20">578.7733</dst>
      <dst id="11">694.9600</dst>
      <dst id="9">500.0622</dst>
      <dst id="17">6041.0311</dst>
      <dst id="21">907.5644</dst>
      <dst id="15">33.3867</dst>
    </src>
    <src id="15">
      <dst id="12">5529.0044</dst>
      <dst id="13">829.7244</dst>
      <dst id="19">3249.0489</dst>
      <dst id="8">392.3111</dst>
      <dst id="18">40.6400</dst>
      <dst id="4">2551.3600</dst>
      <dst id="1">508.0000</dst>
      <dst id="5">9110.5600</dst>
      <dst id="3">14.6133</dst>
      <dst id="7">6.8889</dst>
      <dst id="2">71.5378</dst>
      <dst id="14">1.4933</dst>
      <dst id="11">10.9244</dst>
      <dst id="9">1100.7200</dst>
      <dst id="17">1626.7911</dst>
      <dst id="21">79.5644</dst>
    </src>
  </IntraTM>
</TrafficMatrixFile>
