<?xml version="1.0" encoding="UTF-8" standalone="yes"?>
<TrafficMatrixFile xmlns:xsi="http://www.w3.org/2001/XMLSchema-instance" xsi:noNamespaceSchemaLocation="http://totem.run.montefiore.ulg.ac.be/Schema/TrafficMatrix-v1_2.xsd">
  <info>
    <title>Intradomain traffic matrix generated by geant-TM-all.pl</title>
    <date>2005-01-02T09:00:00</date>
    <duration>900</duration>
    <author>Steve Uhlig</author>
    <units>
        <unit type="bandwidth" value="kbps"/>
    </units>
  </info>
  <IntraTM ASID="20965">
    <src id="12">
      <dst id="12">261956.8711</dst>
      <dst id="13">22525.1378</dst>
      <dst id="19">1052.8267</dst>
      <dst id="23">3741.1644</dst>
      <dst id="8">1758.0000</dst>
      <dst id="18">691.7956</dst>
      <dst id="4">95131.9911</dst>
      <dst id="1">7757.9378</dst>
      <dst id="5">5619.0578</dst>
      <dst id="3">3859.5200</dst>
      <dst id="22">19417.8400</dst>
      <dst id="7">2913.3689</dst>
      <dst id="2">77622.9156</dst>
      <dst id="6">102.9156</dst>
      <dst id="16">3390.6489</dst>
      <dst id="14">354.1867</dst>
      <dst id="20">7779.7333</dst>
      <dst id="11">2876.7644</dst>
      <dst id="9">4779.2089</dst>
      <dst id="17">71618.4178</dst>
      <dst id="21">12761.8756</dst>
      <dst id="15">505.5911</dst>
    </src>
    <src id="13">
      <dst id="12">102498.3733</dst>
      <dst id="19">11056.3556</dst>
      <dst id="23">20.8000</dst>
      <dst id="8">2324.4267</dst>
      <dst id="18">3042.2844</dst>
      <dst id="1">4684.4978</dst>
      <dst id="5">5957.7067</dst>
      <dst id="3">4405.1111</dst>
      <dst id="22">25296.9422</dst>
      <dst id="7">20369.3333</dst>
      <dst id="2">111586.8000</dst>
      <dst id="6">8.6756</dst>
      <dst id="16">8491.8489</dst>
      <dst id="14">2453.9111</dst>
      <dst id="20">24097.1111</dst>
      <dst id="11">13257.9556</dst>
      <dst id="9">14280.8267</dst>
      <dst id="17">42124.2844</dst>
      <dst id="21">17496.5689</dst>
      <dst id="15">6257.3067</dst>
    </src>
    <src id="19">
      <dst id="12">14363.9556</dst>
      <dst id="13">1404.6578</dst>
      <dst id="8">20.0089</dst>
      <dst id="18">20.3733</dst>
      <dst id="4">20153.9733</dst>
      <dst id="1">284.5156</dst>
      <dst id="5">17.0667</dst>
      <dst id="3">0.7111</dst>
      <dst id="22">2543.5289</dst>
      <dst id="7">2732.4178</dst>
      <dst id="2">16904.9956</dst>
      <dst id="6">26.6667</dst>
      <dst id="16">4184.3644</dst>
      <dst id="20">48.6756</dst>
      <dst id="11">17.8756</dst>
      <dst id="9">7462.1156</dst>
      <dst id="17">148.7378</dst>
      <dst id="21">1938.7644</dst>
      <dst id="15">1392.8533</dst>
    </src>
    <src id="23">
      <dst id="12">164.4533</dst>
      <dst id="13">166.1867</dst>
      <dst id="19">0.4711</dst>
      <dst id="8">80.6044</dst>
      <dst id="18">13.4222</dst>
      <dst id="4">14.2578</dst>
      <dst id="1">31.1378</dst>
      <dst id="5">2.2311</dst>
      <dst id="3">72.4622</dst>
      <dst id="22">50.4711</dst>
      <dst id="7">32.5333</dst>
      <dst id="2">2.1333</dst>
      <dst id="6">0.4978</dst>
      <dst id="16">3.5644</dst>
      <dst id="14">14.4356</dst>
      <dst id="20">4.8978</dst>
      <dst id="11">13.4044</dst>
      <dst id="9">376.5689</dst>
      <dst id="17">280.2133</dst>
      <dst id="21">2047.7067</dst>
      <dst id="15">0.3378</dst>
    </src>
    <src id="8">
      <dst id="12">278321.5111</dst>
      <dst id="13">562.6578</dst>
      <dst id="19">14.9333</dst>
      <dst id="23">1396.3733</dst>
      <dst id="18">76.1600</dst>
      <dst id="4">5691.0844</dst>
      <dst id="1">185.3956</dst>
      <dst id="5">1588.9333</dst>
      <dst id="22">400.5422</dst>
      <dst id="7">53.5111</dst>
      <dst id="2">108199.5378</dst>
      <dst id="6">0.3556</dst>
      <dst id="16">226.8800</dst>
      <dst id="20">259.8844</dst>
      <dst id="11">1519.1289</dst>
      <dst id="9">327.4933</dst>
      <dst id="17">104103.6622</dst>
      <dst id="21">168.0889</dst>
      <dst id="15">218.2133</dst>
    </src>
    <src id="18">
      <dst id="12">102705.6711</dst>
      <dst id="13">140.7733</dst>
      <dst id="19">862.2133</dst>
      <dst id="23">4.2667</dst>
      <dst id="8">423.3244</dst>
      <dst id="4">2540.1956</dst>
      <dst id="1">661.3867</dst>
      <dst id="5">117.6000</dst>
      <dst id="3">71.6444</dst>
      <dst id="22">905.3600</dst>
      <dst id="7">22.9156</dst>
      <dst id="2">29610.9333</dst>
      <dst id="16">29.3600</dst>
      <dst id="14">1.1733</dst>
      <dst id="20">53.2356</dst>
      <dst id="11">276.1867</dst>
      <dst id="9">201.4400</dst>
      <dst id="17">35662.1689</dst>
      <dst id="21">372.8800</dst>
      <dst id="15">1.5644</dst>
    </src>
    <src id="4">
      <dst id="12">13254.6933</dst>
      <dst id="19">5422.9600</dst>
      <dst id="23">0.9244</dst>
      <dst id="8">915.1822</dst>
      <dst id="18">1490.5422</dst>
      <dst id="1">13025.7333</dst>
      <dst id="5">1489.6089</dst>
      <dst id="3">76.9600</dst>
      <dst id="22">5164.5244</dst>
      <dst id="7">15923.9911</dst>
      <dst id="2">67844.5511</dst>
      <dst id="16">1248.0889</dst>
      <dst id="14">886.6844</dst>
      <dst id="20">1284.4178</dst>
      <dst id="11">7680.3822</dst>
      <dst id="9">1580.8178</dst>
      <dst id="17">22450.9778</dst>
      <dst id="21">6197.2444</dst>
      <dst id="15">685.7600</dst>
    </src>
    <src id="1">
      <dst id="12">18050.7111</dst>
      <dst id="13">1280.5956</dst>
      <dst id="19">59.6178</dst>
      <dst id="23">183.1911</dst>
      <dst id="8">85231.0667</dst>
      <dst id="18">11672.0089</dst>
      <dst id="4">11525.1200</dst>
      <dst id="1">18492.1689</dst>
      <dst id="5">173933.9289</dst>
      <dst id="3">165.3689</dst>
      <dst id="22">3542.5778</dst>
      <dst id="7">1348.2933</dst>
      <dst id="2">7539.3511</dst>
      <dst id="6">6446.5067</dst>
      <dst id="16">7926.5244</dst>
      <dst id="14">122.4178</dst>
      <dst id="20">178.4356</dst>
      <dst id="11">237.6000</dst>
      <dst id="9">178990.9156</dst>
      <dst id="17">2262.7556</dst>
      <dst id="21">1874.8356</dst>
      <dst id="15">91.8578</dst>
    </src>
    <src id="5">
      <dst id="12">281857.9467</dst>
      <dst id="13">658.5778</dst>
      <dst id="19">45.0844</dst>
      <dst id="23">160.0000</dst>
      <dst id="8">817.1911</dst>
      <dst id="18">1014.4178</dst>
      <dst id="4">5355.8844</dst>
      <dst id="1">271.0578</dst>
      <dst id="3">4.2044</dst>
      <dst id="22">2816.0889</dst>
      <dst id="7">49.1644</dst>
      <dst id="2">131896.4178</dst>
      <dst id="6">0.8178</dst>
      <dst id="16">338.1067</dst>
      <dst id="14">14.5867</dst>
      <dst id="20">1272.9956</dst>
      <dst id="11">733.2178</dst>
      <dst id="9">1106.2400</dst>
      <dst id="17">110966.7200</dst>
      <dst id="21">497.1644</dst>
      <dst id="15">139.1022</dst>
    </src>
    <src id="3">
      <dst id="12">16812.3111</dst>
      <dst id="13">547.4489</dst>
      <dst id="19">4531.2889</dst>
      <dst id="23">3.0667</dst>
      <dst id="8">186.2133</dst>
      <dst id="18">71159.8844</dst>
      <dst id="4">25408.1067</dst>
      <dst id="1">4065.2444</dst>
      <dst id="5">503.2533</dst>
      <dst id="3">9372.0889</dst>
      <dst id="22">1355.2444</dst>
      <dst id="7">2911.7067</dst>
      <dst id="2">2659.9111</dst>
      <dst id="16">875.8933</dst>
      <dst id="14">35135.5556</dst>
      <dst id="20">128.0089</dst>
      <dst id="11">144233.3156</dst>
      <dst id="9">22.3022</dst>
      <dst id="17">20112.2844</dst>
      <dst id="21">4394.4533</dst>
      <dst id="15">53.7956</dst>
    </src>
    <src id="10">
      <dst id="12">12299.3511</dst>
      <dst id="19">1025.5911</dst>
      <dst id="8">415.7156</dst>
      <dst id="18">1648.7022</dst>
      <dst id="1">311.9022</dst>
      <dst id="5">724.5333</dst>
      <dst id="3">18637.2889</dst>
      <dst id="22">13371.8400</dst>
      <dst id="7">14474.6578</dst>
      <dst id="2">21704.3822</dst>
      <dst id="6">0.4089</dst>
      <dst id="16">1539.1911</dst>
      <dst id="14">4238.3022</dst>
      <dst id="20">2396.9511</dst>
      <dst id="11">3467.1378</dst>
      <dst id="9">5868.9333</dst>
      <dst id="17">18408.9956</dst>
      <dst id="21">11572.5156</dst>
      <dst id="15">584.6489</dst>
    </src>
    <src id="22">
      <dst id="12">9667.9200</dst>
      <dst id="13">6238.1067</dst>
      <dst id="19">110.1689</dst>
      <dst id="23">15.9111</dst>
      <dst id="8">825.2889</dst>
      <dst id="18">655.2533</dst>
      <dst id="4">17792.2489</dst>
      <dst id="1">155.5111</dst>
      <dst id="5">4289.6711</dst>
      <dst id="3">333.7511</dst>
      <dst id="7">2145.7867</dst>
      <dst id="2">3753.8756</dst>
      <dst id="6">0.6133</dst>
      <dst id="16">14.5778</dst>
      <dst id="14">74.4800</dst>
      <dst id="11">3858.0800</dst>
      <dst id="9">2300.3556</dst>
      <dst id="17">2452.5956</dst>
      <dst id="21">1110.2667</dst>
    </src>
    <src id="7">
      <dst id="12">2514.0089</dst>
      <dst id="13">285.5289</dst>
      <dst id="19">146.6311</dst>
      <dst id="23">44.4178</dst>
      <dst id="8">601.0311</dst>
      <dst id="18">253.6267</dst>
      <dst id="4">29407.4933</dst>
      <dst id="1">4389.1378</dst>
      <dst id="5">955.9556</dst>
      <dst id="3">115.2800</dst>
      <dst id="22">9607.2356</dst>
      <dst id="7">793.3511</dst>
      <dst id="2">6649.2356</dst>
      <dst id="6">4.7911</dst>
      <dst id="16">794.4000</dst>
      <dst id="14">55.8756</dst>
      <dst id="20">171.5378</dst>
      <dst id="11">1028.2578</dst>
      <dst id="9">428.5689</dst>
      <dst id="17">8553.2711</dst>
      <dst id="21">5526.4978</dst>
      <dst id="15">438.1333</dst>
    </src>
    <src id="2">
      <dst id="12">99627.8400</dst>
      <dst id="13">9441.9822</dst>
      <dst id="19">8401.0667</dst>
      <dst id="23">37.8667</dst>
      <dst id="8">855.5556</dst>
      <dst id="18">63931.8222</dst>
      <dst id="4">119136.5956</dst>
      <dst id="1">2820.7111</dst>
      <dst id="5">1397.9111</dst>
      <dst id="3">48.5689</dst>
      <dst id="22">2151.1022</dst>
      <dst id="7">9090.8356</dst>
      <dst id="2">1013.0667</dst>
      <dst id="6">4988.4178</dst>
      <dst id="16">1810.4711</dst>
      <dst id="14">5973.8489</dst>
      <dst id="20">1164.4622</dst>
      <dst id="11">3532.4178</dst>
      <dst id="9">1028.7111</dst>
      <dst id="17">56403.5822</dst>
      <dst id="21">3391.5911</dst>
      <dst id="15">128.5511</dst>
    </src>
    <src id="6">
      <dst id="12">8814.1511</dst>
      <dst id="13">4.0178</dst>
      <dst id="19">2.5156</dst>
      <dst id="23">0.3378</dst>
      <dst id="4">43.8667</dst>
      <dst id="1">1.5556</dst>
      <dst id="5">26.6667</dst>
      <dst id="7">2.1600</dst>
      <dst id="2">2143.0222</dst>
      <dst id="16">2.2400</dst>
      <dst id="20">1.1289</dst>
      <dst id="11">3.3422</dst>
      <dst id="9">46.4889</dst>
      <dst id="17">1235.9556</dst>
      <dst id="21">1.6000</dst>
    </src>
    <src id="16">
      <dst id="12">3346.0178</dst>
      <dst id="13">153.6267</dst>
      <dst id="19">2438.1867</dst>
      <dst id="23">0.8533</dst>
      <dst id="8">3377.2889</dst>
      <dst id="18">111.1200</dst>
      <dst id="4">6298.5511</dst>
      <dst id="1">7990.0622</dst>
      <dst id="5">986.1689</dst>
      <dst id="3">0.8800</dst>
      <dst id="7">10075.1822</dst>
      <dst id="2">882.1600</dst>
      <dst id="6">35.5556</dst>
      <dst id="16">29.3867</dst>
      <dst id="14">294.9689</dst>
      <dst id="11">370.2756</dst>
      <dst id="9">4159.9822</dst>
      <dst id="17">1190.3289</dst>
      <dst id="21">582.0889</dst>
    </src>
    <src id="14">
      <dst id="12">17371.6978</dst>
      <dst id="13">243.1200</dst>
      <dst id="19">5.5644</dst>
      <dst id="23">0.8533</dst>
      <dst id="18">13.9378</dst>
      <dst id="4">2249.6000</dst>
      <dst id="1">53.0578</dst>
      <dst id="5">25.2444</dst>
      <dst id="3">43.8756</dst>
      <dst id="22">6.3022</dst>
      <dst id="7">87.4133</dst>
      <dst id="2">5377.5200</dst>
      <dst id="16">10.0267</dst>
      <dst id="20">1.6089</dst>
      <dst id="11">123.6267</dst>
      <dst id="9">19.9911</dst>
      <dst id="17">9122.5511</dst>
      <dst id="21">62.4889</dst>
      <dst id="15">13.9111</dst>
    </src>
    <src id="20">
      <dst id="12">9035.4667</dst>
      <dst id="13">24735.7422</dst>
      <dst id="19">2191.2622</dst>
      <dst id="23">1.8578</dst>
      <dst id="8">1993.1822</dst>
      <dst id="18">130.1333</dst>
      <dst id="4">7727.0844</dst>
      <dst id="1">109.7067</dst>
      <dst id="5">1907.8667</dst>
      <dst id="3">904.9333</dst>
      <dst id="22">0.8444</dst>
      <dst id="7">53.6800</dst>
      <dst id="2">3782.2667</dst>
      <dst id="6">38.4000</dst>
      <dst id="14">0.3556</dst>
      <dst id="11">73.1556</dst>
      <dst id="9">5041.3867</dst>
      <dst id="17">369.7511</dst>
      <dst id="21">1722.5956</dst>
    </src>
    <src id="11">
      <dst id="12">418806.7200</dst>
      <dst id="13">2404.0889</dst>
      <dst id="19">16.5689</dst>
      <dst id="23">29.5200</dst>
      <dst id="8">417.4844</dst>
      <dst id="18">488.0178</dst>
      <dst id="4">11878.1689</dst>
      <dst id="1">388.8978</dst>
      <dst id="5">1066.6756</dst>
      <dst id="3">348.3022</dst>
      <dst id="22">2000.2311</dst>
      <dst id="7">154.9867</dst>
      <dst id="2">163401.1822</dst>
      <dst id="6">98.8978</dst>
      <dst id="16">464.7111</dst>
      <dst id="14">100.8978</dst>
      <dst id="20">1735.1111</dst>
      <dst id="11">1397.0400</dst>
      <dst id="9">1672.4978</dst>
      <dst id="17">147842.2756</dst>
      <dst id="21">405.1733</dst>
      <dst id="15">248.6578</dst>
    </src>
    <src id="9">
      <dst id="12">458894.5156</dst>
      <dst id="13">4078.1333</dst>
      <dst id="19">131.9822</dst>
      <dst id="23">30.1156</dst>
      <dst id="8">469.0756</dst>
      <dst id="18">214.2222</dst>
      <dst id="4">14928.6667</dst>
      <dst id="1">1911.3422</dst>
      <dst id="5">6175.0578</dst>
      <dst id="3">1.6711</dst>
      <dst id="22">2680.9867</dst>
      <dst id="7">89.6356</dst>
      <dst id="2">171169.7422</dst>
      <dst id="6">3.7600</dst>
      <dst id="16">312.5156</dst>
      <dst id="14">0.4622</dst>
      <dst id="20">1673.4222</dst>
      <dst id="11">615.7156</dst>
      <dst id="9">159.1200</dst>
      <dst id="17">168632.4889</dst>
      <dst id="21">241.3689</dst>
      <dst id="15">1254.6933</dst>
    </src>
    <src id="17">
      <dst id="12">7671.6978</dst>
      <dst id="13">1877.8578</dst>
      <dst id="19">393.2800</dst>
      <dst id="23">158.5600</dst>
      <dst id="8">115098.5067</dst>
      <dst id="18">379.0489</dst>
      <dst id="4">97367.9467</dst>
      <dst id="1">3190.2489</dst>
      <dst id="5">174115.5644</dst>
      <dst id="3">8636.0533</dst>
      <dst id="22">17022.7022</dst>
      <dst id="7">8946.8800</dst>
      <dst id="2">12768.7467</dst>
      <dst id="6">109.2444</dst>
      <dst id="16">1312.0000</dst>
      <dst id="14">22216.9600</dst>
      <dst id="20">302.4267</dst>
      <dst id="11">120785.6533</dst>
      <dst id="9">169374.1156</dst>
      <dst id="17">2262.9244</dst>
      <dst id="21">6138.1689</dst>
      <dst id="15">100.7200</dst>
    </src>
    <src id="21">
      <dst id="12">21077.4933</dst>
      <dst id="13">1224.5867</dst>
      <dst id="19">96.9156</dst>
      <dst id="23">108.0000</dst>
      <dst id="8">1088.7911</dst>
      <dst id="18">190.0000</dst>
      <dst id="4">26346.3467</dst>
      <dst id="1">1311.8400</dst>
      <dst id="5">443.6622</dst>
      <dst id="3">1085.2267</dst>
      <dst id="22">2935.3600</dst>
      <dst id="7">3125.0933</dst>
      <dst id="2">9854.9244</dst>
      <dst id="6">1.3067</dst>
      <dst id="16">292.8178</dst>
      <dst id="14">157.6533</dst>
      <dst id="20">119.5378</dst>
      <dst id="11">682.8356</dst>
      <dst id="9">389.3600</dst>
      <dst id="17">4149.7956</dst>
      <dst id="21">1752.6844</dst>
      <dst id="15">77.5733</dst>
    </src>
    <src id="15">
      <dst id="12">2046.8356</dst>
      <dst id="13">347.7778</dst>
      <dst id="19">1486.3644</dst>
      <dst id="8">800.0978</dst>
      <dst id="18">16.0889</dst>
      <dst id="4">3342.2222</dst>
      <dst id="1">641.0044</dst>
      <dst id="5">190.0000</dst>
      <dst id="3">27.0044</dst>
      <dst id="7">19.3778</dst>
      <dst id="2">224.4444</dst>
      <dst id="6">0.8267</dst>
      <dst id="16">0.6578</dst>
      <dst id="11">21.6978</dst>
      <dst id="9">545.0133</dst>
      <dst id="17">2095.4222</dst>
      <dst id="21">93.1289</dst>
    </src>
  </IntraTM>
</TrafficMatrixFile>
