<?xml version="1.0" encoding="UTF-8" standalone="yes"?>
<TrafficMatrixFile xmlns:xsi="http://www.w3.org/2001/XMLSchema-instance" xsi:noNamespaceSchemaLocation="http://totem.run.montefiore.ulg.ac.be/Schema/TrafficMatrix-v1_2.xsd">
  <info>
    <title>Intradomain traffic matrix generated by geant-TM-all.pl</title>
    <date>2005-01-03T07:00:00</date>
    <duration>900</duration>
    <author>Steve Uhlig</author>
    <units>
        <unit type="bandwidth" value="kbps"/>
    </units>
  </info>
  <IntraTM ASID="20965">
    <src id="12">
      <dst id="12">220955.4844</dst>
      <dst id="13">21837.1200</dst>
      <dst id="19">5222.9067</dst>
      <dst id="23">6506.4978</dst>
      <dst id="8">14084.6222</dst>
      <dst id="18">3571.1467</dst>
      <dst id="4">114215.9644</dst>
      <dst id="1">16510.3556</dst>
      <dst id="5">2594.0622</dst>
      <dst id="3">4719.6622</dst>
      <dst id="22">16162.4444</dst>
      <dst id="7">9453.6000</dst>
      <dst id="2">96207.5378</dst>
      <dst id="6">26.3111</dst>
      <dst id="16">4310.6044</dst>
      <dst id="14">271.1022</dst>
      <dst id="20">9125.6711</dst>
      <dst id="11">5946.7378</dst>
      <dst id="9">8752.9689</dst>
      <dst id="17">71013.2711</dst>
      <dst id="21">10694.3467</dst>
      <dst id="15">1137.4489</dst>
    </src>
    <src id="13">
      <dst id="12">56371.3689</dst>
      <dst id="19">32705.8044</dst>
      <dst id="23">13.6622</dst>
      <dst id="8">2073.4311</dst>
      <dst id="18">10335.0133</dst>
      <dst id="1">2372.8089</dst>
      <dst id="5">8971.6622</dst>
      <dst id="3">4257.8933</dst>
      <dst id="22">19339.6356</dst>
      <dst id="7">10641.4044</dst>
      <dst id="2">102292.1689</dst>
      <dst id="6">137.3333</dst>
      <dst id="16">7557.9200</dst>
      <dst id="14">1043.5467</dst>
      <dst id="20">11880.8267</dst>
      <dst id="11">16343.3156</dst>
      <dst id="9">11158.6844</dst>
      <dst id="17">147506.9422</dst>
      <dst id="21">32031.8844</dst>
      <dst id="15">1783.0578</dst>
    </src>
    <src id="19">
      <dst id="12">14798.1867</dst>
      <dst id="13">3406.8000</dst>
      <dst id="23">1.1378</dst>
      <dst id="8">15.9289</dst>
      <dst id="18">2.5689</dst>
      <dst id="4">23618.2933</dst>
      <dst id="1">671.6356</dst>
      <dst id="5">456.5600</dst>
      <dst id="3">35.3067</dst>
      <dst id="22">22.9867</dst>
      <dst id="7">3416.6756</dst>
      <dst id="2">123.9644</dst>
      <dst id="6">50.8089</dst>
      <dst id="16">4715.3956</dst>
      <dst id="14">54.4356</dst>
      <dst id="20">67.9200</dst>
      <dst id="11">32.7467</dst>
      <dst id="9">46.4000</dst>
      <dst id="17">1412.1156</dst>
      <dst id="21">276.2311</dst>
      <dst id="15">1.3778</dst>
    </src>
    <src id="23">
      <dst id="12">384.9867</dst>
      <dst id="13">258.4000</dst>
      <dst id="19">13.3333</dst>
      <dst id="8">6.0089</dst>
      <dst id="18">13.8844</dst>
      <dst id="4">173.1200</dst>
      <dst id="1">48.4533</dst>
      <dst id="5">26.8267</dst>
      <dst id="3">142.5244</dst>
      <dst id="22">164.6400</dst>
      <dst id="7">39.0311</dst>
      <dst id="2">16.5511</dst>
      <dst id="16">7.3511</dst>
      <dst id="14">2.0800</dst>
      <dst id="20">0.7111</dst>
      <dst id="11">6309.4044</dst>
      <dst id="9">334.3467</dst>
      <dst id="17">106.2400</dst>
      <dst id="21">175.0133</dst>
    </src>
    <src id="8">
      <dst id="12">348983.1289</dst>
      <dst id="13">3844.9511</dst>
      <dst id="19">1.5378</dst>
      <dst id="23">1040.0000</dst>
      <dst id="18">30.2756</dst>
      <dst id="4">9273.9467</dst>
      <dst id="1">377.2889</dst>
      <dst id="5">1861.5556</dst>
      <dst id="3">95.3244</dst>
      <dst id="22">1877.8578</dst>
      <dst id="7">32.9600</dst>
      <dst id="2">145766.6044</dst>
      <dst id="16">2296.0356</dst>
      <dst id="20">149.9378</dst>
      <dst id="11">476.8978</dst>
      <dst id="9">568.9867</dst>
      <dst id="17">126770.1600</dst>
      <dst id="21">196.7467</dst>
      <dst id="15">11.9111</dst>
    </src>
    <src id="18">
      <dst id="12">115181.6444</dst>
      <dst id="13">152.0178</dst>
      <dst id="19">5.7600</dst>
      <dst id="23">32.1956</dst>
      <dst id="8">537.9556</dst>
      <dst id="4">2022.6756</dst>
      <dst id="1">634.0267</dst>
      <dst id="5">142.0978</dst>
      <dst id="3">129.0667</dst>
      <dst id="22">223.0844</dst>
      <dst id="7">31.8756</dst>
      <dst id="2">36454.0267</dst>
      <dst id="16">16.9156</dst>
      <dst id="20">24.6044</dst>
      <dst id="11">208.9600</dst>
      <dst id="9">248.0444</dst>
      <dst id="17">42657.2178</dst>
      <dst id="21">949.1911</dst>
      <dst id="15">92.4622</dst>
    </src>
    <src id="4">
      <dst id="12">30340.6400</dst>
      <dst id="19">9055.4667</dst>
      <dst id="8">2815.2178</dst>
      <dst id="18">2616.1689</dst>
      <dst id="4">2.8444</dst>
      <dst id="1">124839.9200</dst>
      <dst id="5">1844.6133</dst>
      <dst id="3">275.3067</dst>
      <dst id="22">5260.6756</dst>
      <dst id="7">121731.4311</dst>
      <dst id="2">109875.7867</dst>
      <dst id="6">0.9067</dst>
      <dst id="16">3197.0400</dst>
      <dst id="14">1493.5289</dst>
      <dst id="20">326.2578</dst>
      <dst id="11">2174.9867</dst>
      <dst id="9">2765.7956</dst>
      <dst id="17">76676.9422</dst>
      <dst id="21">7413.3156</dst>
      <dst id="15">730.8089</dst>
    </src>
    <src id="1">
      <dst id="12">20290.5333</dst>
      <dst id="13">271.4311</dst>
      <dst id="19">17.2889</dst>
      <dst id="23">37.9911</dst>
      <dst id="8">139627.6711</dst>
      <dst id="18">12740.1333</dst>
      <dst id="4">13913.7956</dst>
      <dst id="1">43960.8889</dst>
      <dst id="5">210713.1911</dst>
      <dst id="3">80.7200</dst>
      <dst id="22">2466.9156</dst>
      <dst id="7">878.7289</dst>
      <dst id="2">1480.3289</dst>
      <dst id="6">9387.9733</dst>
      <dst id="16">9664.0800</dst>
      <dst id="14">98.9956</dst>
      <dst id="20">110.7733</dst>
      <dst id="11">153.9822</dst>
      <dst id="9">205401.0578</dst>
      <dst id="17">2790.8622</dst>
      <dst id="21">3190.0178</dst>
      <dst id="15">177.7511</dst>
    </src>
    <src id="5">
      <dst id="12">302732.2844</dst>
      <dst id="13">1221.1378</dst>
      <dst id="19">156.7644</dst>
      <dst id="23">2.5956</dst>
      <dst id="8">799.7333</dst>
      <dst id="18">114.8267</dst>
      <dst id="4">6743.0400</dst>
      <dst id="1">579.7956</dst>
      <dst id="3">0.4178</dst>
      <dst id="22">3949.6267</dst>
      <dst id="7">178.7733</dst>
      <dst id="2">131533.9022</dst>
      <dst id="6">13.3333</dst>
      <dst id="16">452.1600</dst>
      <dst id="14">7.8133</dst>
      <dst id="20">491.9378</dst>
      <dst id="11">2912.0444</dst>
      <dst id="9">2514.7911</dst>
      <dst id="17">108446.7911</dst>
      <dst id="21">280.4533</dst>
      <dst id="15">142.6756</dst>
    </src>
    <src id="3">
      <dst id="12">13989.5378</dst>
      <dst id="13">1667.7333</dst>
      <dst id="19">1403.7067</dst>
      <dst id="23">4502.4356</dst>
      <dst id="8">74.8533</dst>
      <dst id="18">89870.8533</dst>
      <dst id="4">59078.6933</dst>
      <dst id="1">12657.5733</dst>
      <dst id="5">664.6933</dst>
      <dst id="3">10798.4089</dst>
      <dst id="22">3017.6089</dst>
      <dst id="7">3804.5511</dst>
      <dst id="2">4303.9911</dst>
      <dst id="6">0.7467</dst>
      <dst id="16">1153.0756</dst>
      <dst id="14">30484.4711</dst>
      <dst id="20">37.8311</dst>
      <dst id="11">144019.0667</dst>
      <dst id="9">118.4889</dst>
      <dst id="17">8386.1422</dst>
      <dst id="21">5484.2311</dst>
      <dst id="15">724.0444</dst>
    </src>
    <src id="10">
      <dst id="12">16649.8933</dst>
      <dst id="19">341.6800</dst>
      <dst id="8">3449.8933</dst>
      <dst id="18">2485.3778</dst>
      <dst id="1">3563.5556</dst>
      <dst id="5">1353.6178</dst>
      <dst id="3">8479.2000</dst>
      <dst id="22">5006.6756</dst>
      <dst id="7">18971.4311</dst>
      <dst id="2">21751.8933</dst>
      <dst id="6">0.4178</dst>
      <dst id="16">2562.1422</dst>
      <dst id="14">525.7067</dst>
      <dst id="20">647.2267</dst>
      <dst id="11">4020.4622</dst>
      <dst id="9">2908.7289</dst>
      <dst id="17">25161.4400</dst>
      <dst id="21">8875.3067</dst>
      <dst id="15">478.0800</dst>
    </src>
    <src id="22">
      <dst id="12">12322.1956</dst>
      <dst id="13">6979.4400</dst>
      <dst id="19">17.8311</dst>
      <dst id="23">515.2533</dst>
      <dst id="8">590.0978</dst>
      <dst id="18">1117.9644</dst>
      <dst id="4">20494.7467</dst>
      <dst id="1">76.9422</dst>
      <dst id="5">6035.5822</dst>
      <dst id="3">222.0444</dst>
      <dst id="7">1640.6489</dst>
      <dst id="2">3617.0133</dst>
      <dst id="6">37.5111</dst>
      <dst id="16">4.9067</dst>
      <dst id="14">51.5911</dst>
      <dst id="11">4939.6267</dst>
      <dst id="9">3650.7200</dst>
      <dst id="17">3668.6222</dst>
      <dst id="21">1320.0356</dst>
    </src>
    <src id="7">
      <dst id="12">6473.6533</dst>
      <dst id="13">3010.3289</dst>
      <dst id="19">372.9867</dst>
      <dst id="23">6.4800</dst>
      <dst id="8">638.0178</dst>
      <dst id="18">423.0844</dst>
      <dst id="4">49455.3422</dst>
      <dst id="1">2784.0800</dst>
      <dst id="5">1138.5156</dst>
      <dst id="3">388.0889</dst>
      <dst id="22">3951.8311</dst>
      <dst id="7">817.2800</dst>
      <dst id="2">8088.5778</dst>
      <dst id="6">1.8222</dst>
      <dst id="16">1278.1511</dst>
      <dst id="14">592.1600</dst>
      <dst id="20">174.1244</dst>
      <dst id="11">1293.5467</dst>
      <dst id="9">1413.0311</dst>
      <dst id="17">11537.0311</dst>
      <dst id="21">1436.2400</dst>
      <dst id="15">14.9956</dst>
    </src>
    <src id="2">
      <dst id="12">77313.7778</dst>
      <dst id="13">519440.8800</dst>
      <dst id="19">1145.2889</dst>
      <dst id="23">1.3867</dst>
      <dst id="8">1310.0800</dst>
      <dst id="18">90483.0844</dst>
      <dst id="4">121152.3022</dst>
      <dst id="1">8101.5200</dst>
      <dst id="5">1175.2356</dst>
      <dst id="3">90.2311</dst>
      <dst id="22">1812.8356</dst>
      <dst id="7">2866.3556</dst>
      <dst id="2">509.5378</dst>
      <dst id="6">8150.0267</dst>
      <dst id="16">2970.5867</dst>
      <dst id="14">5163.2000</dst>
      <dst id="20">5176.1067</dst>
      <dst id="11">2636.8444</dst>
      <dst id="9">636.6044</dst>
      <dst id="17">29221.8933</dst>
      <dst id="21">5165.1200</dst>
      <dst id="15">4012.1244</dst>
    </src>
    <src id="6">
      <dst id="12">10200.6667</dst>
      <dst id="13">3.5200</dst>
      <dst id="19">1.7778</dst>
      <dst id="18">4.0356</dst>
      <dst id="4">478.6311</dst>
      <dst id="1">0.8178</dst>
      <dst id="5">13.5111</dst>
      <dst id="22">37.6178</dst>
      <dst id="7">3.3333</dst>
      <dst id="2">3438.1956</dst>
      <dst id="16">0.3378</dst>
      <dst id="11">0.3378</dst>
      <dst id="9">1.6711</dst>
      <dst id="17">1360.1067</dst>
      <dst id="21">11.4667</dst>
      <dst id="15">1.1378</dst>
    </src>
    <src id="16">
      <dst id="12">3009.4578</dst>
      <dst id="13">669.8933</dst>
      <dst id="19">3643.6267</dst>
      <dst id="23">0.8178</dst>
      <dst id="8">4976.2756</dst>
      <dst id="18">71.4844</dst>
      <dst id="4">6743.9200</dst>
      <dst id="1">15789.2356</dst>
      <dst id="5">2000.4356</dst>
      <dst id="3">3.1467</dst>
      <dst id="7">5579.9644</dst>
      <dst id="2">816.1422</dst>
      <dst id="16">54.5867</dst>
      <dst id="14">321.2178</dst>
      <dst id="11">314.7022</dst>
      <dst id="9">8307.6533</dst>
      <dst id="17">1708.7200</dst>
      <dst id="21">2205.6533</dst>
    </src>
    <src id="14">
      <dst id="12">15732.2489</dst>
      <dst id="13">51.9556</dst>
      <dst id="19">4.7111</dst>
      <dst id="18">0.4622</dst>
      <dst id="4">2403.9200</dst>
      <dst id="1">13.4756</dst>
      <dst id="5">13.3600</dst>
      <dst id="3">149.1111</dst>
      <dst id="22">138.1600</dst>
      <dst id="7">73.1200</dst>
      <dst id="2">5640.4000</dst>
      <dst id="16">43.0222</dst>
      <dst id="20">40.4800</dst>
      <dst id="11">37.7156</dst>
      <dst id="9">3.7422</dst>
      <dst id="17">7880.8089</dst>
      <dst id="21">82.7022</dst>
    </src>
    <src id="20">
      <dst id="12">13670.5778</dst>
      <dst id="13">9130.0089</dst>
      <dst id="19">575.3778</dst>
      <dst id="23">3.7156</dst>
      <dst id="8">54.8889</dst>
      <dst id="18">249.7244</dst>
      <dst id="4">14038.0889</dst>
      <dst id="1">412.3733</dst>
      <dst id="5">3078.6489</dst>
      <dst id="3">262.9600</dst>
      <dst id="7">195.8311</dst>
      <dst id="2">5035.8844</dst>
      <dst id="6">13.4578</dst>
      <dst id="14">1.0667</dst>
      <dst id="11">838.3111</dst>
      <dst id="9">4221.7422</dst>
      <dst id="17">591.9111</dst>
      <dst id="21">354.4800</dst>
    </src>
    <src id="11">
      <dst id="12">402357.3778</dst>
      <dst id="13">3778.2489</dst>
      <dst id="19">28.5867</dst>
      <dst id="23">193.6089</dst>
      <dst id="8">236.9956</dst>
      <dst id="18">181.8133</dst>
      <dst id="4">17973.4756</dst>
      <dst id="1">445.9644</dst>
      <dst id="5">1265.6444</dst>
      <dst id="3">290.2844</dst>
      <dst id="22">1452.3911</dst>
      <dst id="7">525.4756</dst>
      <dst id="2">148118.0267</dst>
      <dst id="16">682.5956</dst>
      <dst id="14">28.3022</dst>
      <dst id="20">796.8444</dst>
      <dst id="11">382.6756</dst>
      <dst id="9">2380.5422</dst>
      <dst id="17">157449.9378</dst>
      <dst id="21">933.9111</dst>
      <dst id="15">619.0311</dst>
    </src>
    <src id="9">
      <dst id="12">424991.6622</dst>
      <dst id="13">1800.2133</dst>
      <dst id="19">831.5378</dst>
      <dst id="23">11.8578</dst>
      <dst id="8">1128.0089</dst>
      <dst id="18">760.0000</dst>
      <dst id="4">20104.5511</dst>
      <dst id="1">648.3111</dst>
      <dst id="5">1431.6356</dst>
      <dst id="3">2.2311</dst>
      <dst id="22">1378.6400</dst>
      <dst id="7">998.8800</dst>
      <dst id="2">162793.6711</dst>
      <dst id="16">429.7333</dst>
      <dst id="20">3082.9600</dst>
      <dst id="11">550.0800</dst>
      <dst id="9">376.3733</dst>
      <dst id="17">165124.7733</dst>
      <dst id="21">513.1644</dst>
      <dst id="15">1237.1822</dst>
    </src>
    <src id="17">
      <dst id="12">11382.3378</dst>
      <dst id="13">11683.7600</dst>
      <dst id="19">184.6667</dst>
      <dst id="23">12.8000</dst>
      <dst id="8">166001.3422</dst>
      <dst id="18">61.5111</dst>
      <dst id="4">175650.9956</dst>
      <dst id="1">2894.8622</dst>
      <dst id="5">191195.2711</dst>
      <dst id="3">5105.4489</dst>
      <dst id="22">5087.7067</dst>
      <dst id="7">1364.6756</dst>
      <dst id="2">16281.0667</dst>
      <dst id="6">131.0756</dst>
      <dst id="16">4336.8000</dst>
      <dst id="14">22043.9111</dst>
      <dst id="20">773.5733</dst>
      <dst id="11">116440.6489</dst>
      <dst id="9">182579.1644</dst>
      <dst id="17">1358.6400</dst>
      <dst id="21">6030.1511</dst>
      <dst id="15">1421.3600</dst>
    </src>
    <src id="21">
      <dst id="12">21442.6133</dst>
      <dst id="13">1530.0889</dst>
      <dst id="19">53.8756</dst>
      <dst id="23">0.9244</dst>
      <dst id="8">163.5111</dst>
      <dst id="18">5903.8311</dst>
      <dst id="4">27106.9511</dst>
      <dst id="1">1173.4044</dst>
      <dst id="5">515.2533</dst>
      <dst id="3">871.7689</dst>
      <dst id="22">2483.8489</dst>
      <dst id="7">2998.8800</dst>
      <dst id="2">11093.3156</dst>
      <dst id="6">1.6711</dst>
      <dst id="16">159.3244</dst>
      <dst id="14">92.2311</dst>
      <dst id="20">280.8267</dst>
      <dst id="11">596.3733</dst>
      <dst id="9">1006.7556</dst>
      <dst id="17">3882.1156</dst>
      <dst id="21">1701.5111</dst>
      <dst id="15">48.9244</dst>
    </src>
    <src id="15">
      <dst id="12">785.2800</dst>
      <dst id="13">2179.6000</dst>
      <dst id="23">0.6400</dst>
      <dst id="8">16.0089</dst>
      <dst id="18">15.6800</dst>
      <dst id="4">6478.1600</dst>
      <dst id="1">285.5289</dst>
      <dst id="5">405.5378</dst>
      <dst id="3">6.1156</dst>
      <dst id="7">76.8889</dst>
      <dst id="2">472.9244</dst>
      <dst id="14">0.4267</dst>
      <dst id="11">38.6667</dst>
      <dst id="9">4166.5689</dst>
      <dst id="17">1629.1556</dst>
      <dst id="21">168.2489</dst>
    </src>
  </IntraTM>
</TrafficMatrixFile>
