<?xml version="1.0" encoding="UTF-8" standalone="yes"?>
<TrafficMatrixFile xmlns:xsi="http://www.w3.org/2001/XMLSchema-instance" xsi:noNamespaceSchemaLocation="http://totem.run.montefiore.ulg.ac.be/Schema/TrafficMatrix-v1_2.xsd">
  <info>
    <title>Intradomain traffic matrix generated by geant-TM-all.pl</title>
    <date>2005-01-04T17:00:00</date>
    <duration>900</duration>
    <author>Steve Uhlig</author>
    <units>
        <unit type="bandwidth" value="kbps"/>
    </units>
  </info>
  <IntraTM ASID="20965">
    <src id="12">
      <dst id="12">185205.6889</dst>
      <dst id="13">17585.6089</dst>
      <dst id="19">2842.4800</dst>
      <dst id="23">4.5422</dst>
      <dst id="8">619.5556</dst>
      <dst id="18">457.8400</dst>
      <dst id="4">68675.6178</dst>
      <dst id="1">17314.5067</dst>
      <dst id="5">30450.6222</dst>
      <dst id="3">2760.7022</dst>
      <dst id="22">4071.4933</dst>
      <dst id="7">13059.2444</dst>
      <dst id="2">55341.5289</dst>
      <dst id="6">7.9200</dst>
      <dst id="16">4316.9333</dst>
      <dst id="14">380.8178</dst>
      <dst id="20">3565.2889</dst>
      <dst id="11">1845.6711</dst>
      <dst id="9">2805.1556</dst>
      <dst id="17">50462.1244</dst>
      <dst id="21">3065.1467</dst>
      <dst id="15">670.2844</dst>
    </src>
    <src id="13">
      <dst id="12">27050.5600</dst>
      <dst id="19">4123.7156</dst>
      <dst id="23">1.9200</dst>
      <dst id="8">2213.8667</dst>
      <dst id="18">2997.4667</dst>
      <dst id="1">2130.4000</dst>
      <dst id="5">4157.9644</dst>
      <dst id="3">5874.1422</dst>
      <dst id="22">11291.4311</dst>
      <dst id="7">10702.8178</dst>
      <dst id="2">41596.7289</dst>
      <dst id="6">119.7600</dst>
      <dst id="16">5658.9867</dst>
      <dst id="14">8428.9067</dst>
      <dst id="20">11334.0533</dst>
      <dst id="11">4752.0089</dst>
      <dst id="9">7188.8000</dst>
      <dst id="17">32034.2044</dst>
      <dst id="21">5664.3556</dst>
      <dst id="15">6690.1956</dst>
    </src>
    <src id="19">
      <dst id="12">13340.7911</dst>
      <dst id="13">39.5200</dst>
      <dst id="23">0.3556</dst>
      <dst id="8">1.1822</dst>
      <dst id="18">0.5333</dst>
      <dst id="4">17957.3333</dst>
      <dst id="1">418.1333</dst>
      <dst id="5">83.1644</dst>
      <dst id="3">39.2889</dst>
      <dst id="22">533.5289</dst>
      <dst id="7">2826.5600</dst>
      <dst id="2">1093.6089</dst>
      <dst id="6">10.8089</dst>
      <dst id="16">9048.0356</dst>
      <dst id="14">14.7111</dst>
      <dst id="20">34.6933</dst>
      <dst id="11">28.2400</dst>
      <dst id="9">97.7600</dst>
      <dst id="17">116.4444</dst>
      <dst id="21">225.6000</dst>
    </src>
    <src id="23">
      <dst id="12">181.2267</dst>
      <dst id="13">17.2000</dst>
      <dst id="19">0.3378</dst>
      <dst id="18">0.4622</dst>
      <dst id="4">17.3867</dst>
      <dst id="1">52.0889</dst>
      <dst id="5">93.3333</dst>
      <dst id="3">501.2356</dst>
      <dst id="22">21.5378</dst>
      <dst id="7">26.6489</dst>
      <dst id="2">2.4356</dst>
      <dst id="16">105.1200</dst>
      <dst id="14">52.6222</dst>
      <dst id="20">13.3333</dst>
      <dst id="11">13.8578</dst>
      <dst id="9">1068.5511</dst>
      <dst id="17">62.1333</dst>
      <dst id="21">388.7111</dst>
    </src>
    <src id="8">
      <dst id="12">239024.0444</dst>
      <dst id="13">1861.7867</dst>
      <dst id="18">42.5600</dst>
      <dst id="4">4899.5733</dst>
      <dst id="1">261.5111</dst>
      <dst id="5">285.0578</dst>
      <dst id="22">873.1556</dst>
      <dst id="7">768.2044</dst>
      <dst id="2">83961.4400</dst>
      <dst id="6">0.4622</dst>
      <dst id="16">172.8000</dst>
      <dst id="14">29.2889</dst>
      <dst id="20">12.2844</dst>
      <dst id="11">42.7644</dst>
      <dst id="9">87.7156</dst>
      <dst id="17">94428.2400</dst>
      <dst id="21">90.4800</dst>
      <dst id="15">69.4578</dst>
    </src>
    <src id="18">
      <dst id="12">90004.8622</dst>
      <dst id="13">124.2933</dst>
      <dst id="8">2.6667</dst>
      <dst id="4">2636.5244</dst>
      <dst id="1">1011.7156</dst>
      <dst id="5">88.5244</dst>
      <dst id="3">20.2489</dst>
      <dst id="22">516.1867</dst>
      <dst id="7">33.8311</dst>
      <dst id="2">27239.9911</dst>
      <dst id="16">25.9111</dst>
      <dst id="20">2.5067</dst>
      <dst id="11">141.6533</dst>
      <dst id="9">6.0889</dst>
      <dst id="17">29330.8444</dst>
      <dst id="21">683.8844</dst>
      <dst id="15">2.7378</dst>
    </src>
    <src id="4">
      <dst id="12">7764.1956</dst>
      <dst id="19">14985.3778</dst>
      <dst id="8">1129.8667</dst>
      <dst id="18">737.6000</dst>
      <dst id="4">1.8400</dst>
      <dst id="1">139751.3067</dst>
      <dst id="5">1523.4667</dst>
      <dst id="3">20.4800</dst>
      <dst id="22">2851.1111</dst>
      <dst id="7">52806.0889</dst>
      <dst id="2">80042.8089</dst>
      <dst id="6">13.2622</dst>
      <dst id="16">815.4222</dst>
      <dst id="14">1769.3511</dst>
      <dst id="20">292.6933</dst>
      <dst id="11">2236.9956</dst>
      <dst id="9">2929.4311</dst>
      <dst id="17">29067.6000</dst>
      <dst id="21">2604.8978</dst>
      <dst id="15">1983.4933</dst>
    </src>
    <src id="1">
      <dst id="12">16255.3333</dst>
      <dst id="13">274.5778</dst>
      <dst id="19">73.6978</dst>
      <dst id="23">34.9244</dst>
      <dst id="8">59593.8489</dst>
      <dst id="18">12406.3467</dst>
      <dst id="4">11861.6622</dst>
      <dst id="1">4188.4089</dst>
      <dst id="5">136731.6711</dst>
      <dst id="3">100.1067</dst>
      <dst id="22">691.7778</dst>
      <dst id="7">1147.1467</dst>
      <dst id="2">1584.8533</dst>
      <dst id="6">6540.7467</dst>
      <dst id="16">14202.3822</dst>
      <dst id="14">140.3022</dst>
      <dst id="20">47.2000</dst>
      <dst id="11">371.5644</dst>
      <dst id="9">132363.4667</dst>
      <dst id="17">4199.3956</dst>
      <dst id="21">1697.5111</dst>
      <dst id="15">117.7067</dst>
    </src>
    <src id="5">
      <dst id="12">243532.9333</dst>
      <dst id="13">540.4089</dst>
      <dst id="19">3.2711</dst>
      <dst id="23">3.4844</dst>
      <dst id="8">240.3733</dst>
      <dst id="18">1154.6400</dst>
      <dst id="4">3287.9822</dst>
      <dst id="1">624.1689</dst>
      <dst id="3">1.2800</dst>
      <dst id="22">1721.6000</dst>
      <dst id="7">71.1022</dst>
      <dst id="2">77574.4267</dst>
      <dst id="6">1.0667</dst>
      <dst id="16">320.3289</dst>
      <dst id="14">26.1333</dst>
      <dst id="20">163.5822</dst>
      <dst id="11">633.8844</dst>
      <dst id="9">1834.5956</dst>
      <dst id="17">80794.8089</dst>
      <dst id="21">169.2178</dst>
      <dst id="15">105.9200</dst>
    </src>
    <src id="3">
      <dst id="12">14043.7689</dst>
      <dst id="13">173.4933</dst>
      <dst id="19">731.3422</dst>
      <dst id="23">4594.0622</dst>
      <dst id="8">1265.4133</dst>
      <dst id="18">40837.9822</dst>
      <dst id="4">34705.0133</dst>
      <dst id="1">6196.2044</dst>
      <dst id="5">127.8311</dst>
      <dst id="3">9489.1200</dst>
      <dst id="22">575.7867</dst>
      <dst id="7">1915.2889</dst>
      <dst id="2">3879.1200</dst>
      <dst id="6">0.7911</dst>
      <dst id="16">905.2800</dst>
      <dst id="14">56215.4222</dst>
      <dst id="20">14.8356</dst>
      <dst id="11">97856.9956</dst>
      <dst id="9">239.2622</dst>
      <dst id="17">4396.3467</dst>
      <dst id="21">12252.0267</dst>
      <dst id="15">178.1600</dst>
    </src>
    <src id="10">
      <dst id="12">12042.8000</dst>
      <dst id="19">6403.9022</dst>
      <dst id="8">59.4933</dst>
      <dst id="18">3422.4622</dst>
      <dst id="1">2416.2044</dst>
      <dst id="5">507.1111</dst>
      <dst id="3">2326.7022</dst>
      <dst id="22">6821.2267</dst>
      <dst id="7">99852.0178</dst>
      <dst id="2">13256.9778</dst>
      <dst id="16">455.1289</dst>
      <dst id="14">2676.0444</dst>
      <dst id="20">3852.3556</dst>
      <dst id="11">2308.8889</dst>
      <dst id="9">3315.4844</dst>
      <dst id="17">11597.0044</dst>
      <dst id="21">14750.0089</dst>
      <dst id="15">513.7156</dst>
    </src>
    <src id="22">
      <dst id="12">8889.7689</dst>
      <dst id="13">894.1600</dst>
      <dst id="19">49.7333</dst>
      <dst id="23">50.6311</dst>
      <dst id="8">6495.4222</dst>
      <dst id="18">537.9733</dst>
      <dst id="4">18336.4089</dst>
      <dst id="1">142.2844</dst>
      <dst id="5">1759.4044</dst>
      <dst id="3">413.6267</dst>
      <dst id="7">313.8311</dst>
      <dst id="2">3242.7022</dst>
      <dst id="6">89.9200</dst>
      <dst id="16">1.4578</dst>
      <dst id="14">234.8089</dst>
      <dst id="11">2240.0444</dst>
      <dst id="9">1459.6089</dst>
      <dst id="17">746.2844</dst>
      <dst id="21">839.4222</dst>
    </src>
    <src id="7">
      <dst id="12">1939.7422</dst>
      <dst id="13">66.1689</dst>
      <dst id="19">74.3200</dst>
      <dst id="23">5.0578</dst>
      <dst id="8">546.0622</dst>
      <dst id="18">121.1111</dst>
      <dst id="4">16147.9467</dst>
      <dst id="1">1498.7200</dst>
      <dst id="5">825.8667</dst>
      <dst id="3">284.4356</dst>
      <dst id="22">2382.7556</dst>
      <dst id="7">584.3556</dst>
      <dst id="2">6239.4400</dst>
      <dst id="6">19.5911</dst>
      <dst id="16">356.3378</dst>
      <dst id="14">212.8889</dst>
      <dst id="20">345.9911</dst>
      <dst id="11">270.1333</dst>
      <dst id="9">1043.7689</dst>
      <dst id="17">3787.0133</dst>
      <dst id="21">1585.7333</dst>
      <dst id="15">243.5822</dst>
    </src>
    <src id="2">
      <dst id="12">90641.8756</dst>
      <dst id="13">510757.8044</dst>
      <dst id="19">224.8622</dst>
      <dst id="8">87.5111</dst>
      <dst id="18">34299.4311</dst>
      <dst id="4">66350.3378</dst>
      <dst id="1">1653.7422</dst>
      <dst id="5">1341.3067</dst>
      <dst id="3">43.3778</dst>
      <dst id="22">649.3333</dst>
      <dst id="7">2436.1689</dst>
      <dst id="2">514.8000</dst>
      <dst id="6">6596.0622</dst>
      <dst id="16">4562.2044</dst>
      <dst id="14">5359.9467</dst>
      <dst id="20">1188.0889</dst>
      <dst id="11">1841.8667</dst>
      <dst id="9">296.4267</dst>
      <dst id="17">19116.0800</dst>
      <dst id="21">790.0089</dst>
      <dst id="15">217.1111</dst>
    </src>
    <src id="6">
      <dst id="12">8038.2667</dst>
      <dst id="13">2.4889</dst>
      <dst id="19">2.1600</dst>
      <dst id="23">0.3378</dst>
      <dst id="18">2.4711</dst>
      <dst id="4">1344.7378</dst>
      <dst id="1">2.8000</dst>
      <dst id="5">24.7733</dst>
      <dst id="3">6.5778</dst>
      <dst id="22">1.8489</dst>
      <dst id="7">1.0667</dst>
      <dst id="2">1488.1067</dst>
      <dst id="16">1.1378</dst>
      <dst id="20">0.7111</dst>
      <dst id="11">1.1644</dst>
      <dst id="9">4.5511</dst>
      <dst id="17">1262.9600</dst>
      <dst id="21">1.3067</dst>
    </src>
    <src id="16">
      <dst id="12">1753.7689</dst>
      <dst id="13">165.0844</dst>
      <dst id="19">4388.0000</dst>
      <dst id="23">53.8756</dst>
      <dst id="8">1391.0933</dst>
      <dst id="18">7.4133</dst>
      <dst id="4">4405.6356</dst>
      <dst id="1">24836.9511</dst>
      <dst id="5">2257.0133</dst>
      <dst id="3">1.5200</dst>
      <dst id="22">0.8622</dst>
      <dst id="7">438.8978</dst>
      <dst id="2">196.3644</dst>
      <dst id="16">29.3867</dst>
      <dst id="14">557.9289</dst>
      <dst id="11">83.8844</dst>
      <dst id="9">4187.0222</dst>
      <dst id="17">2003.6533</dst>
      <dst id="21">1629.3156</dst>
    </src>
    <src id="14">
      <dst id="12">26722.0444</dst>
      <dst id="13">41.8133</dst>
      <dst id="19">5.7422</dst>
      <dst id="23">1.4933</dst>
      <dst id="8">4.0978</dst>
      <dst id="4">1954.9600</dst>
      <dst id="1">80.5156</dst>
      <dst id="5">27.2000</dst>
      <dst id="3">44.4978</dst>
      <dst id="22">16.7822</dst>
      <dst id="7">195.6444</dst>
      <dst id="2">6521.3156</dst>
      <dst id="16">13.8400</dst>
      <dst id="20">0.8622</dst>
      <dst id="11">48.7289</dst>
      <dst id="9">7.9289</dst>
      <dst id="17">12084.9422</dst>
      <dst id="21">145.4133</dst>
      <dst id="15">0.6578</dst>
    </src>
    <src id="20">
      <dst id="12">666.1689</dst>
      <dst id="13">763.2089</dst>
      <dst id="19">31.2178</dst>
      <dst id="23">4.6578</dst>
      <dst id="8">64.7111</dst>
      <dst id="18">14.8889</dst>
      <dst id="4">4508.0622</dst>
      <dst id="1">64.0711</dst>
      <dst id="5">798.2578</dst>
      <dst id="3">92.4622</dst>
      <dst id="7">131.4844</dst>
      <dst id="2">2138.1956</dst>
      <dst id="6">73.5111</dst>
      <dst id="14">1.5200</dst>
      <dst id="11">86.9422</dst>
      <dst id="9">1036.6311</dst>
      <dst id="17">237.5111</dst>
      <dst id="21">131.2178</dst>
    </src>
    <src id="11">
      <dst id="12">349095.7422</dst>
      <dst id="13">2335.0311</dst>
      <dst id="19">70.1511</dst>
      <dst id="23">0.3378</dst>
      <dst id="8">174.0178</dst>
      <dst id="18">166.4089</dst>
      <dst id="4">8200.0889</dst>
      <dst id="1">471.5644</dst>
      <dst id="5">1437.5111</dst>
      <dst id="3">120.4089</dst>
      <dst id="22">638.4356</dst>
      <dst id="7">111.5022</dst>
      <dst id="2">115686.1956</dst>
      <dst id="6">14.4978</dst>
      <dst id="16">143.5022</dst>
      <dst id="14">67.2978</dst>
      <dst id="20">105.2533</dst>
      <dst id="11">2707.2000</dst>
      <dst id="9">1063.2533</dst>
      <dst id="17">124947.5378</dst>
      <dst id="21">267.7511</dst>
      <dst id="15">34.2311</dst>
    </src>
    <src id="9">
      <dst id="12">320825.4311</dst>
      <dst id="13">506.9511</dst>
      <dst id="19">168.0089</dst>
      <dst id="23">45.1200</dst>
      <dst id="8">66.8533</dst>
      <dst id="18">121.6178</dst>
      <dst id="4">9406.1867</dst>
      <dst id="1">660.3378</dst>
      <dst id="5">775.0311</dst>
      <dst id="3">0.4178</dst>
      <dst id="22">11325.4756</dst>
      <dst id="7">58.8267</dst>
      <dst id="2">104722.8533</dst>
      <dst id="6">0.4267</dst>
      <dst id="16">384.0000</dst>
      <dst id="14">0.3556</dst>
      <dst id="20">650.2667</dst>
      <dst id="11">933.8222</dst>
      <dst id="9">481.2889</dst>
      <dst id="17">125124.9156</dst>
      <dst id="21">197.5200</dst>
      <dst id="15">362.2044</dst>
    </src>
    <src id="17">
      <dst id="12">4975.3778</dst>
      <dst id="13">3704.6222</dst>
      <dst id="19">169.0489</dst>
      <dst id="23">43.2533</dst>
      <dst id="8">87176.7911</dst>
      <dst id="18">8.2667</dst>
      <dst id="4">24514.9244</dst>
      <dst id="1">593.6000</dst>
      <dst id="5">131418.4356</dst>
      <dst id="3">4124.9867</dst>
      <dst id="22">2440.0800</dst>
      <dst id="7">668.3289</dst>
      <dst id="2">7988.7022</dst>
      <dst id="6">39.2178</dst>
      <dst id="16">2215.5822</dst>
      <dst id="14">50187.5556</dst>
      <dst id="20">195.4756</dst>
      <dst id="11">70147.4311</dst>
      <dst id="9">116230.6844</dst>
      <dst id="17">1383.5200</dst>
      <dst id="21">10031.8756</dst>
      <dst id="15">670.9422</dst>
    </src>
    <src id="21">
      <dst id="12">18102.4533</dst>
      <dst id="13">262.7378</dst>
      <dst id="19">170.9778</dst>
      <dst id="23">58.4178</dst>
      <dst id="8">135.4222</dst>
      <dst id="18">854.7644</dst>
      <dst id="4">11417.2178</dst>
      <dst id="1">3389.3867</dst>
      <dst id="5">257.9644</dst>
      <dst id="3">625.8578</dst>
      <dst id="22">783.8667</dst>
      <dst id="7">964.3644</dst>
      <dst id="2">6809.4044</dst>
      <dst id="6">1.2622</dst>
      <dst id="16">277.4933</dst>
      <dst id="14">187.3511</dst>
      <dst id="20">159.9733</dst>
      <dst id="11">181.5556</dst>
      <dst id="9">414.2044</dst>
      <dst id="17">4085.7156</dst>
      <dst id="21">518.1778</dst>
      <dst id="15">96.6756</dst>
    </src>
    <src id="15">
      <dst id="12">263.5644</dst>
      <dst id="13">1550.9333</dst>
      <dst id="19">1.7422</dst>
      <dst id="23">0.3556</dst>
      <dst id="8">80.6933</dst>
      <dst id="18">10.0978</dst>
      <dst id="4">2138.9156</dst>
      <dst id="1">834.2933</dst>
      <dst id="5">85.3600</dst>
      <dst id="3">11.3333</dst>
      <dst id="7">85.3244</dst>
      <dst id="2">197.5200</dst>
      <dst id="14">0.3467</dst>
      <dst id="11">5.8311</dst>
      <dst id="9">120.7911</dst>
      <dst id="17">46.5867</dst>
      <dst id="21">28.7289</dst>
    </src>
  </IntraTM>
</TrafficMatrixFile>
