<?xml version="1.0" encoding="UTF-8" standalone="yes"?>
<TrafficMatrixFile xmlns:xsi="http://www.w3.org/2001/XMLSchema-instance" xsi:noNamespaceSchemaLocation="http://totem.run.montefiore.ulg.ac.be/Schema/TrafficMatrix-v1_2.xsd">
  <info>
    <title>Intradomain traffic matrix generated by geant-TM-all.pl</title>
    <date>2005-01-01T11:45:00</date>
    <duration>900</duration>
    <author>Steve Uhlig</author>
    <units>
        <unit type="bandwidth" value="kbps"/>
    </units>
  </info>
  <IntraTM ASID="20965">
    <src id="12">
      <dst id="12">217356.9689</dst>
      <dst id="13">13251.8578</dst>
      <dst id="19">3779.5556</dst>
      <dst id="23">23.7067</dst>
      <dst id="8">1672.7289</dst>
      <dst id="18">762.8533</dst>
      <dst id="4">92120.9422</dst>
      <dst id="1">7842.2578</dst>
      <dst id="5">4909.4933</dst>
      <dst id="3">4514.7378</dst>
      <dst id="22">4964.1511</dst>
      <dst id="7">1724.0089</dst>
      <dst id="2">66532.5422</dst>
      <dst id="6">1.6800</dst>
      <dst id="16">7173.8578</dst>
      <dst id="14">1221.5822</dst>
      <dst id="20">10892.4622</dst>
      <dst id="11">1252.6489</dst>
      <dst id="9">3182.4889</dst>
      <dst id="17">44336.1156</dst>
      <dst id="21">10515.1733</dst>
      <dst id="15">5590.5156</dst>
    </src>
    <src id="13">
      <dst id="12">54208.4000</dst>
      <dst id="19">29178.3289</dst>
      <dst id="23">750.8622</dst>
      <dst id="8">2012.2133</dst>
      <dst id="18">4216.5689</dst>
      <dst id="1">2374.0267</dst>
      <dst id="5">18960.5244</dst>
      <dst id="3">5831.6800</dst>
      <dst id="22">18146.3022</dst>
      <dst id="7">5920.8711</dst>
      <dst id="2">75044.6489</dst>
      <dst id="6">190.1067</dst>
      <dst id="16">6630.0444</dst>
      <dst id="14">1706.0267</dst>
      <dst id="20">4353.4933</dst>
      <dst id="11">6931.7333</dst>
      <dst id="9">16250.6489</dst>
      <dst id="17">78417.7067</dst>
      <dst id="21">15205.0400</dst>
      <dst id="15">1409.6267</dst>
    </src>
    <src id="19">
      <dst id="12">13695.7156</dst>
      <dst id="13">7515.3422</dst>
      <dst id="23">6.8889</dst>
      <dst id="8">40.0000</dst>
      <dst id="18">48.9244</dst>
      <dst id="4">20571.2622</dst>
      <dst id="1">72.2222</dst>
      <dst id="5">1.8844</dst>
      <dst id="3">924.3911</dst>
      <dst id="22">95.5733</dst>
      <dst id="7">3114.7911</dst>
      <dst id="2">894.0711</dst>
      <dst id="6">40.3289</dst>
      <dst id="16">10459.5644</dst>
      <dst id="20">26.3911</dst>
      <dst id="11">165.7600</dst>
      <dst id="9">48.8978</dst>
      <dst id="17">310.2756</dst>
      <dst id="21">944.4356</dst>
      <dst id="15">0.4978</dst>
    </src>
    <src id="23">
      <dst id="12">352.2311</dst>
      <dst id="13">320.2222</dst>
      <dst id="19">83.7600</dst>
      <dst id="8">1.8489</dst>
      <dst id="18">0.3556</dst>
      <dst id="4">2.8267</dst>
      <dst id="1">73.5556</dst>
      <dst id="5">69.2978</dst>
      <dst id="3">202.9867</dst>
      <dst id="22">67.5556</dst>
      <dst id="7">70.6933</dst>
      <dst id="2">3.9378</dst>
      <dst id="16">207.7156</dst>
      <dst id="20">31.3511</dst>
      <dst id="11">34.6578</dst>
      <dst id="9">304.5689</dst>
      <dst id="17">155.0667</dst>
      <dst id="21">298.4356</dst>
    </src>
    <src id="8">
      <dst id="12">283466.2578</dst>
      <dst id="13">250.3378</dst>
      <dst id="19">0.8978</dst>
      <dst id="23">80.4267</dst>
      <dst id="18">17.3422</dst>
      <dst id="4">7274.5067</dst>
      <dst id="1">125.6978</dst>
      <dst id="5">560.2756</dst>
      <dst id="3">58.6844</dst>
      <dst id="22">604.8089</dst>
      <dst id="7">24.8356</dst>
      <dst id="2">77304.0889</dst>
      <dst id="16">266.3911</dst>
      <dst id="20">74.8978</dst>
      <dst id="11">55.8667</dst>
      <dst id="9">256.4978</dst>
      <dst id="17">57621.0667</dst>
      <dst id="21">195.3067</dst>
      <dst id="15">20.3200</dst>
    </src>
    <src id="18">
      <dst id="12">127929.6889</dst>
      <dst id="13">495.9644</dst>
      <dst id="23">0.6133</dst>
      <dst id="8">1.1111</dst>
      <dst id="4">2831.1200</dst>
      <dst id="1">1216.2667</dst>
      <dst id="5">853.3956</dst>
      <dst id="3">137.2622</dst>
      <dst id="22">256.1156</dst>
      <dst id="7">154.6222</dst>
      <dst id="2">32772.2933</dst>
      <dst id="16">3.0311</dst>
      <dst id="14">17.4222</dst>
      <dst id="20">14.4000</dst>
      <dst id="11">193.9378</dst>
      <dst id="9">297.4222</dst>
      <dst id="17">26277.2889</dst>
      <dst id="21">298.0711</dst>
      <dst id="15">36.7467</dst>
    </src>
    <src id="4">
      <dst id="12">15734.8800</dst>
      <dst id="19">8911.5911</dst>
      <dst id="8">738.7289</dst>
      <dst id="18">1876.8178</dst>
      <dst id="4">2.2400</dst>
      <dst id="1">1971.9556</dst>
      <dst id="5">1247.5200</dst>
      <dst id="3">9286.9244</dst>
      <dst id="22">3168.2933</dst>
      <dst id="7">32707.6267</dst>
      <dst id="2">34073.0844</dst>
      <dst id="6">1.2533</dst>
      <dst id="16">1205.7156</dst>
      <dst id="14">879.1644</dst>
      <dst id="20">400.1156</dst>
      <dst id="11">8049.3778</dst>
      <dst id="9">3881.1556</dst>
      <dst id="17">80931.3956</dst>
      <dst id="21">6789.1289</dst>
      <dst id="15">451.8222</dst>
    </src>
    <src id="1">
      <dst id="12">17387.3867</dst>
      <dst id="13">2459.8489</dst>
      <dst id="19">3554.5333</dst>
      <dst id="23">95.7333</dst>
      <dst id="8">64614.0267</dst>
      <dst id="18">12206.9156</dst>
      <dst id="4">5587.3600</dst>
      <dst id="1">87.9733</dst>
      <dst id="5">127537.3067</dst>
      <dst id="3">15589.6000</dst>
      <dst id="22">1661.8400</dst>
      <dst id="7">16035.5911</dst>
      <dst id="2">16299.1733</dst>
      <dst id="6">3169.0667</dst>
      <dst id="16">16732.4978</dst>
      <dst id="14">107.8400</dst>
      <dst id="20">142.1867</dst>
      <dst id="11">312.4000</dst>
      <dst id="9">135272.2133</dst>
      <dst id="17">5221.5467</dst>
      <dst id="21">3019.3600</dst>
      <dst id="15">216.9422</dst>
    </src>
    <src id="5">
      <dst id="12">304560.1511</dst>
      <dst id="13">1834.8267</dst>
      <dst id="19">15.3511</dst>
      <dst id="23">2615.9644</dst>
      <dst id="8">221.5467</dst>
      <dst id="18">150.9956</dst>
      <dst id="4">7198.4711</dst>
      <dst id="1">84.4267</dst>
      <dst id="3">220.2578</dst>
      <dst id="22">5255.8222</dst>
      <dst id="7">57.7333</dst>
      <dst id="2">110854.1333</dst>
      <dst id="6">4.6933</dst>
      <dst id="16">1431.6178</dst>
      <dst id="14">96.0711</dst>
      <dst id="20">754.8089</dst>
      <dst id="11">2422.0267</dst>
      <dst id="9">3341.2800</dst>
      <dst id="17">64939.2356</dst>
      <dst id="21">223.5378</dst>
      <dst id="15">121.0133</dst>
    </src>
    <src id="3">
      <dst id="12">10019.3778</dst>
      <dst id="13">1204.4533</dst>
      <dst id="19">4793.1200</dst>
      <dst id="23">6.2044</dst>
      <dst id="8">96.0444</dst>
      <dst id="18">72119.5289</dst>
      <dst id="4">67218.5067</dst>
      <dst id="1">6083.6444</dst>
      <dst id="5">268.5422</dst>
      <dst id="3">10481.9200</dst>
      <dst id="22">163.6089</dst>
      <dst id="7">1710.8089</dst>
      <dst id="2">3819.7867</dst>
      <dst id="6">47.2622</dst>
      <dst id="16">1064.3378</dst>
      <dst id="14">16198.7200</dst>
      <dst id="20">52.4978</dst>
      <dst id="11">96793.5111</dst>
      <dst id="9">112.4711</dst>
      <dst id="17">8797.1822</dst>
      <dst id="21">7591.6444</dst>
      <dst id="15">25.6533</dst>
    </src>
    <src id="10">
      <dst id="12">11066.0711</dst>
      <dst id="19">3422.5244</dst>
      <dst id="8">1479.4933</dst>
      <dst id="18">518.5600</dst>
      <dst id="1">1849.6089</dst>
      <dst id="5">734.5778</dst>
      <dst id="3">9423.1378</dst>
      <dst id="22">5572.5778</dst>
      <dst id="7">7321.2178</dst>
      <dst id="2">16859.4667</dst>
      <dst id="6">0.4267</dst>
      <dst id="16">2796.3911</dst>
      <dst id="14">1288.4000</dst>
      <dst id="20">4763.2622</dst>
      <dst id="11">1939.8578</dst>
      <dst id="9">2811.0667</dst>
      <dst id="17">16646.0533</dst>
      <dst id="21">7856.8178</dst>
      <dst id="15">609.2711</dst>
    </src>
    <src id="22">
      <dst id="12">4531.2089</dst>
      <dst id="13">2334.4444</dst>
      <dst id="19">10.5867</dst>
      <dst id="23">9.4844</dst>
      <dst id="8">532.1422</dst>
      <dst id="18">543.6267</dst>
      <dst id="4">21036.8533</dst>
      <dst id="1">195.5733</dst>
      <dst id="5">3785.2267</dst>
      <dst id="3">99.1822</dst>
      <dst id="7">1743.8578</dst>
      <dst id="2">3002.3200</dst>
      <dst id="6">60.3911</dst>
      <dst id="16">1.8933</dst>
      <dst id="14">97.2622</dst>
      <dst id="11">4535.2356</dst>
      <dst id="9">2685.0044</dst>
      <dst id="17">4427.7333</dst>
      <dst id="21">842.5422</dst>
    </src>
    <src id="7">
      <dst id="12">2500.5422</dst>
      <dst id="13">122.7022</dst>
      <dst id="19">150.4356</dst>
      <dst id="23">79.8222</dst>
      <dst id="8">366.1156</dst>
      <dst id="18">424.1067</dst>
      <dst id="4">48861.4133</dst>
      <dst id="1">2121.8667</dst>
      <dst id="5">1495.6622</dst>
      <dst id="3">1329.1378</dst>
      <dst id="22">5672.1067</dst>
      <dst id="7">751.4667</dst>
      <dst id="2">5314.4089</dst>
      <dst id="6">37.1556</dst>
      <dst id="16">517.7689</dst>
      <dst id="14">57.4489</dst>
      <dst id="20">242.6578</dst>
      <dst id="11">869.2178</dst>
      <dst id="9">812.1422</dst>
      <dst id="17">11545.3333</dst>
      <dst id="21">4670.7200</dst>
      <dst id="15">72.9333</dst>
    </src>
    <src id="2">
      <dst id="12">57782.3200</dst>
      <dst id="13">1609.5111</dst>
      <dst id="19">176.9867</dst>
      <dst id="23">1.3867</dst>
      <dst id="8">27.8578</dst>
      <dst id="18">57058.6844</dst>
      <dst id="4">109802.0800</dst>
      <dst id="1">3627.6622</dst>
      <dst id="5">1082.3289</dst>
      <dst id="3">1149.6800</dst>
      <dst id="22">1527.5111</dst>
      <dst id="7">9743.2444</dst>
      <dst id="2">321.6178</dst>
      <dst id="6">5483.3244</dst>
      <dst id="16">3905.2267</dst>
      <dst id="14">289.8667</dst>
      <dst id="20">683.2889</dst>
      <dst id="11">5466.3378</dst>
      <dst id="9">250.1067</dst>
      <dst id="17">30569.4489</dst>
      <dst id="21">3874.8889</dst>
      <dst id="15">18.6133</dst>
    </src>
    <src id="6">
      <dst id="12">7225.3333</dst>
      <dst id="13">2.6400</dst>
      <dst id="19">2.2667</dst>
      <dst id="4">22.4178</dst>
      <dst id="1">77.0311</dst>
      <dst id="3">26.3111</dst>
      <dst id="22">38.0444</dst>
      <dst id="7">4.3644</dst>
      <dst id="2">1418.5600</dst>
      <dst id="16">0.3556</dst>
      <dst id="11">4.0089</dst>
      <dst id="17">963.6800</dst>
      <dst id="21">13.3333</dst>
    </src>
    <src id="16">
      <dst id="12">2655.8044</dst>
      <dst id="13">322.1511</dst>
      <dst id="19">4277.9644</dst>
      <dst id="23">5.4222</dst>
      <dst id="8">1120.6400</dst>
      <dst id="18">6.2933</dst>
      <dst id="4">6844.4800</dst>
      <dst id="1">20260.4178</dst>
      <dst id="5">828.6311</dst>
      <dst id="3">2829.1022</dst>
      <dst id="7">1582.9778</dst>
      <dst id="2">713.0667</dst>
      <dst id="16">19.1911</dst>
      <dst id="14">15.5822</dst>
      <dst id="11">49.9644</dst>
      <dst id="9">1492.3911</dst>
      <dst id="17">1958.7911</dst>
      <dst id="21">174.0267</dst>
    </src>
    <src id="14">
      <dst id="12">18497.0667</dst>
      <dst id="13">26.3289</dst>
      <dst id="19">9.7067</dst>
      <dst id="8">1.1733</dst>
      <dst id="18">0.4622</dst>
      <dst id="4">2356.8444</dst>
      <dst id="1">34.6311</dst>
      <dst id="5">1.9111</dst>
      <dst id="3">49.5556</dst>
      <dst id="22">0.5244</dst>
      <dst id="7">55.7511</dst>
      <dst id="2">5994.8711</dst>
      <dst id="16">14.2667</dst>
      <dst id="20">10.8889</dst>
      <dst id="11">68.5867</dst>
      <dst id="9">12.4267</dst>
      <dst id="17">5327.3422</dst>
      <dst id="21">106.9422</dst>
    </src>
    <src id="20">
      <dst id="12">9209.4933</dst>
      <dst id="13">2210.6311</dst>
      <dst id="19">62.6578</dst>
      <dst id="23">3.4489</dst>
      <dst id="8">131.2356</dst>
      <dst id="18">623.6711</dst>
      <dst id="4">13809.2000</dst>
      <dst id="1">48.5333</dst>
      <dst id="5">106.9333</dst>
      <dst id="3">78.9600</dst>
      <dst id="7">265.4400</dst>
      <dst id="2">3392.6844</dst>
      <dst id="16">0.3022</dst>
      <dst id="11">1099.1911</dst>
      <dst id="9">407.0489</dst>
      <dst id="17">412.8533</dst>
      <dst id="21">631.3511</dst>
    </src>
    <src id="11">
      <dst id="12">411671.1911</dst>
      <dst id="13">515.8756</dst>
      <dst id="19">50.1422</dst>
      <dst id="23">13.2089</dst>
      <dst id="8">108.3022</dst>
      <dst id="18">347.1644</dst>
      <dst id="4">12497.9200</dst>
      <dst id="1">401.0667</dst>
      <dst id="5">4325.9289</dst>
      <dst id="3">3789.5378</dst>
      <dst id="22">4282.1867</dst>
      <dst id="7">162.0889</dst>
      <dst id="2">154221.2889</dst>
      <dst id="6">0.3556</dst>
      <dst id="16">570.3644</dst>
      <dst id="14">30.2311</dst>
      <dst id="20">127.2622</dst>
      <dst id="11">1070.6844</dst>
      <dst id="9">667.0578</dst>
      <dst id="17">91105.8578</dst>
      <dst id="21">1329.7422</dst>
      <dst id="15">70.3644</dst>
    </src>
    <src id="9">
      <dst id="12">486650.8178</dst>
      <dst id="13">2460.8089</dst>
      <dst id="19">2893.6889</dst>
      <dst id="23">28.0978</dst>
      <dst id="8">47.2000</dst>
      <dst id="18">7029.4400</dst>
      <dst id="4">10288.3289</dst>
      <dst id="1">65.0578</dst>
      <dst id="5">618.3289</dst>
      <dst id="3">665.9822</dst>
      <dst id="22">1564.8889</dst>
      <dst id="7">61.0133</dst>
      <dst id="2">137200.6133</dst>
      <dst id="16">128.0178</dst>
      <dst id="14">19.4044</dst>
      <dst id="20">328.1867</dst>
      <dst id="11">438.6044</dst>
      <dst id="9">504.0711</dst>
      <dst id="17">109212.0178</dst>
      <dst id="21">506.9244</dst>
      <dst id="15">568.4889</dst>
    </src>
    <src id="17">
      <dst id="12">10475.7244</dst>
      <dst id="13">13268.6489</dst>
      <dst id="19">11517.4578</dst>
      <dst id="23">248.1956</dst>
      <dst id="8">78353.1644</dst>
      <dst id="18">1276.0533</dst>
      <dst id="4">160279.0578</dst>
      <dst id="1">1007.0844</dst>
      <dst id="5">129630.9956</dst>
      <dst id="3">10193.4844</dst>
      <dst id="22">7549.0578</dst>
      <dst id="7">17021.5556</dst>
      <dst id="2">14982.2489</dst>
      <dst id="6">14.5867</dst>
      <dst id="16">4392.1956</dst>
      <dst id="14">14459.2533</dst>
      <dst id="20">4765.4578</dst>
      <dst id="11">79336.8089</dst>
      <dst id="9">149324.0978</dst>
      <dst id="17">1483.9822</dst>
      <dst id="21">13869.7244</dst>
      <dst id="15">404.0533</dst>
    </src>
    <src id="21">
      <dst id="12">21990.2222</dst>
      <dst id="13">2142.6844</dst>
      <dst id="19">168.6133</dst>
      <dst id="23">29.4311</dst>
      <dst id="8">48.4356</dst>
      <dst id="18">1396.4800</dst>
      <dst id="4">25193.1822</dst>
      <dst id="1">1566.9867</dst>
      <dst id="5">273.8400</dst>
      <dst id="3">820.6222</dst>
      <dst id="22">1533.0756</dst>
      <dst id="7">2310.3378</dst>
      <dst id="2">9175.7067</dst>
      <dst id="6">1.6089</dst>
      <dst id="16">116.7644</dst>
      <dst id="14">65.7422</dst>
      <dst id="20">94.1600</dst>
      <dst id="11">228.3733</dst>
      <dst id="9">432.2756</dst>
      <dst id="17">3690.6489</dst>
      <dst id="21">1457.5378</dst>
      <dst id="15">119.0844</dst>
    </src>
    <src id="15">
      <dst id="12">317.1911</dst>
      <dst id="13">199.0311</dst>
      <dst id="23">0.6400</dst>
      <dst id="8">98.6489</dst>
      <dst id="18">52.8711</dst>
      <dst id="4">4350.7822</dst>
      <dst id="1">68.8889</dst>
      <dst id="5">106.3556</dst>
      <dst id="3">363.8667</dst>
      <dst id="7">46.6400</dst>
      <dst id="2">57.4400</dst>
      <dst id="6">0.3378</dst>
      <dst id="11">62.8622</dst>
      <dst id="9">431.0578</dst>
      <dst id="17">1225.3333</dst>
      <dst id="21">84.4889</dst>
    </src>
  </IntraTM>
</TrafficMatrixFile>
