<?xml version="1.0" encoding="UTF-8" standalone="yes"?>
<TrafficMatrixFile xmlns:xsi="http://www.w3.org/2001/XMLSchema-instance" xsi:noNamespaceSchemaLocation="http://totem.run.montefiore.ulg.ac.be/Schema/TrafficMatrix-v1_2.xsd">
  <info>
    <title>Intradomain traffic matrix generated by geant-TM-all.pl</title>
    <date>2005-01-04T06:15:00</date>
    <duration>900</duration>
    <author>Steve Uhlig</author>
    <units>
        <unit type="bandwidth" value="kbps"/>
    </units>
  </info>
  <IntraTM ASID="20965">
    <src id="12">
      <dst id="12">234955.0844</dst>
      <dst id="13">27974.7644</dst>
      <dst id="19">1307.8044</dst>
      <dst id="23">137.6800</dst>
      <dst id="8">1178.5511</dst>
      <dst id="18">561.8400</dst>
      <dst id="4">88715.0400</dst>
      <dst id="1">14791.7511</dst>
      <dst id="5">3417.2711</dst>
      <dst id="3">6185.3778</dst>
      <dst id="22">14369.7244</dst>
      <dst id="7">9789.7244</dst>
      <dst id="2">89715.7333</dst>
      <dst id="6">18.6933</dst>
      <dst id="16">4396.8622</dst>
      <dst id="14">645.5289</dst>
      <dst id="20">14735.3956</dst>
      <dst id="11">4591.2800</dst>
      <dst id="9">6427.0933</dst>
      <dst id="17">58606.5244</dst>
      <dst id="21">2828.3022</dst>
      <dst id="15">8562.7822</dst>
    </src>
    <src id="13">
      <dst id="12">57019.6622</dst>
      <dst id="19">7331.5911</dst>
      <dst id="23">53.3956</dst>
      <dst id="8">3107.7511</dst>
      <dst id="18">4203.9556</dst>
      <dst id="1">5036.8444</dst>
      <dst id="5">13074.7111</dst>
      <dst id="3">3529.7511</dst>
      <dst id="22">26431.1289</dst>
      <dst id="7">8848.3556</dst>
      <dst id="2">95774.9778</dst>
      <dst id="6">761.1822</dst>
      <dst id="16">9670.6489</dst>
      <dst id="14">2835.4933</dst>
      <dst id="20">7613.0222</dst>
      <dst id="11">12605.2444</dst>
      <dst id="9">12597.4578</dst>
      <dst id="17">38587.6978</dst>
      <dst id="21">13449.1911</dst>
      <dst id="15">2272.7378</dst>
    </src>
    <src id="19">
      <dst id="12">11524.7911</dst>
      <dst id="13">4905.9467</dst>
      <dst id="23">41.3067</dst>
      <dst id="8">14.7111</dst>
      <dst id="18">26.1778</dst>
      <dst id="4">20302.3822</dst>
      <dst id="1">293.9022</dst>
      <dst id="5">41.5556</dst>
      <dst id="3">12.8711</dst>
      <dst id="22">167.0311</dst>
      <dst id="7">2558.3911</dst>
      <dst id="2">2236.1511</dst>
      <dst id="6">39.2889</dst>
      <dst id="16">7340.4267</dst>
      <dst id="14">0.5333</dst>
      <dst id="20">95.5911</dst>
      <dst id="11">164.7022</dst>
      <dst id="9">258.3467</dst>
      <dst id="17">108.6400</dst>
      <dst id="21">190.9422</dst>
      <dst id="15">8.3200</dst>
    </src>
    <src id="23">
      <dst id="12">1191.7956</dst>
      <dst id="13">43.0933</dst>
      <dst id="19">2.0444</dst>
      <dst id="8">18.9156</dst>
      <dst id="18">1.1378</dst>
      <dst id="4">126.2222</dst>
      <dst id="1">99.8756</dst>
      <dst id="5">91.9111</dst>
      <dst id="3">83.0578</dst>
      <dst id="22">136.0267</dst>
      <dst id="7">84.7289</dst>
      <dst id="2">30.3200</dst>
      <dst id="6">0.3378</dst>
      <dst id="16">422.4000</dst>
      <dst id="20">0.5689</dst>
      <dst id="11">2324.7022</dst>
      <dst id="9">524.6222</dst>
      <dst id="17">152.1067</dst>
      <dst id="21">66.0622</dst>
    </src>
    <src id="8">
      <dst id="12">352672.4800</dst>
      <dst id="13">721.9733</dst>
      <dst id="19">4.9956</dst>
      <dst id="18">7.0044</dst>
      <dst id="4">5271.4667</dst>
      <dst id="1">268.3644</dst>
      <dst id="5">1446.1867</dst>
      <dst id="3">26.2044</dst>
      <dst id="22">1560.3644</dst>
      <dst id="7">996.9422</dst>
      <dst id="2">134032.2400</dst>
      <dst id="16">620.5956</dst>
      <dst id="20">35.0133</dst>
      <dst id="11">341.8044</dst>
      <dst id="9">1042.0444</dst>
      <dst id="17">125088.1067</dst>
      <dst id="21">412.9422</dst>
      <dst id="15">690.6844</dst>
    </src>
    <src id="18">
      <dst id="12">98837.4400</dst>
      <dst id="13">55.6178</dst>
      <dst id="19">52.9244</dst>
      <dst id="23">1.1022</dst>
      <dst id="8">27.9467</dst>
      <dst id="4">955.2889</dst>
      <dst id="1">1269.8400</dst>
      <dst id="5">118.5600</dst>
      <dst id="3">224.6400</dst>
      <dst id="22">15.8044</dst>
      <dst id="7">15.2267</dst>
      <dst id="2">28090.7378</dst>
      <dst id="16">21.9733</dst>
      <dst id="14">24.8889</dst>
      <dst id="20">14.8089</dst>
      <dst id="11">6.5689</dst>
      <dst id="9">12.4267</dst>
      <dst id="17">37287.3511</dst>
      <dst id="21">101.4489</dst>
      <dst id="15">2.8267</dst>
    </src>
    <src id="4">
      <dst id="12">16656.3733</dst>
      <dst id="19">15479.1200</dst>
      <dst id="8">483.9378</dst>
      <dst id="18">458.8000</dst>
      <dst id="4">2.8978</dst>
      <dst id="1">11582.0978</dst>
      <dst id="5">6464.1333</dst>
      <dst id="3">620.4711</dst>
      <dst id="22">5585.2000</dst>
      <dst id="7">86737.0844</dst>
      <dst id="2">97613.0044</dst>
      <dst id="6">69.7956</dst>
      <dst id="16">2675.9644</dst>
      <dst id="14">2048.0000</dst>
      <dst id="20">1309.3422</dst>
      <dst id="11">3819.6444</dst>
      <dst id="9">1907.3778</dst>
      <dst id="17">27417.8756</dst>
      <dst id="21">4761.3422</dst>
      <dst id="15">753.9289</dst>
    </src>
    <src id="1">
      <dst id="12">12578.4444</dst>
      <dst id="13">818.6489</dst>
      <dst id="19">155.3511</dst>
      <dst id="23">20.4533</dst>
      <dst id="8">107172.4089</dst>
      <dst id="18">12484.2044</dst>
      <dst id="4">13259.1467</dst>
      <dst id="1">50151.0667</dst>
      <dst id="5">190119.8933</dst>
      <dst id="3">71.2089</dst>
      <dst id="22">9827.1467</dst>
      <dst id="7">1902.7911</dst>
      <dst id="2">1774.2044</dst>
      <dst id="6">8704.2400</dst>
      <dst id="16">12570.2844</dst>
      <dst id="14">89.1556</dst>
      <dst id="20">117.4044</dst>
      <dst id="11">386.9867</dst>
      <dst id="9">178707.1467</dst>
      <dst id="17">4540.1244</dst>
      <dst id="21">1654.1156</dst>
      <dst id="15">212.8089</dst>
    </src>
    <src id="5">
      <dst id="12">284772.5067</dst>
      <dst id="13">6087.3422</dst>
      <dst id="19">23.7511</dst>
      <dst id="23">1.2978</dst>
      <dst id="8">248.7556</dst>
      <dst id="18">101.1111</dst>
      <dst id="4">4849.7244</dst>
      <dst id="1">312.7644</dst>
      <dst id="3">1.3511</dst>
      <dst id="22">5769.0844</dst>
      <dst id="7">193.3867</dst>
      <dst id="2">126059.4578</dst>
      <dst id="6">23.9822</dst>
      <dst id="16">399.5822</dst>
      <dst id="14">3.7244</dst>
      <dst id="20">4371.3778</dst>
      <dst id="11">1940.2756</dst>
      <dst id="9">1277.6267</dst>
      <dst id="17">112759.8133</dst>
      <dst id="21">459.2178</dst>
      <dst id="15">1664.2400</dst>
    </src>
    <src id="3">
      <dst id="12">11945.7422</dst>
      <dst id="13">1898.6578</dst>
      <dst id="19">1176.5778</dst>
      <dst id="23">1867.4844</dst>
      <dst id="8">189.4756</dst>
      <dst id="18">60276.8000</dst>
      <dst id="4">22145.7422</dst>
      <dst id="1">8588.7467</dst>
      <dst id="5">269.9556</dst>
      <dst id="3">12008.5778</dst>
      <dst id="22">779.9822</dst>
      <dst id="7">1049.2889</dst>
      <dst id="2">4182.4533</dst>
      <dst id="6">5.8489</dst>
      <dst id="16">1080.8622</dst>
      <dst id="14">39914.2489</dst>
      <dst id="20">177.5822</dst>
      <dst id="11">140078.2222</dst>
      <dst id="9">701.7689</dst>
      <dst id="17">16181.8933</dst>
      <dst id="21">10714.5867</dst>
      <dst id="15">45.5644</dst>
    </src>
    <src id="10">
      <dst id="12">16060.6844</dst>
      <dst id="19">487.3156</dst>
      <dst id="8">443.1467</dst>
      <dst id="18">1018.1156</dst>
      <dst id="1">1996.9511</dst>
      <dst id="5">682.2222</dst>
      <dst id="3">458.7556</dst>
      <dst id="22">8663.7689</dst>
      <dst id="7">5861.5022</dst>
      <dst id="2">17952.7822</dst>
      <dst id="6">13.3333</dst>
      <dst id="16">994.3200</dst>
      <dst id="14">607.8578</dst>
      <dst id="20">1870.8533</dst>
      <dst id="11">5294.9689</dst>
      <dst id="9">1636.4711</dst>
      <dst id="17">9815.5111</dst>
      <dst id="21">5703.3511</dst>
      <dst id="15">566.0000</dst>
    </src>
    <src id="22">
      <dst id="12">6260.9778</dst>
      <dst id="13">7173.6978</dst>
      <dst id="19">13.2711</dst>
      <dst id="23">9.3511</dst>
      <dst id="8">687.8133</dst>
      <dst id="18">833.6000</dst>
      <dst id="4">16799.2000</dst>
      <dst id="1">566.2667</dst>
      <dst id="5">2937.6356</dst>
      <dst id="3">735.2356</dst>
      <dst id="7">834.8356</dst>
      <dst id="2">10069.3067</dst>
      <dst id="6">27.9644</dst>
      <dst id="16">130.1067</dst>
      <dst id="14">30.4889</dst>
      <dst id="11">2588.6489</dst>
      <dst id="9">2038.6578</dst>
      <dst id="17">5220.5867</dst>
      <dst id="21">508.1867</dst>
    </src>
    <src id="7">
      <dst id="12">4201.2711</dst>
      <dst id="13">321.9467</dst>
      <dst id="19">54.0267</dst>
      <dst id="23">28.3911</dst>
      <dst id="8">230.4356</dst>
      <dst id="18">50.4444</dst>
      <dst id="4">12780.6489</dst>
      <dst id="1">2968.6844</dst>
      <dst id="5">1430.1333</dst>
      <dst id="3">14972.0444</dst>
      <dst id="22">2368.5067</dst>
      <dst id="7">806.4356</dst>
      <dst id="2">6797.3867</dst>
      <dst id="6">2.8978</dst>
      <dst id="16">472.4356</dst>
      <dst id="14">1599.5378</dst>
      <dst id="20">540.4622</dst>
      <dst id="11">1761.7244</dst>
      <dst id="9">1164.0889</dst>
      <dst id="17">14499.8933</dst>
      <dst id="21">2060.2756</dst>
      <dst id="15">173.3689</dst>
    </src>
    <src id="2">
      <dst id="12">73292.8622</dst>
      <dst id="13">517421.0044</dst>
      <dst id="19">1325.9556</dst>
      <dst id="23">0.3556</dst>
      <dst id="8">619.5556</dst>
      <dst id="18">52565.5556</dst>
      <dst id="4">93081.6444</dst>
      <dst id="1">3486.8444</dst>
      <dst id="5">2763.8222</dst>
      <dst id="3">101.7156</dst>
      <dst id="22">4346.7022</dst>
      <dst id="7">2954.7822</dst>
      <dst id="2">785.3333</dst>
      <dst id="6">7359.4222</dst>
      <dst id="16">2394.9867</dst>
      <dst id="14">196.5422</dst>
      <dst id="20">766.8622</dst>
      <dst id="11">2797.7600</dst>
      <dst id="9">949.7333</dst>
      <dst id="17">26889.9111</dst>
      <dst id="21">3393.5911</dst>
      <dst id="15">493.0933</dst>
    </src>
    <src id="6">
      <dst id="12">11030.7911</dst>
      <dst id="13">3.1822</dst>
      <dst id="19">12.8889</dst>
      <dst id="23">0.3378</dst>
      <dst id="4">1355.5200</dst>
      <dst id="1">1.8756</dst>
      <dst id="5">0.7111</dst>
      <dst id="22">14.6044</dst>
      <dst id="7">28.0622</dst>
      <dst id="2">2360.1956</dst>
      <dst id="16">3.9822</dst>
      <dst id="20">10.8267</dst>
      <dst id="11">14.3200</dst>
      <dst id="9">0.4978</dst>
      <dst id="17">1594.9244</dst>
      <dst id="21">36.9956</dst>
    </src>
    <src id="16">
      <dst id="12">2933.5200</dst>
      <dst id="13">414.6400</dst>
      <dst id="19">3715.3422</dst>
      <dst id="23">12.0000</dst>
      <dst id="8">5065.6978</dst>
      <dst id="18">5.4756</dst>
      <dst id="4">4558.1956</dst>
      <dst id="1">23377.5022</dst>
      <dst id="5">4052.8444</dst>
      <dst id="3">12.4533</dst>
      <dst id="7">736.0889</dst>
      <dst id="2">872.9422</dst>
      <dst id="6">97.2711</dst>
      <dst id="16">59.0222</dst>
      <dst id="14">27.8756</dst>
      <dst id="11">164.2133</dst>
      <dst id="9">5418.2222</dst>
      <dst id="17">5660.0178</dst>
      <dst id="21">1876.9244</dst>
    </src>
    <src id="14">
      <dst id="12">23547.6711</dst>
      <dst id="13">24.8800</dst>
      <dst id="19">2.2400</dst>
      <dst id="8">1.2711</dst>
      <dst id="18">1.6356</dst>
      <dst id="4">1688.5689</dst>
      <dst id="1">53.6000</dst>
      <dst id="5">1.5289</dst>
      <dst id="3">105.1733</dst>
      <dst id="22">43.3778</dst>
      <dst id="7">54.0978</dst>
      <dst id="2">5713.9822</dst>
      <dst id="16">0.3556</dst>
      <dst id="20">17.5556</dst>
      <dst id="11">114.3200</dst>
      <dst id="9">52.5333</dst>
      <dst id="17">8926.5867</dst>
      <dst id="21">68.4089</dst>
    </src>
    <src id="20">
      <dst id="12">11067.3511</dst>
      <dst id="13">2047.4756</dst>
      <dst id="19">9.5644</dst>
      <dst id="8">252.8889</dst>
      <dst id="18">535.4133</dst>
      <dst id="4">9974.9244</dst>
      <dst id="1">192.9333</dst>
      <dst id="5">982.3022</dst>
      <dst id="3">6857.6000</dst>
      <dst id="7">4980.6044</dst>
      <dst id="2">1451.0933</dst>
      <dst id="6">15.0756</dst>
      <dst id="14">23.6089</dst>
      <dst id="11">243.1289</dst>
      <dst id="9">1359.8489</dst>
      <dst id="17">982.0444</dst>
      <dst id="21">115.3956</dst>
    </src>
    <src id="11">
      <dst id="12">439780.3111</dst>
      <dst id="13">2718.6400</dst>
      <dst id="19">25.4400</dst>
      <dst id="23">43.8756</dst>
      <dst id="8">390.7644</dst>
      <dst id="18">73.0311</dst>
      <dst id="4">9724.9689</dst>
      <dst id="1">440.6133</dst>
      <dst id="5">870.8889</dst>
      <dst id="3">348.0178</dst>
      <dst id="22">3706.2578</dst>
      <dst id="7">928.7911</dst>
      <dst id="2">181725.8222</dst>
      <dst id="6">1.1733</dst>
      <dst id="16">1494.7644</dst>
      <dst id="14">82.9422</dst>
      <dst id="20">884.5778</dst>
      <dst id="11">1285.8489</dst>
      <dst id="9">962.1600</dst>
      <dst id="17">155333.7956</dst>
      <dst id="21">650.8267</dst>
      <dst id="15">50.5156</dst>
    </src>
    <src id="9">
      <dst id="12">393605.7244</dst>
      <dst id="13">3650.7556</dst>
      <dst id="19">1868.7644</dst>
      <dst id="23">59.7156</dst>
      <dst id="8">1118.6578</dst>
      <dst id="18">226.2844</dst>
      <dst id="4">8511.1111</dst>
      <dst id="1">1411.9556</dst>
      <dst id="5">570.9778</dst>
      <dst id="3">16.6400</dst>
      <dst id="22">1301.5467</dst>
      <dst id="7">394.5333</dst>
      <dst id="2">171094.7733</dst>
      <dst id="6">0.4267</dst>
      <dst id="16">685.8400</dst>
      <dst id="14">17.7333</dst>
      <dst id="20">1376.3022</dst>
      <dst id="11">408.3733</dst>
      <dst id="9">152.9689</dst>
      <dst id="17">171069.4667</dst>
      <dst id="21">406.9156</dst>
      <dst id="15">422.0889</dst>
    </src>
    <src id="17">
      <dst id="12">6263.3156</dst>
      <dst id="13">4655.2800</dst>
      <dst id="19">222.4000</dst>
      <dst id="23">18.5067</dst>
      <dst id="8">119194.0000</dst>
      <dst id="18">148.0711</dst>
      <dst id="4">178944.3733</dst>
      <dst id="1">445.3600</dst>
      <dst id="5">178541.1556</dst>
      <dst id="3">4739.7689</dst>
      <dst id="22">8619.9111</dst>
      <dst id="7">2536.4089</dst>
      <dst id="2">8776.4356</dst>
      <dst id="6">20.8089</dst>
      <dst id="16">3624.5511</dst>
      <dst id="14">22420.4978</dst>
      <dst id="20">1657.8044</dst>
      <dst id="11">107372.8978</dst>
      <dst id="9">156609.5200</dst>
      <dst id="17">1547.3689</dst>
      <dst id="21">7937.7333</dst>
      <dst id="15">60.4533</dst>
    </src>
    <src id="21">
      <dst id="12">35641.1467</dst>
      <dst id="13">2968.1511</dst>
      <dst id="19">36.4800</dst>
      <dst id="23">19.6356</dst>
      <dst id="8">287.6800</dst>
      <dst id="18">194.7378</dst>
      <dst id="4">11787.8133</dst>
      <dst id="1">2037.2089</dst>
      <dst id="5">264.2489</dst>
      <dst id="3">1834.2844</dst>
      <dst id="22">608.6044</dst>
      <dst id="7">716.2400</dst>
      <dst id="2">13924.6578</dst>
      <dst id="6">1.3689</dst>
      <dst id="16">545.4133</dst>
      <dst id="14">74.2489</dst>
      <dst id="20">727.8933</dst>
      <dst id="11">824.2044</dst>
      <dst id="9">1165.7689</dst>
      <dst id="17">6848.5244</dst>
      <dst id="21">658.8444</dst>
      <dst id="15">68.4178</dst>
    </src>
    <src id="15">
      <dst id="12">724.8178</dst>
      <dst id="13">16518.5867</dst>
      <dst id="19">226.6667</dst>
      <dst id="23">0.7644</dst>
      <dst id="8">245.0400</dst>
      <dst id="18">0.9600</dst>
      <dst id="4">2820.5422</dst>
      <dst id="1">619.7778</dst>
      <dst id="5">51.3867</dst>
      <dst id="3">8.7111</dst>
      <dst id="7">3.4400</dst>
      <dst id="2">38.9156</dst>
      <dst id="11">115.3689</dst>
      <dst id="9">543.3511</dst>
      <dst id="17">214.1867</dst>
      <dst id="21">116.9333</dst>
    </src>
  </IntraTM>
</TrafficMatrixFile>
