<?xml version="1.0" encoding="UTF-8" standalone="yes"?>
<TrafficMatrixFile xmlns:xsi="http://www.w3.org/2001/XMLSchema-instance" xsi:noNamespaceSchemaLocation="http://totem.run.montefiore.ulg.ac.be/Schema/TrafficMatrix-v1_2.xsd">
  <info>
    <title>Intradomain traffic matrix generated by geant-TM-all.pl</title>
    <date>2005-01-02T18:30:00</date>
    <duration>900</duration>
    <author>Steve Uhlig</author>
    <units>
        <unit type="bandwidth" value="kbps"/>
    </units>
  </info>
  <IntraTM ASID="20965">
    <src id="12">
      <dst id="12">314876.9511</dst>
      <dst id="13">32964.7644</dst>
      <dst id="19">1439.9556</dst>
      <dst id="23">2618.6489</dst>
      <dst id="8">5065.1822</dst>
      <dst id="18">1085.2622</dst>
      <dst id="4">91565.7333</dst>
      <dst id="1">7879.3956</dst>
      <dst id="5">5774.8000</dst>
      <dst id="3">41391.1200</dst>
      <dst id="22">31659.0578</dst>
      <dst id="7">10083.5378</dst>
      <dst id="2">80639.3956</dst>
      <dst id="6">32.3111</dst>
      <dst id="16">7382.7200</dst>
      <dst id="14">225.8756</dst>
      <dst id="20">14194.1156</dst>
      <dst id="11">7488.1867</dst>
      <dst id="9">37653.5111</dst>
      <dst id="17">105697.4044</dst>
      <dst id="21">29117.7156</dst>
      <dst id="15">5052.3289</dst>
    </src>
    <src id="13">
      <dst id="12">76526.4000</dst>
      <dst id="19">13225.0756</dst>
      <dst id="23">155.7867</dst>
      <dst id="8">12064.5600</dst>
      <dst id="18">3659.1822</dst>
      <dst id="1">11628.9956</dst>
      <dst id="5">7841.4400</dst>
      <dst id="3">34823.5289</dst>
      <dst id="22">33158.0356</dst>
      <dst id="7">22350.0533</dst>
      <dst id="2">97842.3556</dst>
      <dst id="6">412.0267</dst>
      <dst id="16">12500.6578</dst>
      <dst id="14">4708.2311</dst>
      <dst id="20">18976.5511</dst>
      <dst id="11">22161.4400</dst>
      <dst id="9">19745.0044</dst>
      <dst id="17">263633.5378</dst>
      <dst id="21">29230.9511</dst>
      <dst id="15">6580.7378</dst>
    </src>
    <src id="19">
      <dst id="12">16745.1733</dst>
      <dst id="13">3642.0889</dst>
      <dst id="23">9.6267</dst>
      <dst id="8">161.0578</dst>
      <dst id="18">5381.1911</dst>
      <dst id="4">20979.9200</dst>
      <dst id="1">3289.7867</dst>
      <dst id="5">71.6978</dst>
      <dst id="3">172.9600</dst>
      <dst id="22">930.2311</dst>
      <dst id="7">5284.8178</dst>
      <dst id="2">2386.6133</dst>
      <dst id="6">152.4089</dst>
      <dst id="16">5634.0089</dst>
      <dst id="14">0.8889</dst>
      <dst id="20">213.4578</dst>
      <dst id="11">364.3111</dst>
      <dst id="9">811.4400</dst>
      <dst id="17">14721.3156</dst>
      <dst id="21">4801.5200</dst>
      <dst id="15">88.3467</dst>
    </src>
    <src id="23">
      <dst id="12">1375.0044</dst>
      <dst id="13">195.9200</dst>
      <dst id="19">13.3333</dst>
      <dst id="8">149.8222</dst>
      <dst id="18">0.3556</dst>
      <dst id="4">35.5378</dst>
      <dst id="1">147.4489</dst>
      <dst id="5">214.0800</dst>
      <dst id="3">6778.9511</dst>
      <dst id="22">665.0489</dst>
      <dst id="7">611.8844</dst>
      <dst id="2">429.4933</dst>
      <dst id="6">1.1378</dst>
      <dst id="16">95.0667</dst>
      <dst id="20">1790.3644</dst>
      <dst id="11">210.8356</dst>
      <dst id="9">2330.5600</dst>
      <dst id="17">420.0533</dst>
      <dst id="21">747.1911</dst>
      <dst id="15">421.7956</dst>
    </src>
    <src id="8">
      <dst id="12">348023.2000</dst>
      <dst id="13">1516.6756</dst>
      <dst id="19">2.1067</dst>
      <dst id="23">253.7956</dst>
      <dst id="18">938.6044</dst>
      <dst id="4">6028.6311</dst>
      <dst id="1">408.4089</dst>
      <dst id="5">1456.0000</dst>
      <dst id="3">0.3556</dst>
      <dst id="22">2110.5067</dst>
      <dst id="7">91.8133</dst>
      <dst id="2">124091.2978</dst>
      <dst id="6">89.7778</dst>
      <dst id="16">2916.0533</dst>
      <dst id="14">9.2978</dst>
      <dst id="20">3407.6889</dst>
      <dst id="11">3073.6889</dst>
      <dst id="9">1363.5467</dst>
      <dst id="17">122911.5378</dst>
      <dst id="21">954.5067</dst>
      <dst id="15">526.0444</dst>
    </src>
    <src id="18">
      <dst id="12">112688.0533</dst>
      <dst id="13">629.6889</dst>
      <dst id="19">1888.9511</dst>
      <dst id="23">17.8667</dst>
      <dst id="8">159.3867</dst>
      <dst id="4">2274.9867</dst>
      <dst id="1">1508.4978</dst>
      <dst id="5">314.3911</dst>
      <dst id="3">4161.3422</dst>
      <dst id="22">274.9689</dst>
      <dst id="7">1041.8044</dst>
      <dst id="2">35955.5289</dst>
      <dst id="16">43.6267</dst>
      <dst id="14">19.7333</dst>
      <dst id="20">24.2489</dst>
      <dst id="11">182.6667</dst>
      <dst id="9">1124.5511</dst>
      <dst id="17">38091.5289</dst>
      <dst id="21">6493.3156</dst>
      <dst id="15">377.3600</dst>
    </src>
    <src id="4">
      <dst id="12">18428.9956</dst>
      <dst id="19">5568.6756</dst>
      <dst id="8">4846.0356</dst>
      <dst id="18">2957.9200</dst>
      <dst id="4">2.0533</dst>
      <dst id="1">36722.9600</dst>
      <dst id="5">1942.4711</dst>
      <dst id="3">3019.8933</dst>
      <dst id="22">12188.5689</dst>
      <dst id="7">101705.5556</dst>
      <dst id="2">79406.2133</dst>
      <dst id="6">14.5867</dst>
      <dst id="16">3764.3200</dst>
      <dst id="14">977.4311</dst>
      <dst id="20">2216.2489</dst>
      <dst id="11">10278.2578</dst>
      <dst id="9">5514.1867</dst>
      <dst id="17">94226.1778</dst>
      <dst id="21">12846.0711</dst>
      <dst id="15">1230.6578</dst>
    </src>
    <src id="1">
      <dst id="12">19027.2889</dst>
      <dst id="13">1481.2178</dst>
      <dst id="19">1212.4533</dst>
      <dst id="23">110.1422</dst>
      <dst id="8">216529.9733</dst>
      <dst id="18">14921.6533</dst>
      <dst id="4">18623.3067</dst>
      <dst id="1">37802.9333</dst>
      <dst id="5">244443.8667</dst>
      <dst id="3">1711.7867</dst>
      <dst id="22">6906.8000</dst>
      <dst id="7">13823.9733</dst>
      <dst id="2">4356.7556</dst>
      <dst id="6">15142.7644</dst>
      <dst id="16">12737.0133</dst>
      <dst id="14">163.8667</dst>
      <dst id="20">531.4667</dst>
      <dst id="11">1664.0000</dst>
      <dst id="9">371603.6356</dst>
      <dst id="17">13580.0178</dst>
      <dst id="21">16179.2711</dst>
      <dst id="15">1401.8133</dst>
    </src>
    <src id="5">
      <dst id="12">263172.7556</dst>
      <dst id="13">912.7911</dst>
      <dst id="19">69.2178</dst>
      <dst id="23">30.6489</dst>
      <dst id="8">8345.2533</dst>
      <dst id="18">316.8089</dst>
      <dst id="4">7538.8978</dst>
      <dst id="1">612.8978</dst>
      <dst id="3">146.0178</dst>
      <dst id="22">4692.5422</dst>
      <dst id="7">445.2622</dst>
      <dst id="2">117649.5378</dst>
      <dst id="16">2762.0533</dst>
      <dst id="14">19.5911</dst>
      <dst id="20">2319.7956</dst>
      <dst id="11">1124.1778</dst>
      <dst id="9">576.0889</dst>
      <dst id="17">92591.9733</dst>
      <dst id="21">487.2444</dst>
      <dst id="15">1100.1067</dst>
    </src>
    <src id="3">
      <dst id="12">10760.2489</dst>
      <dst id="13">936.0533</dst>
      <dst id="19">1108.5511</dst>
      <dst id="23">199.0044</dst>
      <dst id="8">264.4622</dst>
      <dst id="18">144198.4267</dst>
      <dst id="4">36067.6800</dst>
      <dst id="1">9592.1333</dst>
      <dst id="5">667.8933</dst>
      <dst id="3">19955.2711</dst>
      <dst id="22">2965.9911</dst>
      <dst id="7">2501.6444</dst>
      <dst id="2">14854.4800</dst>
      <dst id="6">20.0889</dst>
      <dst id="16">6815.4400</dst>
      <dst id="14">34281.6978</dst>
      <dst id="20">833.6444</dst>
      <dst id="11">236037.7867</dst>
      <dst id="9">1200.7733</dst>
      <dst id="17">27629.8844</dst>
      <dst id="21">9115.7156</dst>
      <dst id="15">742.1600</dst>
    </src>
    <src id="10">
      <dst id="12">19429.8222</dst>
      <dst id="19">2242.6133</dst>
      <dst id="8">3613.0756</dst>
      <dst id="18">1503.2178</dst>
      <dst id="1">1680.1156</dst>
      <dst id="5">2512.3111</dst>
      <dst id="3">25882.9156</dst>
      <dst id="22">11485.8667</dst>
      <dst id="7">17756.8267</dst>
      <dst id="2">39444.0267</dst>
      <dst id="6">90.9156</dst>
      <dst id="16">1625.9378</dst>
      <dst id="14">659.0578</dst>
      <dst id="20">6331.6889</dst>
      <dst id="11">9813.7867</dst>
      <dst id="9">4354.1333</dst>
      <dst id="17">28206.3022</dst>
      <dst id="21">18648.8178</dst>
      <dst id="15">918.2844</dst>
    </src>
    <src id="22">
      <dst id="12">8916.4089</dst>
      <dst id="13">4961.6178</dst>
      <dst id="19">159.0844</dst>
      <dst id="23">37.2533</dst>
      <dst id="8">2579.2444</dst>
      <dst id="18">278.4622</dst>
      <dst id="4">18892.2844</dst>
      <dst id="1">623.8222</dst>
      <dst id="5">5548.1778</dst>
      <dst id="3">1352.9778</dst>
      <dst id="7">1011.6444</dst>
      <dst id="2">7298.2667</dst>
      <dst id="6">298.0089</dst>
      <dst id="16">15.0578</dst>
      <dst id="14">25.2178</dst>
      <dst id="11">4664.8178</dst>
      <dst id="9">3293.6533</dst>
      <dst id="17">9282.8533</dst>
      <dst id="21">2844.1333</dst>
    </src>
    <src id="7">
      <dst id="12">6808.3911</dst>
      <dst id="13">1237.3956</dst>
      <dst id="19">3568.1511</dst>
      <dst id="23">246.5600</dst>
      <dst id="8">457.8400</dst>
      <dst id="18">3739.8133</dst>
      <dst id="4">22949.3511</dst>
      <dst id="1">22058.4178</dst>
      <dst id="5">1375.1111</dst>
      <dst id="3">1276.3289</dst>
      <dst id="22">5678.6222</dst>
      <dst id="7">776.6400</dst>
      <dst id="2">20311.1644</dst>
      <dst id="6">90.2400</dst>
      <dst id="16">1494.0622</dst>
      <dst id="14">145.9911</dst>
      <dst id="20">1179.4756</dst>
      <dst id="11">1547.8933</dst>
      <dst id="9">2875.5644</dst>
      <dst id="17">16344.5511</dst>
      <dst id="21">5651.1467</dst>
      <dst id="15">735.1733</dst>
    </src>
    <src id="2">
      <dst id="12">174010.2844</dst>
      <dst id="13">5004.3289</dst>
      <dst id="19">8511.5644</dst>
      <dst id="23">95.5911</dst>
      <dst id="8">2994.3556</dst>
      <dst id="18">110456.5867</dst>
      <dst id="4">83911.5911</dst>
      <dst id="1">7972.7733</dst>
      <dst id="5">2218.8178</dst>
      <dst id="3">1261.8133</dst>
      <dst id="22">3136.5956</dst>
      <dst id="7">6470.9333</dst>
      <dst id="2">1556.8178</dst>
      <dst id="6">10989.1289</dst>
      <dst id="16">3463.1556</dst>
      <dst id="14">5394.1422</dst>
      <dst id="20">1939.4044</dst>
      <dst id="11">5405.7422</dst>
      <dst id="9">1920.3022</dst>
      <dst id="17">26301.7067</dst>
      <dst id="21">10071.2800</dst>
      <dst id="15">3205.4756</dst>
    </src>
    <src id="6">
      <dst id="12">11335.6444</dst>
      <dst id="13">14.4711</dst>
      <dst id="19">67.8756</dst>
      <dst id="23">17.0222</dst>
      <dst id="8">1.3867</dst>
      <dst id="18">5.0222</dst>
      <dst id="4">110.8978</dst>
      <dst id="1">92.6222</dst>
      <dst id="3">28.4533</dst>
      <dst id="22">54.9867</dst>
      <dst id="7">92.2400</dst>
      <dst id="2">2261.1556</dst>
      <dst id="16">106.8089</dst>
      <dst id="20">0.8267</dst>
      <dst id="11">0.3556</dst>
      <dst id="9">100.6400</dst>
      <dst id="17">1950.0978</dst>
      <dst id="21">179.1822</dst>
      <dst id="15">11.1733</dst>
    </src>
    <src id="16">
      <dst id="12">2968.8889</dst>
      <dst id="13">594.6667</dst>
      <dst id="19">5006.3733</dst>
      <dst id="23">75.2889</dst>
      <dst id="8">8073.6178</dst>
      <dst id="18">104.3822</dst>
      <dst id="4">5096.9689</dst>
      <dst id="1">32163.0044</dst>
      <dst id="5">5902.8089</dst>
      <dst id="3">119.0844</dst>
      <dst id="7">3001.3333</dst>
      <dst id="2">968.3022</dst>
      <dst id="6">7.2444</dst>
      <dst id="16">44.9511</dst>
      <dst id="14">20.1778</dst>
      <dst id="11">515.1911</dst>
      <dst id="9">11271.5822</dst>
      <dst id="17">10348.0889</dst>
      <dst id="21">1070.8444</dst>
    </src>
    <src id="14">
      <dst id="12">14678.9067</dst>
      <dst id="13">359.1467</dst>
      <dst id="19">34.5956</dst>
      <dst id="23">25.9733</dst>
      <dst id="8">1.0222</dst>
      <dst id="18">80.4267</dst>
      <dst id="4">1359.7600</dst>
      <dst id="1">159.0844</dst>
      <dst id="5">10.5600</dst>
      <dst id="3">45.9556</dst>
      <dst id="22">2.5511</dst>
      <dst id="7">118.0533</dst>
      <dst id="2">4902.1244</dst>
      <dst id="16">202.3822</dst>
      <dst id="11">85.6711</dst>
      <dst id="9">5.2622</dst>
      <dst id="17">7252.8533</dst>
      <dst id="21">105.6000</dst>
      <dst id="15">1.8933</dst>
    </src>
    <src id="20">
      <dst id="12">3792.8533</dst>
      <dst id="13">955.4578</dst>
      <dst id="19">62.9156</dst>
      <dst id="23">29.3156</dst>
      <dst id="8">296.4800</dst>
      <dst id="18">208.2133</dst>
      <dst id="4">13472.1244</dst>
      <dst id="1">175.5200</dst>
      <dst id="5">1736.4978</dst>
      <dst id="3">9638.0444</dst>
      <dst id="7">334.2756</dst>
      <dst id="2">2141.1733</dst>
      <dst id="6">0.3556</dst>
      <dst id="14">2.3556</dst>
      <dst id="11">3904.1067</dst>
      <dst id="9">7852.7378</dst>
      <dst id="17">4158.2756</dst>
      <dst id="21">655.9467</dst>
    </src>
    <src id="11">
      <dst id="12">420800.2844</dst>
      <dst id="13">3394.3467</dst>
      <dst id="19">1120.3733</dst>
      <dst id="23">295.1467</dst>
      <dst id="8">1004.1511</dst>
      <dst id="18">2359.6533</dst>
      <dst id="4">18430.0000</dst>
      <dst id="1">322.5244</dst>
      <dst id="5">1802.2400</dst>
      <dst id="3">8751.8489</dst>
      <dst id="22">5029.6089</dst>
      <dst id="7">832.8800</dst>
      <dst id="2">153551.6978</dst>
      <dst id="6">18.3733</dst>
      <dst id="16">337.3244</dst>
      <dst id="14">77.1111</dst>
      <dst id="20">1536.6311</dst>
      <dst id="11">2123.3067</dst>
      <dst id="9">2894.5778</dst>
      <dst id="17">136446.9244</dst>
      <dst id="21">2090.5156</dst>
      <dst id="15">2830.9244</dst>
    </src>
    <src id="9">
      <dst id="12">472803.2889</dst>
      <dst id="13">1566.0533</dst>
      <dst id="19">47.7600</dst>
      <dst id="23">44.3200</dst>
      <dst id="8">2196.5333</dst>
      <dst id="18">388.5956</dst>
      <dst id="4">17702.2578</dst>
      <dst id="1">5903.7867</dst>
      <dst id="5">2028.8800</dst>
      <dst id="3">228.7644</dst>
      <dst id="22">5772.5867</dst>
      <dst id="7">2614.7289</dst>
      <dst id="2">168036.3378</dst>
      <dst id="6">73.1289</dst>
      <dst id="16">1287.5200</dst>
      <dst id="14">11.1111</dst>
      <dst id="20">6538.1156</dst>
      <dst id="11">3810.2044</dst>
      <dst id="9">1234.9600</dst>
      <dst id="17">168310.6489</dst>
      <dst id="21">1905.6178</dst>
      <dst id="15">5388.4267</dst>
    </src>
    <src id="17">
      <dst id="12">21545.8222</dst>
      <dst id="13">34484.2133</dst>
      <dst id="19">1617.4044</dst>
      <dst id="23">184.1778</dst>
      <dst id="8">227883.5733</dst>
      <dst id="18">1910.0000</dst>
      <dst id="4">49243.7600</dst>
      <dst id="1">9870.6756</dst>
      <dst id="5">231507.6800</dst>
      <dst id="3">28425.6178</dst>
      <dst id="22">5707.8756</dst>
      <dst id="7">4318.9156</dst>
      <dst id="2">16372.4444</dst>
      <dst id="6">203.8489</dst>
      <dst id="16">6788.1422</dst>
      <dst id="14">29442.1156</dst>
      <dst id="20">3908.8533</dst>
      <dst id="11">173762.5600</dst>
      <dst id="9">304385.6889</dst>
      <dst id="17">3087.8844</dst>
      <dst id="21">8282.0533</dst>
      <dst id="15">4348.5422</dst>
    </src>
    <src id="21">
      <dst id="12">19658.9067</dst>
      <dst id="13">4007.5022</dst>
      <dst id="19">378.8622</dst>
      <dst id="23">162.2844</dst>
      <dst id="8">754.4711</dst>
      <dst id="18">928.9422</dst>
      <dst id="4">20883.1289</dst>
      <dst id="1">4310.8622</dst>
      <dst id="5">809.5378</dst>
      <dst id="3">4269.9733</dst>
      <dst id="22">5039.5556</dst>
      <dst id="7">8516.1867</dst>
      <dst id="2">9474.8000</dst>
      <dst id="6">113.2267</dst>
      <dst id="16">392.3733</dst>
      <dst id="14">202.0800</dst>
      <dst id="20">196.5156</dst>
      <dst id="11">7542.7289</dst>
      <dst id="9">2470.1333</dst>
      <dst id="17">5271.6978</dst>
      <dst id="21">3962.8978</dst>
      <dst id="15">975.4667</dst>
    </src>
    <src id="15">
      <dst id="12">5485.2533</dst>
      <dst id="13">1235.4933</dst>
      <dst id="19">16.4978</dst>
      <dst id="23">13.7244</dst>
      <dst id="8">173.4844</dst>
      <dst id="18">9.1467</dst>
      <dst id="4">7304.6489</dst>
      <dst id="1">3020.5333</dst>
      <dst id="5">595.1644</dst>
      <dst id="3">819.7067</dst>
      <dst id="7">1925.4489</dst>
      <dst id="2">223.3867</dst>
      <dst id="16">0.3556</dst>
      <dst id="14">0.8533</dst>
      <dst id="11">1954.9600</dst>
      <dst id="9">3024.5511</dst>
      <dst id="17">525.7422</dst>
      <dst id="21">265.5556</dst>
    </src>
  </IntraTM>
</TrafficMatrixFile>
