<?xml version="1.0" encoding="UTF-8" standalone="yes"?>
<TrafficMatrixFile xmlns:xsi="http://www.w3.org/2001/XMLSchema-instance" xsi:noNamespaceSchemaLocation="http://totem.run.montefiore.ulg.ac.be/Schema/TrafficMatrix-v1_2.xsd">
  <info>
    <title>Intradomain traffic matrix generated by geant-TM-all.pl</title>
    <date>2005-01-01T22:00:00</date>
    <duration>900</duration>
    <author>Steve Uhlig</author>
    <units>
        <unit type="bandwidth" value="kbps"/>
    </units>
  </info>
  <IntraTM ASID="20965">
    <src id="12">
      <dst id="12">388203.8667</dst>
      <dst id="13">53469.3689</dst>
      <dst id="19">5242.2844</dst>
      <dst id="23">3261.4756</dst>
      <dst id="8">8152.9333</dst>
      <dst id="18">3231.3689</dst>
      <dst id="4">87720.0622</dst>
      <dst id="1">7959.6356</dst>
      <dst id="5">14455.1467</dst>
      <dst id="3">11035.3244</dst>
      <dst id="22">19692.2489</dst>
      <dst id="7">4392.1956</dst>
      <dst id="2">99447.1733</dst>
      <dst id="6">23.8133</dst>
      <dst id="16">10108.3467</dst>
      <dst id="14">1486.5867</dst>
      <dst id="20">7767.2267</dst>
      <dst id="11">6734.3822</dst>
      <dst id="9">32519.6711</dst>
      <dst id="17">99375.8311</dst>
      <dst id="21">24641.8578</dst>
      <dst id="15">4532.6400</dst>
    </src>
    <src id="13">
      <dst id="12">70647.1111</dst>
      <dst id="19">19207.9733</dst>
      <dst id="23">515.0044</dst>
      <dst id="8">4751.6178</dst>
      <dst id="18">7613.4578</dst>
      <dst id="1">5401.9467</dst>
      <dst id="5">23092.1156</dst>
      <dst id="3">50609.7778</dst>
      <dst id="22">29865.8933</dst>
      <dst id="7">15184.0089</dst>
      <dst id="2">128573.3156</dst>
      <dst id="6">170.2844</dst>
      <dst id="16">10669.1378</dst>
      <dst id="14">7359.2178</dst>
      <dst id="20">18327.2978</dst>
      <dst id="11">22250.9689</dst>
      <dst id="9">21967.5644</dst>
      <dst id="17">53360.1244</dst>
      <dst id="21">31090.0267</dst>
      <dst id="15">5003.3600</dst>
    </src>
    <src id="19">
      <dst id="12">18634.2311</dst>
      <dst id="13">3724.6667</dst>
      <dst id="23">104.2044</dst>
      <dst id="8">84.2933</dst>
      <dst id="18">149.5644</dst>
      <dst id="4">19216.2844</dst>
      <dst id="1">13.8400</dst>
      <dst id="5">29.6444</dst>
      <dst id="3">768.6133</dst>
      <dst id="22">2192.7022</dst>
      <dst id="7">3756.8356</dst>
      <dst id="2">2434.4711</dst>
      <dst id="6">15.1111</dst>
      <dst id="16">7380.8622</dst>
      <dst id="14">0.6489</dst>
      <dst id="20">418.7556</dst>
      <dst id="11">560.5067</dst>
      <dst id="9">3263.6356</dst>
      <dst id="17">330.6222</dst>
      <dst id="21">1244.8356</dst>
      <dst id="15">25.0311</dst>
    </src>
    <src id="23">
      <dst id="12">2603.6178</dst>
      <dst id="13">172.3822</dst>
      <dst id="19">109.0222</dst>
      <dst id="8">102.8178</dst>
      <dst id="18">54.7556</dst>
      <dst id="4">0.6222</dst>
      <dst id="1">103.3956</dst>
      <dst id="5">70.8444</dst>
      <dst id="3">67.6622</dst>
      <dst id="22">251.2356</dst>
      <dst id="7">146.4356</dst>
      <dst id="2">114.6400</dst>
      <dst id="6">1.9911</dst>
      <dst id="16">9.8400</dst>
      <dst id="14">1314.5600</dst>
      <dst id="20">255.6444</dst>
      <dst id="11">274.4711</dst>
      <dst id="9">322.3111</dst>
      <dst id="17">435.6622</dst>
      <dst id="21">296.0978</dst>
      <dst id="15">69.5822</dst>
    </src>
    <src id="8">
      <dst id="12">439168.1778</dst>
      <dst id="13">1304.0000</dst>
      <dst id="19">57.5556</dst>
      <dst id="23">245.0667</dst>
      <dst id="18">350.3733</dst>
      <dst id="4">12306.3111</dst>
      <dst id="1">432.8356</dst>
      <dst id="5">8349.0133</dst>
      <dst id="3">1239.3600</dst>
      <dst id="22">2969.6267</dst>
      <dst id="7">305.5200</dst>
      <dst id="2">169534.8267</dst>
      <dst id="6">5.4667</dst>
      <dst id="16">758.8711</dst>
      <dst id="14">0.7111</dst>
      <dst id="20">320.8356</dst>
      <dst id="11">929.0400</dst>
      <dst id="9">896.6756</dst>
      <dst id="17">95791.6711</dst>
      <dst id="21">452.8622</dst>
      <dst id="15">699.5644</dst>
    </src>
    <src id="18">
      <dst id="12">152323.4489</dst>
      <dst id="13">209.2622</dst>
      <dst id="19">843.6889</dst>
      <dst id="23">96.6578</dst>
      <dst id="8">1410.6044</dst>
      <dst id="4">3054.8800</dst>
      <dst id="1">963.1556</dst>
      <dst id="5">640.1778</dst>
      <dst id="3">149.4044</dst>
      <dst id="22">563.8667</dst>
      <dst id="7">79.4578</dst>
      <dst id="2">46307.3156</dst>
      <dst id="16">36.3644</dst>
      <dst id="20">33.5111</dst>
      <dst id="11">129.6622</dst>
      <dst id="9">310.4978</dst>
      <dst id="17">35960.1689</dst>
      <dst id="21">665.4311</dst>
      <dst id="15">7.0756</dst>
    </src>
    <src id="4">
      <dst id="12">17469.6533</dst>
      <dst id="19">8822.8267</dst>
      <dst id="23">0.4622</dst>
      <dst id="8">2608.9067</dst>
      <dst id="18">1043.0756</dst>
      <dst id="4">1.4489</dst>
      <dst id="1">9949.2622</dst>
      <dst id="5">2819.4756</dst>
      <dst id="3">24354.4978</dst>
      <dst id="22">8880.0178</dst>
      <dst id="7">46079.2978</dst>
      <dst id="2">78488.4622</dst>
      <dst id="6">6.8978</dst>
      <dst id="16">3133.8400</dst>
      <dst id="14">4984.2756</dst>
      <dst id="20">3314.6400</dst>
      <dst id="11">6826.8800</dst>
      <dst id="9">9469.2800</dst>
      <dst id="17">27077.1733</dst>
      <dst id="21">9783.8667</dst>
      <dst id="15">1413.2178</dst>
    </src>
    <src id="1">
      <dst id="12">21545.8311</dst>
      <dst id="13">447.5289</dst>
      <dst id="19">59.0222</dst>
      <dst id="23">87.8222</dst>
      <dst id="8">248287.5556</dst>
      <dst id="18">16023.0667</dst>
      <dst id="4">7618.9067</dst>
      <dst id="1">38.8267</dst>
      <dst id="5">307922.1156</dst>
      <dst id="3">19545.3867</dst>
      <dst id="22">12796.1067</dst>
      <dst id="7">1782.6933</dst>
      <dst id="2">18979.7956</dst>
      <dst id="6">8131.0844</dst>
      <dst id="16">13371.0400</dst>
      <dst id="14">323.3244</dst>
      <dst id="20">1450.6222</dst>
      <dst id="11">2484.5689</dst>
      <dst id="9">423090.7467</dst>
      <dst id="17">2225.1556</dst>
      <dst id="21">19657.9289</dst>
      <dst id="15">1630.9067</dst>
    </src>
    <src id="5">
      <dst id="12">380618.7289</dst>
      <dst id="13">6513.8133</dst>
      <dst id="19">149.8400</dst>
      <dst id="23">168.8089</dst>
      <dst id="8">3891.7067</dst>
      <dst id="18">1775.2356</dst>
      <dst id="4">8279.4489</dst>
      <dst id="1">236.9156</dst>
      <dst id="3">1512.0533</dst>
      <dst id="22">9644.2400</dst>
      <dst id="7">378.1422</dst>
      <dst id="2">161314.1333</dst>
      <dst id="6">0.7822</dst>
      <dst id="16">1280.0000</dst>
      <dst id="14">7.1111</dst>
      <dst id="20">7944.2667</dst>
      <dst id="11">3661.7778</dst>
      <dst id="9">18548.7378</dst>
      <dst id="17">85734.2933</dst>
      <dst id="21">1097.2889</dst>
      <dst id="15">2189.8756</dst>
    </src>
    <src id="3">
      <dst id="12">19486.0533</dst>
      <dst id="13">738.0533</dst>
      <dst id="19">1902.6844</dst>
      <dst id="23">17.2800</dst>
      <dst id="8">1197.5289</dst>
      <dst id="18">181881.4222</dst>
      <dst id="4">47169.2444</dst>
      <dst id="1">8771.5911</dst>
      <dst id="5">2923.1911</dst>
      <dst id="3">25136.7822</dst>
      <dst id="22">2776.1689</dst>
      <dst id="7">6671.1644</dst>
      <dst id="2">9920.0000</dst>
      <dst id="6">26.3911</dst>
      <dst id="16">2270.6578</dst>
      <dst id="14">64370.1333</dst>
      <dst id="20">3687.3156</dst>
      <dst id="11">258116.7733</dst>
      <dst id="9">1991.3956</dst>
      <dst id="17">27619.3333</dst>
      <dst id="21">12278.9333</dst>
      <dst id="15">317.4311</dst>
    </src>
    <src id="10">
      <dst id="12">17976.9333</dst>
      <dst id="19">1427.7333</dst>
      <dst id="23">0.4267</dst>
      <dst id="8">1773.9733</dst>
      <dst id="18">5752.8800</dst>
      <dst id="1">4286.8356</dst>
      <dst id="5">1586.7467</dst>
      <dst id="3">19395.6978</dst>
      <dst id="22">8977.6089</dst>
      <dst id="7">4275.4222</dst>
      <dst id="2">36837.1733</dst>
      <dst id="6">80.5067</dst>
      <dst id="16">2740.8000</dst>
      <dst id="14">4348.9956</dst>
      <dst id="20">6736.3467</dst>
      <dst id="11">6265.1911</dst>
      <dst id="9">3807.1467</dst>
      <dst id="17">20748.1422</dst>
      <dst id="21">14901.6178</dst>
      <dst id="15">3333.5822</dst>
    </src>
    <src id="22">
      <dst id="12">12731.1022</dst>
      <dst id="13">3869.1378</dst>
      <dst id="19">233.1556</dst>
      <dst id="23">69.4400</dst>
      <dst id="8">7508.2044</dst>
      <dst id="18">1502.0000</dst>
      <dst id="4">16463.4311</dst>
      <dst id="1">485.3511</dst>
      <dst id="5">4750.8889</dst>
      <dst id="3">3877.9556</dst>
      <dst id="7">1422.3200</dst>
      <dst id="2">2654.4889</dst>
      <dst id="6">36.6756</dst>
      <dst id="16">1.1911</dst>
      <dst id="14">94.6756</dst>
      <dst id="11">4256.8889</dst>
      <dst id="9">2794.1333</dst>
      <dst id="17">5325.4844</dst>
      <dst id="21">2604.3822</dst>
    </src>
    <src id="7">
      <dst id="12">9271.7511</dst>
      <dst id="13">571.6178</dst>
      <dst id="19">496.4178</dst>
      <dst id="23">491.7956</dst>
      <dst id="8">85.1556</dst>
      <dst id="18">5105.9111</dst>
      <dst id="4">60711.6800</dst>
      <dst id="1">22362.0622</dst>
      <dst id="5">1540.3644</dst>
      <dst id="3">9753.2978</dst>
      <dst id="22">8603.9467</dst>
      <dst id="7">845.6889</dst>
      <dst id="2">12099.7867</dst>
      <dst id="6">176.9867</dst>
      <dst id="16">1161.2178</dst>
      <dst id="14">297.7067</dst>
      <dst id="20">2440.2311</dst>
      <dst id="11">2191.9733</dst>
      <dst id="9">1441.7778</dst>
      <dst id="17">8687.2622</dst>
      <dst id="21">11369.5644</dst>
      <dst id="15">628.1244</dst>
    </src>
    <src id="2">
      <dst id="12">173359.8667</dst>
      <dst id="13">6819.2978</dst>
      <dst id="19">865.8933</dst>
      <dst id="23">0.4622</dst>
      <dst id="8">3915.3600</dst>
      <dst id="18">145355.6533</dst>
      <dst id="4">89127.1911</dst>
      <dst id="1">3317.4844</dst>
      <dst id="5">1747.4489</dst>
      <dst id="3">12731.9289</dst>
      <dst id="22">2703.7689</dst>
      <dst id="7">4031.6089</dst>
      <dst id="2">1336.8800</dst>
      <dst id="6">7612.8089</dst>
      <dst id="16">2989.3511</dst>
      <dst id="14">1085.5200</dst>
      <dst id="20">3246.9156</dst>
      <dst id="11">12091.4933</dst>
      <dst id="9">2617.5289</dst>
      <dst id="17">30782.2844</dst>
      <dst id="21">15624.0533</dst>
      <dst id="15">719.5644</dst>
    </src>
    <src id="6">
      <dst id="12">10273.4933</dst>
      <dst id="13">5.3244</dst>
      <dst id="19">17.0311</dst>
      <dst id="23">26.6222</dst>
      <dst id="8">39.1200</dst>
      <dst id="18">11.4667</dst>
      <dst id="4">78.7911</dst>
      <dst id="5">27.6800</dst>
      <dst id="3">65.3067</dst>
      <dst id="22">111.9911</dst>
      <dst id="7">8.5067</dst>
      <dst id="2">2117.6889</dst>
      <dst id="16">23.6800</dst>
      <dst id="20">37.4667</dst>
      <dst id="11">16.3822</dst>
      <dst id="9">103.7867</dst>
      <dst id="17">1607.5022</dst>
      <dst id="21">51.1022</dst>
      <dst id="15">11.4667</dst>
    </src>
    <src id="16">
      <dst id="12">3543.1022</dst>
      <dst id="13">7076.0356</dst>
      <dst id="19">4373.4667</dst>
      <dst id="23">32.5333</dst>
      <dst id="8">9577.7244</dst>
      <dst id="18">110.4978</dst>
      <dst id="4">4788.5156</dst>
      <dst id="1">20108.7289</dst>
      <dst id="5">10043.3067</dst>
      <dst id="3">1210.4800</dst>
      <dst id="22">40.0000</dst>
      <dst id="7">1381.6533</dst>
      <dst id="2">2424.9778</dst>
      <dst id="6">0.5689</dst>
      <dst id="16">55.8044</dst>
      <dst id="14">341.0044</dst>
      <dst id="11">537.2356</dst>
      <dst id="9">13928.3556</dst>
      <dst id="17">2850.4622</dst>
      <dst id="21">686.4000</dst>
    </src>
    <src id="14">
      <dst id="12">24428.3378</dst>
      <dst id="13">75.3689</dst>
      <dst id="19">46.4178</dst>
      <dst id="23">31.3956</dst>
      <dst id="4">3061.9467</dst>
      <dst id="1">231.6356</dst>
      <dst id="5">18.5778</dst>
      <dst id="3">147.6711</dst>
      <dst id="22">50.8356</dst>
      <dst id="7">82.3556</dst>
      <dst id="2">8706.6933</dst>
      <dst id="16">10.1156</dst>
      <dst id="20">27.9467</dst>
      <dst id="11">282.5333</dst>
      <dst id="9">7.8933</dst>
      <dst id="17">8682.2400</dst>
      <dst id="21">133.1556</dst>
    </src>
    <src id="20">
      <dst id="12">9757.2711</dst>
      <dst id="13">1788.1244</dst>
      <dst id="19">38.5067</dst>
      <dst id="23">142.9867</dst>
      <dst id="8">418.7200</dst>
      <dst id="18">376.7822</dst>
      <dst id="4">6601.8844</dst>
      <dst id="1">206.4000</dst>
      <dst id="5">7164.9600</dst>
      <dst id="3">3903.6533</dst>
      <dst id="7">424.7467</dst>
      <dst id="2">14211.8311</dst>
      <dst id="6">2142.8267</dst>
      <dst id="16">13.3333</dst>
      <dst id="14">13.0844</dst>
      <dst id="11">4548.6578</dst>
      <dst id="9">14255.4222</dst>
      <dst id="17">64936.3467</dst>
      <dst id="21">2791.2267</dst>
    </src>
    <src id="11">
      <dst id="12">484487.5467</dst>
      <dst id="13">3070.0889</dst>
      <dst id="19">169.2622</dst>
      <dst id="23">34.6222</dst>
      <dst id="8">1351.6000</dst>
      <dst id="18">537.8667</dst>
      <dst id="4">11839.7689</dst>
      <dst id="1">1278.9422</dst>
      <dst id="5">1858.4622</dst>
      <dst id="3">3033.3244</dst>
      <dst id="22">6565.4133</dst>
      <dst id="7">1397.5733</dst>
      <dst id="2">186617.6533</dst>
      <dst id="6">12.2844</dst>
      <dst id="16">179.2089</dst>
      <dst id="14">91.8844</dst>
      <dst id="20">1799.4489</dst>
      <dst id="11">2887.8311</dst>
      <dst id="9">2781.9733</dst>
      <dst id="17">115548.2489</dst>
      <dst id="21">1801.7956</dst>
      <dst id="15">439.0933</dst>
    </src>
    <src id="9">
      <dst id="12">640550.4000</dst>
      <dst id="13">7144.1956</dst>
      <dst id="19">1581.4667</dst>
      <dst id="23">9.2356</dst>
      <dst id="8">1929.0489</dst>
      <dst id="18">194.8089</dst>
      <dst id="4">10794.9867</dst>
      <dst id="1">391.6800</dst>
      <dst id="5">2160.0178</dst>
      <dst id="3">1528.1422</dst>
      <dst id="22">2505.3511</dst>
      <dst id="7">1254.2400</dst>
      <dst id="2">218452.1156</dst>
      <dst id="6">13.8044</dst>
      <dst id="16">1672.2044</dst>
      <dst id="14">4.9067</dst>
      <dst id="20">12529.3422</dst>
      <dst id="11">3857.4667</dst>
      <dst id="9">759.5111</dst>
      <dst id="17">152339.1111</dst>
      <dst id="21">4982.2044</dst>
      <dst id="15">18846.9956</dst>
    </src>
    <src id="17">
      <dst id="12">19310.1244</dst>
      <dst id="13">18161.5556</dst>
      <dst id="19">472.6933</dst>
      <dst id="23">1815.9200</dst>
      <dst id="8">241306.1067</dst>
      <dst id="18">5516.8889</dst>
      <dst id="4">45028.3733</dst>
      <dst id="1">2761.7511</dst>
      <dst id="5">292240.8356</dst>
      <dst id="3">23535.0667</dst>
      <dst id="22">10744.6667</dst>
      <dst id="7">16446.6133</dst>
      <dst id="2">13071.3156</dst>
      <dst id="6">38.6133</dst>
      <dst id="16">3747.6533</dst>
      <dst id="14">50132.6756</dst>
      <dst id="20">2864.8889</dst>
      <dst id="11">215109.2800</dst>
      <dst id="9">378862.7200</dst>
      <dst id="17">951.8844</dst>
      <dst id="21">12364.8711</dst>
      <dst id="15">2069.8756</dst>
    </src>
    <src id="21">
      <dst id="12">23010.4800</dst>
      <dst id="13">877.7333</dst>
      <dst id="19">737.0756</dst>
      <dst id="23">89.5022</dst>
      <dst id="8">278.4356</dst>
      <dst id="18">3657.2444</dst>
      <dst id="4">32786.5600</dst>
      <dst id="1">2100.6667</dst>
      <dst id="5">969.2178</dst>
      <dst id="3">2486.8444</dst>
      <dst id="22">2268.5956</dst>
      <dst id="7">2736.3733</dst>
      <dst id="2">9828.2222</dst>
      <dst id="6">27.0222</dst>
      <dst id="16">367.0844</dst>
      <dst id="14">212.9689</dst>
      <dst id="20">2998.7911</dst>
      <dst id="11">1375.3600</dst>
      <dst id="9">772.0711</dst>
      <dst id="17">3761.3333</dst>
      <dst id="21">2795.8044</dst>
      <dst id="15">754.3378</dst>
    </src>
    <src id="15">
      <dst id="12">3788.6578</dst>
      <dst id="13">3150.2933</dst>
      <dst id="19">337.7689</dst>
      <dst id="23">533.0133</dst>
      <dst id="8">22120.6311</dst>
      <dst id="18">6.8267</dst>
      <dst id="4">2236.1956</dst>
      <dst id="1">168.3467</dst>
      <dst id="5">431.8489</dst>
      <dst id="3">789.0578</dst>
      <dst id="7">375.0311</dst>
      <dst id="2">953.3333</dst>
      <dst id="14">1.1733</dst>
      <dst id="11">1929.3067</dst>
      <dst id="9">2713.3600</dst>
      <dst id="17">539.7956</dst>
      <dst id="21">159.7333</dst>
    </src>
  </IntraTM>
</TrafficMatrixFile>
