<?xml version="1.0" encoding="UTF-8" standalone="yes"?>
<TrafficMatrixFile xmlns:xsi="http://www.w3.org/2001/XMLSchema-instance" xsi:noNamespaceSchemaLocation="http://totem.run.montefiore.ulg.ac.be/Schema/TrafficMatrix-v1_2.xsd">
  <info>
    <title>Intradomain traffic matrix generated by geant-TM-all.pl</title>
    <date>2005-01-03T02:00:00</date>
    <duration>900</duration>
    <author>Steve Uhlig</author>
    <units>
        <unit type="bandwidth" value="kbps"/>
    </units>
  </info>
  <IntraTM ASID="20965">
    <src id="12">
      <dst id="12">286131.0489</dst>
      <dst id="13">26779.1467</dst>
      <dst id="19">6485.5022</dst>
      <dst id="23">349.6089</dst>
      <dst id="8">8024.9867</dst>
      <dst id="18">1477.2000</dst>
      <dst id="4">140918.0089</dst>
      <dst id="1">7927.9733</dst>
      <dst id="5">5064.6756</dst>
      <dst id="3">6456.3556</dst>
      <dst id="22">22789.0222</dst>
      <dst id="7">5780.2133</dst>
      <dst id="2">97560.3378</dst>
      <dst id="6">56.7556</dst>
      <dst id="16">4743.5022</dst>
      <dst id="14">276.1778</dst>
      <dst id="20">6507.8667</dst>
      <dst id="11">7781.1644</dst>
      <dst id="9">8662.2311</dst>
      <dst id="17">93586.2311</dst>
      <dst id="21">27873.5200</dst>
      <dst id="15">1799.8311</dst>
    </src>
    <src id="13">
      <dst id="12">60612.8889</dst>
      <dst id="19">30564.1956</dst>
      <dst id="23">17180.4800</dst>
      <dst id="8">9816.7644</dst>
      <dst id="18">10489.5822</dst>
      <dst id="1">7011.7867</dst>
      <dst id="5">9831.6356</dst>
      <dst id="3">18991.7867</dst>
      <dst id="22">25808.1778</dst>
      <dst id="7">17889.5556</dst>
      <dst id="2">124431.9111</dst>
      <dst id="6">180.8978</dst>
      <dst id="16">10166.1689</dst>
      <dst id="14">4974.4444</dst>
      <dst id="20">20261.6356</dst>
      <dst id="11">22248.5778</dst>
      <dst id="9">13926.2578</dst>
      <dst id="17">92860.1778</dst>
      <dst id="21">27265.1644</dst>
      <dst id="15">10154.5600</dst>
    </src>
    <src id="19">
      <dst id="12">14739.8222</dst>
      <dst id="13">2474.4622</dst>
      <dst id="23">2.2044</dst>
      <dst id="18">84.1422</dst>
      <dst id="4">21358.4089</dst>
      <dst id="1">1096.7111</dst>
      <dst id="5">21.2267</dst>
      <dst id="3">80.1956</dst>
      <dst id="22">560.5422</dst>
      <dst id="7">4441.1822</dst>
      <dst id="2">979.0667</dst>
      <dst id="6">300.8444</dst>
      <dst id="16">5962.2400</dst>
      <dst id="20">9.8311</dst>
      <dst id="11">146.9867</dst>
      <dst id="9">584.7644</dst>
      <dst id="17">2266.0178</dst>
      <dst id="21">9134.7289</dst>
    </src>
    <src id="23">
      <dst id="12">870.1067</dst>
      <dst id="13">624.5600</dst>
      <dst id="19">27.9822</dst>
      <dst id="8">19.8756</dst>
      <dst id="18">27.7333</dst>
      <dst id="4">153.4844</dst>
      <dst id="1">66.8267</dst>
      <dst id="5">93.2889</dst>
      <dst id="3">1121.8933</dst>
      <dst id="22">231.6356</dst>
      <dst id="7">198.7378</dst>
      <dst id="2">142.5067</dst>
      <dst id="6">0.5244</dst>
      <dst id="16">2118.5244</dst>
      <dst id="14">0.8178</dst>
      <dst id="20">370.2400</dst>
      <dst id="11">1839.5644</dst>
      <dst id="9">425.0044</dst>
      <dst id="17">231.5644</dst>
      <dst id="21">442.9956</dst>
    </src>
    <src id="8">
      <dst id="12">381071.9556</dst>
      <dst id="13">530.8089</dst>
      <dst id="23">80.3378</dst>
      <dst id="18">2331.2000</dst>
      <dst id="4">6262.3911</dst>
      <dst id="1">570.9511</dst>
      <dst id="5">7466.9333</dst>
      <dst id="3">254.5244</dst>
      <dst id="22">2038.7289</dst>
      <dst id="7">198.4356</dst>
      <dst id="2">152636.0000</dst>
      <dst id="6">43.6800</dst>
      <dst id="16">1367.5289</dst>
      <dst id="14">0.4178</dst>
      <dst id="20">2597.7333</dst>
      <dst id="11">1477.2356</dst>
      <dst id="9">946.5422</dst>
      <dst id="17">151567.0756</dst>
      <dst id="21">136.0000</dst>
      <dst id="15">909.8933</dst>
    </src>
    <src id="18">
      <dst id="12">135953.1467</dst>
      <dst id="13">298.1067</dst>
      <dst id="19">7.6267</dst>
      <dst id="23">0.8178</dst>
      <dst id="8">1658.1333</dst>
      <dst id="4">2834.1778</dst>
      <dst id="1">1052.1689</dst>
      <dst id="5">255.4400</dst>
      <dst id="3">182.0089</dst>
      <dst id="22">282.6667</dst>
      <dst id="7">239.7511</dst>
      <dst id="2">52984.7022</dst>
      <dst id="16">61.4133</dst>
      <dst id="14">0.6578</dst>
      <dst id="20">38.4978</dst>
      <dst id="11">322.1422</dst>
      <dst id="9">484.5867</dst>
      <dst id="17">50047.8844</dst>
      <dst id="21">902.3022</dst>
      <dst id="15">9.1644</dst>
    </src>
    <src id="4">
      <dst id="12">51974.9422</dst>
      <dst id="19">8192.2578</dst>
      <dst id="23">10.9422</dst>
      <dst id="8">794.1511</dst>
      <dst id="18">2421.7689</dst>
      <dst id="4">1.0489</dst>
      <dst id="1">31898.4000</dst>
      <dst id="5">2254.9778</dst>
      <dst id="3">2575.1644</dst>
      <dst id="22">10420.6933</dst>
      <dst id="7">150579.3244</dst>
      <dst id="2">117555.8578</dst>
      <dst id="6">8.0711</dst>
      <dst id="16">3569.9289</dst>
      <dst id="14">1205.7156</dst>
      <dst id="20">3647.8933</dst>
      <dst id="11">5747.0400</dst>
      <dst id="9">4192.9244</dst>
      <dst id="17">88707.3333</dst>
      <dst id="21">10079.8044</dst>
      <dst id="15">307.5467</dst>
    </src>
    <src id="1">
      <dst id="12">16139.7600</dst>
      <dst id="13">1036.1422</dst>
      <dst id="19">1124.6222</dst>
      <dst id="23">83.9289</dst>
      <dst id="8">174730.0178</dst>
      <dst id="18">15140.9244</dst>
      <dst id="4">14136.6311</dst>
      <dst id="1">28870.3289</dst>
      <dst id="5">251395.6178</dst>
      <dst id="3">517.3778</dst>
      <dst id="22">8027.6978</dst>
      <dst id="7">1805.8667</dst>
      <dst id="2">34924.3822</dst>
      <dst id="6">10981.4044</dst>
      <dst id="16">7632.9244</dst>
      <dst id="14">45.4222</dst>
      <dst id="20">922.6489</dst>
      <dst id="11">181.5111</dst>
      <dst id="9">261318.4178</dst>
      <dst id="17">6380.0444</dst>
      <dst id="21">19492.8089</dst>
      <dst id="15">173.3956</dst>
    </src>
    <src id="5">
      <dst id="12">326203.4667</dst>
      <dst id="13">2748.8533</dst>
      <dst id="19">68.8178</dst>
      <dst id="23">32.8444</dst>
      <dst id="8">41666.0089</dst>
      <dst id="18">223.1644</dst>
      <dst id="4">8990.6667</dst>
      <dst id="1">533.2356</dst>
      <dst id="3">79.1733</dst>
      <dst id="22">6184.1778</dst>
      <dst id="7">161.7244</dst>
      <dst id="2">141787.2089</dst>
      <dst id="6">60.8711</dst>
      <dst id="16">931.9111</dst>
      <dst id="14">53.0133</dst>
      <dst id="20">5269.6978</dst>
      <dst id="11">1445.7867</dst>
      <dst id="9">1479.6533</dst>
      <dst id="17">108135.4933</dst>
      <dst id="21">786.7111</dst>
      <dst id="15">583.3244</dst>
    </src>
    <src id="3">
      <dst id="12">12604.6933</dst>
      <dst id="13">491.0400</dst>
      <dst id="19">1289.4133</dst>
      <dst id="23">66.0889</dst>
      <dst id="8">641.9289</dst>
      <dst id="18">187012.2311</dst>
      <dst id="4">61139.2622</dst>
      <dst id="1">17463.2978</dst>
      <dst id="5">4013.4400</dst>
      <dst id="3">20271.6267</dst>
      <dst id="22">1187.2089</dst>
      <dst id="7">3424.9422</dst>
      <dst id="2">9277.1644</dst>
      <dst id="6">86.0622</dst>
      <dst id="16">1215.9911</dst>
      <dst id="14">34238.6133</dst>
      <dst id="20">155.6711</dst>
      <dst id="11">229524.7378</dst>
      <dst id="9">313.5022</dst>
      <dst id="17">12800.9600</dst>
      <dst id="21">12140.6133</dst>
      <dst id="15">54.4444</dst>
    </src>
    <src id="10">
      <dst id="12">26800.9600</dst>
      <dst id="19">2182.3022</dst>
      <dst id="8">1008.8711</dst>
      <dst id="18">9285.6711</dst>
      <dst id="1">8544.4533</dst>
      <dst id="5">1125.7867</dst>
      <dst id="3">23156.5333</dst>
      <dst id="22">8685.7778</dst>
      <dst id="7">13185.6889</dst>
      <dst id="2">28058.9067</dst>
      <dst id="6">188.9867</dst>
      <dst id="16">3631.8844</dst>
      <dst id="14">1289.2089</dst>
      <dst id="20">7616.4000</dst>
      <dst id="11">12583.7956</dst>
      <dst id="9">2460.3911</dst>
      <dst id="17">30979.7244</dst>
      <dst id="21">19299.8933</dst>
      <dst id="15">1327.7689</dst>
    </src>
    <src id="22">
      <dst id="12">11732.1333</dst>
      <dst id="13">8646.8267</dst>
      <dst id="19">459.3067</dst>
      <dst id="23">309.9378</dst>
      <dst id="8">991.4133</dst>
      <dst id="18">1016.3111</dst>
      <dst id="4">23020.7733</dst>
      <dst id="1">2648.1333</dst>
      <dst id="5">2945.1022</dst>
      <dst id="3">780.1867</dst>
      <dst id="7">486.8267</dst>
      <dst id="2">5253.1733</dst>
      <dst id="6">4.2756</dst>
      <dst id="16">0.4622</dst>
      <dst id="14">15.7600</dst>
      <dst id="11">5959.7689</dst>
      <dst id="9">8891.5733</dst>
      <dst id="17">9248.0000</dst>
      <dst id="21">1884.3200</dst>
    </src>
    <src id="7">
      <dst id="12">11536.8800</dst>
      <dst id="13">453.5733</dst>
      <dst id="19">1435.8133</dst>
      <dst id="23">831.5644</dst>
      <dst id="8">512.4267</dst>
      <dst id="18">2536.1156</dst>
      <dst id="4">72974.5867</dst>
      <dst id="1">14604.8800</dst>
      <dst id="5">1199.8044</dst>
      <dst id="3">2047.2978</dst>
      <dst id="22">3489.5378</dst>
      <dst id="7">804.1956</dst>
      <dst id="2">21529.0667</dst>
      <dst id="6">141.7244</dst>
      <dst id="16">1516.5156</dst>
      <dst id="14">175.4578</dst>
      <dst id="20">1813.7067</dst>
      <dst id="11">5433.3778</dst>
      <dst id="9">793.5467</dst>
      <dst id="17">22293.6444</dst>
      <dst id="21">22333.7067</dst>
      <dst id="15">245.6356</dst>
    </src>
    <src id="2">
      <dst id="12">125684.1778</dst>
      <dst id="13">513992.5600</dst>
      <dst id="19">752.7378</dst>
      <dst id="23">77.2978</dst>
      <dst id="8">358.3733</dst>
      <dst id="18">142086.8089</dst>
      <dst id="4">118282.5689</dst>
      <dst id="1">10194.5156</dst>
      <dst id="5">3204.7467</dst>
      <dst id="3">497.6444</dst>
      <dst id="22">2837.4933</dst>
      <dst id="7">23508.6489</dst>
      <dst id="2">959.2800</dst>
      <dst id="6">9269.5467</dst>
      <dst id="16">5650.4267</dst>
      <dst id="14">5598.9422</dst>
      <dst id="20">8031.5111</dst>
      <dst id="11">3994.3644</dst>
      <dst id="9">1391.4044</dst>
      <dst id="17">37628.4267</dst>
      <dst id="21">11397.4578</dst>
      <dst id="15">263.8044</dst>
    </src>
    <src id="6">
      <dst id="12">10434.0622</dst>
      <dst id="13">18.1067</dst>
      <dst id="19">8.8533</dst>
      <dst id="23">0.3378</dst>
      <dst id="8">47.3867</dst>
      <dst id="4">211.0400</dst>
      <dst id="1">47.7600</dst>
      <dst id="5">13.0667</dst>
      <dst id="3">0.3556</dst>
      <dst id="22">14.8978</dst>
      <dst id="7">28.3911</dst>
      <dst id="2">2991.2800</dst>
      <dst id="16">8.9867</dst>
      <dst id="11">70.8089</dst>
      <dst id="9">23.7867</dst>
      <dst id="17">1853.6533</dst>
      <dst id="21">90.4889</dst>
    </src>
    <src id="16">
      <dst id="12">3503.6444</dst>
      <dst id="13">2026.9156</dst>
      <dst id="19">2851.8133</dst>
      <dst id="23">229.8400</dst>
      <dst id="8">4404.2400</dst>
      <dst id="18">249.4933</dst>
      <dst id="4">12269.2000</dst>
      <dst id="1">13451.4222</dst>
      <dst id="5">6859.4311</dst>
      <dst id="3">27.9467</dst>
      <dst id="7">5402.1689</dst>
      <dst id="2">4290.2756</dst>
      <dst id="6">0.9867</dst>
      <dst id="16">57.2267</dst>
      <dst id="14">296.8444</dst>
      <dst id="11">442.8800</dst>
      <dst id="9">6656.7556</dst>
      <dst id="17">5841.3244</dst>
      <dst id="21">467.1556</dst>
    </src>
    <src id="14">
      <dst id="12">19593.3333</dst>
      <dst id="13">39.3867</dst>
      <dst id="19">6.2400</dst>
      <dst id="23">74.5600</dst>
      <dst id="18">52.4356</dst>
      <dst id="4">3046.8444</dst>
      <dst id="1">106.0178</dst>
      <dst id="5">14.7467</dst>
      <dst id="3">104.4978</dst>
      <dst id="22">68.2133</dst>
      <dst id="7">128.8711</dst>
      <dst id="2">5121.6356</dst>
      <dst id="16">78.3289</dst>
      <dst id="20">0.2844</dst>
      <dst id="11">44.3022</dst>
      <dst id="9">64.7289</dst>
      <dst id="17">6538.3111</dst>
      <dst id="21">145.2889</dst>
      <dst id="15">46.2844</dst>
    </src>
    <src id="20">
      <dst id="12">2897.8044</dst>
      <dst id="13">2681.2000</dst>
      <dst id="19">6.5422</dst>
      <dst id="23">3746.0889</dst>
      <dst id="8">492.1333</dst>
      <dst id="18">225.9467</dst>
      <dst id="4">16057.4222</dst>
      <dst id="1">323.0578</dst>
      <dst id="5">9165.8311</dst>
      <dst id="3">1853.5556</dst>
      <dst id="22">0.7111</dst>
      <dst id="7">135.6978</dst>
      <dst id="2">9806.6222</dst>
      <dst id="6">12.8000</dst>
      <dst id="14">0.5333</dst>
      <dst id="11">299.5378</dst>
      <dst id="9">5933.8933</dst>
      <dst id="17">3636.2756</dst>
      <dst id="21">3093.3956</dst>
    </src>
    <src id="11">
      <dst id="12">436845.4578</dst>
      <dst id="13">3763.1556</dst>
      <dst id="19">40.4622</dst>
      <dst id="23">1024.4000</dst>
      <dst id="8">3195.8133</dst>
      <dst id="18">2433.8844</dst>
      <dst id="4">14712.0800</dst>
      <dst id="1">475.5378</dst>
      <dst id="5">998.4800</dst>
      <dst id="3">2462.4800</dst>
      <dst id="22">2607.2178</dst>
      <dst id="7">717.3867</dst>
      <dst id="2">167034.2667</dst>
      <dst id="6">57.7689</dst>
      <dst id="16">1719.6978</dst>
      <dst id="14">98.6933</dst>
      <dst id="20">206.8356</dst>
      <dst id="11">580.1511</dst>
      <dst id="9">5196.3556</dst>
      <dst id="17">162017.2444</dst>
      <dst id="21">1699.8756</dst>
      <dst id="15">1491.3689</dst>
    </src>
    <src id="9">
      <dst id="12">406837.6800</dst>
      <dst id="13">6804.2133</dst>
      <dst id="19">166.7289</dst>
      <dst id="23">26.1333</dst>
      <dst id="8">10608.7556</dst>
      <dst id="18">508.8000</dst>
      <dst id="4">17229.0489</dst>
      <dst id="1">2288.5867</dst>
      <dst id="5">1430.4444</dst>
      <dst id="3">4.7644</dst>
      <dst id="22">4881.6533</dst>
      <dst id="7">3018.2933</dst>
      <dst id="2">152916.0711</dst>
      <dst id="6">2.4711</dst>
      <dst id="16">2483.3600</dst>
      <dst id="14">18.1956</dst>
      <dst id="20">1249.0667</dst>
      <dst id="11">2397.1911</dst>
      <dst id="9">1736.6044</dst>
      <dst id="17">167747.6800</dst>
      <dst id="21">943.1111</dst>
      <dst id="15">1014.3644</dst>
    </src>
    <src id="17">
      <dst id="12">16583.9644</dst>
      <dst id="13">6899.2444</dst>
      <dst id="19">416.4089</dst>
      <dst id="23">305.6000</dst>
      <dst id="8">196058.6133</dst>
      <dst id="18">1811.9911</dst>
      <dst id="4">62510.0978</dst>
      <dst id="1">3146.2222</dst>
      <dst id="5">236078.8356</dst>
      <dst id="3">22272.5244</dst>
      <dst id="22">11992.5422</dst>
      <dst id="7">4687.1911</dst>
      <dst id="2">29859.9200</dst>
      <dst id="6">80.0622</dst>
      <dst id="16">11237.8489</dst>
      <dst id="14">26982.1422</dst>
      <dst id="20">1993.2178</dst>
      <dst id="11">160964.6844</dst>
      <dst id="9">242703.3956</dst>
      <dst id="17">2154.5778</dst>
      <dst id="21">18975.7244</dst>
      <dst id="15">70.8267</dst>
    </src>
    <src id="21">
      <dst id="12">19573.6622</dst>
      <dst id="13">939.0933</dst>
      <dst id="19">493.2978</dst>
      <dst id="23">122.5333</dst>
      <dst id="8">439.0667</dst>
      <dst id="18">3276.0622</dst>
      <dst id="4">38711.7067</dst>
      <dst id="1">22125.2889</dst>
      <dst id="5">597.6356</dst>
      <dst id="3">7472.6933</dst>
      <dst id="22">1703.4933</dst>
      <dst id="7">4491.6089</dst>
      <dst id="2">16050.2222</dst>
      <dst id="6">2.6400</dst>
      <dst id="16">313.4311</dst>
      <dst id="14">63.8667</dst>
      <dst id="20">290.8889</dst>
      <dst id="11">1220.8000</dst>
      <dst id="9">816.2578</dst>
      <dst id="17">6553.1467</dst>
      <dst id="21">4047.9111</dst>
      <dst id="15">50.8267</dst>
    </src>
    <src id="15">
      <dst id="12">4883.4311</dst>
      <dst id="13">565.7244</dst>
      <dst id="19">0.3556</dst>
      <dst id="8">1172.7022</dst>
      <dst id="18">89.1467</dst>
      <dst id="4">8023.2800</dst>
      <dst id="1">594.2311</dst>
      <dst id="5">315.4578</dst>
      <dst id="3">9.0844</dst>
      <dst id="7">4.1956</dst>
      <dst id="2">369.7867</dst>
      <dst id="14">27.7689</dst>
      <dst id="11">342.2044</dst>
      <dst id="9">599.1644</dst>
      <dst id="17">815.6444</dst>
      <dst id="21">22.6933</dst>
    </src>
  </IntraTM>
</TrafficMatrixFile>
