<?xml version="1.0" encoding="UTF-8" standalone="yes"?>
<TrafficMatrixFile xmlns:xsi="http://www.w3.org/2001/XMLSchema-instance" xsi:noNamespaceSchemaLocation="http://totem.run.montefiore.ulg.ac.be/Schema/TrafficMatrix-v1_2.xsd">
  <info>
    <title>Intradomain traffic matrix generated by geant-TM-all.pl</title>
    <date>2005-01-05T13:45:00</date>
    <duration>900</duration>
    <author>Steve Uhlig</author>
    <units>
        <unit type="bandwidth" value="kbps"/>
    </units>
  </info>
  <IntraTM ASID="20965">
    <src id="12">
      <dst id="12">185574.5333</dst>
      <dst id="13">11023.9378</dst>
      <dst id="19">4744.0622</dst>
      <dst id="23">44.9333</dst>
      <dst id="8">430.1244</dst>
      <dst id="18">90.5511</dst>
      <dst id="4">85914.4800</dst>
      <dst id="1">15925.1822</dst>
      <dst id="5">2758.5422</dst>
      <dst id="3">1587.2444</dst>
      <dst id="22">6541.0489</dst>
      <dst id="7">3054.7556</dst>
      <dst id="2">58294.6400</dst>
      <dst id="6">0.3556</dst>
      <dst id="16">4087.5822</dst>
      <dst id="14">76.1333</dst>
      <dst id="20">2807.1733</dst>
      <dst id="11">813.0400</dst>
      <dst id="9">1913.9911</dst>
      <dst id="17">55871.5644</dst>
      <dst id="21">3053.8311</dst>
      <dst id="15">1476.6400</dst>
    </src>
    <src id="13">
      <dst id="12">30279.1022</dst>
      <dst id="19">4012.7733</dst>
      <dst id="23">3.1644</dst>
      <dst id="8">1929.9644</dst>
      <dst id="18">2577.4756</dst>
      <dst id="1">1845.6533</dst>
      <dst id="5">3232.6933</dst>
      <dst id="3">4111.6267</dst>
      <dst id="22">16716.7822</dst>
      <dst id="7">10545.7422</dst>
      <dst id="2">66841.4756</dst>
      <dst id="6">56.2667</dst>
      <dst id="16">4328.0533</dst>
      <dst id="14">1460.9244</dst>
      <dst id="20">2904.1778</dst>
      <dst id="11">3757.4489</dst>
      <dst id="9">14118.3644</dst>
      <dst id="17">32745.1111</dst>
      <dst id="21">12402.8622</dst>
      <dst id="15">1918.5867</dst>
    </src>
    <src id="19">
      <dst id="12">16681.5378</dst>
      <dst id="13">64.1333</dst>
      <dst id="23">3.2444</dst>
      <dst id="8">7.1467</dst>
      <dst id="18">2592.2311</dst>
      <dst id="4">22385.4311</dst>
      <dst id="1">1509.3156</dst>
      <dst id="5">154.1244</dst>
      <dst id="3">0.5422</dst>
      <dst id="22">20.1244</dst>
      <dst id="7">4384.2756</dst>
      <dst id="2">92.4978</dst>
      <dst id="6">88.1689</dst>
      <dst id="16">6888.2222</dst>
      <dst id="20">2.1333</dst>
      <dst id="11">162.7911</dst>
      <dst id="9">0.7111</dst>
      <dst id="17">7557.4933</dst>
      <dst id="21">695.5111</dst>
      <dst id="15">2.4889</dst>
    </src>
    <src id="23">
      <dst id="12">234.6667</dst>
      <dst id="13">93.1556</dst>
      <dst id="19">0.8533</dst>
      <dst id="18">93.1289</dst>
      <dst id="4">77.1556</dst>
      <dst id="1">27.5822</dst>
      <dst id="5">134.2222</dst>
      <dst id="3">217.1644</dst>
      <dst id="22">34.3644</dst>
      <dst id="7">44.3289</dst>
      <dst id="2">72.4978</dst>
      <dst id="6">1.1378</dst>
      <dst id="16">7.0844</dst>
      <dst id="14">0.6489</dst>
      <dst id="11">38.8711</dst>
      <dst id="9">1133.6533</dst>
      <dst id="17">233.8489</dst>
      <dst id="21">330.2400</dst>
    </src>
    <src id="8">
      <dst id="12">250429.6267</dst>
      <dst id="13">1615.8133</dst>
      <dst id="19">2.2756</dst>
      <dst id="18">1.2089</dst>
      <dst id="4">9668.4889</dst>
      <dst id="1">328.9600</dst>
      <dst id="5">4106.9067</dst>
      <dst id="3">0.7733</dst>
      <dst id="22">561.8667</dst>
      <dst id="2">93298.7822</dst>
      <dst id="16">3769.1822</dst>
      <dst id="14">12.4444</dst>
      <dst id="20">45.1289</dst>
      <dst id="11">26.1600</dst>
      <dst id="9">398.9600</dst>
      <dst id="17">88915.3156</dst>
      <dst id="21">243.0578</dst>
      <dst id="15">91.5467</dst>
    </src>
    <src id="18">
      <dst id="12">93853.5378</dst>
      <dst id="13">218.5867</dst>
      <dst id="19">58.1156</dst>
      <dst id="23">10.4978</dst>
      <dst id="8">12.6222</dst>
      <dst id="4">1638.7733</dst>
      <dst id="1">1317.6267</dst>
      <dst id="5">111.4311</dst>
      <dst id="3">28.1778</dst>
      <dst id="22">106.3733</dst>
      <dst id="7">6.8622</dst>
      <dst id="2">27326.4533</dst>
      <dst id="16">3.0933</dst>
      <dst id="14">14.3644</dst>
      <dst id="20">13.7600</dst>
      <dst id="11">47.3689</dst>
      <dst id="9">64.2667</dst>
      <dst id="17">33944.1156</dst>
      <dst id="21">55.8311</dst>
    </src>
    <src id="4">
      <dst id="12">9187.0044</dst>
      <dst id="19">15728.7467</dst>
      <dst id="23">0.7111</dst>
      <dst id="8">293.1911</dst>
      <dst id="18">692.8267</dst>
      <dst id="4">0.3556</dst>
      <dst id="1">107130.3911</dst>
      <dst id="5">786.9244</dst>
      <dst id="3">598.3911</dst>
      <dst id="22">2336.5778</dst>
      <dst id="7">31010.9067</dst>
      <dst id="2">45644.8000</dst>
      <dst id="6">13.2622</dst>
      <dst id="16">876.9867</dst>
      <dst id="14">502.1511</dst>
      <dst id="20">2221.3689</dst>
      <dst id="11">1547.7067</dst>
      <dst id="9">2674.4267</dst>
      <dst id="17">16085.4222</dst>
      <dst id="21">6047.5022</dst>
      <dst id="15">39.0400</dst>
    </src>
    <src id="1">
      <dst id="12">19182.1867</dst>
      <dst id="13">5400.9511</dst>
      <dst id="19">1.6978</dst>
      <dst id="23">40.0711</dst>
      <dst id="8">49626.9600</dst>
      <dst id="18">14103.7156</dst>
      <dst id="4">6904.2667</dst>
      <dst id="1">8557.2978</dst>
      <dst id="5">125868.2133</dst>
      <dst id="3">1387.3511</dst>
      <dst id="22">195.3422</dst>
      <dst id="7">1224.1600</dst>
      <dst id="2">11279.8489</dst>
      <dst id="6">3329.1644</dst>
      <dst id="16">11501.2978</dst>
      <dst id="14">69.5644</dst>
      <dst id="20">121.8933</dst>
      <dst id="11">180.2133</dst>
      <dst id="9">118286.9422</dst>
      <dst id="17">6514.5956</dst>
      <dst id="21">9470.8178</dst>
      <dst id="15">261.3333</dst>
    </src>
    <src id="5">
      <dst id="12">223117.3067</dst>
      <dst id="13">1052.3644</dst>
      <dst id="19">40.7911</dst>
      <dst id="23">3.2000</dst>
      <dst id="8">293.7689</dst>
      <dst id="18">541.6000</dst>
      <dst id="4">4373.0133</dst>
      <dst id="1">282.3733</dst>
      <dst id="3">3.3244</dst>
      <dst id="22">1696.4622</dst>
      <dst id="7">207.3067</dst>
      <dst id="2">82193.6533</dst>
      <dst id="6">0.3556</dst>
      <dst id="16">254.8178</dst>
      <dst id="14">24.5333</dst>
      <dst id="20">163.4578</dst>
      <dst id="11">268.8444</dst>
      <dst id="9">480.1511</dst>
      <dst id="17">81732.9244</dst>
      <dst id="21">57.8933</dst>
      <dst id="15">3426.2489</dst>
    </src>
    <src id="3">
      <dst id="12">8831.6444</dst>
      <dst id="13">5229.6356</dst>
      <dst id="19">2565.6711</dst>
      <dst id="23">9611.2978</dst>
      <dst id="8">2.7467</dst>
      <dst id="18">35080.5956</dst>
      <dst id="4">36798.9600</dst>
      <dst id="1">9970.7022</dst>
      <dst id="5">329.2622</dst>
      <dst id="3">4900.3200</dst>
      <dst id="22">3576.2400</dst>
      <dst id="7">2663.5556</dst>
      <dst id="2">6959.3333</dst>
      <dst id="16">4422.2400</dst>
      <dst id="14">16555.8133</dst>
      <dst id="20">2577.0311</dst>
      <dst id="11">78262.8711</dst>
      <dst id="9">258.5156</dst>
      <dst id="17">7822.9956</dst>
      <dst id="21">10282.3200</dst>
      <dst id="15">1412.2756</dst>
    </src>
    <src id="10">
      <dst id="12">12127.6533</dst>
      <dst id="19">3270.1778</dst>
      <dst id="8">386.4978</dst>
      <dst id="18">13174.9689</dst>
      <dst id="1">4837.3156</dst>
      <dst id="5">503.7244</dst>
      <dst id="3">4862.5956</dst>
      <dst id="22">2331.5822</dst>
      <dst id="7">54781.7689</dst>
      <dst id="2">13618.7378</dst>
      <dst id="6">2.0533</dst>
      <dst id="16">2516.0711</dst>
      <dst id="14">657.8044</dst>
      <dst id="20">1083.0311</dst>
      <dst id="11">4901.5644</dst>
      <dst id="9">712.2489</dst>
      <dst id="17">20754.6489</dst>
      <dst id="21">15870.0622</dst>
      <dst id="15">664.2578</dst>
    </src>
    <src id="22">
      <dst id="12">9764.8800</dst>
      <dst id="13">2219.6978</dst>
      <dst id="19">109.0756</dst>
      <dst id="23">4.1600</dst>
      <dst id="8">262.0800</dst>
      <dst id="18">607.8844</dst>
      <dst id="4">15782.6667</dst>
      <dst id="1">158.2667</dst>
      <dst id="5">1435.2800</dst>
      <dst id="3">782.3467</dst>
      <dst id="7">3112.2400</dst>
      <dst id="2">4096.2400</dst>
      <dst id="6">81.6178</dst>
      <dst id="16">0.7644</dst>
      <dst id="14">3.8311</dst>
      <dst id="11">811.5289</dst>
      <dst id="9">4034.1600</dst>
      <dst id="17">2195.6622</dst>
      <dst id="21">396.9067</dst>
    </src>
    <src id="7">
      <dst id="12">1991.4933</dst>
      <dst id="13">86.9422</dst>
      <dst id="19">279.7333</dst>
      <dst id="23">133.4311</dst>
      <dst id="8">0.3556</dst>
      <dst id="18">51.7156</dst>
      <dst id="4">11557.7778</dst>
      <dst id="1">744.4622</dst>
      <dst id="5">872.6222</dst>
      <dst id="3">320.9689</dst>
      <dst id="22">5333.8222</dst>
      <dst id="7">705.2622</dst>
      <dst id="2">4117.9733</dst>
      <dst id="6">85.9644</dst>
      <dst id="16">901.2800</dst>
      <dst id="14">55.6978</dst>
      <dst id="20">138.9156</dst>
      <dst id="11">282.1600</dst>
      <dst id="9">396.8444</dst>
      <dst id="17">4372.6667</dst>
      <dst id="21">821.3600</dst>
      <dst id="15">76.0089</dst>
    </src>
    <src id="2">
      <dst id="12">53441.8133</dst>
      <dst id="13">507901.7422</dst>
      <dst id="19">23.3067</dst>
      <dst id="23">0.4622</dst>
      <dst id="8">144.5244</dst>
      <dst id="18">27880.3200</dst>
      <dst id="4">82801.0400</dst>
      <dst id="1">7448.5956</dst>
      <dst id="5">6915.5733</dst>
      <dst id="3">6.3111</dst>
      <dst id="22">1617.0844</dst>
      <dst id="7">12331.7156</dst>
      <dst id="2">321.3867</dst>
      <dst id="6">5250.8622</dst>
      <dst id="16">2175.0844</dst>
      <dst id="14">5964.9689</dst>
      <dst id="20">151.6444</dst>
      <dst id="11">1715.6711</dst>
      <dst id="9">384.3467</dst>
      <dst id="17">15357.0133</dst>
      <dst id="21">1220.3911</dst>
      <dst id="15">24.5333</dst>
    </src>
    <src id="6">
      <dst id="12">6854.1956</dst>
      <dst id="13">6.4178</dst>
      <dst id="19">1.0667</dst>
      <dst id="23">0.4978</dst>
      <dst id="4">1322.0622</dst>
      <dst id="1">0.6400</dst>
      <dst id="5">12.8178</dst>
      <dst id="22">14.2222</dst>
      <dst id="7">4.0178</dst>
      <dst id="2">1455.6356</dst>
      <dst id="14">11.3778</dst>
      <dst id="17">1082.6044</dst>
      <dst id="21">1.9556</dst>
    </src>
    <src id="16">
      <dst id="12">2835.8489</dst>
      <dst id="13">173.8400</dst>
      <dst id="19">4276.3467</dst>
      <dst id="23">4.8444</dst>
      <dst id="8">3263.1111</dst>
      <dst id="18">4.7733</dst>
      <dst id="4">4218.8000</dst>
      <dst id="1">22068.4622</dst>
      <dst id="5">898.7822</dst>
      <dst id="3">6.7200</dst>
      <dst id="7">1297.1289</dst>
      <dst id="2">162.6400</dst>
      <dst id="16">19.8578</dst>
      <dst id="14">239.0400</dst>
      <dst id="11">409.6622</dst>
      <dst id="9">3186.5689</dst>
      <dst id="17">6893.5022</dst>
      <dst id="21">1935.9378</dst>
    </src>
    <src id="14">
      <dst id="12">22044.8978</dst>
      <dst id="13">36.1867</dst>
      <dst id="19">4.4800</dst>
      <dst id="23">0.7467</dst>
      <dst id="18">5.7778</dst>
      <dst id="4">2073.3689</dst>
      <dst id="1">25.5733</dst>
      <dst id="5">2.8622</dst>
      <dst id="3">78.1600</dst>
      <dst id="22">54.6222</dst>
      <dst id="7">28.7200</dst>
      <dst id="2">4792.2578</dst>
      <dst id="16">2879.6444</dst>
      <dst id="20">0.3556</dst>
      <dst id="11">49.8222</dst>
      <dst id="9">10.6667</dst>
      <dst id="17">6803.2889</dst>
      <dst id="21">34.8178</dst>
      <dst id="15">1.4667</dst>
    </src>
    <src id="20">
      <dst id="12">8968.0800</dst>
      <dst id="13">2422.9067</dst>
      <dst id="19">14.4000</dst>
      <dst id="8">64.9511</dst>
      <dst id="18">0.9244</dst>
      <dst id="4">11376.9422</dst>
      <dst id="1">74.4444</dst>
      <dst id="5">292.4622</dst>
      <dst id="3">574.3644</dst>
      <dst id="7">3038.6400</dst>
      <dst id="2">4372.7022</dst>
      <dst id="14">0.3556</dst>
      <dst id="11">404.2844</dst>
      <dst id="9">5290.6044</dst>
      <dst id="17">486.1422</dst>
      <dst id="21">82.3111</dst>
    </src>
    <src id="11">
      <dst id="12">360291.2089</dst>
      <dst id="13">621.1289</dst>
      <dst id="19">6.9333</dst>
      <dst id="23">6.4711</dst>
      <dst id="8">150.4000</dst>
      <dst id="18">30.4978</dst>
      <dst id="4">12142.5422</dst>
      <dst id="1">735.4489</dst>
      <dst id="5">452.1600</dst>
      <dst id="3">1369.6000</dst>
      <dst id="22">4064.4178</dst>
      <dst id="7">587.2444</dst>
      <dst id="2">118220.9689</dst>
      <dst id="6">26.9600</dst>
      <dst id="16">192.4000</dst>
      <dst id="14">76.5511</dst>
      <dst id="20">44.0711</dst>
      <dst id="11">1115.9733</dst>
      <dst id="9">308.7200</dst>
      <dst id="17">134341.8133</dst>
      <dst id="21">507.4578</dst>
      <dst id="15">278.8711</dst>
    </src>
    <src id="9">
      <dst id="12">431267.2267</dst>
      <dst id="13">4840.6044</dst>
      <dst id="19">2.7467</dst>
      <dst id="23">36.4089</dst>
      <dst id="8">139.1022</dst>
      <dst id="18">183.5556</dst>
      <dst id="4">11899.4667</dst>
      <dst id="1">667.4667</dst>
      <dst id="5">4658.3467</dst>
      <dst id="3">13.2889</dst>
      <dst id="22">1647.3867</dst>
      <dst id="7">529.3778</dst>
      <dst id="2">124367.4844</dst>
      <dst id="6">27.9644</dst>
      <dst id="16">200.3822</dst>
      <dst id="14">70.7111</dst>
      <dst id="20">10807.6622</dst>
      <dst id="11">444.8800</dst>
      <dst id="9">27.1822</dst>
      <dst id="17">135181.5822</dst>
      <dst id="21">101.5644</dst>
      <dst id="15">605.4578</dst>
    </src>
    <src id="17">
      <dst id="12">3212.5600</dst>
      <dst id="13">32877.0400</dst>
      <dst id="19">436.6044</dst>
      <dst id="23">30.6489</dst>
      <dst id="8">61653.5111</dst>
      <dst id="18">75.1200</dst>
      <dst id="4">70007.2000</dst>
      <dst id="1">4646.2578</dst>
      <dst id="5">125511.8933</dst>
      <dst id="3">2925.8044</dst>
      <dst id="22">7571.2178</dst>
      <dst id="7">2376.3556</dst>
      <dst id="2">4928.9689</dst>
      <dst id="6">709.4933</dst>
      <dst id="16">3519.1378</dst>
      <dst id="14">13082.7556</dst>
      <dst id="20">100.4267</dst>
      <dst id="11">65144.6489</dst>
      <dst id="9">123633.2178</dst>
      <dst id="17">1877.1467</dst>
      <dst id="21">5725.7956</dst>
      <dst id="15">6.6933</dst>
    </src>
    <src id="21">
      <dst id="12">10835.3067</dst>
      <dst id="13">2800.7911</dst>
      <dst id="19">62.8800</dst>
      <dst id="23">2.7378</dst>
      <dst id="8">76.7556</dst>
      <dst id="18">364.6844</dst>
      <dst id="4">17034.4978</dst>
      <dst id="1">4185.9378</dst>
      <dst id="5">122.7378</dst>
      <dst id="3">3912.5511</dst>
      <dst id="22">1393.4667</dst>
      <dst id="7">4322.0089</dst>
      <dst id="2">10991.9378</dst>
      <dst id="6">37.7244</dst>
      <dst id="16">79.5111</dst>
      <dst id="14">137.3333</dst>
      <dst id="20">3205.8400</dst>
      <dst id="11">1426.7733</dst>
      <dst id="9">304.0711</dst>
      <dst id="17">3515.1022</dst>
      <dst id="21">525.4133</dst>
      <dst id="15">8.6667</dst>
    </src>
    <src id="15">
      <dst id="12">186.1867</dst>
      <dst id="13">107.7422</dst>
      <dst id="19">61.4133</dst>
      <dst id="8">109.4933</dst>
      <dst id="18">39.4667</dst>
      <dst id="4">2206.4178</dst>
      <dst id="1">822.6756</dst>
      <dst id="5">58.5333</dst>
      <dst id="7">1103.5022</dst>
      <dst id="2">1659.4756</dst>
      <dst id="11">53.7156</dst>
      <dst id="9">367.7956</dst>
      <dst id="17">128.1067</dst>
      <dst id="21">139.4667</dst>
    </src>
  </IntraTM>
</TrafficMatrixFile>
