<?xml version="1.0" encoding="UTF-8" standalone="yes"?>
<TrafficMatrixFile xmlns:xsi="http://www.w3.org/2001/XMLSchema-instance" xsi:noNamespaceSchemaLocation="http://totem.run.montefiore.ulg.ac.be/Schema/TrafficMatrix-v1_2.xsd">
  <info>
    <title>Intradomain traffic matrix generated by geant-TM-all.pl</title>
    <date>2005-01-03T18:30:00</date>
    <duration>900</duration>
    <author>Steve Uhlig</author>
    <units>
        <unit type="bandwidth" value="kbps"/>
    </units>
  </info>
  <IntraTM ASID="20965">
    <src id="12">
      <dst id="12">234988.5067</dst>
      <dst id="13">19893.7422</dst>
      <dst id="19">1756.2756</dst>
      <dst id="23">2780.2667</dst>
      <dst id="8">11411.6533</dst>
      <dst id="18">388.5956</dst>
      <dst id="4">71467.4133</dst>
      <dst id="1">7314.7200</dst>
      <dst id="5">5950.8711</dst>
      <dst id="3">3554.8711</dst>
      <dst id="22">7431.5467</dst>
      <dst id="7">1172.9867</dst>
      <dst id="2">60616.5867</dst>
      <dst id="6">29.7067</dst>
      <dst id="16">6853.1378</dst>
      <dst id="14">289.8667</dst>
      <dst id="20">4897.9556</dst>
      <dst id="11">2020.8356</dst>
      <dst id="9">9826.2578</dst>
      <dst id="17">79488.0533</dst>
      <dst id="21">4448.2578</dst>
      <dst id="15">1670.5778</dst>
    </src>
    <src id="13">
      <dst id="12">46120.5067</dst>
      <dst id="19">10445.7422</dst>
      <dst id="23">17.6000</dst>
      <dst id="8">2204.5511</dst>
      <dst id="18">1141.3867</dst>
      <dst id="1">1764.7467</dst>
      <dst id="5">13652.3467</dst>
      <dst id="3">15825.8400</dst>
      <dst id="22">16938.2578</dst>
      <dst id="7">10688.2489</dst>
      <dst id="2">64227.1378</dst>
      <dst id="6">235.3511</dst>
      <dst id="16">35909.3867</dst>
      <dst id="14">1173.7422</dst>
      <dst id="20">5296.9067</dst>
      <dst id="11">10481.7689</dst>
      <dst id="9">9273.8311</dst>
      <dst id="17">42848.6311</dst>
      <dst id="21">5355.6889</dst>
      <dst id="15">2725.6267</dst>
    </src>
    <src id="19">
      <dst id="12">15862.5956</dst>
      <dst id="13">889.6711</dst>
      <dst id="23">2.5600</dst>
      <dst id="8">0.4178</dst>
      <dst id="18">364.8533</dst>
      <dst id="4">17892.5689</dst>
      <dst id="1">1437.6711</dst>
      <dst id="5">1.6356</dst>
      <dst id="3">28.8444</dst>
      <dst id="22">826.0000</dst>
      <dst id="7">4603.5644</dst>
      <dst id="2">583.0844</dst>
      <dst id="6">141.5556</dst>
      <dst id="16">8602.5422</dst>
      <dst id="14">1.6533</dst>
      <dst id="20">48.2044</dst>
      <dst id="11">60.6844</dst>
      <dst id="9">99.3778</dst>
      <dst id="17">727.8311</dst>
      <dst id="21">591.8311</dst>
    </src>
    <src id="23">
      <dst id="12">2637.6178</dst>
      <dst id="13">36.3822</dst>
      <dst id="19">0.7911</dst>
      <dst id="8">80.0000</dst>
      <dst id="18">0.4267</dst>
      <dst id="4">79.4311</dst>
      <dst id="1">21.0044</dst>
      <dst id="5">0.4622</dst>
      <dst id="3">217.1644</dst>
      <dst id="22">2253.1556</dst>
      <dst id="7">94.3111</dst>
      <dst id="2">107.6533</dst>
      <dst id="6">0.8356</dst>
      <dst id="16">1058.5956</dst>
      <dst id="14">13.3333</dst>
      <dst id="20">0.5689</dst>
      <dst id="11">54.8533</dst>
      <dst id="9">430.1156</dst>
      <dst id="17">871.3156</dst>
      <dst id="21">17.3511</dst>
      <dst id="15">1.3778</dst>
    </src>
    <src id="8">
      <dst id="12">282164.6222</dst>
      <dst id="13">447.0578</dst>
      <dst id="19">0.8889</dst>
      <dst id="18">57.9911</dst>
      <dst id="4">6937.4578</dst>
      <dst id="1">24.8178</dst>
      <dst id="5">989.9289</dst>
      <dst id="22">1296.5600</dst>
      <dst id="7">85.1467</dst>
      <dst id="2">105473.1822</dst>
      <dst id="16">353.7956</dst>
      <dst id="20">70.7822</dst>
      <dst id="11">225.6089</dst>
      <dst id="9">410.8889</dst>
      <dst id="17">103395.5467</dst>
      <dst id="21">137.2889</dst>
      <dst id="15">54.8356</dst>
    </src>
    <src id="18">
      <dst id="12">94197.1111</dst>
      <dst id="13">38.9867</dst>
      <dst id="19">188.8000</dst>
      <dst id="8">29.1644</dst>
      <dst id="4">751.1289</dst>
      <dst id="1">1007.6444</dst>
      <dst id="5">234.6044</dst>
      <dst id="3">22.6400</dst>
      <dst id="22">206.1867</dst>
      <dst id="7">16.2933</dst>
      <dst id="2">29086.3644</dst>
      <dst id="16">45.1822</dst>
      <dst id="14">14.5689</dst>
      <dst id="20">4.0622</dst>
      <dst id="11">95.2444</dst>
      <dst id="9">81.4844</dst>
      <dst id="17">32246.1333</dst>
      <dst id="21">182.3556</dst>
      <dst id="15">0.9956</dst>
    </src>
    <src id="4">
      <dst id="12">13507.1378</dst>
      <dst id="19">14782.0356</dst>
      <dst id="8">2286.6400</dst>
      <dst id="18">700.1867</dst>
      <dst id="4">1.6178</dst>
      <dst id="1">12049.8489</dst>
      <dst id="5">1713.6356</dst>
      <dst id="3">519.9644</dst>
      <dst id="22">9228.3378</dst>
      <dst id="7">148886.0711</dst>
      <dst id="2">61392.8533</dst>
      <dst id="6">57.7511</dst>
      <dst id="16">1820.5156</dst>
      <dst id="14">1472.7111</dst>
      <dst id="20">281.3867</dst>
      <dst id="11">5270.3822</dst>
      <dst id="9">5318.7822</dst>
      <dst id="17">98663.6000</dst>
      <dst id="21">6698.0356</dst>
      <dst id="15">173.5289</dst>
    </src>
    <src id="1">
      <dst id="12">17267.2089</dst>
      <dst id="13">770.5244</dst>
      <dst id="19">66.8800</dst>
      <dst id="23">49.0578</dst>
      <dst id="8">94935.1911</dst>
      <dst id="18">13741.5467</dst>
      <dst id="4">2997.4044</dst>
      <dst id="1">15568.9156</dst>
      <dst id="5">185958.1422</dst>
      <dst id="3">906.0267</dst>
      <dst id="22">2304.0711</dst>
      <dst id="7">10433.8667</dst>
      <dst id="2">1365.3600</dst>
      <dst id="6">8639.2800</dst>
      <dst id="16">22051.4133</dst>
      <dst id="14">64.7378</dst>
      <dst id="20">204.5244</dst>
      <dst id="11">1314.6400</dst>
      <dst id="9">205715.7778</dst>
      <dst id="17">818.1867</dst>
      <dst id="21">3447.8667</dst>
      <dst id="15">472.3556</dst>
    </src>
    <src id="5">
      <dst id="12">266525.7244</dst>
      <dst id="13">775.5378</dst>
      <dst id="19">1.7422</dst>
      <dst id="23">8.2667</dst>
      <dst id="8">8524.9156</dst>
      <dst id="18">54.0889</dst>
      <dst id="4">7406.2844</dst>
      <dst id="1">214.1067</dst>
      <dst id="3">1.0667</dst>
      <dst id="22">3592.9956</dst>
      <dst id="7">1703.2711</dst>
      <dst id="2">108767.2889</dst>
      <dst id="6">0.3556</dst>
      <dst id="16">702.5600</dst>
      <dst id="14">4.5867</dst>
      <dst id="20">1913.7422</dst>
      <dst id="11">3351.0400</dst>
      <dst id="9">3130.0533</dst>
      <dst id="17">100994.8089</dst>
      <dst id="21">491.7156</dst>
      <dst id="15">95.1022</dst>
    </src>
    <src id="3">
      <dst id="12">10439.3600</dst>
      <dst id="13">348.4356</dst>
      <dst id="19">1666.5244</dst>
      <dst id="23">8352.7822</dst>
      <dst id="8">3.2889</dst>
      <dst id="18">58117.3778</dst>
      <dst id="4">15517.9733</dst>
      <dst id="1">8053.3156</dst>
      <dst id="5">2786.9333</dst>
      <dst id="3">11950.6667</dst>
      <dst id="22">1861.1022</dst>
      <dst id="7">2472.0267</dst>
      <dst id="2">22683.1289</dst>
      <dst id="6">4.2667</dst>
      <dst id="16">1951.9022</dst>
      <dst id="14">30477.3689</dst>
      <dst id="20">75.7600</dst>
      <dst id="11">129268.9867</dst>
      <dst id="9">315.3333</dst>
      <dst id="17">15514.6933</dst>
      <dst id="21">11364.4978</dst>
      <dst id="15">49.3422</dst>
    </src>
    <src id="10">
      <dst id="12">17271.0222</dst>
      <dst id="19">875.6178</dst>
      <dst id="8">938.5067</dst>
      <dst id="18">839.3600</dst>
      <dst id="1">2063.9644</dst>
      <dst id="5">789.0311</dst>
      <dst id="3">4073.5111</dst>
      <dst id="22">7526.3467</dst>
      <dst id="7">47105.3600</dst>
      <dst id="2">24072.8978</dst>
      <dst id="6">46.7200</dst>
      <dst id="16">1336.0889</dst>
      <dst id="14">929.2889</dst>
      <dst id="20">3051.0933</dst>
      <dst id="11">5627.0222</dst>
      <dst id="9">2428.7200</dst>
      <dst id="17">16253.0311</dst>
      <dst id="21">7845.9289</dst>
      <dst id="15">152.6222</dst>
    </src>
    <src id="22">
      <dst id="12">5990.9244</dst>
      <dst id="13">4936.5689</dst>
      <dst id="19">735.1822</dst>
      <dst id="23">75.6889</dst>
      <dst id="8">400.0000</dst>
      <dst id="18">1040.4711</dst>
      <dst id="4">18248.2756</dst>
      <dst id="1">168.2044</dst>
      <dst id="5">5081.3067</dst>
      <dst id="3">389.7511</dst>
      <dst id="7">2329.1911</dst>
      <dst id="2">1419.4222</dst>
      <dst id="6">0.3556</dst>
      <dst id="16">0.5511</dst>
      <dst id="14">113.1111</dst>
      <dst id="11">1921.7778</dst>
      <dst id="9">9765.0844</dst>
      <dst id="17">1513.5644</dst>
      <dst id="21">1127.8756</dst>
    </src>
    <src id="7">
      <dst id="12">2510.2933</dst>
      <dst id="13">194.8889</dst>
      <dst id="19">504.2311</dst>
      <dst id="23">13.6356</dst>
      <dst id="8">4428.5511</dst>
      <dst id="18">88.7733</dst>
      <dst id="4">22299.7867</dst>
      <dst id="1">2540.3733</dst>
      <dst id="5">1090.6578</dst>
      <dst id="3">442.6044</dst>
      <dst id="22">5097.8578</dst>
      <dst id="7">821.7600</dst>
      <dst id="2">3669.9200</dst>
      <dst id="6">133.0667</dst>
      <dst id="16">250.0089</dst>
      <dst id="14">103.9911</dst>
      <dst id="20">732.3378</dst>
      <dst id="11">2519.0844</dst>
      <dst id="9">1197.3600</dst>
      <dst id="17">11497.6000</dst>
      <dst id="21">2411.6622</dst>
      <dst id="15">68.6667</dst>
    </src>
    <src id="2">
      <dst id="12">118924.2578</dst>
      <dst id="13">515283.2978</dst>
      <dst id="19">1719.6444</dst>
      <dst id="23">0.4622</dst>
      <dst id="8">491.7778</dst>
      <dst id="18">51116.9067</dst>
      <dst id="4">59971.0667</dst>
      <dst id="1">13484.3022</dst>
      <dst id="5">813.6711</dst>
      <dst id="3">91.7511</dst>
      <dst id="22">858.4267</dst>
      <dst id="7">2160.8889</dst>
      <dst id="2">637.0222</dst>
      <dst id="6">8918.4444</dst>
      <dst id="16">3323.2889</dst>
      <dst id="14">4541.3244</dst>
      <dst id="20">744.9511</dst>
      <dst id="11">8737.1289</dst>
      <dst id="9">1211.8578</dst>
      <dst id="17">45017.2178</dst>
      <dst id="21">1626.4000</dst>
      <dst id="15">19.1467</dst>
    </src>
    <src id="6">
      <dst id="12">10382.1422</dst>
      <dst id="13">21.4667</dst>
      <dst id="19">18.5244</dst>
      <dst id="4">1290.0711</dst>
      <dst id="1">1.6711</dst>
      <dst id="5">0.5333</dst>
      <dst id="3">8.6222</dst>
      <dst id="22">5.7422</dst>
      <dst id="7">1.5467</dst>
      <dst id="2">2105.5733</dst>
      <dst id="16">0.8178</dst>
      <dst id="11">35.0756</dst>
      <dst id="9">0.3289</dst>
      <dst id="17">1579.3156</dst>
      <dst id="21">13.6889</dst>
    </src>
    <src id="16">
      <dst id="12">4611.3867</dst>
      <dst id="13">483.4489</dst>
      <dst id="19">4757.6800</dst>
      <dst id="23">34.4089</dst>
      <dst id="8">3650.3289</dst>
      <dst id="18">18.1956</dst>
      <dst id="4">4723.4044</dst>
      <dst id="1">23760.4622</dst>
      <dst id="5">4314.1778</dst>
      <dst id="3">38.7644</dst>
      <dst id="7">2004.5867</dst>
      <dst id="2">322.5689</dst>
      <dst id="6">46.6489</dst>
      <dst id="16">42.3022</dst>
      <dst id="14">2.4178</dst>
      <dst id="11">397.2000</dst>
      <dst id="9">5459.6711</dst>
      <dst id="17">721.3600</dst>
      <dst id="21">2676.6756</dst>
    </src>
    <src id="14">
      <dst id="12">15864.0000</dst>
      <dst id="13">33.2089</dst>
      <dst id="19">6.4356</dst>
      <dst id="4">2088.2311</dst>
      <dst id="1">52.3289</dst>
      <dst id="5">21.9556</dst>
      <dst id="3">23.0844</dst>
      <dst id="22">17.2000</dst>
      <dst id="7">117.5200</dst>
      <dst id="2">4058.2667</dst>
      <dst id="16">7.0311</dst>
      <dst id="11">35.4044</dst>
      <dst id="17">5648.6578</dst>
      <dst id="21">57.2889</dst>
      <dst id="15">3.8400</dst>
    </src>
    <src id="20">
      <dst id="12">4751.1289</dst>
      <dst id="13">325.4756</dst>
      <dst id="19">43.6533</dst>
      <dst id="8">60.0800</dst>
      <dst id="18">16.3556</dst>
      <dst id="4">17384.9244</dst>
      <dst id="1">62.3644</dst>
      <dst id="5">499.5733</dst>
      <dst id="3">1321.6533</dst>
      <dst id="7">117.0311</dst>
      <dst id="2">11575.6978</dst>
      <dst id="11">515.4311</dst>
      <dst id="9">2958.1511</dst>
      <dst id="17">2783.0489</dst>
      <dst id="21">165.8578</dst>
    </src>
    <src id="11">
      <dst id="12">323422.9778</dst>
      <dst id="13">524.8889</dst>
      <dst id="19">76.1511</dst>
      <dst id="23">8.3556</dst>
      <dst id="8">2044.3911</dst>
      <dst id="18">59.2444</dst>
      <dst id="4">6254.0889</dst>
      <dst id="1">471.1644</dst>
      <dst id="5">559.5556</dst>
      <dst id="3">2645.8311</dst>
      <dst id="22">9514.0889</dst>
      <dst id="7">306.5422</dst>
      <dst id="2">139709.9822</dst>
      <dst id="6">16.0356</dst>
      <dst id="16">314.8444</dst>
      <dst id="14">54.6933</dst>
      <dst id="20">328.1156</dst>
      <dst id="11">711.6533</dst>
      <dst id="9">3740.1422</dst>
      <dst id="17">114750.4978</dst>
      <dst id="21">468.3556</dst>
      <dst id="15">893.7956</dst>
    </src>
    <src id="9">
      <dst id="12">389246.4800</dst>
      <dst id="13">8649.8667</dst>
      <dst id="19">41.8667</dst>
      <dst id="23">15.5022</dst>
      <dst id="8">659.3067</dst>
      <dst id="18">82.1156</dst>
      <dst id="4">9166.9511</dst>
      <dst id="1">1084.9422</dst>
      <dst id="5">787.9022</dst>
      <dst id="3">152.6044</dst>
      <dst id="22">4246.6222</dst>
      <dst id="7">269.3511</dst>
      <dst id="2">121461.7067</dst>
      <dst id="6">0.4267</dst>
      <dst id="16">477.6267</dst>
      <dst id="14">1.1289</dst>
      <dst id="20">771.1378</dst>
      <dst id="11">692.7822</dst>
      <dst id="9">2870.8800</dst>
      <dst id="17">152014.5156</dst>
      <dst id="21">549.2711</dst>
      <dst id="15">1800.9511</dst>
    </src>
    <src id="17">
      <dst id="12">7934.9244</dst>
      <dst id="13">3361.0578</dst>
      <dst id="19">719.3067</dst>
      <dst id="23">20.0356</dst>
      <dst id="8">127913.7956</dst>
      <dst id="18">120.1422</dst>
      <dst id="4">55912.0889</dst>
      <dst id="1">1144.6756</dst>
      <dst id="5">173897.2622</dst>
      <dst id="3">6137.7600</dst>
      <dst id="22">6477.0933</dst>
      <dst id="7">1811.7422</dst>
      <dst id="2">18216.9956</dst>
      <dst id="6">236.6044</dst>
      <dst id="16">4306.7378</dst>
      <dst id="14">28734.1689</dst>
      <dst id="20">358.7822</dst>
      <dst id="11">91730.7822</dst>
      <dst id="9">206783.7244</dst>
      <dst id="17">1580.1956</dst>
      <dst id="21">10677.1378</dst>
      <dst id="15">149.4756</dst>
    </src>
    <src id="21">
      <dst id="12">15760.7200</dst>
      <dst id="13">688.8267</dst>
      <dst id="19">260.5422</dst>
      <dst id="23">2.1333</dst>
      <dst id="8">143.2267</dst>
      <dst id="18">2598.0978</dst>
      <dst id="4">14944.5956</dst>
      <dst id="1">983.6089</dst>
      <dst id="5">821.3156</dst>
      <dst id="3">2484.6489</dst>
      <dst id="22">2037.8222</dst>
      <dst id="7">2185.1467</dst>
      <dst id="2">6053.3333</dst>
      <dst id="6">41.8044</dst>
      <dst id="16">335.5644</dst>
      <dst id="14">103.6178</dst>
      <dst id="20">95.7511</dst>
      <dst id="11">1889.1911</dst>
      <dst id="9">1212.2222</dst>
      <dst id="17">4697.3156</dst>
      <dst id="21">658.9956</dst>
      <dst id="15">65.4667</dst>
    </src>
    <src id="15">
      <dst id="12">1076.6578</dst>
      <dst id="13">5283.9911</dst>
      <dst id="19">25.4933</dst>
      <dst id="23">18.5956</dst>
      <dst id="8">45.3689</dst>
      <dst id="18">25.1378</dst>
      <dst id="4">7685.9111</dst>
      <dst id="1">639.2267</dst>
      <dst id="5">198.5422</dst>
      <dst id="3">25.0667</dst>
      <dst id="7">260.0356</dst>
      <dst id="2">259.8933</dst>
      <dst id="14">59.2800</dst>
      <dst id="11">121.5644</dst>
      <dst id="9">1022.4889</dst>
      <dst id="17">2279.7689</dst>
      <dst id="21">168.9956</dst>
    </src>
  </IntraTM>
</TrafficMatrixFile>
