<?xml version="1.0" encoding="UTF-8" standalone="yes"?>
<TrafficMatrixFile xmlns:xsi="http://www.w3.org/2001/XMLSchema-instance" xsi:noNamespaceSchemaLocation="http://totem.run.montefiore.ulg.ac.be/Schema/TrafficMatrix-v1_2.xsd">
  <info>
    <title>Intradomain traffic matrix generated by geant-TM-all.pl</title>
    <date>2005-01-05T12:30:00</date>
    <duration>900</duration>
    <author>Steve Uhlig</author>
    <units>
        <unit type="bandwidth" value="kbps"/>
    </units>
  </info>
  <IntraTM ASID="20965">
    <src id="12">
      <dst id="12">190219.5556</dst>
      <dst id="13">11474.3911</dst>
      <dst id="19">1231.8222</dst>
      <dst id="23">52.7022</dst>
      <dst id="8">707.4578</dst>
      <dst id="18">68.2222</dst>
      <dst id="4">79035.7778</dst>
      <dst id="1">10286.4356</dst>
      <dst id="5">1742.9333</dst>
      <dst id="3">4557.5822</dst>
      <dst id="22">4404.7111</dst>
      <dst id="7">1355.2711</dst>
      <dst id="2">61256.1956</dst>
      <dst id="16">5165.7156</dst>
      <dst id="14">160.4622</dst>
      <dst id="20">4857.3867</dst>
      <dst id="11">1199.1022</dst>
      <dst id="9">1722.7467</dst>
      <dst id="17">56604.6133</dst>
      <dst id="21">737.7333</dst>
      <dst id="15">1264.2578</dst>
    </src>
    <src id="13">
      <dst id="12">42160.3911</dst>
      <dst id="19">10814.8444</dst>
      <dst id="23">7.3689</dst>
      <dst id="8">1935.5733</dst>
      <dst id="18">1941.9556</dst>
      <dst id="1">1339.1822</dst>
      <dst id="5">3047.1467</dst>
      <dst id="3">4386.7644</dst>
      <dst id="22">28780.2667</dst>
      <dst id="7">12557.2444</dst>
      <dst id="2">67129.6889</dst>
      <dst id="6">27.2711</dst>
      <dst id="16">4711.3867</dst>
      <dst id="14">1764.1333</dst>
      <dst id="20">8196.1867</dst>
      <dst id="11">7923.9200</dst>
      <dst id="9">16824.3644</dst>
      <dst id="17">35355.3778</dst>
      <dst id="21">8871.7689</dst>
      <dst id="15">592.6489</dst>
    </src>
    <src id="19">
      <dst id="12">14256.1689</dst>
      <dst id="13">138.7644</dst>
      <dst id="23">1.8489</dst>
      <dst id="8">0.4978</dst>
      <dst id="18">1142.8000</dst>
      <dst id="4">18031.2267</dst>
      <dst id="1">702.4533</dst>
      <dst id="5">40.7111</dst>
      <dst id="22">3.9200</dst>
      <dst id="7">3504.7911</dst>
      <dst id="2">403.8667</dst>
      <dst id="6">59.0933</dst>
      <dst id="16">10306.0978</dst>
      <dst id="14">1.2444</dst>
      <dst id="20">1.5733</dst>
      <dst id="11">27.5200</dst>
      <dst id="9">190.3289</dst>
      <dst id="17">235.3867</dst>
      <dst id="21">582.3022</dst>
      <dst id="15">10.0978</dst>
    </src>
    <src id="23">
      <dst id="12">201.7511</dst>
      <dst id="13">62.1156</dst>
      <dst id="19">40.8889</dst>
      <dst id="8">6.2933</dst>
      <dst id="18">1.1556</dst>
      <dst id="4">20.7200</dst>
      <dst id="1">58.0267</dst>
      <dst id="5">498.2578</dst>
      <dst id="3">253.7600</dst>
      <dst id="22">40.0000</dst>
      <dst id="7">253.1644</dst>
      <dst id="2">3.2978</dst>
      <dst id="16">71.0933</dst>
      <dst id="14">0.3556</dst>
      <dst id="20">12.0178</dst>
      <dst id="11">132.4089</dst>
      <dst id="9">871.1289</dst>
      <dst id="17">127.5022</dst>
      <dst id="21">37.8667</dst>
    </src>
    <src id="8">
      <dst id="12">262628.2133</dst>
      <dst id="13">251.6889</dst>
      <dst id="18">98.0800</dst>
      <dst id="4">4743.0222</dst>
      <dst id="1">494.2667</dst>
      <dst id="5">187.2356</dst>
      <dst id="3">5.9200</dst>
      <dst id="22">604.7644</dst>
      <dst id="7">11.6711</dst>
      <dst id="2">102334.1689</dst>
      <dst id="16">118.2311</dst>
      <dst id="20">80.6756</dst>
      <dst id="11">373.9733</dst>
      <dst id="9">325.0578</dst>
      <dst id="17">98439.8756</dst>
      <dst id="21">231.9911</dst>
      <dst id="15">1.0667</dst>
    </src>
    <src id="18">
      <dst id="12">90698.4444</dst>
      <dst id="13">70.4622</dst>
      <dst id="19">41.7067</dst>
      <dst id="23">0.3556</dst>
      <dst id="8">26.3467</dst>
      <dst id="4">2975.9378</dst>
      <dst id="1">1038.3733</dst>
      <dst id="5">138.5778</dst>
      <dst id="3">5.9022</dst>
      <dst id="22">214.9067</dst>
      <dst id="7">7.5556</dst>
      <dst id="2">25252.0178</dst>
      <dst id="16">16.2933</dst>
      <dst id="14">30.4800</dst>
      <dst id="20">0.4622</dst>
      <dst id="11">26.9422</dst>
      <dst id="9">65.4489</dst>
      <dst id="17">35928.1333</dst>
      <dst id="21">21.4489</dst>
      <dst id="15">5.6267</dst>
    </src>
    <src id="4">
      <dst id="12">10416.5244</dst>
      <dst id="19">14445.1111</dst>
      <dst id="23">0.4622</dst>
      <dst id="8">320.7111</dst>
      <dst id="18">133.8400</dst>
      <dst id="1">38486.2578</dst>
      <dst id="5">1194.8178</dst>
      <dst id="3">525.9111</dst>
      <dst id="22">2230.6222</dst>
      <dst id="7">34973.8933</dst>
      <dst id="2">43518.2044</dst>
      <dst id="6">1.8311</dst>
      <dst id="16">922.2933</dst>
      <dst id="14">1013.3867</dst>
      <dst id="20">249.1378</dst>
      <dst id="11">1655.2889</dst>
      <dst id="9">3077.1556</dst>
      <dst id="17">16479.5822</dst>
      <dst id="21">6050.9778</dst>
      <dst id="15">1599.5911</dst>
    </src>
    <src id="1">
      <dst id="12">21797.4311</dst>
      <dst id="13">900.5956</dst>
      <dst id="19">5.6267</dst>
      <dst id="23">36.6222</dst>
      <dst id="8">55033.9556</dst>
      <dst id="18">14176.6667</dst>
      <dst id="4">8918.4000</dst>
      <dst id="1">7818.4533</dst>
      <dst id="5">127051.2000</dst>
      <dst id="3">797.6711</dst>
      <dst id="22">259.5111</dst>
      <dst id="7">1298.4533</dst>
      <dst id="2">15796.2933</dst>
      <dst id="6">2907.5200</dst>
      <dst id="16">13802.9156</dst>
      <dst id="14">19.1822</dst>
      <dst id="20">148.1778</dst>
      <dst id="11">323.0311</dst>
      <dst id="9">100045.2178</dst>
      <dst id="17">4585.1733</dst>
      <dst id="21">3310.3289</dst>
      <dst id="15">1718.4711</dst>
    </src>
    <src id="5">
      <dst id="12">252974.8178</dst>
      <dst id="13">1036.3467</dst>
      <dst id="19">2.0978</dst>
      <dst id="23">7.3244</dst>
      <dst id="8">388.6933</dst>
      <dst id="18">475.8044</dst>
      <dst id="4">4479.4933</dst>
      <dst id="1">277.9644</dst>
      <dst id="3">30.3289</dst>
      <dst id="22">4163.1911</dst>
      <dst id="7">49.4489</dst>
      <dst id="2">94750.0000</dst>
      <dst id="16">418.2667</dst>
      <dst id="14">45.2267</dst>
      <dst id="20">130.5067</dst>
      <dst id="11">285.4400</dst>
      <dst id="9">276.4356</dst>
      <dst id="17">79417.7422</dst>
      <dst id="21">202.5867</dst>
      <dst id="15">169.2533</dst>
    </src>
    <src id="3">
      <dst id="12">10486.4267</dst>
      <dst id="13">2958.6044</dst>
      <dst id="19">1287.6000</dst>
      <dst id="23">12137.5733</dst>
      <dst id="8">4.5956</dst>
      <dst id="18">39782.3911</dst>
      <dst id="4">34508.3911</dst>
      <dst id="1">5546.4978</dst>
      <dst id="5">599.1022</dst>
      <dst id="3">8045.7333</dst>
      <dst id="22">1682.1422</dst>
      <dst id="7">3030.4000</dst>
      <dst id="2">16428.9956</dst>
      <dst id="16">2003.5556</dst>
      <dst id="14">13010.5067</dst>
      <dst id="20">2221.9378</dst>
      <dst id="11">79548.8533</dst>
      <dst id="9">180.2311</dst>
      <dst id="17">8387.1556</dst>
      <dst id="21">9228.9778</dst>
      <dst id="15">63.4400</dst>
    </src>
    <src id="10">
      <dst id="12">13228.4978</dst>
      <dst id="19">2229.9911</dst>
      <dst id="8">266.7111</dst>
      <dst id="18">280.8267</dst>
      <dst id="1">3502.9422</dst>
      <dst id="5">307.6444</dst>
      <dst id="3">282.0800</dst>
      <dst id="22">3239.5467</dst>
      <dst id="7">110071.1378</dst>
      <dst id="2">18584.4622</dst>
      <dst id="16">2485.9022</dst>
      <dst id="14">349.3778</dst>
      <dst id="20">547.4311</dst>
      <dst id="11">3521.0311</dst>
      <dst id="9">860.3733</dst>
      <dst id="17">26699.2889</dst>
      <dst id="21">2471.6444</dst>
      <dst id="15">600.5600</dst>
    </src>
    <src id="22">
      <dst id="12">4814.6578</dst>
      <dst id="13">2762.8000</dst>
      <dst id="19">75.8133</dst>
      <dst id="23">5.7956</dst>
      <dst id="8">294.6133</dst>
      <dst id="18">660.2756</dst>
      <dst id="4">20010.9689</dst>
      <dst id="1">237.2267</dst>
      <dst id="5">2030.2044</dst>
      <dst id="3">1171.2356</dst>
      <dst id="7">2913.6444</dst>
      <dst id="2">7885.3333</dst>
      <dst id="6">29.5467</dst>
      <dst id="16">6.9333</dst>
      <dst id="14">25.1022</dst>
      <dst id="11">1043.0311</dst>
      <dst id="9">2766.0267</dst>
      <dst id="17">1218.6578</dst>
      <dst id="21">821.7333</dst>
    </src>
    <src id="7">
      <dst id="12">1848.7556</dst>
      <dst id="13">123.1378</dst>
      <dst id="19">245.2000</dst>
      <dst id="23">51.3778</dst>
      <dst id="8">378.8978</dst>
      <dst id="18">72.5511</dst>
      <dst id="4">17436.3378</dst>
      <dst id="1">1842.8356</dst>
      <dst id="5">1452.7822</dst>
      <dst id="3">122.5511</dst>
      <dst id="22">5521.5822</dst>
      <dst id="7">595.2000</dst>
      <dst id="2">3235.6089</dst>
      <dst id="6">41.3422</dst>
      <dst id="16">801.6444</dst>
      <dst id="14">62.1244</dst>
      <dst id="20">282.3644</dst>
      <dst id="11">457.1467</dst>
      <dst id="9">237.7867</dst>
      <dst id="17">2563.1467</dst>
      <dst id="21">2616.4533</dst>
      <dst id="15">77.0756</dst>
    </src>
    <src id="2">
      <dst id="12">57460.9067</dst>
      <dst id="13">508820.5956</dst>
      <dst id="19">175.4311</dst>
      <dst id="8">152.6489</dst>
      <dst id="18">31095.3600</dst>
      <dst id="4">94788.6756</dst>
      <dst id="1">9835.2889</dst>
      <dst id="5">3364.9422</dst>
      <dst id="3">10.3822</dst>
      <dst id="22">2407.7067</dst>
      <dst id="7">19300.6489</dst>
      <dst id="2">438.3822</dst>
      <dst id="6">5375.5911</dst>
      <dst id="16">2252.7644</dst>
      <dst id="14">5379.7067</dst>
      <dst id="20">172.3022</dst>
      <dst id="11">5649.1822</dst>
      <dst id="9">521.7244</dst>
      <dst id="17">53364.9600</dst>
      <dst id="21">1405.4844</dst>
      <dst id="15">19.9200</dst>
    </src>
    <src id="6">
      <dst id="12">6603.4311</dst>
      <dst id="13">1.3778</dst>
      <dst id="19">1.0311</dst>
      <dst id="4">736.2133</dst>
      <dst id="1">0.5244</dst>
      <dst id="5">1.1644</dst>
      <dst id="22">1.2444</dst>
      <dst id="7">1.0133</dst>
      <dst id="2">1253.9911</dst>
      <dst id="16">0.7822</dst>
      <dst id="20">0.4178</dst>
      <dst id="11">2.5067</dst>
      <dst id="9">0.4444</dst>
      <dst id="17">923.7778</dst>
      <dst id="21">0.8711</dst>
    </src>
    <src id="16">
      <dst id="12">2594.0178</dst>
      <dst id="13">204.5778</dst>
      <dst id="19">4648.4800</dst>
      <dst id="23">2.6667</dst>
      <dst id="8">1748.7467</dst>
      <dst id="18">3.5733</dst>
      <dst id="4">4895.3778</dst>
      <dst id="1">23746.8978</dst>
      <dst id="5">1699.6711</dst>
      <dst id="3">0.7111</dst>
      <dst id="7">1179.7333</dst>
      <dst id="2">119.8756</dst>
      <dst id="6">44.3911</dst>
      <dst id="16">20.7378</dst>
      <dst id="14">213.3333</dst>
      <dst id="11">89.9556</dst>
      <dst id="9">890.2044</dst>
      <dst id="17">3822.4178</dst>
      <dst id="21">2446.5600</dst>
    </src>
    <src id="14">
      <dst id="12">23773.0844</dst>
      <dst id="13">11.4489</dst>
      <dst id="19">25.3156</dst>
      <dst id="23">0.5867</dst>
      <dst id="8">0.3556</dst>
      <dst id="18">7.8489</dst>
      <dst id="4">2406.4089</dst>
      <dst id="1">63.9378</dst>
      <dst id="5">15.3778</dst>
      <dst id="3">41.1378</dst>
      <dst id="22">43.9022</dst>
      <dst id="7">66.9156</dst>
      <dst id="2">4802.2844</dst>
      <dst id="16">5.5467</dst>
      <dst id="11">21.1200</dst>
      <dst id="9">17.3156</dst>
      <dst id="17">7191.3244</dst>
      <dst id="21">75.2800</dst>
    </src>
    <src id="20">
      <dst id="12">6279.0400</dst>
      <dst id="13">3301.4489</dst>
      <dst id="19">2.3822</dst>
      <dst id="8">66.3467</dst>
      <dst id="18">0.6400</dst>
      <dst id="4">9355.8756</dst>
      <dst id="1">69.2178</dst>
      <dst id="5">1192.6311</dst>
      <dst id="3">113.8933</dst>
      <dst id="7">3311.6356</dst>
      <dst id="2">9278.3911</dst>
      <dst id="16">0.6933</dst>
      <dst id="11">310.8089</dst>
      <dst id="9">217.8844</dst>
      <dst id="17">776.2578</dst>
      <dst id="21">439.0756</dst>
    </src>
    <src id="11">
      <dst id="12">375125.2444</dst>
      <dst id="13">1402.8267</dst>
      <dst id="19">5.6978</dst>
      <dst id="23">13.9644</dst>
      <dst id="8">158.1156</dst>
      <dst id="18">48.4089</dst>
      <dst id="4">10625.2978</dst>
      <dst id="1">550.0889</dst>
      <dst id="5">419.4667</dst>
      <dst id="3">837.6000</dst>
      <dst id="22">1376.7556</dst>
      <dst id="7">801.8400</dst>
      <dst id="2">126481.9378</dst>
      <dst id="6">23.8222</dst>
      <dst id="16">105.0844</dst>
      <dst id="14">91.1467</dst>
      <dst id="20">129.3778</dst>
      <dst id="11">1192.9422</dst>
      <dst id="9">346.9600</dst>
      <dst id="17">143077.1467</dst>
      <dst id="21">364.9689</dst>
      <dst id="15">163.8311</dst>
    </src>
    <src id="9">
      <dst id="12">411944.2756</dst>
      <dst id="13">983.8489</dst>
      <dst id="19">81.5378</dst>
      <dst id="23">33.7422</dst>
      <dst id="8">67.4667</dst>
      <dst id="18">131.5289</dst>
      <dst id="4">20975.4578</dst>
      <dst id="1">1620.4000</dst>
      <dst id="5">2362.2133</dst>
      <dst id="22">1540.0622</dst>
      <dst id="7">120.7200</dst>
      <dst id="2">125141.7422</dst>
      <dst id="16">45.8578</dst>
      <dst id="14">80.9156</dst>
      <dst id="20">770.0444</dst>
      <dst id="11">784.9156</dst>
      <dst id="9">12.2756</dst>
      <dst id="17">154330.6311</dst>
      <dst id="21">125.1911</dst>
      <dst id="15">727.9289</dst>
    </src>
    <src id="17">
      <dst id="12">3070.6578</dst>
      <dst id="13">17936.0978</dst>
      <dst id="19">57.0933</dst>
      <dst id="23">29.1378</dst>
      <dst id="8">67272.1244</dst>
      <dst id="18">78.7644</dst>
      <dst id="4">146156.4178</dst>
      <dst id="1">3439.6444</dst>
      <dst id="5">122933.5022</dst>
      <dst id="3">3779.4756</dst>
      <dst id="22">2285.4489</dst>
      <dst id="7">5593.7067</dst>
      <dst id="2">5299.9467</dst>
      <dst id="6">135.3600</dst>
      <dst id="16">12564.9244</dst>
      <dst id="14">10561.4311</dst>
      <dst id="20">369.1111</dst>
      <dst id="11">68521.1467</dst>
      <dst id="9">118150.9511</dst>
      <dst id="17">1023.4044</dst>
      <dst id="21">3560.1333</dst>
      <dst id="15">4.4889</dst>
    </src>
    <src id="21">
      <dst id="12">13578.9067</dst>
      <dst id="13">1628.4622</dst>
      <dst id="19">215.3511</dst>
      <dst id="23">4.0178</dst>
      <dst id="8">23.3067</dst>
      <dst id="18">187.0133</dst>
      <dst id="4">20654.1778</dst>
      <dst id="1">1820.8000</dst>
      <dst id="5">122.0267</dst>
      <dst id="3">10537.1644</dst>
      <dst id="22">1598.2578</dst>
      <dst id="7">7214.5689</dst>
      <dst id="2">14627.4489</dst>
      <dst id="6">0.3289</dst>
      <dst id="16">163.1022</dst>
      <dst id="14">139.4133</dst>
      <dst id="20">861.9733</dst>
      <dst id="11">539.3956</dst>
      <dst id="9">472.4711</dst>
      <dst id="17">3804.2044</dst>
      <dst id="21">949.7956</dst>
      <dst id="15">175.3778</dst>
    </src>
    <src id="15">
      <dst id="12">159.6800</dst>
      <dst id="13">75.4578</dst>
      <dst id="19">360.8000</dst>
      <dst id="23">0.4622</dst>
      <dst id="8">10.4889</dst>
      <dst id="4">2646.7289</dst>
      <dst id="1">1616.4356</dst>
      <dst id="5">46.4178</dst>
      <dst id="7">576.4978</dst>
      <dst id="2">638.5956</dst>
      <dst id="6">0.8444</dst>
      <dst id="11">208.1600</dst>
      <dst id="9">589.2267</dst>
      <dst id="17">44.9689</dst>
      <dst id="21">118.2400</dst>
    </src>
  </IntraTM>
</TrafficMatrixFile>
