<?xml version="1.0" encoding="UTF-8" standalone="yes"?>
<TrafficMatrixFile xmlns:xsi="http://www.w3.org/2001/XMLSchema-instance" xsi:noNamespaceSchemaLocation="http://totem.run.montefiore.ulg.ac.be/Schema/TrafficMatrix-v1_2.xsd">
  <info>
    <title>Intradomain traffic matrix generated by geant-TM-all.pl</title>
    <date>2005-01-03T20:30:00</date>
    <duration>900</duration>
    <author>Steve Uhlig</author>
    <units>
        <unit type="bandwidth" value="kbps"/>
    </units>
  </info>
  <IntraTM ASID="20965">
    <src id="12">
      <dst id="12">254555.7778</dst>
      <dst id="13">20904.1244</dst>
      <dst id="19">2659.0222</dst>
      <dst id="23">52.0711</dst>
      <dst id="8">8283.8489</dst>
      <dst id="18">580.0889</dst>
      <dst id="4">61976.1600</dst>
      <dst id="1">7320.3467</dst>
      <dst id="5">4278.1600</dst>
      <dst id="3">4519.2533</dst>
      <dst id="22">10129.7956</dst>
      <dst id="7">6124.1778</dst>
      <dst id="2">79684.8000</dst>
      <dst id="6">8.0711</dst>
      <dst id="16">8085.7956</dst>
      <dst id="14">175.8400</dst>
      <dst id="20">6848.8533</dst>
      <dst id="11">10694.9156</dst>
      <dst id="9">3955.4933</dst>
      <dst id="17">84927.4222</dst>
      <dst id="21">2521.8844</dst>
      <dst id="15">7206.1333</dst>
    </src>
    <src id="13">
      <dst id="12">63008.2578</dst>
      <dst id="19">10523.9378</dst>
      <dst id="23">36.5956</dst>
      <dst id="8">2032.0622</dst>
      <dst id="18">2828.1689</dst>
      <dst id="1">4397.9644</dst>
      <dst id="5">10632.1778</dst>
      <dst id="3">9035.0133</dst>
      <dst id="22">23186.3556</dst>
      <dst id="7">13435.2444</dst>
      <dst id="2">94817.7511</dst>
      <dst id="6">222.9156</dst>
      <dst id="16">30046.9778</dst>
      <dst id="14">1226.2133</dst>
      <dst id="20">5344.2933</dst>
      <dst id="11">14732.8444</dst>
      <dst id="9">13830.9778</dst>
      <dst id="17">44462.2400</dst>
      <dst id="21">9616.9333</dst>
      <dst id="15">5320.3289</dst>
    </src>
    <src id="19">
      <dst id="12">16810.3733</dst>
      <dst id="13">231.8667</dst>
      <dst id="23">25.5822</dst>
      <dst id="8">213.1378</dst>
      <dst id="18">1941.6000</dst>
      <dst id="4">17124.7911</dst>
      <dst id="1">602.5600</dst>
      <dst id="5">1.7067</dst>
      <dst id="3">177.5644</dst>
      <dst id="22">204.8000</dst>
      <dst id="7">3227.1378</dst>
      <dst id="2">502.6667</dst>
      <dst id="6">75.1022</dst>
      <dst id="16">8150.8533</dst>
      <dst id="20">14.0711</dst>
      <dst id="11">102.1333</dst>
      <dst id="9">75.1556</dst>
      <dst id="17">371.7422</dst>
      <dst id="21">509.2178</dst>
      <dst id="15">0.9244</dst>
    </src>
    <src id="23">
      <dst id="12">1510.0622</dst>
      <dst id="13">71.6089</dst>
      <dst id="19">1.1378</dst>
      <dst id="8">79.2889</dst>
      <dst id="18">1.5556</dst>
      <dst id="4">18.4267</dst>
      <dst id="1">89.2622</dst>
      <dst id="5">13.4400</dst>
      <dst id="3">248.2222</dst>
      <dst id="22">1484.1689</dst>
      <dst id="7">167.3956</dst>
      <dst id="2">14.8178</dst>
      <dst id="16">158.5867</dst>
      <dst id="14">8.9422</dst>
      <dst id="20">0.4267</dst>
      <dst id="11">44.1067</dst>
      <dst id="9">494.8978</dst>
      <dst id="17">786.0356</dst>
      <dst id="21">116.2933</dst>
    </src>
    <src id="8">
      <dst id="12">278859.7422</dst>
      <dst id="13">13213.9733</dst>
      <dst id="19">4.3644</dst>
      <dst id="23">0.3556</dst>
      <dst id="18">12.7644</dst>
      <dst id="4">4353.0222</dst>
      <dst id="1">249.3600</dst>
      <dst id="5">1547.7689</dst>
      <dst id="3">13.0489</dst>
      <dst id="22">1772.6756</dst>
      <dst id="7">35.4844</dst>
      <dst id="2">116316.8000</dst>
      <dst id="16">319.2622</dst>
      <dst id="20">136.0267</dst>
      <dst id="11">1749.1200</dst>
      <dst id="9">2353.5911</dst>
      <dst id="17">105754.4711</dst>
      <dst id="21">167.7778</dst>
      <dst id="15">33.4222</dst>
    </src>
    <src id="18">
      <dst id="12">92030.1867</dst>
      <dst id="13">136.1156</dst>
      <dst id="19">35.3511</dst>
      <dst id="23">1.7867</dst>
      <dst id="8">2.2044</dst>
      <dst id="4">1053.3067</dst>
      <dst id="1">1290.0889</dst>
      <dst id="5">154.7911</dst>
      <dst id="3">29.5378</dst>
      <dst id="22">455.3422</dst>
      <dst id="7">43.3600</dst>
      <dst id="2">29268.0356</dst>
      <dst id="16">49.1111</dst>
      <dst id="20">2.8533</dst>
      <dst id="11">85.7600</dst>
      <dst id="9">12.5333</dst>
      <dst id="17">37177.9022</dst>
      <dst id="21">260.9778</dst>
      <dst id="15">1.2089</dst>
    </src>
    <src id="4">
      <dst id="12">18238.9067</dst>
      <dst id="19">16377.9644</dst>
      <dst id="23">0.3556</dst>
      <dst id="8">3345.9733</dst>
      <dst id="18">1663.9644</dst>
      <dst id="4">1.8400</dst>
      <dst id="1">11002.5956</dst>
      <dst id="5">2733.2800</dst>
      <dst id="3">126.1956</dst>
      <dst id="22">8401.7156</dst>
      <dst id="7">122554.1511</dst>
      <dst id="2">34305.6000</dst>
      <dst id="6">1.7333</dst>
      <dst id="16">1490.5867</dst>
      <dst id="14">1542.4800</dst>
      <dst id="20">957.0756</dst>
      <dst id="11">13524.8178</dst>
      <dst id="9">2502.0356</dst>
      <dst id="17">79235.6622</dst>
      <dst id="21">5840.0356</dst>
      <dst id="15">241.7067</dst>
    </src>
    <src id="1">
      <dst id="12">18919.6800</dst>
      <dst id="13">542.6844</dst>
      <dst id="19">137.6889</dst>
      <dst id="23">1895.9556</dst>
      <dst id="8">111095.7422</dst>
      <dst id="18">15897.0222</dst>
      <dst id="4">2775.9822</dst>
      <dst id="1">54983.3422</dst>
      <dst id="5">212190.0000</dst>
      <dst id="3">175.8222</dst>
      <dst id="22">2203.2533</dst>
      <dst id="7">3381.7689</dst>
      <dst id="2">2586.9689</dst>
      <dst id="6">9351.9289</dst>
      <dst id="16">12072.5067</dst>
      <dst id="14">105.7778</dst>
      <dst id="20">75.0222</dst>
      <dst id="11">419.0578</dst>
      <dst id="9">228681.5289</dst>
      <dst id="17">2037.2978</dst>
      <dst id="21">3097.1111</dst>
      <dst id="15">368.8711</dst>
    </src>
    <src id="5">
      <dst id="12">297641.3422</dst>
      <dst id="13">2931.2267</dst>
      <dst id="19">31.5733</dst>
      <dst id="23">27.1289</dst>
      <dst id="8">2235.3956</dst>
      <dst id="18">201.0222</dst>
      <dst id="4">5833.5822</dst>
      <dst id="1">857.2089</dst>
      <dst id="3">23.4933</dst>
      <dst id="22">5521.2889</dst>
      <dst id="7">1404.5867</dst>
      <dst id="2">138318.6044</dst>
      <dst id="6">6.8444</dst>
      <dst id="16">1079.2444</dst>
      <dst id="14">17.2444</dst>
      <dst id="20">10898.7022</dst>
      <dst id="11">4984.4622</dst>
      <dst id="9">1018.0356</dst>
      <dst id="17">113337.2622</dst>
      <dst id="21">362.5422</dst>
      <dst id="15">117.9289</dst>
    </src>
    <src id="3">
      <dst id="12">11312.4889</dst>
      <dst id="13">300.9333</dst>
      <dst id="19">1266.5778</dst>
      <dst id="23">8650.8711</dst>
      <dst id="8">21.5111</dst>
      <dst id="18">61296.9067</dst>
      <dst id="4">16671.4844</dst>
      <dst id="1">14159.7600</dst>
      <dst id="5">825.9200</dst>
      <dst id="3">15742.5333</dst>
      <dst id="22">1983.4933</dst>
      <dst id="7">2880.8622</dst>
      <dst id="2">7707.9111</dst>
      <dst id="6">16.6400</dst>
      <dst id="16">1058.7644</dst>
      <dst id="14">34232.9422</dst>
      <dst id="20">48.6044</dst>
      <dst id="11">151618.0178</dst>
      <dst id="9">677.8756</dst>
      <dst id="17">11871.0756</dst>
      <dst id="21">14701.1378</dst>
      <dst id="15">142.3467</dst>
    </src>
    <src id="10">
      <dst id="12">18923.0756</dst>
      <dst id="19">351.0400</dst>
      <dst id="8">479.9822</dst>
      <dst id="18">5630.3289</dst>
      <dst id="1">2405.8933</dst>
      <dst id="5">1871.2800</dst>
      <dst id="3">5334.9067</dst>
      <dst id="22">7955.1200</dst>
      <dst id="7">6611.8489</dst>
      <dst id="2">23164.2933</dst>
      <dst id="6">1.6889</dst>
      <dst id="16">2369.5200</dst>
      <dst id="14">691.1467</dst>
      <dst id="20">2933.4044</dst>
      <dst id="11">6557.1822</dst>
      <dst id="9">2256.1422</dst>
      <dst id="17">25587.6711</dst>
      <dst id="21">9146.0000</dst>
      <dst id="15">615.6622</dst>
    </src>
    <src id="22">
      <dst id="12">12032.7467</dst>
      <dst id="13">3286.2844</dst>
      <dst id="19">362.9156</dst>
      <dst id="23">39.7422</dst>
      <dst id="8">751.0756</dst>
      <dst id="18">93.8044</dst>
      <dst id="4">14646.1244</dst>
      <dst id="1">1051.1200</dst>
      <dst id="5">3300.6222</dst>
      <dst id="3">548.4622</dst>
      <dst id="7">1117.2178</dst>
      <dst id="2">2236.2311</dst>
      <dst id="6">41.7689</dst>
      <dst id="16">10.4178</dst>
      <dst id="14">83.1556</dst>
      <dst id="11">1198.9333</dst>
      <dst id="9">2185.4400</dst>
      <dst id="17">7310.9067</dst>
      <dst id="21">1172.1956</dst>
    </src>
    <src id="7">
      <dst id="12">7215.2711</dst>
      <dst id="13">420.0978</dst>
      <dst id="19">383.9556</dst>
      <dst id="23">66.3022</dst>
      <dst id="8">316.0267</dst>
      <dst id="18">216.5333</dst>
      <dst id="4">22606.9244</dst>
      <dst id="1">5937.5378</dst>
      <dst id="5">1058.8889</dst>
      <dst id="3">398.7556</dst>
      <dst id="22">3504.8000</dst>
      <dst id="7">839.7156</dst>
      <dst id="2">8253.7333</dst>
      <dst id="6">26.4978</dst>
      <dst id="16">445.8756</dst>
      <dst id="14">75.6800</dst>
      <dst id="20">1437.7689</dst>
      <dst id="11">1487.5911</dst>
      <dst id="9">1163.4133</dst>
      <dst id="17">13935.1289</dst>
      <dst id="21">4428.1511</dst>
      <dst id="15">448.7022</dst>
    </src>
    <src id="2">
      <dst id="12">135852.0267</dst>
      <dst id="13">508775.0044</dst>
      <dst id="19">164.6756</dst>
      <dst id="23">75.7333</dst>
      <dst id="8">293.8844</dst>
      <dst id="18">60671.1467</dst>
      <dst id="4">58253.0844</dst>
      <dst id="1">15312.8444</dst>
      <dst id="5">1170.1156</dst>
      <dst id="3">18.2222</dst>
      <dst id="22">4823.9022</dst>
      <dst id="7">1990.4267</dst>
      <dst id="2">668.6578</dst>
      <dst id="6">7260.8000</dst>
      <dst id="16">3584.0267</dst>
      <dst id="14">5387.4933</dst>
      <dst id="20">4900.0267</dst>
      <dst id="11">7098.8533</dst>
      <dst id="9">2368.7200</dst>
      <dst id="17">17492.5867</dst>
      <dst id="21">1511.5200</dst>
      <dst id="15">18.8978</dst>
    </src>
    <src id="6">
      <dst id="12">11499.2800</dst>
      <dst id="13">99.2533</dst>
      <dst id="19">1.4222</dst>
      <dst id="4">848.2578</dst>
      <dst id="1">3.2267</dst>
      <dst id="5">1.5822</dst>
      <dst id="3">0.7111</dst>
      <dst id="22">7.2978</dst>
      <dst id="7">33.9556</dst>
      <dst id="2">2542.9600</dst>
      <dst id="16">0.6311</dst>
      <dst id="20">13.3333</dst>
      <dst id="11">53.8400</dst>
      <dst id="9">0.3556</dst>
      <dst id="17">1180.3378</dst>
      <dst id="21">2.3111</dst>
    </src>
    <src id="16">
      <dst id="12">3928.6489</dst>
      <dst id="13">1030.4000</dst>
      <dst id="19">4837.5911</dst>
      <dst id="23">67.0578</dst>
      <dst id="8">4642.9067</dst>
      <dst id="18">90.4444</dst>
      <dst id="4">4384.5244</dst>
      <dst id="1">20255.2978</dst>
      <dst id="5">3504.1156</dst>
      <dst id="3">175.4933</dst>
      <dst id="7">537.9733</dst>
      <dst id="2">617.7422</dst>
      <dst id="6">18.5244</dst>
      <dst id="16">65.2000</dst>
      <dst id="14">707.2622</dst>
      <dst id="11">216.7200</dst>
      <dst id="9">8035.4044</dst>
      <dst id="17">1361.6889</dst>
      <dst id="21">2106.2044</dst>
    </src>
    <src id="14">
      <dst id="12">17090.6222</dst>
      <dst id="13">95.0933</dst>
      <dst id="19">3.9644</dst>
      <dst id="23">15.5644</dst>
      <dst id="8">1.2889</dst>
      <dst id="18">14.4978</dst>
      <dst id="4">2102.6489</dst>
      <dst id="1">199.9200</dst>
      <dst id="5">25.8400</dst>
      <dst id="3">61.0044</dst>
      <dst id="22">9.0667</dst>
      <dst id="7">36.9689</dst>
      <dst id="2">5740.9511</dst>
      <dst id="16">24.2311</dst>
      <dst id="20">60.5867</dst>
      <dst id="11">24.5422</dst>
      <dst id="9">1.7956</dst>
      <dst id="17">5757.6800</dst>
      <dst id="21">96.0711</dst>
      <dst id="15">13.6889</dst>
    </src>
    <src id="20">
      <dst id="12">6918.0711</dst>
      <dst id="13">2764.2311</dst>
      <dst id="19">592.9689</dst>
      <dst id="8">70.0178</dst>
      <dst id="18">74.8444</dst>
      <dst id="4">9736.3022</dst>
      <dst id="1">44.3467</dst>
      <dst id="5">1438.1778</dst>
      <dst id="3">264.6044</dst>
      <dst id="7">254.4089</dst>
      <dst id="2">6958.0356</dst>
      <dst id="14">1587.8489</dst>
      <dst id="11">364.0356</dst>
      <dst id="9">9720.9689</dst>
      <dst id="17">582.1511</dst>
      <dst id="21">185.2889</dst>
    </src>
    <src id="11">
      <dst id="12">382428.7378</dst>
      <dst id="13">4485.1911</dst>
      <dst id="19">39.2444</dst>
      <dst id="23">3.5556</dst>
      <dst id="8">363.1556</dst>
      <dst id="18">126.3822</dst>
      <dst id="4">6710.4711</dst>
      <dst id="1">246.1333</dst>
      <dst id="5">1406.4622</dst>
      <dst id="3">757.5378</dst>
      <dst id="22">1770.5511</dst>
      <dst id="7">905.7244</dst>
      <dst id="2">167658.1156</dst>
      <dst id="6">20.1067</dst>
      <dst id="16">205.5556</dst>
      <dst id="14">76.1244</dst>
      <dst id="20">1099.6711</dst>
      <dst id="11">1774.8089</dst>
      <dst id="9">2439.7156</dst>
      <dst id="17">150129.2000</dst>
      <dst id="21">8117.8400</dst>
      <dst id="15">151.5378</dst>
    </src>
    <src id="9">
      <dst id="12">376577.8044</dst>
      <dst id="13">6525.4222</dst>
      <dst id="19">142.6667</dst>
      <dst id="23">14.5778</dst>
      <dst id="8">3209.1644</dst>
      <dst id="18">172.0356</dst>
      <dst id="4">7467.0489</dst>
      <dst id="1">1144.2400</dst>
      <dst id="5">3805.0489</dst>
      <dst id="3">14.8267</dst>
      <dst id="22">2527.8311</dst>
      <dst id="7">442.0089</dst>
      <dst id="2">141836.2311</dst>
      <dst id="6">0.3644</dst>
      <dst id="16">574.0533</dst>
      <dst id="14">46.5156</dst>
      <dst id="20">2677.4489</dst>
      <dst id="11">6285.3511</dst>
      <dst id="9">57.1467</dst>
      <dst id="17">201526.2311</dst>
      <dst id="21">9664.2133</dst>
      <dst id="15">1301.2711</dst>
    </src>
    <src id="17">
      <dst id="12">5946.7022</dst>
      <dst id="13">1923.8933</dst>
      <dst id="19">845.9822</dst>
      <dst id="23">159.6089</dst>
      <dst id="8">123743.6978</dst>
      <dst id="18">83.3244</dst>
      <dst id="4">43060.7289</dst>
      <dst id="1">1107.0933</dst>
      <dst id="5">240918.7644</dst>
      <dst id="3">8093.9644</dst>
      <dst id="22">7061.7333</dst>
      <dst id="7">1489.8133</dst>
      <dst id="2">22488.3200</dst>
      <dst id="6">20.2578</dst>
      <dst id="16">5419.6533</dst>
      <dst id="14">23297.1467</dst>
      <dst id="20">727.2533</dst>
      <dst id="11">117363.5556</dst>
      <dst id="9">218363.6178</dst>
      <dst id="17">1635.5733</dst>
      <dst id="21">12960.6578</dst>
      <dst id="15">123.3422</dst>
    </src>
    <src id="21">
      <dst id="12">22801.3333</dst>
      <dst id="13">746.6133</dst>
      <dst id="19">817.8489</dst>
      <dst id="23">19.7689</dst>
      <dst id="8">123.5556</dst>
      <dst id="18">531.0578</dst>
      <dst id="4">14730.6222</dst>
      <dst id="1">1806.8622</dst>
      <dst id="5">2348.3556</dst>
      <dst id="3">2470.2222</dst>
      <dst id="22">1123.7156</dst>
      <dst id="7">8100.3467</dst>
      <dst id="2">13062.4089</dst>
      <dst id="6">4.9067</dst>
      <dst id="16">425.7956</dst>
      <dst id="14">90.6844</dst>
      <dst id="20">337.6889</dst>
      <dst id="11">658.8622</dst>
      <dst id="9">602.9511</dst>
      <dst id="17">5175.4844</dst>
      <dst id="21">1386.6133</dst>
      <dst id="15">45.2178</dst>
    </src>
    <src id="15">
      <dst id="12">329.5467</dst>
      <dst id="13">190.9689</dst>
      <dst id="23">1.7867</dst>
      <dst id="8">4.3378</dst>
      <dst id="18">0.4622</dst>
      <dst id="4">2058.4000</dst>
      <dst id="1">524.9867</dst>
      <dst id="5">35.8489</dst>
      <dst id="3">4.7644</dst>
      <dst id="7">46.9600</dst>
      <dst id="2">44.1778</dst>
      <dst id="14">31.5022</dst>
      <dst id="11">884.4267</dst>
      <dst id="9">499.4133</dst>
      <dst id="17">883.0400</dst>
      <dst id="21">163.4311</dst>
    </src>
  </IntraTM>
</TrafficMatrixFile>
