<?xml version="1.0" encoding="UTF-8" standalone="yes"?>
<TrafficMatrixFile xmlns:xsi="http://www.w3.org/2001/XMLSchema-instance" xsi:noNamespaceSchemaLocation="http://totem.run.montefiore.ulg.ac.be/Schema/TrafficMatrix-v1_2.xsd">
  <info>
    <title>Intradomain traffic matrix generated by geant-TM-all.pl</title>
    <date>2005-01-04T21:00:00</date>
    <duration>900</duration>
    <author>Steve Uhlig</author>
    <units>
        <unit type="bandwidth" value="kbps"/>
    </units>
  </info>
  <IntraTM ASID="20965">
    <src id="12">
      <dst id="12">250457.8933</dst>
      <dst id="13">16356.0000</dst>
      <dst id="19">1575.8844</dst>
      <dst id="23">1003.6267</dst>
      <dst id="8">2536.3022</dst>
      <dst id="18">751.6000</dst>
      <dst id="4">69674.1956</dst>
      <dst id="1">18332.7644</dst>
      <dst id="5">80831.3244</dst>
      <dst id="3">1845.8400</dst>
      <dst id="22">21624.4178</dst>
      <dst id="7">1040.0622</dst>
      <dst id="2">89687.6089</dst>
      <dst id="6">9.4222</dst>
      <dst id="16">12776.8800</dst>
      <dst id="14">598.2222</dst>
      <dst id="20">11259.0222</dst>
      <dst id="11">3670.6578</dst>
      <dst id="9">6432.6133</dst>
      <dst id="17">62530.3200</dst>
      <dst id="21">2942.0444</dst>
      <dst id="15">1487.0667</dst>
    </src>
    <src id="13">
      <dst id="12">68530.4000</dst>
      <dst id="19">5938.1067</dst>
      <dst id="23">9965.7689</dst>
      <dst id="8">3760.8622</dst>
      <dst id="18">3092.4622</dst>
      <dst id="1">3692.8267</dst>
      <dst id="5">4227.2533</dst>
      <dst id="3">5318.5067</dst>
      <dst id="22">13845.2089</dst>
      <dst id="7">9523.8933</dst>
      <dst id="2">87738.1600</dst>
      <dst id="6">387.9911</dst>
      <dst id="16">8400.7289</dst>
      <dst id="14">10823.8756</dst>
      <dst id="20">13140.7733</dst>
      <dst id="11">20328.3644</dst>
      <dst id="9">11248.0178</dst>
      <dst id="17">51724.2222</dst>
      <dst id="21">11315.2622</dst>
      <dst id="15">1942.2133</dst>
    </src>
    <src id="19">
      <dst id="12">13337.2089</dst>
      <dst id="13">558.0978</dst>
      <dst id="23">1.6711</dst>
      <dst id="8">1.0667</dst>
      <dst id="18">1.5822</dst>
      <dst id="4">17922.7200</dst>
      <dst id="1">144.4178</dst>
      <dst id="5">5.5467</dst>
      <dst id="22">69.1289</dst>
      <dst id="7">3092.1778</dst>
      <dst id="2">211.1556</dst>
      <dst id="6">40.7467</dst>
      <dst id="16">6021.8578</dst>
      <dst id="14">2431.0844</dst>
      <dst id="20">28.4533</dst>
      <dst id="11">51.0400</dst>
      <dst id="9">297.3156</dst>
      <dst id="17">1305.1556</dst>
      <dst id="21">352.1333</dst>
      <dst id="15">1.5644</dst>
    </src>
    <src id="23">
      <dst id="12">363.4400</dst>
      <dst id="13">183.0311</dst>
      <dst id="8">0.4267</dst>
      <dst id="18">185.9556</dst>
      <dst id="4">13.1911</dst>
      <dst id="1">53.2089</dst>
      <dst id="5">58.2844</dst>
      <dst id="3">180.7289</dst>
      <dst id="22">303.0844</dst>
      <dst id="7">66.9778</dst>
      <dst id="2">14.2222</dst>
      <dst id="6">0.6756</dst>
      <dst id="16">50.1867</dst>
      <dst id="14">40.3556</dst>
      <dst id="20">0.6133</dst>
      <dst id="11">41.8756</dst>
      <dst id="9">3870.5422</dst>
      <dst id="17">209.2800</dst>
      <dst id="21">133.3244</dst>
      <dst id="15">0.8000</dst>
    </src>
    <src id="8">
      <dst id="12">291773.1111</dst>
      <dst id="13">2965.7956</dst>
      <dst id="19">28.4356</dst>
      <dst id="23">0.3556</dst>
      <dst id="18">3.6622</dst>
      <dst id="4">7369.3067</dst>
      <dst id="1">504.7378</dst>
      <dst id="5">972.0889</dst>
      <dst id="3">65.9556</dst>
      <dst id="22">995.1733</dst>
      <dst id="7">12.2756</dst>
      <dst id="2">131506.2578</dst>
      <dst id="6">13.5733</dst>
      <dst id="16">983.5200</dst>
      <dst id="20">78.4178</dst>
      <dst id="11">37.0844</dst>
      <dst id="9">145.2089</dst>
      <dst id="17">106949.0489</dst>
      <dst id="21">135.9644</dst>
      <dst id="15">390.2133</dst>
    </src>
    <src id="18">
      <dst id="12">88793.9200</dst>
      <dst id="13">138.4000</dst>
      <dst id="19">0.8178</dst>
      <dst id="23">4.8978</dst>
      <dst id="8">40.2311</dst>
      <dst id="4">1028.0000</dst>
      <dst id="1">1540.4622</dst>
      <dst id="5">53.8578</dst>
      <dst id="3">7.0933</dst>
      <dst id="22">281.4578</dst>
      <dst id="7">49.1289</dst>
      <dst id="2">26430.6400</dst>
      <dst id="16">51.7600</dst>
      <dst id="14">24.9778</dst>
      <dst id="20">2.2400</dst>
      <dst id="11">98.2311</dst>
      <dst id="9">1.7778</dst>
      <dst id="17">34769.5200</dst>
      <dst id="21">159.3067</dst>
      <dst id="15">0.3378</dst>
    </src>
    <src id="4">
      <dst id="12">15881.8222</dst>
      <dst id="19">15798.6844</dst>
      <dst id="23">1.1200</dst>
      <dst id="8">582.7200</dst>
      <dst id="18">542.0356</dst>
      <dst id="1">125164.7556</dst>
      <dst id="5">2766.5422</dst>
      <dst id="3">63.6356</dst>
      <dst id="22">2719.5289</dst>
      <dst id="7">33869.9644</dst>
      <dst id="2">90200.7200</dst>
      <dst id="6">27.0489</dst>
      <dst id="16">1063.9822</dst>
      <dst id="14">2134.0178</dst>
      <dst id="20">1859.8578</dst>
      <dst id="11">4172.9600</dst>
      <dst id="9">2577.7067</dst>
      <dst id="17">28289.5289</dst>
      <dst id="21">3216.6133</dst>
      <dst id="15">1541.6444</dst>
    </src>
    <src id="1">
      <dst id="12">20063.8578</dst>
      <dst id="13">462.2222</dst>
      <dst id="19">73.0133</dst>
      <dst id="23">53.9556</dst>
      <dst id="8">107632.1511</dst>
      <dst id="18">11695.9289</dst>
      <dst id="4">7314.8089</dst>
      <dst id="1">2721.1200</dst>
      <dst id="5">217971.1911</dst>
      <dst id="3">144.8533</dst>
      <dst id="22">885.3778</dst>
      <dst id="7">1379.3511</dst>
      <dst id="2">3067.4400</dst>
      <dst id="6">11609.6267</dst>
      <dst id="16">10287.8933</dst>
      <dst id="14">131.1644</dst>
      <dst id="20">194.4267</dst>
      <dst id="11">580.2311</dst>
      <dst id="9">213650.5600</dst>
      <dst id="17">6611.0044</dst>
      <dst id="21">2993.7778</dst>
      <dst id="15">148.1067</dst>
    </src>
    <src id="5">
      <dst id="12">276659.8400</dst>
      <dst id="13">453.0844</dst>
      <dst id="19">29.2533</dst>
      <dst id="23">297.9289</dst>
      <dst id="8">897.7067</dst>
      <dst id="18">372.7111</dst>
      <dst id="4">5283.3422</dst>
      <dst id="1">338.5956</dst>
      <dst id="3">91.6444</dst>
      <dst id="22">5590.4178</dst>
      <dst id="7">160.2222</dst>
      <dst id="2">122442.6756</dst>
      <dst id="6">13.1556</dst>
      <dst id="16">803.6444</dst>
      <dst id="14">62.3644</dst>
      <dst id="20">2874.0000</dst>
      <dst id="11">868.1067</dst>
      <dst id="9">11679.1022</dst>
      <dst id="17">106207.8489</dst>
      <dst id="21">281.7511</dst>
      <dst id="15">106.2578</dst>
    </src>
    <src id="3">
      <dst id="12">6268.7556</dst>
      <dst id="13">208.2933</dst>
      <dst id="19">814.4267</dst>
      <dst id="23">6076.3556</dst>
      <dst id="8">9.5378</dst>
      <dst id="18">49737.1022</dst>
      <dst id="4">35757.2444</dst>
      <dst id="1">3986.4622</dst>
      <dst id="5">448.8533</dst>
      <dst id="3">9768.7378</dst>
      <dst id="22">799.0756</dst>
      <dst id="7">2425.7600</dst>
      <dst id="2">5040.3644</dst>
      <dst id="6">1.2356</dst>
      <dst id="16">670.2578</dst>
      <dst id="14">64265.7511</dst>
      <dst id="20">74.0533</dst>
      <dst id="11">127230.8178</dst>
      <dst id="9">352.7289</dst>
      <dst id="17">9612.2578</dst>
      <dst id="21">14695.2000</dst>
      <dst id="15">41.3156</dst>
    </src>
    <src id="10">
      <dst id="12">14238.8178</dst>
      <dst id="19">7806.8356</dst>
      <dst id="8">648.4356</dst>
      <dst id="18">516.8356</dst>
      <dst id="1">2232.9511</dst>
      <dst id="5">1259.4044</dst>
      <dst id="3">2527.3067</dst>
      <dst id="22">10617.6889</dst>
      <dst id="7">10208.9600</dst>
      <dst id="2">18184.8000</dst>
      <dst id="6">15.7867</dst>
      <dst id="16">1821.9556</dst>
      <dst id="14">5279.3422</dst>
      <dst id="20">1229.0933</dst>
      <dst id="11">6133.6089</dst>
      <dst id="9">5027.2444</dst>
      <dst id="17">17099.4311</dst>
      <dst id="21">7032.5689</dst>
      <dst id="15">265.7867</dst>
    </src>
    <src id="22">
      <dst id="12">16867.7422</dst>
      <dst id="13">1292.3378</dst>
      <dst id="19">306.9511</dst>
      <dst id="23">69.9289</dst>
      <dst id="8">1564.1067</dst>
      <dst id="18">356.3644</dst>
      <dst id="4">11932.0356</dst>
      <dst id="1">126.4889</dst>
      <dst id="5">3195.4667</dst>
      <dst id="3">1116.6667</dst>
      <dst id="7">281.0578</dst>
      <dst id="2">2938.6578</dst>
      <dst id="6">0.4622</dst>
      <dst id="16">10.4889</dst>
      <dst id="14">263.2000</dst>
      <dst id="11">1265.6356</dst>
      <dst id="9">1760.6044</dst>
      <dst id="17">2647.5644</dst>
      <dst id="21">503.6000</dst>
    </src>
    <src id="7">
      <dst id="12">5069.8133</dst>
      <dst id="13">1924.8444</dst>
      <dst id="19">4247.0044</dst>
      <dst id="23">126.4533</dst>
      <dst id="8">112.5778</dst>
      <dst id="18">297.8756</dst>
      <dst id="4">17774.8800</dst>
      <dst id="1">920.7200</dst>
      <dst id="5">1483.1378</dst>
      <dst id="3">345.7600</dst>
      <dst id="22">2448.7200</dst>
      <dst id="7">534.5689</dst>
      <dst id="2">6051.7422</dst>
      <dst id="6">42.0711</dst>
      <dst id="16">1516.2578</dst>
      <dst id="14">162.6756</dst>
      <dst id="20">374.5422</dst>
      <dst id="11">641.9556</dst>
      <dst id="9">1004.2667</dst>
      <dst id="17">4749.2356</dst>
      <dst id="21">3200.3022</dst>
      <dst id="15">120.2667</dst>
    </src>
    <src id="2">
      <dst id="12">110061.7511</dst>
      <dst id="13">515757.8756</dst>
      <dst id="19">180.2311</dst>
      <dst id="23">45.1111</dst>
      <dst id="8">246.5600</dst>
      <dst id="18">37285.1733</dst>
      <dst id="4">69359.6622</dst>
      <dst id="1">3720.9156</dst>
      <dst id="5">997.2800</dst>
      <dst id="3">49.6267</dst>
      <dst id="22">2864.3111</dst>
      <dst id="7">2945.3156</dst>
      <dst id="2">1196.1867</dst>
      <dst id="6">8569.9911</dst>
      <dst id="16">3009.6711</dst>
      <dst id="14">5037.9822</dst>
      <dst id="20">568.0267</dst>
      <dst id="11">3547.7422</dst>
      <dst id="9">206.0089</dst>
      <dst id="17">23900.2311</dst>
      <dst id="21">2677.9467</dst>
      <dst id="15">112.6489</dst>
    </src>
    <src id="6">
      <dst id="12">10583.8133</dst>
      <dst id="13">7.1556</dst>
      <dst id="19">1.8222</dst>
      <dst id="23">0.6756</dst>
      <dst id="18">35.9911</dst>
      <dst id="4">1236.3289</dst>
      <dst id="1">17.6000</dst>
      <dst id="22">12.4978</dst>
      <dst id="7">2.4000</dst>
      <dst id="2">2524.5689</dst>
      <dst id="16">4.2311</dst>
      <dst id="20">23.4222</dst>
      <dst id="9">1.1022</dst>
      <dst id="17">1290.8622</dst>
      <dst id="21">8.6844</dst>
      <dst id="15">0.3378</dst>
    </src>
    <src id="16">
      <dst id="12">2445.9111</dst>
      <dst id="13">401.9200</dst>
      <dst id="19">3829.4222</dst>
      <dst id="23">875.3778</dst>
      <dst id="8">4305.6356</dst>
      <dst id="18">19.8133</dst>
      <dst id="4">2900.0800</dst>
      <dst id="1">17643.5022</dst>
      <dst id="5">4426.7911</dst>
      <dst id="3">0.4622</dst>
      <dst id="7">2636.2133</dst>
      <dst id="2">529.4044</dst>
      <dst id="16">63.5911</dst>
      <dst id="14">593.4933</dst>
      <dst id="11">109.2711</dst>
      <dst id="9">7541.2622</dst>
      <dst id="17">1517.3956</dst>
      <dst id="21">1665.9289</dst>
    </src>
    <src id="14">
      <dst id="12">22639.1200</dst>
      <dst id="13">93.3511</dst>
      <dst id="19">43.6978</dst>
      <dst id="23">0.7644</dst>
      <dst id="18">2.6667</dst>
      <dst id="4">2121.0311</dst>
      <dst id="1">1328.7200</dst>
      <dst id="5">4.6400</dst>
      <dst id="3">83.3422</dst>
      <dst id="22">25.2622</dst>
      <dst id="7">55.1644</dst>
      <dst id="2">8111.6533</dst>
      <dst id="16">15.8489</dst>
      <dst id="20">32.2578</dst>
      <dst id="11">28.8978</dst>
      <dst id="9">14.7289</dst>
      <dst id="17">9571.8578</dst>
      <dst id="21">116.9156</dst>
      <dst id="15">0.3733</dst>
    </src>
    <src id="20">
      <dst id="12">6753.3867</dst>
      <dst id="13">1759.9111</dst>
      <dst id="19">5.1556</dst>
      <dst id="23">2.0267</dst>
      <dst id="8">221.5111</dst>
      <dst id="18">17.3956</dst>
      <dst id="4">7231.7511</dst>
      <dst id="1">271.1022</dst>
      <dst id="5">5806.2933</dst>
      <dst id="3">76.8089</dst>
      <dst id="7">326.5778</dst>
      <dst id="2">2009.4667</dst>
      <dst id="6">5.2889</dst>
      <dst id="14">13.6178</dst>
      <dst id="11">299.4844</dst>
      <dst id="9">7138.2222</dst>
      <dst id="17">2618.3733</dst>
      <dst id="21">173.9111</dst>
    </src>
    <src id="11">
      <dst id="12">379122.2222</dst>
      <dst id="13">5749.7778</dst>
      <dst id="19">40.8533</dst>
      <dst id="23">19.8133</dst>
      <dst id="8">165.0756</dst>
      <dst id="18">3.7067</dst>
      <dst id="4">9054.8000</dst>
      <dst id="1">496.7644</dst>
      <dst id="5">642.0444</dst>
      <dst id="3">394.5778</dst>
      <dst id="22">3836.9244</dst>
      <dst id="7">207.1200</dst>
      <dst id="2">152651.5200</dst>
      <dst id="16">136.3911</dst>
      <dst id="14">35.5911</dst>
      <dst id="20">211.4222</dst>
      <dst id="11">1962.7022</dst>
      <dst id="9">838.8711</dst>
      <dst id="17">156268.6933</dst>
      <dst id="21">681.0489</dst>
      <dst id="15">3562.6756</dst>
    </src>
    <src id="9">
      <dst id="12">405188.7733</dst>
      <dst id="13">1675.9289</dst>
      <dst id="19">58.8711</dst>
      <dst id="23">105.1378</dst>
      <dst id="8">83.7511</dst>
      <dst id="18">73.7244</dst>
      <dst id="4">6922.4978</dst>
      <dst id="1">985.9289</dst>
      <dst id="5">4626.0089</dst>
      <dst id="3">0.3556</dst>
      <dst id="22">812.9867</dst>
      <dst id="7">179.5822</dst>
      <dst id="2">144977.5378</dst>
      <dst id="6">28.3644</dst>
      <dst id="16">680.3822</dst>
      <dst id="14">14.7556</dst>
      <dst id="20">498.4444</dst>
      <dst id="11">744.9422</dst>
      <dst id="9">131.9733</dst>
      <dst id="17">161936.7911</dst>
      <dst id="21">845.8044</dst>
      <dst id="15">1982.0444</dst>
    </src>
    <src id="17">
      <dst id="12">10391.4844</dst>
      <dst id="13">1446.7200</dst>
      <dst id="19">1586.3911</dst>
      <dst id="23">44.1244</dst>
      <dst id="8">118017.6089</dst>
      <dst id="18">176.8000</dst>
      <dst id="4">25070.4178</dst>
      <dst id="1">11380.5778</dst>
      <dst id="5">208699.1556</dst>
      <dst id="3">4787.2622</dst>
      <dst id="22">7170.1956</dst>
      <dst id="7">1081.7156</dst>
      <dst id="2">16296.4089</dst>
      <dst id="6">2338.2578</dst>
      <dst id="16">2042.0178</dst>
      <dst id="14">55061.6267</dst>
      <dst id="20">629.8044</dst>
      <dst id="11">106256.5689</dst>
      <dst id="9">185246.7289</dst>
      <dst id="17">755.8222</dst>
      <dst id="21">15657.2444</dst>
      <dst id="15">40.8533</dst>
    </src>
    <src id="21">
      <dst id="12">27048.9689</dst>
      <dst id="13">1665.4844</dst>
      <dst id="19">155.0844</dst>
      <dst id="23">10.2044</dst>
      <dst id="8">123.1111</dst>
      <dst id="18">114.5600</dst>
      <dst id="4">10202.2756</dst>
      <dst id="1">3004.8800</dst>
      <dst id="5">845.6533</dst>
      <dst id="3">892.2933</dst>
      <dst id="22">3419.8133</dst>
      <dst id="7">1233.6978</dst>
      <dst id="2">14892.4267</dst>
      <dst id="6">0.6044</dst>
      <dst id="16">207.7333</dst>
      <dst id="14">59.9733</dst>
      <dst id="20">417.0933</dst>
      <dst id="11">510.6756</dst>
      <dst id="9">481.8578</dst>
      <dst id="17">6125.2356</dst>
      <dst id="21">1151.6267</dst>
      <dst id="15">110.1778</dst>
    </src>
    <src id="15">
      <dst id="12">477.9022</dst>
      <dst id="13">208.2044</dst>
      <dst id="19">17.0667</dst>
      <dst id="23">13.0844</dst>
      <dst id="8">103.5822</dst>
      <dst id="18">1.0311</dst>
      <dst id="4">1466.5333</dst>
      <dst id="1">703.8311</dst>
      <dst id="5">180.7644</dst>
      <dst id="3">19.1467</dst>
      <dst id="7">4.6133</dst>
      <dst id="2">2348.7378</dst>
      <dst id="14">0.3556</dst>
      <dst id="11">367.6711</dst>
      <dst id="9">166.7200</dst>
      <dst id="17">226.4000</dst>
      <dst id="21">108.5778</dst>
    </src>
  </IntraTM>
</TrafficMatrixFile>
