<?xml version="1.0" encoding="UTF-8" standalone="yes"?>
<TrafficMatrixFile xmlns:xsi="http://www.w3.org/2001/XMLSchema-instance" xsi:noNamespaceSchemaLocation="http://totem.run.montefiore.ulg.ac.be/Schema/TrafficMatrix-v1_2.xsd">
  <info>
    <title>Intradomain traffic matrix generated by geant-TM-all.pl</title>
    <date>2005-01-05T20:30:00</date>
    <duration>900</duration>
    <author>Steve Uhlig</author>
    <units>
        <unit type="bandwidth" value="kbps"/>
    </units>
  </info>
  <IntraTM ASID="20965">
    <src id="12">
      <dst id="12">373349.5111</dst>
      <dst id="13">53335.1200</dst>
      <dst id="19">7784.3822</dst>
      <dst id="23">330.3022</dst>
      <dst id="8">16047.2533</dst>
      <dst id="18">11690.5956</dst>
      <dst id="4">90167.2178</dst>
      <dst id="1">13490.4800</dst>
      <dst id="5">7576.2667</dst>
      <dst id="3">12575.6089</dst>
      <dst id="22">25515.8844</dst>
      <dst id="7">11257.5111</dst>
      <dst id="2">120828.0178</dst>
      <dst id="6">45.8133</dst>
      <dst id="16">12794.5156</dst>
      <dst id="14">1748.2044</dst>
      <dst id="20">12295.6622</dst>
      <dst id="11">7645.0667</dst>
      <dst id="9">23976.1156</dst>
      <dst id="17">123911.3778</dst>
      <dst id="21">21261.0311</dst>
      <dst id="15">2865.9289</dst>
    </src>
    <src id="13">
      <dst id="12">86548.9600</dst>
      <dst id="19">21000.8533</dst>
      <dst id="23">2384.3378</dst>
      <dst id="8">15215.9022</dst>
      <dst id="18">11421.0400</dst>
      <dst id="1">13176.5511</dst>
      <dst id="5">19271.5289</dst>
      <dst id="3">50053.8400</dst>
      <dst id="22">31578.7289</dst>
      <dst id="7">30144.6933</dst>
      <dst id="2">119419.7689</dst>
      <dst id="6">242.0800</dst>
      <dst id="16">13442.8978</dst>
      <dst id="14">7673.8844</dst>
      <dst id="20">18089.6622</dst>
      <dst id="11">29583.9022</dst>
      <dst id="9">29647.4756</dst>
      <dst id="17">330799.1644</dst>
      <dst id="21">45895.2178</dst>
      <dst id="15">10061.4844</dst>
    </src>
    <src id="19">
      <dst id="12">15361.0578</dst>
      <dst id="13">1620.9422</dst>
      <dst id="23">306.5333</dst>
      <dst id="8">193.6444</dst>
      <dst id="18">386.4622</dst>
      <dst id="4">18119.0667</dst>
      <dst id="1">1822.2133</dst>
      <dst id="5">206.6044</dst>
      <dst id="3">151.3244</dst>
      <dst id="22">2336.1778</dst>
      <dst id="7">10041.2356</dst>
      <dst id="2">6730.2489</dst>
      <dst id="6">294.5422</dst>
      <dst id="16">6075.7689</dst>
      <dst id="14">6.7644</dst>
      <dst id="20">6708.6044</dst>
      <dst id="11">2892.4711</dst>
      <dst id="9">122.3200</dst>
      <dst id="17">9561.2978</dst>
      <dst id="21">3012.3289</dst>
      <dst id="15">86.3556</dst>
    </src>
    <src id="23">
      <dst id="12">692.0622</dst>
      <dst id="13">2252.6044</dst>
      <dst id="19">550.4444</dst>
      <dst id="8">17.2889</dst>
      <dst id="18">338.3111</dst>
      <dst id="4">48.1333</dst>
      <dst id="1">371.5378</dst>
      <dst id="5">26.6667</dst>
      <dst id="3">4044.2933</dst>
      <dst id="22">708.5778</dst>
      <dst id="7">346.9867</dst>
      <dst id="2">181.0756</dst>
      <dst id="6">1.0489</dst>
      <dst id="16">423.4044</dst>
      <dst id="14">14.0089</dst>
      <dst id="20">149.9733</dst>
      <dst id="11">826.0800</dst>
      <dst id="9">720.6222</dst>
      <dst id="17">954.7200</dst>
      <dst id="21">1324.6844</dst>
      <dst id="15">0.8889</dst>
    </src>
    <src id="8">
      <dst id="12">334561.0400</dst>
      <dst id="13">4477.6444</dst>
      <dst id="19">414.5956</dst>
      <dst id="23">0.4622</dst>
      <dst id="18">490.9422</dst>
      <dst id="4">6212.1867</dst>
      <dst id="1">3675.9289</dst>
      <dst id="5">14361.5822</dst>
      <dst id="3">93.7511</dst>
      <dst id="22">1148.9689</dst>
      <dst id="7">122.3289</dst>
      <dst id="2">139636.6044</dst>
      <dst id="6">13.5111</dst>
      <dst id="16">1695.7689</dst>
      <dst id="14">25.6000</dst>
      <dst id="20">1442.0000</dst>
      <dst id="11">560.5600</dst>
      <dst id="9">3403.8489</dst>
      <dst id="17">141304.5956</dst>
      <dst id="21">1416.5600</dst>
      <dst id="15">3644.8356</dst>
    </src>
    <src id="18">
      <dst id="12">122490.3378</dst>
      <dst id="13">1674.1511</dst>
      <dst id="19">168.1244</dst>
      <dst id="23">12.4178</dst>
      <dst id="8">575.6978</dst>
      <dst id="4">1358.7733</dst>
      <dst id="1">1278.1689</dst>
      <dst id="5">163.4400</dst>
      <dst id="3">244.8444</dst>
      <dst id="22">404.6400</dst>
      <dst id="7">602.4533</dst>
      <dst id="2">40658.3111</dst>
      <dst id="16">81.8489</dst>
      <dst id="14">16.2311</dst>
      <dst id="20">259.0400</dst>
      <dst id="11">189.8489</dst>
      <dst id="9">77.2711</dst>
      <dst id="17">48922.1867</dst>
      <dst id="21">10487.3244</dst>
      <dst id="15">3.9822</dst>
    </src>
    <src id="4">
      <dst id="12">31928.2578</dst>
      <dst id="19">10258.2578</dst>
      <dst id="23">0.3556</dst>
      <dst id="8">3330.0178</dst>
      <dst id="18">5327.9289</dst>
      <dst id="4">2.0178</dst>
      <dst id="1">97024.7022</dst>
      <dst id="5">2385.8578</dst>
      <dst id="3">1442.8800</dst>
      <dst id="22">6414.6667</dst>
      <dst id="7">38477.4311</dst>
      <dst id="2">108003.6178</dst>
      <dst id="6">190.3556</dst>
      <dst id="16">4857.0133</dst>
      <dst id="14">2195.5911</dst>
      <dst id="20">2385.6356</dst>
      <dst id="11">5825.3244</dst>
      <dst id="9">6268.6133</dst>
      <dst id="17">55216.1600</dst>
      <dst id="21">14627.7600</dst>
      <dst id="15">1210.6933</dst>
    </src>
    <src id="1">
      <dst id="12">19400.8267</dst>
      <dst id="13">35667.3067</dst>
      <dst id="19">3660.2844</dst>
      <dst id="23">299.5644</dst>
      <dst id="8">247852.5511</dst>
      <dst id="18">15036.6400</dst>
      <dst id="4">15888.6756</dst>
      <dst id="1">44235.6089</dst>
      <dst id="5">299768.3467</dst>
      <dst id="3">12714.6844</dst>
      <dst id="22">14484.4889</dst>
      <dst id="7">80504.8889</dst>
      <dst id="2">23403.9911</dst>
      <dst id="6">24444.4533</dst>
      <dst id="16">11686.3822</dst>
      <dst id="14">649.4667</dst>
      <dst id="20">8431.3689</dst>
      <dst id="11">3497.5556</dst>
      <dst id="9">430524.6844</dst>
      <dst id="17">19841.7689</dst>
      <dst id="21">27285.0933</dst>
      <dst id="15">3071.9467</dst>
    </src>
    <src id="5">
      <dst id="12">341190.7200</dst>
      <dst id="13">3874.9689</dst>
      <dst id="19">175.1467</dst>
      <dst id="23">16.0622</dst>
      <dst id="8">15137.2711</dst>
      <dst id="18">942.8978</dst>
      <dst id="4">7782.7644</dst>
      <dst id="1">1387.9022</dst>
      <dst id="3">151.7689</dst>
      <dst id="22">4912.7289</dst>
      <dst id="7">813.7422</dst>
      <dst id="2">147562.1778</dst>
      <dst id="6">13.7422</dst>
      <dst id="16">3807.9378</dst>
      <dst id="14">1.2444</dst>
      <dst id="20">3542.1244</dst>
      <dst id="11">6837.1200</dst>
      <dst id="9">9548.7733</dst>
      <dst id="17">122889.1556</dst>
      <dst id="21">395.4933</dst>
      <dst id="15">3543.3244</dst>
    </src>
    <src id="3">
      <dst id="12">18633.2178</dst>
      <dst id="13">16961.9911</dst>
      <dst id="19">1549.8489</dst>
      <dst id="23">6760.9956</dst>
      <dst id="8">244.2311</dst>
      <dst id="18">211367.3422</dst>
      <dst id="4">33762.0089</dst>
      <dst id="1">7186.3111</dst>
      <dst id="5">1980.4267</dst>
      <dst id="3">21308.3467</dst>
      <dst id="22">2680.3022</dst>
      <dst id="7">17245.8933</dst>
      <dst id="2">22895.0756</dst>
      <dst id="6">35.5378</dst>
      <dst id="16">1698.8444</dst>
      <dst id="14">63770.1867</dst>
      <dst id="20">6045.8489</dst>
      <dst id="11">414658.4178</dst>
      <dst id="9">1068.1867</dst>
      <dst id="17">22957.9556</dst>
      <dst id="21">28936.9867</dst>
      <dst id="15">2428.3733</dst>
    </src>
    <src id="10">
      <dst id="12">28657.7511</dst>
      <dst id="19">14408.7289</dst>
      <dst id="8">1681.5111</dst>
      <dst id="18">6914.6844</dst>
      <dst id="1">2246.9689</dst>
      <dst id="5">2031.2622</dst>
      <dst id="3">16642.7467</dst>
      <dst id="22">7563.0844</dst>
      <dst id="7">13026.9778</dst>
      <dst id="2">59060.7644</dst>
      <dst id="6">0.8267</dst>
      <dst id="16">8441.6000</dst>
      <dst id="14">3866.2844</dst>
      <dst id="20">11023.9289</dst>
      <dst id="11">8905.1822</dst>
      <dst id="9">4507.5733</dst>
      <dst id="17">54435.8311</dst>
      <dst id="21">18581.6711</dst>
      <dst id="15">1121.0044</dst>
    </src>
    <src id="22">
      <dst id="12">13673.6089</dst>
      <dst id="13">7351.6356</dst>
      <dst id="19">2884.4089</dst>
      <dst id="23">259.8044</dst>
      <dst id="8">2120.7289</dst>
      <dst id="18">1421.2533</dst>
      <dst id="4">18095.0667</dst>
      <dst id="1">3540.9867</dst>
      <dst id="5">6148.9422</dst>
      <dst id="3">5386.4622</dst>
      <dst id="7">5904.8267</dst>
      <dst id="2">3944.9689</dst>
      <dst id="6">33.9467</dst>
      <dst id="16">0.6578</dst>
      <dst id="14">208.5333</dst>
      <dst id="11">2556.5778</dst>
      <dst id="9">8638.3733</dst>
      <dst id="17">13727.9200</dst>
      <dst id="21">3011.4578</dst>
    </src>
    <src id="7">
      <dst id="12">6135.1644</dst>
      <dst id="13">3213.0667</dst>
      <dst id="19">4232.5067</dst>
      <dst id="23">295.1378</dst>
      <dst id="8">377.1644</dst>
      <dst id="18">2879.6178</dst>
      <dst id="4">20013.1911</dst>
      <dst id="1">17051.1022</dst>
      <dst id="5">1817.4489</dst>
      <dst id="3">15139.8933</dst>
      <dst id="22">6712.1867</dst>
      <dst id="7">632.9600</dst>
      <dst id="2">13585.3867</dst>
      <dst id="6">176.0267</dst>
      <dst id="16">3760.9422</dst>
      <dst id="14">621.9111</dst>
      <dst id="20">1899.8489</dst>
      <dst id="11">3385.3244</dst>
      <dst id="9">1046.3378</dst>
      <dst id="17">26735.9289</dst>
      <dst id="21">9229.9378</dst>
      <dst id="15">1934.9867</dst>
    </src>
    <src id="2">
      <dst id="12">155901.5911</dst>
      <dst id="13">521124.9156</dst>
      <dst id="19">9428.8267</dst>
      <dst id="23">71.1556</dst>
      <dst id="8">1659.2444</dst>
      <dst id="18">170460.1333</dst>
      <dst id="4">90626.4267</dst>
      <dst id="1">10994.1511</dst>
      <dst id="5">1670.0356</dst>
      <dst id="3">839.8667</dst>
      <dst id="22">6801.7333</dst>
      <dst id="7">29580.5422</dst>
      <dst id="2">1624.8622</dst>
      <dst id="6">13480.1778</dst>
      <dst id="16">3683.5289</dst>
      <dst id="14">6125.8578</dst>
      <dst id="20">1522.1333</dst>
      <dst id="11">11454.8089</dst>
      <dst id="9">4602.5511</dst>
      <dst id="17">60258.5511</dst>
      <dst id="21">12128.4622</dst>
      <dst id="15">401.2533</dst>
    </src>
    <src id="6">
      <dst id="12">11891.2978</dst>
      <dst id="13">59.8489</dst>
      <dst id="19">114.8089</dst>
      <dst id="23">42.6844</dst>
      <dst id="8">5.8667</dst>
      <dst id="18">5.6800</dst>
      <dst id="4">1426.9244</dst>
      <dst id="1">181.5733</dst>
      <dst id="3">26.6667</dst>
      <dst id="22">88.8978</dst>
      <dst id="7">225.7422</dst>
      <dst id="2">3305.6356</dst>
      <dst id="16">82.2311</dst>
      <dst id="20">3.9289</dst>
      <dst id="11">57.3156</dst>
      <dst id="9">94.1156</dst>
      <dst id="17">2643.2356</dst>
      <dst id="21">45.5378</dst>
    </src>
    <src id="16">
      <dst id="12">3609.2800</dst>
      <dst id="13">740.7556</dst>
      <dst id="19">4016.0800</dst>
      <dst id="23">363.7156</dst>
      <dst id="8">7652.0267</dst>
      <dst id="18">81.9378</dst>
      <dst id="4">6235.6000</dst>
      <dst id="1">24579.5822</dst>
      <dst id="5">10650.4800</dst>
      <dst id="3">660.9511</dst>
      <dst id="7">5153.1111</dst>
      <dst id="2">3710.8711</dst>
      <dst id="6">10.1689</dst>
      <dst id="16">34.2133</dst>
      <dst id="14">850.1778</dst>
      <dst id="11">3668.7467</dst>
      <dst id="9">15150.2933</dst>
      <dst id="17">7353.9556</dst>
      <dst id="21">1621.1911</dst>
    </src>
    <src id="14">
      <dst id="12">20136.6133</dst>
      <dst id="13">83.0222</dst>
      <dst id="19">135.9200</dst>
      <dst id="23">66.9244</dst>
      <dst id="8">39.5556</dst>
      <dst id="18">1.0311</dst>
      <dst id="4">2729.7956</dst>
      <dst id="1">1694.3467</dst>
      <dst id="5">15.8311</dst>
      <dst id="3">248.4267</dst>
      <dst id="22">61.7600</dst>
      <dst id="7">310.7378</dst>
      <dst id="2">5618.3822</dst>
      <dst id="16">33.0133</dst>
      <dst id="20">14.0178</dst>
      <dst id="11">96.0444</dst>
      <dst id="9">66.6489</dst>
      <dst id="17">12423.0933</dst>
      <dst id="21">119.6000</dst>
      <dst id="15">0.4889</dst>
    </src>
    <src id="20">
      <dst id="12">17332.9867</dst>
      <dst id="13">25121.4222</dst>
      <dst id="19">965.8133</dst>
      <dst id="23">15.8222</dst>
      <dst id="8">245.5644</dst>
      <dst id="18">84.7911</dst>
      <dst id="4">6552.9511</dst>
      <dst id="1">843.4400</dst>
      <dst id="5">12541.9733</dst>
      <dst id="3">1921.0844</dst>
      <dst id="7">2552.1422</dst>
      <dst id="2">1623.5911</dst>
      <dst id="14">13.6889</dst>
      <dst id="11">5173.4667</dst>
      <dst id="9">6341.4133</dst>
      <dst id="17">15082.4533</dst>
      <dst id="21">14052.4000</dst>
    </src>
    <src id="11">
      <dst id="12">464397.6000</dst>
      <dst id="13">11430.7556</dst>
      <dst id="19">441.2089</dst>
      <dst id="23">39.8933</dst>
      <dst id="8">1194.0000</dst>
      <dst id="18">1884.6133</dst>
      <dst id="4">14778.3733</dst>
      <dst id="1">2204.2311</dst>
      <dst id="5">10543.3867</dst>
      <dst id="3">1884.1422</dst>
      <dst id="22">3394.1778</dst>
      <dst id="7">1173.9733</dst>
      <dst id="2">191519.7689</dst>
      <dst id="6">581.9644</dst>
      <dst id="16">767.4756</dst>
      <dst id="14">147.5289</dst>
      <dst id="20">2725.5911</dst>
      <dst id="11">4489.6000</dst>
      <dst id="9">1885.3600</dst>
      <dst id="17">206322.1244</dst>
      <dst id="21">1420.4800</dst>
      <dst id="15">1041.6089</dst>
    </src>
    <src id="9">
      <dst id="12">519858.3289</dst>
      <dst id="13">17487.6711</dst>
      <dst id="19">631.8933</dst>
      <dst id="23">23.8933</dst>
      <dst id="8">8337.6533</dst>
      <dst id="18">147.3333</dst>
      <dst id="4">12110.5511</dst>
      <dst id="1">8603.0489</dst>
      <dst id="5">15167.3956</dst>
      <dst id="3">32.1156</dst>
      <dst id="22">10619.7067</dst>
      <dst id="7">1029.6889</dst>
      <dst id="2">212478.2044</dst>
      <dst id="6">13.7333</dst>
      <dst id="16">1891.4489</dst>
      <dst id="14">8.0000</dst>
      <dst id="20">19789.2800</dst>
      <dst id="11">3358.4089</dst>
      <dst id="9">3599.3244</dst>
      <dst id="17">208980.7911</dst>
      <dst id="21">2672.2756</dst>
      <dst id="15">1973.1822</dst>
    </src>
    <src id="17">
      <dst id="12">24322.5156</dst>
      <dst id="13">19053.5644</dst>
      <dst id="19">2805.8844</dst>
      <dst id="23">658.6311</dst>
      <dst id="8">240949.8578</dst>
      <dst id="18">1683.6889</dst>
      <dst id="4">165422.9333</dst>
      <dst id="1">4707.6000</dst>
      <dst id="5">283688.8178</dst>
      <dst id="3">26120.2933</dst>
      <dst id="22">28684.5422</dst>
      <dst id="7">22478.5067</dst>
      <dst id="2">25574.6756</dst>
      <dst id="6">345.6622</dst>
      <dst id="16">15011.5556</dst>
      <dst id="14">48831.0311</dst>
      <dst id="20">11546.2222</dst>
      <dst id="11">297662.3822</dst>
      <dst id="9">369600.2400</dst>
      <dst id="17">1576.9511</dst>
      <dst id="21">19250.0800</dst>
      <dst id="15">5454.0978</dst>
    </src>
    <src id="21">
      <dst id="12">22788.9867</dst>
      <dst id="13">22013.5467</dst>
      <dst id="19">908.1600</dst>
      <dst id="23">1273.0933</dst>
      <dst id="8">304.2489</dst>
      <dst id="18">3304.9156</dst>
      <dst id="4">17044.5333</dst>
      <dst id="1">7171.4578</dst>
      <dst id="5">1245.4400</dst>
      <dst id="3">29955.1111</dst>
      <dst id="22">3627.7600</dst>
      <dst id="7">8670.5244</dst>
      <dst id="2">21029.7778</dst>
      <dst id="6">105.2356</dst>
      <dst id="16">533.7778</dst>
      <dst id="14">139.2978</dst>
      <dst id="20">3515.5556</dst>
      <dst id="11">2530.5689</dst>
      <dst id="9">5356.7733</dst>
      <dst id="17">8002.9600</dst>
      <dst id="21">3121.9378</dst>
      <dst id="15">1367.8756</dst>
    </src>
    <src id="15">
      <dst id="12">1902.9067</dst>
      <dst id="13">24225.2978</dst>
      <dst id="19">5661.7156</dst>
      <dst id="23">1.1733</dst>
      <dst id="8">691.0756</dst>
      <dst id="18">71.5378</dst>
      <dst id="4">1544.2844</dst>
      <dst id="1">1512.3200</dst>
      <dst id="5">702.5778</dst>
      <dst id="3">5.1911</dst>
      <dst id="7">89.2622</dst>
      <dst id="2">1197.7156</dst>
      <dst id="14">0.4267</dst>
      <dst id="11">917.2267</dst>
      <dst id="9">938.6844</dst>
      <dst id="17">2443.7067</dst>
      <dst id="21">4693.3778</dst>
    </src>
  </IntraTM>
</TrafficMatrixFile>
