<?xml version="1.0" encoding="UTF-8" standalone="yes"?>
<TrafficMatrixFile xmlns:xsi="http://www.w3.org/2001/XMLSchema-instance" xsi:noNamespaceSchemaLocation="http://totem.run.montefiore.ulg.ac.be/Schema/TrafficMatrix-v1_2.xsd">
  <info>
    <title>Intradomain traffic matrix generated by geant-TM-all.pl</title>
    <date>2005-01-01T06:00:00</date>
    <duration>900</duration>
    <author>Steve Uhlig</author>
    <units>
        <unit type="bandwidth" value="kbps"/>
    </units>
  </info>
  <IntraTM ASID="20965">
    <src id="12">
      <dst id="12">302923.6000</dst>
      <dst id="13">29755.2178</dst>
      <dst id="19">5422.2844</dst>
      <dst id="23">250.0178</dst>
      <dst id="8">5473.7778</dst>
      <dst id="18">1080.8178</dst>
      <dst id="4">140933.8400</dst>
      <dst id="1">10365.4933</dst>
      <dst id="5">6547.1644</dst>
      <dst id="3">1832.5511</dst>
      <dst id="22">17384.8089</dst>
      <dst id="7">3155.4933</dst>
      <dst id="2">102424.3911</dst>
      <dst id="6">168.7289</dst>
      <dst id="16">9639.4400</dst>
      <dst id="14">222.7467</dst>
      <dst id="20">9508.5867</dst>
      <dst id="11">5201.8844</dst>
      <dst id="9">12064.7467</dst>
      <dst id="17">77759.9822</dst>
      <dst id="21">16353.4667</dst>
      <dst id="15">4031.2356</dst>
    </src>
    <src id="13">
      <dst id="12">77887.1200</dst>
      <dst id="19">27111.9111</dst>
      <dst id="23">45.9822</dst>
      <dst id="8">2757.1378</dst>
      <dst id="18">9279.4133</dst>
      <dst id="4">12267.2267</dst>
      <dst id="1">2652.5333</dst>
      <dst id="5">8771.4311</dst>
      <dst id="3">11881.7956</dst>
      <dst id="22">31703.6444</dst>
      <dst id="7">16663.3156</dst>
      <dst id="2">140380.4622</dst>
      <dst id="6">61.5289</dst>
      <dst id="16">20030.7467</dst>
      <dst id="14">2430.9156</dst>
      <dst id="20">18409.4756</dst>
      <dst id="11">19141.6444</dst>
      <dst id="9">21020.9600</dst>
      <dst id="17">91776.2578</dst>
      <dst id="21">19926.8267</dst>
      <dst id="15">3216.0622</dst>
    </src>
    <src id="19">
      <dst id="12">21039.4844</dst>
      <dst id="13">6541.7244</dst>
      <dst id="23">163.3067</dst>
      <dst id="8">1.0044</dst>
      <dst id="18">28.9156</dst>
      <dst id="4">28702.4356</dst>
      <dst id="1">191.9467</dst>
      <dst id="5">33.7422</dst>
      <dst id="3">647.1022</dst>
      <dst id="22">350.9689</dst>
      <dst id="7">3052.5956</dst>
      <dst id="2">1179.3156</dst>
      <dst id="6">26.6667</dst>
      <dst id="16">5123.3156</dst>
      <dst id="14">0.3556</dst>
      <dst id="20">182.8444</dst>
      <dst id="11">2288.4267</dst>
      <dst id="9">4893.6978</dst>
      <dst id="17">823.3067</dst>
      <dst id="21">704.5244</dst>
      <dst id="15">0.5422</dst>
    </src>
    <src id="23">
      <dst id="12">2149.3867</dst>
      <dst id="13">91.3244</dst>
      <dst id="19">149.7333</dst>
      <dst id="8">0.4978</dst>
      <dst id="18">53.6889</dst>
      <dst id="4">26.3911</dst>
      <dst id="1">123.0933</dst>
      <dst id="5">60.0889</dst>
      <dst id="3">30.6311</dst>
      <dst id="22">1208.9244</dst>
      <dst id="7">124.3822</dst>
      <dst id="2">47.5733</dst>
      <dst id="16">18.3911</dst>
      <dst id="11">62.8000</dst>
      <dst id="9">349.6978</dst>
      <dst id="17">76.5689</dst>
      <dst id="21">183.1289</dst>
    </src>
    <src id="8">
      <dst id="12">383855.2089</dst>
      <dst id="13">2276.5156</dst>
      <dst id="19">2.3111</dst>
      <dst id="18">2.5067</dst>
      <dst id="4">8573.9644</dst>
      <dst id="1">2708.8889</dst>
      <dst id="5">6284.1956</dst>
      <dst id="3">183.0667</dst>
      <dst id="22">3644.2311</dst>
      <dst id="7">103.3244</dst>
      <dst id="2">134160.9244</dst>
      <dst id="16">483.6978</dst>
      <dst id="20">5563.0311</dst>
      <dst id="11">429.4756</dst>
      <dst id="9">5141.3511</dst>
      <dst id="17">78185.5822</dst>
      <dst id="21">1631.1556</dst>
      <dst id="15">2111.6800</dst>
    </src>
    <src id="18">
      <dst id="12">136607.9822</dst>
      <dst id="13">255.2978</dst>
      <dst id="19">67.2533</dst>
      <dst id="23">15.5733</dst>
      <dst id="8">2.6311</dst>
      <dst id="4">2401.9111</dst>
      <dst id="1">624.8356</dst>
      <dst id="5">418.5244</dst>
      <dst id="3">236.0800</dst>
      <dst id="22">3308.4889</dst>
      <dst id="7">107.6267</dst>
      <dst id="2">46333.1289</dst>
      <dst id="16">20.0444</dst>
      <dst id="20">3.7333</dst>
      <dst id="11">103.6711</dst>
      <dst id="9">313.1289</dst>
      <dst id="17">31172.5067</dst>
      <dst id="21">2521.4844</dst>
      <dst id="15">2.1156</dst>
    </src>
    <src id="4">
      <dst id="12">25338.2844</dst>
      <dst id="13">68.6756</dst>
      <dst id="19">6920.5511</dst>
      <dst id="23">0.4622</dst>
      <dst id="8">1066.5689</dst>
      <dst id="18">785.0400</dst>
      <dst id="4">658.3733</dst>
      <dst id="1">1532.8889</dst>
      <dst id="5">3085.1022</dst>
      <dst id="3">20385.1556</dst>
      <dst id="22">8545.7600</dst>
      <dst id="7">68030.9422</dst>
      <dst id="2">67271.9556</dst>
      <dst id="6">13.2622</dst>
      <dst id="16">1740.9956</dst>
      <dst id="14">2841.7156</dst>
      <dst id="20">5207.0133</dst>
      <dst id="11">10591.0044</dst>
      <dst id="9">6955.8933</dst>
      <dst id="17">81185.9289</dst>
      <dst id="21">11346.8267</dst>
      <dst id="15">2302.0178</dst>
    </src>
    <src id="1">
      <dst id="12">19029.9644</dst>
      <dst id="13">470.7556</dst>
      <dst id="19">2611.0222</dst>
      <dst id="23">69.9911</dst>
      <dst id="8">134301.1822</dst>
      <dst id="18">13649.9111</dst>
      <dst id="4">19551.7333</dst>
      <dst id="1">57.4667</dst>
      <dst id="5">247573.5200</dst>
      <dst id="3">29543.4311</dst>
      <dst id="22">5170.8356</dst>
      <dst id="7">13413.5556</dst>
      <dst id="2">3593.7600</dst>
      <dst id="6">5762.8978</dst>
      <dst id="16">9135.8933</dst>
      <dst id="14">76.1867</dst>
      <dst id="20">162.9156</dst>
      <dst id="11">1158.1067</dst>
      <dst id="9">252319.5822</dst>
      <dst id="17">7235.2444</dst>
      <dst id="21">15574.4000</dst>
      <dst id="15">538.4711</dst>
    </src>
    <src id="5">
      <dst id="12">382123.8489</dst>
      <dst id="13">2598.4622</dst>
      <dst id="19">229.7333</dst>
      <dst id="23">39.3689</dst>
      <dst id="8">6462.0889</dst>
      <dst id="18">466.2133</dst>
      <dst id="4">11901.2267</dst>
      <dst id="1">74.8000</dst>
      <dst id="3">655.6267</dst>
      <dst id="22">4838.9689</dst>
      <dst id="7">435.6356</dst>
      <dst id="2">180710.9511</dst>
      <dst id="6">0.9333</dst>
      <dst id="16">963.7244</dst>
      <dst id="14">115.0489</dst>
      <dst id="20">6580.5244</dst>
      <dst id="11">2226.7111</dst>
      <dst id="9">1956.1333</dst>
      <dst id="17">97809.9111</dst>
      <dst id="21">1499.4311</dst>
      <dst id="15">555.2711</dst>
    </src>
    <src id="3">
      <dst id="12">11076.7911</dst>
      <dst id="13">430.0889</dst>
      <dst id="19">1504.8800</dst>
      <dst id="23">14.1333</dst>
      <dst id="8">178.7911</dst>
      <dst id="18">108036.6667</dst>
      <dst id="4">72545.5911</dst>
      <dst id="1">15735.8311</dst>
      <dst id="5">315.9022</dst>
      <dst id="3">13729.6711</dst>
      <dst id="22">567.1200</dst>
      <dst id="7">1999.1022</dst>
      <dst id="2">3594.8533</dst>
      <dst id="6">0.6667</dst>
      <dst id="16">736.3022</dst>
      <dst id="14">38857.3244</dst>
      <dst id="20">4511.1111</dst>
      <dst id="11">155979.5733</dst>
      <dst id="9">191.7156</dst>
      <dst id="17">8279.9111</dst>
      <dst id="21">11831.3778</dst>
      <dst id="15">28.1956</dst>
    </src>
    <src id="10">
      <dst id="12">17213.0667</dst>
      <dst id="19">1954.3911</dst>
      <dst id="8">1920.7378</dst>
      <dst id="18">1315.2889</dst>
      <dst id="4">1624.3200</dst>
      <dst id="1">998.4978</dst>
      <dst id="5">1321.7867</dst>
      <dst id="3">2384.4178</dst>
      <dst id="22">4600.4533</dst>
      <dst id="7">17281.7778</dst>
      <dst id="2">33030.0000</dst>
      <dst id="6">2.7467</dst>
      <dst id="16">4690.3111</dst>
      <dst id="14">1200.5156</dst>
      <dst id="20">2888.6311</dst>
      <dst id="11">5753.5733</dst>
      <dst id="9">6239.2622</dst>
      <dst id="17">18937.5644</dst>
      <dst id="21">34847.1200</dst>
      <dst id="15">824.5422</dst>
    </src>
    <src id="22">
      <dst id="12">10382.0533</dst>
      <dst id="13">4584.0978</dst>
      <dst id="19">52.5067</dst>
      <dst id="23">66.9422</dst>
      <dst id="8">1525.2000</dst>
      <dst id="18">1073.2711</dst>
      <dst id="4">23816.0000</dst>
      <dst id="1">281.0133</dst>
      <dst id="5">4336.1244</dst>
      <dst id="3">864.0978</dst>
      <dst id="7">844.4622</dst>
      <dst id="2">1852.3644</dst>
      <dst id="6">27.4578</dst>
      <dst id="16">0.3556</dst>
      <dst id="14">200.8622</dst>
      <dst id="11">2885.7778</dst>
      <dst id="9">6089.6356</dst>
      <dst id="17">3476.2400</dst>
      <dst id="21">640.9244</dst>
    </src>
    <src id="7">
      <dst id="12">8097.9644</dst>
      <dst id="13">258.2400</dst>
      <dst id="19">922.2578</dst>
      <dst id="23">69.2267</dst>
      <dst id="8">1679.6000</dst>
      <dst id="18">2246.3822</dst>
      <dst id="4">53782.7467</dst>
      <dst id="1">16421.7422</dst>
      <dst id="5">1827.6533</dst>
      <dst id="3">2805.4844</dst>
      <dst id="22">3743.1733</dst>
      <dst id="7">689.6800</dst>
      <dst id="2">8468.7022</dst>
      <dst id="6">113.5200</dst>
      <dst id="16">863.2356</dst>
      <dst id="14">195.7956</dst>
      <dst id="20">1650.6667</dst>
      <dst id="11">1280.1511</dst>
      <dst id="9">1574.6667</dst>
      <dst id="17">12246.4178</dst>
      <dst id="21">4701.8400</dst>
      <dst id="15">1706.0000</dst>
    </src>
    <src id="2">
      <dst id="12">120238.2222</dst>
      <dst id="13">11312.4978</dst>
      <dst id="19">5388.3644</dst>
      <dst id="23">0.4267</dst>
      <dst id="8">990.8533</dst>
      <dst id="18">83772.1867</dst>
      <dst id="4">131792.0533</dst>
      <dst id="1">1239.2622</dst>
      <dst id="5">1504.5156</dst>
      <dst id="3">651.1200</dst>
      <dst id="22">5095.8044</dst>
      <dst id="7">2882.6756</dst>
      <dst id="2">708.7733</dst>
      <dst id="6">7948.7022</dst>
      <dst id="16">9028.0444</dst>
      <dst id="14">195.7511</dst>
      <dst id="20">1616.9956</dst>
      <dst id="11">6488.6311</dst>
      <dst id="9">1436.7733</dst>
      <dst id="17">45365.9556</dst>
      <dst id="21">4032.0178</dst>
      <dst id="15">218.0533</dst>
    </src>
    <src id="6">
      <dst id="12">10826.8978</dst>
      <dst id="13">16.8622</dst>
      <dst id="19">2.0000</dst>
      <dst id="23">12.2489</dst>
      <dst id="4">143.6533</dst>
      <dst id="1">27.5911</dst>
      <dst id="5">1.3333</dst>
      <dst id="3">10.8178</dst>
      <dst id="22">0.3556</dst>
      <dst id="7">41.5556</dst>
      <dst id="2">2561.6444</dst>
      <dst id="16">13.5111</dst>
      <dst id="20">0.4178</dst>
      <dst id="11">10.6667</dst>
      <dst id="17">1346.0178</dst>
      <dst id="21">14.2133</dst>
    </src>
    <src id="16">
      <dst id="12">1976.0267</dst>
      <dst id="13">1087.0489</dst>
      <dst id="19">3063.5289</dst>
      <dst id="23">1.0489</dst>
      <dst id="8">6464.8800</dst>
      <dst id="18">43.4044</dst>
      <dst id="4">8163.4044</dst>
      <dst id="1">13041.3156</dst>
      <dst id="5">3635.0578</dst>
      <dst id="3">775.3333</dst>
      <dst id="7">1878.3644</dst>
      <dst id="2">1420.9156</dst>
      <dst id="6">18.1600</dst>
      <dst id="16">54.9778</dst>
      <dst id="14">9.2800</dst>
      <dst id="11">508.3733</dst>
      <dst id="9">8469.8756</dst>
      <dst id="17">2377.0044</dst>
      <dst id="21">122.5778</dst>
    </src>
    <src id="14">
      <dst id="12">19162.1333</dst>
      <dst id="13">54.1778</dst>
      <dst id="19">7.8044</dst>
      <dst id="18">8.3022</dst>
      <dst id="4">2712.6489</dst>
      <dst id="1">106.0089</dst>
      <dst id="5">9.3600</dst>
      <dst id="3">39.1467</dst>
      <dst id="22">70.4533</dst>
      <dst id="7">103.9378</dst>
      <dst id="2">7709.4756</dst>
      <dst id="16">2.0622</dst>
      <dst id="20">0.8178</dst>
      <dst id="11">72.7644</dst>
      <dst id="9">122.5956</dst>
      <dst id="17">5695.8756</dst>
      <dst id="21">137.9556</dst>
    </src>
    <src id="20">
      <dst id="12">18511.3244</dst>
      <dst id="13">9583.2000</dst>
      <dst id="19">149.0222</dst>
      <dst id="8">1912.4089</dst>
      <dst id="18">79.1289</dst>
      <dst id="4">18078.9778</dst>
      <dst id="1">171.2444</dst>
      <dst id="5">4625.5733</dst>
      <dst id="3">150.9867</dst>
      <dst id="7">302.2756</dst>
      <dst id="2">6128.2133</dst>
      <dst id="14">2.4000</dst>
      <dst id="11">907.5556</dst>
      <dst id="9">5809.8667</dst>
      <dst id="17">4617.4667</dst>
      <dst id="21">546.4978</dst>
    </src>
    <src id="11">
      <dst id="12">421339.2444</dst>
      <dst id="13">11489.6711</dst>
      <dst id="19">297.9822</dst>
      <dst id="23">12.0267</dst>
      <dst id="8">222.4178</dst>
      <dst id="18">126.5600</dst>
      <dst id="4">15070.7022</dst>
      <dst id="1">514.4356</dst>
      <dst id="5">1912.0800</dst>
      <dst id="3">1810.2311</dst>
      <dst id="22">5127.0133</dst>
      <dst id="7">305.2356</dst>
      <dst id="2">178692.8178</dst>
      <dst id="6">0.3556</dst>
      <dst id="16">1772.5867</dst>
      <dst id="14">88.0178</dst>
      <dst id="20">2879.5911</dst>
      <dst id="11">1929.1822</dst>
      <dst id="9">3600.3022</dst>
      <dst id="17">95400.1156</dst>
      <dst id="21">722.6578</dst>
      <dst id="15">274.0978</dst>
    </src>
    <src id="9">
      <dst id="12">467743.1111</dst>
      <dst id="13">6068.8267</dst>
      <dst id="19">99.1822</dst>
      <dst id="23">53.1378</dst>
      <dst id="8">786.8622</dst>
      <dst id="18">227.6978</dst>
      <dst id="4">22772.7200</dst>
      <dst id="1">357.9733</dst>
      <dst id="5">3234.8622</dst>
      <dst id="3">343.1111</dst>
      <dst id="22">4301.1111</dst>
      <dst id="7">656.7556</dst>
      <dst id="2">190220.7556</dst>
      <dst id="6">0.8356</dst>
      <dst id="16">842.2489</dst>
      <dst id="14">4.5778</dst>
      <dst id="20">2283.4667</dst>
      <dst id="11">192.9778</dst>
      <dst id="9">293.2978</dst>
      <dst id="17">130746.9511</dst>
      <dst id="21">564.7644</dst>
      <dst id="15">1941.7778</dst>
    </src>
    <src id="17">
      <dst id="12">9367.1378</dst>
      <dst id="13">11109.9822</dst>
      <dst id="19">14175.6622</dst>
      <dst id="23">271.7600</dst>
      <dst id="8">157410.7556</dst>
      <dst id="18">2428.2311</dst>
      <dst id="4">82575.5911</dst>
      <dst id="1">691.0044</dst>
      <dst id="5">251364.4711</dst>
      <dst id="3">37782.6044</dst>
      <dst id="22">8364.9067</dst>
      <dst id="7">18560.0711</dst>
      <dst id="2">15307.7956</dst>
      <dst id="6">97.4133</dst>
      <dst id="16">7645.3600</dst>
      <dst id="14">31517.1644</dst>
      <dst id="20">4191.9644</dst>
      <dst id="11">118307.6889</dst>
      <dst id="9">204047.6711</dst>
      <dst id="17">1376.1156</dst>
      <dst id="21">8197.1022</dst>
      <dst id="15">726.3911</dst>
    </src>
    <src id="21">
      <dst id="12">23392.8800</dst>
      <dst id="13">1459.7422</dst>
      <dst id="19">233.9200</dst>
      <dst id="23">280.7467</dst>
      <dst id="8">94.0978</dst>
      <dst id="18">8256.7467</dst>
      <dst id="4">19435.4756</dst>
      <dst id="1">3470.5689</dst>
      <dst id="5">1017.0844</dst>
      <dst id="3">932.6311</dst>
      <dst id="22">1877.2267</dst>
      <dst id="7">2848.7111</dst>
      <dst id="2">15896.8178</dst>
      <dst id="6">0.9511</dst>
      <dst id="16">575.8667</dst>
      <dst id="14">160.3556</dst>
      <dst id="20">581.4933</dst>
      <dst id="11">687.3511</dst>
      <dst id="9">440.2844</dst>
      <dst id="17">9206.9511</dst>
      <dst id="21">2930.8089</dst>
      <dst id="15">196.7289</dst>
    </src>
    <src id="15">
      <dst id="12">1044.0178</dst>
      <dst id="13">262.1067</dst>
      <dst id="8">71.0311</dst>
      <dst id="18">32.8089</dst>
      <dst id="4">2503.8400</dst>
      <dst id="1">318.1156</dst>
      <dst id="5">453.0578</dst>
      <dst id="3">610.9067</dst>
      <dst id="7">55.4311</dst>
      <dst id="2">359.6089</dst>
      <dst id="11">301.5111</dst>
      <dst id="9">747.2178</dst>
      <dst id="17">3781.3244</dst>
      <dst id="21">92.0267</dst>
    </src>
  </IntraTM>
</TrafficMatrixFile>
