<?xml version="1.0" encoding="UTF-8" standalone="yes"?>
<TrafficMatrixFile xmlns:xsi="http://www.w3.org/2001/XMLSchema-instance" xsi:noNamespaceSchemaLocation="http://totem.run.montefiore.ulg.ac.be/Schema/TrafficMatrix-v1_2.xsd">
  <info>
    <title>Intradomain traffic matrix generated by geant-TM-all.pl</title>
    <date>2005-01-05T23:30:00</date>
    <duration>900</duration>
    <author>Steve Uhlig</author>
    <units>
        <unit type="bandwidth" value="kbps"/>
    </units>
  </info>
  <IntraTM ASID="20965">
    <src id="12">
      <dst id="12">327565.2978</dst>
      <dst id="13">47247.7867</dst>
      <dst id="19">8553.6889</dst>
      <dst id="23">2041.4311</dst>
      <dst id="8">9492.4978</dst>
      <dst id="18">7905.6000</dst>
      <dst id="4">91803.6622</dst>
      <dst id="1">24340.4178</dst>
      <dst id="5">7143.6711</dst>
      <dst id="3">11897.9733</dst>
      <dst id="22">16632.6133</dst>
      <dst id="7">27117.9111</dst>
      <dst id="2">122036.1067</dst>
      <dst id="6">32.8800</dst>
      <dst id="16">13513.8133</dst>
      <dst id="14">391.1200</dst>
      <dst id="20">20759.4667</dst>
      <dst id="11">14600.3911</dst>
      <dst id="9">8340.6933</dst>
      <dst id="17">142230.2044</dst>
      <dst id="21">21193.1111</dst>
      <dst id="15">7534.8000</dst>
    </src>
    <src id="13">
      <dst id="12">82776.0711</dst>
      <dst id="19">33248.4889</dst>
      <dst id="23">1350.8978</dst>
      <dst id="8">11018.4978</dst>
      <dst id="18">8878.1244</dst>
      <dst id="1">15898.7822</dst>
      <dst id="5">50732.4800</dst>
      <dst id="3">34946.8444</dst>
      <dst id="22">31927.5111</dst>
      <dst id="7">52980.3378</dst>
      <dst id="2">152784.2222</dst>
      <dst id="6">184.4622</dst>
      <dst id="16">23025.3156</dst>
      <dst id="14">6250.0978</dst>
      <dst id="20">15422.1067</dst>
      <dst id="11">28016.2133</dst>
      <dst id="9">25203.9911</dst>
      <dst id="17">125559.9822</dst>
      <dst id="21">47290.9867</dst>
      <dst id="15">20007.4489</dst>
    </src>
    <src id="19">
      <dst id="12">16586.6756</dst>
      <dst id="13">4557.6711</dst>
      <dst id="23">264.7467</dst>
      <dst id="8">92.7644</dst>
      <dst id="18">172.6933</dst>
      <dst id="4">21838.6756</dst>
      <dst id="1">11388.9333</dst>
      <dst id="5">189.9822</dst>
      <dst id="3">952.3378</dst>
      <dst id="22">1466.7467</dst>
      <dst id="7">14161.6533</dst>
      <dst id="2">2627.0044</dst>
      <dst id="6">709.0844</dst>
      <dst id="16">5725.4400</dst>
      <dst id="14">4923.9289</dst>
      <dst id="20">29.2978</dst>
      <dst id="11">702.1067</dst>
      <dst id="9">705.3956</dst>
      <dst id="17">17322.1156</dst>
      <dst id="21">2406.0356</dst>
      <dst id="15">7128.0356</dst>
    </src>
    <src id="23">
      <dst id="12">1211.2978</dst>
      <dst id="13">512.8000</dst>
      <dst id="19">256.5156</dst>
      <dst id="8">181.6178</dst>
      <dst id="18">694.4711</dst>
      <dst id="4">13.7956</dst>
      <dst id="1">69.6356</dst>
      <dst id="5">653.6533</dst>
      <dst id="3">1082.1244</dst>
      <dst id="22">1161.8133</dst>
      <dst id="7">354.9511</dst>
      <dst id="2">49.2444</dst>
      <dst id="6">0.3556</dst>
      <dst id="16">1394.7822</dst>
      <dst id="14">0.4622</dst>
      <dst id="20">69.5644</dst>
      <dst id="11">485.4400</dst>
      <dst id="9">1308.8889</dst>
      <dst id="17">2927.2356</dst>
      <dst id="21">809.9111</dst>
      <dst id="15">493.3333</dst>
    </src>
    <src id="8">
      <dst id="12">375391.8133</dst>
      <dst id="13">4020.2844</dst>
      <dst id="19">98.4089</dst>
      <dst id="23">15.7867</dst>
      <dst id="18">943.6533</dst>
      <dst id="4">5333.2000</dst>
      <dst id="1">1315.5644</dst>
      <dst id="5">24077.6889</dst>
      <dst id="3">1369.2356</dst>
      <dst id="22">2647.1200</dst>
      <dst id="7">1180.2933</dst>
      <dst id="2">160486.2489</dst>
      <dst id="6">0.4178</dst>
      <dst id="16">2044.6756</dst>
      <dst id="20">1282.8444</dst>
      <dst id="11">712.6667</dst>
      <dst id="9">1318.5511</dst>
      <dst id="17">155265.6000</dst>
      <dst id="21">1777.3422</dst>
      <dst id="15">294.2844</dst>
    </src>
    <src id="18">
      <dst id="12">133629.9556</dst>
      <dst id="13">919.7422</dst>
      <dst id="19">113.2978</dst>
      <dst id="23">72.0889</dst>
      <dst id="8">493.1467</dst>
      <dst id="4">2329.8222</dst>
      <dst id="1">1637.0311</dst>
      <dst id="5">684.5067</dst>
      <dst id="3">280.4089</dst>
      <dst id="22">554.5511</dst>
      <dst id="7">414.3200</dst>
      <dst id="2">59220.5867</dst>
      <dst id="16">338.5333</dst>
      <dst id="14">6.0978</dst>
      <dst id="20">107.3422</dst>
      <dst id="11">394.4800</dst>
      <dst id="9">764.6044</dst>
      <dst id="17">49496.7467</dst>
      <dst id="21">4433.4756</dst>
      <dst id="15">99.7244</dst>
    </src>
    <src id="4">
      <dst id="12">28320.3556</dst>
      <dst id="19">44539.2089</dst>
      <dst id="23">168.6133</dst>
      <dst id="8">3643.5289</dst>
      <dst id="18">1962.6578</dst>
      <dst id="4">1.0222</dst>
      <dst id="1">49024.2400</dst>
      <dst id="5">2591.9644</dst>
      <dst id="3">1647.0133</dst>
      <dst id="22">13028.2844</dst>
      <dst id="7">83373.8667</dst>
      <dst id="2">92896.9333</dst>
      <dst id="6">69.5644</dst>
      <dst id="16">5211.2889</dst>
      <dst id="14">3459.5467</dst>
      <dst id="20">7063.9289</dst>
      <dst id="11">5122.5244</dst>
      <dst id="9">5666.5778</dst>
      <dst id="17">42674.8533</dst>
      <dst id="21">11430.4267</dst>
      <dst id="15">552.3111</dst>
    </src>
    <src id="1">
      <dst id="12">22014.2667</dst>
      <dst id="13">9794.2311</dst>
      <dst id="19">2712.7911</dst>
      <dst id="23">99.9467</dst>
      <dst id="8">219374.9867</dst>
      <dst id="18">20610.7378</dst>
      <dst id="4">23855.4667</dst>
      <dst id="1">38749.0400</dst>
      <dst id="5">307484.5422</dst>
      <dst id="3">933.9556</dst>
      <dst id="22">19313.5022</dst>
      <dst id="7">54799.5289</dst>
      <dst id="2">28857.3778</dst>
      <dst id="6">29526.2044</dst>
      <dst id="16">12047.6533</dst>
      <dst id="14">4455.7600</dst>
      <dst id="20">8146.4533</dst>
      <dst id="11">2736.0533</dst>
      <dst id="9">402728.1689</dst>
      <dst id="17">46421.1911</dst>
      <dst id="21">43641.3244</dst>
      <dst id="15">212.3022</dst>
    </src>
    <src id="5">
      <dst id="12">319600.1067</dst>
      <dst id="13">1817.6356</dst>
      <dst id="19">348.6489</dst>
      <dst id="23">19.6444</dst>
      <dst id="8">19565.1822</dst>
      <dst id="18">500.6489</dst>
      <dst id="4">12591.0844</dst>
      <dst id="1">1652.6044</dst>
      <dst id="3">122.1689</dst>
      <dst id="22">5355.9111</dst>
      <dst id="7">1847.0756</dst>
      <dst id="2">173259.5200</dst>
      <dst id="6">28.1778</dst>
      <dst id="16">1336.2756</dst>
      <dst id="14">17.5467</dst>
      <dst id="20">5236.4533</dst>
      <dst id="11">2101.2356</dst>
      <dst id="9">3058.8000</dst>
      <dst id="17">122835.5911</dst>
      <dst id="21">2428.3467</dst>
      <dst id="15">595.6533</dst>
    </src>
    <src id="3">
      <dst id="12">15926.5156</dst>
      <dst id="13">8659.3956</dst>
      <dst id="19">1683.4933</dst>
      <dst id="23">4836.2756</dst>
      <dst id="8">3532.9956</dst>
      <dst id="18">252296.9689</dst>
      <dst id="4">52177.4133</dst>
      <dst id="1">57103.7333</dst>
      <dst id="5">1408.3022</dst>
      <dst id="3">17584.1956</dst>
      <dst id="22">3904.3111</dst>
      <dst id="7">63870.7644</dst>
      <dst id="2">23546.4089</dst>
      <dst id="6">31.3244</dst>
      <dst id="16">1537.6978</dst>
      <dst id="14">61971.4578</dst>
      <dst id="20">2677.5467</dst>
      <dst id="11">336441.3600</dst>
      <dst id="9">764.9600</dst>
      <dst id="17">22716.2133</dst>
      <dst id="21">29265.3689</dst>
      <dst id="15">2976.8711</dst>
    </src>
    <src id="10">
      <dst id="12">30916.3644</dst>
      <dst id="19">10362.6756</dst>
      <dst id="8">2752.4533</dst>
      <dst id="18">4071.6978</dst>
      <dst id="1">7394.4444</dst>
      <dst id="5">2494.2667</dst>
      <dst id="3">13505.7156</dst>
      <dst id="22">5118.1689</dst>
      <dst id="7">19063.0489</dst>
      <dst id="2">63452.5156</dst>
      <dst id="6">51.9111</dst>
      <dst id="16">7475.1911</dst>
      <dst id="14">2531.6444</dst>
      <dst id="20">1278.8622</dst>
      <dst id="11">5089.7689</dst>
      <dst id="9">3821.1733</dst>
      <dst id="17">41335.0311</dst>
      <dst id="21">13869.5644</dst>
      <dst id="15">396.3467</dst>
    </src>
    <src id="22">
      <dst id="12">17827.0844</dst>
      <dst id="13">4426.8978</dst>
      <dst id="19">2682.8533</dst>
      <dst id="23">204.3556</dst>
      <dst id="8">719.6356</dst>
      <dst id="18">723.1733</dst>
      <dst id="4">21642.6311</dst>
      <dst id="1">3245.0133</dst>
      <dst id="5">4942.1956</dst>
      <dst id="3">1409.9200</dst>
      <dst id="7">3880.0622</dst>
      <dst id="2">5415.8400</dst>
      <dst id="6">4.6222</dst>
      <dst id="16">0.8178</dst>
      <dst id="14">64.1778</dst>
      <dst id="11">5761.8667</dst>
      <dst id="9">3251.4222</dst>
      <dst id="17">10760.3200</dst>
      <dst id="21">3558.0889</dst>
    </src>
    <src id="7">
      <dst id="12">6854.4356</dst>
      <dst id="13">2343.0311</dst>
      <dst id="19">8339.3156</dst>
      <dst id="23">307.4400</dst>
      <dst id="8">1290.6578</dst>
      <dst id="18">971.5022</dst>
      <dst id="4">33184.2844</dst>
      <dst id="1">27954.9422</dst>
      <dst id="5">1171.7956</dst>
      <dst id="3">4381.3067</dst>
      <dst id="22">4980.5333</dst>
      <dst id="7">672.2133</dst>
      <dst id="2">18371.6889</dst>
      <dst id="6">322.7111</dst>
      <dst id="16">2339.0578</dst>
      <dst id="14">705.8133</dst>
      <dst id="20">2930.3467</dst>
      <dst id="11">2591.3689</dst>
      <dst id="9">2702.9156</dst>
      <dst id="17">19515.7956</dst>
      <dst id="21">14497.5289</dst>
      <dst id="15">1261.7689</dst>
    </src>
    <src id="2">
      <dst id="12">154115.3689</dst>
      <dst id="13">516845.7600</dst>
      <dst id="19">5043.2800</dst>
      <dst id="23">45.6444</dst>
      <dst id="8">1018.0178</dst>
      <dst id="18">179991.3956</dst>
      <dst id="4">92286.6667</dst>
      <dst id="1">31045.3600</dst>
      <dst id="5">3024.0978</dst>
      <dst id="3">1456.6044</dst>
      <dst id="22">2593.9556</dst>
      <dst id="7">56530.8978</dst>
      <dst id="2">945.8844</dst>
      <dst id="6">16038.2044</dst>
      <dst id="16">7308.3822</dst>
      <dst id="14">5260.0000</dst>
      <dst id="20">3557.2267</dst>
      <dst id="11">11031.4844</dst>
      <dst id="9">3958.4800</dst>
      <dst id="17">49656.1067</dst>
      <dst id="21">26560.7200</dst>
      <dst id="15">986.3911</dst>
    </src>
    <src id="6">
      <dst id="12">12188.6311</dst>
      <dst id="13">62.4533</dst>
      <dst id="19">42.5689</dst>
      <dst id="23">43.2000</dst>
      <dst id="8">0.8978</dst>
      <dst id="18">69.6178</dst>
      <dst id="4">1349.6978</dst>
      <dst id="1">177.0933</dst>
      <dst id="3">22.0089</dst>
      <dst id="22">11.8222</dst>
      <dst id="7">405.0844</dst>
      <dst id="2">2845.2711</dst>
      <dst id="16">25.2711</dst>
      <dst id="14">2.0711</dst>
      <dst id="20">12.9956</dst>
      <dst id="11">57.3422</dst>
      <dst id="9">44.4000</dst>
      <dst id="17">2236.5067</dst>
      <dst id="21">87.4756</dst>
      <dst id="15">13.9556</dst>
    </src>
    <src id="16">
      <dst id="12">3658.4978</dst>
      <dst id="13">1024.8711</dst>
      <dst id="19">4669.7600</dst>
      <dst id="23">148.0000</dst>
      <dst id="8">11069.3778</dst>
      <dst id="18">216.6933</dst>
      <dst id="4">7335.9644</dst>
      <dst id="1">23292.2756</dst>
      <dst id="5">7158.5333</dst>
      <dst id="3">526.9244</dst>
      <dst id="7">6627.2267</dst>
      <dst id="2">2556.6933</dst>
      <dst id="6">50.1244</dst>
      <dst id="16">59.4044</dst>
      <dst id="14">364.3378</dst>
      <dst id="11">788.6667</dst>
      <dst id="9">15357.6622</dst>
      <dst id="17">9910.3111</dst>
      <dst id="21">1581.7867</dst>
    </src>
    <src id="14">
      <dst id="12">25111.7956</dst>
      <dst id="13">246.1600</dst>
      <dst id="19">287.4844</dst>
      <dst id="23">51.2711</dst>
      <dst id="8">0.8622</dst>
      <dst id="18">0.7822</dst>
      <dst id="4">3239.8756</dst>
      <dst id="1">604.5244</dst>
      <dst id="5">13.8667</dst>
      <dst id="3">397.3244</dst>
      <dst id="22">18.0089</dst>
      <dst id="7">231.7600</dst>
      <dst id="2">7766.9511</dst>
      <dst id="16">48.1867</dst>
      <dst id="20">22.0800</dst>
      <dst id="11">243.9467</dst>
      <dst id="9">16.8533</dst>
      <dst id="17">11908.5778</dst>
      <dst id="21">214.4444</dst>
    </src>
    <src id="20">
      <dst id="12">10825.1644</dst>
      <dst id="13">3900.4622</dst>
      <dst id="19">164.1778</dst>
      <dst id="23">24.5956</dst>
      <dst id="8">527.6622</dst>
      <dst id="18">26.8356</dst>
      <dst id="4">12214.5244</dst>
      <dst id="1">315.4933</dst>
      <dst id="5">2993.3867</dst>
      <dst id="3">7593.8222</dst>
      <dst id="7">1236.4711</dst>
      <dst id="2">5840.4089</dst>
      <dst id="6">708.4800</dst>
      <dst id="14">6.2311</dst>
      <dst id="11">439.7333</dst>
      <dst id="9">7760.3733</dst>
      <dst id="17">6277.0044</dst>
      <dst id="21">970.6667</dst>
    </src>
    <src id="11">
      <dst id="12">497727.6178</dst>
      <dst id="13">4027.4844</dst>
      <dst id="19">371.0756</dst>
      <dst id="23">269.2800</dst>
      <dst id="8">1764.2400</dst>
      <dst id="18">427.7778</dst>
      <dst id="4">12954.2667</dst>
      <dst id="1">1368.3556</dst>
      <dst id="5">896.5956</dst>
      <dst id="3">4659.6178</dst>
      <dst id="22">6408.1689</dst>
      <dst id="7">4496.2044</dst>
      <dst id="2">200607.6356</dst>
      <dst id="6">700.0267</dst>
      <dst id="16">703.1644</dst>
      <dst id="14">5584.9689</dst>
      <dst id="20">8371.6533</dst>
      <dst id="11">3470.9600</dst>
      <dst id="9">4390.8978</dst>
      <dst id="17">201357.4044</dst>
      <dst id="21">1008.2844</dst>
      <dst id="15">561.1644</dst>
    </src>
    <src id="9">
      <dst id="12">514021.8400</dst>
      <dst id="13">9271.5822</dst>
      <dst id="19">286.3111</dst>
      <dst id="23">81.1289</dst>
      <dst id="8">4860.7911</dst>
      <dst id="18">693.6622</dst>
      <dst id="4">13170.2933</dst>
      <dst id="1">11979.4667</dst>
      <dst id="5">2517.6444</dst>
      <dst id="3">637.8844</dst>
      <dst id="22">2374.4356</dst>
      <dst id="7">1722.8444</dst>
      <dst id="2">207201.1911</dst>
      <dst id="6">101.8400</dst>
      <dst id="16">2298.8089</dst>
      <dst id="14">87.4311</dst>
      <dst id="20">4175.2000</dst>
      <dst id="11">2350.2667</dst>
      <dst id="9">1265.4844</dst>
      <dst id="17">206864.1422</dst>
      <dst id="21">1862.0267</dst>
      <dst id="15">1405.8667</dst>
    </src>
    <src id="17">
      <dst id="12">15871.6267</dst>
      <dst id="13">16036.3200</dst>
      <dst id="19">7142.8711</dst>
      <dst id="23">806.6756</dst>
      <dst id="8">234688.5778</dst>
      <dst id="18">3279.4222</dst>
      <dst id="4">137939.3956</dst>
      <dst id="1">10833.5822</dst>
      <dst id="5">281008.8889</dst>
      <dst id="3">19995.7422</dst>
      <dst id="22">16109.4756</dst>
      <dst id="7">15720.4444</dst>
      <dst id="2">25912.9422</dst>
      <dst id="6">188.2933</dst>
      <dst id="16">16562.8800</dst>
      <dst id="14">44841.2889</dst>
      <dst id="20">5052.2044</dst>
      <dst id="11">263942.0356</dst>
      <dst id="9">356885.7156</dst>
      <dst id="17">21258.8089</dst>
      <dst id="21">23656.2133</dst>
      <dst id="15">453.9911</dst>
    </src>
    <src id="21">
      <dst id="12">22269.7244</dst>
      <dst id="13">2340.5956</dst>
      <dst id="19">1333.0044</dst>
      <dst id="23">130.4978</dst>
      <dst id="8">829.9556</dst>
      <dst id="18">2558.4444</dst>
      <dst id="4">31908.5600</dst>
      <dst id="1">119001.3156</dst>
      <dst id="5">718.8800</dst>
      <dst id="3">14864.1511</dst>
      <dst id="22">2754.8889</dst>
      <dst id="7">6293.0044</dst>
      <dst id="2">23394.7822</dst>
      <dst id="6">35.7156</dst>
      <dst id="16">417.5378</dst>
      <dst id="14">126.9956</dst>
      <dst id="20">1492.1867</dst>
      <dst id="11">4329.9378</dst>
      <dst id="9">822.7289</dst>
      <dst id="17">9258.2044</dst>
      <dst id="21">3236.8800</dst>
      <dst id="15">1610.0356</dst>
    </src>
    <src id="15">
      <dst id="12">4402.0622</dst>
      <dst id="13">711.0844</dst>
      <dst id="19">120.3111</dst>
      <dst id="23">10.5956</dst>
      <dst id="8">1816.0178</dst>
      <dst id="18">13.3333</dst>
      <dst id="4">2595.2711</dst>
      <dst id="1">1433.1378</dst>
      <dst id="5">2812.1333</dst>
      <dst id="3">15.0489</dst>
      <dst id="7">986.6667</dst>
      <dst id="2">873.0400</dst>
      <dst id="6">77.8667</dst>
      <dst id="14">14.1867</dst>
      <dst id="11">1504.1511</dst>
      <dst id="9">2607.8756</dst>
      <dst id="17">1162.1067</dst>
      <dst id="21">395.6978</dst>
    </src>
  </IntraTM>
</TrafficMatrixFile>
