<?xml version="1.0" encoding="UTF-8" standalone="yes"?>
<TrafficMatrixFile xmlns:xsi="http://www.w3.org/2001/XMLSchema-instance" xsi:noNamespaceSchemaLocation="http://totem.run.montefiore.ulg.ac.be/Schema/TrafficMatrix-v1_2.xsd">
  <info>
    <title>Intradomain traffic matrix generated by geant-TM-all.pl</title>
    <date>2005-01-05T00:45:00</date>
    <duration>900</duration>
    <author>Steve Uhlig</author>
    <units>
        <unit type="bandwidth" value="kbps"/>
    </units>
  </info>
  <IntraTM ASID="20965">
    <src id="12">
      <dst id="12">268568.7556</dst>
      <dst id="13">29071.4844</dst>
      <dst id="19">1632.9511</dst>
      <dst id="23">333.0933</dst>
      <dst id="8">2478.8444</dst>
      <dst id="18">1420.7733</dst>
      <dst id="4">68019.4311</dst>
      <dst id="1">18850.6756</dst>
      <dst id="5">4523.8489</dst>
      <dst id="3">3284.5156</dst>
      <dst id="22">11663.9200</dst>
      <dst id="7">6212.7200</dst>
      <dst id="2">82916.3022</dst>
      <dst id="6">27.7244</dst>
      <dst id="16">9404.3289</dst>
      <dst id="14">455.9378</dst>
      <dst id="20">14086.3644</dst>
      <dst id="11">6810.7644</dst>
      <dst id="9">12215.6533</dst>
      <dst id="17">85848.2400</dst>
      <dst id="21">1457.2978</dst>
      <dst id="15">893.0578</dst>
    </src>
    <src id="13">
      <dst id="12">44535.8311</dst>
      <dst id="19">8304.7733</dst>
      <dst id="23">55.8311</dst>
      <dst id="8">3854.5422</dst>
      <dst id="18">5642.9600</dst>
      <dst id="1">4359.3778</dst>
      <dst id="5">6832.6933</dst>
      <dst id="3">4291.5733</dst>
      <dst id="22">20786.2844</dst>
      <dst id="7">11576.8444</dst>
      <dst id="2">95345.7778</dst>
      <dst id="6">409.8844</dst>
      <dst id="16">8474.3289</dst>
      <dst id="14">2084.2844</dst>
      <dst id="20">8198.1244</dst>
      <dst id="11">11731.7244</dst>
      <dst id="9">10352.4089</dst>
      <dst id="17">59500.8533</dst>
      <dst id="21">8469.0222</dst>
      <dst id="15">3221.8933</dst>
    </src>
    <src id="19">
      <dst id="12">18899.8578</dst>
      <dst id="13">440.3289</dst>
      <dst id="23">0.9600</dst>
      <dst id="8">8.2844</dst>
      <dst id="18">1183.3867</dst>
      <dst id="4">13215.9200</dst>
      <dst id="1">1629.9911</dst>
      <dst id="5">19.6711</dst>
      <dst id="3">17.9644</dst>
      <dst id="22">138.6844</dst>
      <dst id="7">14509.3956</dst>
      <dst id="2">489.2000</dst>
      <dst id="6">24.4978</dst>
      <dst id="16">4382.5511</dst>
      <dst id="14">28.0711</dst>
      <dst id="20">91.3244</dst>
      <dst id="11">16.0800</dst>
      <dst id="9">47.6089</dst>
      <dst id="17">2462.2222</dst>
      <dst id="21">362.8800</dst>
      <dst id="15">42.3378</dst>
    </src>
    <src id="23">
      <dst id="12">373.6000</dst>
      <dst id="13">159.5378</dst>
      <dst id="19">27.0222</dst>
      <dst id="4">50.6400</dst>
      <dst id="1">60.9511</dst>
      <dst id="5">239.1378</dst>
      <dst id="3">221.6800</dst>
      <dst id="22">264.4622</dst>
      <dst id="7">59.7333</dst>
      <dst id="2">69.1822</dst>
      <dst id="6">30.0800</dst>
      <dst id="16">269.1022</dst>
      <dst id="14">6.6044</dst>
      <dst id="20">27.1289</dst>
      <dst id="11">746.9333</dst>
      <dst id="9">1132.1156</dst>
      <dst id="17">367.8400</dst>
      <dst id="21">268.9689</dst>
      <dst id="15">13.3333</dst>
    </src>
    <src id="8">
      <dst id="12">336018.2844</dst>
      <dst id="13">240.4889</dst>
      <dst id="19">36.7644</dst>
      <dst id="18">31.6356</dst>
      <dst id="4">8326.5600</dst>
      <dst id="1">366.1333</dst>
      <dst id="5">3888.5067</dst>
      <dst id="3">37.8667</dst>
      <dst id="22">525.8311</dst>
      <dst id="7">72.3556</dst>
      <dst id="2">130434.4711</dst>
      <dst id="6">1.3067</dst>
      <dst id="16">996.3556</dst>
      <dst id="20">57.2978</dst>
      <dst id="11">84.4533</dst>
      <dst id="9">671.6978</dst>
      <dst id="17">147869.4667</dst>
      <dst id="21">164.1511</dst>
      <dst id="15">105.3511</dst>
    </src>
    <src id="18">
      <dst id="12">98599.9911</dst>
      <dst id="13">320.4978</dst>
      <dst id="19">32.4178</dst>
      <dst id="8">79.6800</dst>
      <dst id="4">1350.2578</dst>
      <dst id="1">1211.5111</dst>
      <dst id="5">385.1467</dst>
      <dst id="3">29.0133</dst>
      <dst id="22">258.4533</dst>
      <dst id="7">18.6133</dst>
      <dst id="2">29487.7689</dst>
      <dst id="16">27.8133</dst>
      <dst id="14">13.9022</dst>
      <dst id="20">16.8444</dst>
      <dst id="11">156.9778</dst>
      <dst id="9">105.5200</dst>
      <dst id="17">39108.2667</dst>
      <dst id="21">67.2444</dst>
      <dst id="15">0.4978</dst>
    </src>
    <src id="4">
      <dst id="12">20026.9778</dst>
      <dst id="19">17634.4444</dst>
      <dst id="8">1627.7689</dst>
      <dst id="18">536.8622</dst>
      <dst id="4">1.5378</dst>
      <dst id="1">38087.6622</dst>
      <dst id="5">2060.8711</dst>
      <dst id="3">44.1600</dst>
      <dst id="22">5227.7778</dst>
      <dst id="7">57787.8133</dst>
      <dst id="2">72778.3200</dst>
      <dst id="6">0.8089</dst>
      <dst id="16">1801.3067</dst>
      <dst id="14">1907.8311</dst>
      <dst id="20">1233.8133</dst>
      <dst id="11">2988.1867</dst>
      <dst id="9">3146.5511</dst>
      <dst id="17">30502.1511</dst>
      <dst id="21">2710.6400</dst>
      <dst id="15">123.3956</dst>
    </src>
    <src id="1">
      <dst id="12">25066.4089</dst>
      <dst id="13">293.5822</dst>
      <dst id="19">17.6267</dst>
      <dst id="23">50.2311</dst>
      <dst id="8">120097.6533</dst>
      <dst id="18">13077.8133</dst>
      <dst id="4">19591.8400</dst>
      <dst id="1">2403.0311</dst>
      <dst id="5">237824.3467</dst>
      <dst id="3">86.5244</dst>
      <dst id="22">2885.2800</dst>
      <dst id="7">1963.7067</dst>
      <dst id="2">11086.7467</dst>
      <dst id="6">10983.5911</dst>
      <dst id="16">7375.3867</dst>
      <dst id="14">355.9644</dst>
      <dst id="20">18.0889</dst>
      <dst id="11">493.8222</dst>
      <dst id="9">236769.8133</dst>
      <dst id="17">6832.7378</dst>
      <dst id="21">2736.5333</dst>
      <dst id="15">114.9689</dst>
    </src>
    <src id="5">
      <dst id="12">319107.5022</dst>
      <dst id="13">1759.2533</dst>
      <dst id="19">41.3778</dst>
      <dst id="23">13.7867</dst>
      <dst id="8">7089.9022</dst>
      <dst id="18">404.8089</dst>
      <dst id="4">4410.4889</dst>
      <dst id="1">442.7022</dst>
      <dst id="3">0.7111</dst>
      <dst id="22">3386.4000</dst>
      <dst id="7">159.9911</dst>
      <dst id="2">145091.9822</dst>
      <dst id="6">19.3600</dst>
      <dst id="16">1415.1467</dst>
      <dst id="14">46.4089</dst>
      <dst id="20">5321.9200</dst>
      <dst id="11">9979.2533</dst>
      <dst id="9">506.2667</dst>
      <dst id="17">123391.0756</dst>
      <dst id="21">115.2356</dst>
      <dst id="15">1819.6178</dst>
    </src>
    <src id="3">
      <dst id="12">105190.6133</dst>
      <dst id="13">329.4844</dst>
      <dst id="19">795.2711</dst>
      <dst id="23">8442.8178</dst>
      <dst id="8">84.2400</dst>
      <dst id="18">63402.9333</dst>
      <dst id="4">23818.2044</dst>
      <dst id="1">4432.7733</dst>
      <dst id="5">161.5467</dst>
      <dst id="3">16192.3200</dst>
      <dst id="22">1799.9467</dst>
      <dst id="7">601.4667</dst>
      <dst id="2">5085.4489</dst>
      <dst id="6">0.5156</dst>
      <dst id="16">1295.8222</dst>
      <dst id="14">49923.6267</dst>
      <dst id="20">64.4267</dst>
      <dst id="11">128437.5644</dst>
      <dst id="9">734.4978</dst>
      <dst id="17">7111.9111</dst>
      <dst id="21">14461.5200</dst>
      <dst id="15">39.9111</dst>
    </src>
    <src id="10">
      <dst id="12">9913.8133</dst>
      <dst id="19">5412.6133</dst>
      <dst id="8">667.3067</dst>
      <dst id="18">1189.2089</dst>
      <dst id="1">2408.2222</dst>
      <dst id="5">855.7689</dst>
      <dst id="3">2137.0133</dst>
      <dst id="22">7563.0311</dst>
      <dst id="7">8035.2178</dst>
      <dst id="2">25528.8000</dst>
      <dst id="6">1.6267</dst>
      <dst id="16">2327.4222</dst>
      <dst id="14">5074.7556</dst>
      <dst id="20">1547.1644</dst>
      <dst id="11">5384.3111</dst>
      <dst id="9">5497.4933</dst>
      <dst id="17">18279.3422</dst>
      <dst id="21">6245.1733</dst>
      <dst id="15">404.8178</dst>
    </src>
    <src id="22">
      <dst id="12">7039.9733</dst>
      <dst id="13">3837.3778</dst>
      <dst id="19">245.6800</dst>
      <dst id="23">411.5467</dst>
      <dst id="8">693.0489</dst>
      <dst id="18">689.0222</dst>
      <dst id="4">13635.5644</dst>
      <dst id="1">323.6622</dst>
      <dst id="5">3273.2889</dst>
      <dst id="3">830.0089</dst>
      <dst id="7">716.4444</dst>
      <dst id="2">5675.3422</dst>
      <dst id="6">2.3378</dst>
      <dst id="16">1.1556</dst>
      <dst id="14">216.5867</dst>
      <dst id="11">1676.1067</dst>
      <dst id="9">2377.0311</dst>
      <dst id="17">3373.6267</dst>
      <dst id="21">285.6978</dst>
    </src>
    <src id="7">
      <dst id="12">3426.7911</dst>
      <dst id="13">545.0400</dst>
      <dst id="19">4344.4444</dst>
      <dst id="23">127.7956</dst>
      <dst id="8">81.7244</dst>
      <dst id="18">42.0622</dst>
      <dst id="4">8813.9289</dst>
      <dst id="1">1215.8044</dst>
      <dst id="5">1131.7956</dst>
      <dst id="3">93.9200</dst>
      <dst id="22">3028.4356</dst>
      <dst id="7">705.4933</dst>
      <dst id="2">6153.7244</dst>
      <dst id="6">15.1111</dst>
      <dst id="16">1282.4000</dst>
      <dst id="14">192.5067</dst>
      <dst id="20">445.5289</dst>
      <dst id="11">963.1644</dst>
      <dst id="9">832.5333</dst>
      <dst id="17">17435.0933</dst>
      <dst id="21">2045.1289</dst>
      <dst id="15">364.2311</dst>
    </src>
    <src id="2">
      <dst id="12">93760.3200</dst>
      <dst id="13">520401.2978</dst>
      <dst id="19">147.8756</dst>
      <dst id="23">26.6667</dst>
      <dst id="8">265.3067</dst>
      <dst id="18">50149.1111</dst>
      <dst id="4">84611.7244</dst>
      <dst id="1">7675.2356</dst>
      <dst id="5">1037.5644</dst>
      <dst id="3">78.4978</dst>
      <dst id="22">4003.0133</dst>
      <dst id="7">5850.2044</dst>
      <dst id="2">898.2222</dst>
      <dst id="6">8749.0311</dst>
      <dst id="16">2414.7200</dst>
      <dst id="14">5928.8978</dst>
      <dst id="20">1821.7956</dst>
      <dst id="11">4466.6222</dst>
      <dst id="9">794.2133</dst>
      <dst id="17">30474.8800</dst>
      <dst id="21">2101.1822</dst>
      <dst id="15">1288.4889</dst>
    </src>
    <src id="6">
      <dst id="12">11316.4356</dst>
      <dst id="13">4.9422</dst>
      <dst id="19">1.5556</dst>
      <dst id="8">26.9778</dst>
      <dst id="4">1022.1244</dst>
      <dst id="1">37.7867</dst>
      <dst id="5">13.5111</dst>
      <dst id="22">18.6222</dst>
      <dst id="7">38.1333</dst>
      <dst id="2">2419.3422</dst>
      <dst id="20">1.7600</dst>
      <dst id="11">0.3556</dst>
      <dst id="9">50.6756</dst>
      <dst id="17">1617.6444</dst>
      <dst id="21">4.2578</dst>
    </src>
    <src id="16">
      <dst id="12">2398.2222</dst>
      <dst id="13">516.1867</dst>
      <dst id="19">4168.1689</dst>
      <dst id="23">119.1733</dst>
      <dst id="8">5644.8978</dst>
      <dst id="18">72.4089</dst>
      <dst id="4">2993.0578</dst>
      <dst id="1">8578.5956</dst>
      <dst id="5">4498.4000</dst>
      <dst id="3">4.7556</dst>
      <dst id="7">2535.6178</dst>
      <dst id="2">798.6844</dst>
      <dst id="6">1.0667</dst>
      <dst id="16">60.8444</dst>
      <dst id="14">587.5911</dst>
      <dst id="11">706.0889</dst>
      <dst id="9">5484.3644</dst>
      <dst id="17">1257.5822</dst>
      <dst id="21">2088.2044</dst>
    </src>
    <src id="14">
      <dst id="12">17973.8667</dst>
      <dst id="13">66.1600</dst>
      <dst id="19">47.2800</dst>
      <dst id="23">1.4844</dst>
      <dst id="18">0.9244</dst>
      <dst id="4">1791.4044</dst>
      <dst id="1">154.3022</dst>
      <dst id="5">11.3600</dst>
      <dst id="3">86.7378</dst>
      <dst id="22">45.4133</dst>
      <dst id="7">55.6000</dst>
      <dst id="2">6688.8000</dst>
      <dst id="6">1.8489</dst>
      <dst id="16">11.6356</dst>
      <dst id="20">4.7111</dst>
      <dst id="11">33.7156</dst>
      <dst id="9">144.2489</dst>
      <dst id="17">8253.3778</dst>
      <dst id="21">78.6844</dst>
    </src>
    <src id="20">
      <dst id="12">2755.6622</dst>
      <dst id="13">3494.2400</dst>
      <dst id="19">3649.6800</dst>
      <dst id="23">0.4622</dst>
      <dst id="8">365.3422</dst>
      <dst id="18">256.0711</dst>
      <dst id="4">14963.0578</dst>
      <dst id="1">73.0578</dst>
      <dst id="5">4679.6356</dst>
      <dst id="3">154.4000</dst>
      <dst id="22">53.3333</dst>
      <dst id="7">261.3422</dst>
      <dst id="2">4504.9778</dst>
      <dst id="14">13.6889</dst>
      <dst id="11">88.7378</dst>
      <dst id="9">4624.7022</dst>
      <dst id="17">1729.4667</dst>
      <dst id="21">320.2933</dst>
    </src>
    <src id="11">
      <dst id="12">387664.6044</dst>
      <dst id="13">4964.0089</dst>
      <dst id="19">29.7689</dst>
      <dst id="23">127.0756</dst>
      <dst id="8">69.6978</dst>
      <dst id="18">95.6000</dst>
      <dst id="4">11173.8044</dst>
      <dst id="1">593.7244</dst>
      <dst id="5">1614.5511</dst>
      <dst id="3">288.5333</dst>
      <dst id="22">1883.2089</dst>
      <dst id="7">222.3289</dst>
      <dst id="2">181107.3333</dst>
      <dst id="6">5.5822</dst>
      <dst id="16">135.0133</dst>
      <dst id="14">63.2444</dst>
      <dst id="20">8.6844</dst>
      <dst id="11">2104.3022</dst>
      <dst id="9">813.7600</dst>
      <dst id="17">160511.4756</dst>
      <dst id="21">387.1733</dst>
      <dst id="15">124.8356</dst>
    </src>
    <src id="9">
      <dst id="12">416084.4178</dst>
      <dst id="13">4751.0133</dst>
      <dst id="19">418.7378</dst>
      <dst id="23">104.7467</dst>
      <dst id="8">253.4756</dst>
      <dst id="18">52.7644</dst>
      <dst id="4">8501.6267</dst>
      <dst id="1">1501.6533</dst>
      <dst id="5">1737.0756</dst>
      <dst id="3">118.7289</dst>
      <dst id="22">3273.0044</dst>
      <dst id="7">176.6044</dst>
      <dst id="2">161057.8400</dst>
      <dst id="6">2.2400</dst>
      <dst id="16">1923.6356</dst>
      <dst id="14">28.6222</dst>
      <dst id="20">2509.2622</dst>
      <dst id="11">582.0533</dst>
      <dst id="9">338.1156</dst>
      <dst id="17">165870.6489</dst>
      <dst id="21">280.6222</dst>
      <dst id="15">680.3556</dst>
    </src>
    <src id="17">
      <dst id="12">6189.3778</dst>
      <dst id="13">1790.6311</dst>
      <dst id="19">842.4356</dst>
      <dst id="23">2049.0044</dst>
      <dst id="8">132660.1956</dst>
      <dst id="18">89.7156</dst>
      <dst id="4">26119.5111</dst>
      <dst id="1">1768.9689</dst>
      <dst id="5">220276.4356</dst>
      <dst id="3">5991.0667</dst>
      <dst id="22">4273.6622</dst>
      <dst id="7">2230.0978</dst>
      <dst id="2">14223.0133</dst>
      <dst id="6">851.6356</dst>
      <dst id="16">3756.1956</dst>
      <dst id="14">44031.9556</dst>
      <dst id="20">1497.7333</dst>
      <dst id="11">109901.7156</dst>
      <dst id="9">192456.4978</dst>
      <dst id="17">1798.2844</dst>
      <dst id="21">14983.2533</dst>
      <dst id="15">858.3733</dst>
    </src>
    <src id="21">
      <dst id="12">14980.9333</dst>
      <dst id="13">340.0178</dst>
      <dst id="19">279.7778</dst>
      <dst id="23">71.7689</dst>
      <dst id="8">203.9111</dst>
      <dst id="18">120.5422</dst>
      <dst id="4">11897.0311</dst>
      <dst id="1">1619.6711</dst>
      <dst id="5">457.5822</dst>
      <dst id="3">530.1511</dst>
      <dst id="22">564.5244</dst>
      <dst id="7">2208.6489</dst>
      <dst id="2">9854.4444</dst>
      <dst id="6">87.0133</dst>
      <dst id="16">349.8844</dst>
      <dst id="14">866.4178</dst>
      <dst id="20">107.5822</dst>
      <dst id="11">199.8489</dst>
      <dst id="9">359.3511</dst>
      <dst id="17">7000.2756</dst>
      <dst id="21">339.1289</dst>
      <dst id="15">75.4756</dst>
    </src>
    <src id="15">
      <dst id="12">1004.6933</dst>
      <dst id="13">1707.5111</dst>
      <dst id="19">40.4622</dst>
      <dst id="23">3.1911</dst>
      <dst id="8">54.1867</dst>
      <dst id="18">1.0667</dst>
      <dst id="4">744.5422</dst>
      <dst id="1">478.5422</dst>
      <dst id="5">205.2000</dst>
      <dst id="3">20.0178</dst>
      <dst id="7">4.3822</dst>
      <dst id="2">177.1644</dst>
      <dst id="6">3.2000</dst>
      <dst id="14">0.4267</dst>
      <dst id="11">84.1867</dst>
      <dst id="9">561.7156</dst>
      <dst id="17">477.7689</dst>
      <dst id="21">173.0400</dst>
    </src>
  </IntraTM>
</TrafficMatrixFile>
