<?xml version="1.0" encoding="UTF-8" standalone="yes"?>
<TrafficMatrixFile xmlns:xsi="http://www.w3.org/2001/XMLSchema-instance" xsi:noNamespaceSchemaLocation="http://totem.run.montefiore.ulg.ac.be/Schema/TrafficMatrix-v1_2.xsd">
  <info>
    <title>Intradomain traffic matrix generated by geant-TM-all.pl</title>
    <date>2005-01-03T11:00:00</date>
    <duration>900</duration>
    <author>Steve Uhlig</author>
    <units>
        <unit type="bandwidth" value="kbps"/>
    </units>
  </info>
  <IntraTM ASID="20965">
    <src id="12">
      <dst id="12">199203.3333</dst>
      <dst id="13">19960.9689</dst>
      <dst id="19">899.9822</dst>
      <dst id="23">30.6222</dst>
      <dst id="8">460.1600</dst>
      <dst id="18">3468.7644</dst>
      <dst id="4">66537.8489</dst>
      <dst id="1">7209.9733</dst>
      <dst id="5">1334.5422</dst>
      <dst id="3">4883.4133</dst>
      <dst id="22">6197.9644</dst>
      <dst id="7">5848.2933</dst>
      <dst id="2">70280.3200</dst>
      <dst id="6">19.8933</dst>
      <dst id="16">2990.8000</dst>
      <dst id="14">343.5200</dst>
      <dst id="20">443.2444</dst>
      <dst id="11">3754.8000</dst>
      <dst id="9">4843.1644</dst>
      <dst id="17">74664.2578</dst>
      <dst id="21">8543.9111</dst>
      <dst id="15">297.1200</dst>
    </src>
    <src id="13">
      <dst id="12">37795.9378</dst>
      <dst id="19">50184.9422</dst>
      <dst id="23">63.2267</dst>
      <dst id="8">1070.3111</dst>
      <dst id="18">1469.6444</dst>
      <dst id="1">3105.2444</dst>
      <dst id="5">4003.4222</dst>
      <dst id="3">3560.6222</dst>
      <dst id="22">18613.1644</dst>
      <dst id="7">4969.4667</dst>
      <dst id="2">112347.0311</dst>
      <dst id="6">41.3067</dst>
      <dst id="16">5705.9556</dst>
      <dst id="14">1444.0000</dst>
      <dst id="20">11104.3733</dst>
      <dst id="11">12757.8667</dst>
      <dst id="9">14167.9556</dst>
      <dst id="17">43032.1600</dst>
      <dst id="21">15565.9644</dst>
      <dst id="15">1099.0578</dst>
    </src>
    <src id="19">
      <dst id="12">13807.1733</dst>
      <dst id="13">2101.1467</dst>
      <dst id="18">62.6133</dst>
      <dst id="4">21508.0533</dst>
      <dst id="1">663.6889</dst>
      <dst id="5">75.3511</dst>
      <dst id="22">29.8133</dst>
      <dst id="7">2968.4267</dst>
      <dst id="2">180.5867</dst>
      <dst id="6">64.1422</dst>
      <dst id="16">5827.1822</dst>
      <dst id="14">0.5956</dst>
      <dst id="20">43.4844</dst>
      <dst id="11">16.8889</dst>
      <dst id="9">580.9333</dst>
      <dst id="17">125.4667</dst>
      <dst id="21">391.2000</dst>
      <dst id="15">1.0489</dst>
    </src>
    <src id="23">
      <dst id="12">295.3600</dst>
      <dst id="13">593.4667</dst>
      <dst id="19">0.3378</dst>
      <dst id="18">2695.2889</dst>
      <dst id="4">79.4311</dst>
      <dst id="1">67.1022</dst>
      <dst id="3">205.7067</dst>
      <dst id="22">175.2978</dst>
      <dst id="7">19.0044</dst>
      <dst id="2">405.3600</dst>
      <dst id="6">0.3378</dst>
      <dst id="16">5231.5911</dst>
      <dst id="20">0.5511</dst>
      <dst id="11">12.6222</dst>
      <dst id="9">472.4178</dst>
      <dst id="17">19.0222</dst>
      <dst id="21">72.4889</dst>
    </src>
    <src id="8">
      <dst id="12">306728.9067</dst>
      <dst id="13">138.2311</dst>
      <dst id="19">0.8978</dst>
      <dst id="23">0.4622</dst>
      <dst id="18">80.0000</dst>
      <dst id="4">5801.4489</dst>
      <dst id="1">370.6311</dst>
      <dst id="5">1169.4311</dst>
      <dst id="22">1241.2444</dst>
      <dst id="7">20.2400</dst>
      <dst id="2">118916.1156</dst>
      <dst id="16">111.8667</dst>
      <dst id="20">76.4800</dst>
      <dst id="11">1750.5244</dst>
      <dst id="9">607.5911</dst>
      <dst id="17">103516.4000</dst>
      <dst id="21">305.5467</dst>
      <dst id="15">331.5911</dst>
    </src>
    <src id="18">
      <dst id="12">97123.7156</dst>
      <dst id="13">290.9422</dst>
      <dst id="19">3.8222</dst>
      <dst id="23">66.8089</dst>
      <dst id="8">0.3556</dst>
      <dst id="4">1355.1289</dst>
      <dst id="1">892.8800</dst>
      <dst id="5">425.6267</dst>
      <dst id="3">147.4933</dst>
      <dst id="22">204.7022</dst>
      <dst id="7">3.2622</dst>
      <dst id="2">32893.9556</dst>
      <dst id="16">18.2756</dst>
      <dst id="14">0.5778</dst>
      <dst id="20">19.6000</dst>
      <dst id="11">323.2622</dst>
      <dst id="9">45.0400</dst>
      <dst id="17">35736.1333</dst>
      <dst id="21">245.2356</dst>
      <dst id="15">1.5644</dst>
    </src>
    <src id="4">
      <dst id="12">9142.7644</dst>
      <dst id="19">8832.4622</dst>
      <dst id="23">0.4622</dst>
      <dst id="8">3437.3156</dst>
      <dst id="18">3015.2800</dst>
      <dst id="4">2.4889</dst>
      <dst id="1">141023.4133</dst>
      <dst id="5">1574.5778</dst>
      <dst id="3">186.4356</dst>
      <dst id="22">4005.9556</dst>
      <dst id="7">116580.9956</dst>
      <dst id="2">69384.4178</dst>
      <dst id="6">0.8267</dst>
      <dst id="16">812.7644</dst>
      <dst id="14">1275.9378</dst>
      <dst id="20">346.0533</dst>
      <dst id="11">2080.9067</dst>
      <dst id="9">3452.1867</dst>
      <dst id="17">43870.1422</dst>
      <dst id="21">4930.0711</dst>
      <dst id="15">887.1556</dst>
    </src>
    <src id="1">
      <dst id="12">18640.9511</dst>
      <dst id="13">370.8889</dst>
      <dst id="19">38.0267</dst>
      <dst id="23">27.9289</dst>
      <dst id="8">89119.7067</dst>
      <dst id="18">12652.8444</dst>
      <dst id="4">7705.5200</dst>
      <dst id="1">12360.8889</dst>
      <dst id="5">136014.2400</dst>
      <dst id="3">209.9289</dst>
      <dst id="22">1879.5644</dst>
      <dst id="7">3776.6222</dst>
      <dst id="2">4077.0756</dst>
      <dst id="6">5217.4400</dst>
      <dst id="16">12694.0356</dst>
      <dst id="14">142.8978</dst>
      <dst id="20">25.3956</dst>
      <dst id="11">126.2844</dst>
      <dst id="9">133440.0711</dst>
      <dst id="17">10765.2978</dst>
      <dst id="21">2647.0044</dst>
      <dst id="15">156.0533</dst>
    </src>
    <src id="5">
      <dst id="12">254174.6311</dst>
      <dst id="13">4468.6844</dst>
      <dst id="19">813.7067</dst>
      <dst id="23">0.4622</dst>
      <dst id="8">1003.2444</dst>
      <dst id="18">287.8489</dst>
      <dst id="4">4023.4933</dst>
      <dst id="1">3261.6800</dst>
      <dst id="3">19.1556</dst>
      <dst id="22">7585.4844</dst>
      <dst id="7">56.1867</dst>
      <dst id="2">102770.3378</dst>
      <dst id="6">37.6356</dst>
      <dst id="16">295.2533</dst>
      <dst id="14">13.6978</dst>
      <dst id="20">649.8578</dst>
      <dst id="11">605.8489</dst>
      <dst id="9">6446.0800</dst>
      <dst id="17">99376.2844</dst>
      <dst id="21">244.4978</dst>
      <dst id="15">8.9778</dst>
    </src>
    <src id="3">
      <dst id="12">13458.8711</dst>
      <dst id="13">621.1289</dst>
      <dst id="19">1724.5244</dst>
      <dst id="23">4516.7467</dst>
      <dst id="8">174.0178</dst>
      <dst id="18">66341.2444</dst>
      <dst id="4">34927.1289</dst>
      <dst id="1">20455.1556</dst>
      <dst id="5">261.8844</dst>
      <dst id="3">9626.0711</dst>
      <dst id="22">2135.1200</dst>
      <dst id="7">781.1733</dst>
      <dst id="2">11033.7689</dst>
      <dst id="16">1212.5333</dst>
      <dst id="14">19090.4178</dst>
      <dst id="20">13.6889</dst>
      <dst id="11">117889.0933</dst>
      <dst id="9">182.2844</dst>
      <dst id="17">5164.5689</dst>
      <dst id="21">4939.9022</dst>
      <dst id="15">72.3822</dst>
    </src>
    <src id="10">
      <dst id="12">9216.1067</dst>
      <dst id="19">2417.4844</dst>
      <dst id="8">859.8667</dst>
      <dst id="18">828.5600</dst>
      <dst id="1">2451.1644</dst>
      <dst id="5">641.7422</dst>
      <dst id="3">3108.0978</dst>
      <dst id="22">5923.2978</dst>
      <dst id="7">68262.4356</dst>
      <dst id="2">20317.2444</dst>
      <dst id="6">2.1156</dst>
      <dst id="16">581.6889</dst>
      <dst id="14">2510.3200</dst>
      <dst id="20">693.2444</dst>
      <dst id="11">6366.6578</dst>
      <dst id="9">2864.8711</dst>
      <dst id="17">38226.9600</dst>
      <dst id="21">11779.1467</dst>
      <dst id="15">145.7600</dst>
    </src>
    <src id="22">
      <dst id="12">5585.7778</dst>
      <dst id="13">3833.2978</dst>
      <dst id="19">72.3111</dst>
      <dst id="23">860.8622</dst>
      <dst id="8">1580.3822</dst>
      <dst id="18">659.9556</dst>
      <dst id="4">16699.8933</dst>
      <dst id="1">128.0889</dst>
      <dst id="5">2655.6622</dst>
      <dst id="3">777.9733</dst>
      <dst id="7">344.0356</dst>
      <dst id="2">4861.6444</dst>
      <dst id="6">42.1067</dst>
      <dst id="16">0.3022</dst>
      <dst id="14">1.2622</dst>
      <dst id="11">2420.1956</dst>
      <dst id="9">2934.8978</dst>
      <dst id="17">3257.9911</dst>
      <dst id="21">1685.1556</dst>
    </src>
    <src id="7">
      <dst id="12">8285.6444</dst>
      <dst id="13">2996.9511</dst>
      <dst id="19">84.8267</dst>
      <dst id="23">28.4444</dst>
      <dst id="8">392.5778</dst>
      <dst id="18">299.6267</dst>
      <dst id="4">50355.6978</dst>
      <dst id="1">963.4933</dst>
      <dst id="5">681.9111</dst>
      <dst id="3">242.3289</dst>
      <dst id="22">3920.2400</dst>
      <dst id="7">720.0711</dst>
      <dst id="2">22758.5778</dst>
      <dst id="6">31.9733</dst>
      <dst id="16">157.9111</dst>
      <dst id="14">90.8178</dst>
      <dst id="20">1631.9911</dst>
      <dst id="11">870.9511</dst>
      <dst id="9">938.3644</dst>
      <dst id="17">11897.9378</dst>
      <dst id="21">2427.6711</dst>
      <dst id="15">64.2400</dst>
    </src>
    <src id="2">
      <dst id="12">67405.1644</dst>
      <dst id="13">512785.4222</dst>
      <dst id="19">141.1556</dst>
      <dst id="23">5.0844</dst>
      <dst id="8">1998.1689</dst>
      <dst id="18">54327.5467</dst>
      <dst id="4">84667.0044</dst>
      <dst id="1">9314.0444</dst>
      <dst id="5">1051.0844</dst>
      <dst id="3">24.5689</dst>
      <dst id="22">1945.6533</dst>
      <dst id="7">3830.6044</dst>
      <dst id="2">1178.4622</dst>
      <dst id="6">7164.6311</dst>
      <dst id="16">2338.1867</dst>
      <dst id="14">5075.4044</dst>
      <dst id="20">542.9600</dst>
      <dst id="11">1453.0133</dst>
      <dst id="9">306.4089</dst>
      <dst id="17">46205.5289</dst>
      <dst id="21">5451.2800</dst>
      <dst id="15">32.0533</dst>
    </src>
    <src id="6">
      <dst id="12">8452.5778</dst>
      <dst id="13">1.6000</dst>
      <dst id="19">2.8444</dst>
      <dst id="23">0.4978</dst>
      <dst id="4">1045.2711</dst>
      <dst id="1">1.7067</dst>
      <dst id="5">2.1422</dst>
      <dst id="22">9.9022</dst>
      <dst id="7">1.8044</dst>
      <dst id="2">1434.5600</dst>
      <dst id="11">59.9378</dst>
      <dst id="9">0.3378</dst>
      <dst id="17">1180.5600</dst>
      <dst id="21">5.8311</dst>
      <dst id="15">0.3378</dst>
    </src>
    <src id="16">
      <dst id="12">3232.4533</dst>
      <dst id="13">134.9511</dst>
      <dst id="19">2336.0889</dst>
      <dst id="23">91.8400</dst>
      <dst id="8">1347.1556</dst>
      <dst id="18">14.9067</dst>
      <dst id="4">3844.9156</dst>
      <dst id="1">16194.9511</dst>
      <dst id="5">597.4400</dst>
      <dst id="7">2129.0311</dst>
      <dst id="2">277.0222</dst>
      <dst id="16">42.0978</dst>
      <dst id="14">269.1200</dst>
      <dst id="11">120.3378</dst>
      <dst id="9">683.1200</dst>
      <dst id="17">440.7022</dst>
      <dst id="21">2347.2356</dst>
    </src>
    <src id="14">
      <dst id="12">14920.8089</dst>
      <dst id="13">16.7467</dst>
      <dst id="19">6.7200</dst>
      <dst id="4">1621.6889</dst>
      <dst id="1">22.4978</dst>
      <dst id="5">1.0667</dst>
      <dst id="3">38.2489</dst>
      <dst id="22">8.7467</dst>
      <dst id="7">91.9111</dst>
      <dst id="2">3609.4578</dst>
      <dst id="6">0.7022</dst>
      <dst id="16">9.9556</dst>
      <dst id="20">13.9378</dst>
      <dst id="11">56.7289</dst>
      <dst id="17">3885.9200</dst>
      <dst id="21">81.5644</dst>
      <dst id="15">39.5200</dst>
    </src>
    <src id="20">
      <dst id="12">3445.7600</dst>
      <dst id="13">11397.9911</dst>
      <dst id="19">118.8800</dst>
      <dst id="8">709.8756</dst>
      <dst id="18">4.8267</dst>
      <dst id="4">10487.1733</dst>
      <dst id="1">60.9511</dst>
      <dst id="5">753.9556</dst>
      <dst id="3">127.7778</dst>
      <dst id="7">197.9022</dst>
      <dst id="2">574.6933</dst>
      <dst id="6">0.4356</dst>
      <dst id="14">1.4756</dst>
      <dst id="11">1622.4444</dst>
      <dst id="9">6112.9511</dst>
      <dst id="17">4240.8000</dst>
      <dst id="21">84.5156</dst>
    </src>
    <src id="11">
      <dst id="12">364517.6267</dst>
      <dst id="13">1944.8356</dst>
      <dst id="19">3.6267</dst>
      <dst id="23">3.1911</dst>
      <dst id="8">349.6889</dst>
      <dst id="18">105.3956</dst>
      <dst id="4">8035.1111</dst>
      <dst id="1">636.6044</dst>
      <dst id="5">1514.1600</dst>
      <dst id="3">207.2711</dst>
      <dst id="22">2872.9511</dst>
      <dst id="7">274.5778</dst>
      <dst id="2">133345.3956</dst>
      <dst id="6">80.0622</dst>
      <dst id="16">123.6356</dst>
      <dst id="14">30.9067</dst>
      <dst id="20">818.1511</dst>
      <dst id="11">447.4667</dst>
      <dst id="9">1902.6133</dst>
      <dst id="17">148258.6756</dst>
      <dst id="21">791.4400</dst>
      <dst id="15">181.1111</dst>
    </src>
    <src id="9">
      <dst id="12">356291.4400</dst>
      <dst id="13">13686.9956</dst>
      <dst id="19">17.2889</dst>
      <dst id="23">12.7644</dst>
      <dst id="8">782.4178</dst>
      <dst id="18">62.6844</dst>
      <dst id="4">9248.9333</dst>
      <dst id="1">1238.2311</dst>
      <dst id="5">8378.6844</dst>
      <dst id="3">0.7022</dst>
      <dst id="22">1323.8489</dst>
      <dst id="7">1787.6444</dst>
      <dst id="2">140345.2000</dst>
      <dst id="6">0.6933</dst>
      <dst id="16">661.6000</dst>
      <dst id="20">1108.6133</dst>
      <dst id="11">538.6222</dst>
      <dst id="9">787.1378</dst>
      <dst id="17">216747.0578</dst>
      <dst id="21">641.8044</dst>
      <dst id="15">671.5200</dst>
    </src>
    <src id="17">
      <dst id="12">6491.9556</dst>
      <dst id="13">7511.1378</dst>
      <dst id="19">1154.5156</dst>
      <dst id="23">76.1333</dst>
      <dst id="8">107276.3111</dst>
      <dst id="18">75.2889</dst>
      <dst id="4">132235.6622</dst>
      <dst id="1">4248.9067</dst>
      <dst id="5">153635.7333</dst>
      <dst id="3">4984.3200</dst>
      <dst id="22">6010.4267</dst>
      <dst id="7">2503.4133</dst>
      <dst id="2">26525.0933</dst>
      <dst id="6">71.4844</dst>
      <dst id="16">5059.3867</dst>
      <dst id="14">19690.1156</dst>
      <dst id="20">826.8444</dst>
      <dst id="11">100431.2089</dst>
      <dst id="9">115304.4800</dst>
      <dst id="17">2043.2444</dst>
      <dst id="21">5045.4756</dst>
      <dst id="15">98.3822</dst>
    </src>
    <src id="21">
      <dst id="12">21966.3822</dst>
      <dst id="13">3300.6400</dst>
      <dst id="19">215.1022</dst>
      <dst id="23">10.8533</dst>
      <dst id="8">85.4400</dst>
      <dst id="18">676.4178</dst>
      <dst id="4">21577.7422</dst>
      <dst id="1">912.3822</dst>
      <dst id="5">598.4889</dst>
      <dst id="3">744.9156</dst>
      <dst id="22">695.1289</dst>
      <dst id="7">5176.8800</dst>
      <dst id="2">7606.7644</dst>
      <dst id="6">13.3333</dst>
      <dst id="16">188.5956</dst>
      <dst id="14">49.0044</dst>
      <dst id="20">78.0711</dst>
      <dst id="11">616.2933</dst>
      <dst id="9">638.8356</dst>
      <dst id="17">3712.6044</dst>
      <dst id="21">1503.6622</dst>
      <dst id="15">22.2578</dst>
    </src>
    <src id="15">
      <dst id="12">236.4444</dst>
      <dst id="13">135.4933</dst>
      <dst id="8">28.1333</dst>
      <dst id="18">43.2711</dst>
      <dst id="4">4075.3600</dst>
      <dst id="1">511.0578</dst>
      <dst id="5">151.7778</dst>
      <dst id="3">11.7422</dst>
      <dst id="7">54.8178</dst>
      <dst id="2">69.9556</dst>
      <dst id="14">3360.0000</dst>
      <dst id="11">8.0267</dst>
      <dst id="9">1119.8222</dst>
      <dst id="17">541.5200</dst>
      <dst id="21">246.5689</dst>
    </src>
  </IntraTM>
</TrafficMatrixFile>
