<?xml version="1.0" encoding="UTF-8" standalone="yes"?>
<TrafficMatrixFile xmlns:xsi="http://www.w3.org/2001/XMLSchema-instance" xsi:noNamespaceSchemaLocation="http://totem.run.montefiore.ulg.ac.be/Schema/TrafficMatrix-v1_2.xsd">
  <info>
    <title>Intradomain traffic matrix generated by geant-TM-all.pl</title>
    <date>2005-01-02T09:45:00</date>
    <duration>900</duration>
    <author>Steve Uhlig</author>
    <units>
        <unit type="bandwidth" value="kbps"/>
    </units>
  </info>
  <IntraTM ASID="20965">
    <src id="12">
      <dst id="12">259564.7378</dst>
      <dst id="13">18513.5289</dst>
      <dst id="19">901.2000</dst>
      <dst id="23">5894.4800</dst>
      <dst id="8">1439.0311</dst>
      <dst id="18">580.4178</dst>
      <dst id="4">100554.8800</dst>
      <dst id="1">12310.3111</dst>
      <dst id="5">6925.4667</dst>
      <dst id="3">7145.3422</dst>
      <dst id="22">6566.2311</dst>
      <dst id="7">1596.5689</dst>
      <dst id="2">93174.7467</dst>
      <dst id="6">12.6222</dst>
      <dst id="16">6556.1244</dst>
      <dst id="14">426.7378</dst>
      <dst id="20">8511.2800</dst>
      <dst id="11">4830.4267</dst>
      <dst id="9">7927.0844</dst>
      <dst id="17">72061.7422</dst>
      <dst id="21">10753.3067</dst>
      <dst id="15">443.5467</dst>
    </src>
    <src id="13">
      <dst id="12">98311.9822</dst>
      <dst id="19">4944.8000</dst>
      <dst id="23">7.5022</dst>
      <dst id="8">1797.0222</dst>
      <dst id="18">2528.4622</dst>
      <dst id="4">1.0667</dst>
      <dst id="1">4036.4622</dst>
      <dst id="5">5054.2489</dst>
      <dst id="3">3247.0400</dst>
      <dst id="22">24622.7467</dst>
      <dst id="7">15584.6400</dst>
      <dst id="2">99861.0844</dst>
      <dst id="6">23.9200</dst>
      <dst id="16">7252.7200</dst>
      <dst id="14">2265.7244</dst>
      <dst id="20">24659.2711</dst>
      <dst id="11">17098.1600</dst>
      <dst id="9">14949.7067</dst>
      <dst id="17">61750.9778</dst>
      <dst id="21">18787.6356</dst>
      <dst id="15">7746.0089</dst>
    </src>
    <src id="19">
      <dst id="12">13788.2400</dst>
      <dst id="13">1371.3600</dst>
      <dst id="8">42.1600</dst>
      <dst id="18">40.3733</dst>
      <dst id="4">20462.4711</dst>
      <dst id="1">252.7378</dst>
      <dst id="5">41.5556</dst>
      <dst id="22">2332.2222</dst>
      <dst id="7">3204.0622</dst>
      <dst id="2">19717.9822</dst>
      <dst id="6">55.3511</dst>
      <dst id="16">7417.6533</dst>
      <dst id="20">56.5244</dst>
      <dst id="11">48.8711</dst>
      <dst id="9">374.3289</dst>
      <dst id="17">238.0889</dst>
      <dst id="21">313.7067</dst>
      <dst id="15">2.6756</dst>
    </src>
    <src id="23">
      <dst id="12">301.9733</dst>
      <dst id="13">62.7822</dst>
      <dst id="19">0.5244</dst>
      <dst id="8">15.2178</dst>
      <dst id="18">0.7644</dst>
      <dst id="4">63.8222</dst>
      <dst id="1">60.3733</dst>
      <dst id="5">41.4222</dst>
      <dst id="3">44.0089</dst>
      <dst id="22">59.4667</dst>
      <dst id="7">12754.2222</dst>
      <dst id="2">77.8844</dst>
      <dst id="6">0.6756</dst>
      <dst id="16">15.9822</dst>
      <dst id="14">0.7467</dst>
      <dst id="20">0.3556</dst>
      <dst id="11">12.6222</dst>
      <dst id="9">445.9378</dst>
      <dst id="17">72.5333</dst>
      <dst id="21">1415.4578</dst>
    </src>
    <src id="8">
      <dst id="12">297379.3422</dst>
      <dst id="13">508.9511</dst>
      <dst id="19">388.5156</dst>
      <dst id="23">1340.8356</dst>
      <dst id="18">37.2000</dst>
      <dst id="4">4304.5333</dst>
      <dst id="1">59.1733</dst>
      <dst id="5">1827.9467</dst>
      <dst id="3">0.3644</dst>
      <dst id="22">468.2222</dst>
      <dst id="7">125.2267</dst>
      <dst id="2">111931.9200</dst>
      <dst id="16">279.4489</dst>
      <dst id="14">0.3556</dst>
      <dst id="20">285.6178</dst>
      <dst id="11">1632.4444</dst>
      <dst id="9">339.0133</dst>
      <dst id="17">113093.2089</dst>
      <dst id="21">413.3333</dst>
      <dst id="15">183.2622</dst>
    </src>
    <src id="18">
      <dst id="12">103823.5378</dst>
      <dst id="13">335.2978</dst>
      <dst id="19">935.0578</dst>
      <dst id="23">0.4978</dst>
      <dst id="8">453.2000</dst>
      <dst id="4">2004.2578</dst>
      <dst id="1">3366.0533</dst>
      <dst id="5">619.7333</dst>
      <dst id="3">47.2622</dst>
      <dst id="22">900.8533</dst>
      <dst id="7">8.3200</dst>
      <dst id="2">29130.4533</dst>
      <dst id="16">10.1956</dst>
      <dst id="14">0.7111</dst>
      <dst id="20">10.0267</dst>
      <dst id="11">259.1111</dst>
      <dst id="9">223.2622</dst>
      <dst id="17">41159.2178</dst>
      <dst id="21">400.1511</dst>
      <dst id="15">1.1733</dst>
    </src>
    <src id="4">
      <dst id="12">11255.6089</dst>
      <dst id="19">4981.3600</dst>
      <dst id="8">887.5467</dst>
      <dst id="18">1723.1467</dst>
      <dst id="4">0.9956</dst>
      <dst id="1">8383.7422</dst>
      <dst id="5">1220.6667</dst>
      <dst id="3">342.7556</dst>
      <dst id="22">3388.1778</dst>
      <dst id="7">13873.1111</dst>
      <dst id="2">53620.3111</dst>
      <dst id="6">272.1156</dst>
      <dst id="16">783.4222</dst>
      <dst id="14">1089.7600</dst>
      <dst id="20">1159.6000</dst>
      <dst id="11">6620.6311</dst>
      <dst id="9">1246.1244</dst>
      <dst id="17">65700.0178</dst>
      <dst id="21">7946.5956</dst>
      <dst id="15">308.5244</dst>
    </src>
    <src id="1">
      <dst id="12">18498.1067</dst>
      <dst id="13">1689.9378</dst>
      <dst id="19">4.7822</dst>
      <dst id="23">51.8933</dst>
      <dst id="8">75460.8800</dst>
      <dst id="18">14654.8178</dst>
      <dst id="4">10877.1378</dst>
      <dst id="1">10293.0311</dst>
      <dst id="5">169829.4489</dst>
      <dst id="3">18.7378</dst>
      <dst id="22">2604.4444</dst>
      <dst id="7">1180.4622</dst>
      <dst id="2">2316.4800</dst>
      <dst id="6">4605.8400</dst>
      <dst id="16">11837.9644</dst>
      <dst id="14">113.8311</dst>
      <dst id="20">143.9289</dst>
      <dst id="11">345.7867</dst>
      <dst id="9">160334.8267</dst>
      <dst id="17">4696.5778</dst>
      <dst id="21">2042.8000</dst>
      <dst id="15">97.5289</dst>
    </src>
    <src id="5">
      <dst id="12">260495.3956</dst>
      <dst id="13">1234.0000</dst>
      <dst id="19">129.4222</dst>
      <dst id="23">82.1600</dst>
      <dst id="8">1652.7111</dst>
      <dst id="18">381.5733</dst>
      <dst id="4">6812.1600</dst>
      <dst id="1">436.1867</dst>
      <dst id="3">0.5956</dst>
      <dst id="22">6181.0933</dst>
      <dst id="7">118.3111</dst>
      <dst id="2">114272.7467</dst>
      <dst id="6">19.0044</dst>
      <dst id="16">205.2800</dst>
      <dst id="14">3.6622</dst>
      <dst id="20">3822.7111</dst>
      <dst id="11">1007.1556</dst>
      <dst id="9">3301.7778</dst>
      <dst id="17">112474.6933</dst>
      <dst id="21">349.8400</dst>
      <dst id="15">57.7333</dst>
    </src>
    <src id="3">
      <dst id="12">16417.9644</dst>
      <dst id="13">1192.8444</dst>
      <dst id="19">4939.2444</dst>
      <dst id="23">4.2578</dst>
      <dst id="8">114.1333</dst>
      <dst id="18">69377.2267</dst>
      <dst id="4">20657.0311</dst>
      <dst id="1">4849.1467</dst>
      <dst id="5">324.9511</dst>
      <dst id="3">7972.2756</dst>
      <dst id="22">1021.9111</dst>
      <dst id="7">1414.4978</dst>
      <dst id="2">4606.2489</dst>
      <dst id="6">1.3067</dst>
      <dst id="16">1764.8978</dst>
      <dst id="14">28594.0000</dst>
      <dst id="20">1852.2933</dst>
      <dst id="11">144683.2533</dst>
      <dst id="9">1720.3911</dst>
      <dst id="17">21870.9511</dst>
      <dst id="21">3913.8222</dst>
      <dst id="15">129.9378</dst>
    </src>
    <src id="10">
      <dst id="12">10791.6444</dst>
      <dst id="19">2121.4489</dst>
      <dst id="8">241.6800</dst>
      <dst id="18">1119.3244</dst>
      <dst id="1">1132.1156</dst>
      <dst id="5">709.9911</dst>
      <dst id="3">17857.5733</dst>
      <dst id="22">9678.2667</dst>
      <dst id="7">20934.9156</dst>
      <dst id="2">22814.4178</dst>
      <dst id="6">15.6267</dst>
      <dst id="16">2228.9511</dst>
      <dst id="14">4185.0489</dst>
      <dst id="20">7545.1378</dst>
      <dst id="11">4457.6178</dst>
      <dst id="9">4192.1511</dst>
      <dst id="17">22407.5111</dst>
      <dst id="21">16954.9600</dst>
      <dst id="15">854.6133</dst>
    </src>
    <src id="22">
      <dst id="12">5345.9822</dst>
      <dst id="13">3803.6800</dst>
      <dst id="19">190.9956</dst>
      <dst id="23">17.3156</dst>
      <dst id="8">767.6622</dst>
      <dst id="18">881.1911</dst>
      <dst id="4">15164.0533</dst>
      <dst id="1">148.7822</dst>
      <dst id="5">4356.5067</dst>
      <dst id="3">1171.3867</dst>
      <dst id="7">366.3111</dst>
      <dst id="2">2371.8756</dst>
      <dst id="6">12.6667</dst>
      <dst id="16">22.7467</dst>
      <dst id="14">114.9600</dst>
      <dst id="11">3898.7733</dst>
      <dst id="9">1211.2267</dst>
      <dst id="17">3501.7156</dst>
      <dst id="21">1086.9689</dst>
    </src>
    <src id="7">
      <dst id="12">8825.6800</dst>
      <dst id="13">206.2222</dst>
      <dst id="19">564.4622</dst>
      <dst id="23">339.0844</dst>
      <dst id="8">638.8533</dst>
      <dst id="18">190.9600</dst>
      <dst id="4">29389.5733</dst>
      <dst id="1">2735.1022</dst>
      <dst id="5">1124.1156</dst>
      <dst id="3">119.7244</dst>
      <dst id="22">5996.5244</dst>
      <dst id="7">769.4222</dst>
      <dst id="2">4622.1778</dst>
      <dst id="6">52.3111</dst>
      <dst id="16">484.7022</dst>
      <dst id="14">102.3111</dst>
      <dst id="20">157.5467</dst>
      <dst id="11">1174.4089</dst>
      <dst id="9">526.4267</dst>
      <dst id="17">8279.6533</dst>
      <dst id="21">4442.5867</dst>
      <dst id="15">138.8178</dst>
    </src>
    <src id="2">
      <dst id="12">86274.2933</dst>
      <dst id="13">6020.4178</dst>
      <dst id="19">9027.1644</dst>
      <dst id="23">105.6267</dst>
      <dst id="8">823.3867</dst>
      <dst id="18">66149.9200</dst>
      <dst id="4">102528.0800</dst>
      <dst id="1">11614.1867</dst>
      <dst id="5">985.1022</dst>
      <dst id="3">62.3378</dst>
      <dst id="22">2829.5111</dst>
      <dst id="7">6102.9778</dst>
      <dst id="2">1147.2089</dst>
      <dst id="6">5795.7244</dst>
      <dst id="16">2423.1644</dst>
      <dst id="14">5528.1244</dst>
      <dst id="20">628.8711</dst>
      <dst id="11">7021.5378</dst>
      <dst id="9">1474.3289</dst>
      <dst id="17">43271.6711</dst>
      <dst id="21">3893.3067</dst>
      <dst id="15">151.2533</dst>
    </src>
    <src id="6">
      <dst id="12">7938.4889</dst>
      <dst id="13">0.6311</dst>
      <dst id="19">1.8133</dst>
      <dst id="23">0.4978</dst>
      <dst id="8">0.4622</dst>
      <dst id="4">45.7156</dst>
      <dst id="1">0.5244</dst>
      <dst id="5">13.3333</dst>
      <dst id="22">3.9378</dst>
      <dst id="7">4.5867</dst>
      <dst id="2">2006.3644</dst>
      <dst id="20">0.5156</dst>
      <dst id="11">8.3733</dst>
      <dst id="9">0.4533</dst>
      <dst id="17">915.1733</dst>
      <dst id="21">0.4356</dst>
    </src>
    <src id="16">
      <dst id="12">4008.2933</dst>
      <dst id="13">1167.7778</dst>
      <dst id="19">4313.2889</dst>
      <dst id="23">2.6489</dst>
      <dst id="8">2510.8267</dst>
      <dst id="18">125.5822</dst>
      <dst id="4">6250.8889</dst>
      <dst id="1">15633.8844</dst>
      <dst id="5">954.5067</dst>
      <dst id="3">27.2444</dst>
      <dst id="7">1773.7244</dst>
      <dst id="2">538.5333</dst>
      <dst id="6">11.7511</dst>
      <dst id="16">18.5067</dst>
      <dst id="14">200.3556</dst>
      <dst id="11">900.8800</dst>
      <dst id="9">4219.4578</dst>
      <dst id="17">1220.3733</dst>
      <dst id="21">755.0044</dst>
    </src>
    <src id="14">
      <dst id="12">19574.2756</dst>
      <dst id="13">140.8267</dst>
      <dst id="19">2.9333</dst>
      <dst id="4">1862.2578</dst>
      <dst id="1">28.4533</dst>
      <dst id="5">25.9556</dst>
      <dst id="3">40.8000</dst>
      <dst id="22">6.5067</dst>
      <dst id="7">62.0800</dst>
      <dst id="2">5173.8756</dst>
      <dst id="16">16.3200</dst>
      <dst id="20">0.6044</dst>
      <dst id="11">36.8800</dst>
      <dst id="9">7.2978</dst>
      <dst id="17">6888.4000</dst>
      <dst id="21">80.3289</dst>
    </src>
    <src id="20">
      <dst id="12">11852.6756</dst>
      <dst id="13">19671.3422</dst>
      <dst id="19">2258.8889</dst>
      <dst id="23">0.4622</dst>
      <dst id="8">12323.6889</dst>
      <dst id="18">365.8400</dst>
      <dst id="4">11874.0889</dst>
      <dst id="1">109.9289</dst>
      <dst id="5">621.9111</dst>
      <dst id="3">299.5822</dst>
      <dst id="7">63.2889</dst>
      <dst id="2">3342.6578</dst>
      <dst id="14">0.3556</dst>
      <dst id="11">67.1378</dst>
      <dst id="9">6054.7822</dst>
      <dst id="17">238.7911</dst>
      <dst id="21">6912.9511</dst>
    </src>
    <src id="11">
      <dst id="12">418077.2622</dst>
      <dst id="13">2048.3556</dst>
      <dst id="19">82.8889</dst>
      <dst id="23">1.8400</dst>
      <dst id="8">155.6444</dst>
      <dst id="18">288.3556</dst>
      <dst id="4">16348.6756</dst>
      <dst id="1">394.0800</dst>
      <dst id="5">890.4267</dst>
      <dst id="3">498.8178</dst>
      <dst id="22">2556.9067</dst>
      <dst id="7">1058.3644</dst>
      <dst id="2">163172.7644</dst>
      <dst id="6">131.2889</dst>
      <dst id="16">779.8133</dst>
      <dst id="14">123.1644</dst>
      <dst id="20">1095.0844</dst>
      <dst id="11">1272.5067</dst>
      <dst id="9">1838.0178</dst>
      <dst id="17">148940.5600</dst>
      <dst id="21">1372.5778</dst>
      <dst id="15">531.3156</dst>
    </src>
    <src id="9">
      <dst id="12">446204.7289</dst>
      <dst id="13">4214.0089</dst>
      <dst id="19">304.8000</dst>
      <dst id="23">18.7378</dst>
      <dst id="8">420.7289</dst>
      <dst id="18">315.3333</dst>
      <dst id="4">16405.9111</dst>
      <dst id="1">1434.4267</dst>
      <dst id="5">1656.8178</dst>
      <dst id="3">28.7378</dst>
      <dst id="22">2220.5511</dst>
      <dst id="7">98.7200</dst>
      <dst id="2">161318.2756</dst>
      <dst id="6">0.7822</dst>
      <dst id="16">194.3111</dst>
      <dst id="14">41.9911</dst>
      <dst id="20">986.3467</dst>
      <dst id="11">5483.9111</dst>
      <dst id="9">436.3022</dst>
      <dst id="17">161781.0222</dst>
      <dst id="21">2610.5422</dst>
      <dst id="15">355.4400</dst>
    </src>
    <src id="17">
      <dst id="12">4061.3600</dst>
      <dst id="13">3516.1422</dst>
      <dst id="19">652.8178</dst>
      <dst id="23">43.3778</dst>
      <dst id="8">117540.1956</dst>
      <dst id="18">175.8133</dst>
      <dst id="4">180225.5556</dst>
      <dst id="1">2907.1378</dst>
      <dst id="5">169405.4400</dst>
      <dst id="3">10413.8400</dst>
      <dst id="22">7914.8533</dst>
      <dst id="7">5432.9778</dst>
      <dst id="2">12647.8311</dst>
      <dst id="6">6.9600</dst>
      <dst id="16">3338.5956</dst>
      <dst id="14">13069.7067</dst>
      <dst id="20">423.5911</dst>
      <dst id="11">110242.2489</dst>
      <dst id="9">166258.5422</dst>
      <dst id="17">788.7111</dst>
      <dst id="21">11394.5689</dst>
      <dst id="15">28.9600</dst>
    </src>
    <src id="21">
      <dst id="12">20890.2311</dst>
      <dst id="13">922.9067</dst>
      <dst id="19">82.8178</dst>
      <dst id="23">40.5333</dst>
      <dst id="8">951.6978</dst>
      <dst id="18">231.2444</dst>
      <dst id="4">31560.7556</dst>
      <dst id="1">1183.8578</dst>
      <dst id="5">6432.6311</dst>
      <dst id="3">1096.6933</dst>
      <dst id="22">2347.2267</dst>
      <dst id="7">4209.7778</dst>
      <dst id="2">11898.0444</dst>
      <dst id="6">0.3289</dst>
      <dst id="16">308.9867</dst>
      <dst id="14">105.1822</dst>
      <dst id="20">187.5822</dst>
      <dst id="11">567.9111</dst>
      <dst id="9">957.6978</dst>
      <dst id="17">4495.8222</dst>
      <dst id="21">1786.9422</dst>
      <dst id="15">46.4889</dst>
    </src>
    <src id="15">
      <dst id="12">2455.2711</dst>
      <dst id="13">552.1422</dst>
      <dst id="19">86.4978</dst>
      <dst id="8">22.5422</dst>
      <dst id="18">14.3467</dst>
      <dst id="4">3233.9822</dst>
      <dst id="1">503.4311</dst>
      <dst id="5">721.2000</dst>
      <dst id="3">5.0756</dst>
      <dst id="7">28.1956</dst>
      <dst id="2">308.2222</dst>
      <dst id="14">1.2444</dst>
      <dst id="11">90.6044</dst>
      <dst id="9">570.7911</dst>
      <dst id="17">195.1111</dst>
      <dst id="21">116.4178</dst>
    </src>
  </IntraTM>
</TrafficMatrixFile>
