<?xml version="1.0" encoding="UTF-8" standalone="yes"?>
<TrafficMatrixFile xmlns:xsi="http://www.w3.org/2001/XMLSchema-instance" xsi:noNamespaceSchemaLocation="http://totem.run.montefiore.ulg.ac.be/Schema/TrafficMatrix-v1_2.xsd">
  <info>
    <title>Intradomain traffic matrix generated by geant-TM-all.pl</title>
    <date>2005-01-01T20:00:00</date>
    <duration>900</duration>
    <author>Steve Uhlig</author>
    <units>
        <unit type="bandwidth" value="kbps"/>
    </units>
  </info>
  <IntraTM ASID="20965">
    <src id="12">
      <dst id="12">374157.0400</dst>
      <dst id="13">29114.7822</dst>
      <dst id="19">4457.0311</dst>
      <dst id="23">8346.9956</dst>
      <dst id="8">3632.7022</dst>
      <dst id="18">5654.8178</dst>
      <dst id="4">82186.9067</dst>
      <dst id="1">7873.3689</dst>
      <dst id="5">4369.8578</dst>
      <dst id="3">31463.6711</dst>
      <dst id="22">22160.1689</dst>
      <dst id="7">1589.9378</dst>
      <dst id="2">105369.6089</dst>
      <dst id="6">428.2578</dst>
      <dst id="16">9700.3200</dst>
      <dst id="14">3703.1378</dst>
      <dst id="20">8585.4044</dst>
      <dst id="11">14319.2444</dst>
      <dst id="9">21107.2711</dst>
      <dst id="17">77347.2533</dst>
      <dst id="21">37279.3867</dst>
      <dst id="15">7934.3111</dst>
    </src>
    <src id="13">
      <dst id="12">79328.0000</dst>
      <dst id="19">8386.9156</dst>
      <dst id="23">780.8267</dst>
      <dst id="8">7826.7200</dst>
      <dst id="18">8150.8089</dst>
      <dst id="1">4700.7289</dst>
      <dst id="5">25536.6400</dst>
      <dst id="3">30707.4222</dst>
      <dst id="22">42760.4533</dst>
      <dst id="7">12329.0044</dst>
      <dst id="2">134446.5511</dst>
      <dst id="6">112.7733</dst>
      <dst id="16">7887.5378</dst>
      <dst id="14">7064.0000</dst>
      <dst id="20">24920.6933</dst>
      <dst id="11">26568.0711</dst>
      <dst id="9">20859.2622</dst>
      <dst id="17">71428.1067</dst>
      <dst id="21">33325.6978</dst>
      <dst id="15">7978.7911</dst>
    </src>
    <src id="19">
      <dst id="12">14105.4044</dst>
      <dst id="13">3663.2800</dst>
      <dst id="23">51.9111</dst>
      <dst id="8">75.9467</dst>
      <dst id="18">1279.1733</dst>
      <dst id="4">21820.0356</dst>
      <dst id="1">77.6800</dst>
      <dst id="5">98.8444</dst>
      <dst id="3">7213.5556</dst>
      <dst id="22">679.0933</dst>
      <dst id="7">4894.5956</dst>
      <dst id="2">2123.5733</dst>
      <dst id="6">190.0800</dst>
      <dst id="16">6110.8711</dst>
      <dst id="20">311.5733</dst>
      <dst id="11">544.1956</dst>
      <dst id="9">5688.2933</dst>
      <dst id="17">4500.2756</dst>
      <dst id="21">4550.0711</dst>
      <dst id="15">24.4000</dst>
    </src>
    <src id="23">
      <dst id="12">1929.1022</dst>
      <dst id="13">501.7867</dst>
      <dst id="19">15.7689</dst>
      <dst id="8">23.5822</dst>
      <dst id="18">101.6000</dst>
      <dst id="4">87.0667</dst>
      <dst id="1">42.0000</dst>
      <dst id="5">47.5733</dst>
      <dst id="3">890.0356</dst>
      <dst id="22">1431.0400</dst>
      <dst id="7">53.8222</dst>
      <dst id="2">184.8267</dst>
      <dst id="6">4.0356</dst>
      <dst id="16">20.3022</dst>
      <dst id="14">25.6000</dst>
      <dst id="20">366.1156</dst>
      <dst id="11">219.0844</dst>
      <dst id="9">61.4400</dst>
      <dst id="17">650.4000</dst>
      <dst id="21">875.9556</dst>
      <dst id="15">0.3556</dst>
    </src>
    <src id="8">
      <dst id="12">414408.9689</dst>
      <dst id="13">1551.9467</dst>
      <dst id="19">2.8533</dst>
      <dst id="23">245.2444</dst>
      <dst id="18">323.1378</dst>
      <dst id="4">7290.0267</dst>
      <dst id="1">54.0889</dst>
      <dst id="5">1822.6133</dst>
      <dst id="3">696.6578</dst>
      <dst id="22">1485.6533</dst>
      <dst id="7">9.6533</dst>
      <dst id="2">150548.7022</dst>
      <dst id="6">123.1289</dst>
      <dst id="16">529.8222</dst>
      <dst id="14">1.8844</dst>
      <dst id="20">327.4222</dst>
      <dst id="11">3066.0444</dst>
      <dst id="9">675.7333</dst>
      <dst id="17">95019.3333</dst>
      <dst id="21">1654.2578</dst>
      <dst id="15">248.5244</dst>
    </src>
    <src id="18">
      <dst id="12">148035.1644</dst>
      <dst id="13">174.8444</dst>
      <dst id="19">1015.1022</dst>
      <dst id="23">333.8844</dst>
      <dst id="8">286.5422</dst>
      <dst id="4">1379.6000</dst>
      <dst id="1">974.1956</dst>
      <dst id="5">411.8667</dst>
      <dst id="3">253.8756</dst>
      <dst id="22">448.3200</dst>
      <dst id="7">306.3556</dst>
      <dst id="2">44365.7956</dst>
      <dst id="16">29.5556</dst>
      <dst id="14">4.5778</dst>
      <dst id="20">1682.0444</dst>
      <dst id="11">462.4444</dst>
      <dst id="9">47.4311</dst>
      <dst id="17">35888.4622</dst>
      <dst id="21">2430.8000</dst>
      <dst id="15">58.7200</dst>
    </src>
    <src id="4">
      <dst id="12">27291.4578</dst>
      <dst id="19">10221.3689</dst>
      <dst id="23">19.5911</dst>
      <dst id="8">2460.5511</dst>
      <dst id="18">1517.0400</dst>
      <dst id="4">1.4222</dst>
      <dst id="1">5739.9644</dst>
      <dst id="5">3433.3333</dst>
      <dst id="3">91710.9689</dst>
      <dst id="22">10535.0311</dst>
      <dst id="7">20431.9556</dst>
      <dst id="2">69609.3156</dst>
      <dst id="6">14.1511</dst>
      <dst id="16">3375.1822</dst>
      <dst id="14">5734.1156</dst>
      <dst id="20">8105.6889</dst>
      <dst id="11">11590.2311</dst>
      <dst id="9">5675.6000</dst>
      <dst id="17">27423.4222</dst>
      <dst id="21">8306.8889</dst>
      <dst id="15">1415.0222</dst>
    </src>
    <src id="1">
      <dst id="12">22784.4089</dst>
      <dst id="13">444.9244</dst>
      <dst id="19">129.8756</dst>
      <dst id="23">4056.7911</dst>
      <dst id="8">228251.7156</dst>
      <dst id="18">18635.1467</dst>
      <dst id="4">5438.9956</dst>
      <dst id="1">62.0089</dst>
      <dst id="5">297271.6267</dst>
      <dst id="3">75078.7822</dst>
      <dst id="22">15027.8756</dst>
      <dst id="7">17185.1822</dst>
      <dst id="2">5502.5778</dst>
      <dst id="6">9164.8622</dst>
      <dst id="16">9748.5778</dst>
      <dst id="14">1269.1733</dst>
      <dst id="20">1145.3778</dst>
      <dst id="11">3754.9778</dst>
      <dst id="9">414179.0222</dst>
      <dst id="17">3014.4800</dst>
      <dst id="21">29482.2222</dst>
      <dst id="15">111.2800</dst>
    </src>
    <src id="5">
      <dst id="12">351828.6133</dst>
      <dst id="13">1997.0578</dst>
      <dst id="19">80.4978</dst>
      <dst id="23">248.6222</dst>
      <dst id="8">20066.4533</dst>
      <dst id="18">1164.7200</dst>
      <dst id="4">7540.4267</dst>
      <dst id="1">31.0933</dst>
      <dst id="3">1499.5467</dst>
      <dst id="22">5446.6044</dst>
      <dst id="7">225.9467</dst>
      <dst id="2">157463.2356</dst>
      <dst id="6">2.1867</dst>
      <dst id="16">990.9422</dst>
      <dst id="14">16.0711</dst>
      <dst id="20">10941.1822</dst>
      <dst id="11">1373.0222</dst>
      <dst id="9">2382.8000</dst>
      <dst id="17">113061.4578</dst>
      <dst id="21">755.3778</dst>
      <dst id="15">263.5200</dst>
    </src>
    <src id="3">
      <dst id="12">14535.1556</dst>
      <dst id="13">1096.6578</dst>
      <dst id="19">3778.2044</dst>
      <dst id="23">85.5911</dst>
      <dst id="8">1327.3244</dst>
      <dst id="18">209006.4267</dst>
      <dst id="4">48313.8044</dst>
      <dst id="1">13307.4844</dst>
      <dst id="5">734.9867</dst>
      <dst id="3">24052.0622</dst>
      <dst id="22">2407.4222</dst>
      <dst id="7">3528.1689</dst>
      <dst id="2">14732.1244</dst>
      <dst id="6">70.9156</dst>
      <dst id="16">2081.7956</dst>
      <dst id="14">66366.2222</dst>
      <dst id="20">3489.7956</dst>
      <dst id="11">282405.2000</dst>
      <dst id="9">805.1733</dst>
      <dst id="17">5843.1733</dst>
      <dst id="21">22496.6311</dst>
      <dst id="15">615.5378</dst>
    </src>
    <src id="10">
      <dst id="12">22009.5200</dst>
      <dst id="19">1309.8311</dst>
      <dst id="8">1849.5378</dst>
      <dst id="18">8335.9733</dst>
      <dst id="4">0.4622</dst>
      <dst id="1">2182.6844</dst>
      <dst id="5">2906.6489</dst>
      <dst id="3">26415.8756</dst>
      <dst id="22">7650.7467</dst>
      <dst id="7">2730.3733</dst>
      <dst id="2">47153.8489</dst>
      <dst id="6">7.7689</dst>
      <dst id="16">1726.2667</dst>
      <dst id="14">5138.5244</dst>
      <dst id="20">3091.3778</dst>
      <dst id="11">7638.3022</dst>
      <dst id="9">5555.6711</dst>
      <dst id="17">28051.5822</dst>
      <dst id="21">16588.5956</dst>
      <dst id="15">1496.3733</dst>
    </src>
    <src id="22">
      <dst id="12">11878.3111</dst>
      <dst id="13">7566.2400</dst>
      <dst id="19">199.8844</dst>
      <dst id="23">166.2844</dst>
      <dst id="8">5140.7733</dst>
      <dst id="18">673.3511</dst>
      <dst id="4">15768.8356</dst>
      <dst id="1">392.0533</dst>
      <dst id="5">8320.2667</dst>
      <dst id="3">1317.7778</dst>
      <dst id="7">1867.8578</dst>
      <dst id="2">6769.2622</dst>
      <dst id="6">27.5556</dst>
      <dst id="16">1.8844</dst>
      <dst id="14">170.8711</dst>
      <dst id="11">5665.2356</dst>
      <dst id="9">2542.7556</dst>
      <dst id="17">10141.9556</dst>
      <dst id="21">2826.3733</dst>
    </src>
    <src id="7">
      <dst id="12">6751.6711</dst>
      <dst id="13">305.2089</dst>
      <dst id="19">1433.4578</dst>
      <dst id="23">212.4800</dst>
      <dst id="8">393.0222</dst>
      <dst id="18">4020.4000</dst>
      <dst id="4">25693.3956</dst>
      <dst id="1">5583.5467</dst>
      <dst id="5">2339.1556</dst>
      <dst id="3">20083.2089</dst>
      <dst id="22">9374.3022</dst>
      <dst id="7">729.4222</dst>
      <dst id="2">8573.7156</dst>
      <dst id="6">99.0400</dst>
      <dst id="16">2763.0756</dst>
      <dst id="14">239.0222</dst>
      <dst id="20">3155.9200</dst>
      <dst id="11">3301.0133</dst>
      <dst id="9">4318.1600</dst>
      <dst id="17">5464.6933</dst>
      <dst id="21">9710.7911</dst>
      <dst id="15">563.8844</dst>
    </src>
    <src id="2">
      <dst id="12">171920.2667</dst>
      <dst id="13">16027.4222</dst>
      <dst id="19">668.8356</dst>
      <dst id="23">2.2044</dst>
      <dst id="8">1904.8356</dst>
      <dst id="18">164121.2178</dst>
      <dst id="4">88498.7111</dst>
      <dst id="1">1593.4578</dst>
      <dst id="5">2764.3556</dst>
      <dst id="3">4441.7956</dst>
      <dst id="22">4474.4978</dst>
      <dst id="7">4833.8578</dst>
      <dst id="2">1152.4444</dst>
      <dst id="6">6752.5244</dst>
      <dst id="16">2442.2133</dst>
      <dst id="14">1008.0000</dst>
      <dst id="20">1227.3956</dst>
      <dst id="11">11585.8489</dst>
      <dst id="9">1894.6667</dst>
      <dst id="17">48927.5733</dst>
      <dst id="21">19951.9644</dst>
      <dst id="15">413.1822</dst>
    </src>
    <src id="6">
      <dst id="12">9785.6000</dst>
      <dst id="13">12.6044</dst>
      <dst id="19">25.4222</dst>
      <dst id="23">11.8044</dst>
      <dst id="8">50.2400</dst>
      <dst id="4">23.2267</dst>
      <dst id="5">74.0267</dst>
      <dst id="3">88.9333</dst>
      <dst id="22">95.2800</dst>
      <dst id="7">0.7467</dst>
      <dst id="2">1875.5200</dst>
      <dst id="16">0.3556</dst>
      <dst id="20">21.0578</dst>
      <dst id="11">52.5511</dst>
      <dst id="9">37.6622</dst>
      <dst id="17">1679.0311</dst>
      <dst id="21">65.9911</dst>
    </src>
    <src id="16">
      <dst id="12">3357.3422</dst>
      <dst id="13">648.6222</dst>
      <dst id="19">4544.2933</dst>
      <dst id="23">70.2222</dst>
      <dst id="8">14447.4667</dst>
      <dst id="18">202.6667</dst>
      <dst id="4">3927.6000</dst>
      <dst id="1">20576.8622</dst>
      <dst id="5">11202.4978</dst>
      <dst id="3">2634.4622</dst>
      <dst id="7">1812.7200</dst>
      <dst id="2">1697.6800</dst>
      <dst id="16">25.1200</dst>
      <dst id="14">582.3467</dst>
      <dst id="11">1136.9067</dst>
      <dst id="9">15111.6089</dst>
      <dst id="17">1674.3733</dst>
      <dst id="21">918.9067</dst>
    </src>
    <src id="14">
      <dst id="12">27906.1244</dst>
      <dst id="13">21.3689</dst>
      <dst id="19">22.2222</dst>
      <dst id="23">8.8711</dst>
      <dst id="8">1.2800</dst>
      <dst id="4">2129.0400</dst>
      <dst id="1">129.5467</dst>
      <dst id="5">26.5956</dst>
      <dst id="3">615.2267</dst>
      <dst id="22">155.9733</dst>
      <dst id="7">80.0978</dst>
      <dst id="2">6737.0667</dst>
      <dst id="16">44.2133</dst>
      <dst id="20">153.8311</dst>
      <dst id="11">253.2356</dst>
      <dst id="9">0.5244</dst>
      <dst id="17">4480.3111</dst>
      <dst id="21">111.6711</dst>
      <dst id="15">12.6222</dst>
    </src>
    <src id="20">
      <dst id="12">7443.8044</dst>
      <dst id="13">16689.8756</dst>
      <dst id="19">18.1689</dst>
      <dst id="23">214.2933</dst>
      <dst id="8">248.8089</dst>
      <dst id="18">434.4267</dst>
      <dst id="4">12805.7689</dst>
      <dst id="1">313.0667</dst>
      <dst id="5">3481.2089</dst>
      <dst id="3">1670.7556</dst>
      <dst id="7">1653.7244</dst>
      <dst id="2">9253.5111</dst>
      <dst id="6">0.3556</dst>
      <dst id="14">5.0489</dst>
      <dst id="11">714.9600</dst>
      <dst id="9">10359.3333</dst>
      <dst id="17">32929.4933</dst>
      <dst id="21">1297.9022</dst>
    </src>
    <src id="11">
      <dst id="12">479603.2622</dst>
      <dst id="13">2324.0267</dst>
      <dst id="19">1684.0889</dst>
      <dst id="23">1202.0978</dst>
      <dst id="8">4141.4400</dst>
      <dst id="18">457.8311</dst>
      <dst id="4">11972.5511</dst>
      <dst id="1">649.6622</dst>
      <dst id="5">1944.1422</dst>
      <dst id="3">1658.2578</dst>
      <dst id="22">5568.4622</dst>
      <dst id="7">413.6267</dst>
      <dst id="2">175226.6756</dst>
      <dst id="6">13.4667</dst>
      <dst id="16">246.7022</dst>
      <dst id="14">1121.3244</dst>
      <dst id="20">1144.1511</dst>
      <dst id="11">6995.8756</dst>
      <dst id="9">1773.9467</dst>
      <dst id="17">102846.9956</dst>
      <dst id="21">2508.2667</dst>
      <dst id="15">749.2978</dst>
    </src>
    <src id="9">
      <dst id="12">610045.8933</dst>
      <dst id="13">3337.7600</dst>
      <dst id="19">1288.2044</dst>
      <dst id="23">2.8356</dst>
      <dst id="8">2357.2533</dst>
      <dst id="18">116.0622</dst>
      <dst id="4">15600.6667</dst>
      <dst id="1">9914.4000</dst>
      <dst id="5">4275.3600</dst>
      <dst id="3">2107.1822</dst>
      <dst id="22">6593.7333</dst>
      <dst id="7">1594.2933</dst>
      <dst id="2">212838.5867</dst>
      <dst id="6">19.7333</dst>
      <dst id="16">961.6889</dst>
      <dst id="14">14.5156</dst>
      <dst id="20">7019.1556</dst>
      <dst id="11">3808.9067</dst>
      <dst id="9">1194.3644</dst>
      <dst id="17">154065.4044</dst>
      <dst id="21">7725.2889</dst>
      <dst id="15">10959.8133</dst>
    </src>
    <src id="17">
      <dst id="12">19300.6844</dst>
      <dst id="13">4953.5733</dst>
      <dst id="19">8635.1289</dst>
      <dst id="23">395.3511</dst>
      <dst id="8">225329.5467</dst>
      <dst id="18">826.5333</dst>
      <dst id="4">64364.0889</dst>
      <dst id="1">2210.7733</dst>
      <dst id="5">276150.3289</dst>
      <dst id="3">44263.5556</dst>
      <dst id="22">22373.8133</dst>
      <dst id="7">17807.2267</dst>
      <dst id="2">15053.1111</dst>
      <dst id="6">276.0178</dst>
      <dst id="16">11722.1600</dst>
      <dst id="14">46449.2444</dst>
      <dst id="20">2035.6089</dst>
      <dst id="11">214293.0222</dst>
      <dst id="9">350828.7111</dst>
      <dst id="17">981.0400</dst>
      <dst id="21">18841.1644</dst>
      <dst id="15">207.1733</dst>
    </src>
    <src id="21">
      <dst id="12">20902.1244</dst>
      <dst id="13">1029.7600</dst>
      <dst id="19">591.4756</dst>
      <dst id="23">672.1511</dst>
      <dst id="8">522.0800</dst>
      <dst id="18">3406.9156</dst>
      <dst id="4">33818.1689</dst>
      <dst id="1">2167.1022</dst>
      <dst id="5">2010.0356</dst>
      <dst id="3">6731.2622</dst>
      <dst id="22">2453.0311</dst>
      <dst id="7">6423.2800</dst>
      <dst id="2">11146.6578</dst>
      <dst id="6">7.3422</dst>
      <dst id="16">426.3467</dst>
      <dst id="14">130.5956</dst>
      <dst id="20">391.6711</dst>
      <dst id="11">1040.8000</dst>
      <dst id="9">1764.1333</dst>
      <dst id="17">38790.2489</dst>
      <dst id="21">3846.3467</dst>
      <dst id="15">418.5333</dst>
    </src>
    <src id="15">
      <dst id="12">3443.1733</dst>
      <dst id="13">4974.3733</dst>
      <dst id="19">1.5378</dst>
      <dst id="23">14.7733</dst>
      <dst id="8">254.6400</dst>
      <dst id="18">38.2578</dst>
      <dst id="4">4662.5956</dst>
      <dst id="1">112.7911</dst>
      <dst id="5">242.2489</dst>
      <dst id="3">707.8489</dst>
      <dst id="7">19.0222</dst>
      <dst id="2">1789.0133</dst>
      <dst id="6">4.9244</dst>
      <dst id="14">0.4267</dst>
      <dst id="11">1031.1733</dst>
      <dst id="9">3174.0622</dst>
      <dst id="17">228.0711</dst>
      <dst id="21">411.1111</dst>
    </src>
  </IntraTM>
</TrafficMatrixFile>
