<?xml version="1.0" encoding="UTF-8" standalone="yes"?>
<TrafficMatrixFile xmlns:xsi="http://www.w3.org/2001/XMLSchema-instance" xsi:noNamespaceSchemaLocation="http://totem.run.montefiore.ulg.ac.be/Schema/TrafficMatrix-v1_2.xsd">
  <info>
    <title>Intradomain traffic matrix generated by geant-TM-all.pl</title>
    <date>2005-01-01T07:30:00</date>
    <duration>900</duration>
    <author>Steve Uhlig</author>
    <units>
        <unit type="bandwidth" value="kbps"/>
    </units>
  </info>
  <IntraTM ASID="20965">
    <src id="12">
      <dst id="12">268719.5289</dst>
      <dst id="13">32356.3289</dst>
      <dst id="19">4686.7289</dst>
      <dst id="23">837.1289</dst>
      <dst id="8">4115.6711</dst>
      <dst id="18">405.5467</dst>
      <dst id="4">135449.8222</dst>
      <dst id="1">12810.1511</dst>
      <dst id="5">4417.0133</dst>
      <dst id="3">6340.2222</dst>
      <dst id="22">30809.7422</dst>
      <dst id="7">10126.8444</dst>
      <dst id="2">88398.2756</dst>
      <dst id="6">134.0089</dst>
      <dst id="16">9883.5378</dst>
      <dst id="14">1202.4178</dst>
      <dst id="20">7086.4356</dst>
      <dst id="11">2860.7911</dst>
      <dst id="9">13067.8489</dst>
      <dst id="17">71930.1244</dst>
      <dst id="21">15670.0089</dst>
      <dst id="15">1613.6533</dst>
    </src>
    <src id="13">
      <dst id="12">60486.5867</dst>
      <dst id="19">8807.9200</dst>
      <dst id="23">83.1289</dst>
      <dst id="8">4188.7289</dst>
      <dst id="18">2788.5600</dst>
      <dst id="4">1.0667</dst>
      <dst id="1">2278.0889</dst>
      <dst id="5">7391.3156</dst>
      <dst id="3">9851.2533</dst>
      <dst id="22">24493.2800</dst>
      <dst id="7">12527.2978</dst>
      <dst id="2">120037.2000</dst>
      <dst id="6">59.3244</dst>
      <dst id="16">13118.6489</dst>
      <dst id="14">2285.3156</dst>
      <dst id="20">10045.3244</dst>
      <dst id="11">17926.2222</dst>
      <dst id="9">16984.3911</dst>
      <dst id="17">80152.7911</dst>
      <dst id="21">17182.8267</dst>
      <dst id="15">3818.9778</dst>
    </src>
    <src id="19">
      <dst id="12">13904.4356</dst>
      <dst id="13">5359.4222</dst>
      <dst id="23">0.5244</dst>
      <dst id="8">43.7600</dst>
      <dst id="18">63.4667</dst>
      <dst id="4">20412.4533</dst>
      <dst id="1">96.1956</dst>
      <dst id="5">2.4622</dst>
      <dst id="3">222.5867</dst>
      <dst id="22">2618.2489</dst>
      <dst id="7">3230.7467</dst>
      <dst id="2">1175.9022</dst>
      <dst id="6">105.5467</dst>
      <dst id="16">7738.4178</dst>
      <dst id="14">0.4622</dst>
      <dst id="20">52.7822</dst>
      <dst id="11">879.5200</dst>
      <dst id="9">116.9600</dst>
      <dst id="17">667.7511</dst>
      <dst id="21">514.4800</dst>
      <dst id="15">27.8400</dst>
    </src>
    <src id="23">
      <dst id="12">322.7556</dst>
      <dst id="13">110.2311</dst>
      <dst id="4">70.3467</dst>
      <dst id="1">37.8667</dst>
      <dst id="5">94.3200</dst>
      <dst id="3">1.0667</dst>
      <dst id="22">40.0000</dst>
      <dst id="7">141.3422</dst>
      <dst id="2">35.0044</dst>
      <dst id="16">1969.1733</dst>
      <dst id="14">12.6222</dst>
      <dst id="20">40.7111</dst>
      <dst id="11">8016.4978</dst>
      <dst id="9">836.5067</dst>
      <dst id="17">5867.9822</dst>
      <dst id="21">940.9778</dst>
      <dst id="15">133.3333</dst>
    </src>
    <src id="8">
      <dst id="12">368710.8000</dst>
      <dst id="13">490.5422</dst>
      <dst id="19">1.2711</dst>
      <dst id="18">80.2400</dst>
      <dst id="4">10302.2400</dst>
      <dst id="1">41.3600</dst>
      <dst id="5">1223.0044</dst>
      <dst id="3">69.7956</dst>
      <dst id="22">1024.0800</dst>
      <dst id="7">377.9200</dst>
      <dst id="2">139015.1289</dst>
      <dst id="16">2213.2178</dst>
      <dst id="20">492.7733</dst>
      <dst id="11">231.8756</dst>
      <dst id="9">161.6267</dst>
      <dst id="17">79483.2800</dst>
      <dst id="21">85.6444</dst>
      <dst id="15">28.9156</dst>
    </src>
    <src id="18">
      <dst id="12">141837.7511</dst>
      <dst id="13">229.8133</dst>
      <dst id="19">8.8356</dst>
      <dst id="23">1.1378</dst>
      <dst id="8">6.8089</dst>
      <dst id="4">1518.9333</dst>
      <dst id="1">693.7244</dst>
      <dst id="5">307.0311</dst>
      <dst id="3">55.5822</dst>
      <dst id="22">796.3733</dst>
      <dst id="7">29.2089</dst>
      <dst id="2">43486.9067</dst>
      <dst id="16">77.5022</dst>
      <dst id="14">14.3289</dst>
      <dst id="20">0.4622</dst>
      <dst id="11">176.6756</dst>
      <dst id="9">88.8444</dst>
      <dst id="17">36132.5422</dst>
      <dst id="21">1036.5867</dst>
      <dst id="15">10.5067</dst>
    </src>
    <src id="4">
      <dst id="12">69608.0978</dst>
      <dst id="19">10474.8533</dst>
      <dst id="8">897.4489</dst>
      <dst id="18">1402.6400</dst>
      <dst id="4">0.3556</dst>
      <dst id="1">1840.1244</dst>
      <dst id="5">1132.0178</dst>
      <dst id="3">7519.1556</dst>
      <dst id="22">6364.5867</dst>
      <dst id="7">9482.5867</dst>
      <dst id="2">67778.5689</dst>
      <dst id="6">37.3333</dst>
      <dst id="16">1687.9822</dst>
      <dst id="14">1211.3422</dst>
      <dst id="20">1116.1333</dst>
      <dst id="11">8981.8222</dst>
      <dst id="9">2140.6756</dst>
      <dst id="17">45414.6489</dst>
      <dst id="21">6910.0178</dst>
      <dst id="15">2076.5156</dst>
    </src>
    <src id="1">
      <dst id="12">19397.4400</dst>
      <dst id="13">455.0133</dst>
      <dst id="19">2510.9956</dst>
      <dst id="23">40.2756</dst>
      <dst id="8">120544.3111</dst>
      <dst id="18">12834.7111</dst>
      <dst id="4">13996.9333</dst>
      <dst id="1">64.6222</dst>
      <dst id="5">212217.8222</dst>
      <dst id="3">33666.9778</dst>
      <dst id="22">5043.3956</dst>
      <dst id="7">15047.8311</dst>
      <dst id="2">7041.9200</dst>
      <dst id="6">10246.0978</dst>
      <dst id="16">16054.1778</dst>
      <dst id="14">114.3733</dst>
      <dst id="20">164.2133</dst>
      <dst id="11">1070.4889</dst>
      <dst id="9">225533.1467</dst>
      <dst id="17">2201.1200</dst>
      <dst id="21">12926.6489</dst>
      <dst id="15">86.3378</dst>
    </src>
    <src id="5">
      <dst id="12">371755.1111</dst>
      <dst id="13">897.9289</dst>
      <dst id="19">23.6889</dst>
      <dst id="23">97.0400</dst>
      <dst id="8">942.9422</dst>
      <dst id="18">289.9911</dst>
      <dst id="4">8369.7422</dst>
      <dst id="1">150.1956</dst>
      <dst id="3">278.9956</dst>
      <dst id="22">10058.8089</dst>
      <dst id="7">2008.9778</dst>
      <dst id="2">162293.1378</dst>
      <dst id="6">0.3556</dst>
      <dst id="16">796.3556</dst>
      <dst id="14">72.3733</dst>
      <dst id="20">2113.6356</dst>
      <dst id="11">1593.3867</dst>
      <dst id="9">718.6311</dst>
      <dst id="17">89226.4978</dst>
      <dst id="21">888.0089</dst>
      <dst id="15">540.2756</dst>
    </src>
    <src id="3">
      <dst id="12">10645.7600</dst>
      <dst id="13">1836.5333</dst>
      <dst id="19">1372.0000</dst>
      <dst id="23">48.6756</dst>
      <dst id="8">236.2222</dst>
      <dst id="18">92120.5511</dst>
      <dst id="4">73380.3467</dst>
      <dst id="1">28831.9289</dst>
      <dst id="5">299.9200</dst>
      <dst id="3">12945.2622</dst>
      <dst id="22">1170.7200</dst>
      <dst id="7">2361.0844</dst>
      <dst id="2">3854.8711</dst>
      <dst id="6">10.4889</dst>
      <dst id="16">1479.2533</dst>
      <dst id="14">31835.6178</dst>
      <dst id="20">6586.4978</dst>
      <dst id="11">133627.7867</dst>
      <dst id="9">5165.9467</dst>
      <dst id="17">12327.4933</dst>
      <dst id="21">9543.3778</dst>
      <dst id="15">37.4222</dst>
    </src>
    <src id="10">
      <dst id="12">17724.1778</dst>
      <dst id="19">746.7467</dst>
      <dst id="8">2064.0444</dst>
      <dst id="18">5518.4178</dst>
      <dst id="1">473.6267</dst>
      <dst id="5">2176.3911</dst>
      <dst id="3">5772.6489</dst>
      <dst id="22">10791.2889</dst>
      <dst id="7">7634.2222</dst>
      <dst id="2">21309.0222</dst>
      <dst id="6">1.3244</dst>
      <dst id="16">7541.4844</dst>
      <dst id="14">628.4622</dst>
      <dst id="20">5774.6222</dst>
      <dst id="11">4515.2356</dst>
      <dst id="9">4648.9422</dst>
      <dst id="17">28893.4133</dst>
      <dst id="21">26267.4044</dst>
      <dst id="15">1244.0711</dst>
    </src>
    <src id="22">
      <dst id="12">6523.2267</dst>
      <dst id="13">1940.0622</dst>
      <dst id="19">187.5644</dst>
      <dst id="23">1.1733</dst>
      <dst id="8">2332.3467</dst>
      <dst id="18">3923.7422</dst>
      <dst id="4">25019.4489</dst>
      <dst id="1">470.9333</dst>
      <dst id="5">4963.1289</dst>
      <dst id="3">881.0044</dst>
      <dst id="7">2157.5733</dst>
      <dst id="2">4223.1111</dst>
      <dst id="6">24.9600</dst>
      <dst id="16">14.8267</dst>
      <dst id="14">179.8044</dst>
      <dst id="11">4673.1378</dst>
      <dst id="9">1937.9200</dst>
      <dst id="17">2636.3733</dst>
      <dst id="21">1612.3022</dst>
    </src>
    <src id="7">
      <dst id="12">3955.1289</dst>
      <dst id="13">575.3956</dst>
      <dst id="19">274.8267</dst>
      <dst id="23">148.4533</dst>
      <dst id="8">2666.9778</dst>
      <dst id="18">1849.8667</dst>
      <dst id="4">57084.5778</dst>
      <dst id="1">1028.5600</dst>
      <dst id="5">825.2444</dst>
      <dst id="3">3118.1156</dst>
      <dst id="22">6988.3911</dst>
      <dst id="7">623.6089</dst>
      <dst id="2">6586.1600</dst>
      <dst id="6">3.8756</dst>
      <dst id="16">2882.4356</dst>
      <dst id="14">191.0133</dst>
      <dst id="20">1721.1556</dst>
      <dst id="11">491.7244</dst>
      <dst id="9">980.9156</dst>
      <dst id="17">8883.6711</dst>
      <dst id="21">3694.9422</dst>
      <dst id="15">140.3378</dst>
    </src>
    <src id="2">
      <dst id="12">99101.0667</dst>
      <dst id="13">23789.3244</dst>
      <dst id="19">2422.0622</dst>
      <dst id="8">414.7022</dst>
      <dst id="18">81555.6978</dst>
      <dst id="4">129751.1200</dst>
      <dst id="1">1680.2933</dst>
      <dst id="5">6673.4756</dst>
      <dst id="3">2396.9067</dst>
      <dst id="22">4285.4044</dst>
      <dst id="7">2078.4267</dst>
      <dst id="2">368.4267</dst>
      <dst id="6">7201.1733</dst>
      <dst id="16">11613.4400</dst>
      <dst id="14">136.9333</dst>
      <dst id="20">1712.4978</dst>
      <dst id="11">4341.5111</dst>
      <dst id="9">989.0044</dst>
      <dst id="17">27505.2889</dst>
      <dst id="21">5576.9067</dst>
      <dst id="15">444.7022</dst>
    </src>
    <src id="6">
      <dst id="12">10823.6800</dst>
      <dst id="13">1.6000</dst>
      <dst id="19">3.4311</dst>
      <dst id="8">2.0711</dst>
      <dst id="4">41.4311</dst>
      <dst id="1">1.1289</dst>
      <dst id="22">15.0311</dst>
      <dst id="7">13.6178</dst>
      <dst id="2">2027.7333</dst>
      <dst id="16">1.8667</dst>
      <dst id="20">1.7422</dst>
      <dst id="17">1941.8044</dst>
      <dst id="21">0.3556</dst>
    </src>
    <src id="16">
      <dst id="12">3271.9556</dst>
      <dst id="13">544.2578</dst>
      <dst id="19">4132.9511</dst>
      <dst id="23">68.8178</dst>
      <dst id="8">4850.2400</dst>
      <dst id="18">84.9867</dst>
      <dst id="4">7061.8756</dst>
      <dst id="1">16439.3600</dst>
      <dst id="5">2447.7511</dst>
      <dst id="3">1141.1911</dst>
      <dst id="22">0.3556</dst>
      <dst id="7">2108.7822</dst>
      <dst id="2">1567.5556</dst>
      <dst id="6">11.6978</dst>
      <dst id="16">41.1822</dst>
      <dst id="14">9.1200</dst>
      <dst id="11">758.9511</dst>
      <dst id="9">18297.2267</dst>
      <dst id="17">2724.3733</dst>
      <dst id="21">257.7778</dst>
    </src>
    <src id="14">
      <dst id="12">20608.6400</dst>
      <dst id="13">63.6711</dst>
      <dst id="19">3.9378</dst>
      <dst id="8">0.4622</dst>
      <dst id="18">1.0311</dst>
      <dst id="4">2755.4311</dst>
      <dst id="1">25.3600</dst>
      <dst id="5">1.0667</dst>
      <dst id="3">89.2622</dst>
      <dst id="22">304.7289</dst>
      <dst id="7">47.4311</dst>
      <dst id="2">5364.3733</dst>
      <dst id="16">8.6222</dst>
      <dst id="20">2.2667</dst>
      <dst id="11">38.8089</dst>
      <dst id="9">63.4489</dst>
      <dst id="17">3549.4222</dst>
      <dst id="21">111.5022</dst>
      <dst id="15">0.4622</dst>
    </src>
    <src id="20">
      <dst id="12">4175.1289</dst>
      <dst id="13">1255.4578</dst>
      <dst id="19">141.1200</dst>
      <dst id="23">39.9289</dst>
      <dst id="8">123.7956</dst>
      <dst id="18">68.1778</dst>
      <dst id="4">16388.2844</dst>
      <dst id="1">135.9733</dst>
      <dst id="5">1270.5867</dst>
      <dst id="3">1019.4578</dst>
      <dst id="7">489.0400</dst>
      <dst id="2">8368.2044</dst>
      <dst id="11">12335.6622</dst>
      <dst id="9">824.7822</dst>
      <dst id="17">3581.2089</dst>
      <dst id="21">669.2889</dst>
    </src>
    <src id="11">
      <dst id="12">428529.9289</dst>
      <dst id="13">2506.1156</dst>
      <dst id="19">77.2089</dst>
      <dst id="23">235.6622</dst>
      <dst id="8">165.1467</dst>
      <dst id="18">84.0178</dst>
      <dst id="4">18046.6578</dst>
      <dst id="1">735.3422</dst>
      <dst id="5">660.4178</dst>
      <dst id="3">3603.9111</dst>
      <dst id="22">7365.7156</dst>
      <dst id="7">246.7022</dst>
      <dst id="2">167595.8756</dst>
      <dst id="16">1029.5111</dst>
      <dst id="14">26.3111</dst>
      <dst id="20">1259.5733</dst>
      <dst id="11">2171.0222</dst>
      <dst id="9">1597.0400</dst>
      <dst id="17">91709.3778</dst>
      <dst id="21">1785.1556</dst>
      <dst id="15">93.3778</dst>
    </src>
    <src id="9">
      <dst id="12">522932.6933</dst>
      <dst id="13">15164.6933</dst>
      <dst id="19">810.4800</dst>
      <dst id="23">34.4622</dst>
      <dst id="8">263.3067</dst>
      <dst id="18">286.6311</dst>
      <dst id="4">19144.3822</dst>
      <dst id="1">120.9778</dst>
      <dst id="5">4444.6400</dst>
      <dst id="3">345.9378</dst>
      <dst id="22">3559.2267</dst>
      <dst id="7">132.2400</dst>
      <dst id="2">171838.9422</dst>
      <dst id="6">8.8000</dst>
      <dst id="16">609.5822</dst>
      <dst id="14">7.0222</dst>
      <dst id="20">5821.6267</dst>
      <dst id="11">739.5733</dst>
      <dst id="9">2642.0800</dst>
      <dst id="17">127379.3778</dst>
      <dst id="21">532.5511</dst>
      <dst id="15">590.8533</dst>
    </src>
    <src id="17">
      <dst id="12">9097.0400</dst>
      <dst id="13">2844.1067</dst>
      <dst id="19">15360.1244</dst>
      <dst id="23">124.0267</dst>
      <dst id="8">135246.6667</dst>
      <dst id="18">989.1822</dst>
      <dst id="4">98547.4400</dst>
      <dst id="1">562.0178</dst>
      <dst id="5">199451.5467</dst>
      <dst id="3">22739.1022</dst>
      <dst id="22">10661.4933</dst>
      <dst id="7">18597.4578</dst>
      <dst id="2">9685.3511</dst>
      <dst id="6">627.3511</dst>
      <dst id="16">9070.6933</dst>
      <dst id="14">26351.1822</dst>
      <dst id="20">767.8222</dst>
      <dst id="11">102794.3822</dst>
      <dst id="9">210194.1600</dst>
      <dst id="17">1558.8356</dst>
      <dst id="21">7812.0978</dst>
      <dst id="15">448.1689</dst>
    </src>
    <src id="21">
      <dst id="12">22855.7600</dst>
      <dst id="13">722.9156</dst>
      <dst id="19">3178.1511</dst>
      <dst id="23">86.6667</dst>
      <dst id="8">39.4133</dst>
      <dst id="18">3847.3156</dst>
      <dst id="4">27345.4933</dst>
      <dst id="1">2191.7867</dst>
      <dst id="5">700.4444</dst>
      <dst id="3">982.7289</dst>
      <dst id="22">1616.2933</dst>
      <dst id="7">870.7289</dst>
      <dst id="2">12936.9867</dst>
      <dst id="6">0.6578</dst>
      <dst id="16">104.1778</dst>
      <dst id="14">243.5822</dst>
      <dst id="20">140.2667</dst>
      <dst id="11">2989.2089</dst>
      <dst id="9">614.7022</dst>
      <dst id="17">4454.7644</dst>
      <dst id="21">2487.8844</dst>
      <dst id="15">57.6178</dst>
    </src>
    <src id="15">
      <dst id="12">1081.4756</dst>
      <dst id="13">2566.2578</dst>
      <dst id="19">14.4800</dst>
      <dst id="23">6.5689</dst>
      <dst id="8">217.1467</dst>
      <dst id="18">81.3867</dst>
      <dst id="4">9911.4489</dst>
      <dst id="1">39.2800</dst>
      <dst id="5">338.6311</dst>
      <dst id="3">385.6356</dst>
      <dst id="7">23.5022</dst>
      <dst id="2">902.3111</dst>
      <dst id="14">1.6178</dst>
      <dst id="11">111.4044</dst>
      <dst id="9">621.7244</dst>
      <dst id="17">2467.4667</dst>
      <dst id="21">251.0933</dst>
    </src>
  </IntraTM>
</TrafficMatrixFile>
