<?xml version="1.0" encoding="UTF-8" standalone="yes"?>
<TrafficMatrixFile xmlns:xsi="http://www.w3.org/2001/XMLSchema-instance" xsi:noNamespaceSchemaLocation="http://totem.run.montefiore.ulg.ac.be/Schema/TrafficMatrix-v1_2.xsd">
  <info>
    <title>Intradomain traffic matrix generated by geant-TM-all.pl</title>
    <date>2005-01-02T08:45:00</date>
    <duration>900</duration>
    <author>Steve Uhlig</author>
    <units>
        <unit type="bandwidth" value="kbps"/>
    </units>
  </info>
  <IntraTM ASID="20965">
    <src id="12">
      <dst id="12">254784.2044</dst>
      <dst id="13">22332.2933</dst>
      <dst id="19">2760.8178</dst>
      <dst id="23">10789.6089</dst>
      <dst id="8">2037.1556</dst>
      <dst id="18">687.8311</dst>
      <dst id="4">95091.0311</dst>
      <dst id="1">6753.6178</dst>
      <dst id="5">4918.6133</dst>
      <dst id="3">5128.3022</dst>
      <dst id="22">13182.4889</dst>
      <dst id="7">3724.7733</dst>
      <dst id="2">81377.3689</dst>
      <dst id="6">4.3022</dst>
      <dst id="16">5117.0933</dst>
      <dst id="14">418.1867</dst>
      <dst id="20">7263.3600</dst>
      <dst id="11">2746.1422</dst>
      <dst id="9">5723.6800</dst>
      <dst id="17">75719.2800</dst>
      <dst id="21">18623.4756</dst>
      <dst id="15">163.1822</dst>
    </src>
    <src id="13">
      <dst id="12">98032.6400</dst>
      <dst id="19">6116.2489</dst>
      <dst id="23">20.6933</dst>
      <dst id="8">2399.4400</dst>
      <dst id="18">4016.4444</dst>
      <dst id="4">0.4622</dst>
      <dst id="1">4165.3867</dst>
      <dst id="5">9887.0667</dst>
      <dst id="3">4244.7022</dst>
      <dst id="22">28936.2311</dst>
      <dst id="7">23904.0444</dst>
      <dst id="2">110174.7644</dst>
      <dst id="6">40.9867</dst>
      <dst id="16">8333.9022</dst>
      <dst id="14">2761.5733</dst>
      <dst id="20">18023.2622</dst>
      <dst id="11">14677.6000</dst>
      <dst id="9">14606.3911</dst>
      <dst id="17">45241.6267</dst>
      <dst id="21">15966.8711</dst>
      <dst id="15">4992.2489</dst>
    </src>
    <src id="19">
      <dst id="12">13643.3689</dst>
      <dst id="13">1687.5467</dst>
      <dst id="8">13.8311</dst>
      <dst id="18">23.0756</dst>
      <dst id="4">18112.9600</dst>
      <dst id="1">386.6400</dst>
      <dst id="5">18.2756</dst>
      <dst id="22">1499.2711</dst>
      <dst id="7">2776.7467</dst>
      <dst id="2">6774.9244</dst>
      <dst id="6">37.4756</dst>
      <dst id="16">6553.7956</dst>
      <dst id="14">0.9244</dst>
      <dst id="20">82.4978</dst>
      <dst id="11">129.6178</dst>
      <dst id="9">2008.2844</dst>
      <dst id="17">136.9600</dst>
      <dst id="21">2567.7333</dst>
      <dst id="15">1680.2844</dst>
    </src>
    <src id="23">
      <dst id="12">421.9822</dst>
      <dst id="13">51.7511</dst>
      <dst id="19">2.7200</dst>
      <dst id="8">60.4089</dst>
      <dst id="18">16.2756</dst>
      <dst id="4">21.6178</dst>
      <dst id="1">43.5911</dst>
      <dst id="5">3.0133</dst>
      <dst id="3">32.7467</dst>
      <dst id="22">286.2756</dst>
      <dst id="7">29.3333</dst>
      <dst id="2">37.9822</dst>
      <dst id="6">1.1378</dst>
      <dst id="16">28.2933</dst>
      <dst id="14">1.1111</dst>
      <dst id="20">2.3822</dst>
      <dst id="11">6.3022</dst>
      <dst id="9">353.3422</dst>
      <dst id="17">242.4089</dst>
      <dst id="21">1732.1333</dst>
    </src>
    <src id="8">
      <dst id="12">297514.6400</dst>
      <dst id="13">696.1867</dst>
      <dst id="19">1.7867</dst>
      <dst id="23">2519.0044</dst>
      <dst id="18">90.8089</dst>
      <dst id="4">5929.7600</dst>
      <dst id="1">8.5333</dst>
      <dst id="5">1431.1378</dst>
      <dst id="22">719.7156</dst>
      <dst id="7">12.1600</dst>
      <dst id="2">113882.6756</dst>
      <dst id="16">263.6356</dst>
      <dst id="20">175.9644</dst>
      <dst id="11">87.1644</dst>
      <dst id="9">343.3511</dst>
      <dst id="17">115486.4444</dst>
      <dst id="21">301.4311</dst>
      <dst id="15">301.8844</dst>
    </src>
    <src id="18">
      <dst id="12">101004.3289</dst>
      <dst id="13">165.4400</dst>
      <dst id="19">1097.9911</dst>
      <dst id="23">2.5956</dst>
      <dst id="8">387.8667</dst>
      <dst id="4">2689.6978</dst>
      <dst id="1">567.7956</dst>
      <dst id="5">458.3733</dst>
      <dst id="3">41.2800</dst>
      <dst id="22">796.9600</dst>
      <dst id="7">17.5911</dst>
      <dst id="2">32692.2311</dst>
      <dst id="16">22.0267</dst>
      <dst id="20">51.6800</dst>
      <dst id="11">91.5556</dst>
      <dst id="9">352.5067</dst>
      <dst id="17">41080.3733</dst>
      <dst id="21">356.0533</dst>
      <dst id="15">15.2178</dst>
    </src>
    <src id="4">
      <dst id="12">10383.8222</dst>
      <dst id="19">5679.0311</dst>
      <dst id="23">0.4622</dst>
      <dst id="8">792.3200</dst>
      <dst id="18">1602.6044</dst>
      <dst id="4">1.0311</dst>
      <dst id="1">11966.0622</dst>
      <dst id="5">1682.9333</dst>
      <dst id="3">79.1556</dst>
      <dst id="22">5464.4356</dst>
      <dst id="7">28124.8267</dst>
      <dst id="2">70164.9244</dst>
      <dst id="6">1.2444</dst>
      <dst id="16">2277.9022</dst>
      <dst id="14">1005.2622</dst>
      <dst id="20">899.6000</dst>
      <dst id="11">6993.7422</dst>
      <dst id="9">2045.4222</dst>
      <dst id="17">30761.0933</dst>
      <dst id="21">6329.5378</dst>
      <dst id="15">262.6044</dst>
    </src>
    <src id="1">
      <dst id="12">15258.6756</dst>
      <dst id="13">1346.3467</dst>
      <dst id="19">32.3467</dst>
      <dst id="23">4.3378</dst>
      <dst id="8">99554.7644</dst>
      <dst id="18">10609.2711</dst>
      <dst id="4">14456.2222</dst>
      <dst id="1">13028.5867</dst>
      <dst id="5">181389.7244</dst>
      <dst id="3">59.4933</dst>
      <dst id="22">4025.8311</dst>
      <dst id="7">746.0000</dst>
      <dst id="2">2702.9244</dst>
      <dst id="6">6832.9244</dst>
      <dst id="16">10192.5333</dst>
      <dst id="14">42.0444</dst>
      <dst id="20">215.5733</dst>
      <dst id="11">113.8044</dst>
      <dst id="9">180966.2222</dst>
      <dst id="17">2197.1200</dst>
      <dst id="21">1799.5644</dst>
      <dst id="15">119.9467</dst>
    </src>
    <src id="5">
      <dst id="12">293584.9600</dst>
      <dst id="13">976.0267</dst>
      <dst id="19">74.9511</dst>
      <dst id="23">93.6889</dst>
      <dst id="8">856.6133</dst>
      <dst id="18">961.4489</dst>
      <dst id="4">6255.6711</dst>
      <dst id="1">249.1378</dst>
      <dst id="3">4.6222</dst>
      <dst id="22">4033.1111</dst>
      <dst id="7">131.6800</dst>
      <dst id="2">139862.8978</dst>
      <dst id="16">260.6578</dst>
      <dst id="14">1.7244</dst>
      <dst id="20">295.0756</dst>
      <dst id="11">897.2444</dst>
      <dst id="9">751.4489</dst>
      <dst id="17">115105.2711</dst>
      <dst id="21">331.5289</dst>
      <dst id="15">201.5733</dst>
    </src>
    <src id="3">
      <dst id="12">23687.3067</dst>
      <dst id="13">985.4222</dst>
      <dst id="19">4352.3556</dst>
      <dst id="23">3.6978</dst>
      <dst id="8">35.9467</dst>
      <dst id="18">77724.9956</dst>
      <dst id="4">22135.2356</dst>
      <dst id="1">5916.0533</dst>
      <dst id="5">624.4622</dst>
      <dst id="3">13492.4444</dst>
      <dst id="22">1315.0667</dst>
      <dst id="7">10371.6711</dst>
      <dst id="2">3423.7600</dst>
      <dst id="6">0.6311</dst>
      <dst id="16">941.2978</dst>
      <dst id="14">34309.5822</dst>
      <dst id="20">30.9867</dst>
      <dst id="11">139439.5556</dst>
      <dst id="9">120.0267</dst>
      <dst id="17">32485.2089</dst>
      <dst id="21">4048.9689</dst>
      <dst id="15">159.2000</dst>
    </src>
    <src id="10">
      <dst id="12">15198.8622</dst>
      <dst id="19">752.3556</dst>
      <dst id="8">580.1956</dst>
      <dst id="18">2660.6133</dst>
      <dst id="1">1585.6267</dst>
      <dst id="5">1177.2000</dst>
      <dst id="3">14156.0444</dst>
      <dst id="22">12541.7244</dst>
      <dst id="7">15034.1600</dst>
      <dst id="2">28319.6356</dst>
      <dst id="16">899.4844</dst>
      <dst id="14">4298.2756</dst>
      <dst id="20">2934.9511</dst>
      <dst id="11">3512.2400</dst>
      <dst id="9">6653.9289</dst>
      <dst id="17">21158.1778</dst>
      <dst id="21">13567.9911</dst>
      <dst id="15">1608.3733</dst>
    </src>
    <src id="22">
      <dst id="12">8924.8800</dst>
      <dst id="13">4060.0089</dst>
      <dst id="19">82.1422</dst>
      <dst id="23">13.9733</dst>
      <dst id="8">1405.4400</dst>
      <dst id="18">933.0667</dst>
      <dst id="4">17458.8089</dst>
      <dst id="1">86.6844</dst>
      <dst id="5">5677.1200</dst>
      <dst id="3">598.8622</dst>
      <dst id="7">352.5244</dst>
      <dst id="2">3355.1200</dst>
      <dst id="6">0.4356</dst>
      <dst id="16">18.4889</dst>
      <dst id="14">31.4222</dst>
      <dst id="11">3998.9956</dst>
      <dst id="9">2494.7111</dst>
      <dst id="17">3224.5067</dst>
      <dst id="21">1521.2089</dst>
    </src>
    <src id="7">
      <dst id="12">3534.4800</dst>
      <dst id="13">939.9111</dst>
      <dst id="19">231.1556</dst>
      <dst id="23">115.5644</dst>
      <dst id="8">576.9333</dst>
      <dst id="18">105.4844</dst>
      <dst id="4">26257.8489</dst>
      <dst id="1">4421.9644</dst>
      <dst id="5">1351.7067</dst>
      <dst id="3">474.2578</dst>
      <dst id="22">6068.5511</dst>
      <dst id="7">715.0756</dst>
      <dst id="2">10597.0133</dst>
      <dst id="6">1.6356</dst>
      <dst id="16">1065.9378</dst>
      <dst id="14">38.6133</dst>
      <dst id="20">132.6133</dst>
      <dst id="11">1079.6622</dst>
      <dst id="9">606.9867</dst>
      <dst id="17">8831.6000</dst>
      <dst id="21">9526.5778</dst>
      <dst id="15">535.6178</dst>
    </src>
    <src id="2">
      <dst id="12">92381.0044</dst>
      <dst id="13">7019.4044</dst>
      <dst id="19">9629.9822</dst>
      <dst id="23">19.7422</dst>
      <dst id="8">671.0578</dst>
      <dst id="18">61985.0667</dst>
      <dst id="4">113966.0800</dst>
      <dst id="1">2000.3822</dst>
      <dst id="5">1548.5778</dst>
      <dst id="3">74.6311</dst>
      <dst id="22">2018.2222</dst>
      <dst id="7">2659.4578</dst>
      <dst id="2">765.4133</dst>
      <dst id="6">6028.4800</dst>
      <dst id="16">2477.1822</dst>
      <dst id="14">6247.9289</dst>
      <dst id="20">974.5156</dst>
      <dst id="11">4288.2222</dst>
      <dst id="9">1690.8800</dst>
      <dst id="17">60425.9289</dst>
      <dst id="21">3220.4089</dst>
      <dst id="15">189.1200</dst>
    </src>
    <src id="6">
      <dst id="12">8492.8267</dst>
      <dst id="13">33.6089</dst>
      <dst id="19">4.1067</dst>
      <dst id="4">11.2000</dst>
      <dst id="1">17.2089</dst>
      <dst id="5">1.0489</dst>
      <dst id="3">0.6578</dst>
      <dst id="22">12.2844</dst>
      <dst id="7">1.5111</dst>
      <dst id="2">2395.0133</dst>
      <dst id="16">2.3289</dst>
      <dst id="11">3.2178</dst>
      <dst id="9">151.7867</dst>
      <dst id="17">992.5511</dst>
      <dst id="21">13.1022</dst>
    </src>
    <src id="16">
      <dst id="12">3429.7600</dst>
      <dst id="13">274.0000</dst>
      <dst id="19">2592.0711</dst>
      <dst id="23">1.9378</dst>
      <dst id="8">3178.4000</dst>
      <dst id="18">128.0178</dst>
      <dst id="4">6224.5867</dst>
      <dst id="1">14089.5378</dst>
      <dst id="5">1493.1289</dst>
      <dst id="3">2.6578</dst>
      <dst id="7">11168.3378</dst>
      <dst id="2">320.3556</dst>
      <dst id="6">11.3778</dst>
      <dst id="16">39.1378</dst>
      <dst id="14">247.6178</dst>
      <dst id="11">517.1200</dst>
      <dst id="9">3135.9467</dst>
      <dst id="17">1141.1289</dst>
      <dst id="21">543.8222</dst>
    </src>
    <src id="14">
      <dst id="12">16489.6178</dst>
      <dst id="13">241.6267</dst>
      <dst id="19">4.4800</dst>
      <dst id="18">0.6311</dst>
      <dst id="4">2607.0311</dst>
      <dst id="1">44.7822</dst>
      <dst id="5">32.6844</dst>
      <dst id="3">40.5956</dst>
      <dst id="22">2.6222</dst>
      <dst id="7">36.4089</dst>
      <dst id="2">7207.2533</dst>
      <dst id="16">7.7511</dst>
      <dst id="20">0.4178</dst>
      <dst id="11">37.6089</dst>
      <dst id="9">41.2978</dst>
      <dst id="17">9322.7733</dst>
      <dst id="21">98.6667</dst>
      <dst id="15">0.5244</dst>
    </src>
    <src id="20">
      <dst id="12">9934.0089</dst>
      <dst id="13">19984.1600</dst>
      <dst id="19">2221.1111</dst>
      <dst id="8">317.9733</dst>
      <dst id="18">225.3689</dst>
      <dst id="4">11183.5111</dst>
      <dst id="1">125.2622</dst>
      <dst id="5">699.2978</dst>
      <dst id="3">155.7956</dst>
      <dst id="7">1877.4844</dst>
      <dst id="2">3393.1733</dst>
      <dst id="11">147.7422</dst>
      <dst id="9">5991.1467</dst>
      <dst id="17">1506.5867</dst>
      <dst id="21">109.3867</dst>
    </src>
    <src id="11">
      <dst id="12">423141.7511</dst>
      <dst id="13">2112.1333</dst>
      <dst id="19">8.9067</dst>
      <dst id="23">42.0178</dst>
      <dst id="8">342.4000</dst>
      <dst id="18">96.5333</dst>
      <dst id="4">15049.0400</dst>
      <dst id="1">492.7378</dst>
      <dst id="5">1322.0356</dst>
      <dst id="3">223.4667</dst>
      <dst id="22">2111.6178</dst>
      <dst id="7">187.0044</dst>
      <dst id="2">180579.0311</dst>
      <dst id="6">45.1556</dst>
      <dst id="16">462.3200</dst>
      <dst id="14">35.9378</dst>
      <dst id="20">1814.7378</dst>
      <dst id="11">966.9867</dst>
      <dst id="9">1454.6578</dst>
      <dst id="17">149843.9200</dst>
      <dst id="21">1133.2178</dst>
      <dst id="15">428.9244</dst>
    </src>
    <src id="9">
      <dst id="12">468611.7244</dst>
      <dst id="13">8310.9778</dst>
      <dst id="19">51.4044</dst>
      <dst id="23">31.6444</dst>
      <dst id="8">487.9467</dst>
      <dst id="18">329.7422</dst>
      <dst id="4">14186.2756</dst>
      <dst id="1">846.4356</dst>
      <dst id="5">1754.0889</dst>
      <dst id="3">34.1333</dst>
      <dst id="22">4537.5289</dst>
      <dst id="7">104.5511</dst>
      <dst id="2">151756.2222</dst>
      <dst id="6">37.3333</dst>
      <dst id="16">300.0711</dst>
      <dst id="14">15.9644</dst>
      <dst id="20">19343.9822</dst>
      <dst id="11">1174.3378</dst>
      <dst id="9">2396.9156</dst>
      <dst id="17">177527.7778</dst>
      <dst id="21">422.8444</dst>
      <dst id="15">758.8889</dst>
    </src>
    <src id="17">
      <dst id="12">8295.5822</dst>
      <dst id="13">994.2667</dst>
      <dst id="19">380.3289</dst>
      <dst id="23">32.7289</dst>
      <dst id="8">128248.7022</dst>
      <dst id="18">9162.7200</dst>
      <dst id="4">119756.4000</dst>
      <dst id="1">3109.4933</dst>
      <dst id="5">187049.8044</dst>
      <dst id="3">11041.1200</dst>
      <dst id="22">15015.4578</dst>
      <dst id="7">8723.2800</dst>
      <dst id="2">17715.6978</dst>
      <dst id="6">29.4489</dst>
      <dst id="16">1773.5822</dst>
      <dst id="14">22171.9644</dst>
      <dst id="20">304.2844</dst>
      <dst id="11">107092.1689</dst>
      <dst id="9">171027.4311</dst>
      <dst id="17">2888.0267</dst>
      <dst id="21">11894.4533</dst>
      <dst id="15">120.3378</dst>
    </src>
    <src id="21">
      <dst id="12">20280.7111</dst>
      <dst id="13">1875.2000</dst>
      <dst id="19">169.7956</dst>
      <dst id="23">52.4444</dst>
      <dst id="8">923.1733</dst>
      <dst id="18">253.0667</dst>
      <dst id="4">35986.9867</dst>
      <dst id="1">1239.8133</dst>
      <dst id="5">414.2844</dst>
      <dst id="3">948.7644</dst>
      <dst id="22">2814.2133</dst>
      <dst id="7">3269.7422</dst>
      <dst id="2">11189.7156</dst>
      <dst id="6">11.9822</dst>
      <dst id="16">202.2044</dst>
      <dst id="14">63.4311</dst>
      <dst id="20">74.3556</dst>
      <dst id="11">549.8044</dst>
      <dst id="9">143.9911</dst>
      <dst id="17">4575.7867</dst>
      <dst id="21">1723.8222</dst>
      <dst id="15">80.0444</dst>
    </src>
    <src id="15">
      <dst id="12">2038.8089</dst>
      <dst id="13">202.6222</dst>
      <dst id="19">4129.4222</dst>
      <dst id="23">3.5644</dst>
      <dst id="8">1012.1333</dst>
      <dst id="18">587.9200</dst>
      <dst id="4">4666.1244</dst>
      <dst id="1">957.9289</dst>
      <dst id="5">316.6578</dst>
      <dst id="3">8.4089</dst>
      <dst id="7">1.9822</dst>
      <dst id="2">287.4311</dst>
      <dst id="6">0.3556</dst>
      <dst id="11">25.9644</dst>
      <dst id="9">586.7378</dst>
      <dst id="17">1314.2133</dst>
      <dst id="21">65.6444</dst>
    </src>
  </IntraTM>
</TrafficMatrixFile>
