<?xml version="1.0" encoding="UTF-8" standalone="yes"?>
<TrafficMatrixFile xmlns:xsi="http://www.w3.org/2001/XMLSchema-instance" xsi:noNamespaceSchemaLocation="http://totem.run.montefiore.ulg.ac.be/Schema/TrafficMatrix-v1_2.xsd">
  <info>
    <title>Intradomain traffic matrix generated by geant-TM-all.pl</title>
    <date>2005-01-03T14:15:00</date>
    <duration>900</duration>
    <author>Steve Uhlig</author>
    <units>
        <unit type="bandwidth" value="kbps"/>
    </units>
  </info>
  <IntraTM ASID="20965">
    <src id="12">
      <dst id="12">172643.1111</dst>
      <dst id="13">14333.4667</dst>
      <dst id="19">3530.2578</dst>
      <dst id="23">8.0889</dst>
      <dst id="8">876.3289</dst>
      <dst id="18">627.6622</dst>
      <dst id="4">81422.4178</dst>
      <dst id="1">6539.6800</dst>
      <dst id="5">1486.4000</dst>
      <dst id="3">772.8533</dst>
      <dst id="22">7726.3200</dst>
      <dst id="7">3087.0489</dst>
      <dst id="2">57222.8800</dst>
      <dst id="6">17.5556</dst>
      <dst id="16">13822.6578</dst>
      <dst id="14">252.5689</dst>
      <dst id="20">683.0578</dst>
      <dst id="11">4826.3200</dst>
      <dst id="9">3507.6267</dst>
      <dst id="17">60591.4133</dst>
      <dst id="21">3061.0133</dst>
      <dst id="15">539.7422</dst>
    </src>
    <src id="13">
      <dst id="12">35665.3689</dst>
      <dst id="19">13877.9378</dst>
      <dst id="23">26.9956</dst>
      <dst id="8">4753.9022</dst>
      <dst id="18">1384.4089</dst>
      <dst id="1">1166.0533</dst>
      <dst id="5">3142.0178</dst>
      <dst id="3">5581.4933</dst>
      <dst id="22">18819.7333</dst>
      <dst id="7">5233.9822</dst>
      <dst id="2">59832.3644</dst>
      <dst id="6">73.5911</dst>
      <dst id="16">6287.3689</dst>
      <dst id="14">1818.9600</dst>
      <dst id="20">7603.0044</dst>
      <dst id="11">5647.4933</dst>
      <dst id="9">13650.0444</dst>
      <dst id="17">23828.4089</dst>
      <dst id="21">6664.7644</dst>
      <dst id="15">853.5644</dst>
    </src>
    <src id="19">
      <dst id="12">13437.9733</dst>
      <dst id="13">42.7733</dst>
      <dst id="18">1.2089</dst>
      <dst id="4">19927.2800</dst>
      <dst id="1">598.9600</dst>
      <dst id="5">15.6000</dst>
      <dst id="3">0.7111</dst>
      <dst id="22">45.1200</dst>
      <dst id="7">2906.1422</dst>
      <dst id="2">46.5778</dst>
      <dst id="6">86.8356</dst>
      <dst id="16">10580.6667</dst>
      <dst id="20">0.5422</dst>
      <dst id="11">133.3867</dst>
      <dst id="9">89.7600</dst>
      <dst id="17">39.7156</dst>
      <dst id="21">66.1333</dst>
    </src>
    <src id="23">
      <dst id="12">235.6444</dst>
      <dst id="13">83.7600</dst>
      <dst id="19">0.3378</dst>
      <dst id="4">54.7289</dst>
      <dst id="1">74.2311</dst>
      <dst id="5">25.2444</dst>
      <dst id="3">236.1156</dst>
      <dst id="22">90.5067</dst>
      <dst id="7">32.1156</dst>
      <dst id="2">4.5244</dst>
      <dst id="6">0.6756</dst>
      <dst id="16">3.6356</dst>
      <dst id="20">1.5111</dst>
      <dst id="11">13.4311</dst>
      <dst id="9">417.9556</dst>
      <dst id="17">9.2711</dst>
      <dst id="21">38.8267</dst>
    </src>
    <src id="8">
      <dst id="12">273911.2800</dst>
      <dst id="13">289.4578</dst>
      <dst id="19">0.4711</dst>
      <dst id="23">0.7822</dst>
      <dst id="18">20.9689</dst>
      <dst id="4">4497.9289</dst>
      <dst id="1">67.7689</dst>
      <dst id="5">664.0889</dst>
      <dst id="3">37.1556</dst>
      <dst id="22">682.5333</dst>
      <dst id="7">35.2267</dst>
      <dst id="2">93514.0089</dst>
      <dst id="16">52.2311</dst>
      <dst id="20">2207.8756</dst>
      <dst id="11">374.8533</dst>
      <dst id="9">165.3244</dst>
      <dst id="17">86239.0489</dst>
      <dst id="21">53.0933</dst>
      <dst id="15">214.4356</dst>
    </src>
    <src id="18">
      <dst id="12">102342.2222</dst>
      <dst id="13">124.8800</dst>
      <dst id="19">2.4800</dst>
      <dst id="23">1.3778</dst>
      <dst id="8">1.0667</dst>
      <dst id="4">1566.4889</dst>
      <dst id="1">584.3022</dst>
      <dst id="5">289.1378</dst>
      <dst id="3">130.0089</dst>
      <dst id="22">181.4133</dst>
      <dst id="7">55.6800</dst>
      <dst id="2">26127.4844</dst>
      <dst id="16">2.7378</dst>
      <dst id="20">43.2622</dst>
      <dst id="11">73.1644</dst>
      <dst id="9">83.2267</dst>
      <dst id="17">35423.3867</dst>
      <dst id="21">108.2933</dst>
      <dst id="15">4.7200</dst>
    </src>
    <src id="4">
      <dst id="12">12375.2800</dst>
      <dst id="19">15146.6044</dst>
      <dst id="23">2.8444</dst>
      <dst id="8">515.8489</dst>
      <dst id="18">951.8578</dst>
      <dst id="4">1.0933</dst>
      <dst id="1">31706.3111</dst>
      <dst id="5">2041.8311</dst>
      <dst id="3">94.2933</dst>
      <dst id="22">2955.1733</dst>
      <dst id="7">123979.2089</dst>
      <dst id="2">30018.6133</dst>
      <dst id="6">0.4622</dst>
      <dst id="16">615.9467</dst>
      <dst id="14">1090.0267</dst>
      <dst id="20">397.8756</dst>
      <dst id="11">1943.2444</dst>
      <dst id="9">3007.1200</dst>
      <dst id="17">96666.8089</dst>
      <dst id="21">3659.4222</dst>
      <dst id="15">276.2311</dst>
    </src>
    <src id="1">
      <dst id="12">18032.5156</dst>
      <dst id="13">955.8311</dst>
      <dst id="19">1.0133</dst>
      <dst id="23">5.3244</dst>
      <dst id="8">66761.0667</dst>
      <dst id="18">13647.2978</dst>
      <dst id="4">2776.4444</dst>
      <dst id="1">14062.1689</dst>
      <dst id="5">119536.8711</dst>
      <dst id="3">119.6711</dst>
      <dst id="22">2754.8711</dst>
      <dst id="7">22234.9956</dst>
      <dst id="2">4116.5778</dst>
      <dst id="6">4394.2222</dst>
      <dst id="16">18208.4267</dst>
      <dst id="14">50.7467</dst>
      <dst id="20">54.8800</dst>
      <dst id="11">105.8133</dst>
      <dst id="9">116796.5422</dst>
      <dst id="17">1556.5244</dst>
      <dst id="21">2013.3689</dst>
      <dst id="15">160.8267</dst>
    </src>
    <src id="5">
      <dst id="12">219237.4133</dst>
      <dst id="13">973.3600</dst>
      <dst id="19">9.8489</dst>
      <dst id="23">1.0311</dst>
      <dst id="8">707.9556</dst>
      <dst id="18">366.8889</dst>
      <dst id="4">5510.0711</dst>
      <dst id="1">220.0533</dst>
      <dst id="3">0.8889</dst>
      <dst id="22">2842.6400</dst>
      <dst id="7">24.3733</dst>
      <dst id="2">72283.0489</dst>
      <dst id="16">158.8000</dst>
      <dst id="14">1.2444</dst>
      <dst id="20">2108.7822</dst>
      <dst id="11">693.8489</dst>
      <dst id="9">585.2533</dst>
      <dst id="17">77077.0044</dst>
      <dst id="21">212.5956</dst>
      <dst id="15">5.1378</dst>
    </src>
    <src id="3">
      <dst id="12">15395.1289</dst>
      <dst id="13">285.7333</dst>
      <dst id="19">834.8356</dst>
      <dst id="23">8917.9022</dst>
      <dst id="8">30.3644</dst>
      <dst id="18">50320.9956</dst>
      <dst id="4">15849.8133</dst>
      <dst id="1">1633.8844</dst>
      <dst id="5">323.0133</dst>
      <dst id="3">5583.1733</dst>
      <dst id="22">353.8844</dst>
      <dst id="7">272.0711</dst>
      <dst id="2">4824.0267</dst>
      <dst id="16">608.8444</dst>
      <dst id="14">15098.0089</dst>
      <dst id="20">22.6044</dst>
      <dst id="11">94597.9556</dst>
      <dst id="9">15.1378</dst>
      <dst id="17">8173.5467</dst>
      <dst id="21">3853.8667</dst>
      <dst id="15">66.2133</dst>
    </src>
    <src id="10">
      <dst id="12">17254.2311</dst>
      <dst id="19">1659.2267</dst>
      <dst id="8">715.3956</dst>
      <dst id="18">3837.9556</dst>
      <dst id="1">1729.4844</dst>
      <dst id="5">369.2622</dst>
      <dst id="3">12023.5200</dst>
      <dst id="22">5889.1200</dst>
      <dst id="7">27017.3067</dst>
      <dst id="2">15350.3644</dst>
      <dst id="6">0.8356</dst>
      <dst id="16">1481.9733</dst>
      <dst id="14">314.9689</dst>
      <dst id="20">1671.0044</dst>
      <dst id="11">6961.2889</dst>
      <dst id="9">1671.0933</dst>
      <dst id="17">34724.2222</dst>
      <dst id="21">13871.9200</dst>
      <dst id="15">252.4267</dst>
    </src>
    <src id="22">
      <dst id="12">4235.5022</dst>
      <dst id="13">1694.6222</dst>
      <dst id="19">9.5289</dst>
      <dst id="23">808.5600</dst>
      <dst id="8">2331.2622</dst>
      <dst id="18">250.5511</dst>
      <dst id="4">21696.4267</dst>
      <dst id="1">105.0222</dst>
      <dst id="5">2201.3956</dst>
      <dst id="3">228.4800</dst>
      <dst id="7">292.3289</dst>
      <dst id="2">2185.3422</dst>
      <dst id="6">3.4489</dst>
      <dst id="16">6.2933</dst>
      <dst id="14">1.2356</dst>
      <dst id="11">1209.2000</dst>
      <dst id="9">4418.5244</dst>
      <dst id="17">7870.9956</dst>
      <dst id="21">1222.1067</dst>
    </src>
    <src id="7">
      <dst id="12">6512.6044</dst>
      <dst id="13">2789.5556</dst>
      <dst id="19">68.6844</dst>
      <dst id="23">8.3200</dst>
      <dst id="8">98.3289</dst>
      <dst id="18">243.8133</dst>
      <dst id="4">14730.9333</dst>
      <dst id="1">1067.5200</dst>
      <dst id="5">1167.4578</dst>
      <dst id="3">18.4978</dst>
      <dst id="22">3912.2933</dst>
      <dst id="7">880.7733</dst>
      <dst id="2">2924.8000</dst>
      <dst id="6">82.4267</dst>
      <dst id="16">400.0800</dst>
      <dst id="14">69.6711</dst>
      <dst id="20">42.7911</dst>
      <dst id="11">399.5022</dst>
      <dst id="9">102.5689</dst>
      <dst id="17">10622.1511</dst>
      <dst id="21">797.2178</dst>
      <dst id="15">76.5600</dst>
    </src>
    <src id="2">
      <dst id="12">48902.9956</dst>
      <dst id="13">510397.9111</dst>
      <dst id="19">61.2622</dst>
      <dst id="8">570.5244</dst>
      <dst id="18">40996.2756</dst>
      <dst id="4">67399.0489</dst>
      <dst id="1">8229.8667</dst>
      <dst id="5">774.5333</dst>
      <dst id="3">71.1378</dst>
      <dst id="22">625.6978</dst>
      <dst id="7">3616.2133</dst>
      <dst id="2">305.0756</dst>
      <dst id="6">6350.1778</dst>
      <dst id="16">7862.8622</dst>
      <dst id="14">5345.2800</dst>
      <dst id="20">335.3333</dst>
      <dst id="11">684.9511</dst>
      <dst id="9">490.7111</dst>
      <dst id="17">14047.9111</dst>
      <dst id="21">5103.7244</dst>
      <dst id="15">19.3867</dst>
    </src>
    <src id="6">
      <dst id="12">8311.7244</dst>
      <dst id="13">1.0933</dst>
      <dst id="19">1.4222</dst>
      <dst id="23">0.4978</dst>
      <dst id="18">0.7111</dst>
      <dst id="4">865.3156</dst>
      <dst id="1">0.3378</dst>
      <dst id="5">0.3556</dst>
      <dst id="22">60.9778</dst>
      <dst id="7">1.0667</dst>
      <dst id="2">2074.9867</dst>
      <dst id="16">36.0622</dst>
      <dst id="11">0.6667</dst>
      <dst id="9">0.3378</dst>
      <dst id="17">1024.3822</dst>
      <dst id="21">3.7244</dst>
    </src>
    <src id="16">
      <dst id="12">4790.8889</dst>
      <dst id="13">74.6044</dst>
      <dst id="19">4308.5422</dst>
      <dst id="23">12.0089</dst>
      <dst id="8">2256.1600</dst>
      <dst id="18">0.9244</dst>
      <dst id="4">3579.1733</dst>
      <dst id="1">23983.0933</dst>
      <dst id="5">689.3067</dst>
      <dst id="7">2198.9067</dst>
      <dst id="2">511.2533</dst>
      <dst id="6">0.3556</dst>
      <dst id="16">17.4489</dst>
      <dst id="11">136.6667</dst>
      <dst id="9">2371.5733</dst>
      <dst id="17">2579.4667</dst>
      <dst id="21">2428.0622</dst>
    </src>
    <src id="14">
      <dst id="12">13692.3467</dst>
      <dst id="13">23.1556</dst>
      <dst id="19">1.4933</dst>
      <dst id="4">1408.8000</dst>
      <dst id="1">48.4356</dst>
      <dst id="5">5.3244</dst>
      <dst id="3">33.8311</dst>
      <dst id="22">0.3556</dst>
      <dst id="7">57.7600</dst>
      <dst id="2">3289.1111</dst>
      <dst id="20">0.6578</dst>
      <dst id="11">24.2667</dst>
      <dst id="9">0.6044</dst>
      <dst id="17">4919.2889</dst>
      <dst id="21">71.0667</dst>
    </src>
    <src id="20">
      <dst id="12">1348.0889</dst>
      <dst id="13">12071.8844</dst>
      <dst id="19">2.0800</dst>
      <dst id="8">207.3422</dst>
      <dst id="18">0.4622</dst>
      <dst id="4">12060.0978</dst>
      <dst id="1">4.2756</dst>
      <dst id="5">2436.6133</dst>
      <dst id="3">46.4800</dst>
      <dst id="7">121.4400</dst>
      <dst id="2">1232.0978</dst>
      <dst id="6">37.1556</dst>
      <dst id="11">70.4978</dst>
      <dst id="9">937.8756</dst>
      <dst id="17">102.6133</dst>
      <dst id="21">53.4933</dst>
    </src>
    <src id="11">
      <dst id="12">357556.7644</dst>
      <dst id="13">1362.0356</dst>
      <dst id="19">18.1956</dst>
      <dst id="23">1.6178</dst>
      <dst id="8">399.2178</dst>
      <dst id="18">117.8400</dst>
      <dst id="4">6868.9422</dst>
      <dst id="1">431.6000</dst>
      <dst id="5">704.5067</dst>
      <dst id="3">356.7822</dst>
      <dst id="22">1366.9333</dst>
      <dst id="7">175.6978</dst>
      <dst id="2">107626.8089</dst>
      <dst id="6">0.3378</dst>
      <dst id="16">25.4044</dst>
      <dst id="14">53.8133</dst>
      <dst id="20">206.2933</dst>
      <dst id="11">588.7289</dst>
      <dst id="9">3313.7867</dst>
      <dst id="17">124816.8178</dst>
      <dst id="21">555.8222</dst>
      <dst id="15">38.3378</dst>
    </src>
    <src id="9">
      <dst id="12">346750.1956</dst>
      <dst id="13">2605.7156</dst>
      <dst id="19">64.5067</dst>
      <dst id="23">20.3911</dst>
      <dst id="8">92.5778</dst>
      <dst id="18">137.2800</dst>
      <dst id="4">18236.1422</dst>
      <dst id="1">768.8622</dst>
      <dst id="5">23287.6267</dst>
      <dst id="22">1210.4800</dst>
      <dst id="7">157.0489</dst>
      <dst id="2">118335.7511</dst>
      <dst id="16">881.2978</dst>
      <dst id="14">1.0489</dst>
      <dst id="20">4243.3689</dst>
      <dst id="11">433.1289</dst>
      <dst id="9">30.6844</dst>
      <dst id="17">148917.9111</dst>
      <dst id="21">168.4800</dst>
      <dst id="15">657.1289</dst>
    </src>
    <src id="17">
      <dst id="12">2304.6756</dst>
      <dst id="13">3843.3956</dst>
      <dst id="19">59.3511</dst>
      <dst id="23">39.3600</dst>
      <dst id="8">87926.0000</dst>
      <dst id="18">4184.5067</dst>
      <dst id="4">46321.0133</dst>
      <dst id="1">1865.1467</dst>
      <dst id="5">115594.0889</dst>
      <dst id="3">4496.8978</dst>
      <dst id="22">3248.0356</dst>
      <dst id="7">9483.6444</dst>
      <dst id="2">16239.1911</dst>
      <dst id="6">2.5956</dst>
      <dst id="16">12354.0089</dst>
      <dst id="14">10635.0844</dst>
      <dst id="20">117.7422</dst>
      <dst id="11">68097.2267</dst>
      <dst id="9">101007.4311</dst>
      <dst id="17">1173.4756</dst>
      <dst id="21">4347.1289</dst>
      <dst id="15">45.4844</dst>
    </src>
    <src id="21">
      <dst id="12">18441.4578</dst>
      <dst id="13">472.6222</dst>
      <dst id="19">118.2578</dst>
      <dst id="23">2.3378</dst>
      <dst id="8">21.2889</dst>
      <dst id="18">2746.5333</dst>
      <dst id="4">14523.2978</dst>
      <dst id="1">4690.6933</dst>
      <dst id="5">407.4756</dst>
      <dst id="3">1103.4933</dst>
      <dst id="22">777.1022</dst>
      <dst id="7">3149.4133</dst>
      <dst id="2">5541.5911</dst>
      <dst id="6">10.6311</dst>
      <dst id="16">88.6844</dst>
      <dst id="14">116.4533</dst>
      <dst id="20">78.5333</dst>
      <dst id="11">370.4978</dst>
      <dst id="9">490.4089</dst>
      <dst id="17">3393.7511</dst>
      <dst id="21">596.7556</dst>
      <dst id="15">21.7333</dst>
    </src>
    <src id="15">
      <dst id="12">222.0000</dst>
      <dst id="13">92.2044</dst>
      <dst id="19">0.9067</dst>
      <dst id="8">11.9911</dst>
      <dst id="18">1.2089</dst>
      <dst id="4">3239.9733</dst>
      <dst id="1">592.1244</dst>
      <dst id="5">124.3022</dst>
      <dst id="3">13.6800</dst>
      <dst id="7">168.9244</dst>
      <dst id="2">26.5067</dst>
      <dst id="14">8.6222</dst>
      <dst id="11">123.0222</dst>
      <dst id="9">431.9467</dst>
      <dst id="17">2054.9422</dst>
      <dst id="21">43.6089</dst>
    </src>
  </IntraTM>
</TrafficMatrixFile>
