<?xml version="1.0" encoding="UTF-8" standalone="yes"?>
<TrafficMatrixFile xmlns:xsi="http://www.w3.org/2001/XMLSchema-instance" xsi:noNamespaceSchemaLocation="http://totem.run.montefiore.ulg.ac.be/Schema/TrafficMatrix-v1_2.xsd">
  <info>
    <title>Intradomain traffic matrix generated by geant-TM-all.pl</title>
    <date>2005-01-06T04:45:00</date>
    <duration>900</duration>
    <author>Steve Uhlig</author>
    <units>
        <unit type="bandwidth" value="kbps"/>
    </units>
  </info>
  <IntraTM ASID="20965">
    <src id="12">
      <dst id="12">327995.1467</dst>
      <dst id="13">44405.7244</dst>
      <dst id="19">5536.0800</dst>
      <dst id="23">301.5556</dst>
      <dst id="8">1844.4089</dst>
      <dst id="18">6702.1511</dst>
      <dst id="4">125267.8667</dst>
      <dst id="1">15686.9956</dst>
      <dst id="5">102611.9822</dst>
      <dst id="3">6366.4178</dst>
      <dst id="22">33000.5689</dst>
      <dst id="7">1545.1911</dst>
      <dst id="2">106755.0844</dst>
      <dst id="6">73.6356</dst>
      <dst id="16">9173.7867</dst>
      <dst id="14">1214.2222</dst>
      <dst id="20">30617.5289</dst>
      <dst id="11">9896.2489</dst>
      <dst id="9">15459.9467</dst>
      <dst id="17">89213.5911</dst>
      <dst id="21">13632.5422</dst>
      <dst id="15">2962.0267</dst>
    </src>
    <src id="13">
      <dst id="12">123891.4578</dst>
      <dst id="19">23790.7111</dst>
      <dst id="23">516.0444</dst>
      <dst id="8">7907.2356</dst>
      <dst id="18">7304.7111</dst>
      <dst id="1">4389.5289</dst>
      <dst id="5">24541.3156</dst>
      <dst id="3">12780.6311</dst>
      <dst id="22">36856.1600</dst>
      <dst id="7">23351.1911</dst>
      <dst id="2">125717.7333</dst>
      <dst id="6">128.2133</dst>
      <dst id="16">13828.0889</dst>
      <dst id="14">5088.2311</dst>
      <dst id="20">28644.0178</dst>
      <dst id="11">17001.2356</dst>
      <dst id="9">23520.2667</dst>
      <dst id="17">211252.5778</dst>
      <dst id="21">25572.7200</dst>
      <dst id="15">6920.1956</dst>
    </src>
    <src id="19">
      <dst id="12">20274.5244</dst>
      <dst id="13">1094.7644</dst>
      <dst id="23">7.7333</dst>
      <dst id="8">21.1911</dst>
      <dst id="18">4.9244</dst>
      <dst id="4">22918.5156</dst>
      <dst id="1">403.1556</dst>
      <dst id="5">60.0622</dst>
      <dst id="3">81.3600</dst>
      <dst id="22">1095.5822</dst>
      <dst id="7">4370.0356</dst>
      <dst id="2">1946.7111</dst>
      <dst id="6">170.8800</dst>
      <dst id="16">4094.3378</dst>
      <dst id="14">13.3333</dst>
      <dst id="20">2182.7200</dst>
      <dst id="11">158.6489</dst>
      <dst id="9">6795.9467</dst>
      <dst id="17">12982.0444</dst>
      <dst id="21">1255.8933</dst>
      <dst id="15">3140.8356</dst>
    </src>
    <src id="23">
      <dst id="12">694.5511</dst>
      <dst id="13">833.0400</dst>
      <dst id="19">1.2711</dst>
      <dst id="8">27.4844</dst>
      <dst id="18">51.2000</dst>
      <dst id="4">249.2178</dst>
      <dst id="1">76.5422</dst>
      <dst id="5">58.5600</dst>
      <dst id="3">262.0178</dst>
      <dst id="22">633.4133</dst>
      <dst id="7">33.0044</dst>
      <dst id="2">379.2800</dst>
      <dst id="16">463.6622</dst>
      <dst id="14">5.1378</dst>
      <dst id="20">269.1467</dst>
      <dst id="11">58.1956</dst>
      <dst id="9">474.2400</dst>
      <dst id="17">2288.8267</dst>
      <dst id="21">609.5644</dst>
      <dst id="15">0.3556</dst>
    </src>
    <src id="8">
      <dst id="12">324231.1467</dst>
      <dst id="13">1121.1200</dst>
      <dst id="19">42.0444</dst>
      <dst id="23">0.7822</dst>
      <dst id="18">704.9689</dst>
      <dst id="4">5964.7022</dst>
      <dst id="1">1111.6533</dst>
      <dst id="5">1153.6889</dst>
      <dst id="3">1.0667</dst>
      <dst id="22">525.6889</dst>
      <dst id="7">80.8533</dst>
      <dst id="2">123121.2444</dst>
      <dst id="16">690.9511</dst>
      <dst id="20">831.2711</dst>
      <dst id="11">2261.3422</dst>
      <dst id="9">1103.2089</dst>
      <dst id="17">122111.9111</dst>
      <dst id="21">421.9822</dst>
      <dst id="15">654.0800</dst>
    </src>
    <src id="18">
      <dst id="12">122043.2533</dst>
      <dst id="13">671.0400</dst>
      <dst id="19">27.1556</dst>
      <dst id="23">14.9689</dst>
      <dst id="8">108.1156</dst>
      <dst id="4">2361.3511</dst>
      <dst id="1">831.1644</dst>
      <dst id="5">348.4889</dst>
      <dst id="3">33.4578</dst>
      <dst id="22">176.9156</dst>
      <dst id="7">30.9067</dst>
      <dst id="2">37806.7289</dst>
      <dst id="16">20.3378</dst>
      <dst id="20">25.1022</dst>
      <dst id="11">1829.5378</dst>
      <dst id="9">235.2089</dst>
      <dst id="17">43277.6000</dst>
      <dst id="21">956.5333</dst>
      <dst id="15">15.7156</dst>
    </src>
    <src id="4">
      <dst id="12">19692.1600</dst>
      <dst id="19">7118.7911</dst>
      <dst id="8">6283.2622</dst>
      <dst id="18">1497.0578</dst>
      <dst id="4">2.1511</dst>
      <dst id="1">78936.2133</dst>
      <dst id="5">3064.5511</dst>
      <dst id="3">274.1956</dst>
      <dst id="22">6158.9067</dst>
      <dst id="7">29776.1867</dst>
      <dst id="2">71757.4044</dst>
      <dst id="6">45.0756</dst>
      <dst id="16">3384.0089</dst>
      <dst id="14">1800.5244</dst>
      <dst id="20">1537.2356</dst>
      <dst id="11">3556.2400</dst>
      <dst id="9">5204.6044</dst>
      <dst id="17">32424.7733</dst>
      <dst id="21">11367.7244</dst>
      <dst id="15">333.6444</dst>
    </src>
    <src id="1">
      <dst id="12">20523.6444</dst>
      <dst id="13">13455.4044</dst>
      <dst id="19">69.9733</dst>
      <dst id="23">107.1289</dst>
      <dst id="8">149489.6622</dst>
      <dst id="18">14949.8756</dst>
      <dst id="4">24007.3867</dst>
      <dst id="1">12682.3378</dst>
      <dst id="5">283529.2889</dst>
      <dst id="3">5769.6800</dst>
      <dst id="22">6895.9467</dst>
      <dst id="7">15171.5911</dst>
      <dst id="2">12471.7333</dst>
      <dst id="6">13365.0756</dst>
      <dst id="16">8415.1822</dst>
      <dst id="14">55.5289</dst>
      <dst id="20">17496.8800</dst>
      <dst id="11">12021.7867</dst>
      <dst id="9">273821.2622</dst>
      <dst id="17">18594.3556</dst>
      <dst id="21">10805.3600</dst>
      <dst id="15">494.2489</dst>
    </src>
    <src id="5">
      <dst id="12">399649.9644</dst>
      <dst id="13">4864.6222</dst>
      <dst id="19">181.4400</dst>
      <dst id="23">14.9867</dst>
      <dst id="8">2242.9778</dst>
      <dst id="18">591.1022</dst>
      <dst id="4">10063.1467</dst>
      <dst id="1">2409.5467</dst>
      <dst id="3">162.2667</dst>
      <dst id="22">9725.7422</dst>
      <dst id="7">449.4756</dst>
      <dst id="2">183829.0133</dst>
      <dst id="6">36.1244</dst>
      <dst id="16">2374.0533</dst>
      <dst id="14">321.0667</dst>
      <dst id="20">6467.3956</dst>
      <dst id="11">2648.1422</dst>
      <dst id="9">3199.5467</dst>
      <dst id="17">163176.4533</dst>
      <dst id="21">1978.4533</dst>
      <dst id="15">577.8222</dst>
    </src>
    <src id="3">
      <dst id="12">13472.4800</dst>
      <dst id="13">2159.5733</dst>
      <dst id="19">1667.4044</dst>
      <dst id="23">11208.7822</dst>
      <dst id="8">229.5200</dst>
      <dst id="18">112239.2444</dst>
      <dst id="4">32944.1689</dst>
      <dst id="1">2158.0089</dst>
      <dst id="5">959.0667</dst>
      <dst id="3">16964.2578</dst>
      <dst id="22">1322.0178</dst>
      <dst id="7">29197.1556</dst>
      <dst id="2">10801.6444</dst>
      <dst id="6">7.2356</dst>
      <dst id="16">976.6578</dst>
      <dst id="14">43803.1556</dst>
      <dst id="20">1793.3333</dst>
      <dst id="11">215441.9022</dst>
      <dst id="9">380.7556</dst>
      <dst id="17">24079.3778</dst>
      <dst id="21">16423.7511</dst>
      <dst id="15">1618.9778</dst>
    </src>
    <src id="10">
      <dst id="12">14477.9556</dst>
      <dst id="19">3441.4044</dst>
      <dst id="8">3161.4133</dst>
      <dst id="18">8039.9289</dst>
      <dst id="1">1902.0178</dst>
      <dst id="5">1265.3244</dst>
      <dst id="3">5489.8933</dst>
      <dst id="22">5591.0933</dst>
      <dst id="7">7801.5733</dst>
      <dst id="2">48173.6178</dst>
      <dst id="6">23.1556</dst>
      <dst id="16">5501.6711</dst>
      <dst id="14">1437.4222</dst>
      <dst id="20">2163.3244</dst>
      <dst id="11">4101.0400</dst>
      <dst id="9">6077.9200</dst>
      <dst id="17">21676.6756</dst>
      <dst id="21">15623.7422</dst>
      <dst id="15">732.2844</dst>
    </src>
    <src id="22">
      <dst id="12">19065.0044</dst>
      <dst id="13">8560.8178</dst>
      <dst id="19">210.9689</dst>
      <dst id="23">463.0756</dst>
      <dst id="8">951.3156</dst>
      <dst id="18">441.7067</dst>
      <dst id="4">25064.9156</dst>
      <dst id="1">2986.7733</dst>
      <dst id="5">5220.2311</dst>
      <dst id="3">757.9378</dst>
      <dst id="7">1774.8711</dst>
      <dst id="2">2830.1600</dst>
      <dst id="6">4.4711</dst>
      <dst id="16">4.0444</dst>
      <dst id="14">15.4578</dst>
      <dst id="11">8161.0578</dst>
      <dst id="9">6012.8267</dst>
      <dst id="17">4107.7956</dst>
      <dst id="21">2171.0400</dst>
    </src>
    <src id="7">
      <dst id="12">3509.2533</dst>
      <dst id="13">2067.7244</dst>
      <dst id="19">747.4311</dst>
      <dst id="23">124.9778</dst>
      <dst id="8">1882.4533</dst>
      <dst id="18">3862.2400</dst>
      <dst id="4">49940.3022</dst>
      <dst id="1">9411.9822</dst>
      <dst id="5">1179.7333</dst>
      <dst id="3">2841.0667</dst>
      <dst id="22">6286.4711</dst>
      <dst id="7">655.3956</dst>
      <dst id="2">10364.8089</dst>
      <dst id="6">19.1022</dst>
      <dst id="16">7722.7467</dst>
      <dst id="14">34.5778</dst>
      <dst id="20">2537.2089</dst>
      <dst id="11">596.3467</dst>
      <dst id="9">1471.1200</dst>
      <dst id="17">11736.1333</dst>
      <dst id="21">4310.9422</dst>
      <dst id="15">2625.0578</dst>
    </src>
    <src id="2">
      <dst id="12">129559.6000</dst>
      <dst id="13">525317.8133</dst>
      <dst id="19">870.7289</dst>
      <dst id="23">4.6578</dst>
      <dst id="8">3307.1644</dst>
      <dst id="18">98233.6089</dst>
      <dst id="4">144404.8444</dst>
      <dst id="1">10307.8311</dst>
      <dst id="5">2358.4889</dst>
      <dst id="3">508.7289</dst>
      <dst id="22">3777.0756</dst>
      <dst id="7">6318.5511</dst>
      <dst id="2">1671.9200</dst>
      <dst id="6">10172.7644</dst>
      <dst id="16">3186.4711</dst>
      <dst id="14">4717.9911</dst>
      <dst id="20">10016.8800</dst>
      <dst id="11">4370.1511</dst>
      <dst id="9">1492.2844</dst>
      <dst id="17">45473.1111</dst>
      <dst id="21">7194.4800</dst>
      <dst id="15">2535.7333</dst>
    </src>
    <src id="6">
      <dst id="12">11093.8578</dst>
      <dst id="13">2.4444</dst>
      <dst id="19">7.4578</dst>
      <dst id="8">0.3911</dst>
      <dst id="18">0.6311</dst>
      <dst id="4">16.2044</dst>
      <dst id="1">27.2178</dst>
      <dst id="5">0.3556</dst>
      <dst id="3">3.2356</dst>
      <dst id="22">27.1467</dst>
      <dst id="7">13.6889</dst>
      <dst id="2">2698.8889</dst>
      <dst id="16">29.8044</dst>
      <dst id="20">0.7289</dst>
      <dst id="11">14.3644</dst>
      <dst id="9">45.8844</dst>
      <dst id="17">1801.3511</dst>
      <dst id="21">1.2000</dst>
      <dst id="15">24.8000</dst>
    </src>
    <src id="16">
      <dst id="12">3945.1111</dst>
      <dst id="13">582.4622</dst>
      <dst id="19">3799.1733</dst>
      <dst id="23">390.1956</dst>
      <dst id="8">8351.6089</dst>
      <dst id="18">7.6533</dst>
      <dst id="4">9055.9911</dst>
      <dst id="1">15475.5378</dst>
      <dst id="5">5147.6800</dst>
      <dst id="3">362.9156</dst>
      <dst id="7">6887.5289</dst>
      <dst id="2">995.9911</dst>
      <dst id="6">3.0578</dst>
      <dst id="16">83.5022</dst>
      <dst id="14">232.2489</dst>
      <dst id="11">331.9467</dst>
      <dst id="9">6186.8089</dst>
      <dst id="17">3356.2578</dst>
      <dst id="21">368.3378</dst>
    </src>
    <src id="14">
      <dst id="12">23927.2178</dst>
      <dst id="13">51.0756</dst>
      <dst id="19">5.9022</dst>
      <dst id="23">0.3556</dst>
      <dst id="4">3281.0311</dst>
      <dst id="1">88.9956</dst>
      <dst id="5">15.5200</dst>
      <dst id="3">35.4133</dst>
      <dst id="22">1.7867</dst>
      <dst id="7">44.9422</dst>
      <dst id="2">6458.0978</dst>
      <dst id="16">5.9644</dst>
      <dst id="11">99.4844</dst>
      <dst id="9">18.8622</dst>
      <dst id="17">9911.8044</dst>
      <dst id="21">75.2533</dst>
      <dst id="15">12.6222</dst>
    </src>
    <src id="20">
      <dst id="12">7429.9911</dst>
      <dst id="13">26979.1733</dst>
      <dst id="19">2927.3778</dst>
      <dst id="23">15.9200</dst>
      <dst id="8">352.8089</dst>
      <dst id="18">20.8889</dst>
      <dst id="4">13101.9556</dst>
      <dst id="1">5377.6000</dst>
      <dst id="5">14739.0756</dst>
      <dst id="3">2890.6489</dst>
      <dst id="7">1526.7289</dst>
      <dst id="2">4796.1689</dst>
      <dst id="6">16.2756</dst>
      <dst id="14">1.4489</dst>
      <dst id="11">2448.8267</dst>
      <dst id="9">19766.3911</dst>
      <dst id="17">8311.7867</dst>
      <dst id="21">1319.9822</dst>
    </src>
    <src id="11">
      <dst id="12">458134.4356</dst>
      <dst id="13">2654.4622</dst>
      <dst id="19">247.9378</dst>
      <dst id="23">3.2889</dst>
      <dst id="8">573.7956</dst>
      <dst id="18">534.5244</dst>
      <dst id="4">17144.8178</dst>
      <dst id="1">1760.0711</dst>
      <dst id="5">1704.7556</dst>
      <dst id="3">507.7600</dst>
      <dst id="22">2340.4267</dst>
      <dst id="7">454.7733</dst>
      <dst id="2">186975.3956</dst>
      <dst id="6">563.9111</dst>
      <dst id="16">468.3289</dst>
      <dst id="14">157.3956</dst>
      <dst id="20">8254.7822</dst>
      <dst id="11">2065.1467</dst>
      <dst id="9">1542.7644</dst>
      <dst id="17">206455.9200</dst>
      <dst id="21">1055.0756</dst>
      <dst id="15">77.7067</dst>
    </src>
    <src id="9">
      <dst id="12">546666.6133</dst>
      <dst id="13">13765.1644</dst>
      <dst id="19">368.3467</dst>
      <dst id="23">19.4311</dst>
      <dst id="8">980.8444</dst>
      <dst id="18">387.8933</dst>
      <dst id="4">20388.7022</dst>
      <dst id="1">4370.7644</dst>
      <dst id="5">10434.2489</dst>
      <dst id="3">72.5422</dst>
      <dst id="22">5222.0000</dst>
      <dst id="7">403.8133</dst>
      <dst id="2">228419.7600</dst>
      <dst id="6">2.6311</dst>
      <dst id="16">1002.7111</dst>
      <dst id="14">32.4267</dst>
      <dst id="20">15153.5022</dst>
      <dst id="11">1095.3600</dst>
      <dst id="9">13795.4311</dst>
      <dst id="17">209267.9289</dst>
      <dst id="21">816.6933</dst>
      <dst id="15">2310.6133</dst>
    </src>
    <src id="17">
      <dst id="12">12840.0444</dst>
      <dst id="13">7707.0844</dst>
      <dst id="19">949.4222</dst>
      <dst id="23">1314.4178</dst>
      <dst id="8">167838.6578</dst>
      <dst id="18">1941.5822</dst>
      <dst id="4">129303.0667</dst>
      <dst id="1">4224.0000</dst>
      <dst id="5">285055.1200</dst>
      <dst id="3">7994.3289</dst>
      <dst id="22">4905.6533</dst>
      <dst id="7">1952.2044</dst>
      <dst id="2">34897.5644</dst>
      <dst id="6">161.9022</dst>
      <dst id="16">5102.3289</dst>
      <dst id="14">40382.6133</dst>
      <dst id="20">4231.2889</dst>
      <dst id="11">185937.7600</dst>
      <dst id="9">305665.7156</dst>
      <dst id="17">2661.8578</dst>
      <dst id="21">14895.6889</dst>
      <dst id="15">319.4044</dst>
    </src>
    <src id="21">
      <dst id="12">22281.5556</dst>
      <dst id="13">1200.0800</dst>
      <dst id="19">569.7067</dst>
      <dst id="23">36.8978</dst>
      <dst id="8">365.1200</dst>
      <dst id="18">13099.0844</dst>
      <dst id="4">26446.6578</dst>
      <dst id="1">3893.8489</dst>
      <dst id="5">704.6400</dst>
      <dst id="3">18928.2933</dst>
      <dst id="22">4174.4800</dst>
      <dst id="7">4867.4756</dst>
      <dst id="2">28062.4978</dst>
      <dst id="6">5.0311</dst>
      <dst id="16">2166.4356</dst>
      <dst id="14">96.8889</dst>
      <dst id="20">1570.2400</dst>
      <dst id="11">5114.2311</dst>
      <dst id="9">526.4978</dst>
      <dst id="17">6167.8489</dst>
      <dst id="21">4208.7022</dst>
      <dst id="15">38.3378</dst>
    </src>
    <src id="15">
      <dst id="12">5239.8756</dst>
      <dst id="13">1899.0578</dst>
      <dst id="19">107.0933</dst>
      <dst id="23">12.9778</dst>
      <dst id="8">1238.6844</dst>
      <dst id="18">11.2711</dst>
      <dst id="4">1642.6222</dst>
      <dst id="1">4019.6089</dst>
      <dst id="5">683.1378</dst>
      <dst id="3">0.9244</dst>
      <dst id="7">62.2222</dst>
      <dst id="2">212.3911</dst>
      <dst id="14">0.8533</dst>
      <dst id="11">39.8578</dst>
      <dst id="9">7296.5244</dst>
      <dst id="17">8195.2178</dst>
      <dst id="21">59.1467</dst>
    </src>
  </IntraTM>
</TrafficMatrixFile>
