<?xml version="1.0" encoding="UTF-8" standalone="yes"?>
<TrafficMatrixFile xmlns:xsi="http://www.w3.org/2001/XMLSchema-instance" xsi:noNamespaceSchemaLocation="http://totem.run.montefiore.ulg.ac.be/Schema/TrafficMatrix-v1_2.xsd">
  <info>
    <title>Intradomain traffic matrix generated by geant-TM-all.pl</title>
    <date>2005-01-05T17:45:00</date>
    <duration>900</duration>
    <author>Steve Uhlig</author>
    <units>
        <unit type="bandwidth" value="kbps"/>
    </units>
  </info>
  <IntraTM ASID="20965">
    <src id="12">
      <dst id="12">320637.4400</dst>
      <dst id="13">30225.6889</dst>
      <dst id="19">12017.2533</dst>
      <dst id="23">163.0044</dst>
      <dst id="8">3174.9867</dst>
      <dst id="18">956.1689</dst>
      <dst id="4">90545.7956</dst>
      <dst id="1">12425.1111</dst>
      <dst id="5">6641.4133</dst>
      <dst id="3">5860.8356</dst>
      <dst id="22">24319.5644</dst>
      <dst id="7">7649.7689</dst>
      <dst id="2">99870.2933</dst>
      <dst id="6">34.5867</dst>
      <dst id="16">15181.3067</dst>
      <dst id="14">381.0667</dst>
      <dst id="20">4092.0889</dst>
      <dst id="11">8333.7067</dst>
      <dst id="9">9067.9733</dst>
      <dst id="17">106309.6889</dst>
      <dst id="21">14433.2533</dst>
      <dst id="15">1233.7511</dst>
    </src>
    <src id="13">
      <dst id="12">92093.4756</dst>
      <dst id="19">120356.7733</dst>
      <dst id="23">5494.3644</dst>
      <dst id="8">7556.7644</dst>
      <dst id="18">4210.1244</dst>
      <dst id="1">18915.2267</dst>
      <dst id="5">8377.0578</dst>
      <dst id="3">25092.3022</dst>
      <dst id="22">26555.2711</dst>
      <dst id="7">25672.8889</dst>
      <dst id="2">85519.4044</dst>
      <dst id="6">158.7556</dst>
      <dst id="16">16832.2578</dst>
      <dst id="14">5167.0844</dst>
      <dst id="20">25991.6711</dst>
      <dst id="11">26983.7422</dst>
      <dst id="9">25755.0311</dst>
      <dst id="17">346650.9244</dst>
      <dst id="21">20027.9467</dst>
      <dst id="15">7854.3467</dst>
    </src>
    <src id="19">
      <dst id="12">16597.8933</dst>
      <dst id="13">9509.7333</dst>
      <dst id="23">28.5689</dst>
      <dst id="8">58.6578</dst>
      <dst id="18">44.0444</dst>
      <dst id="4">20068.7911</dst>
      <dst id="1">1172.4444</dst>
      <dst id="5">586.0978</dst>
      <dst id="3">65.8844</dst>
      <dst id="22">2153.6889</dst>
      <dst id="7">15881.2622</dst>
      <dst id="2">2030.1600</dst>
      <dst id="6">873.0222</dst>
      <dst id="16">7593.6889</dst>
      <dst id="14">3.6267</dst>
      <dst id="20">95.4489</dst>
      <dst id="11">1451.1556</dst>
      <dst id="9">108.6222</dst>
      <dst id="17">21520.3733</dst>
      <dst id="21">1053.9467</dst>
      <dst id="15">2.8089</dst>
    </src>
    <src id="23">
      <dst id="12">1442.9956</dst>
      <dst id="13">378.9778</dst>
      <dst id="19">1544.8978</dst>
      <dst id="8">493.3333</dst>
      <dst id="18">780.0800</dst>
      <dst id="4">198.4356</dst>
      <dst id="1">41.3244</dst>
      <dst id="5">141.0844</dst>
      <dst id="3">748.9156</dst>
      <dst id="22">367.7600</dst>
      <dst id="7">1320.7022</dst>
      <dst id="2">1201.2178</dst>
      <dst id="6">1.1378</dst>
      <dst id="16">755.1467</dst>
      <dst id="20">29.6889</dst>
      <dst id="11">146.4356</dst>
      <dst id="9">1450.9333</dst>
      <dst id="17">1216.0356</dst>
      <dst id="21">1434.4800</dst>
      <dst id="15">0.3556</dst>
    </src>
    <src id="8">
      <dst id="12">264721.3422</dst>
      <dst id="13">1599.6978</dst>
      <dst id="19">2.0800</dst>
      <dst id="23">6.4711</dst>
      <dst id="18">4.8089</dst>
      <dst id="4">8941.8933</dst>
      <dst id="1">1046.4711</dst>
      <dst id="5">968.9422</dst>
      <dst id="3">1.9733</dst>
      <dst id="22">1013.4222</dst>
      <dst id="7">8.2933</dst>
      <dst id="2">102231.1556</dst>
      <dst id="16">1729.0933</dst>
      <dst id="14">5.6889</dst>
      <dst id="20">3593.6178</dst>
      <dst id="11">4420.8089</dst>
      <dst id="9">661.3600</dst>
      <dst id="17">110485.8667</dst>
      <dst id="21">169.4489</dst>
      <dst id="15">1407.9733</dst>
    </src>
    <src id="18">
      <dst id="12">97523.4044</dst>
      <dst id="13">1987.0578</dst>
      <dst id="19">9.5200</dst>
      <dst id="23">18.1511</dst>
      <dst id="8">47.1200</dst>
      <dst id="4">1355.5289</dst>
      <dst id="1">936.2044</dst>
      <dst id="5">108.2756</dst>
      <dst id="3">42.2667</dst>
      <dst id="22">286.5867</dst>
      <dst id="7">377.4844</dst>
      <dst id="2">24365.0222</dst>
      <dst id="16">29.8756</dst>
      <dst id="14">27.7067</dst>
      <dst id="20">394.7822</dst>
      <dst id="11">1347.9467</dst>
      <dst id="9">191.6000</dst>
      <dst id="17">30861.3333</dst>
      <dst id="21">5092.1156</dst>
      <dst id="15">17.9200</dst>
    </src>
    <src id="4">
      <dst id="12">26734.8889</dst>
      <dst id="19">19543.2356</dst>
      <dst id="23">0.8178</dst>
      <dst id="8">908.3467</dst>
      <dst id="18">756.0000</dst>
      <dst id="4">15.6711</dst>
      <dst id="1">109788.1333</dst>
      <dst id="5">3455.6000</dst>
      <dst id="3">2076.4178</dst>
      <dst id="22">8561.7422</dst>
      <dst id="7">138025.7333</dst>
      <dst id="2">86825.6889</dst>
      <dst id="6">78.5867</dst>
      <dst id="16">4136.2844</dst>
      <dst id="14">5145.7689</dst>
      <dst id="20">2604.1689</dst>
      <dst id="11">8812.4444</dst>
      <dst id="9">4366.4622</dst>
      <dst id="17">31623.7511</dst>
      <dst id="21">11153.1644</dst>
      <dst id="15">3996.2311</dst>
    </src>
    <src id="1">
      <dst id="12">21557.2356</dst>
      <dst id="13">8105.4933</dst>
      <dst id="19">821.7511</dst>
      <dst id="23">18.5244</dst>
      <dst id="8">175303.5289</dst>
      <dst id="18">13749.8667</dst>
      <dst id="4">18513.1822</dst>
      <dst id="1">21482.0800</dst>
      <dst id="5">269648.6044</dst>
      <dst id="3">2859.2267</dst>
      <dst id="22">7920.8267</dst>
      <dst id="7">37880.7733</dst>
      <dst id="2">23065.2089</dst>
      <dst id="6">19668.6578</dst>
      <dst id="16">15422.2844</dst>
      <dst id="14">273.2356</dst>
      <dst id="20">2262.1422</dst>
      <dst id="11">1626.7111</dst>
      <dst id="9">373707.0044</dst>
      <dst id="17">11690.1067</dst>
      <dst id="21">11650.7733</dst>
      <dst id="15">194.8444</dst>
    </src>
    <src id="5">
      <dst id="12">333779.8400</dst>
      <dst id="13">2831.9911</dst>
      <dst id="19">7133.2622</dst>
      <dst id="23">2.3111</dst>
      <dst id="8">1546.0533</dst>
      <dst id="18">470.3467</dst>
      <dst id="4">7518.2489</dst>
      <dst id="1">7767.6622</dst>
      <dst id="3">28.4000</dst>
      <dst id="22">4359.9733</dst>
      <dst id="7">484.8622</dst>
      <dst id="2">121028.2133</dst>
      <dst id="6">26.7733</dst>
      <dst id="16">1762.1778</dst>
      <dst id="14">238.0267</dst>
      <dst id="20">1337.8667</dst>
      <dst id="11">4660.6133</dst>
      <dst id="9">1102.7111</dst>
      <dst id="17">107021.8578</dst>
      <dst id="21">301.2978</dst>
      <dst id="15">2739.0667</dst>
    </src>
    <src id="3">
      <dst id="12">14062.8000</dst>
      <dst id="13">5451.4400</dst>
      <dst id="19">2329.5556</dst>
      <dst id="23">8075.4756</dst>
      <dst id="8">167.0400</dst>
      <dst id="18">106419.2089</dst>
      <dst id="4">38734.0267</dst>
      <dst id="1">15580.8356</dst>
      <dst id="5">1383.7244</dst>
      <dst id="3">15411.8489</dst>
      <dst id="22">1484.7111</dst>
      <dst id="7">8725.9911</dst>
      <dst id="2">8779.4311</dst>
      <dst id="6">86.0800</dst>
      <dst id="16">1749.1911</dst>
      <dst id="14">58996.4178</dst>
      <dst id="20">3088.9244</dst>
      <dst id="11">318543.3511</dst>
      <dst id="9">771.9556</dst>
      <dst id="17">19017.4667</dst>
      <dst id="21">16172.7111</dst>
      <dst id="15">1354.5956</dst>
    </src>
    <src id="10">
      <dst id="12">22761.7333</dst>
      <dst id="19">9865.8133</dst>
      <dst id="8">1107.1822</dst>
      <dst id="18">4047.4933</dst>
      <dst id="1">8198.1600</dst>
      <dst id="5">1229.4044</dst>
      <dst id="3">13644.6044</dst>
      <dst id="22">8606.3111</dst>
      <dst id="7">125350.3022</dst>
      <dst id="2">31872.4000</dst>
      <dst id="6">38.9333</dst>
      <dst id="16">7081.3600</dst>
      <dst id="14">1647.6444</dst>
      <dst id="20">1887.2889</dst>
      <dst id="11">9567.2356</dst>
      <dst id="9">2833.5378</dst>
      <dst id="17">30386.0267</dst>
      <dst id="21">12506.5333</dst>
      <dst id="15">1945.5556</dst>
    </src>
    <src id="22">
      <dst id="12">10227.4578</dst>
      <dst id="13">2885.5911</dst>
      <dst id="19">382.7556</dst>
      <dst id="23">4867.0222</dst>
      <dst id="8">1913.0667</dst>
      <dst id="18">179.4489</dst>
      <dst id="4">19368.0000</dst>
      <dst id="1">513.0222</dst>
      <dst id="5">2768.7733</dst>
      <dst id="3">7673.8844</dst>
      <dst id="7">5564.1689</dst>
      <dst id="2">14968.5778</dst>
      <dst id="6">49.9289</dst>
      <dst id="16">0.4089</dst>
      <dst id="14">53.0222</dst>
      <dst id="11">2960.9867</dst>
      <dst id="9">1496.6933</dst>
      <dst id="17">10575.1733</dst>
      <dst id="21">1227.5200</dst>
    </src>
    <src id="7">
      <dst id="12">5098.4089</dst>
      <dst id="13">2241.7689</dst>
      <dst id="19">2531.4133</dst>
      <dst id="23">88.8889</dst>
      <dst id="8">43.8756</dst>
      <dst id="18">1048.4267</dst>
      <dst id="4">92914.3022</dst>
      <dst id="1">18746.9067</dst>
      <dst id="5">1199.3422</dst>
      <dst id="3">16075.1733</dst>
      <dst id="22">5084.9956</dst>
      <dst id="7">743.2533</dst>
      <dst id="2">5674.0711</dst>
      <dst id="6">97.6444</dst>
      <dst id="16">1937.9467</dst>
      <dst id="14">312.4622</dst>
      <dst id="20">1930.5333</dst>
      <dst id="11">4185.1556</dst>
      <dst id="9">6714.5600</dst>
      <dst id="17">14138.3111</dst>
      <dst id="21">6792.8178</dst>
      <dst id="15">2701.8044</dst>
    </src>
    <src id="2">
      <dst id="12">164933.4667</dst>
      <dst id="13">519978.4000</dst>
      <dst id="19">1193.3333</dst>
      <dst id="23">48.2489</dst>
      <dst id="8">1323.3867</dst>
      <dst id="18">102009.9467</dst>
      <dst id="4">72508.6756</dst>
      <dst id="1">17726.8533</dst>
      <dst id="5">2512.3200</dst>
      <dst id="3">580.3733</dst>
      <dst id="22">6629.3956</dst>
      <dst id="7">17772.3111</dst>
      <dst id="2">1255.0844</dst>
      <dst id="6">11877.6533</dst>
      <dst id="16">5436.3200</dst>
      <dst id="14">7204.0267</dst>
      <dst id="20">515.7689</dst>
      <dst id="11">7943.4844</dst>
      <dst id="9">2433.7156</dst>
      <dst id="17">40011.4133</dst>
      <dst id="21">6702.9244</dst>
      <dst id="15">461.9911</dst>
    </src>
    <src id="6">
      <dst id="12">11833.6089</dst>
      <dst id="13">44.1067</dst>
      <dst id="19">76.2667</dst>
      <dst id="23">1.4044</dst>
      <dst id="8">11.4667</dst>
      <dst id="4">1238.6756</dst>
      <dst id="1">90.4089</dst>
      <dst id="5">28.7644</dst>
      <dst id="3">12.2489</dst>
      <dst id="22">39.4844</dst>
      <dst id="7">258.1156</dst>
      <dst id="2">2215.8756</dst>
      <dst id="16">192.6844</dst>
      <dst id="14">0.9244</dst>
      <dst id="11">57.7778</dst>
      <dst id="9">2.6667</dst>
      <dst id="17">2155.2000</dst>
      <dst id="21">99.8311</dst>
    </src>
    <src id="16">
      <dst id="12">4076.2222</dst>
      <dst id="13">1243.9200</dst>
      <dst id="19">4293.5822</dst>
      <dst id="23">44.2578</dst>
      <dst id="8">8151.8667</dst>
      <dst id="18">80.3644</dst>
      <dst id="4">9497.8667</dst>
      <dst id="1">35583.0044</dst>
      <dst id="5">8230.2578</dst>
      <dst id="3">1220.8533</dst>
      <dst id="7">4624.7556</dst>
      <dst id="2">3615.1378</dst>
      <dst id="6">51.8222</dst>
      <dst id="16">44.7289</dst>
      <dst id="14">426.9867</dst>
      <dst id="11">645.1289</dst>
      <dst id="9">11950.3022</dst>
      <dst id="17">6620.4089</dst>
      <dst id="21">3235.2444</dst>
    </src>
    <src id="14">
      <dst id="12">18263.5467</dst>
      <dst id="13">592.5156</dst>
      <dst id="19">6.5600</dst>
      <dst id="8">17.8756</dst>
      <dst id="18">5.6622</dst>
      <dst id="4">2648.0000</dst>
      <dst id="1">1879.2356</dst>
      <dst id="5">48.2756</dst>
      <dst id="3">193.5911</dst>
      <dst id="22">53.4667</dst>
      <dst id="7">291.5378</dst>
      <dst id="2">7764.0622</dst>
      <dst id="16">12.4622</dst>
      <dst id="20">88.2133</dst>
      <dst id="11">183.0222</dst>
      <dst id="9">10.6933</dst>
      <dst id="17">7135.3778</dst>
      <dst id="21">99.7511</dst>
      <dst id="15">22.1511</dst>
    </src>
    <src id="20">
      <dst id="12">7009.4667</dst>
      <dst id="13">24269.6889</dst>
      <dst id="19">880.9333</dst>
      <dst id="23">0.6489</dst>
      <dst id="8">203.2622</dst>
      <dst id="18">51.5822</dst>
      <dst id="4">5850.7822</dst>
      <dst id="1">361.4578</dst>
      <dst id="5">692.8533</dst>
      <dst id="3">13087.1822</dst>
      <dst id="7">1133.6978</dst>
      <dst id="2">1416.9067</dst>
      <dst id="6">0.7111</dst>
      <dst id="16">3.4133</dst>
      <dst id="14">184.4622</dst>
      <dst id="11">8963.3067</dst>
      <dst id="9">5338.9156</dst>
      <dst id="17">10030.5244</dst>
      <dst id="21">503.1556</dst>
    </src>
    <src id="11">
      <dst id="12">420923.7422</dst>
      <dst id="13">8715.0756</dst>
      <dst id="19">25.0756</dst>
      <dst id="23">20.5067</dst>
      <dst id="8">1472.4356</dst>
      <dst id="18">1853.0489</dst>
      <dst id="4">11897.9733</dst>
      <dst id="1">932.2311</dst>
      <dst id="5">2381.0578</dst>
      <dst id="3">2676.1778</dst>
      <dst id="22">5742.0178</dst>
      <dst id="7">1918.1156</dst>
      <dst id="2">171197.3244</dst>
      <dst id="6">423.3244</dst>
      <dst id="16">1195.6356</dst>
      <dst id="14">105.9556</dst>
      <dst id="20">630.0711</dst>
      <dst id="11">4038.2400</dst>
      <dst id="9">4339.9733</dst>
      <dst id="17">159468.4889</dst>
      <dst id="21">852.6489</dst>
      <dst id="15">1373.5022</dst>
    </src>
    <src id="9">
      <dst id="12">447126.2844</dst>
      <dst id="13">8106.8444</dst>
      <dst id="19">1034.4178</dst>
      <dst id="23">53.8133</dst>
      <dst id="8">3836.8533</dst>
      <dst id="18">162.3822</dst>
      <dst id="4">16834.4356</dst>
      <dst id="1">6611.4756</dst>
      <dst id="5">4165.7600</dst>
      <dst id="3">2.7289</dst>
      <dst id="22">2252.0622</dst>
      <dst id="7">5389.2711</dst>
      <dst id="2">149626.3200</dst>
      <dst id="6">25.8133</dst>
      <dst id="16">1987.2267</dst>
      <dst id="14">15.9022</dst>
      <dst id="20">4883.3067</dst>
      <dst id="11">1162.1067</dst>
      <dst id="9">654.0533</dst>
      <dst id="17">222536.9600</dst>
      <dst id="21">284.4000</dst>
      <dst id="15">2407.4133</dst>
    </src>
    <src id="17">
      <dst id="12">18446.6667</dst>
      <dst id="13">19407.2978</dst>
      <dst id="19">5934.2933</dst>
      <dst id="23">786.5867</dst>
      <dst id="8">168945.4222</dst>
      <dst id="18">1589.8933</dst>
      <dst id="4">64531.8756</dst>
      <dst id="1">11855.4400</dst>
      <dst id="5">253040.6044</dst>
      <dst id="3">22320.2400</dst>
      <dst id="22">6115.1289</dst>
      <dst id="7">12843.8933</dst>
      <dst id="2">10296.9422</dst>
      <dst id="6">1060.7556</dst>
      <dst id="16">17562.8178</dst>
      <dst id="14">41272.5600</dst>
      <dst id="20">1639.8844</dst>
      <dst id="11">222488.3467</dst>
      <dst id="9">291017.5822</dst>
      <dst id="17">1226.9600</dst>
      <dst id="21">18559.8578</dst>
      <dst id="15">8786.6578</dst>
    </src>
    <src id="21">
      <dst id="12">19257.5200</dst>
      <dst id="13">2074.8000</dst>
      <dst id="19">279.3867</dst>
      <dst id="23">72.0000</dst>
      <dst id="8">205.5378</dst>
      <dst id="18">545.4311</dst>
      <dst id="4">27082.2400</dst>
      <dst id="1">14979.0667</dst>
      <dst id="5">510.9956</dst>
      <dst id="3">16906.6044</dst>
      <dst id="22">4295.7956</dst>
      <dst id="7">11235.8667</dst>
      <dst id="2">7191.2356</dst>
      <dst id="6">122.4800</dst>
      <dst id="16">353.1200</dst>
      <dst id="14">275.7067</dst>
      <dst id="20">1296.6667</dst>
      <dst id="11">2481.5733</dst>
      <dst id="9">1281.0933</dst>
      <dst id="17">5271.6178</dst>
      <dst id="21">2979.5911</dst>
      <dst id="15">1855.2089</dst>
    </src>
    <src id="15">
      <dst id="12">1838.9156</dst>
      <dst id="13">2708.8711</dst>
      <dst id="19">43.9200</dst>
      <dst id="8">218.0267</dst>
      <dst id="18">26.5067</dst>
      <dst id="4">2604.0178</dst>
      <dst id="1">649.2089</dst>
      <dst id="5">616.5333</dst>
      <dst id="3">13.9733</dst>
      <dst id="7">1418.4178</dst>
      <dst id="2">356.5067</dst>
      <dst id="6">0.3378</dst>
      <dst id="14">2.9067</dst>
      <dst id="11">292.1778</dst>
      <dst id="9">1390.9244</dst>
      <dst id="17">970.5244</dst>
      <dst id="21">2331.7511</dst>
    </src>
  </IntraTM>
</TrafficMatrixFile>
