<?xml version="1.0" encoding="UTF-8" standalone="yes"?>
<TrafficMatrixFile xmlns:xsi="http://www.w3.org/2001/XMLSchema-instance" xsi:noNamespaceSchemaLocation="http://totem.run.montefiore.ulg.ac.be/Schema/TrafficMatrix-v1_2.xsd">
  <info>
    <title>Intradomain traffic matrix generated by geant-TM-all.pl</title>
    <date>2005-01-06T02:30:00</date>
    <duration>900</duration>
    <author>Steve Uhlig</author>
    <units>
        <unit type="bandwidth" value="kbps"/>
    </units>
  </info>
  <IntraTM ASID="20965">
    <src id="12">
      <dst id="12">311808.4978</dst>
      <dst id="13">31149.5111</dst>
      <dst id="19">6658.9867</dst>
      <dst id="23">289.6622</dst>
      <dst id="8">9568.8444</dst>
      <dst id="18">3309.3244</dst>
      <dst id="4">123023.0578</dst>
      <dst id="1">18178.4889</dst>
      <dst id="5">28802.1067</dst>
      <dst id="3">16151.5822</dst>
      <dst id="22">15286.4711</dst>
      <dst id="7">12365.6089</dst>
      <dst id="2">112403.1111</dst>
      <dst id="6">3.0578</dst>
      <dst id="16">6779.7689</dst>
      <dst id="14">417.8133</dst>
      <dst id="20">5979.3156</dst>
      <dst id="11">11153.8489</dst>
      <dst id="9">15541.8044</dst>
      <dst id="17">97849.6800</dst>
      <dst id="21">14183.4489</dst>
      <dst id="15">5878.2489</dst>
    </src>
    <src id="13">
      <dst id="12">97783.8489</dst>
      <dst id="19">14082.6844</dst>
      <dst id="23">98.0178</dst>
      <dst id="8">7056.5511</dst>
      <dst id="18">12826.2044</dst>
      <dst id="1">14901.3244</dst>
      <dst id="5">11119.6889</dst>
      <dst id="3">18962.6667</dst>
      <dst id="22">27111.7333</dst>
      <dst id="7">40038.8533</dst>
      <dst id="2">137479.1644</dst>
      <dst id="6">81.6089</dst>
      <dst id="16">10799.2178</dst>
      <dst id="14">5164.1600</dst>
      <dst id="20">37146.4889</dst>
      <dst id="11">28188.8000</dst>
      <dst id="9">24107.6267</dst>
      <dst id="17">101809.0667</dst>
      <dst id="21">42777.8489</dst>
      <dst id="15">6946.5778</dst>
    </src>
    <src id="19">
      <dst id="12">21944.0711</dst>
      <dst id="13">1605.6444</dst>
      <dst id="23">228.2311</dst>
      <dst id="8">520.1867</dst>
      <dst id="18">1539.9289</dst>
      <dst id="4">26480.2311</dst>
      <dst id="1">6895.9467</dst>
      <dst id="5">367.6533</dst>
      <dst id="3">23.9467</dst>
      <dst id="22">1609.4044</dst>
      <dst id="7">5417.4844</dst>
      <dst id="2">1641.9556</dst>
      <dst id="6">785.5200</dst>
      <dst id="16">13745.4044</dst>
      <dst id="14">5.4489</dst>
      <dst id="20">85.3156</dst>
      <dst id="11">359.9111</dst>
      <dst id="9">28.8800</dst>
      <dst id="17">18307.5467</dst>
      <dst id="21">6477.1111</dst>
      <dst id="15">95.3600</dst>
    </src>
    <src id="23">
      <dst id="12">258.1333</dst>
      <dst id="13">553.4400</dst>
      <dst id="19">23.3422</dst>
      <dst id="8">0.7111</dst>
      <dst id="18">94.1511</dst>
      <dst id="4">470.0444</dst>
      <dst id="1">43.0578</dst>
      <dst id="5">82.8444</dst>
      <dst id="3">160.1689</dst>
      <dst id="22">185.2000</dst>
      <dst id="7">378.0978</dst>
      <dst id="2">158.7200</dst>
      <dst id="6">9.1467</dst>
      <dst id="16">244.5511</dst>
      <dst id="14">118.6844</dst>
      <dst id="20">164.0267</dst>
      <dst id="11">109.2089</dst>
      <dst id="9">15.0400</dst>
      <dst id="17">3594.7378</dst>
      <dst id="21">1256.6489</dst>
      <dst id="15">53.3333</dst>
    </src>
    <src id="8">
      <dst id="12">369005.6800</dst>
      <dst id="13">1210.0267</dst>
      <dst id="19">255.6444</dst>
      <dst id="23">29.3956</dst>
      <dst id="18">114.3644</dst>
      <dst id="4">11017.8578</dst>
      <dst id="1">3112.2578</dst>
      <dst id="5">3852.6133</dst>
      <dst id="3">14.0444</dst>
      <dst id="22">1943.0756</dst>
      <dst id="7">610.2133</dst>
      <dst id="2">141924.7200</dst>
      <dst id="6">12.8000</dst>
      <dst id="16">934.8711</dst>
      <dst id="14">35.7600</dst>
      <dst id="20">4261.4578</dst>
      <dst id="11">766.4711</dst>
      <dst id="9">391.8578</dst>
      <dst id="17">151710.5689</dst>
      <dst id="21">247.9911</dst>
      <dst id="15">419.5289</dst>
    </src>
    <src id="18">
      <dst id="12">132377.7689</dst>
      <dst id="13">836.5511</dst>
      <dst id="19">409.1200</dst>
      <dst id="23">2.5333</dst>
      <dst id="8">613.3244</dst>
      <dst id="4">2190.9067</dst>
      <dst id="1">2930.0356</dst>
      <dst id="5">510.8711</dst>
      <dst id="3">64.7556</dst>
      <dst id="22">215.7956</dst>
      <dst id="7">161.1378</dst>
      <dst id="2">45733.5644</dst>
      <dst id="16">221.7244</dst>
      <dst id="14">2.1333</dst>
      <dst id="20">98.5244</dst>
      <dst id="11">359.9022</dst>
      <dst id="9">219.2622</dst>
      <dst id="17">56888.7733</dst>
      <dst id="21">1703.0311</dst>
      <dst id="15">17.0667</dst>
    </src>
    <src id="4">
      <dst id="12">22081.0844</dst>
      <dst id="19">7660.9689</dst>
      <dst id="23">1.1733</dst>
      <dst id="8">3996.0178</dst>
      <dst id="18">1727.5289</dst>
      <dst id="1">57477.8756</dst>
      <dst id="5">2640.3022</dst>
      <dst id="3">1850.0978</dst>
      <dst id="22">9297.5289</dst>
      <dst id="7">36853.7511</dst>
      <dst id="2">96381.5556</dst>
      <dst id="6">11.7333</dst>
      <dst id="16">4041.5378</dst>
      <dst id="14">891.8489</dst>
      <dst id="20">5291.3422</dst>
      <dst id="11">4087.7333</dst>
      <dst id="9">7815.1822</dst>
      <dst id="17">34089.6356</dst>
      <dst id="21">16423.4756</dst>
      <dst id="15">2143.7600</dst>
    </src>
    <src id="1">
      <dst id="12">20400.0622</dst>
      <dst id="13">3461.7156</dst>
      <dst id="19">254.8089</dst>
      <dst id="23">192.2311</dst>
      <dst id="8">192813.3600</dst>
      <dst id="18">14977.0311</dst>
      <dst id="4">30868.9600</dst>
      <dst id="1">25789.9822</dst>
      <dst id="5">295960.0444</dst>
      <dst id="3">6778.1333</dst>
      <dst id="22">7155.8578</dst>
      <dst id="7">48017.2267</dst>
      <dst id="2">18977.2089</dst>
      <dst id="6">10936.2844</dst>
      <dst id="16">12061.3867</dst>
      <dst id="14">1143.3778</dst>
      <dst id="20">441.3067</dst>
      <dst id="11">358.3467</dst>
      <dst id="9">323357.4844</dst>
      <dst id="17">22522.8711</dst>
      <dst id="21">11725.5111</dst>
      <dst id="15">349.8667</dst>
    </src>
    <src id="5">
      <dst id="12">392744.8533</dst>
      <dst id="13">7084.8267</dst>
      <dst id="19">430.1689</dst>
      <dst id="23">42.0267</dst>
      <dst id="8">11629.4844</dst>
      <dst id="18">462.1600</dst>
      <dst id="4">8387.7956</dst>
      <dst id="1">6686.3822</dst>
      <dst id="3">49.4222</dst>
      <dst id="22">9014.7378</dst>
      <dst id="7">378.3822</dst>
      <dst id="2">165234.1600</dst>
      <dst id="6">0.7111</dst>
      <dst id="16">1960.2756</dst>
      <dst id="14">46.3289</dst>
      <dst id="20">8767.9733</dst>
      <dst id="11">4051.5644</dst>
      <dst id="9">9783.0933</dst>
      <dst id="17">160464.0622</dst>
      <dst id="21">557.2622</dst>
      <dst id="15">483.5733</dst>
    </src>
    <src id="3">
      <dst id="12">10313.0311</dst>
      <dst id="13">1815.1378</dst>
      <dst id="19">1575.8133</dst>
      <dst id="23">24.0711</dst>
      <dst id="8">1209.1378</dst>
      <dst id="18">228034.5956</dst>
      <dst id="4">62218.5156</dst>
      <dst id="1">7981.2889</dst>
      <dst id="5">530.8356</dst>
      <dst id="3">11171.5911</dst>
      <dst id="22">2145.7067</dst>
      <dst id="7">40275.0933</dst>
      <dst id="2">12217.3422</dst>
      <dst id="6">3.6267</dst>
      <dst id="16">2142.0444</dst>
      <dst id="14">51342.3822</dst>
      <dst id="20">4455.5378</dst>
      <dst id="11">286831.9289</dst>
      <dst id="9">881.1822</dst>
      <dst id="17">20139.0756</dst>
      <dst id="21">15178.6667</dst>
      <dst id="15">2770.0978</dst>
    </src>
    <src id="10">
      <dst id="12">14151.0133</dst>
      <dst id="19">3880.0000</dst>
      <dst id="8">3760.5422</dst>
      <dst id="18">5187.2444</dst>
      <dst id="4">0.7111</dst>
      <dst id="1">3009.6444</dst>
      <dst id="5">1916.6844</dst>
      <dst id="3">12011.7244</dst>
      <dst id="22">5350.1689</dst>
      <dst id="7">14787.7067</dst>
      <dst id="2">43372.3822</dst>
      <dst id="6">4.4000</dst>
      <dst id="16">4202.1689</dst>
      <dst id="14">1714.0622</dst>
      <dst id="20">2539.9467</dst>
      <dst id="11">5190.5778</dst>
      <dst id="9">2964.0178</dst>
      <dst id="17">36295.2978</dst>
      <dst id="21">17098.4533</dst>
      <dst id="15">165.5022</dst>
    </src>
    <src id="22">
      <dst id="12">12045.4667</dst>
      <dst id="13">5313.9733</dst>
      <dst id="19">433.1022</dst>
      <dst id="23">554.7289</dst>
      <dst id="8">2006.9511</dst>
      <dst id="18">1047.0311</dst>
      <dst id="4">24227.1289</dst>
      <dst id="1">419.2000</dst>
      <dst id="5">17764.1778</dst>
      <dst id="3">902.0000</dst>
      <dst id="7">2457.2178</dst>
      <dst id="2">7647.1378</dst>
      <dst id="6">17.2356</dst>
      <dst id="16">19.2711</dst>
      <dst id="14">273.8844</dst>
      <dst id="11">5116.2844</dst>
      <dst id="9">6459.2978</dst>
      <dst id="17">7972.3022</dst>
      <dst id="21">3178.4978</dst>
    </src>
    <src id="7">
      <dst id="12">5165.6711</dst>
      <dst id="13">4413.2267</dst>
      <dst id="19">5364.8267</dst>
      <dst id="23">394.1422</dst>
      <dst id="8">717.9289</dst>
      <dst id="18">577.0489</dst>
      <dst id="4">20891.6622</dst>
      <dst id="1">20704.6400</dst>
      <dst id="5">1281.4489</dst>
      <dst id="3">3187.6356</dst>
      <dst id="22">6330.9244</dst>
      <dst id="7">706.9867</dst>
      <dst id="2">34189.7244</dst>
      <dst id="6">27.8133</dst>
      <dst id="16">5295.6533</dst>
      <dst id="14">143.6622</dst>
      <dst id="20">2313.5289</dst>
      <dst id="11">2003.3156</dst>
      <dst id="9">2177.9822</dst>
      <dst id="17">19165.7689</dst>
      <dst id="21">18053.2978</dst>
      <dst id="15">1083.2178</dst>
    </src>
    <src id="2">
      <dst id="12">158522.3644</dst>
      <dst id="13">521684.7289</dst>
      <dst id="19">4205.1200</dst>
      <dst id="23">17.1022</dst>
      <dst id="8">1953.9289</dst>
      <dst id="18">144041.6089</dst>
      <dst id="4">132911.7244</dst>
      <dst id="1">13998.4444</dst>
      <dst id="5">2286.1422</dst>
      <dst id="3">1407.3156</dst>
      <dst id="22">4619.5111</dst>
      <dst id="7">26991.1111</dst>
      <dst id="2">1190.6311</dst>
      <dst id="6">9026.2578</dst>
      <dst id="16">4510.8089</dst>
      <dst id="14">2821.1911</dst>
      <dst id="20">1804.6311</dst>
      <dst id="11">6167.6622</dst>
      <dst id="9">1253.1911</dst>
      <dst id="17">13816.7111</dst>
      <dst id="21">8261.9378</dst>
      <dst id="15">90.1778</dst>
    </src>
    <src id="6">
      <dst id="12">11988.4533</dst>
      <dst id="13">6.0889</dst>
      <dst id="19">21.2622</dst>
      <dst id="23">0.3644</dst>
      <dst id="18">11.4667</dst>
      <dst id="4">141.5289</dst>
      <dst id="1">108.1156</dst>
      <dst id="5">16.8889</dst>
      <dst id="3">11.4667</dst>
      <dst id="22">14.3111</dst>
      <dst id="7">23.3156</dst>
      <dst id="2">3588.9156</dst>
      <dst id="16">9.8133</dst>
      <dst id="11">92.9778</dst>
      <dst id="9">14.5600</dst>
      <dst id="17">2648.9511</dst>
      <dst id="21">88.6222</dst>
      <dst id="15">0.3556</dst>
    </src>
    <src id="16">
      <dst id="12">3960.3467</dst>
      <dst id="13">1630.1689</dst>
      <dst id="19">4077.4044</dst>
      <dst id="23">1540.7200</dst>
      <dst id="8">7486.4622</dst>
      <dst id="18">77.8578</dst>
      <dst id="4">8278.0089</dst>
      <dst id="1">16312.3911</dst>
      <dst id="5">7022.1778</dst>
      <dst id="3">434.1600</dst>
      <dst id="7">5728.8000</dst>
      <dst id="2">2121.9111</dst>
      <dst id="6">50.9244</dst>
      <dst id="16">64.4533</dst>
      <dst id="14">480.0000</dst>
      <dst id="11">458.0622</dst>
      <dst id="9">10326.8356</dst>
      <dst id="17">5602.0089</dst>
      <dst id="21">948.6489</dst>
    </src>
    <src id="14">
      <dst id="12">22009.1200</dst>
      <dst id="13">85.6978</dst>
      <dst id="19">3.4667</dst>
      <dst id="23">1.4844</dst>
      <dst id="8">0.9244</dst>
      <dst id="18">37.7067</dst>
      <dst id="4">2679.4133</dst>
      <dst id="1">250.3822</dst>
      <dst id="5">1.2622</dst>
      <dst id="3">162.4800</dst>
      <dst id="22">89.3422</dst>
      <dst id="7">125.5111</dst>
      <dst id="2">8080.0089</dst>
      <dst id="16">9.2800</dst>
      <dst id="20">244.8533</dst>
      <dst id="11">68.8178</dst>
      <dst id="9">142.5511</dst>
      <dst id="17">11126.3378</dst>
      <dst id="21">227.8311</dst>
      <dst id="15">0.5956</dst>
    </src>
    <src id="20">
      <dst id="12">6445.7422</dst>
      <dst id="13">36160.0622</dst>
      <dst id="19">791.0756</dst>
      <dst id="23">11.4667</dst>
      <dst id="8">3078.8000</dst>
      <dst id="18">138.4356</dst>
      <dst id="4">16454.1689</dst>
      <dst id="1">1704.5156</dst>
      <dst id="5">1809.1022</dst>
      <dst id="3">652.4356</dst>
      <dst id="7">1180.9511</dst>
      <dst id="2">15606.1778</dst>
      <dst id="14">32.2133</dst>
      <dst id="11">1244.4000</dst>
      <dst id="9">4040.1422</dst>
      <dst id="17">10708.3556</dst>
      <dst id="21">1514.8889</dst>
    </src>
    <src id="11">
      <dst id="12">462258.5867</dst>
      <dst id="13">4465.0667</dst>
      <dst id="19">294.8889</dst>
      <dst id="23">4.8356</dst>
      <dst id="8">2113.5467</dst>
      <dst id="18">1326.6933</dst>
      <dst id="4">17741.2533</dst>
      <dst id="1">4691.4400</dst>
      <dst id="5">1639.4311</dst>
      <dst id="3">1485.7867</dst>
      <dst id="22">2842.5156</dst>
      <dst id="7">1562.4356</dst>
      <dst id="2">201790.4533</dst>
      <dst id="6">539.7600</dst>
      <dst id="16">223.5467</dst>
      <dst id="14">215.2711</dst>
      <dst id="20">7547.6889</dst>
      <dst id="11">1624.0800</dst>
      <dst id="9">5507.0489</dst>
      <dst id="17">187011.8400</dst>
      <dst id="21">1563.7689</dst>
      <dst id="15">1002.8622</dst>
    </src>
    <src id="9">
      <dst id="12">498242.0089</dst>
      <dst id="13">20231.5378</dst>
      <dst id="19">87.6889</dst>
      <dst id="23">2.8711</dst>
      <dst id="8">1713.7956</dst>
      <dst id="18">527.6267</dst>
      <dst id="4">16977.8933</dst>
      <dst id="1">4919.3067</dst>
      <dst id="5">7664.8267</dst>
      <dst id="3">53.2889</dst>
      <dst id="22">6295.6622</dst>
      <dst id="7">1915.7333</dst>
      <dst id="2">205447.0133</dst>
      <dst id="6">0.7111</dst>
      <dst id="16">1113.3422</dst>
      <dst id="14">59.5556</dst>
      <dst id="20">18354.2489</dst>
      <dst id="11">1354.2667</dst>
      <dst id="9">5535.1733</dst>
      <dst id="17">203212.5689</dst>
      <dst id="21">860.6667</dst>
      <dst id="15">483.8133</dst>
    </src>
    <src id="17">
      <dst id="12">9227.8667</dst>
      <dst id="13">15797.3867</dst>
      <dst id="19">886.7644</dst>
      <dst id="23">3500.7378</dst>
      <dst id="8">221720.8000</dst>
      <dst id="18">5016.1689</dst>
      <dst id="4">120320.0978</dst>
      <dst id="1">6211.7956</dst>
      <dst id="5">297507.3422</dst>
      <dst id="3">15501.3689</dst>
      <dst id="22">18009.0311</dst>
      <dst id="7">6628.9511</dst>
      <dst id="2">43673.6444</dst>
      <dst id="6">209.1111</dst>
      <dst id="16">13420.5244</dst>
      <dst id="14">49181.2267</dst>
      <dst id="20">2839.1733</dst>
      <dst id="11">220889.0756</dst>
      <dst id="9">315498.7822</dst>
      <dst id="17">2302.3467</dst>
      <dst id="21">23197.5289</dst>
      <dst id="15">228.7467</dst>
    </src>
    <src id="21">
      <dst id="12">28780.5778</dst>
      <dst id="13">2140.4267</dst>
      <dst id="19">1316.4889</dst>
      <dst id="23">117.1822</dst>
      <dst id="8">101.6267</dst>
      <dst id="18">10490.2578</dst>
      <dst id="4">25080.0889</dst>
      <dst id="1">7927.3422</dst>
      <dst id="5">1155.7244</dst>
      <dst id="3">23915.8933</dst>
      <dst id="10">49.7067</dst>
      <dst id="22">1625.4222</dst>
      <dst id="7">6419.4133</dst>
      <dst id="2">21537.7333</dst>
      <dst id="6">3.5289</dst>
      <dst id="16">775.9378</dst>
      <dst id="14">164.6400</dst>
      <dst id="20">1220.5600</dst>
      <dst id="11">2745.2711</dst>
      <dst id="9">2712.4000</dst>
      <dst id="17">8927.6444</dst>
      <dst id="21">6237.4756</dst>
      <dst id="15">593.8578</dst>
    </src>
    <src id="15">
      <dst id="12">5305.6444</dst>
      <dst id="13">4469.0844</dst>
      <dst id="19">276.0978</dst>
      <dst id="23">2.4178</dst>
      <dst id="8">716.4889</dst>
      <dst id="18">76.3289</dst>
      <dst id="4">2136.2311</dst>
      <dst id="1">1603.9289</dst>
      <dst id="5">662.4444</dst>
      <dst id="3">5.9556</dst>
      <dst id="7">136.3556</dst>
      <dst id="2">213.3778</dst>
      <dst id="6">0.4267</dst>
      <dst id="16">0.3556</dst>
      <dst id="11">923.1289</dst>
      <dst id="9">769.8667</dst>
      <dst id="17">2400.1067</dst>
      <dst id="21">1528.0533</dst>
    </src>
  </IntraTM>
</TrafficMatrixFile>
