<?xml version="1.0" encoding="UTF-8" standalone="yes"?>
<TrafficMatrixFile xmlns:xsi="http://www.w3.org/2001/XMLSchema-instance" xsi:noNamespaceSchemaLocation="http://totem.run.montefiore.ulg.ac.be/Schema/TrafficMatrix-v1_2.xsd">
  <info>
    <title>Intradomain traffic matrix generated by geant-TM-all.pl</title>
    <date>2005-01-03T18:00:00</date>
    <duration>900</duration>
    <author>Steve Uhlig</author>
    <units>
        <unit type="bandwidth" value="kbps"/>
    </units>
  </info>
  <IntraTM ASID="20965">
    <src id="12">
      <dst id="12">228992.9511</dst>
      <dst id="13">25802.1689</dst>
      <dst id="19">2836.0178</dst>
      <dst id="23">557.4933</dst>
      <dst id="8">5553.4400</dst>
      <dst id="18">609.1556</dst>
      <dst id="4">74576.4089</dst>
      <dst id="1">6870.8267</dst>
      <dst id="5">2209.2711</dst>
      <dst id="3">5588.4356</dst>
      <dst id="22">9244.2933</dst>
      <dst id="7">1044.5422</dst>
      <dst id="2">59723.5911</dst>
      <dst id="6">30.8089</dst>
      <dst id="16">6466.9600</dst>
      <dst id="14">644.5778</dst>
      <dst id="20">12070.5422</dst>
      <dst id="11">4133.3067</dst>
      <dst id="9">3931.4133</dst>
      <dst id="17">70249.5289</dst>
      <dst id="21">3843.9200</dst>
      <dst id="15">1823.2533</dst>
    </src>
    <src id="13">
      <dst id="12">42099.7244</dst>
      <dst id="19">11219.9289</dst>
      <dst id="23">12.6311</dst>
      <dst id="8">3249.2356</dst>
      <dst id="18">867.6444</dst>
      <dst id="1">2580.2400</dst>
      <dst id="5">11056.3911</dst>
      <dst id="3">7708.6933</dst>
      <dst id="22">12694.4711</dst>
      <dst id="7">9475.8222</dst>
      <dst id="2">48293.0844</dst>
      <dst id="6">116.7822</dst>
      <dst id="16">36032.4711</dst>
      <dst id="14">2216.9156</dst>
      <dst id="20">3513.5111</dst>
      <dst id="11">9518.4622</dst>
      <dst id="9">7918.8711</dst>
      <dst id="17">39423.1378</dst>
      <dst id="21">7134.9867</dst>
      <dst id="15">8929.0667</dst>
    </src>
    <src id="19">
      <dst id="12">17121.2800</dst>
      <dst id="13">266.9689</dst>
      <dst id="23">0.6933</dst>
      <dst id="8">1.1467</dst>
      <dst id="18">525.0400</dst>
      <dst id="4">18857.2711</dst>
      <dst id="1">591.5111</dst>
      <dst id="5">2.3111</dst>
      <dst id="3">17.6978</dst>
      <dst id="22">171.8133</dst>
      <dst id="7">3634.4711</dst>
      <dst id="2">283.9022</dst>
      <dst id="6">114.4622</dst>
      <dst id="16">7076.4089</dst>
      <dst id="14">0.9333</dst>
      <dst id="20">0.9956</dst>
      <dst id="11">3695.7867</dst>
      <dst id="9">129.8311</dst>
      <dst id="17">1243.2356</dst>
      <dst id="21">982.6222</dst>
    </src>
    <src id="23">
      <dst id="12">686.7022</dst>
      <dst id="13">37.3422</dst>
      <dst id="19">0.4711</dst>
      <dst id="8">26.6667</dst>
      <dst id="18">0.4978</dst>
      <dst id="4">4.8000</dst>
      <dst id="1">41.0400</dst>
      <dst id="5">12.6222</dst>
      <dst id="3">339.6089</dst>
      <dst id="22">920.9689</dst>
      <dst id="7">29.2089</dst>
      <dst id="2">55.9111</dst>
      <dst id="6">0.6756</dst>
      <dst id="16">559.5733</dst>
      <dst id="20">40.0000</dst>
      <dst id="11">15.5289</dst>
      <dst id="9">474.6044</dst>
      <dst id="17">39.7689</dst>
      <dst id="21">128.5422</dst>
      <dst id="15">26.6667</dst>
    </src>
    <src id="8">
      <dst id="12">271735.4578</dst>
      <dst id="13">225.8667</dst>
      <dst id="23">0.3556</dst>
      <dst id="18">25.5289</dst>
      <dst id="4">7878.5156</dst>
      <dst id="1">97.7600</dst>
      <dst id="5">3043.1644</dst>
      <dst id="3">11.9200</dst>
      <dst id="22">950.4533</dst>
      <dst id="7">194.8978</dst>
      <dst id="2">93717.0222</dst>
      <dst id="16">1388.4800</dst>
      <dst id="14">1.3867</dst>
      <dst id="20">80.6756</dst>
      <dst id="11">279.0756</dst>
      <dst id="9">69.3156</dst>
      <dst id="17">95494.8533</dst>
      <dst id="21">96.4089</dst>
      <dst id="15">39.1289</dst>
    </src>
    <src id="18">
      <dst id="12">107648.0622</dst>
      <dst id="13">996.5600</dst>
      <dst id="19">7.4667</dst>
      <dst id="23">0.4622</dst>
      <dst id="8">48.6667</dst>
      <dst id="4">1007.3422</dst>
      <dst id="1">795.1644</dst>
      <dst id="5">296.1956</dst>
      <dst id="3">34.0711</dst>
      <dst id="22">358.4800</dst>
      <dst id="7">13.7956</dst>
      <dst id="2">28692.3733</dst>
      <dst id="16">12.9689</dst>
      <dst id="14">14.0267</dst>
      <dst id="20">106.1689</dst>
      <dst id="11">93.5556</dst>
      <dst id="9">138.3644</dst>
      <dst id="17">31791.1378</dst>
      <dst id="21">184.8622</dst>
      <dst id="15">0.4267</dst>
    </src>
    <src id="4">
      <dst id="12">15688.5422</dst>
      <dst id="19">15438.2311</dst>
      <dst id="23">0.4267</dst>
      <dst id="8">717.1556</dst>
      <dst id="18">1462.5956</dst>
      <dst id="1">11934.9333</dst>
      <dst id="5">1121.6089</dst>
      <dst id="3">626.9956</dst>
      <dst id="22">8040.0356</dst>
      <dst id="7">131451.8578</dst>
      <dst id="2">88850.0089</dst>
      <dst id="6">68.3644</dst>
      <dst id="16">2836.3022</dst>
      <dst id="14">1669.6444</dst>
      <dst id="20">1094.0444</dst>
      <dst id="11">3110.2756</dst>
      <dst id="9">6506.3289</dst>
      <dst id="17">93953.0311</dst>
      <dst id="21">5790.1956</dst>
      <dst id="15">584.8889</dst>
    </src>
    <src id="1">
      <dst id="12">15319.5378</dst>
      <dst id="13">1055.3067</dst>
      <dst id="19">1787.4044</dst>
      <dst id="23">13.3511</dst>
      <dst id="8">105626.1244</dst>
      <dst id="18">14409.1467</dst>
      <dst id="4">5144.7289</dst>
      <dst id="1">67454.7733</dst>
      <dst id="5">192586.7911</dst>
      <dst id="3">44.6756</dst>
      <dst id="22">2443.7067</dst>
      <dst id="7">1631.3244</dst>
      <dst id="2">1183.5822</dst>
      <dst id="6">10390.8444</dst>
      <dst id="16">11675.9822</dst>
      <dst id="14">582.2578</dst>
      <dst id="20">35.8756</dst>
      <dst id="11">430.9511</dst>
      <dst id="9">227843.7422</dst>
      <dst id="17">4830.1067</dst>
      <dst id="21">3598.2933</dst>
      <dst id="15">131.0311</dst>
    </src>
    <src id="5">
      <dst id="12">255313.1733</dst>
      <dst id="13">1103.8311</dst>
      <dst id="19">72.1689</dst>
      <dst id="23">0.8178</dst>
      <dst id="8">4474.8356</dst>
      <dst id="18">195.6978</dst>
      <dst id="4">7084.5156</dst>
      <dst id="1">245.2444</dst>
      <dst id="3">40.6400</dst>
      <dst id="22">5160.9600</dst>
      <dst id="7">1456.9956</dst>
      <dst id="2">103819.6711</dst>
      <dst id="6">1.1733</dst>
      <dst id="16">670.2756</dst>
      <dst id="14">5.1911</dst>
      <dst id="20">4075.2356</dst>
      <dst id="11">3118.9867</dst>
      <dst id="9">1400.1600</dst>
      <dst id="17">91550.0444</dst>
      <dst id="21">256.1156</dst>
      <dst id="15">36.6933</dst>
    </src>
    <src id="3">
      <dst id="12">6586.9244</dst>
      <dst id="13">395.0222</dst>
      <dst id="19">1469.8667</dst>
      <dst id="23">7991.1111</dst>
      <dst id="8">38.4889</dst>
      <dst id="18">50206.1067</dst>
      <dst id="4">14312.6667</dst>
      <dst id="1">13097.0578</dst>
      <dst id="5">260.4178</dst>
      <dst id="3">11287.8222</dst>
      <dst id="22">516.9956</dst>
      <dst id="7">2079.7422</dst>
      <dst id="2">5355.0044</dst>
      <dst id="6">3.6800</dst>
      <dst id="16">1822.8711</dst>
      <dst id="14">28313.1644</dst>
      <dst id="20">1559.2444</dst>
      <dst id="11">110585.4844</dst>
      <dst id="9">521.9644</dst>
      <dst id="17">5387.8044</dst>
      <dst id="21">14675.6089</dst>
      <dst id="15">1186.6133</dst>
    </src>
    <src id="10">
      <dst id="12">13410.6489</dst>
      <dst id="19">817.4311</dst>
      <dst id="8">907.1289</dst>
      <dst id="18">4071.6000</dst>
      <dst id="1">2435.4222</dst>
      <dst id="5">622.0978</dst>
      <dst id="3">4727.5911</dst>
      <dst id="22">7730.2756</dst>
      <dst id="7">49029.7333</dst>
      <dst id="2">21629.6444</dst>
      <dst id="6">18.7733</dst>
      <dst id="16">876.8622</dst>
      <dst id="14">610.8000</dst>
      <dst id="20">2044.0622</dst>
      <dst id="11">6124.1333</dst>
      <dst id="9">2161.6444</dst>
      <dst id="17">18382.4711</dst>
      <dst id="21">7941.2711</dst>
      <dst id="15">687.6000</dst>
    </src>
    <src id="22">
      <dst id="12">10716.1689</dst>
      <dst id="13">2874.7022</dst>
      <dst id="19">104.7289</dst>
      <dst id="23">20.0533</dst>
      <dst id="8">676.5689</dst>
      <dst id="18">88.5956</dst>
      <dst id="4">16531.2800</dst>
      <dst id="1">523.1556</dst>
      <dst id="5">3716.4444</dst>
      <dst id="3">611.9556</dst>
      <dst id="7">1746.3644</dst>
      <dst id="2">1409.1644</dst>
      <dst id="6">52.5511</dst>
      <dst id="16">0.4622</dst>
      <dst id="14">50.9778</dst>
      <dst id="11">4831.8489</dst>
      <dst id="9">1482.5600</dst>
      <dst id="17">1513.6622</dst>
      <dst id="21">1028.5333</dst>
    </src>
    <src id="7">
      <dst id="12">1713.3867</dst>
      <dst id="13">99.6622</dst>
      <dst id="19">195.6622</dst>
      <dst id="23">56.4889</dst>
      <dst id="8">2875.4844</dst>
      <dst id="18">124.9422</dst>
      <dst id="4">22266.0622</dst>
      <dst id="1">1413.7689</dst>
      <dst id="5">1226.7467</dst>
      <dst id="3">10428.0711</dst>
      <dst id="22">4048.7556</dst>
      <dst id="7">870.3644</dst>
      <dst id="2">2680.2489</dst>
      <dst id="6">19.2356</dst>
      <dst id="16">142.7556</dst>
      <dst id="14">2780.0533</dst>
      <dst id="20">4448.8800</dst>
      <dst id="11">3080.8178</dst>
      <dst id="9">1054.2844</dst>
      <dst id="17">5154.2667</dst>
      <dst id="21">3559.9200</dst>
      <dst id="15">325.4756</dst>
    </src>
    <src id="2">
      <dst id="12">110592.1333</dst>
      <dst id="13">513618.6311</dst>
      <dst id="19">276.8089</dst>
      <dst id="23">0.4978</dst>
      <dst id="8">426.4622</dst>
      <dst id="18">54226.6933</dst>
      <dst id="4">58843.8756</dst>
      <dst id="1">6855.2622</dst>
      <dst id="5">794.6489</dst>
      <dst id="3">66.1333</dst>
      <dst id="22">1886.7556</dst>
      <dst id="7">2289.0311</dst>
      <dst id="2">600.3556</dst>
      <dst id="6">8792.3911</dst>
      <dst id="16">3722.9956</dst>
      <dst id="14">5273.9378</dst>
      <dst id="20">4535.9289</dst>
      <dst id="11">2261.7956</dst>
      <dst id="9">513.3244</dst>
      <dst id="17">24935.2711</dst>
      <dst id="21">1680.8622</dst>
      <dst id="15">7.8667</dst>
    </src>
    <src id="6">
      <dst id="12">9766.0711</dst>
      <dst id="13">4.7911</dst>
      <dst id="19">4.0178</dst>
      <dst id="18">13.2622</dst>
      <dst id="4">1300.9422</dst>
      <dst id="1">27.9111</dst>
      <dst id="5">0.3556</dst>
      <dst id="3">0.3556</dst>
      <dst id="22">3.2089</dst>
      <dst id="2">2063.1556</dst>
      <dst id="11">3.4933</dst>
      <dst id="9">4.9511</dst>
      <dst id="17">1635.2089</dst>
      <dst id="21">25.7244</dst>
    </src>
    <src id="16">
      <dst id="12">3649.6000</dst>
      <dst id="13">1016.0267</dst>
      <dst id="19">4427.5022</dst>
      <dst id="23">21.0044</dst>
      <dst id="8">4553.3867</dst>
      <dst id="18">1.3867</dst>
      <dst id="4">6259.8578</dst>
      <dst id="1">18621.6711</dst>
      <dst id="5">12287.0489</dst>
      <dst id="3">0.7822</dst>
      <dst id="7">2094.4444</dst>
      <dst id="2">272.6756</dst>
      <dst id="16">45.1289</dst>
      <dst id="14">0.7467</dst>
      <dst id="11">205.1911</dst>
      <dst id="9">6563.6800</dst>
      <dst id="17">652.3644</dst>
      <dst id="21">2580.7644</dst>
    </src>
    <src id="14">
      <dst id="12">17065.7956</dst>
      <dst id="13">31.6622</dst>
      <dst id="19">8.3733</dst>
      <dst id="23">0.4978</dst>
      <dst id="8">0.4622</dst>
      <dst id="18">13.3333</dst>
      <dst id="4">28898.5956</dst>
      <dst id="1">41.9556</dst>
      <dst id="5">38.9689</dst>
      <dst id="3">136.8533</dst>
      <dst id="22">62.0267</dst>
      <dst id="7">129.4133</dst>
      <dst id="2">4127.8222</dst>
      <dst id="6">0.7556</dst>
      <dst id="11">40.4711</dst>
      <dst id="9">13.3333</dst>
      <dst id="17">6525.0756</dst>
      <dst id="21">87.9911</dst>
    </src>
    <src id="20">
      <dst id="12">761.1022</dst>
      <dst id="13">308.0800</dst>
      <dst id="19">1.1378</dst>
      <dst id="8">302.6756</dst>
      <dst id="18">17.1022</dst>
      <dst id="4">14719.2267</dst>
      <dst id="1">215.9289</dst>
      <dst id="5">231.1822</dst>
      <dst id="3">2021.9556</dst>
      <dst id="7">11222.0089</dst>
      <dst id="2">10976.1333</dst>
      <dst id="6">0.5511</dst>
      <dst id="14">1.1378</dst>
      <dst id="11">11434.7200</dst>
      <dst id="9">367.0222</dst>
      <dst id="17">1081.3067</dst>
      <dst id="21">100.6044</dst>
    </src>
    <src id="11">
      <dst id="12">324049.9556</dst>
      <dst id="13">359.0578</dst>
      <dst id="19">88.6844</dst>
      <dst id="23">1.9822</dst>
      <dst id="8">1222.5778</dst>
      <dst id="18">556.1956</dst>
      <dst id="4">5420.2578</dst>
      <dst id="1">328.4622</dst>
      <dst id="5">461.9378</dst>
      <dst id="3">2797.4133</dst>
      <dst id="22">2387.3156</dst>
      <dst id="7">250.6756</dst>
      <dst id="2">129000.5422</dst>
      <dst id="6">4.0622</dst>
      <dst id="16">194.0622</dst>
      <dst id="14">120.9778</dst>
      <dst id="20">1100.3378</dst>
      <dst id="11">954.4178</dst>
      <dst id="9">988.0800</dst>
      <dst id="17">118303.3956</dst>
      <dst id="21">965.3956</dst>
      <dst id="15">798.4444</dst>
    </src>
    <src id="9">
      <dst id="12">375688.9333</dst>
      <dst id="13">1818.8711</dst>
      <dst id="19">39.1022</dst>
      <dst id="23">17.6178</dst>
      <dst id="8">251.2356</dst>
      <dst id="18">243.5556</dst>
      <dst id="4">9981.2978</dst>
      <dst id="1">751.7867</dst>
      <dst id="5">958.1511</dst>
      <dst id="3">123.0667</dst>
      <dst id="22">5105.6356</dst>
      <dst id="7">197.5289</dst>
      <dst id="2">138256.2311</dst>
      <dst id="6">0.6933</dst>
      <dst id="16">713.3867</dst>
      <dst id="14">1.0400</dst>
      <dst id="20">3103.7867</dst>
      <dst id="11">773.4578</dst>
      <dst id="9">18926.6489</dst>
      <dst id="17">153751.0044</dst>
      <dst id="21">496.6933</dst>
      <dst id="15">1212.4000</dst>
    </src>
    <src id="17">
      <dst id="12">7895.5644</dst>
      <dst id="13">1000.3200</dst>
      <dst id="19">131.0933</dst>
      <dst id="23">18.7467</dst>
      <dst id="8">117376.0089</dst>
      <dst id="18">28.3644</dst>
      <dst id="4">49682.2933</dst>
      <dst id="1">775.1022</dst>
      <dst id="5">161807.6711</dst>
      <dst id="3">5202.1511</dst>
      <dst id="22">4475.2978</dst>
      <dst id="7">1030.9778</dst>
      <dst id="2">22706.8356</dst>
      <dst id="6">162.1956</dst>
      <dst id="16">3435.3689</dst>
      <dst id="14">21468.4533</dst>
      <dst id="20">273.7689</dst>
      <dst id="11">80438.3644</dst>
      <dst id="9">182688.8178</dst>
      <dst id="17">1563.0222</dst>
      <dst id="21">14348.7022</dst>
      <dst id="15">70.4178</dst>
    </src>
    <src id="21">
      <dst id="12">19001.7956</dst>
      <dst id="13">270.6222</dst>
      <dst id="19">143.2800</dst>
      <dst id="23">5.7600</dst>
      <dst id="8">112.3467</dst>
      <dst id="18">1289.9111</dst>
      <dst id="4">15946.1333</dst>
      <dst id="1">1158.0978</dst>
      <dst id="5">709.5378</dst>
      <dst id="3">1268.2133</dst>
      <dst id="22">1267.5911</dst>
      <dst id="7">2924.0711</dst>
      <dst id="2">7866.2311</dst>
      <dst id="6">4.7733</dst>
      <dst id="16">141.1022</dst>
      <dst id="14">114.1067</dst>
      <dst id="20">112.5600</dst>
      <dst id="11">458.7111</dst>
      <dst id="9">1081.3333</dst>
      <dst id="17">4041.1644</dst>
      <dst id="21">961.9111</dst>
      <dst id="15">8.0800</dst>
    </src>
    <src id="15">
      <dst id="12">2888.8533</dst>
      <dst id="13">507.9022</dst>
      <dst id="19">22.2044</dst>
      <dst id="23">44.6933</dst>
      <dst id="8">40.4444</dst>
      <dst id="18">14.3644</dst>
      <dst id="4">9154.1689</dst>
      <dst id="1">605.6000</dst>
      <dst id="5">346.1689</dst>
      <dst id="3">28.3289</dst>
      <dst id="7">185.3511</dst>
      <dst id="2">246.7289</dst>
      <dst id="6">3.5911</dst>
      <dst id="16">3.5911</dst>
      <dst id="14">36.3733</dst>
      <dst id="11">76.5244</dst>
      <dst id="9">1069.4933</dst>
      <dst id="17">699.0489</dst>
      <dst id="21">230.1778</dst>
    </src>
  </IntraTM>
</TrafficMatrixFile>
