<?xml version="1.0" encoding="UTF-8" standalone="yes"?>
<TrafficMatrixFile xmlns:xsi="http://www.w3.org/2001/XMLSchema-instance" xsi:noNamespaceSchemaLocation="http://totem.run.montefiore.ulg.ac.be/Schema/TrafficMatrix-v1_2.xsd">
  <info>
    <title>Intradomain traffic matrix generated by geant-TM-all.pl</title>
    <date>2005-01-01T14:15:00</date>
    <duration>900</duration>
    <author>Steve Uhlig</author>
    <units>
        <unit type="bandwidth" value="kbps"/>
    </units>
  </info>
  <IntraTM ASID="20965">
    <src id="12">
      <dst id="12">213457.9289</dst>
      <dst id="13">12177.7778</dst>
      <dst id="19">5013.9556</dst>
      <dst id="23">133.5200</dst>
      <dst id="8">1602.7556</dst>
      <dst id="18">101.1200</dst>
      <dst id="4">95858.3733</dst>
      <dst id="1">6854.5956</dst>
      <dst id="5">806.4533</dst>
      <dst id="3">4240.2844</dst>
      <dst id="22">1863.5467</dst>
      <dst id="7">2372.6222</dst>
      <dst id="2">58470.8356</dst>
      <dst id="6">1.1378</dst>
      <dst id="16">12399.5644</dst>
      <dst id="14">1331.9378</dst>
      <dst id="20">1631.7689</dst>
      <dst id="11">1004.0622</dst>
      <dst id="9">5746.1156</dst>
      <dst id="17">42476.7378</dst>
      <dst id="21">7423.6889</dst>
      <dst id="15">1522.6489</dst>
    </src>
    <src id="13">
      <dst id="12">41776.3556</dst>
      <dst id="19">5360.5867</dst>
      <dst id="23">34.9511</dst>
      <dst id="8">613.3867</dst>
      <dst id="18">1735.9822</dst>
      <dst id="4">1.0667</dst>
      <dst id="1">1477.4489</dst>
      <dst id="5">3906.9511</dst>
      <dst id="3">4892.2222</dst>
      <dst id="22">20618.9244</dst>
      <dst id="7">9787.8133</dst>
      <dst id="2">53716.0267</dst>
      <dst id="6">45.1911</dst>
      <dst id="16">4991.2089</dst>
      <dst id="14">1811.0222</dst>
      <dst id="20">5336.8356</dst>
      <dst id="11">5251.7511</dst>
      <dst id="9">8080.7289</dst>
      <dst id="17">50330.1600</dst>
      <dst id="21">8871.2444</dst>
      <dst id="15">2062.5689</dst>
    </src>
    <src id="19">
      <dst id="12">11700.0622</dst>
      <dst id="13">238.9867</dst>
      <dst id="8">1.8844</dst>
      <dst id="18">1.4400</dst>
      <dst id="4">20844.6844</dst>
      <dst id="1">60.9067</dst>
      <dst id="5">32.8889</dst>
      <dst id="3">431.4844</dst>
      <dst id="22">19.1022</dst>
      <dst id="7">2687.0489</dst>
      <dst id="2">56.4978</dst>
      <dst id="6">74.9511</dst>
      <dst id="16">12532.9244</dst>
      <dst id="14">0.8889</dst>
      <dst id="20">3.1733</dst>
      <dst id="11">4.0889</dst>
      <dst id="9">14.0444</dst>
      <dst id="17">221.1111</dst>
      <dst id="21">262.2489</dst>
    </src>
    <src id="23">
      <dst id="12">23.8133</dst>
      <dst id="13">92.2756</dst>
      <dst id="19">13.3333</dst>
      <dst id="8">4.2400</dst>
      <dst id="18">1.1378</dst>
      <dst id="4">17.1733</dst>
      <dst id="1">72.8444</dst>
      <dst id="5">26.4178</dst>
      <dst id="3">4.2578</dst>
      <dst id="22">29.7333</dst>
      <dst id="7">67.7156</dst>
      <dst id="2">180.8267</dst>
      <dst id="16">2.9244</dst>
      <dst id="14">7.2622</dst>
      <dst id="20">14.7200</dst>
      <dst id="11">183.5911</dst>
      <dst id="9">496.1067</dst>
      <dst id="17">76.8356</dst>
      <dst id="21">139.5556</dst>
      <dst id="15">347.5022</dst>
    </src>
    <src id="8">
      <dst id="12">279103.8844</dst>
      <dst id="13">446.0889</dst>
      <dst id="19">117.2267</dst>
      <dst id="23">13.3333</dst>
      <dst id="18">39.8133</dst>
      <dst id="4">5810.9689</dst>
      <dst id="1">105.6622</dst>
      <dst id="5">328.7733</dst>
      <dst id="3">12.0000</dst>
      <dst id="22">766.8978</dst>
      <dst id="7">11.1467</dst>
      <dst id="2">84430.0889</dst>
      <dst id="6">59.1556</dst>
      <dst id="16">226.3378</dst>
      <dst id="14">1.3867</dst>
      <dst id="20">19.1822</dst>
      <dst id="11">45.5733</dst>
      <dst id="9">499.1911</dst>
      <dst id="17">52022.6844</dst>
      <dst id="21">141.8933</dst>
      <dst id="15">1.9911</dst>
    </src>
    <src id="18">
      <dst id="12">109432.8000</dst>
      <dst id="13">319.2800</dst>
      <dst id="19">4.9778</dst>
      <dst id="8">31.3778</dst>
      <dst id="4">1655.6533</dst>
      <dst id="1">1537.1733</dst>
      <dst id="5">170.3111</dst>
      <dst id="3">121.6267</dst>
      <dst id="22">130.5333</dst>
      <dst id="7">113.3778</dst>
      <dst id="2">26095.9733</dst>
      <dst id="16">13.6444</dst>
      <dst id="14">12.4444</dst>
      <dst id="20">12.5956</dst>
      <dst id="11">108.9067</dst>
      <dst id="9">81.3244</dst>
      <dst id="17">25008.3289</dst>
      <dst id="21">182.9956</dst>
      <dst id="15">124.0444</dst>
    </src>
    <src id="4">
      <dst id="12">12800.9956</dst>
      <dst id="19">15484.7111</dst>
      <dst id="23">0.7822</dst>
      <dst id="8">444.7911</dst>
      <dst id="18">503.9822</dst>
      <dst id="4">1.0311</dst>
      <dst id="1">1160.6756</dst>
      <dst id="5">1223.8133</dst>
      <dst id="3">27910.4356</dst>
      <dst id="22">4176.6489</dst>
      <dst id="7">33171.5022</dst>
      <dst id="2">47920.3467</dst>
      <dst id="6">4.1333</dst>
      <dst id="16">560.5067</dst>
      <dst id="14">949.1911</dst>
      <dst id="20">894.2933</dst>
      <dst id="11">4372.5867</dst>
      <dst id="9">1462.2044</dst>
      <dst id="17">26361.1644</dst>
      <dst id="21">4143.1467</dst>
      <dst id="15">178.7022</dst>
    </src>
    <src id="1">
      <dst id="12">14593.1556</dst>
      <dst id="13">542.4444</dst>
      <dst id="19">3292.0000</dst>
      <dst id="23">30.0978</dst>
      <dst id="8">53761.1378</dst>
      <dst id="18">13045.3689</dst>
      <dst id="4">10757.0667</dst>
      <dst id="1">55.2089</dst>
      <dst id="5">125508.1422</dst>
      <dst id="3">37072.2578</dst>
      <dst id="22">85.5822</dst>
      <dst id="7">35421.6978</dst>
      <dst id="2">1739.8311</dst>
      <dst id="6">3616.3022</dst>
      <dst id="16">21498.1956</dst>
      <dst id="14">60.0889</dst>
      <dst id="20">35.7600</dst>
      <dst id="11">186.5333</dst>
      <dst id="9">135737.3511</dst>
      <dst id="17">1591.5378</dst>
      <dst id="21">2609.6711</dst>
      <dst id="15">185.4400</dst>
    </src>
    <src id="5">
      <dst id="12">268045.9644</dst>
      <dst id="13">1064.2578</dst>
      <dst id="19">97.2267</dst>
      <dst id="23">54.2578</dst>
      <dst id="8">610.1867</dst>
      <dst id="18">55.7156</dst>
      <dst id="4">5855.1200</dst>
      <dst id="1">50.8533</dst>
      <dst id="3">200.7022</dst>
      <dst id="22">1751.1200</dst>
      <dst id="7">299.9911</dst>
      <dst id="2">96298.8533</dst>
      <dst id="16">573.1467</dst>
      <dst id="14">7.2444</dst>
      <dst id="20">294.9867</dst>
      <dst id="11">1582.4622</dst>
      <dst id="9">116.6933</dst>
      <dst id="17">73993.4933</dst>
      <dst id="21">227.8756</dst>
      <dst id="15">159.2978</dst>
    </src>
    <src id="3">
      <dst id="12">7905.5022</dst>
      <dst id="13">265.5378</dst>
      <dst id="19">4630.8356</dst>
      <dst id="23">0.8178</dst>
      <dst id="8">176.7200</dst>
      <dst id="18">55374.3733</dst>
      <dst id="4">47616.4978</dst>
      <dst id="1">1818.4356</dst>
      <dst id="5">85.7689</dst>
      <dst id="3">9280.3467</dst>
      <dst id="22">236.1244</dst>
      <dst id="7">1556.0178</dst>
      <dst id="2">7389.3600</dst>
      <dst id="6">1.7689</dst>
      <dst id="16">1075.2533</dst>
      <dst id="14">19477.7511</dst>
      <dst id="20">128.1778</dst>
      <dst id="11">90250.6222</dst>
      <dst id="9">98.3289</dst>
      <dst id="17">8273.0133</dst>
      <dst id="21">5138.8978</dst>
      <dst id="15">55.1822</dst>
    </src>
    <src id="10">
      <dst id="12">14855.4578</dst>
      <dst id="19">1741.3067</dst>
      <dst id="8">1016.0889</dst>
      <dst id="18">13103.9644</dst>
      <dst id="4">0.3556</dst>
      <dst id="1">814.4978</dst>
      <dst id="5">673.6889</dst>
      <dst id="3">12146.0889</dst>
      <dst id="22">7671.1111</dst>
      <dst id="7">5315.3067</dst>
      <dst id="2">19706.3556</dst>
      <dst id="6">14.5511</dst>
      <dst id="16">685.8400</dst>
      <dst id="14">2445.2533</dst>
      <dst id="20">2214.4533</dst>
      <dst id="11">3266.9689</dst>
      <dst id="9">1190.9067</dst>
      <dst id="17">26915.5822</dst>
      <dst id="21">13567.1111</dst>
      <dst id="15">524.6844</dst>
    </src>
    <src id="22">
      <dst id="12">9819.0400</dst>
      <dst id="13">3557.7067</dst>
      <dst id="19">93.6267</dst>
      <dst id="23">16.4089</dst>
      <dst id="8">2520.0533</dst>
      <dst id="18">1483.8133</dst>
      <dst id="4">20018.2400</dst>
      <dst id="1">38.8444</dst>
      <dst id="5">1691.8933</dst>
      <dst id="3">443.2267</dst>
      <dst id="7">1724.5689</dst>
      <dst id="2">2504.9867</dst>
      <dst id="6">39.0756</dst>
      <dst id="16">0.4089</dst>
      <dst id="14">48.8978</dst>
      <dst id="11">2217.7600</dst>
      <dst id="9">1105.4489</dst>
      <dst id="17">1851.1556</dst>
      <dst id="21">489.0044</dst>
    </src>
    <src id="7">
      <dst id="12">2897.2444</dst>
      <dst id="13">142.1156</dst>
      <dst id="19">200.1244</dst>
      <dst id="23">40.8267</dst>
      <dst id="8">196.4444</dst>
      <dst id="18">622.4711</dst>
      <dst id="4">47268.1600</dst>
      <dst id="1">1258.8178</dst>
      <dst id="5">1385.7956</dst>
      <dst id="3">785.5200</dst>
      <dst id="22">5534.3022</dst>
      <dst id="7">655.2800</dst>
      <dst id="2">3358.9333</dst>
      <dst id="6">0.8178</dst>
      <dst id="16">609.3956</dst>
      <dst id="14">82.0444</dst>
      <dst id="20">225.4933</dst>
      <dst id="11">863.2178</dst>
      <dst id="9">767.4400</dst>
      <dst id="17">6148.6044</dst>
      <dst id="21">2953.1467</dst>
      <dst id="15">120.8089</dst>
    </src>
    <src id="2">
      <dst id="12">61371.8400</dst>
      <dst id="13">1802.3111</dst>
      <dst id="19">69.1556</dst>
      <dst id="23">1.7600</dst>
      <dst id="8">106.2311</dst>
      <dst id="18">44968.6578</dst>
      <dst id="4">107978.3733</dst>
      <dst id="1">2820.2667</dst>
      <dst id="5">858.0889</dst>
      <dst id="3">658.6400</dst>
      <dst id="22">607.1911</dst>
      <dst id="7">1678.8978</dst>
      <dst id="2">209.5911</dst>
      <dst id="6">4634.0356</dst>
      <dst id="16">2343.9911</dst>
      <dst id="14">129.6444</dst>
      <dst id="20">354.6667</dst>
      <dst id="11">2212.9689</dst>
      <dst id="9">362.3200</dst>
      <dst id="17">19484.1600</dst>
      <dst id="21">2845.0844</dst>
      <dst id="15">29.6178</dst>
    </src>
    <src id="6">
      <dst id="12">7162.0000</dst>
      <dst id="13">3.3422</dst>
      <dst id="19">1.4222</dst>
      <dst id="23">0.3556</dst>
      <dst id="8">7.3244</dst>
      <dst id="18">0.3556</dst>
      <dst id="4">41.7422</dst>
      <dst id="1">0.4978</dst>
      <dst id="3">1.0844</dst>
      <dst id="7">4.3822</dst>
      <dst id="2">1546.0178</dst>
      <dst id="16">11.7511</dst>
      <dst id="9">39.6889</dst>
      <dst id="17">750.8889</dst>
      <dst id="21">12.4711</dst>
    </src>
    <src id="16">
      <dst id="12">5262.6044</dst>
      <dst id="13">249.3422</dst>
      <dst id="19">4377.0133</dst>
      <dst id="23">0.8533</dst>
      <dst id="8">1717.9733</dst>
      <dst id="18">6.5867</dst>
      <dst id="4">5111.6267</dst>
      <dst id="1">22055.8844</dst>
      <dst id="5">1341.2889</dst>
      <dst id="3">1371.1200</dst>
      <dst id="7">1599.2356</dst>
      <dst id="2">198.6311</dst>
      <dst id="16">16.4267</dst>
      <dst id="14">1.4933</dst>
      <dst id="11">114.6311</dst>
      <dst id="9">3954.4089</dst>
      <dst id="17">1961.2978</dst>
      <dst id="21">71.7244</dst>
    </src>
    <src id="14">
      <dst id="12">15262.1422</dst>
      <dst id="13">1264.8622</dst>
      <dst id="19">7.5200</dst>
      <dst id="8">0.3556</dst>
      <dst id="18">2.3289</dst>
      <dst id="4">3544.2311</dst>
      <dst id="1">45.5200</dst>
      <dst id="5">8.1067</dst>
      <dst id="3">47.0400</dst>
      <dst id="22">14.6489</dst>
      <dst id="7">67.0222</dst>
      <dst id="2">3964.2667</dst>
      <dst id="16">14.2222</dst>
      <dst id="20">0.8178</dst>
      <dst id="11">67.7156</dst>
      <dst id="17">3047.9822</dst>
      <dst id="21">36.6133</dst>
      <dst id="15">0.7467</dst>
    </src>
    <src id="20">
      <dst id="12">2424.4089</dst>
      <dst id="13">4531.3156</dst>
      <dst id="23">80.3556</dst>
      <dst id="8">33.1556</dst>
      <dst id="18">459.0311</dst>
      <dst id="4">7897.3422</dst>
      <dst id="1">39.5644</dst>
      <dst id="5">548.6489</dst>
      <dst id="3">106.7733</dst>
      <dst id="7">229.7600</dst>
      <dst id="2">4308.7822</dst>
      <dst id="6">0.3556</dst>
      <dst id="14">37.3244</dst>
      <dst id="11">694.3200</dst>
      <dst id="9">16774.7022</dst>
      <dst id="17">9106.3289</dst>
      <dst id="21">380.1867</dst>
    </src>
    <src id="11">
      <dst id="12">363614.6133</dst>
      <dst id="13">392.6400</dst>
      <dst id="19">36.7644</dst>
      <dst id="23">539.9378</dst>
      <dst id="8">140.4089</dst>
      <dst id="18">256.9867</dst>
      <dst id="4">13230.7289</dst>
      <dst id="1">552.6844</dst>
      <dst id="5">753.6267</dst>
      <dst id="3">726.8089</dst>
      <dst id="22">3080.2844</dst>
      <dst id="7">924.6933</dst>
      <dst id="2">139807.5467</dst>
      <dst id="16">78.1956</dst>
      <dst id="14">34.1778</dst>
      <dst id="20">115.0311</dst>
      <dst id="11">1657.6178</dst>
      <dst id="9">256.2489</dst>
      <dst id="17">79640.9156</dst>
      <dst id="21">1802.2578</dst>
      <dst id="15">100.6311</dst>
    </src>
    <src id="9">
      <dst id="12">448608.3644</dst>
      <dst id="13">1310.9422</dst>
      <dst id="19">6.7289</dst>
      <dst id="23">14.2578</dst>
      <dst id="8">163.1822</dst>
      <dst id="18">3578.3022</dst>
      <dst id="4">21276.2400</dst>
      <dst id="1">116.3289</dst>
      <dst id="5">565.9733</dst>
      <dst id="3">236.2844</dst>
      <dst id="22">3329.5289</dst>
      <dst id="7">165.2889</dst>
      <dst id="2">120745.2000</dst>
      <dst id="6">0.3556</dst>
      <dst id="16">352.9333</dst>
      <dst id="14">41.6889</dst>
      <dst id="20">1152.8267</dst>
      <dst id="11">168.9422</dst>
      <dst id="9">553.1911</dst>
      <dst id="17">111639.7067</dst>
      <dst id="21">712.1156</dst>
      <dst id="15">332.1422</dst>
    </src>
    <src id="17">
      <dst id="12">9911.6356</dst>
      <dst id="13">30570.7556</dst>
      <dst id="19">7356.4978</dst>
      <dst id="23">5.8400</dst>
      <dst id="8">70704.6489</dst>
      <dst id="18">3003.1111</dst>
      <dst id="4">134903.6444</dst>
      <dst id="1">379.7778</dst>
      <dst id="5">124246.1067</dst>
      <dst id="3">9650.5867</dst>
      <dst id="22">1115.8133</dst>
      <dst id="7">14316.4178</dst>
      <dst id="2">5961.5378</dst>
      <dst id="6">1.2800</dst>
      <dst id="16">15247.7600</dst>
      <dst id="14">13856.5511</dst>
      <dst id="20">373.3689</dst>
      <dst id="11">67008.7556</dst>
      <dst id="9">121357.5556</dst>
      <dst id="17">1424.0000</dst>
      <dst id="21">12233.2356</dst>
      <dst id="15">118.4089</dst>
    </src>
    <src id="21">
      <dst id="12">16734.2400</dst>
      <dst id="13">1149.8311</dst>
      <dst id="19">201.1556</dst>
      <dst id="23">6.6756</dst>
      <dst id="8">6.0178</dst>
      <dst id="18">135.1022</dst>
      <dst id="4">26387.8578</dst>
      <dst id="1">1947.6711</dst>
      <dst id="5">530.1422</dst>
      <dst id="3">670.8267</dst>
      <dst id="22">1217.6978</dst>
      <dst id="7">496.5511</dst>
      <dst id="2">8034.9600</dst>
      <dst id="6">2.4800</dst>
      <dst id="16">179.9378</dst>
      <dst id="14">68.7022</dst>
      <dst id="20">156.0267</dst>
      <dst id="11">800.5867</dst>
      <dst id="9">246.0800</dst>
      <dst id="17">3094.9422</dst>
      <dst id="21">1967.7778</dst>
      <dst id="15">69.5556</dst>
    </src>
    <src id="15">
      <dst id="12">341.4044</dst>
      <dst id="13">300.1156</dst>
      <dst id="19">1.1556</dst>
      <dst id="23">3.2356</dst>
      <dst id="8">68.0267</dst>
      <dst id="18">3.4578</dst>
      <dst id="4">6278.2933</dst>
      <dst id="1">132.0089</dst>
      <dst id="5">428.9867</dst>
      <dst id="3">417.0489</dst>
      <dst id="7">97.3244</dst>
      <dst id="2">23.4400</dst>
      <dst id="14">0.4267</dst>
      <dst id="11">114.7378</dst>
      <dst id="9">376.0800</dst>
      <dst id="17">262.5956</dst>
      <dst id="21">42.6844</dst>
    </src>
  </IntraTM>
</TrafficMatrixFile>
