<?xml version="1.0" encoding="UTF-8" standalone="yes"?>
<TrafficMatrixFile xmlns:xsi="http://www.w3.org/2001/XMLSchema-instance" xsi:noNamespaceSchemaLocation="http://totem.run.montefiore.ulg.ac.be/Schema/TrafficMatrix-v1_2.xsd">
  <info>
    <title>Intradomain traffic matrix generated by geant-TM-all.pl</title>
    <date>2005-01-05T05:45:00</date>
    <duration>900</duration>
    <author>Steve Uhlig</author>
    <units>
        <unit type="bandwidth" value="kbps"/>
    </units>
  </info>
  <IntraTM ASID="20965">
    <src id="12">
      <dst id="12">261303.9467</dst>
      <dst id="13">22662.8622</dst>
      <dst id="19">5194.0889</dst>
      <dst id="23">33.5556</dst>
      <dst id="8">3486.1422</dst>
      <dst id="18">380.7378</dst>
      <dst id="4">90278.8444</dst>
      <dst id="1">7950.4533</dst>
      <dst id="5">6271.4933</dst>
      <dst id="3">1425.8756</dst>
      <dst id="22">12523.0667</dst>
      <dst id="7">19251.4489</dst>
      <dst id="2">84277.1911</dst>
      <dst id="6">11.0044</dst>
      <dst id="16">6804.0267</dst>
      <dst id="14">364.1333</dst>
      <dst id="20">14405.3778</dst>
      <dst id="11">4518.2400</dst>
      <dst id="9">9253.5111</dst>
      <dst id="17">81424.4000</dst>
      <dst id="21">2413.3067</dst>
      <dst id="15">5720.3644</dst>
    </src>
    <src id="13">
      <dst id="12">55324.2578</dst>
      <dst id="19">10879.3511</dst>
      <dst id="23">11984.4800</dst>
      <dst id="8">12193.3956</dst>
      <dst id="18">3700.7022</dst>
      <dst id="1">3599.7511</dst>
      <dst id="5">16794.1867</dst>
      <dst id="3">4234.1333</dst>
      <dst id="22">25823.4844</dst>
      <dst id="7">11139.6089</dst>
      <dst id="2">123166.1156</dst>
      <dst id="6">184.3556</dst>
      <dst id="16">9852.5956</dst>
      <dst id="14">4120.8711</dst>
      <dst id="20">8726.2044</dst>
      <dst id="11">15734.7822</dst>
      <dst id="9">18114.9511</dst>
      <dst id="17">58990.6311</dst>
      <dst id="21">7591.8578</dst>
      <dst id="15">8211.8489</dst>
    </src>
    <src id="19">
      <dst id="12">13186.4000</dst>
      <dst id="13">1015.4311</dst>
      <dst id="23">0.3556</dst>
      <dst id="8">1.4222</dst>
      <dst id="18">1015.0933</dst>
      <dst id="4">19702.6667</dst>
      <dst id="1">469.6356</dst>
      <dst id="5">34.3378</dst>
      <dst id="22">71.8933</dst>
      <dst id="7">2871.2622</dst>
      <dst id="2">296.1778</dst>
      <dst id="6">23.9289</dst>
      <dst id="16">5268.8267</dst>
      <dst id="14">1.2000</dst>
      <dst id="20">197.2622</dst>
      <dst id="11">138.8000</dst>
      <dst id="9">3.4400</dst>
      <dst id="17">902.7200</dst>
      <dst id="21">273.0133</dst>
      <dst id="15">3.3333</dst>
    </src>
    <src id="23">
      <dst id="12">380.3378</dst>
      <dst id="13">345.2000</dst>
      <dst id="8">95.2178</dst>
      <dst id="18">1.0489</dst>
      <dst id="4">0.8178</dst>
      <dst id="1">48.3378</dst>
      <dst id="5">180.8711</dst>
      <dst id="3">227.2711</dst>
      <dst id="22">1070.0978</dst>
      <dst id="7">73.5289</dst>
      <dst id="2">57.4311</dst>
      <dst id="6">0.4978</dst>
      <dst id="16">59.0222</dst>
      <dst id="14">7.6889</dst>
      <dst id="20">46.7378</dst>
      <dst id="11">50.8000</dst>
      <dst id="9">2437.3333</dst>
      <dst id="17">273.4578</dst>
      <dst id="21">25.9556</dst>
      <dst id="15">13.3333</dst>
    </src>
    <src id="8">
      <dst id="12">386414.5333</dst>
      <dst id="13">1627.0844</dst>
      <dst id="19">2.0800</dst>
      <dst id="23">8518.2578</dst>
      <dst id="18">43.1556</dst>
      <dst id="4">4367.9111</dst>
      <dst id="1">21989.7689</dst>
      <dst id="5">17368.8533</dst>
      <dst id="3">2.0089</dst>
      <dst id="22">3621.3600</dst>
      <dst id="7">3.5022</dst>
      <dst id="2">122286.1689</dst>
      <dst id="16">1724.7378</dst>
      <dst id="14">2.6311</dst>
      <dst id="20">5183.6089</dst>
      <dst id="11">102.7289</dst>
      <dst id="9">3648.0978</dst>
      <dst id="17">142565.2978</dst>
      <dst id="21">13539.6356</dst>
      <dst id="15">5186.0267</dst>
    </src>
    <src id="18">
      <dst id="12">101362.3467</dst>
      <dst id="13">1312.6489</dst>
      <dst id="19">71.2356</dst>
      <dst id="8">219.2533</dst>
      <dst id="4">1523.0133</dst>
      <dst id="1">588.6489</dst>
      <dst id="5">233.9556</dst>
      <dst id="3">9.2267</dst>
      <dst id="22">67.8400</dst>
      <dst id="7">10.9956</dst>
      <dst id="2">39140.9511</dst>
      <dst id="16">133.3422</dst>
      <dst id="14">26.6667</dst>
      <dst id="20">3.1644</dst>
      <dst id="11">118.5956</dst>
      <dst id="9">50.4444</dst>
      <dst id="17">38025.9289</dst>
      <dst id="21">116.6933</dst>
      <dst id="15">1.7511</dst>
    </src>
    <src id="4">
      <dst id="12">16451.3333</dst>
      <dst id="19">15010.8000</dst>
      <dst id="8">1415.1467</dst>
      <dst id="18">386.2578</dst>
      <dst id="4">5.2000</dst>
      <dst id="1">106278.9867</dst>
      <dst id="5">4215.2356</dst>
      <dst id="3">166.4533</dst>
      <dst id="22">4567.4133</dst>
      <dst id="7">22507.7689</dst>
      <dst id="2">93084.9689</dst>
      <dst id="6">77.1289</dst>
      <dst id="16">2936.9511</dst>
      <dst id="14">1429.6178</dst>
      <dst id="20">5178.8178</dst>
      <dst id="11">4258.7022</dst>
      <dst id="9">4263.7156</dst>
      <dst id="17">21177.9111</dst>
      <dst id="21">4817.6089</dst>
      <dst id="15">261.9733</dst>
    </src>
    <src id="1">
      <dst id="12">20705.6356</dst>
      <dst id="13">689.8133</dst>
      <dst id="19">13.1822</dst>
      <dst id="23">35.8400</dst>
      <dst id="8">121151.2267</dst>
      <dst id="18">11952.8267</dst>
      <dst id="4">11000.6933</dst>
      <dst id="1">26781.3956</dst>
      <dst id="5">262404.8356</dst>
      <dst id="3">1730.7733</dst>
      <dst id="22">2713.4933</dst>
      <dst id="7">13520.6844</dst>
      <dst id="2">12679.3333</dst>
      <dst id="6">9124.5067</dst>
      <dst id="16">7788.3111</dst>
      <dst id="14">104.4000</dst>
      <dst id="20">1602.7378</dst>
      <dst id="11">789.9289</dst>
      <dst id="9">205070.6133</dst>
      <dst id="17">5757.9644</dst>
      <dst id="21">3404.1689</dst>
      <dst id="15">213.9111</dst>
    </src>
    <src id="5">
      <dst id="12">373466.8978</dst>
      <dst id="13">9830.1867</dst>
      <dst id="19">309.6267</dst>
      <dst id="23">3.7333</dst>
      <dst id="8">981.8044</dst>
      <dst id="18">658.3467</dst>
      <dst id="4">4421.4667</dst>
      <dst id="1">405.9200</dst>
      <dst id="3">5.0667</dst>
      <dst id="22">3714.9689</dst>
      <dst id="7">1426.7822</dst>
      <dst id="2">160563.7511</dst>
      <dst id="6">5.6622</dst>
      <dst id="16">984.8889</dst>
      <dst id="14">3.8756</dst>
      <dst id="20">4682.8444</dst>
      <dst id="11">4454.2400</dst>
      <dst id="9">2667.3956</dst>
      <dst id="17">126858.8533</dst>
      <dst id="21">266.8444</dst>
      <dst id="15">396.5067</dst>
    </src>
    <src id="3">
      <dst id="12">10425.0311</dst>
      <dst id="13">7741.8756</dst>
      <dst id="19">1132.5422</dst>
      <dst id="23">9035.2444</dst>
      <dst id="8">298.0089</dst>
      <dst id="18">53321.6356</dst>
      <dst id="4">37104.6756</dst>
      <dst id="1">7993.5556</dst>
      <dst id="5">463.8578</dst>
      <dst id="3">9198.9422</dst>
      <dst id="22">1979.6356</dst>
      <dst id="7">12570.5422</dst>
      <dst id="2">18690.0622</dst>
      <dst id="6">2.8178</dst>
      <dst id="16">1251.5911</dst>
      <dst id="14">41819.7067</dst>
      <dst id="20">2629.7778</dst>
      <dst id="11">146689.5822</dst>
      <dst id="9">1044.7111</dst>
      <dst id="17">8990.7911</dst>
      <dst id="21">19190.7822</dst>
      <dst id="15">715.5644</dst>
    </src>
    <src id="10">
      <dst id="12">15709.1556</dst>
      <dst id="19">1184.7289</dst>
      <dst id="8">671.6711</dst>
      <dst id="18">667.8044</dst>
      <dst id="1">2546.1867</dst>
      <dst id="5">1826.5067</dst>
      <dst id="3">3803.3956</dst>
      <dst id="22">4259.6444</dst>
      <dst id="7">12878.5867</dst>
      <dst id="2">27359.0933</dst>
      <dst id="6">17.3422</dst>
      <dst id="16">2696.3911</dst>
      <dst id="14">3508.8267</dst>
      <dst id="20">1138.8889</dst>
      <dst id="11">5162.6311</dst>
      <dst id="9">5010.5778</dst>
      <dst id="17">16116.1600</dst>
      <dst id="21">4223.2267</dst>
      <dst id="15">38.5867</dst>
    </src>
    <src id="22">
      <dst id="12">9712.3556</dst>
      <dst id="13">2985.3600</dst>
      <dst id="19">151.1822</dst>
      <dst id="23">471.2444</dst>
      <dst id="8">416.8444</dst>
      <dst id="18">166.5689</dst>
      <dst id="4">16541.9556</dst>
      <dst id="1">207.7067</dst>
      <dst id="5">3430.7200</dst>
      <dst id="3">827.8400</dst>
      <dst id="7">3666.8356</dst>
      <dst id="2">1871.9644</dst>
      <dst id="6">59.0311</dst>
      <dst id="16">1.5378</dst>
      <dst id="14">37.3956</dst>
      <dst id="11">3879.6889</dst>
      <dst id="9">5631.8844</dst>
      <dst id="17">4242.9956</dst>
      <dst id="21">385.3600</dst>
    </src>
    <src id="7">
      <dst id="12">4266.9689</dst>
      <dst id="13">269.2000</dst>
      <dst id="19">1337.5022</dst>
      <dst id="23">19.3511</dst>
      <dst id="8">152.4356</dst>
      <dst id="18">401.9644</dst>
      <dst id="4">16610.1067</dst>
      <dst id="1">2624.6578</dst>
      <dst id="5">2032.0800</dst>
      <dst id="3">101.0133</dst>
      <dst id="22">4279.9200</dst>
      <dst id="7">719.3244</dst>
      <dst id="2">11070.5689</dst>
      <dst id="6">1.3156</dst>
      <dst id="16">881.9467</dst>
      <dst id="14">144.1422</dst>
      <dst id="20">394.4444</dst>
      <dst id="11">426.5422</dst>
      <dst id="9">687.9467</dst>
      <dst id="17">8704.5156</dst>
      <dst id="21">2890.6933</dst>
      <dst id="15">371.3600</dst>
    </src>
    <src id="2">
      <dst id="12">91336.9422</dst>
      <dst id="13">520238.9422</dst>
      <dst id="19">1674.6400</dst>
      <dst id="8">1978.5600</dst>
      <dst id="18">44775.8133</dst>
      <dst id="4">85292.0178</dst>
      <dst id="1">4273.5378</dst>
      <dst id="5">1227.3244</dst>
      <dst id="3">219.3156</dst>
      <dst id="22">2947.6267</dst>
      <dst id="7">13562.1600</dst>
      <dst id="2">1192.9067</dst>
      <dst id="6">9126.6044</dst>
      <dst id="16">2638.9333</dst>
      <dst id="14">236.6756</dst>
      <dst id="20">716.2667</dst>
      <dst id="11">1522.8356</dst>
      <dst id="9">7237.3511</dst>
      <dst id="17">57339.3067</dst>
      <dst id="21">3080.1689</dst>
      <dst id="15">114.6933</dst>
    </src>
    <src id="6">
      <dst id="12">10718.0000</dst>
      <dst id="13">1.6800</dst>
      <dst id="19">4.4356</dst>
      <dst id="23">1.1378</dst>
      <dst id="18">40.1244</dst>
      <dst id="4">1509.8044</dst>
      <dst id="1">3.9467</dst>
      <dst id="5">17.0044</dst>
      <dst id="22">34.5689</dst>
      <dst id="7">14.1867</dst>
      <dst id="2">2728.0533</dst>
      <dst id="16">13.8667</dst>
      <dst id="20">0.3556</dst>
      <dst id="11">1.1911</dst>
      <dst id="9">0.3378</dst>
      <dst id="17">2288.1867</dst>
      <dst id="21">0.5156</dst>
      <dst id="15">0.3378</dst>
    </src>
    <src id="16">
      <dst id="12">2429.3156</dst>
      <dst id="13">864.6222</dst>
      <dst id="19">3994.9600</dst>
      <dst id="23">15.7511</dst>
      <dst id="8">5054.4978</dst>
      <dst id="18">172.2756</dst>
      <dst id="4">3603.8667</dst>
      <dst id="1">15556.5956</dst>
      <dst id="5">5280.7822</dst>
      <dst id="3">11.9378</dst>
      <dst id="7">2520.0622</dst>
      <dst id="2">1220.8000</dst>
      <dst id="6">74.0622</dst>
      <dst id="16">96.2667</dst>
      <dst id="14">456.6044</dst>
      <dst id="11">99.3867</dst>
      <dst id="9">6781.9911</dst>
      <dst id="17">6120.3289</dst>
      <dst id="21">2307.8489</dst>
    </src>
    <src id="14">
      <dst id="12">25040.3467</dst>
      <dst id="13">86.4533</dst>
      <dst id="19">5.5111</dst>
      <dst id="23">45.1111</dst>
      <dst id="8">150.0178</dst>
      <dst id="18">1.7422</dst>
      <dst id="4">2350.7200</dst>
      <dst id="1">98.8089</dst>
      <dst id="5">14.4089</dst>
      <dst id="3">81.8133</dst>
      <dst id="22">110.4889</dst>
      <dst id="7">74.8089</dst>
      <dst id="2">7596.4622</dst>
      <dst id="6">1.4844</dst>
      <dst id="16">10.4622</dst>
      <dst id="20">50.5244</dst>
      <dst id="11">30.8711</dst>
      <dst id="9">1.7600</dst>
      <dst id="17">12358.9600</dst>
      <dst id="21">59.1289</dst>
    </src>
    <src id="20">
      <dst id="12">13961.7778</dst>
      <dst id="13">4299.0756</dst>
      <dst id="19">4389.2000</dst>
      <dst id="23">7.3511</dst>
      <dst id="8">227.6533</dst>
      <dst id="18">26.4800</dst>
      <dst id="4">6211.2089</dst>
      <dst id="1">216.7111</dst>
      <dst id="5">4463.1467</dst>
      <dst id="3">557.9378</dst>
      <dst id="7">1036.4533</dst>
      <dst id="2">1990.0800</dst>
      <dst id="6">44.7022</dst>
      <dst id="14">738.2044</dst>
      <dst id="11">1032.6933</dst>
      <dst id="9">10706.3467</dst>
      <dst id="17">2626.3467</dst>
      <dst id="21">86.9244</dst>
    </src>
    <src id="11">
      <dst id="12">412857.5822</dst>
      <dst id="13">2876.0978</dst>
      <dst id="19">115.8222</dst>
      <dst id="23">8.2933</dst>
      <dst id="8">237.9200</dst>
      <dst id="18">33.3244</dst>
      <dst id="4">9937.6356</dst>
      <dst id="1">572.0000</dst>
      <dst id="5">1787.4222</dst>
      <dst id="3">294.9511</dst>
      <dst id="22">4147.6267</dst>
      <dst id="7">1030.6311</dst>
      <dst id="2">153476.9333</dst>
      <dst id="6">27.8222</dst>
      <dst id="16">230.0711</dst>
      <dst id="14">59.5022</dst>
      <dst id="20">2867.0222</dst>
      <dst id="11">1499.0222</dst>
      <dst id="9">2501.8844</dst>
      <dst id="17">159880.8444</dst>
      <dst id="21">227.6711</dst>
      <dst id="15">330.0444</dst>
    </src>
    <src id="9">
      <dst id="12">457808.9689</dst>
      <dst id="13">10260.0622</dst>
      <dst id="19">15.5644</dst>
      <dst id="23">154.2400</dst>
      <dst id="8">175.7156</dst>
      <dst id="18">39.2356</dst>
      <dst id="4">9657.0133</dst>
      <dst id="1">4993.8578</dst>
      <dst id="5">2647.2622</dst>
      <dst id="3">26.2044</dst>
      <dst id="22">2684.9333</dst>
      <dst id="7">136.2578</dst>
      <dst id="2">186773.4311</dst>
      <dst id="6">1.0133</dst>
      <dst id="16">1763.4756</dst>
      <dst id="14">50.8978</dst>
      <dst id="20">2427.5733</dst>
      <dst id="11">708.8444</dst>
      <dst id="9">5425.9200</dst>
      <dst id="17">203032.8356</dst>
      <dst id="21">82.8267</dst>
      <dst id="15">1935.2533</dst>
    </src>
    <src id="17">
      <dst id="12">5196.9689</dst>
      <dst id="13">14056.9511</dst>
      <dst id="19">860.3378</dst>
      <dst id="23">74.4356</dst>
      <dst id="8">130882.8356</dst>
      <dst id="18">1779.2178</dst>
      <dst id="4">36743.1378</dst>
      <dst id="1">3126.3911</dst>
      <dst id="5">220991.4400</dst>
      <dst id="3">4664.7378</dst>
      <dst id="22">6847.0133</dst>
      <dst id="7">1657.9289</dst>
      <dst id="2">12000.7111</dst>
      <dst id="6">237.3867</dst>
      <dst id="16">6529.2978</dst>
      <dst id="14">30629.5556</dst>
      <dst id="20">4376.5956</dst>
      <dst id="11">99694.8178</dst>
      <dst id="9">213732.0444</dst>
      <dst id="17">1848.6311</dst>
      <dst id="21">5905.1644</dst>
      <dst id="15">297.5911</dst>
    </src>
    <src id="21">
      <dst id="12">20404.0889</dst>
      <dst id="13">7369.5378</dst>
      <dst id="19">185.9378</dst>
      <dst id="23">3.0844</dst>
      <dst id="8">231.3156</dst>
      <dst id="18">262.1689</dst>
      <dst id="4">17646.8000</dst>
      <dst id="1">3762.5067</dst>
      <dst id="5">214.5867</dst>
      <dst id="3">4784.4800</dst>
      <dst id="22">2777.2000</dst>
      <dst id="7">6065.5467</dst>
      <dst id="2">16160.5689</dst>
      <dst id="6">2.2222</dst>
      <dst id="16">372.4889</dst>
      <dst id="14">124.1156</dst>
      <dst id="20">1628.1422</dst>
      <dst id="11">413.6800</dst>
      <dst id="9">622.9956</dst>
      <dst id="17">4457.0844</dst>
      <dst id="21">386.4089</dst>
      <dst id="15">39.3511</dst>
    </src>
    <src id="15">
      <dst id="12">11744.7556</dst>
      <dst id="13">1067.1644</dst>
      <dst id="19">38.8089</dst>
      <dst id="23">0.5333</dst>
      <dst id="8">355.3156</dst>
      <dst id="18">10.9244</dst>
      <dst id="4">6572.5422</dst>
      <dst id="1">972.1333</dst>
      <dst id="5">302.0889</dst>
      <dst id="3">22.4000</dst>
      <dst id="7">31.3600</dst>
      <dst id="2">446.0622</dst>
      <dst id="14">0.8533</dst>
      <dst id="11">164.5067</dst>
      <dst id="9">359.0578</dst>
      <dst id="17">225.2533</dst>
      <dst id="21">128.7022</dst>
    </src>
  </IntraTM>
</TrafficMatrixFile>
