<?xml version="1.0" encoding="UTF-8" standalone="yes"?>
<TrafficMatrixFile xmlns:xsi="http://www.w3.org/2001/XMLSchema-instance" xsi:noNamespaceSchemaLocation="http://totem.run.montefiore.ulg.ac.be/Schema/TrafficMatrix-v1_2.xsd">
  <info>
    <title>Intradomain traffic matrix generated by geant-TM-all.pl</title>
    <date>2005-01-01T19:45:00</date>
    <duration>900</duration>
    <author>Steve Uhlig</author>
    <units>
        <unit type="bandwidth" value="kbps"/>
    </units>
  </info>
  <IntraTM ASID="20965">
    <src id="12">
      <dst id="12">386693.8667</dst>
      <dst id="13">15708.2667</dst>
      <dst id="19">6284.8000</dst>
      <dst id="23">3656.5778</dst>
      <dst id="8">5588.4889</dst>
      <dst id="18">2169.4222</dst>
      <dst id="4">86484.4267</dst>
      <dst id="1">8385.9822</dst>
      <dst id="5">4178.4800</dst>
      <dst id="3">14889.6889</dst>
      <dst id="22">20266.9600</dst>
      <dst id="7">2231.1200</dst>
      <dst id="2">108211.9556</dst>
      <dst id="6">12.9956</dst>
      <dst id="16">10275.3956</dst>
      <dst id="14">4520.7289</dst>
      <dst id="20">7879.3689</dst>
      <dst id="11">19809.8933</dst>
      <dst id="9">28985.7156</dst>
      <dst id="17">77470.2933</dst>
      <dst id="21">27518.4178</dst>
      <dst id="15">4345.8311</dst>
    </src>
    <src id="13">
      <dst id="12">80864.8267</dst>
      <dst id="19">10773.8222</dst>
      <dst id="23">1869.0311</dst>
      <dst id="8">5823.2889</dst>
      <dst id="18">11237.8133</dst>
      <dst id="1">5710.4889</dst>
      <dst id="5">18485.0578</dst>
      <dst id="3">36360.1067</dst>
      <dst id="22">38708.6489</dst>
      <dst id="7">16961.8844</dst>
      <dst id="2">129111.4311</dst>
      <dst id="6">195.2711</dst>
      <dst id="16">9251.1822</dst>
      <dst id="14">7151.1911</dst>
      <dst id="20">23018.4000</dst>
      <dst id="11">27053.5644</dst>
      <dst id="9">15009.1378</dst>
      <dst id="17">61008.8711</dst>
      <dst id="21">32344.3022</dst>
      <dst id="15">5665.4222</dst>
    </src>
    <src id="19">
      <dst id="12">17654.4889</dst>
      <dst id="13">1511.5378</dst>
      <dst id="23">53.6889</dst>
      <dst id="8">221.1911</dst>
      <dst id="18">1164.9867</dst>
      <dst id="4">20121.7333</dst>
      <dst id="1">31.3422</dst>
      <dst id="5">5.7689</dst>
      <dst id="3">10549.3778</dst>
      <dst id="22">927.5022</dst>
      <dst id="7">4959.9289</dst>
      <dst id="2">1452.5600</dst>
      <dst id="6">153.2089</dst>
      <dst id="16">8472.4533</dst>
      <dst id="14">13.6711</dst>
      <dst id="20">115.8933</dst>
      <dst id="11">500.0800</dst>
      <dst id="9">2597.9289</dst>
      <dst id="17">4753.9111</dst>
      <dst id="21">3095.5022</dst>
      <dst id="15">70.0622</dst>
    </src>
    <src id="23">
      <dst id="12">1042.9156</dst>
      <dst id="13">97.5733</dst>
      <dst id="19">0.8889</dst>
      <dst id="8">7.7511</dst>
      <dst id="18">92.0178</dst>
      <dst id="4">61.3422</dst>
      <dst id="1">380.3644</dst>
      <dst id="5">310.0178</dst>
      <dst id="3">420.5333</dst>
      <dst id="22">720.5067</dst>
      <dst id="7">78.2844</dst>
      <dst id="2">279.4933</dst>
      <dst id="6">1.5289</dst>
      <dst id="16">44.7556</dst>
      <dst id="20">168.2489</dst>
      <dst id="11">343.9822</dst>
      <dst id="9">1794.3467</dst>
      <dst id="17">540.7644</dst>
      <dst id="21">1111.5111</dst>
      <dst id="15">1.9200</dst>
    </src>
    <src id="8">
      <dst id="12">405587.6889</dst>
      <dst id="13">2326.8356</dst>
      <dst id="19">24.5333</dst>
      <dst id="23">207.9289</dst>
      <dst id="18">43.3778</dst>
      <dst id="4">7938.5956</dst>
      <dst id="1">1200.2489</dst>
      <dst id="5">2314.1600</dst>
      <dst id="3">1248.4089</dst>
      <dst id="22">923.0222</dst>
      <dst id="7">18.7467</dst>
      <dst id="2">144129.4756</dst>
      <dst id="6">13.3333</dst>
      <dst id="16">1123.0489</dst>
      <dst id="14">50.4711</dst>
      <dst id="20">393.4044</dst>
      <dst id="11">2998.0267</dst>
      <dst id="9">618.5956</dst>
      <dst id="17">96482.4800</dst>
      <dst id="21">2198.1422</dst>
      <dst id="15">437.0844</dst>
    </src>
    <src id="18">
      <dst id="12">138026.0800</dst>
      <dst id="13">241.9822</dst>
      <dst id="19">854.5156</dst>
      <dst id="23">4.0533</dst>
      <dst id="8">46.4356</dst>
      <dst id="4">1153.2444</dst>
      <dst id="1">898.9956</dst>
      <dst id="5">717.9022</dst>
      <dst id="3">103.2533</dst>
      <dst id="22">521.8667</dst>
      <dst id="7">262.8711</dst>
      <dst id="2">42339.1911</dst>
      <dst id="16">39.9378</dst>
      <dst id="14">0.3556</dst>
      <dst id="20">497.1733</dst>
      <dst id="11">431.0489</dst>
      <dst id="9">170.4178</dst>
      <dst id="17">36850.7022</dst>
      <dst id="21">3195.8933</dst>
      <dst id="15">762.6578</dst>
    </src>
    <src id="4">
      <dst id="12">22334.9244</dst>
      <dst id="19">10824.6044</dst>
      <dst id="23">0.7111</dst>
      <dst id="8">2409.2622</dst>
      <dst id="18">1819.0133</dst>
      <dst id="1">5799.2356</dst>
      <dst id="5">3168.4444</dst>
      <dst id="3">70567.8044</dst>
      <dst id="22">10257.0222</dst>
      <dst id="7">26230.3200</dst>
      <dst id="2">75416.2578</dst>
      <dst id="6">13.9378</dst>
      <dst id="16">2883.9111</dst>
      <dst id="14">4307.1378</dst>
      <dst id="20">8280.3200</dst>
      <dst id="11">12283.1022</dst>
      <dst id="9">6679.5467</dst>
      <dst id="17">27528.3733</dst>
      <dst id="21">8319.8400</dst>
      <dst id="15">635.0044</dst>
    </src>
    <src id="1">
      <dst id="12">20977.0489</dst>
      <dst id="13">295.7067</dst>
      <dst id="19">1216.1156</dst>
      <dst id="23">2850.1956</dst>
      <dst id="8">229566.6400</dst>
      <dst id="18">13749.9733</dst>
      <dst id="4">7311.3778</dst>
      <dst id="1">73.2267</dst>
      <dst id="5">306094.4178</dst>
      <dst id="3">69991.2000</dst>
      <dst id="22">16082.8444</dst>
      <dst id="7">18039.8400</dst>
      <dst id="2">4531.8578</dst>
      <dst id="6">11122.1778</dst>
      <dst id="16">14788.5778</dst>
      <dst id="14">1343.7778</dst>
      <dst id="20">6430.7111</dst>
      <dst id="11">559.1467</dst>
      <dst id="9">401482.3911</dst>
      <dst id="17">3511.1200</dst>
      <dst id="21">43138.0356</dst>
      <dst id="15">194.7289</dst>
    </src>
    <src id="5">
      <dst id="12">352162.3911</dst>
      <dst id="13">2161.3333</dst>
      <dst id="19">131.6000</dst>
      <dst id="23">350.1067</dst>
      <dst id="8">50121.1111</dst>
      <dst id="18">750.2400</dst>
      <dst id="4">8244.4178</dst>
      <dst id="1">31.4133</dst>
      <dst id="3">2577.2889</dst>
      <dst id="22">4942.0356</dst>
      <dst id="7">323.7156</dst>
      <dst id="2">151156.0267</dst>
      <dst id="6">30.8622</dst>
      <dst id="16">1659.9111</dst>
      <dst id="14">103.2800</dst>
      <dst id="20">6129.2267</dst>
      <dst id="11">2819.3156</dst>
      <dst id="9">2539.7422</dst>
      <dst id="17">101106.0889</dst>
      <dst id="21">4277.5911</dst>
      <dst id="15">1285.5733</dst>
    </src>
    <src id="3">
      <dst id="12">14918.6933</dst>
      <dst id="13">891.8311</dst>
      <dst id="19">2450.0622</dst>
      <dst id="23">78.0800</dst>
      <dst id="8">357.6622</dst>
      <dst id="18">202231.1911</dst>
      <dst id="4">47229.4222</dst>
      <dst id="1">17478.2044</dst>
      <dst id="5">715.8933</dst>
      <dst id="3">22244.5956</dst>
      <dst id="22">2087.1289</dst>
      <dst id="7">9731.3333</dst>
      <dst id="2">16990.1689</dst>
      <dst id="6">59.1378</dst>
      <dst id="16">2823.9644</dst>
      <dst id="14">62788.9956</dst>
      <dst id="20">3138.4800</dst>
      <dst id="11">287899.9733</dst>
      <dst id="9">720.6844</dst>
      <dst id="17">13859.9022</dst>
      <dst id="21">30124.1956</dst>
      <dst id="15">418.0000</dst>
    </src>
    <src id="10">
      <dst id="12">20625.6622</dst>
      <dst id="19">1379.6711</dst>
      <dst id="8">3359.8044</dst>
      <dst id="18">11945.4311</dst>
      <dst id="1">2159.4667</dst>
      <dst id="5">4744.3467</dst>
      <dst id="3">27701.8311</dst>
      <dst id="22">7189.8756</dst>
      <dst id="7">2401.5822</dst>
      <dst id="2">43241.1822</dst>
      <dst id="6">1.6978</dst>
      <dst id="16">2369.5822</dst>
      <dst id="14">5527.0044</dst>
      <dst id="20">5135.7689</dst>
      <dst id="11">8205.6444</dst>
      <dst id="9">2527.7244</dst>
      <dst id="17">26277.2622</dst>
      <dst id="21">16627.6622</dst>
      <dst id="15">1215.5822</dst>
    </src>
    <src id="22">
      <dst id="12">13114.5511</dst>
      <dst id="13">6468.3911</dst>
      <dst id="19">917.3778</dst>
      <dst id="23">375.9289</dst>
      <dst id="8">2343.4400</dst>
      <dst id="18">415.9467</dst>
      <dst id="4">16680.7911</dst>
      <dst id="1">388.9778</dst>
      <dst id="5">3865.2889</dst>
      <dst id="3">1092.5778</dst>
      <dst id="7">1975.5911</dst>
      <dst id="2">1919.0489</dst>
      <dst id="6">41.0844</dst>
      <dst id="16">6.9333</dst>
      <dst id="14">80.3200</dst>
      <dst id="11">4625.8667</dst>
      <dst id="9">2407.8133</dst>
      <dst id="17">11030.2400</dst>
      <dst id="21">5857.1644</dst>
    </src>
    <src id="7">
      <dst id="12">5894.9778</dst>
      <dst id="13">353.8578</dst>
      <dst id="19">929.8044</dst>
      <dst id="23">506.0889</dst>
      <dst id="8">571.1644</dst>
      <dst id="18">4061.4044</dst>
      <dst id="4">31161.1289</dst>
      <dst id="1">2692.3644</dst>
      <dst id="5">2692.8089</dst>
      <dst id="3">17474.5244</dst>
      <dst id="22">8853.7244</dst>
      <dst id="7">260.5867</dst>
      <dst id="2">10932.7467</dst>
      <dst id="6">102.5778</dst>
      <dst id="16">2170.8889</dst>
      <dst id="14">405.2889</dst>
      <dst id="20">4090.0800</dst>
      <dst id="11">4227.8222</dst>
      <dst id="9">3954.3111</dst>
      <dst id="17">5074.8000</dst>
      <dst id="21">11022.5778</dst>
      <dst id="15">1311.5556</dst>
    </src>
    <src id="2">
      <dst id="12">177819.6533</dst>
      <dst id="13">22023.4044</dst>
      <dst id="19">459.8844</dst>
      <dst id="23">4.5867</dst>
      <dst id="8">889.7333</dst>
      <dst id="18">158421.3156</dst>
      <dst id="4">85025.1022</dst>
      <dst id="1">1211.5822</dst>
      <dst id="5">2832.1956</dst>
      <dst id="3">9740.4178</dst>
      <dst id="22">3840.1867</dst>
      <dst id="7">2683.5378</dst>
      <dst id="2">1815.5022</dst>
      <dst id="6">6851.3156</dst>
      <dst id="16">1941.1911</dst>
      <dst id="14">365.0311</dst>
      <dst id="20">1346.6844</dst>
      <dst id="11">11524.8533</dst>
      <dst id="9">1816.4000</dst>
      <dst id="17">33507.7511</dst>
      <dst id="21">11496.4711</dst>
      <dst id="15">1256.1333</dst>
    </src>
    <src id="6">
      <dst id="12">10387.5289</dst>
      <dst id="13">3.2800</dst>
      <dst id="19">4.7022</dst>
      <dst id="23">75.7156</dst>
      <dst id="8">41.6711</dst>
      <dst id="18">3.7689</dst>
      <dst id="4">89.7778</dst>
      <dst id="1">1.1378</dst>
      <dst id="5">0.8711</dst>
      <dst id="3">87.2533</dst>
      <dst id="22">38.4978</dst>
      <dst id="7">36.4978</dst>
      <dst id="2">2327.6889</dst>
      <dst id="16">0.7111</dst>
      <dst id="20">23.3956</dst>
      <dst id="11">42.5156</dst>
      <dst id="9">46.1956</dst>
      <dst id="17">1315.6711</dst>
      <dst id="21">114.4267</dst>
    </src>
    <src id="16">
      <dst id="12">4442.2400</dst>
      <dst id="13">4383.1733</dst>
      <dst id="19">4544.6844</dst>
      <dst id="23">19.0044</dst>
      <dst id="8">11144.1689</dst>
      <dst id="18">17.1822</dst>
      <dst id="4">5567.8133</dst>
      <dst id="1">25710.5778</dst>
      <dst id="5">9211.9644</dst>
      <dst id="3">4454.8622</dst>
      <dst id="7">1575.0489</dst>
      <dst id="2">1491.9822</dst>
      <dst id="6">14.0800</dst>
      <dst id="16">29.6533</dst>
      <dst id="14">545.3156</dst>
      <dst id="11">738.9333</dst>
      <dst id="9">15582.9067</dst>
      <dst id="17">3313.2533</dst>
      <dst id="21">676.1511</dst>
    </src>
    <src id="14">
      <dst id="12">24113.9911</dst>
      <dst id="13">31.6000</dst>
      <dst id="19">7.2533</dst>
      <dst id="23">14.8978</dst>
      <dst id="8">0.4178</dst>
      <dst id="18">1.7867</dst>
      <dst id="4">2049.3244</dst>
      <dst id="1">106.2933</dst>
      <dst id="5">6.4178</dst>
      <dst id="3">570.4089</dst>
      <dst id="22">60.9422</dst>
      <dst id="7">74.8356</dst>
      <dst id="2">8116.1067</dst>
      <dst id="16">11.4489</dst>
      <dst id="20">0.4444</dst>
      <dst id="11">318.0267</dst>
      <dst id="9">14.2756</dst>
      <dst id="17">5039.0844</dst>
      <dst id="21">161.7156</dst>
      <dst id="15">14.1778</dst>
    </src>
    <src id="20">
      <dst id="12">11546.3200</dst>
      <dst id="13">14139.6711</dst>
      <dst id="19">875.4222</dst>
      <dst id="23">3.5200</dst>
      <dst id="8">236.9778</dst>
      <dst id="18">228.4622</dst>
      <dst id="4">9677.8756</dst>
      <dst id="1">212.7200</dst>
      <dst id="5">9287.0044</dst>
      <dst id="3">1252.3733</dst>
      <dst id="7">3583.9467</dst>
      <dst id="2">6880.6756</dst>
      <dst id="6">121.4756</dst>
      <dst id="14">1.7244</dst>
      <dst id="11">501.2711</dst>
      <dst id="9">11091.7867</dst>
      <dst id="17">28872.2311</dst>
      <dst id="21">569.2711</dst>
    </src>
    <src id="11">
      <dst id="12">450129.5733</dst>
      <dst id="13">1970.6400</dst>
      <dst id="19">1709.1200</dst>
      <dst id="23">1041.2356</dst>
      <dst id="8">1755.9022</dst>
      <dst id="18">602.7378</dst>
      <dst id="4">14091.4489</dst>
      <dst id="1">625.6889</dst>
      <dst id="5">2747.2089</dst>
      <dst id="3">861.2711</dst>
      <dst id="22">5392.6667</dst>
      <dst id="7">450.8089</dst>
      <dst id="2">172417.6800</dst>
      <dst id="6">8.1689</dst>
      <dst id="16">986.1956</dst>
      <dst id="14">85.2356</dst>
      <dst id="20">514.8978</dst>
      <dst id="11">6586.4978</dst>
      <dst id="9">1982.6400</dst>
      <dst id="17">100034.0533</dst>
      <dst id="21">3683.1822</dst>
      <dst id="15">781.5111</dst>
    </src>
    <src id="9">
      <dst id="12">614309.0044</dst>
      <dst id="13">5829.5467</dst>
      <dst id="19">834.3022</dst>
      <dst id="23">55.9022</dst>
      <dst id="8">1853.9378</dst>
      <dst id="18">133.5644</dst>
      <dst id="4">15443.0933</dst>
      <dst id="1">7893.4489</dst>
      <dst id="5">2899.3689</dst>
      <dst id="3">1450.7733</dst>
      <dst id="22">6348.7378</dst>
      <dst id="7">1416.4356</dst>
      <dst id="2">203410.7022</dst>
      <dst id="6">15.0844</dst>
      <dst id="16">793.7511</dst>
      <dst id="14">2.1778</dst>
      <dst id="20">6400.4267</dst>
      <dst id="11">4470.7111</dst>
      <dst id="9">679.5289</dst>
      <dst id="17">155667.4133</dst>
      <dst id="21">1311.0311</dst>
      <dst id="15">2099.1822</dst>
    </src>
    <src id="17">
      <dst id="12">21467.8489</dst>
      <dst id="13">2620.7111</dst>
      <dst id="19">12116.1156</dst>
      <dst id="23">3847.3244</dst>
      <dst id="8">222091.5733</dst>
      <dst id="18">2247.8489</dst>
      <dst id="4">65154.2400</dst>
      <dst id="1">1556.0089</dst>
      <dst id="5">278545.8400</dst>
      <dst id="3">21617.4044</dst>
      <dst id="22">25191.3156</dst>
      <dst id="7">16989.6000</dst>
      <dst id="2">9715.7689</dst>
      <dst id="6">199.6533</dst>
      <dst id="16">14398.4800</dst>
      <dst id="14">44352.5422</dst>
      <dst id="20">5323.0844</dst>
      <dst id="11">211991.2889</dst>
      <dst id="9">366790.3111</dst>
      <dst id="17">1526.4089</dst>
      <dst id="21">16720.0178</dst>
      <dst id="15">547.6978</dst>
    </src>
    <src id="21">
      <dst id="12">20776.0178</dst>
      <dst id="13">747.3156</dst>
      <dst id="19">703.5200</dst>
      <dst id="23">1706.7644</dst>
      <dst id="8">604.8267</dst>
      <dst id="18">3009.0756</dst>
      <dst id="4">29754.3200</dst>
      <dst id="1">2247.0933</dst>
      <dst id="5">1354.5333</dst>
      <dst id="3">5786.4889</dst>
      <dst id="22">2932.2400</dst>
      <dst id="7">2558.7556</dst>
      <dst id="2">11021.0400</dst>
      <dst id="6">38.5156</dst>
      <dst id="16">215.3244</dst>
      <dst id="14">93.9822</dst>
      <dst id="20">334.6667</dst>
      <dst id="11">1078.5422</dst>
      <dst id="9">1681.2178</dst>
      <dst id="17">42868.1333</dst>
      <dst id="21">4405.0756</dst>
      <dst id="15">174.7289</dst>
    </src>
    <src id="15">
      <dst id="12">3137.0667</dst>
      <dst id="13">895.5467</dst>
      <dst id="19">18.3467</dst>
      <dst id="23">1.0844</dst>
      <dst id="8">180.3644</dst>
      <dst id="18">39.0400</dst>
      <dst id="4">4113.4222</dst>
      <dst id="1">67.2089</dst>
      <dst id="5">295.4933</dst>
      <dst id="3">821.6444</dst>
      <dst id="7">46.6489</dst>
      <dst id="2">2358.2222</dst>
      <dst id="6">0.4267</dst>
      <dst id="16">0.3556</dst>
      <dst id="14">0.3556</dst>
      <dst id="11">1105.0578</dst>
      <dst id="9">1518.3467</dst>
      <dst id="17">504.6222</dst>
      <dst id="21">286.8356</dst>
    </src>
  </IntraTM>
</TrafficMatrixFile>
