<?xml version="1.0" encoding="UTF-8" standalone="yes"?>
<TrafficMatrixFile xmlns:xsi="http://www.w3.org/2001/XMLSchema-instance" xsi:noNamespaceSchemaLocation="http://totem.run.montefiore.ulg.ac.be/Schema/TrafficMatrix-v1_2.xsd">
  <info>
    <title>Intradomain traffic matrix generated by geant-TM-all.pl</title>
    <date>2005-01-05T03:00:00</date>
    <duration>900</duration>
    <author>Steve Uhlig</author>
    <units>
        <unit type="bandwidth" value="kbps"/>
    </units>
  </info>
  <IntraTM ASID="20965">
    <src id="12">
      <dst id="12">268109.4933</dst>
      <dst id="13">25402.6400</dst>
      <dst id="19">5745.3867</dst>
      <dst id="23">240.7022</dst>
      <dst id="8">2663.3511</dst>
      <dst id="18">237.6978</dst>
      <dst id="4">79845.2000</dst>
      <dst id="1">9800.6578</dst>
      <dst id="5">3946.6756</dst>
      <dst id="3">801.2622</dst>
      <dst id="22">8568.5244</dst>
      <dst id="7">2179.6711</dst>
      <dst id="2">92115.3511</dst>
      <dst id="6">15.1289</dst>
      <dst id="16">8377.2356</dst>
      <dst id="14">319.9378</dst>
      <dst id="20">9543.0578</dst>
      <dst id="11">6833.6622</dst>
      <dst id="9">5405.1733</dst>
      <dst id="17">76640.7822</dst>
      <dst id="21">1678.8889</dst>
      <dst id="15">474.1422</dst>
    </src>
    <src id="13">
      <dst id="12">50341.7511</dst>
      <dst id="19">10320.2400</dst>
      <dst id="23">31.6000</dst>
      <dst id="8">4209.8844</dst>
      <dst id="18">2621.2533</dst>
      <dst id="1">4102.6667</dst>
      <dst id="5">7513.4044</dst>
      <dst id="3">5095.2800</dst>
      <dst id="22">22066.7556</dst>
      <dst id="7">11461.3956</dst>
      <dst id="2">89963.5200</dst>
      <dst id="6">311.8844</dst>
      <dst id="16">8779.9822</dst>
      <dst id="14">4340.1156</dst>
      <dst id="20">8433.6444</dst>
      <dst id="11">13904.4622</dst>
      <dst id="9">13599.5467</dst>
      <dst id="17">52418.7911</dst>
      <dst id="21">8336.4444</dst>
      <dst id="15">5942.1333</dst>
    </src>
    <src id="19">
      <dst id="12">14176.4267</dst>
      <dst id="13">175.0311</dst>
      <dst id="23">0.9244</dst>
      <dst id="8">2.6311</dst>
      <dst id="18">28.0533</dst>
      <dst id="4">14727.2889</dst>
      <dst id="1">1020.8000</dst>
      <dst id="5">31.5911</dst>
      <dst id="3">1.4222</dst>
      <dst id="22">5775.3600</dst>
      <dst id="7">3981.8489</dst>
      <dst id="2">21319.0844</dst>
      <dst id="6">11.7156</dst>
      <dst id="16">4925.7511</dst>
      <dst id="14">0.4267</dst>
      <dst id="20">37.5111</dst>
      <dst id="11">192.9156</dst>
      <dst id="9">117.6178</dst>
      <dst id="17">1277.1111</dst>
      <dst id="21">512.8178</dst>
      <dst id="15">0.4178</dst>
    </src>
    <src id="23">
      <dst id="12">349.2978</dst>
      <dst id="13">53.3244</dst>
      <dst id="19">18.8444</dst>
      <dst id="4">62.4889</dst>
      <dst id="1">49.2089</dst>
      <dst id="5">120.0000</dst>
      <dst id="3">365.8933</dst>
      <dst id="22">192.9244</dst>
      <dst id="7">2368.8800</dst>
      <dst id="2">28.3911</dst>
      <dst id="6">0.3378</dst>
      <dst id="16">124.8889</dst>
      <dst id="20">74.1778</dst>
      <dst id="11">21.8756</dst>
      <dst id="9">1245.6356</dst>
      <dst id="17">708.4444</dst>
      <dst id="21">35.7511</dst>
    </src>
    <src id="8">
      <dst id="12">352303.1911</dst>
      <dst id="13">2187.9556</dst>
      <dst id="19">40.6933</dst>
      <dst id="23">0.4267</dst>
      <dst id="18">17.1733</dst>
      <dst id="4">3516.8444</dst>
      <dst id="1">483.1289</dst>
      <dst id="5">5265.7956</dst>
      <dst id="3">11.1733</dst>
      <dst id="22">407.1911</dst>
      <dst id="7">14.9867</dst>
      <dst id="2">148968.4622</dst>
      <dst id="16">926.5867</dst>
      <dst id="14">36.9156</dst>
      <dst id="20">112.6933</dst>
      <dst id="11">39.5022</dst>
      <dst id="9">244.8978</dst>
      <dst id="17">137287.8667</dst>
      <dst id="21">206.6578</dst>
      <dst id="15">1783.2978</dst>
    </src>
    <src id="18">
      <dst id="12">95302.5067</dst>
      <dst id="13">159.5200</dst>
      <dst id="19">37.8578</dst>
      <dst id="8">51.0489</dst>
      <dst id="4">1537.8844</dst>
      <dst id="1">1119.7067</dst>
      <dst id="5">188.3733</dst>
      <dst id="3">10.3467</dst>
      <dst id="22">42.1422</dst>
      <dst id="7">18.6311</dst>
      <dst id="2">37121.1467</dst>
      <dst id="16">208.7822</dst>
      <dst id="14">2.7111</dst>
      <dst id="20">56.6311</dst>
      <dst id="11">96.1422</dst>
      <dst id="9">69.9289</dst>
      <dst id="17">34996.9511</dst>
      <dst id="21">2787.7778</dst>
      <dst id="15">0.4622</dst>
    </src>
    <src id="4">
      <dst id="12">27773.7689</dst>
      <dst id="19">15202.0444</dst>
      <dst id="8">5026.6222</dst>
      <dst id="18">349.0667</dst>
      <dst id="4">2.0178</dst>
      <dst id="1">136211.4756</dst>
      <dst id="5">2249.9556</dst>
      <dst id="3">230.0178</dst>
      <dst id="22">5719.8311</dst>
      <dst id="7">34268.3822</dst>
      <dst id="2">66545.5644</dst>
      <dst id="6">27.0933</dst>
      <dst id="16">2055.0756</dst>
      <dst id="14">4915.6356</dst>
      <dst id="20">1417.6267</dst>
      <dst id="11">3360.7644</dst>
      <dst id="9">2316.7289</dst>
      <dst id="17">10579.3511</dst>
      <dst id="21">5372.7467</dst>
      <dst id="15">234.9067</dst>
    </src>
    <src id="1">
      <dst id="12">19083.7333</dst>
      <dst id="13">395.5467</dst>
      <dst id="19">3568.7733</dst>
      <dst id="23">40.0089</dst>
      <dst id="8">134005.0667</dst>
      <dst id="18">14730.7467</dst>
      <dst id="4">14653.7600</dst>
      <dst id="1">7572.8978</dst>
      <dst id="5">240783.7333</dst>
      <dst id="3">48.2667</dst>
      <dst id="22">1972.0000</dst>
      <dst id="7">1735.3600</dst>
      <dst id="2">3468.1333</dst>
      <dst id="6">7867.4400</dst>
      <dst id="16">8278.0178</dst>
      <dst id="14">351.9556</dst>
      <dst id="20">68.5067</dst>
      <dst id="11">296.5778</dst>
      <dst id="9">227322.6933</dst>
      <dst id="17">4866.3111</dst>
      <dst id="21">1779.0933</dst>
      <dst id="15">85.4400</dst>
    </src>
    <src id="5">
      <dst id="12">339354.7022</dst>
      <dst id="13">2833.0933</dst>
      <dst id="19">193.1644</dst>
      <dst id="23">1.4578</dst>
      <dst id="8">553.8933</dst>
      <dst id="18">878.8622</dst>
      <dst id="4">7851.4933</dst>
      <dst id="1">1209.4044</dst>
      <dst id="3">0.4178</dst>
      <dst id="22">4539.7956</dst>
      <dst id="7">148.6933</dst>
      <dst id="2">149215.7244</dst>
      <dst id="6">16.8267</dst>
      <dst id="16">1057.1556</dst>
      <dst id="14">41.6089</dst>
      <dst id="20">9029.4667</dst>
      <dst id="11">1068.3378</dst>
      <dst id="9">5416.3556</dst>
      <dst id="17">127590.4356</dst>
      <dst id="21">151.7689</dst>
      <dst id="15">688.6667</dst>
    </src>
    <src id="3">
      <dst id="12">9509.1467</dst>
      <dst id="13">1800.9333</dst>
      <dst id="19">1531.6000</dst>
      <dst id="23">9715.0756</dst>
      <dst id="8">193.0756</dst>
      <dst id="18">52229.6622</dst>
      <dst id="4">21384.4889</dst>
      <dst id="1">4048.8356</dst>
      <dst id="5">221.3956</dst>
      <dst id="3">10974.1956</dst>
      <dst id="22">991.6533</dst>
      <dst id="7">541.7156</dst>
      <dst id="2">17234.7111</dst>
      <dst id="6">1.8667</dst>
      <dst id="16">1029.5111</dst>
      <dst id="14">37145.6800</dst>
      <dst id="20">156.7378</dst>
      <dst id="11">135298.1067</dst>
      <dst id="9">407.2622</dst>
      <dst id="17">11257.8222</dst>
      <dst id="21">15105.3867</dst>
      <dst id="15">33.3244</dst>
    </src>
    <src id="10">
      <dst id="12">12192.3911</dst>
      <dst id="19">3248.1156</dst>
      <dst id="8">625.6444</dst>
      <dst id="18">305.4489</dst>
      <dst id="1">2568.6756</dst>
      <dst id="5">1750.1422</dst>
      <dst id="3">5595.1111</dst>
      <dst id="22">7035.8756</dst>
      <dst id="7">15729.6444</dst>
      <dst id="2">26816.1689</dst>
      <dst id="6">0.3556</dst>
      <dst id="16">4717.9556</dst>
      <dst id="14">2859.9911</dst>
      <dst id="20">3653.3600</dst>
      <dst id="11">5783.9556</dst>
      <dst id="9">5755.1022</dst>
      <dst id="17">19314.6578</dst>
      <dst id="21">6293.3067</dst>
      <dst id="15">256.0444</dst>
    </src>
    <src id="22">
      <dst id="12">8630.2133</dst>
      <dst id="13">4897.2889</dst>
      <dst id="19">858.1156</dst>
      <dst id="23">90.2667</dst>
      <dst id="8">491.6622</dst>
      <dst id="18">340.3111</dst>
      <dst id="4">17895.2444</dst>
      <dst id="1">274.5333</dst>
      <dst id="5">3499.8667</dst>
      <dst id="3">626.2222</dst>
      <dst id="7">2456.1333</dst>
      <dst id="2">1930.6578</dst>
      <dst id="6">41.7422</dst>
      <dst id="16">0.7644</dst>
      <dst id="14">263.6978</dst>
      <dst id="11">2800.0622</dst>
      <dst id="9">1840.8089</dst>
      <dst id="17">7735.8222</dst>
      <dst id="21">376.7200</dst>
    </src>
    <src id="7">
      <dst id="12">4490.4800</dst>
      <dst id="13">850.3911</dst>
      <dst id="19">1338.3378</dst>
      <dst id="23">92.4889</dst>
      <dst id="8">257.8933</dst>
      <dst id="18">139.9022</dst>
      <dst id="4">9587.8844</dst>
      <dst id="1">6302.8000</dst>
      <dst id="5">1448.2044</dst>
      <dst id="3">180.2933</dst>
      <dst id="22">4318.2667</dst>
      <dst id="7">718.5778</dst>
      <dst id="2">7489.1022</dst>
      <dst id="6">15.5822</dst>
      <dst id="16">1875.3511</dst>
      <dst id="14">268.0711</dst>
      <dst id="20">1315.1022</dst>
      <dst id="11">770.7467</dst>
      <dst id="9">690.1778</dst>
      <dst id="17">8437.4667</dst>
      <dst id="21">1154.8533</dst>
      <dst id="15">16.3467</dst>
    </src>
    <src id="2">
      <dst id="12">103995.6444</dst>
      <dst id="13">517660.6400</dst>
      <dst id="19">921.8133</dst>
      <dst id="23">25.8667</dst>
      <dst id="8">257.9733</dst>
      <dst id="18">52285.7156</dst>
      <dst id="4">82973.3156</dst>
      <dst id="1">2705.6889</dst>
      <dst id="5">1708.5689</dst>
      <dst id="3">264.2311</dst>
      <dst id="22">5995.3156</dst>
      <dst id="7">41744.5867</dst>
      <dst id="2">786.6578</dst>
      <dst id="6">10383.2000</dst>
      <dst id="16">2867.4044</dst>
      <dst id="14">2820.4622</dst>
      <dst id="20">599.8933</dst>
      <dst id="11">3080.6400</dst>
      <dst id="9">608.6578</dst>
      <dst id="17">24339.0756</dst>
      <dst id="21">3893.7333</dst>
      <dst id="15">100.7733</dst>
    </src>
    <src id="6">
      <dst id="12">11849.4133</dst>
      <dst id="13">15.4667</dst>
      <dst id="19">1.4222</dst>
      <dst id="18">1.1378</dst>
      <dst id="4">1275.5111</dst>
      <dst id="1">17.5556</dst>
      <dst id="5">1.6800</dst>
      <dst id="22">5.1733</dst>
      <dst id="7">1.1644</dst>
      <dst id="2">2516.7822</dst>
      <dst id="16">121.0578</dst>
      <dst id="11">38.7111</dst>
      <dst id="9">2.6222</dst>
      <dst id="17">1661.0933</dst>
      <dst id="21">1.6889</dst>
    </src>
    <src id="16">
      <dst id="12">2334.3022</dst>
      <dst id="13">422.3200</dst>
      <dst id="19">2945.9911</dst>
      <dst id="23">29.7689</dst>
      <dst id="8">9153.7333</dst>
      <dst id="18">29.5289</dst>
      <dst id="4">4044.4800</dst>
      <dst id="1">12774.3822</dst>
      <dst id="5">4800.2489</dst>
      <dst id="3">171.5111</dst>
      <dst id="7">3254.0711</dst>
      <dst id="2">759.2889</dst>
      <dst id="6">2.5600</dst>
      <dst id="16">65.4222</dst>
      <dst id="14">922.6044</dst>
      <dst id="11">3271.0044</dst>
      <dst id="9">5464.5244</dst>
      <dst id="17">3075.6178</dst>
      <dst id="21">1595.9289</dst>
    </src>
    <src id="14">
      <dst id="12">21652.5511</dst>
      <dst id="13">68.8444</dst>
      <dst id="19">5.2267</dst>
      <dst id="23">0.9244</dst>
      <dst id="8">1.4044</dst>
      <dst id="18">15.5467</dst>
      <dst id="4">2096.4267</dst>
      <dst id="1">136.9956</dst>
      <dst id="5">22.5600</dst>
      <dst id="3">46.0889</dst>
      <dst id="22">35.2622</dst>
      <dst id="7">131.9822</dst>
      <dst id="2">6703.2000</dst>
      <dst id="16">23.2978</dst>
      <dst id="20">1.7156</dst>
      <dst id="11">86.1600</dst>
      <dst id="9">468.8000</dst>
      <dst id="17">9029.0844</dst>
      <dst id="21">144.9600</dst>
    </src>
    <src id="20">
      <dst id="12">2184.8622</dst>
      <dst id="13">5270.8889</dst>
      <dst id="19">254.6133</dst>
      <dst id="23">294.3467</dst>
      <dst id="8">199.6978</dst>
      <dst id="18">100.6222</dst>
      <dst id="4">5066.8889</dst>
      <dst id="1">211.5022</dst>
      <dst id="5">814.1511</dst>
      <dst id="3">2334.4711</dst>
      <dst id="7">75.8044</dst>
      <dst id="2">3497.0933</dst>
      <dst id="6">26.8800</dst>
      <dst id="14">1.2444</dst>
      <dst id="11">3138.2667</dst>
      <dst id="9">1107.5822</dst>
      <dst id="17">836.9067</dst>
      <dst id="21">294.7733</dst>
    </src>
    <src id="11">
      <dst id="12">402141.6622</dst>
      <dst id="13">3259.0844</dst>
      <dst id="19">59.8133</dst>
      <dst id="23">9.5733</dst>
      <dst id="8">136.8356</dst>
      <dst id="18">83.3867</dst>
      <dst id="4">10298.7644</dst>
      <dst id="1">523.5467</dst>
      <dst id="5">1500.2044</dst>
      <dst id="3">288.5333</dst>
      <dst id="22">2619.2267</dst>
      <dst id="7">157.7422</dst>
      <dst id="2">168545.6978</dst>
      <dst id="6">3.7422</dst>
      <dst id="16">668.8000</dst>
      <dst id="14">78.3556</dst>
      <dst id="20">1337.9556</dst>
      <dst id="11">1358.1689</dst>
      <dst id="9">948.1689</dst>
      <dst id="17">161113.9822</dst>
      <dst id="21">415.7689</dst>
      <dst id="15">105.3956</dst>
    </src>
    <src id="9">
      <dst id="12">466961.0400</dst>
      <dst id="13">13644.8356</dst>
      <dst id="19">870.2756</dst>
      <dst id="23">44.0889</dst>
      <dst id="8">175.8667</dst>
      <dst id="18">32.5511</dst>
      <dst id="4">8868.9244</dst>
      <dst id="1">3010.9422</dst>
      <dst id="5">772.1778</dst>
      <dst id="3">96.1778</dst>
      <dst id="22">2641.7333</dst>
      <dst id="7">303.2800</dst>
      <dst id="2">192196.0622</dst>
      <dst id="6">13.6800</dst>
      <dst id="16">2057.1200</dst>
      <dst id="14">61.9733</dst>
      <dst id="20">919.2711</dst>
      <dst id="11">737.0667</dst>
      <dst id="9">317.8222</dst>
      <dst id="17">190982.5956</dst>
      <dst id="21">573.0133</dst>
      <dst id="15">1079.8044</dst>
    </src>
    <src id="17">
      <dst id="12">11788.7733</dst>
      <dst id="13">6236.5244</dst>
      <dst id="19">577.8311</dst>
      <dst id="23">75.5733</dst>
      <dst id="8">134277.8222</dst>
      <dst id="18">72.4533</dst>
      <dst id="4">27662.8800</dst>
      <dst id="1">3509.2622</dst>
      <dst id="5">227859.9111</dst>
      <dst id="3">4943.1822</dst>
      <dst id="22">2287.2978</dst>
      <dst id="7">4533.2356</dst>
      <dst id="2">15869.7956</dst>
      <dst id="6">805.5556</dst>
      <dst id="16">5353.8844</dst>
      <dst id="14">32398.1689</dst>
      <dst id="20">1336.2222</dst>
      <dst id="11">113736.3644</dst>
      <dst id="9">186597.0133</dst>
      <dst id="17">1756.6667</dst>
      <dst id="21">8570.0711</dst>
      <dst id="15">6650.6489</dst>
    </src>
    <src id="21">
      <dst id="12">13656.9511</dst>
      <dst id="13">1690.0800</dst>
      <dst id="19">363.6267</dst>
      <dst id="23">133.9556</dst>
      <dst id="8">91.3333</dst>
      <dst id="18">330.1600</dst>
      <dst id="4">10584.9333</dst>
      <dst id="1">1437.4756</dst>
      <dst id="5">593.9378</dst>
      <dst id="3">1004.9244</dst>
      <dst id="22">2430.6844</dst>
      <dst id="7">665.2267</dst>
      <dst id="2">5307.6622</dst>
      <dst id="6">31.9022</dst>
      <dst id="16">248.0978</dst>
      <dst id="14">61.8400</dst>
      <dst id="20">2467.5911</dst>
      <dst id="11">1732.9867</dst>
      <dst id="9">287.6178</dst>
      <dst id="17">4049.1556</dst>
      <dst id="21">296.4444</dst>
      <dst id="15">313.7067</dst>
    </src>
    <src id="15">
      <dst id="12">2284.9422</dst>
      <dst id="13">559.6889</dst>
      <dst id="19">0.8444</dst>
      <dst id="23">0.3378</dst>
      <dst id="8">140.3467</dst>
      <dst id="18">0.6400</dst>
      <dst id="4">4171.0933</dst>
      <dst id="1">396.7822</dst>
      <dst id="5">186.3911</dst>
      <dst id="3">22.5333</dst>
      <dst id="7">11.4578</dst>
      <dst id="2">72.6933</dst>
      <dst id="16">0.3022</dst>
      <dst id="11">210.1778</dst>
      <dst id="9">516.9422</dst>
      <dst id="17">324.4622</dst>
      <dst id="21">201.3956</dst>
    </src>
  </IntraTM>
</TrafficMatrixFile>
