<?xml version="1.0" encoding="UTF-8" standalone="yes"?>
<TrafficMatrixFile xmlns:xsi="http://www.w3.org/2001/XMLSchema-instance" xsi:noNamespaceSchemaLocation="http://totem.run.montefiore.ulg.ac.be/Schema/TrafficMatrix-v1_2.xsd">
  <info>
    <title>Intradomain traffic matrix generated by geant-TM-all.pl</title>
    <date>2005-01-03T09:45:00</date>
    <duration>900</duration>
    <author>Steve Uhlig</author>
    <units>
        <unit type="bandwidth" value="kbps"/>
    </units>
  </info>
  <IntraTM ASID="20965">
    <src id="12">
      <dst id="12">182639.4756</dst>
      <dst id="13">26352.2489</dst>
      <dst id="19">1235.3156</dst>
      <dst id="23">16684.1067</dst>
      <dst id="8">1542.7556</dst>
      <dst id="18">3497.7689</dst>
      <dst id="4">79974.5778</dst>
      <dst id="1">6107.0667</dst>
      <dst id="5">3679.3333</dst>
      <dst id="3">2120.4089</dst>
      <dst id="22">34348.4533</dst>
      <dst id="7">2721.6978</dst>
      <dst id="2">66804.7733</dst>
      <dst id="6">3.9200</dst>
      <dst id="16">7277.3422</dst>
      <dst id="14">185.1111</dst>
      <dst id="20">14315.8133</dst>
      <dst id="11">6350.2133</dst>
      <dst id="9">9167.8400</dst>
      <dst id="17">77765.6533</dst>
      <dst id="21">6754.0711</dst>
      <dst id="15">101.6533</dst>
    </src>
    <src id="13">
      <dst id="12">43341.5022</dst>
      <dst id="19">26794.9333</dst>
      <dst id="23">301.5200</dst>
      <dst id="8">2399.5378</dst>
      <dst id="18">2628.0089</dst>
      <dst id="4">1.4222</dst>
      <dst id="1">5002.2933</dst>
      <dst id="5">12687.3867</dst>
      <dst id="3">6039.0756</dst>
      <dst id="22">16775.0311</dst>
      <dst id="7">7352.6667</dst>
      <dst id="2">100020.6578</dst>
      <dst id="6">62.3022</dst>
      <dst id="16">6951.5200</dst>
      <dst id="14">1019.4222</dst>
      <dst id="20">11721.5556</dst>
      <dst id="11">9636.8267</dst>
      <dst id="9">10459.3867</dst>
      <dst id="17">40146.7200</dst>
      <dst id="21">19877.6267</dst>
      <dst id="15">1251.8667</dst>
    </src>
    <src id="19">
      <dst id="12">12056.6578</dst>
      <dst id="13">109.9289</dst>
      <dst id="23">5.9733</dst>
      <dst id="8">1933.3333</dst>
      <dst id="18">87.9111</dst>
      <dst id="4">20416.1422</dst>
      <dst id="1">504.1067</dst>
      <dst id="5">26.4800</dst>
      <dst id="22">191.9200</dst>
      <dst id="7">3221.2444</dst>
      <dst id="2">1064.6133</dst>
      <dst id="6">56.5689</dst>
      <dst id="16">5762.0267</dst>
      <dst id="14">1.7778</dst>
      <dst id="20">52.1333</dst>
      <dst id="11">16.4178</dst>
      <dst id="9">40.0000</dst>
      <dst id="17">151.7244</dst>
      <dst id="21">1083.4222</dst>
    </src>
    <src id="23">
      <dst id="12">518.1422</dst>
      <dst id="13">58.6844</dst>
      <dst id="8">1.3067</dst>
      <dst id="18">0.8356</dst>
      <dst id="4">110.5156</dst>
      <dst id="1">72.4356</dst>
      <dst id="3">64.2400</dst>
      <dst id="22">144.9156</dst>
      <dst id="7">4556.1867</dst>
      <dst id="2">534.3111</dst>
      <dst id="16">8.1867</dst>
      <dst id="14">0.3733</dst>
      <dst id="20">40.0000</dst>
      <dst id="11">40.5422</dst>
      <dst id="9">392.7111</dst>
      <dst id="17">65.1022</dst>
      <dst id="21">100.0533</dst>
    </src>
    <src id="8">
      <dst id="12">304687.6889</dst>
      <dst id="13">2739.9644</dst>
      <dst id="19">36.9867</dst>
      <dst id="18">13.3333</dst>
      <dst id="4">7490.6489</dst>
      <dst id="1">644.4000</dst>
      <dst id="5">1123.7333</dst>
      <dst id="3">84.4444</dst>
      <dst id="22">1400.2133</dst>
      <dst id="7">74.9156</dst>
      <dst id="2">122800.9778</dst>
      <dst id="16">345.9022</dst>
      <dst id="20">124.5600</dst>
      <dst id="11">437.7956</dst>
      <dst id="9">725.2800</dst>
      <dst id="17">109841.1733</dst>
      <dst id="21">4958.9867</dst>
      <dst id="15">724.8711</dst>
    </src>
    <src id="18">
      <dst id="12">100812.1689</dst>
      <dst id="13">1142.4444</dst>
      <dst id="19">1.1733</dst>
      <dst id="23">1.6356</dst>
      <dst id="8">0.3556</dst>
      <dst id="4">2479.4667</dst>
      <dst id="1">967.9378</dst>
      <dst id="5">530.5689</dst>
      <dst id="3">279.9289</dst>
      <dst id="22">70.4178</dst>
      <dst id="7">109.5111</dst>
      <dst id="2">38464.0356</dst>
      <dst id="16">24.0889</dst>
      <dst id="20">3.6178</dst>
      <dst id="11">400.3733</dst>
      <dst id="9">179.2444</dst>
      <dst id="17">39488.4000</dst>
      <dst id="21">1176.8356</dst>
      <dst id="15">0.7822</dst>
    </src>
    <src id="4">
      <dst id="12">9090.9067</dst>
      <dst id="19">8911.4222</dst>
      <dst id="8">2584.1067</dst>
      <dst id="18">4408.8444</dst>
      <dst id="1">16540.7733</dst>
      <dst id="5">2152.3556</dst>
      <dst id="3">68.4622</dst>
      <dst id="22">3032.4444</dst>
      <dst id="7">138258.3556</dst>
      <dst id="2">73821.9378</dst>
      <dst id="6">69.0756</dst>
      <dst id="16">1497.0133</dst>
      <dst id="14">1043.0222</dst>
      <dst id="20">1544.6667</dst>
      <dst id="11">2497.9822</dst>
      <dst id="9">4092.4267</dst>
      <dst id="17">86975.4311</dst>
      <dst id="21">4755.0489</dst>
      <dst id="15">138.1778</dst>
    </src>
    <src id="1">
      <dst id="12">19901.9556</dst>
      <dst id="13">704.7111</dst>
      <dst id="19">3.4044</dst>
      <dst id="23">75.5911</dst>
      <dst id="8">101164.6222</dst>
      <dst id="18">12408.8800</dst>
      <dst id="4">6737.5289</dst>
      <dst id="1">14511.7778</dst>
      <dst id="5">158296.3022</dst>
      <dst id="3">136.4000</dst>
      <dst id="22">1349.8844</dst>
      <dst id="7">719.2800</dst>
      <dst id="2">3095.4400</dst>
      <dst id="6">9872.3733</dst>
      <dst id="16">10255.2089</dst>
      <dst id="14">422.8711</dst>
      <dst id="20">64.9511</dst>
      <dst id="11">185.7778</dst>
      <dst id="9">161120.9600</dst>
      <dst id="17">2730.2311</dst>
      <dst id="21">3040.4711</dst>
      <dst id="15">1014.0889</dst>
    </src>
    <src id="5">
      <dst id="12">264095.2622</dst>
      <dst id="13">580.1956</dst>
      <dst id="19">691.6978</dst>
      <dst id="8">13333.2533</dst>
      <dst id="18">362.4711</dst>
      <dst id="4">6834.2844</dst>
      <dst id="1">140.1689</dst>
      <dst id="3">0.8178</dst>
      <dst id="22">2180.5778</dst>
      <dst id="7">165.0756</dst>
      <dst id="2">104251.3156</dst>
      <dst id="6">1.5111</dst>
      <dst id="16">222.0889</dst>
      <dst id="14">38.8178</dst>
      <dst id="20">1774.2756</dst>
      <dst id="11">2397.4044</dst>
      <dst id="9">900.3378</dst>
      <dst id="17">104999.5556</dst>
      <dst id="21">466.2311</dst>
      <dst id="15">51.8400</dst>
    </src>
    <src id="3">
      <dst id="12">12910.8889</dst>
      <dst id="13">470.6400</dst>
      <dst id="19">5511.0489</dst>
      <dst id="23">2331.3689</dst>
      <dst id="8">138.0089</dst>
      <dst id="18">65985.6267</dst>
      <dst id="4">25711.0044</dst>
      <dst id="1">13865.0133</dst>
      <dst id="5">247.4044</dst>
      <dst id="3">10775.7422</dst>
      <dst id="22">572.0089</dst>
      <dst id="7">244.3022</dst>
      <dst id="2">5861.2444</dst>
      <dst id="6">15.3156</dst>
      <dst id="16">1161.7689</dst>
      <dst id="14">22385.6800</dst>
      <dst id="20">41.0400</dst>
      <dst id="11">125534.0089</dst>
      <dst id="9">363.7067</dst>
      <dst id="17">2904.1778</dst>
      <dst id="21">5583.5467</dst>
      <dst id="15">72.2489</dst>
    </src>
    <src id="10">
      <dst id="12">14378.5956</dst>
      <dst id="19">2820.3111</dst>
      <dst id="8">585.9644</dst>
      <dst id="18">3873.7867</dst>
      <dst id="1">764.6667</dst>
      <dst id="5">672.7022</dst>
      <dst id="3">4563.9289</dst>
      <dst id="22">4451.4133</dst>
      <dst id="7">8699.8133</dst>
      <dst id="2">25230.2400</dst>
      <dst id="6">1.9644</dst>
      <dst id="16">3327.4933</dst>
      <dst id="14">2679.3867</dst>
      <dst id="20">923.7511</dst>
      <dst id="11">4750.0000</dst>
      <dst id="9">2843.7244</dst>
      <dst id="17">33713.4400</dst>
      <dst id="21">7629.5822</dst>
      <dst id="15">155.7511</dst>
    </src>
    <src id="22">
      <dst id="12">5635.4222</dst>
      <dst id="13">2521.1200</dst>
      <dst id="19">202.3822</dst>
      <dst id="23">986.8444</dst>
      <dst id="8">987.8844</dst>
      <dst id="18">509.0667</dst>
      <dst id="4">17930.2311</dst>
      <dst id="1">90.4089</dst>
      <dst id="5">2654.0444</dst>
      <dst id="3">614.5067</dst>
      <dst id="7">434.6489</dst>
      <dst id="2">3521.9822</dst>
      <dst id="6">2.4978</dst>
      <dst id="14">16.1333</dst>
      <dst id="11">2081.6178</dst>
      <dst id="9">8009.8489</dst>
      <dst id="17">3421.0044</dst>
      <dst id="21">6183.5289</dst>
    </src>
    <src id="7">
      <dst id="12">5481.3156</dst>
      <dst id="13">763.7600</dst>
      <dst id="19">33.9200</dst>
      <dst id="23">91.8044</dst>
      <dst id="8">422.4000</dst>
      <dst id="18">215.4756</dst>
      <dst id="4">11665.5378</dst>
      <dst id="1">3433.3156</dst>
      <dst id="5">1161.0933</dst>
      <dst id="3">343.3333</dst>
      <dst id="22">3796.7822</dst>
      <dst id="7">719.3244</dst>
      <dst id="2">6737.5289</dst>
      <dst id="6">0.3378</dst>
      <dst id="16">248.8356</dst>
      <dst id="14">108.5600</dst>
      <dst id="20">345.6444</dst>
      <dst id="11">1296.1511</dst>
      <dst id="9">1483.9556</dst>
      <dst id="17">14378.4978</dst>
      <dst id="21">3046.8444</dst>
      <dst id="15">356.5422</dst>
    </src>
    <src id="2">
      <dst id="12">60109.0489</dst>
      <dst id="13">516265.5467</dst>
      <dst id="19">259.3689</dst>
      <dst id="23">9.2444</dst>
      <dst id="8">2976.6756</dst>
      <dst id="18">63555.3067</dst>
      <dst id="4">99158.6844</dst>
      <dst id="1">19868.5244</dst>
      <dst id="5">1262.0089</dst>
      <dst id="3">15.8756</dst>
      <dst id="22">936.2489</dst>
      <dst id="7">2528.6756</dst>
      <dst id="2">622.6578</dst>
      <dst id="6">6577.1289</dst>
      <dst id="16">2669.7956</dst>
      <dst id="14">5333.1022</dst>
      <dst id="20">335.4578</dst>
      <dst id="11">3345.5378</dst>
      <dst id="9">1101.8667</dst>
      <dst id="17">35178.0356</dst>
      <dst id="21">7126.9600</dst>
      <dst id="15">6662.9156</dst>
    </src>
    <src id="6">
      <dst id="12">8754.9867</dst>
      <dst id="13">24.4622</dst>
      <dst id="19">1.7422</dst>
      <dst id="18">0.3378</dst>
      <dst id="4">1205.9111</dst>
      <dst id="1">2.6133</dst>
      <dst id="5">38.1422</dst>
      <dst id="3">13.4044</dst>
      <dst id="22">12.1778</dst>
      <dst id="7">0.3378</dst>
      <dst id="2">1850.4178</dst>
      <dst id="16">1.4222</dst>
      <dst id="11">0.9511</dst>
      <dst id="17">1648.0533</dst>
      <dst id="21">51.4844</dst>
    </src>
    <src id="16">
      <dst id="12">2850.9156</dst>
      <dst id="13">1470.0533</dst>
      <dst id="19">3523.1378</dst>
      <dst id="23">2.1689</dst>
      <dst id="8">1492.6667</dst>
      <dst id="18">16.4000</dst>
      <dst id="4">6301.6356</dst>
      <dst id="1">13615.5289</dst>
      <dst id="5">978.6222</dst>
      <dst id="7">3511.8844</dst>
      <dst id="2">2383.9111</dst>
      <dst id="6">38.2756</dst>
      <dst id="16">51.0667</dst>
      <dst id="14">295.5733</dst>
      <dst id="11">183.5822</dst>
      <dst id="9">1993.9289</dst>
      <dst id="17">1239.6356</dst>
      <dst id="21">3934.6044</dst>
    </src>
    <src id="14">
      <dst id="12">13000.1689</dst>
      <dst id="13">30.1689</dst>
      <dst id="19">15.9467</dst>
      <dst id="23">1.8044</dst>
      <dst id="8">1.2356</dst>
      <dst id="4">1301.6000</dst>
      <dst id="1">53.4933</dst>
      <dst id="5">15.0222</dst>
      <dst id="3">68.3289</dst>
      <dst id="22">11.4222</dst>
      <dst id="7">68.5867</dst>
      <dst id="2">4021.8311</dst>
      <dst id="16">43.6267</dst>
      <dst id="20">2.9867</dst>
      <dst id="11">27.8311</dst>
      <dst id="17">3630.5867</dst>
      <dst id="21">165.5822</dst>
    </src>
    <src id="20">
      <dst id="12">3963.5022</dst>
      <dst id="13">8609.7156</dst>
      <dst id="19">1402.1689</dst>
      <dst id="8">130.1956</dst>
      <dst id="18">2.1867</dst>
      <dst id="4">12675.0756</dst>
      <dst id="1">39.4311</dst>
      <dst id="5">597.9200</dst>
      <dst id="3">174.7200</dst>
      <dst id="7">81.2267</dst>
      <dst id="2">1698.8000</dst>
      <dst id="6">0.3556</dst>
      <dst id="14">2.5422</dst>
      <dst id="11">771.2444</dst>
      <dst id="9">3435.9644</dst>
      <dst id="17">1643.4844</dst>
      <dst id="21">564.0178</dst>
    </src>
    <src id="11">
      <dst id="12">376446.0000</dst>
      <dst id="13">2592.4444</dst>
      <dst id="19">42.7022</dst>
      <dst id="23">1.7422</dst>
      <dst id="8">394.1867</dst>
      <dst id="18">242.9689</dst>
      <dst id="4">10912.1156</dst>
      <dst id="1">308.1333</dst>
      <dst id="5">1200.2133</dst>
      <dst id="3">301.6800</dst>
      <dst id="22">1778.4533</dst>
      <dst id="7">541.7956</dst>
      <dst id="2">150130.9156</dst>
      <dst id="6">43.1111</dst>
      <dst id="16">172.5600</dst>
      <dst id="14">34.8622</dst>
      <dst id="20">825.9822</dst>
      <dst id="11">1164.0178</dst>
      <dst id="9">2393.0489</dst>
      <dst id="17">184004.6756</dst>
      <dst id="21">2187.4133</dst>
      <dst id="15">27.3156</dst>
    </src>
    <src id="9">
      <dst id="12">366815.2000</dst>
      <dst id="13">6086.8889</dst>
      <dst id="19">0.4622</dst>
      <dst id="23">16.1778</dst>
      <dst id="8">2590.4889</dst>
      <dst id="18">1401.3422</dst>
      <dst id="4">9394.0889</dst>
      <dst id="1">774.8978</dst>
      <dst id="5">1680.7200</dst>
      <dst id="22">7206.6222</dst>
      <dst id="7">618.6756</dst>
      <dst id="2">126684.1156</dst>
      <dst id="16">590.3556</dst>
      <dst id="14">0.3556</dst>
      <dst id="20">1419.5644</dst>
      <dst id="11">744.6756</dst>
      <dst id="9">59.4578</dst>
      <dst id="17">168543.4311</dst>
      <dst id="21">1011.8311</dst>
      <dst id="15">538.2933</dst>
    </src>
    <src id="17">
      <dst id="12">5615.1378</dst>
      <dst id="13">5343.9022</dst>
      <dst id="19">189.2622</dst>
      <dst id="23">167.3333</dst>
      <dst id="8">121036.4267</dst>
      <dst id="18">3145.5911</dst>
      <dst id="4">174746.0267</dst>
      <dst id="1">2084.6044</dst>
      <dst id="5">142674.6222</dst>
      <dst id="3">5492.1689</dst>
      <dst id="22">3951.4311</dst>
      <dst id="7">4417.6089</dst>
      <dst id="2">27229.3956</dst>
      <dst id="6">148.5689</dst>
      <dst id="16">11029.7956</dst>
      <dst id="14">16498.9067</dst>
      <dst id="20">545.3511</dst>
      <dst id="11">100152.5156</dst>
      <dst id="9">130414.9422</dst>
      <dst id="17">1398.3822</dst>
      <dst id="21">4491.9733</dst>
      <dst id="15">500.7289</dst>
    </src>
    <src id="21">
      <dst id="12">18943.9200</dst>
      <dst id="13">473.2800</dst>
      <dst id="19">107.3778</dst>
      <dst id="23">83.2356</dst>
      <dst id="8">287.6533</dst>
      <dst id="18">3520.5511</dst>
      <dst id="4">21225.2267</dst>
      <dst id="1">1035.9733</dst>
      <dst id="5">261.1378</dst>
      <dst id="3">799.3600</dst>
      <dst id="22">1570.6311</dst>
      <dst id="7">3738.9333</dst>
      <dst id="2">8035.4844</dst>
      <dst id="6">9.0044</dst>
      <dst id="16">316.9511</dst>
      <dst id="14">63.3244</dst>
      <dst id="20">253.8933</dst>
      <dst id="11">781.4044</dst>
      <dst id="9">988.5333</dst>
      <dst id="17">4316.8444</dst>
      <dst id="21">2940.5156</dst>
      <dst id="15">10.6044</dst>
    </src>
    <src id="15">
      <dst id="12">218.5867</dst>
      <dst id="13">286.3111</dst>
      <dst id="19">3.2267</dst>
      <dst id="8">137.2533</dst>
      <dst id="18">0.9244</dst>
      <dst id="4">4229.8400</dst>
      <dst id="1">758.3378</dst>
      <dst id="5">347.1111</dst>
      <dst id="3">12.9156</dst>
      <dst id="7">73.0222</dst>
      <dst id="2">602.5156</dst>
      <dst id="11">33.0133</dst>
      <dst id="9">1229.3778</dst>
      <dst id="17">3926.1956</dst>
      <dst id="21">298.9511</dst>
    </src>
  </IntraTM>
</TrafficMatrixFile>
