<?xml version="1.0" encoding="UTF-8" standalone="yes"?>
<TrafficMatrixFile xmlns:xsi="http://www.w3.org/2001/XMLSchema-instance" xsi:noNamespaceSchemaLocation="http://totem.run.montefiore.ulg.ac.be/Schema/TrafficMatrix-v1_2.xsd">
  <info>
    <title>Intradomain traffic matrix generated by geant-TM-all.pl</title>
    <date>2005-01-01T07:15:00</date>
    <duration>900</duration>
    <author>Steve Uhlig</author>
    <units>
        <unit type="bandwidth" value="kbps"/>
    </units>
  </info>
  <IntraTM ASID="20965">
    <src id="12">
      <dst id="12">278256.3111</dst>
      <dst id="13">31863.6622</dst>
      <dst id="19">4532.4444</dst>
      <dst id="23">171.6267</dst>
      <dst id="8">4093.5289</dst>
      <dst id="18">732.0444</dst>
      <dst id="4">146567.1289</dst>
      <dst id="1">19589.4756</dst>
      <dst id="5">13876.2578</dst>
      <dst id="3">6584.1867</dst>
      <dst id="22">22677.6533</dst>
      <dst id="7">11500.2044</dst>
      <dst id="2">90190.5778</dst>
      <dst id="6">230.6133</dst>
      <dst id="16">5722.4889</dst>
      <dst id="14">738.6133</dst>
      <dst id="20">10323.8311</dst>
      <dst id="11">3384.7022</dst>
      <dst id="9">15493.4222</dst>
      <dst id="17">67693.7244</dst>
      <dst id="21">15016.2133</dst>
      <dst id="15">3453.7511</dst>
    </src>
    <src id="13">
      <dst id="12">65222.6133</dst>
      <dst id="19">18293.2978</dst>
      <dst id="23">234.7822</dst>
      <dst id="8">4282.7911</dst>
      <dst id="18">3921.5911</dst>
      <dst id="4">1.0667</dst>
      <dst id="1">3520.9511</dst>
      <dst id="5">7195.7422</dst>
      <dst id="3">9682.6756</dst>
      <dst id="22">23049.1822</dst>
      <dst id="7">11085.9111</dst>
      <dst id="2">121720.8800</dst>
      <dst id="6">104.2133</dst>
      <dst id="16">13181.6444</dst>
      <dst id="14">2132.4889</dst>
      <dst id="20">11004.4267</dst>
      <dst id="11">18480.2311</dst>
      <dst id="9">22259.0133</dst>
      <dst id="17">79851.3422</dst>
      <dst id="21">19700.6222</dst>
      <dst id="15">6416.2400</dst>
    </src>
    <src id="19">
      <dst id="12">14565.9111</dst>
      <dst id="13">9257.6978</dst>
      <dst id="23">26.6667</dst>
      <dst id="8">15.0044</dst>
      <dst id="18">10.6933</dst>
      <dst id="4">21687.5289</dst>
      <dst id="1">98.1422</dst>
      <dst id="5">0.8889</dst>
      <dst id="3">584.6400</dst>
      <dst id="22">93.9556</dst>
      <dst id="7">3103.8933</dst>
      <dst id="2">1264.0356</dst>
      <dst id="6">85.3956</dst>
      <dst id="16">10035.4044</dst>
      <dst id="14">2.7378</dst>
      <dst id="20">58.3378</dst>
      <dst id="11">680.7733</dst>
      <dst id="9">157.6533</dst>
      <dst id="17">560.5867</dst>
      <dst id="21">326.3822</dst>
      <dst id="15">2.4178</dst>
    </src>
    <src id="23">
      <dst id="12">1365.4489</dst>
      <dst id="13">180.8178</dst>
      <dst id="19">1.3956</dst>
      <dst id="8">13.7956</dst>
      <dst id="18">38.6489</dst>
      <dst id="4">156.8178</dst>
      <dst id="1">55.3156</dst>
      <dst id="5">166.4444</dst>
      <dst id="3">106.1689</dst>
      <dst id="22">4.8444</dst>
      <dst id="7">189.5467</dst>
      <dst id="2">61.6978</dst>
      <dst id="16">938.1600</dst>
      <dst id="14">12.6222</dst>
      <dst id="20">26.6667</dst>
      <dst id="11">8004.6133</dst>
      <dst id="9">612.8800</dst>
      <dst id="17">232.6756</dst>
      <dst id="21">859.6267</dst>
      <dst id="15">27.0044</dst>
    </src>
    <src id="8">
      <dst id="12">382931.1733</dst>
      <dst id="13">555.6444</dst>
      <dst id="19">9.8133</dst>
      <dst id="23">66.3111</dst>
      <dst id="18">461.0222</dst>
      <dst id="4">12257.1556</dst>
      <dst id="1">67.5911</dst>
      <dst id="5">1416.8800</dst>
      <dst id="3">29.7778</dst>
      <dst id="22">1162.1956</dst>
      <dst id="7">88.3733</dst>
      <dst id="2">139955.3778</dst>
      <dst id="16">642.0356</dst>
      <dst id="20">392.6489</dst>
      <dst id="11">351.7600</dst>
      <dst id="9">239.6800</dst>
      <dst id="17">79205.6000</dst>
      <dst id="21">94.0000</dst>
      <dst id="15">41.5378</dst>
    </src>
    <src id="18">
      <dst id="12">139711.7511</dst>
      <dst id="13">66.8622</dst>
      <dst id="19">12.9067</dst>
      <dst id="23">1.9556</dst>
      <dst id="8">24.9867</dst>
      <dst id="4">3638.9956</dst>
      <dst id="1">834.9067</dst>
      <dst id="5">397.7778</dst>
      <dst id="3">23.2089</dst>
      <dst id="22">698.1244</dst>
      <dst id="7">22.6667</dst>
      <dst id="2">43601.7422</dst>
      <dst id="16">48.0622</dst>
      <dst id="14">1.1556</dst>
      <dst id="20">40.6667</dst>
      <dst id="11">135.5467</dst>
      <dst id="9">326.8978</dst>
      <dst id="17">32474.2578</dst>
      <dst id="21">468.7022</dst>
      <dst id="15">6.8533</dst>
    </src>
    <src id="4">
      <dst id="12">66890.2311</dst>
      <dst id="19">12308.3644</dst>
      <dst id="23">0.4622</dst>
      <dst id="8">1064.0978</dst>
      <dst id="18">1221.7156</dst>
      <dst id="4">2.8444</dst>
      <dst id="1">2166.2933</dst>
      <dst id="5">2665.1022</dst>
      <dst id="3">11542.4178</dst>
      <dst id="22">7215.7244</dst>
      <dst id="7">63001.7511</dst>
      <dst id="2">59845.7511</dst>
      <dst id="6">19.9022</dst>
      <dst id="16">1254.9956</dst>
      <dst id="14">2129.4044</dst>
      <dst id="20">3095.2178</dst>
      <dst id="11">7761.7600</dst>
      <dst id="9">2244.6489</dst>
      <dst id="17">61686.2311</dst>
      <dst id="21">8818.8444</dst>
      <dst id="15">2098.3733</dst>
    </src>
    <src id="1">
      <dst id="12">16867.6267</dst>
      <dst id="13">911.0133</dst>
      <dst id="19">2771.3067</dst>
      <dst id="23">52.0000</dst>
      <dst id="8">122718.3111</dst>
      <dst id="18">12859.1289</dst>
      <dst id="4">10180.3822</dst>
      <dst id="1">45.4222</dst>
      <dst id="5">225734.4178</dst>
      <dst id="3">44164.5067</dst>
      <dst id="22">3672.5067</dst>
      <dst id="7">13937.1556</dst>
      <dst id="2">1784.6400</dst>
      <dst id="6">10184.3022</dst>
      <dst id="16">13825.0044</dst>
      <dst id="14">77.5822</dst>
      <dst id="20">482.8978</dst>
      <dst id="11">1571.4133</dst>
      <dst id="9">232098.2044</dst>
      <dst id="17">3650.1956</dst>
      <dst id="21">13279.9822</dst>
      <dst id="15">163.0667</dst>
    </src>
    <src id="5">
      <dst id="12">396019.9022</dst>
      <dst id="13">624.7022</dst>
      <dst id="19">6.2667</dst>
      <dst id="23">192.6933</dst>
      <dst id="8">1948.0711</dst>
      <dst id="18">190.2133</dst>
      <dst id="4">8446.5244</dst>
      <dst id="1">465.1911</dst>
      <dst id="3">331.5200</dst>
      <dst id="22">6566.8356</dst>
      <dst id="7">1591.0311</dst>
      <dst id="2">172554.3556</dst>
      <dst id="16">546.2133</dst>
      <dst id="14">210.7022</dst>
      <dst id="20">2583.9200</dst>
      <dst id="11">1946.5422</dst>
      <dst id="9">2715.4222</dst>
      <dst id="17">89650.8889</dst>
      <dst id="21">788.9067</dst>
      <dst id="15">506.3911</dst>
    </src>
    <src id="3">
      <dst id="12">9122.8533</dst>
      <dst id="13">1154.4444</dst>
      <dst id="19">1310.1422</dst>
      <dst id="23">15.6444</dst>
      <dst id="8">214.8089</dst>
      <dst id="18">89404.9156</dst>
      <dst id="4">54414.4889</dst>
      <dst id="1">19154.9956</dst>
      <dst id="5">368.4711</dst>
      <dst id="3">13110.8267</dst>
      <dst id="22">971.3689</dst>
      <dst id="7">1836.5067</dst>
      <dst id="2">4248.4622</dst>
      <dst id="16">1609.9733</dst>
      <dst id="14">28091.9644</dst>
      <dst id="20">6394.7111</dst>
      <dst id="11">162709.7244</dst>
      <dst id="9">2643.5822</dst>
      <dst id="17">13369.9289</dst>
      <dst id="21">11142.7822</dst>
      <dst id="15">54.7200</dst>
    </src>
    <src id="10">
      <dst id="12">20901.1556</dst>
      <dst id="19">949.2178</dst>
      <dst id="8">2911.0044</dst>
      <dst id="18">5735.4133</dst>
      <dst id="1">440.2400</dst>
      <dst id="5">1223.6444</dst>
      <dst id="3">2031.1111</dst>
      <dst id="22">9503.0222</dst>
      <dst id="7">9113.9644</dst>
      <dst id="2">22794.1244</dst>
      <dst id="6">15.5644</dst>
      <dst id="16">8011.7689</dst>
      <dst id="14">1171.3156</dst>
      <dst id="20">4709.3956</dst>
      <dst id="11">6067.8311</dst>
      <dst id="9">5581.9911</dst>
      <dst id="17">33657.4933</dst>
      <dst id="21">19996.9422</dst>
      <dst id="15">1035.4933</dst>
    </src>
    <src id="22">
      <dst id="12">11962.1333</dst>
      <dst id="13">1901.7867</dst>
      <dst id="19">192.1067</dst>
      <dst id="23">1.1289</dst>
      <dst id="8">1933.8489</dst>
      <dst id="18">1958.6844</dst>
      <dst id="4">24539.7067</dst>
      <dst id="1">445.9200</dst>
      <dst id="5">7558.6311</dst>
      <dst id="3">952.0267</dst>
      <dst id="7">959.5733</dst>
      <dst id="2">4345.1200</dst>
      <dst id="6">30.9867</dst>
      <dst id="16">15.6889</dst>
      <dst id="14">185.9733</dst>
      <dst id="11">4828.4889</dst>
      <dst id="9">5223.1200</dst>
      <dst id="17">5656.2311</dst>
      <dst id="21">858.0800</dst>
    </src>
    <src id="7">
      <dst id="12">4314.7556</dst>
      <dst id="13">537.1556</dst>
      <dst id="19">248.8800</dst>
      <dst id="23">104.8889</dst>
      <dst id="8">2681.3422</dst>
      <dst id="18">2656.0356</dst>
      <dst id="4">42886.0978</dst>
      <dst id="1">1213.5022</dst>
      <dst id="5">851.4044</dst>
      <dst id="3">1092.1778</dst>
      <dst id="22">4674.5333</dst>
      <dst id="7">793.3511</dst>
      <dst id="2">5358.0889</dst>
      <dst id="6">83.2533</dst>
      <dst id="16">875.1822</dst>
      <dst id="14">198.3378</dst>
      <dst id="20">905.3689</dst>
      <dst id="11">664.1956</dst>
      <dst id="9">1094.9244</dst>
      <dst id="17">9665.2444</dst>
      <dst id="21">4647.8044</dst>
      <dst id="15">264.3556</dst>
    </src>
    <src id="2">
      <dst id="12">116529.2800</dst>
      <dst id="13">22914.8267</dst>
      <dst id="19">2014.4622</dst>
      <dst id="23">1.9467</dst>
      <dst id="8">429.6889</dst>
      <dst id="18">82663.7689</dst>
      <dst id="4">120963.6089</dst>
      <dst id="1">967.9289</dst>
      <dst id="5">4741.2889</dst>
      <dst id="3">1035.6800</dst>
      <dst id="22">3836.3111</dst>
      <dst id="7">2010.4978</dst>
      <dst id="2">399.8844</dst>
      <dst id="6">6177.9644</dst>
      <dst id="16">11290.3289</dst>
      <dst id="14">220.7289</dst>
      <dst id="20">2169.2533</dst>
      <dst id="11">2763.4844</dst>
      <dst id="9">928.2044</dst>
      <dst id="17">36266.6578</dst>
      <dst id="21">5469.0844</dst>
      <dst id="15">289.5822</dst>
    </src>
    <src id="6">
      <dst id="12">10450.9244</dst>
      <dst id="13">2.8800</dst>
      <dst id="19">14.0889</dst>
      <dst id="23">0.6756</dst>
      <dst id="4">109.4578</dst>
      <dst id="1">0.7644</dst>
      <dst id="5">0.3733</dst>
      <dst id="3">0.4267</dst>
      <dst id="22">14.1956</dst>
      <dst id="7">51.8844</dst>
      <dst id="2">1866.7822</dst>
      <dst id="16">0.7111</dst>
      <dst id="9">78.7378</dst>
      <dst id="17">1461.7422</dst>
      <dst id="21">11.8222</dst>
      <dst id="15">0.3378</dst>
    </src>
    <src id="16">
      <dst id="12">3795.1644</dst>
      <dst id="13">440.1067</dst>
      <dst id="19">3624.2667</dst>
      <dst id="23">26.9156</dst>
      <dst id="8">4457.6711</dst>
      <dst id="18">73.5556</dst>
      <dst id="4">7170.4444</dst>
      <dst id="1">20895.3956</dst>
      <dst id="5">4457.9822</dst>
      <dst id="3">774.3111</dst>
      <dst id="7">2370.6044</dst>
      <dst id="2">2158.2400</dst>
      <dst id="6">0.5511</dst>
      <dst id="16">41.8578</dst>
      <dst id="14">13.0933</dst>
      <dst id="11">463.4933</dst>
      <dst id="9">6742.5689</dst>
      <dst id="17">2945.6889</dst>
      <dst id="21">235.5200</dst>
    </src>
    <src id="14">
      <dst id="12">20290.1511</dst>
      <dst id="13">146.6311</dst>
      <dst id="19">7.4667</dst>
      <dst id="8">0.3556</dst>
      <dst id="18">0.4622</dst>
      <dst id="4">2969.1822</dst>
      <dst id="1">78.2667</dst>
      <dst id="5">7.6800</dst>
      <dst id="3">69.8133</dst>
      <dst id="22">624.2933</dst>
      <dst id="7">68.0711</dst>
      <dst id="2">5602.7822</dst>
      <dst id="16">4.7378</dst>
      <dst id="11">26.2844</dst>
      <dst id="9">17.4222</dst>
      <dst id="17">5346.1333</dst>
      <dst id="21">134.9600</dst>
      <dst id="15">1.0222</dst>
    </src>
    <src id="20">
      <dst id="12">4061.2711</dst>
      <dst id="13">1755.8578</dst>
      <dst id="19">50.9156</dst>
      <dst id="23">1.2800</dst>
      <dst id="8">158.7022</dst>
      <dst id="18">55.4133</dst>
      <dst id="4">13810.1511</dst>
      <dst id="1">96.0356</dst>
      <dst id="5">1872.8089</dst>
      <dst id="3">481.7600</dst>
      <dst id="7">679.1467</dst>
      <dst id="2">6281.0311</dst>
      <dst id="6">0.7111</dst>
      <dst id="11">1230.2400</dst>
      <dst id="9">1875.3333</dst>
      <dst id="17">3832.3733</dst>
      <dst id="21">866.7022</dst>
    </src>
    <src id="11">
      <dst id="12">441581.3689</dst>
      <dst id="13">3511.8756</dst>
      <dst id="19">247.3422</dst>
      <dst id="23">217.4933</dst>
      <dst id="8">104.6489</dst>
      <dst id="18">20.5778</dst>
      <dst id="4">19548.2933</dst>
      <dst id="1">641.0311</dst>
      <dst id="5">549.2000</dst>
      <dst id="3">2327.5733</dst>
      <dst id="22">5717.6444</dst>
      <dst id="7">347.5378</dst>
      <dst id="2">172310.0711</dst>
      <dst id="6">0.7111</dst>
      <dst id="16">1095.6711</dst>
      <dst id="14">25.6533</dst>
      <dst id="20">2797.7511</dst>
      <dst id="11">1808.3822</dst>
      <dst id="9">1405.9111</dst>
      <dst id="17">97293.4400</dst>
      <dst id="21">1039.0222</dst>
      <dst id="15">222.7822</dst>
    </src>
    <src id="9">
      <dst id="12">532283.2533</dst>
      <dst id="13">23785.4311</dst>
      <dst id="19">715.3422</dst>
      <dst id="23">55.1467</dst>
      <dst id="8">581.5644</dst>
      <dst id="18">549.6444</dst>
      <dst id="4">14025.2711</dst>
      <dst id="1">108.8533</dst>
      <dst id="5">1499.6889</dst>
      <dst id="3">252.2222</dst>
      <dst id="22">2169.8400</dst>
      <dst id="7">164.7467</dst>
      <dst id="2">161268.7289</dst>
      <dst id="6">1.6711</dst>
      <dst id="16">1048.0622</dst>
      <dst id="14">6.0178</dst>
      <dst id="20">5081.0667</dst>
      <dst id="11">380.0800</dst>
      <dst id="9">5418.5067</dst>
      <dst id="17">128733.6533</dst>
      <dst id="21">403.0667</dst>
      <dst id="15">677.9111</dst>
    </src>
    <src id="17">
      <dst id="12">8639.9644</dst>
      <dst id="13">3124.1956</dst>
      <dst id="19">15710.0444</dst>
      <dst id="23">35.8578</dst>
      <dst id="8">144060.6667</dst>
      <dst id="18">1161.3867</dst>
      <dst id="4">91802.2933</dst>
      <dst id="1">756.8356</dst>
      <dst id="5">209594.5511</dst>
      <dst id="3">22958.2578</dst>
      <dst id="22">8493.8756</dst>
      <dst id="7">17094.3556</dst>
      <dst id="2">9322.2844</dst>
      <dst id="6">8.5867</dst>
      <dst id="16">8645.6178</dst>
      <dst id="14">27721.7600</dst>
      <dst id="20">1635.3067</dst>
      <dst id="11">112487.0400</dst>
      <dst id="9">200911.5378</dst>
      <dst id="17">1424.3022</dst>
      <dst id="21">8530.2311</dst>
      <dst id="15">168.3467</dst>
    </src>
    <src id="21">
      <dst id="12">23661.6267</dst>
      <dst id="13">1262.4178</dst>
      <dst id="19">281.6533</dst>
      <dst id="23">51.2000</dst>
      <dst id="8">49.8311</dst>
      <dst id="18">826.0267</dst>
      <dst id="4">31175.6622</dst>
      <dst id="1">1578.9511</dst>
      <dst id="5">526.6933</dst>
      <dst id="3">899.6622</dst>
      <dst id="22">1695.7156</dst>
      <dst id="7">943.5911</dst>
      <dst id="2">12457.2533</dst>
      <dst id="6">0.8178</dst>
      <dst id="16">239.1022</dst>
      <dst id="14">211.8133</dst>
      <dst id="20">420.8889</dst>
      <dst id="11">13289.9200</dst>
      <dst id="9">544.1689</dst>
      <dst id="17">3928.0356</dst>
      <dst id="21">3390.1422</dst>
      <dst id="15">146.8622</dst>
    </src>
    <src id="15">
      <dst id="12">1081.9644</dst>
      <dst id="13">1357.0844</dst>
      <dst id="19">0.4622</dst>
      <dst id="23">0.4622</dst>
      <dst id="8">63.6089</dst>
      <dst id="18">93.2978</dst>
      <dst id="4">7869.2000</dst>
      <dst id="1">62.7644</dst>
      <dst id="5">729.7244</dst>
      <dst id="3">791.8844</dst>
      <dst id="7">17.9022</dst>
      <dst id="2">498.4533</dst>
      <dst id="11">65.2444</dst>
      <dst id="9">582.2756</dst>
      <dst id="17">3479.9200</dst>
      <dst id="21">324.8356</dst>
    </src>
  </IntraTM>
</TrafficMatrixFile>
