<?xml version="1.0" encoding="UTF-8" standalone="yes"?>
<TrafficMatrixFile xmlns:xsi="http://www.w3.org/2001/XMLSchema-instance" xsi:noNamespaceSchemaLocation="http://totem.run.montefiore.ulg.ac.be/Schema/TrafficMatrix-v1_2.xsd">
  <info>
    <title>Intradomain traffic matrix generated by geant-TM-all.pl</title>
    <date>2005-01-01T21:00:00</date>
    <duration>900</duration>
    <author>Steve Uhlig</author>
    <units>
        <unit type="bandwidth" value="kbps"/>
    </units>
  </info>
  <IntraTM ASID="20965">
    <src id="12">
      <dst id="12">388941.2711</dst>
      <dst id="13">23721.7778</dst>
      <dst id="19">6135.5556</dst>
      <dst id="23">722.9333</dst>
      <dst id="8">5088.0267</dst>
      <dst id="18">1644.1156</dst>
      <dst id="4">83187.6711</dst>
      <dst id="1">7265.4133</dst>
      <dst id="5">6015.2000</dst>
      <dst id="3">11543.2889</dst>
      <dst id="22">42662.3556</dst>
      <dst id="7">3112.4267</dst>
      <dst id="2">95613.2267</dst>
      <dst id="6">441.2000</dst>
      <dst id="16">8593.3689</dst>
      <dst id="14">2899.1111</dst>
      <dst id="20">12219.8756</dst>
      <dst id="11">9434.6133</dst>
      <dst id="9">42992.9333</dst>
      <dst id="17">89127.0044</dst>
      <dst id="21">19181.1556</dst>
      <dst id="15">8259.0044</dst>
    </src>
    <src id="13">
      <dst id="12">68998.2933</dst>
      <dst id="19">10188.9333</dst>
      <dst id="23">694.4444</dst>
      <dst id="8">6180.1422</dst>
      <dst id="18">6161.7333</dst>
      <dst id="1">6547.7956</dst>
      <dst id="5">12536.9333</dst>
      <dst id="3">32295.4667</dst>
      <dst id="22">40341.0489</dst>
      <dst id="7">15973.9289</dst>
      <dst id="2">138588.2489</dst>
      <dst id="6">178.4622</dst>
      <dst id="16">7541.9733</dst>
      <dst id="14">3868.4444</dst>
      <dst id="20">26255.0044</dst>
      <dst id="11">23850.6756</dst>
      <dst id="9">21146.7200</dst>
      <dst id="17">55329.0844</dst>
      <dst id="21">25471.2800</dst>
      <dst id="15">11367.1022</dst>
    </src>
    <src id="19">
      <dst id="12">17586.3822</dst>
      <dst id="13">7089.4489</dst>
      <dst id="23">2.0267</dst>
      <dst id="8">461.2533</dst>
      <dst id="18">66.9956</dst>
      <dst id="4">18258.3644</dst>
      <dst id="1">154.4711</dst>
      <dst id="5">3.9200</dst>
      <dst id="3">4310.2756</dst>
      <dst id="22">4163.0044</dst>
      <dst id="7">4958.0267</dst>
      <dst id="2">1063.2356</dst>
      <dst id="6">26.3467</dst>
      <dst id="16">8057.2889</dst>
      <dst id="14">74.2400</dst>
      <dst id="20">100.7556</dst>
      <dst id="11">639.3867</dst>
      <dst id="9">4464.0711</dst>
      <dst id="17">5245.2356</dst>
      <dst id="21">4213.2444</dst>
      <dst id="15">463.1556</dst>
    </src>
    <src id="23">
      <dst id="12">934.7111</dst>
      <dst id="13">504.8089</dst>
      <dst id="19">1.1022</dst>
      <dst id="8">287.8578</dst>
      <dst id="18">95.9200</dst>
      <dst id="4">40.8000</dst>
      <dst id="1">97.2622</dst>
      <dst id="5">37.3689</dst>
      <dst id="3">676.8444</dst>
      <dst id="22">493.8578</dst>
      <dst id="7">238.0978</dst>
      <dst id="2">65.3422</dst>
      <dst id="6">39.7156</dst>
      <dst id="16">22.3911</dst>
      <dst id="14">920.0533</dst>
      <dst id="20">2044.3111</dst>
      <dst id="11">135.7778</dst>
      <dst id="9">79.5111</dst>
      <dst id="17">391.0044</dst>
      <dst id="21">717.6622</dst>
      <dst id="15">14.2400</dst>
    </src>
    <src id="8">
      <dst id="12">441764.1333</dst>
      <dst id="13">2100.2400</dst>
      <dst id="19">20.9778</dst>
      <dst id="23">240.8533</dst>
      <dst id="18">59.2622</dst>
      <dst id="4">10367.3067</dst>
      <dst id="1">216.8000</dst>
      <dst id="5">1820.8978</dst>
      <dst id="3">504.4889</dst>
      <dst id="22">2549.0667</dst>
      <dst id="7">70.2044</dst>
      <dst id="2">164791.2711</dst>
      <dst id="6">1.3422</dst>
      <dst id="16">688.9422</dst>
      <dst id="14">44.5867</dst>
      <dst id="20">576.7822</dst>
      <dst id="11">1976.1689</dst>
      <dst id="9">1808.4800</dst>
      <dst id="17">102040.0533</dst>
      <dst id="21">5671.4578</dst>
      <dst id="15">497.0044</dst>
    </src>
    <src id="18">
      <dst id="12">163829.0578</dst>
      <dst id="13">206.8622</dst>
      <dst id="19">892.7644</dst>
      <dst id="23">150.4978</dst>
      <dst id="8">139.6978</dst>
      <dst id="4">1327.5556</dst>
      <dst id="1">931.3511</dst>
      <dst id="5">237.1111</dst>
      <dst id="3">301.4311</dst>
      <dst id="22">406.1244</dst>
      <dst id="7">196.4444</dst>
      <dst id="2">49897.3511</dst>
      <dst id="16">34.7822</dst>
      <dst id="14">4.0533</dst>
      <dst id="20">44.2756</dst>
      <dst id="11">217.8756</dst>
      <dst id="9">1248.2133</dst>
      <dst id="17">36232.5778</dst>
      <dst id="21">1891.5467</dst>
      <dst id="15">176.2222</dst>
    </src>
    <src id="4">
      <dst id="12">16414.7289</dst>
      <dst id="19">10757.9111</dst>
      <dst id="8">3105.3511</dst>
      <dst id="18">3125.0222</dst>
      <dst id="4">1.0578</dst>
      <dst id="1">9429.9644</dst>
      <dst id="5">2528.1600</dst>
      <dst id="3">37282.7644</dst>
      <dst id="22">10012.6044</dst>
      <dst id="7">23183.5822</dst>
      <dst id="2">89970.1156</dst>
      <dst id="6">39.2978</dst>
      <dst id="16">2034.4711</dst>
      <dst id="14">4250.7733</dst>
      <dst id="20">7066.2222</dst>
      <dst id="11">10395.0400</dst>
      <dst id="9">8828.8800</dst>
      <dst id="17">25955.7689</dst>
      <dst id="21">21396.0444</dst>
      <dst id="15">1518.0444</dst>
    </src>
    <src id="1">
      <dst id="12">22548.2222</dst>
      <dst id="13">1211.4578</dst>
      <dst id="19">56.4089</dst>
      <dst id="23">62.3378</dst>
      <dst id="8">243606.1956</dst>
      <dst id="18">15664.8978</dst>
      <dst id="4">8206.4800</dst>
      <dst id="1">52.7378</dst>
      <dst id="5">302549.0044</dst>
      <dst id="3">35597.9733</dst>
      <dst id="22">13804.5867</dst>
      <dst id="7">7631.7689</dst>
      <dst id="2">13839.2000</dst>
      <dst id="6">9471.7511</dst>
      <dst id="16">12849.1556</dst>
      <dst id="14">808.7911</dst>
      <dst id="20">546.3733</dst>
      <dst id="11">1766.9156</dst>
      <dst id="9">473396.1244</dst>
      <dst id="17">2218.3556</dst>
      <dst id="21">27645.3867</dst>
      <dst id="15">640.3556</dst>
    </src>
    <src id="5">
      <dst id="12">416802.3822</dst>
      <dst id="13">2984.5778</dst>
      <dst id="19">161.9911</dst>
      <dst id="23">149.6089</dst>
      <dst id="8">26694.4089</dst>
      <dst id="18">846.4089</dst>
      <dst id="4">6844.4711</dst>
      <dst id="1">78.2044</dst>
      <dst id="3">1027.9644</dst>
      <dst id="22">6506.1244</dst>
      <dst id="7">285.2800</dst>
      <dst id="2">159114.9689</dst>
      <dst id="6">13.9378</dst>
      <dst id="16">1039.4667</dst>
      <dst id="14">26.1689</dst>
      <dst id="20">2640.9511</dst>
      <dst id="11">2375.2000</dst>
      <dst id="9">2052.6756</dst>
      <dst id="17">92443.2444</dst>
      <dst id="21">978.6133</dst>
      <dst id="15">1082.9867</dst>
    </src>
    <src id="3">
      <dst id="12">13665.8489</dst>
      <dst id="13">527.2356</dst>
      <dst id="19">4085.2089</dst>
      <dst id="23">136.7022</dst>
      <dst id="8">200.9600</dst>
      <dst id="18">207305.5733</dst>
      <dst id="4">35639.7422</dst>
      <dst id="1">14721.5822</dst>
      <dst id="5">4116.9689</dst>
      <dst id="3">29354.4356</dst>
      <dst id="22">3267.0489</dst>
      <dst id="7">1185.5644</dst>
      <dst id="2">6162.9422</dst>
      <dst id="6">22.4800</dst>
      <dst id="16">3627.6444</dst>
      <dst id="14">63766.2222</dst>
      <dst id="20">3892.2311</dst>
      <dst id="11">278375.3511</dst>
      <dst id="9">1817.5644</dst>
      <dst id="17">15734.5956</dst>
      <dst id="21">13411.4489</dst>
      <dst id="15">210.8978</dst>
    </src>
    <src id="10">
      <dst id="12">20048.6133</dst>
      <dst id="19">1497.4311</dst>
      <dst id="23">0.4267</dst>
      <dst id="8">5725.7244</dst>
      <dst id="18">5583.9022</dst>
      <dst id="1">1924.6756</dst>
      <dst id="5">1901.9111</dst>
      <dst id="3">25753.6178</dst>
      <dst id="22">10096.0444</dst>
      <dst id="7">4975.5378</dst>
      <dst id="2">47634.2756</dst>
      <dst id="6">210.1689</dst>
      <dst id="16">2637.3156</dst>
      <dst id="14">5791.8578</dst>
      <dst id="20">2034.2667</dst>
      <dst id="11">7335.1556</dst>
      <dst id="9">2575.6889</dst>
      <dst id="17">19730.8444</dst>
      <dst id="21">15182.9422</dst>
      <dst id="15">3776.1689</dst>
    </src>
    <src id="22">
      <dst id="12">7644.7733</dst>
      <dst id="13">6134.9867</dst>
      <dst id="19">384.0000</dst>
      <dst id="23">25.8133</dst>
      <dst id="8">7699.3422</dst>
      <dst id="18">770.7200</dst>
      <dst id="4">17281.9111</dst>
      <dst id="1">457.5378</dst>
      <dst id="5">7650.8000</dst>
      <dst id="3">2691.6178</dst>
      <dst id="7">1307.7956</dst>
      <dst id="2">5083.1911</dst>
      <dst id="6">8.0533</dst>
      <dst id="16">14.1511</dst>
      <dst id="14">71.0667</dst>
      <dst id="11">6720.9156</dst>
      <dst id="9">15221.1556</dst>
      <dst id="17">3778.4889</dst>
      <dst id="21">3475.1200</dst>
    </src>
    <src id="7">
      <dst id="12">7881.3244</dst>
      <dst id="13">611.2356</dst>
      <dst id="19">6220.4089</dst>
      <dst id="23">799.9911</dst>
      <dst id="8">454.7111</dst>
      <dst id="18">4756.2667</dst>
      <dst id="4">39336.2222</dst>
      <dst id="1">3319.7156</dst>
      <dst id="5">1588.6578</dst>
      <dst id="3">6598.2489</dst>
      <dst id="22">7615.2622</dst>
      <dst id="7">702.0178</dst>
      <dst id="2">11070.8800</dst>
      <dst id="6">69.7956</dst>
      <dst id="16">2191.8489</dst>
      <dst id="14">203.1733</dst>
      <dst id="20">831.1733</dst>
      <dst id="11">2430.0000</dst>
      <dst id="9">1397.3244</dst>
      <dst id="17">7932.1156</dst>
      <dst id="21">7346.2222</dst>
      <dst id="15">4435.8133</dst>
    </src>
    <src id="2">
      <dst id="12">181768.2844</dst>
      <dst id="13">17469.1644</dst>
      <dst id="19">2696.5600</dst>
      <dst id="23">25.2444</dst>
      <dst id="8">1635.1733</dst>
      <dst id="18">175198.0978</dst>
      <dst id="4">81251.8400</dst>
      <dst id="1">1592.4178</dst>
      <dst id="5">2427.4311</dst>
      <dst id="3">3930.2222</dst>
      <dst id="22">4121.8044</dst>
      <dst id="7">7403.7422</dst>
      <dst id="2">1216.3911</dst>
      <dst id="6">8610.3733</dst>
      <dst id="16">2391.1289</dst>
      <dst id="14">445.9467</dst>
      <dst id="20">1553.6978</dst>
      <dst id="11">9278.6400</dst>
      <dst id="9">2747.2178</dst>
      <dst id="17">35970.3644</dst>
      <dst id="21">16635.1644</dst>
      <dst id="15">475.6000</dst>
    </src>
    <src id="6">
      <dst id="12">10621.6889</dst>
      <dst id="13">4.5511</dst>
      <dst id="19">42.1511</dst>
      <dst id="23">0.3556</dst>
      <dst id="8">42.1600</dst>
      <dst id="18">12.0000</dst>
      <dst id="4">91.6267</dst>
      <dst id="1">5.7067</dst>
      <dst id="5">13.8578</dst>
      <dst id="3">157.0311</dst>
      <dst id="22">60.1333</dst>
      <dst id="7">22.5689</dst>
      <dst id="2">2375.8933</dst>
      <dst id="16">27.0222</dst>
      <dst id="20">0.4622</dst>
      <dst id="11">50.5422</dst>
      <dst id="9">52.8000</dst>
      <dst id="17">1150.9156</dst>
      <dst id="21">68.4267</dst>
    </src>
    <src id="16">
      <dst id="12">3519.3244</dst>
      <dst id="13">456.5956</dst>
      <dst id="19">2800.7200</dst>
      <dst id="23">70.8000</dst>
      <dst id="8">10194.9422</dst>
      <dst id="18">389.4311</dst>
      <dst id="4">3296.0800</dst>
      <dst id="1">14276.4800</dst>
      <dst id="5">9612.0889</dst>
      <dst id="3">3634.7911</dst>
      <dst id="7">1506.4444</dst>
      <dst id="2">1559.2000</dst>
      <dst id="6">13.2622</dst>
      <dst id="16">43.7689</dst>
      <dst id="14">403.9911</dst>
      <dst id="11">731.5911</dst>
      <dst id="9">15089.4133</dst>
      <dst id="17">3675.9378</dst>
      <dst id="21">794.4178</dst>
    </src>
    <src id="14">
      <dst id="12">25748.9067</dst>
      <dst id="13">220.1333</dst>
      <dst id="19">6.4267</dst>
      <dst id="23">25.2622</dst>
      <dst id="8">1.1378</dst>
      <dst id="18">89.9022</dst>
      <dst id="4">2120.6578</dst>
      <dst id="1">114.7289</dst>
      <dst id="5">1.3778</dst>
      <dst id="3">152.5956</dst>
      <dst id="22">35.7778</dst>
      <dst id="7">77.8044</dst>
      <dst id="2">8081.5733</dst>
      <dst id="6">0.4622</dst>
      <dst id="16">84.2667</dst>
      <dst id="14">260.9956</dst>
      <dst id="20">68.1956</dst>
      <dst id="11">374.6933</dst>
      <dst id="9">7.0933</dst>
      <dst id="17">4653.8133</dst>
      <dst id="21">267.5644</dst>
      <dst id="15">1.5644</dst>
    </src>
    <src id="20">
      <dst id="12">5790.0444</dst>
      <dst id="13">3609.9911</dst>
      <dst id="19">41.9467</dst>
      <dst id="23">159.9289</dst>
      <dst id="8">653.2178</dst>
      <dst id="18">36.1156</dst>
      <dst id="4">8150.0889</dst>
      <dst id="1">163.1378</dst>
      <dst id="5">4760.6844</dst>
      <dst id="3">12200.2667</dst>
      <dst id="7">531.0578</dst>
      <dst id="2">12719.0578</dst>
      <dst id="14">42.2756</dst>
      <dst id="11">1033.3689</dst>
      <dst id="9">6449.9822</dst>
      <dst id="17">5078.9333</dst>
      <dst id="21">493.7600</dst>
    </src>
    <src id="11">
      <dst id="12">482465.3067</dst>
      <dst id="13">3872.0622</dst>
      <dst id="19">249.6622</dst>
      <dst id="23">58.4622</dst>
      <dst id="8">572.8889</dst>
      <dst id="18">463.4044</dst>
      <dst id="4">13744.6578</dst>
      <dst id="1">848.7200</dst>
      <dst id="5">3186.5511</dst>
      <dst id="3">1570.3022</dst>
      <dst id="22">3750.3644</dst>
      <dst id="7">345.4489</dst>
      <dst id="2">180536.8622</dst>
      <dst id="6">14.3467</dst>
      <dst id="16">656.0978</dst>
      <dst id="14">1415.6978</dst>
      <dst id="20">1333.6978</dst>
      <dst id="11">2383.7689</dst>
      <dst id="9">6688.4356</dst>
      <dst id="17">102190.4800</dst>
      <dst id="21">6885.1911</dst>
      <dst id="15">750.7822</dst>
    </src>
    <src id="9">
      <dst id="12">611876.3733</dst>
      <dst id="13">6649.6533</dst>
      <dst id="19">117.7067</dst>
      <dst id="23">16.8533</dst>
      <dst id="8">1750.6311</dst>
      <dst id="18">407.8489</dst>
      <dst id="4">10758.5689</dst>
      <dst id="1">244.7556</dst>
      <dst id="5">1779.1200</dst>
      <dst id="3">3367.4311</dst>
      <dst id="22">2674.0444</dst>
      <dst id="7">628.3467</dst>
      <dst id="2">212582.1067</dst>
      <dst id="6">8.1511</dst>
      <dst id="16">1194.8978</dst>
      <dst id="14">31.6178</dst>
      <dst id="20">7042.7556</dst>
      <dst id="11">7009.5822</dst>
      <dst id="9">3470.9956</dst>
      <dst id="17">161266.7467</dst>
      <dst id="21">9763.2889</dst>
      <dst id="15">12723.2800</dst>
    </src>
    <src id="17">
      <dst id="12">32778.7644</dst>
      <dst id="13">19628.1156</dst>
      <dst id="19">12011.4667</dst>
      <dst id="23">635.7600</dst>
      <dst id="8">247538.2578</dst>
      <dst id="18">1552.9867</dst>
      <dst id="4">36989.3778</dst>
      <dst id="1">1472.0178</dst>
      <dst id="5">292512.6489</dst>
      <dst id="3">21563.3422</dst>
      <dst id="22">17253.3422</dst>
      <dst id="7">14306.9067</dst>
      <dst id="2">24106.0267</dst>
      <dst id="6">37.3511</dst>
      <dst id="16">3926.1600</dst>
      <dst id="14">44391.2000</dst>
      <dst id="20">23787.3689</dst>
      <dst id="11">230419.1733</dst>
      <dst id="9">373565.2444</dst>
      <dst id="17">706.3644</dst>
      <dst id="21">16816.4711</dst>
      <dst id="15">4844.1600</dst>
    </src>
    <src id="21">
      <dst id="12">20506.1067</dst>
      <dst id="13">763.8933</dst>
      <dst id="19">1549.4044</dst>
      <dst id="23">116.2311</dst>
      <dst id="8">145.6800</dst>
      <dst id="18">4761.6267</dst>
      <dst id="4">31947.2178</dst>
      <dst id="1">2582.3644</dst>
      <dst id="5">647.6622</dst>
      <dst id="3">3527.2622</dst>
      <dst id="22">2618.9156</dst>
      <dst id="7">2606.4089</dst>
      <dst id="2">8955.7156</dst>
      <dst id="6">10.5244</dst>
      <dst id="16">568.6756</dst>
      <dst id="14">89.6444</dst>
      <dst id="20">1870.4978</dst>
      <dst id="11">972.9689</dst>
      <dst id="9">1681.5022</dst>
      <dst id="17">9976.6933</dst>
      <dst id="21">3622.1778</dst>
      <dst id="15">920.8089</dst>
    </src>
    <src id="15">
      <dst id="12">2460.0533</dst>
      <dst id="13">578.4000</dst>
      <dst id="19">25.6800</dst>
      <dst id="23">3.8578</dst>
      <dst id="8">16080.8356</dst>
      <dst id="18">208.8711</dst>
      <dst id="4">3539.5289</dst>
      <dst id="1">781.4489</dst>
      <dst id="5">349.8044</dst>
      <dst id="3">469.1911</dst>
      <dst id="7">2112.9333</dst>
      <dst id="2">828.0978</dst>
      <dst id="6">1.2800</dst>
      <dst id="11">1310.0356</dst>
      <dst id="9">14301.4311</dst>
      <dst id="17">587.6978</dst>
      <dst id="21">246.6133</dst>
    </src>
  </IntraTM>
</TrafficMatrixFile>
