<?xml version="1.0" encoding="UTF-8" standalone="yes"?>
<TrafficMatrixFile xmlns:xsi="http://www.w3.org/2001/XMLSchema-instance" xsi:noNamespaceSchemaLocation="http://totem.run.montefiore.ulg.ac.be/Schema/TrafficMatrix-v1_2.xsd">
  <info>
    <title>Intradomain traffic matrix generated by geant-TM-all.pl</title>
    <date>2005-01-01T16:45:00</date>
    <duration>900</duration>
    <author>Steve Uhlig</author>
    <units>
        <unit type="bandwidth" value="kbps"/>
    </units>
  </info>
  <IntraTM ASID="20965">
    <src id="12">
      <dst id="12">328647.9200</dst>
      <dst id="13">13735.3511</dst>
      <dst id="19">5350.0889</dst>
      <dst id="23">125.5556</dst>
      <dst id="8">6286.3822</dst>
      <dst id="18">277.5733</dst>
      <dst id="4">91123.6889</dst>
      <dst id="1">8739.2800</dst>
      <dst id="5">6120.9156</dst>
      <dst id="3">6507.9022</dst>
      <dst id="22">11359.1911</dst>
      <dst id="7">1556.1600</dst>
      <dst id="2">69094.4444</dst>
      <dst id="6">5.5111</dst>
      <dst id="16">4778.6311</dst>
      <dst id="14">1954.5156</dst>
      <dst id="20">8429.2711</dst>
      <dst id="11">6388.4800</dst>
      <dst id="9">60180.6578</dst>
      <dst id="17">56815.2622</dst>
      <dst id="21">12716.3022</dst>
      <dst id="15">4283.9556</dst>
    </src>
    <src id="13">
      <dst id="12">43821.2356</dst>
      <dst id="19">4058.4889</dst>
      <dst id="23">29.2444</dst>
      <dst id="8">3821.2622</dst>
      <dst id="18">6773.8756</dst>
      <dst id="4">0.3556</dst>
      <dst id="1">3005.9022</dst>
      <dst id="5">9610.1511</dst>
      <dst id="3">35010.4889</dst>
      <dst id="22">27850.5244</dst>
      <dst id="7">9736.3200</dst>
      <dst id="2">56494.7378</dst>
      <dst id="6">76.3556</dst>
      <dst id="16">4293.5911</dst>
      <dst id="14">2652.3822</dst>
      <dst id="20">12827.7067</dst>
      <dst id="11">23366.3378</dst>
      <dst id="9">12830.4444</dst>
      <dst id="17">67870.1067</dst>
      <dst id="21">14323.1556</dst>
      <dst id="15">3645.5644</dst>
    </src>
    <src id="19">
      <dst id="12">16849.0578</dst>
      <dst id="13">216.9689</dst>
      <dst id="8">11.1733</dst>
      <dst id="18">0.8889</dst>
      <dst id="4">18451.2267</dst>
      <dst id="1">7.5111</dst>
      <dst id="5">750.7822</dst>
      <dst id="3">1486.8089</dst>
      <dst id="22">104.4711</dst>
      <dst id="7">4007.2622</dst>
      <dst id="2">659.2978</dst>
      <dst id="6">50.8089</dst>
      <dst id="16">9422.7378</dst>
      <dst id="14">1.2089</dst>
      <dst id="20">68.8978</dst>
      <dst id="11">129.1289</dst>
      <dst id="9">68.3644</dst>
      <dst id="17">581.9289</dst>
      <dst id="21">186.9156</dst>
      <dst id="15">2.1067</dst>
    </src>
    <src id="23">
      <dst id="12">220.1511</dst>
      <dst id="13">223.3956</dst>
      <dst id="19">0.5244</dst>
      <dst id="8">27.5556</dst>
      <dst id="18">12.9867</dst>
      <dst id="4">6.2133</dst>
      <dst id="1">51.3067</dst>
      <dst id="5">36.0889</dst>
      <dst id="3">166.1067</dst>
      <dst id="22">646.5778</dst>
      <dst id="7">11.0133</dst>
      <dst id="2">58.0978</dst>
      <dst id="6">0.9956</dst>
      <dst id="16">2.9244</dst>
      <dst id="14">26.4178</dst>
      <dst id="20">13.7956</dst>
      <dst id="11">164.2311</dst>
      <dst id="9">59.6444</dst>
      <dst id="17">223.3156</dst>
      <dst id="21">360.0978</dst>
      <dst id="15">172.5867</dst>
    </src>
    <src id="8">
      <dst id="12">322806.8978</dst>
      <dst id="13">1166.1333</dst>
      <dst id="19">301.8756</dst>
      <dst id="23">94.0978</dst>
      <dst id="18">100.6844</dst>
      <dst id="4">4073.5822</dst>
      <dst id="1">22.9778</dst>
      <dst id="5">1764.4267</dst>
      <dst id="3">291.1733</dst>
      <dst id="22">902.6578</dst>
      <dst id="7">40.9867</dst>
      <dst id="2">122404.3111</dst>
      <dst id="6">7.6444</dst>
      <dst id="16">1158.6667</dst>
      <dst id="14">33.2356</dst>
      <dst id="20">3716.4444</dst>
      <dst id="11">2394.1778</dst>
      <dst id="9">4509.3333</dst>
      <dst id="17">76168.2044</dst>
      <dst id="21">114.5156</dst>
      <dst id="15">29.0044</dst>
    </src>
    <src id="18">
      <dst id="12">109444.4533</dst>
      <dst id="13">133.0667</dst>
      <dst id="19">1.1733</dst>
      <dst id="23">0.6311</dst>
      <dst id="8">14.5067</dst>
      <dst id="4">2158.1956</dst>
      <dst id="1">1069.4844</dst>
      <dst id="5">766.5067</dst>
      <dst id="3">147.4578</dst>
      <dst id="22">605.9467</dst>
      <dst id="7">152.6667</dst>
      <dst id="2">27259.4667</dst>
      <dst id="16">19.1378</dst>
      <dst id="14">0.9511</dst>
      <dst id="20">48.6133</dst>
      <dst id="11">1553.8311</dst>
      <dst id="9">248.2400</dst>
      <dst id="17">26578.3733</dst>
      <dst id="21">73.9289</dst>
      <dst id="15">25.1733</dst>
    </src>
    <src id="4">
      <dst id="12">14144.8356</dst>
      <dst id="19">15643.6267</dst>
      <dst id="8">1178.7733</dst>
      <dst id="18">2299.8844</dst>
      <dst id="1">1106.1689</dst>
      <dst id="5">2009.1378</dst>
      <dst id="3">69611.2889</dst>
      <dst id="22">5190.1778</dst>
      <dst id="7">94404.3822</dst>
      <dst id="2">55429.0044</dst>
      <dst id="6">2.8178</dst>
      <dst id="16">1791.7867</dst>
      <dst id="14">8484.0267</dst>
      <dst id="20">3491.0489</dst>
      <dst id="11">6537.2444</dst>
      <dst id="9">5222.7200</dst>
      <dst id="17">17767.6267</dst>
      <dst id="21">4019.0400</dst>
      <dst id="15">7327.5467</dst>
    </src>
    <src id="1">
      <dst id="12">17731.8667</dst>
      <dst id="13">622.1422</dst>
      <dst id="19">40.4889</dst>
      <dst id="23">13.5644</dst>
      <dst id="8">149110.8356</dst>
      <dst id="18">13020.6933</dst>
      <dst id="4">7098.1867</dst>
      <dst id="1">72.5778</dst>
      <dst id="5">220346.7556</dst>
      <dst id="3">65842.5333</dst>
      <dst id="22">4707.0400</dst>
      <dst id="7">671.4844</dst>
      <dst id="2">1562.0356</dst>
      <dst id="6">4570.6933</dst>
      <dst id="16">15076.4978</dst>
      <dst id="14">305.5378</dst>
      <dst id="20">1599.4044</dst>
      <dst id="11">2478.6222</dst>
      <dst id="9">320604.1067</dst>
      <dst id="17">5647.8400</dst>
      <dst id="21">2731.8400</dst>
      <dst id="15">85.8133</dst>
    </src>
    <src id="5">
      <dst id="12">290210.5689</dst>
      <dst id="13">816.7378</dst>
      <dst id="19">219.6622</dst>
      <dst id="23">130.7022</dst>
      <dst id="8">2611.2711</dst>
      <dst id="18">130.7467</dst>
      <dst id="4">6094.5156</dst>
      <dst id="1">25.8133</dst>
      <dst id="3">385.3600</dst>
      <dst id="22">3179.2356</dst>
      <dst id="7">190.1067</dst>
      <dst id="2">120798.4800</dst>
      <dst id="6">39.9200</dst>
      <dst id="16">631.0044</dst>
      <dst id="20">5711.0578</dst>
      <dst id="11">1222.8000</dst>
      <dst id="9">4266.4800</dst>
      <dst id="17">70866.4800</dst>
      <dst id="21">336.1956</dst>
      <dst id="15">252.2311</dst>
    </src>
    <src id="3">
      <dst id="12">12980.0622</dst>
      <dst id="13">586.5511</dst>
      <dst id="19">2228.9867</dst>
      <dst id="23">8.0356</dst>
      <dst id="8">3804.8000</dst>
      <dst id="18">53468.9689</dst>
      <dst id="4">43485.7956</dst>
      <dst id="1">11143.1733</dst>
      <dst id="5">411.1644</dst>
      <dst id="3">10709.4578</dst>
      <dst id="22">825.6978</dst>
      <dst id="7">3146.6222</dst>
      <dst id="2">10922.1778</dst>
      <dst id="6">11.8400</dst>
      <dst id="16">2823.5111</dst>
      <dst id="14">41933.6000</dst>
      <dst id="20">513.6178</dst>
      <dst id="11">185799.2533</dst>
      <dst id="9">499.9111</dst>
      <dst id="17">4433.2889</dst>
      <dst id="21">8198.2933</dst>
      <dst id="15">113.8933</dst>
    </src>
    <src id="10">
      <dst id="12">10436.4178</dst>
      <dst id="19">800.4622</dst>
      <dst id="8">1562.8000</dst>
      <dst id="18">10111.2978</dst>
      <dst id="1">3135.2178</dst>
      <dst id="5">2817.2444</dst>
      <dst id="3">15552.4000</dst>
      <dst id="22">6650.6133</dst>
      <dst id="7">5133.6711</dst>
      <dst id="2">23413.2800</dst>
      <dst id="6">0.7111</dst>
      <dst id="16">975.2889</dst>
      <dst id="14">4685.8578</dst>
      <dst id="20">3869.5378</dst>
      <dst id="11">6321.7956</dst>
      <dst id="9">3124.1689</dst>
      <dst id="17">8571.8667</dst>
      <dst id="21">20056.3289</dst>
      <dst id="15">1216.7200</dst>
    </src>
    <src id="22">
      <dst id="12">2625.0311</dst>
      <dst id="13">4808.3822</dst>
      <dst id="19">28.1067</dst>
      <dst id="23">74.7289</dst>
      <dst id="8">853.3156</dst>
      <dst id="18">113.8400</dst>
      <dst id="4">21443.5111</dst>
      <dst id="1">1573.8667</dst>
      <dst id="5">2618.9244</dst>
      <dst id="3">517.4844</dst>
      <dst id="7">1093.4489</dst>
      <dst id="2">2004.3378</dst>
      <dst id="6">64.1778</dst>
      <dst id="16">20.9778</dst>
      <dst id="14">88.3733</dst>
      <dst id="11">1419.1822</dst>
      <dst id="9">2247.4489</dst>
      <dst id="17">3767.1911</dst>
      <dst id="21">763.1467</dst>
    </src>
    <src id="7">
      <dst id="12">6023.1111</dst>
      <dst id="13">315.6267</dst>
      <dst id="19">402.3911</dst>
      <dst id="23">87.3956</dst>
      <dst id="8">399.7689</dst>
      <dst id="18">450.2489</dst>
      <dst id="4">27858.4267</dst>
      <dst id="1">1489.8844</dst>
      <dst id="5">1905.0756</dst>
      <dst id="3">3371.9200</dst>
      <dst id="22">4664.5244</dst>
      <dst id="7">661.6178</dst>
      <dst id="2">9268.8267</dst>
      <dst id="6">13.8222</dst>
      <dst id="16">594.7111</dst>
      <dst id="14">184.7289</dst>
      <dst id="20">358.4000</dst>
      <dst id="11">1626.0533</dst>
      <dst id="9">1830.8533</dst>
      <dst id="17">7034.8978</dst>
      <dst id="21">3393.3422</dst>
      <dst id="15">139.4044</dst>
    </src>
    <src id="2">
      <dst id="12">130003.6267</dst>
      <dst id="13">3355.1822</dst>
      <dst id="19">472.7644</dst>
      <dst id="23">3.2889</dst>
      <dst id="8">895.4578</dst>
      <dst id="18">45313.7867</dst>
      <dst id="4">95624.6400</dst>
      <dst id="1">1146.1778</dst>
      <dst id="5">1150.4622</dst>
      <dst id="3">3501.6889</dst>
      <dst id="22">7252.7378</dst>
      <dst id="7">2901.0311</dst>
      <dst id="2">659.0400</dst>
      <dst id="6">5639.7244</dst>
      <dst id="16">2247.9911</dst>
      <dst id="14">223.8578</dst>
      <dst id="20">895.2889</dst>
      <dst id="11">5261.5556</dst>
      <dst id="9">2803.1289</dst>
      <dst id="17">15417.1556</dst>
      <dst id="21">6211.2178</dst>
      <dst id="15">248.7556</dst>
    </src>
    <src id="6">
      <dst id="12">7141.7689</dst>
      <dst id="13">4.7822</dst>
      <dst id="19">1.7778</dst>
      <dst id="8">1.4311</dst>
      <dst id="18">12.6222</dst>
      <dst id="4">51.9733</dst>
      <dst id="1">1.4756</dst>
      <dst id="5">23.7511</dst>
      <dst id="3">28.2311</dst>
      <dst id="22">15.8133</dst>
      <dst id="7">1.0489</dst>
      <dst id="2">2011.2711</dst>
      <dst id="14">0.4622</dst>
      <dst id="20">2.9689</dst>
      <dst id="11">39.6711</dst>
      <dst id="9">49.3067</dst>
      <dst id="17">1099.3778</dst>
      <dst id="21">114.6667</dst>
      <dst id="15">22.9333</dst>
    </src>
    <src id="16">
      <dst id="12">3314.5778</dst>
      <dst id="13">346.2400</dst>
      <dst id="19">4406.7822</dst>
      <dst id="23">4.7467</dst>
      <dst id="8">5160.7911</dst>
      <dst id="18">4.0800</dst>
      <dst id="4">3237.4222</dst>
      <dst id="1">20241.3511</dst>
      <dst id="5">10572.2400</dst>
      <dst id="3">4897.3511</dst>
      <dst id="7">1490.4178</dst>
      <dst id="2">210.1778</dst>
      <dst id="6">0.3556</dst>
      <dst id="16">24.4622</dst>
      <dst id="14">137.5289</dst>
      <dst id="11">238.2578</dst>
      <dst id="9">16150.0889</dst>
      <dst id="17">1511.9911</dst>
      <dst id="21">280.2044</dst>
    </src>
    <src id="14">
      <dst id="12">22055.4311</dst>
      <dst id="13">63.3600</dst>
      <dst id="19">62.6311</dst>
      <dst id="23">1.3867</dst>
      <dst id="8">12.6222</dst>
      <dst id="18">1.3511</dst>
      <dst id="4">2847.4400</dst>
      <dst id="1">107.3778</dst>
      <dst id="5">0.3556</dst>
      <dst id="3">1012.2667</dst>
      <dst id="22">4.7111</dst>
      <dst id="7">81.5822</dst>
      <dst id="2">6139.5467</dst>
      <dst id="6">0.9244</dst>
      <dst id="16">40.0800</dst>
      <dst id="20">165.2089</dst>
      <dst id="11">72.3378</dst>
      <dst id="9">12.6756</dst>
      <dst id="17">4817.5022</dst>
      <dst id="21">80.2667</dst>
    </src>
    <src id="20">
      <dst id="12">7373.7867</dst>
      <dst id="13">2047.5378</dst>
      <dst id="19">2.6133</dst>
      <dst id="23">14.7467</dst>
      <dst id="8">14227.9556</dst>
      <dst id="18">2.6489</dst>
      <dst id="4">12996.4533</dst>
      <dst id="1">133.6978</dst>
      <dst id="5">1396.8622</dst>
      <dst id="3">4568.2933</dst>
      <dst id="22">493.3333</dst>
      <dst id="7">139.7067</dst>
      <dst id="2">4049.5733</dst>
      <dst id="16">0.3022</dst>
      <dst id="14">2.5422</dst>
      <dst id="11">1587.4489</dst>
      <dst id="9">32154.4444</dst>
      <dst id="17">8865.7333</dst>
      <dst id="21">2760.8267</dst>
    </src>
    <src id="11">
      <dst id="12">384292.6400</dst>
      <dst id="13">747.3156</dst>
      <dst id="19">25.2089</dst>
      <dst id="23">433.7333</dst>
      <dst id="8">324.0444</dst>
      <dst id="18">1152.0800</dst>
      <dst id="4">11112.9867</dst>
      <dst id="1">373.5644</dst>
      <dst id="5">643.2356</dst>
      <dst id="3">4603.4044</dst>
      <dst id="22">1473.3600</dst>
      <dst id="7">119.5644</dst>
      <dst id="2">144824.3467</dst>
      <dst id="6">12.6222</dst>
      <dst id="16">114.0800</dst>
      <dst id="14">105.4578</dst>
      <dst id="20">312.6222</dst>
      <dst id="11">1333.6000</dst>
      <dst id="9">303.8133</dst>
      <dst id="17">78042.8533</dst>
      <dst id="21">7022.3378</dst>
      <dst id="15">501.7156</dst>
    </src>
    <src id="9">
      <dst id="12">501834.5511</dst>
      <dst id="13">1565.3067</dst>
      <dst id="19">14.6133</dst>
      <dst id="23">11.9289</dst>
      <dst id="8">2099.9822</dst>
      <dst id="18">2167.6622</dst>
      <dst id="4">14589.1200</dst>
      <dst id="1">12716.6578</dst>
      <dst id="5">1379.6178</dst>
      <dst id="3">1018.0356</dst>
      <dst id="22">1351.2356</dst>
      <dst id="7">232.6222</dst>
      <dst id="2">142586.5067</dst>
      <dst id="6">3.6978</dst>
      <dst id="16">872.7022</dst>
      <dst id="14">29.8844</dst>
      <dst id="20">1804.2133</dst>
      <dst id="11">756.0000</dst>
      <dst id="9">9064.9778</dst>
      <dst id="17">126544.0089</dst>
      <dst id="21">309.3867</dst>
      <dst id="15">2028.2844</dst>
    </src>
    <src id="17">
      <dst id="12">10189.7867</dst>
      <dst id="13">14108.3289</dst>
      <dst id="19">9652.9067</dst>
      <dst id="23">69.2356</dst>
      <dst id="8">143886.0533</dst>
      <dst id="18">117.3067</dst>
      <dst id="4">122888.3378</dst>
      <dst id="1">2526.0444</dst>
      <dst id="5">209857.9022</dst>
      <dst id="3">28225.7689</dst>
      <dst id="22">6099.2178</dst>
      <dst id="7">15268.4178</dst>
      <dst id="2">6290.8622</dst>
      <dst id="6">50.3911</dst>
      <dst id="16">2603.9733</dst>
      <dst id="14">41166.7556</dst>
      <dst id="20">1172.5600</dst>
      <dst id="11">127635.8311</dst>
      <dst id="9">272336.1956</dst>
      <dst id="17">1246.0622</dst>
      <dst id="21">7100.5689</dst>
      <dst id="15">254.5956</dst>
    </src>
    <src id="21">
      <dst id="12">19024.0267</dst>
      <dst id="13">389.5733</dst>
      <dst id="19">166.2933</dst>
      <dst id="23">26.0000</dst>
      <dst id="8">197.8933</dst>
      <dst id="18">745.1289</dst>
      <dst id="4">22874.3200</dst>
      <dst id="1">2426.0711</dst>
      <dst id="5">1141.5911</dst>
      <dst id="3">1117.7244</dst>
      <dst id="22">2050.5867</dst>
      <dst id="7">815.5111</dst>
      <dst id="2">13078.5600</dst>
      <dst id="6">7.1022</dst>
      <dst id="16">159.8489</dst>
      <dst id="14">159.5822</dst>
      <dst id="20">557.3156</dst>
      <dst id="11">2194.7467</dst>
      <dst id="9">868.7378</dst>
      <dst id="17">2975.6622</dst>
      <dst id="21">2611.2622</dst>
      <dst id="15">50.7556</dst>
    </src>
    <src id="15">
      <dst id="12">880.7467</dst>
      <dst id="13">65.7778</dst>
      <dst id="19">1.1289</dst>
      <dst id="23">5.0133</dst>
      <dst id="8">14.0444</dst>
      <dst id="18">3.3067</dst>
      <dst id="4">3605.4044</dst>
      <dst id="1">65.8844</dst>
      <dst id="5">476.3467</dst>
      <dst id="3">598.1689</dst>
      <dst id="7">17.4222</dst>
      <dst id="2">172.9067</dst>
      <dst id="6">0.5333</dst>
      <dst id="11">238.9422</dst>
      <dst id="9">1055.1556</dst>
      <dst id="17">1002.3111</dst>
      <dst id="21">76.9511</dst>
    </src>
  </IntraTM>
</TrafficMatrixFile>
