<?xml version="1.0" encoding="UTF-8" standalone="yes"?>
<TrafficMatrixFile xmlns:xsi="http://www.w3.org/2001/XMLSchema-instance" xsi:noNamespaceSchemaLocation="http://totem.run.montefiore.ulg.ac.be/Schema/TrafficMatrix-v1_2.xsd">
  <info>
    <title>Intradomain traffic matrix generated by geant-TM-all.pl</title>
    <date>2005-01-01T18:00:00</date>
    <duration>900</duration>
    <author>Steve Uhlig</author>
    <units>
        <unit type="bandwidth" value="kbps"/>
    </units>
  </info>
  <IntraTM ASID="20965">
    <src id="12">
      <dst id="12">365010.0000</dst>
      <dst id="13">20959.3867</dst>
      <dst id="19">5425.2267</dst>
      <dst id="23">917.3333</dst>
      <dst id="8">9640.9333</dst>
      <dst id="18">3030.4889</dst>
      <dst id="4">90439.3156</dst>
      <dst id="1">6968.3467</dst>
      <dst id="5">5632.6844</dst>
      <dst id="3">14705.4400</dst>
      <dst id="22">12578.2667</dst>
      <dst id="7">6665.2178</dst>
      <dst id="2">111508.8622</dst>
      <dst id="6">8.7644</dst>
      <dst id="16">10005.7600</dst>
      <dst id="14">3136.5867</dst>
      <dst id="20">13105.4844</dst>
      <dst id="11">7340.2133</dst>
      <dst id="9">54516.2133</dst>
      <dst id="17">64287.1644</dst>
      <dst id="21">24872.4178</dst>
      <dst id="15">3098.9867</dst>
    </src>
    <src id="13">
      <dst id="12">58392.6667</dst>
      <dst id="19">18211.8489</dst>
      <dst id="23">42.3911</dst>
      <dst id="8">10433.8578</dst>
      <dst id="18">8764.6578</dst>
      <dst id="1">5202.7378</dst>
      <dst id="5">14639.7333</dst>
      <dst id="3">36452.4089</dst>
      <dst id="22">32933.4933</dst>
      <dst id="7">10007.9022</dst>
      <dst id="2">85187.0933</dst>
      <dst id="6">186.6311</dst>
      <dst id="16">5885.7244</dst>
      <dst id="14">5254.2844</dst>
      <dst id="20">14332.1778</dst>
      <dst id="11">26208.2400</dst>
      <dst id="9">13998.8978</dst>
      <dst id="17">57412.4622</dst>
      <dst id="21">21162.2667</dst>
      <dst id="15">5866.8978</dst>
    </src>
    <src id="19">
      <dst id="12">14040.5600</dst>
      <dst id="13">422.6311</dst>
      <dst id="8">13.0489</dst>
      <dst id="18">32.5333</dst>
      <dst id="4">19747.0311</dst>
      <dst id="1">84.8089</dst>
      <dst id="5">92.7289</dst>
      <dst id="3">2411.3422</dst>
      <dst id="22">1956.0356</dst>
      <dst id="7">3900.2756</dst>
      <dst id="2">704.1511</dst>
      <dst id="6">347.1289</dst>
      <dst id="16">7952.5867</dst>
      <dst id="14">1.1289</dst>
      <dst id="20">215.8044</dst>
      <dst id="11">969.1822</dst>
      <dst id="9">6511.4222</dst>
      <dst id="17">535.4844</dst>
      <dst id="21">2461.9822</dst>
      <dst id="15">23.1378</dst>
    </src>
    <src id="23">
      <dst id="12">628.2756</dst>
      <dst id="13">495.2800</dst>
      <dst id="19">0.4978</dst>
      <dst id="8">1.8844</dst>
      <dst id="18">27.9289</dst>
      <dst id="4">183.9822</dst>
      <dst id="1">54.3022</dst>
      <dst id="5">119.1111</dst>
      <dst id="3">1451.9822</dst>
      <dst id="22">629.2267</dst>
      <dst id="7">223.8133</dst>
      <dst id="2">123.8667</dst>
      <dst id="6">1.6711</dst>
      <dst id="16">15.1111</dst>
      <dst id="14">76.2133</dst>
      <dst id="20">457.6711</dst>
      <dst id="11">275.3422</dst>
      <dst id="9">152.2222</dst>
      <dst id="17">199.1644</dst>
      <dst id="21">685.2356</dst>
    </src>
    <src id="8">
      <dst id="12">389011.3689</dst>
      <dst id="13">423.3689</dst>
      <dst id="19">0.3556</dst>
      <dst id="23">134.3200</dst>
      <dst id="18">44.4267</dst>
      <dst id="4">10493.5733</dst>
      <dst id="1">164.6044</dst>
      <dst id="5">2790.8800</dst>
      <dst id="3">475.1911</dst>
      <dst id="22">4075.7422</dst>
      <dst id="7">27.1200</dst>
      <dst id="2">131811.6267</dst>
      <dst id="6">2.7378</dst>
      <dst id="16">616.1511</dst>
      <dst id="14">64.0978</dst>
      <dst id="20">2965.4400</dst>
      <dst id="11">4359.6000</dst>
      <dst id="9">1291.9111</dst>
      <dst id="17">79558.5156</dst>
      <dst id="21">330.4444</dst>
      <dst id="15">2389.4667</dst>
    </src>
    <src id="18">
      <dst id="12">122910.1067</dst>
      <dst id="13">165.5289</dst>
      <dst id="19">0.9778</dst>
      <dst id="23">5.2711</dst>
      <dst id="8">361.2356</dst>
      <dst id="4">2017.8222</dst>
      <dst id="1">497.9200</dst>
      <dst id="5">420.9600</dst>
      <dst id="3">102.8178</dst>
      <dst id="22">400.4178</dst>
      <dst id="7">73.2089</dst>
      <dst id="2">34311.7333</dst>
      <dst id="16">45.2000</dst>
      <dst id="14">77.6889</dst>
      <dst id="20">25.5467</dst>
      <dst id="11">3247.2711</dst>
      <dst id="9">208.1778</dst>
      <dst id="17">31540.4978</dst>
      <dst id="21">784.5244</dst>
      <dst id="15">1187.2356</dst>
    </src>
    <src id="4">
      <dst id="12">18242.8356</dst>
      <dst id="19">17113.6444</dst>
      <dst id="8">3494.7556</dst>
      <dst id="18">2299.7778</dst>
      <dst id="1">4008.2933</dst>
      <dst id="5">2833.2444</dst>
      <dst id="3">71774.4622</dst>
      <dst id="22">13551.9644</dst>
      <dst id="7">44779.3778</dst>
      <dst id="2">69319.5111</dst>
      <dst id="6">0.4267</dst>
      <dst id="16">1777.6978</dst>
      <dst id="14">18792.1600</dst>
      <dst id="20">7269.4933</dst>
      <dst id="11">10290.9067</dst>
      <dst id="9">5222.7822</dst>
      <dst id="17">18002.8889</dst>
      <dst id="21">7240.7644</dst>
      <dst id="15">632.5333</dst>
    </src>
    <src id="1">
      <dst id="12">22386.7911</dst>
      <dst id="13">1081.3689</dst>
      <dst id="19">36.1511</dst>
      <dst id="23">99.6000</dst>
      <dst id="8">184920.8000</dst>
      <dst id="18">11936.8533</dst>
      <dst id="4">7191.0400</dst>
      <dst id="1">65.1822</dst>
      <dst id="5">264978.9422</dst>
      <dst id="3">84804.4178</dst>
      <dst id="22">5896.6667</dst>
      <dst id="7">9153.1556</dst>
      <dst id="2">2781.5467</dst>
      <dst id="6">8806.0267</dst>
      <dst id="16">11843.5467</dst>
      <dst id="14">380.0533</dst>
      <dst id="20">1246.1422</dst>
      <dst id="11">3072.7289</dst>
      <dst id="9">408547.2267</dst>
      <dst id="17">4263.1644</dst>
      <dst id="21">24217.1733</dst>
      <dst id="15">1393.9467</dst>
    </src>
    <src id="5">
      <dst id="12">333592.3822</dst>
      <dst id="13">587.1378</dst>
      <dst id="19">151.7778</dst>
      <dst id="23">199.8222</dst>
      <dst id="8">32312.6844</dst>
      <dst id="18">692.9067</dst>
      <dst id="4">7285.7867</dst>
      <dst id="1">58.2667</dst>
      <dst id="3">4747.5467</dst>
      <dst id="22">4713.3689</dst>
      <dst id="7">324.0800</dst>
      <dst id="2">147042.9244</dst>
      <dst id="6">8.4356</dst>
      <dst id="16">1141.0400</dst>
      <dst id="14">14.1422</dst>
      <dst id="20">1681.5822</dst>
      <dst id="11">2854.5511</dst>
      <dst id="9">6169.5822</dst>
      <dst id="17">88119.3956</dst>
      <dst id="21">389.4844</dst>
      <dst id="15">337.2267</dst>
    </src>
    <src id="3">
      <dst id="12">16345.8400</dst>
      <dst id="13">570.8800</dst>
      <dst id="19">1396.5867</dst>
      <dst id="23">34.7822</dst>
      <dst id="8">428.2133</dst>
      <dst id="18">138390.2133</dst>
      <dst id="4">49719.4667</dst>
      <dst id="1">4353.7867</dst>
      <dst id="5">812.0622</dst>
      <dst id="3">13588.8978</dst>
      <dst id="22">1387.7156</dst>
      <dst id="7">3078.1422</dst>
      <dst id="2">4679.4578</dst>
      <dst id="6">13.9911</dst>
      <dst id="16">1604.7733</dst>
      <dst id="14">59240.6311</dst>
      <dst id="20">1262.5689</dst>
      <dst id="11">247088.5600</dst>
      <dst id="9">811.1644</dst>
      <dst id="17">12224.8800</dst>
      <dst id="21">17185.5289</dst>
      <dst id="15">106.9067</dst>
    </src>
    <src id="10">
      <dst id="12">13488.8356</dst>
      <dst id="19">1525.5733</dst>
      <dst id="8">2206.6578</dst>
      <dst id="18">4468.4000</dst>
      <dst id="4">0.7111</dst>
      <dst id="1">1646.3822</dst>
      <dst id="5">1490.3467</dst>
      <dst id="3">24640.7644</dst>
      <dst id="22">9123.4933</dst>
      <dst id="7">1505.3422</dst>
      <dst id="2">33162.3822</dst>
      <dst id="16">3067.4044</dst>
      <dst id="14">4028.0711</dst>
      <dst id="20">3598.7467</dst>
      <dst id="11">9365.6800</dst>
      <dst id="9">2591.6356</dst>
      <dst id="17">19885.7422</dst>
      <dst id="21">14682.0800</dst>
      <dst id="15">1428.0800</dst>
    </src>
    <src id="22">
      <dst id="12">18312.8267</dst>
      <dst id="13">16822.5333</dst>
      <dst id="19">109.2089</dst>
      <dst id="23">927.5644</dst>
      <dst id="8">3976.9956</dst>
      <dst id="18">918.7467</dst>
      <dst id="4">20010.6933</dst>
      <dst id="1">205.7244</dst>
      <dst id="5">3276.0711</dst>
      <dst id="3">725.5822</dst>
      <dst id="7">1017.7067</dst>
      <dst id="2">2263.6622</dst>
      <dst id="6">9.3689</dst>
      <dst id="16">0.7111</dst>
      <dst id="14">46.2667</dst>
      <dst id="11">5955.9733</dst>
      <dst id="9">3890.1156</dst>
      <dst id="17">6214.7111</dst>
      <dst id="21">1741.5378</dst>
    </src>
    <src id="7">
      <dst id="12">5321.1378</dst>
      <dst id="13">165.1289</dst>
      <dst id="19">347.5200</dst>
      <dst id="23">178.2311</dst>
      <dst id="8">394.4622</dst>
      <dst id="18">904.8089</dst>
      <dst id="4">67999.5644</dst>
      <dst id="1">2747.7600</dst>
      <dst id="5">1674.2489</dst>
      <dst id="3">6218.0978</dst>
      <dst id="22">4747.7689</dst>
      <dst id="7">918.2222</dst>
      <dst id="2">20591.4844</dst>
      <dst id="6">2.4533</dst>
      <dst id="16">576.1067</dst>
      <dst id="14">282.5600</dst>
      <dst id="20">771.8578</dst>
      <dst id="11">2099.4400</dst>
      <dst id="9">4878.5600</dst>
      <dst id="17">6748.5956</dst>
      <dst id="21">6933.5467</dst>
      <dst id="15">300.6756</dst>
    </src>
    <src id="2">
      <dst id="12">160731.9467</dst>
      <dst id="13">9167.8222</dst>
      <dst id="19">1119.8222</dst>
      <dst id="23">76.8267</dst>
      <dst id="8">1363.8667</dst>
      <dst id="18">115894.7467</dst>
      <dst id="4">90221.9467</dst>
      <dst id="1">2221.8489</dst>
      <dst id="5">1691.6089</dst>
      <dst id="3">5358.1689</dst>
      <dst id="22">2067.3778</dst>
      <dst id="7">4360.9156</dst>
      <dst id="2">1549.5200</dst>
      <dst id="6">7427.7333</dst>
      <dst id="16">2337.5822</dst>
      <dst id="14">948.1333</dst>
      <dst id="20">1523.7156</dst>
      <dst id="11">4433.2800</dst>
      <dst id="9">1732.1600</dst>
      <dst id="17">35787.4578</dst>
      <dst id="21">13337.5644</dst>
      <dst id="15">3187.2178</dst>
    </src>
    <src id="6">
      <dst id="12">7787.7067</dst>
      <dst id="13">1.2178</dst>
      <dst id="19">8.6489</dst>
      <dst id="23">5.8844</dst>
      <dst id="8">39.1111</dst>
      <dst id="4">145.4044</dst>
      <dst id="1">0.5244</dst>
      <dst id="5">11.4667</dst>
      <dst id="3">199.2267</dst>
      <dst id="22">1.7867</dst>
      <dst id="7">12.9778</dst>
      <dst id="2">1648.2222</dst>
      <dst id="16">13.7600</dst>
      <dst id="14">0.4622</dst>
      <dst id="20">12.7467</dst>
      <dst id="11">102.9511</dst>
      <dst id="9">11.4667</dst>
      <dst id="17">1038.8267</dst>
      <dst id="21">98.0800</dst>
      <dst id="15">49.2533</dst>
    </src>
    <src id="16">
      <dst id="12">3479.3600</dst>
      <dst id="13">1077.9111</dst>
      <dst id="19">3365.0311</dst>
      <dst id="23">1.2089</dst>
      <dst id="8">11108.5956</dst>
      <dst id="18">17.1556</dst>
      <dst id="4">4173.7867</dst>
      <dst id="1">21409.9111</dst>
      <dst id="5">9854.3467</dst>
      <dst id="3">1896.6133</dst>
      <dst id="7">1958.5511</dst>
      <dst id="2">370.4444</dst>
      <dst id="16">27.5289</dst>
      <dst id="14">490.5333</dst>
      <dst id="11">464.1067</dst>
      <dst id="9">13228.4267</dst>
      <dst id="17">1356.1244</dst>
      <dst id="21">970.1422</dst>
    </src>
    <src id="14">
      <dst id="12">30197.1644</dst>
      <dst id="13">53.7778</dst>
      <dst id="19">12.3378</dst>
      <dst id="23">4.0533</dst>
      <dst id="8">13.6889</dst>
      <dst id="18">0.9244</dst>
      <dst id="4">2963.9111</dst>
      <dst id="1">85.4311</dst>
      <dst id="5">14.6489</dst>
      <dst id="3">164.2667</dst>
      <dst id="22">342.5867</dst>
      <dst id="7">88.7467</dst>
      <dst id="2">8876.9778</dst>
      <dst id="6">0.4622</dst>
      <dst id="16">14.2222</dst>
      <dst id="20">15.2178</dst>
      <dst id="11">75.7333</dst>
      <dst id="9">34.3378</dst>
      <dst id="17">5995.1378</dst>
      <dst id="21">110.6844</dst>
    </src>
    <src id="20">
      <dst id="12">6754.3111</dst>
      <dst id="13">1889.0044</dst>
      <dst id="19">95.3956</dst>
      <dst id="23">116.8356</dst>
      <dst id="8">200.0356</dst>
      <dst id="18">193.3244</dst>
      <dst id="4">12640.5067</dst>
      <dst id="1">128.2489</dst>
      <dst id="5">1022.1778</dst>
      <dst id="3">943.6533</dst>
      <dst id="22">200.0000</dst>
      <dst id="7">100.5244</dst>
      <dst id="2">4027.0578</dst>
      <dst id="6">1.4933</dst>
      <dst id="14">26.6667</dst>
      <dst id="11">3189.7422</dst>
      <dst id="9">3635.1822</dst>
      <dst id="17">15015.9911</dst>
      <dst id="21">2177.5644</dst>
    </src>
    <src id="11">
      <dst id="12">416512.4000</dst>
      <dst id="13">815.3778</dst>
      <dst id="19">93.9911</dst>
      <dst id="23">713.6978</dst>
      <dst id="8">466.6133</dst>
      <dst id="18">2307.2444</dst>
      <dst id="4">15050.4711</dst>
      <dst id="1">626.9600</dst>
      <dst id="5">2218.1689</dst>
      <dst id="3">1261.1733</dst>
      <dst id="22">2598.7822</dst>
      <dst id="7">604.2044</dst>
      <dst id="2">163996.3022</dst>
      <dst id="6">5.4400</dst>
      <dst id="16">247.2089</dst>
      <dst id="14">106.3378</dst>
      <dst id="20">485.5467</dst>
      <dst id="11">1769.8933</dst>
      <dst id="9">3089.3867</dst>
      <dst id="17">87728.7911</dst>
      <dst id="21">1347.6533</dst>
      <dst id="15">910.8622</dst>
    </src>
    <src id="9">
      <dst id="12">537236.6756</dst>
      <dst id="13">4451.3422</dst>
      <dst id="19">204.7378</dst>
      <dst id="23">73.5556</dst>
      <dst id="8">2547.4844</dst>
      <dst id="18">50.3911</dst>
      <dst id="4">11962.7378</dst>
      <dst id="1">8622.2044</dst>
      <dst id="5">7032.9511</dst>
      <dst id="3">3185.9644</dst>
      <dst id="22">10475.3867</dst>
      <dst id="7">561.1378</dst>
      <dst id="2">190890.6933</dst>
      <dst id="6">4.2222</dst>
      <dst id="16">1022.6578</dst>
      <dst id="14">1.8844</dst>
      <dst id="20">4429.7422</dst>
      <dst id="11">3062.7822</dst>
      <dst id="9">9165.6800</dst>
      <dst id="17">139966.0267</dst>
      <dst id="21">6520.2578</dst>
      <dst id="15">11716.6667</dst>
    </src>
    <src id="17">
      <dst id="12">6394.1333</dst>
      <dst id="13">5084.1867</dst>
      <dst id="19">13487.9733</dst>
      <dst id="23">152.4356</dst>
      <dst id="8">198842.0178</dst>
      <dst id="18">636.5600</dst>
      <dst id="4">69950.0978</dst>
      <dst id="1">1582.7467</dst>
      <dst id="5">259558.3822</dst>
      <dst id="3">18860.3111</dst>
      <dst id="22">27808.7644</dst>
      <dst id="7">21412.4622</dst>
      <dst id="2">10694.2133</dst>
      <dst id="6">52.3022</dst>
      <dst id="16">2892.5244</dst>
      <dst id="14">47008.4444</dst>
      <dst id="20">3985.8044</dst>
      <dst id="11">168350.7289</dst>
      <dst id="9">333157.3778</dst>
      <dst id="17">1344.6311</dst>
      <dst id="21">23048.9778</dst>
      <dst id="15">3349.1733</dst>
    </src>
    <src id="21">
      <dst id="12">20620.4800</dst>
      <dst id="13">372.5422</dst>
      <dst id="19">258.6044</dst>
      <dst id="23">78.8978</dst>
      <dst id="8">739.2978</dst>
      <dst id="18">516.2933</dst>
      <dst id="4">20602.2222</dst>
      <dst id="1">6498.1333</dst>
      <dst id="5">715.2533</dst>
      <dst id="3">3719.5200</dst>
      <dst id="22">1555.5644</dst>
      <dst id="7">1533.9911</dst>
      <dst id="2">11169.3422</dst>
      <dst id="6">28.3289</dst>
      <dst id="16">1017.3600</dst>
      <dst id="14">122.6844</dst>
      <dst id="20">681.7422</dst>
      <dst id="11">1339.9200</dst>
      <dst id="9">763.5822</dst>
      <dst id="17">5420.4711</dst>
      <dst id="21">4141.9556</dst>
      <dst id="15">898.0356</dst>
    </src>
    <src id="15">
      <dst id="12">667.1022</dst>
      <dst id="13">298.8889</dst>
      <dst id="19">7.7511</dst>
      <dst id="23">20.0089</dst>
      <dst id="8">84.9156</dst>
      <dst id="18">25.4311</dst>
      <dst id="4">2884.3467</dst>
      <dst id="1">465.5556</dst>
      <dst id="5">310.4444</dst>
      <dst id="3">709.3778</dst>
      <dst id="7">6.0711</dst>
      <dst id="2">226.9778</dst>
      <dst id="6">2.5956</dst>
      <dst id="11">4925.4756</dst>
      <dst id="9">2683.9822</dst>
      <dst id="17">497.1200</dst>
      <dst id="21">226.8444</dst>
    </src>
  </IntraTM>
</TrafficMatrixFile>
