<?xml version="1.0" encoding="UTF-8" standalone="yes"?>
<TrafficMatrixFile xmlns:xsi="http://www.w3.org/2001/XMLSchema-instance" xsi:noNamespaceSchemaLocation="http://totem.run.montefiore.ulg.ac.be/Schema/TrafficMatrix-v1_2.xsd">
  <info>
    <title>Intradomain traffic matrix generated by geant-TM-all.pl</title>
    <date>2005-01-04T05:45:00</date>
    <duration>900</duration>
    <author>Steve Uhlig</author>
    <units>
        <unit type="bandwidth" value="kbps"/>
    </units>
  </info>
  <IntraTM ASID="20965">
    <src id="12">
      <dst id="12">232766.1956</dst>
      <dst id="13">25442.7733</dst>
      <dst id="19">1379.8844</dst>
      <dst id="23">23.4667</dst>
      <dst id="8">892.5867</dst>
      <dst id="18">359.9378</dst>
      <dst id="4">85389.1467</dst>
      <dst id="1">16453.3511</dst>
      <dst id="5">2960.6933</dst>
      <dst id="3">4191.0667</dst>
      <dst id="22">14637.2533</dst>
      <dst id="7">1134.5333</dst>
      <dst id="2">78992.5511</dst>
      <dst id="6">19.9822</dst>
      <dst id="16">5515.0489</dst>
      <dst id="14">1399.2178</dst>
      <dst id="20">12373.6978</dst>
      <dst id="11">4274.0178</dst>
      <dst id="9">6117.8844</dst>
      <dst id="17">70071.7067</dst>
      <dst id="21">3364.9600</dst>
      <dst id="15">12083.1289</dst>
    </src>
    <src id="13">
      <dst id="12">59063.8311</dst>
      <dst id="19">5678.3289</dst>
      <dst id="23">964.1956</dst>
      <dst id="8">2672.2756</dst>
      <dst id="18">2601.2356</dst>
      <dst id="1">4416.2133</dst>
      <dst id="5">7798.8444</dst>
      <dst id="3">3591.2000</dst>
      <dst id="22">31881.9378</dst>
      <dst id="7">7729.7067</dst>
      <dst id="2">126872.3200</dst>
      <dst id="6">787.5200</dst>
      <dst id="16">8573.2356</dst>
      <dst id="14">3079.4844</dst>
      <dst id="20">7172.8000</dst>
      <dst id="11">8795.8311</dst>
      <dst id="9">19483.9467</dst>
      <dst id="17">119852.4444</dst>
      <dst id="21">12234.9067</dst>
      <dst id="15">3318.2311</dst>
    </src>
    <src id="19">
      <dst id="12">13358.1689</dst>
      <dst id="13">300.5956</dst>
      <dst id="23">25.9556</dst>
      <dst id="8">1.2711</dst>
      <dst id="18">53.5378</dst>
      <dst id="4">19024.1333</dst>
      <dst id="1">180.8089</dst>
      <dst id="5">1.5644</dst>
      <dst id="3">1.8844</dst>
      <dst id="22">308.7378</dst>
      <dst id="7">3067.5022</dst>
      <dst id="2">2227.4578</dst>
      <dst id="6">48.2844</dst>
      <dst id="16">9381.9022</dst>
      <dst id="14">5.0667</dst>
      <dst id="20">0.3556</dst>
      <dst id="11">1525.1289</dst>
      <dst id="9">206.1244</dst>
      <dst id="17">1808.9156</dst>
      <dst id="21">231.0578</dst>
      <dst id="15">0.7111</dst>
    </src>
    <src id="23">
      <dst id="12">282.7822</dst>
      <dst id="13">84.1956</dst>
      <dst id="19">0.3378</dst>
      <dst id="8">20.5956</dst>
      <dst id="18">0.9600</dst>
      <dst id="4">17.0311</dst>
      <dst id="1">17.6533</dst>
      <dst id="5">138.8978</dst>
      <dst id="3">174.2044</dst>
      <dst id="22">98.6667</dst>
      <dst id="7">169.6000</dst>
      <dst id="2">57.1022</dst>
      <dst id="6">0.4978</dst>
      <dst id="16">29.0667</dst>
      <dst id="14">0.3556</dst>
      <dst id="20">0.4889</dst>
      <dst id="11">1331.2622</dst>
      <dst id="9">864.5778</dst>
      <dst id="17">204.2489</dst>
      <dst id="21">76.4800</dst>
      <dst id="15">40.0000</dst>
    </src>
    <src id="8">
      <dst id="12">334595.0400</dst>
      <dst id="13">1444.6756</dst>
      <dst id="19">1.4400</dst>
      <dst id="23">0.8178</dst>
      <dst id="18">102.7911</dst>
      <dst id="4">3968.7200</dst>
      <dst id="1">327.5111</dst>
      <dst id="5">2420.9689</dst>
      <dst id="3">37.8667</dst>
      <dst id="22">2015.3422</dst>
      <dst id="7">861.1733</dst>
      <dst id="2">146681.9467</dst>
      <dst id="6">0.3556</dst>
      <dst id="16">1430.1778</dst>
      <dst id="20">33.7244</dst>
      <dst id="11">131.2444</dst>
      <dst id="9">989.4933</dst>
      <dst id="17">127426.8889</dst>
      <dst id="21">70.7822</dst>
      <dst id="15">395.6267</dst>
    </src>
    <src id="18">
      <dst id="12">91197.9733</dst>
      <dst id="13">100.6400</dst>
      <dst id="19">35.3778</dst>
      <dst id="23">0.4978</dst>
      <dst id="8">3690.4178</dst>
      <dst id="4">915.7156</dst>
      <dst id="1">1054.3644</dst>
      <dst id="5">420.8267</dst>
      <dst id="3">39.7333</dst>
      <dst id="22">158.1600</dst>
      <dst id="7">6.1422</dst>
      <dst id="2">26838.3289</dst>
      <dst id="16">367.2267</dst>
      <dst id="14">112.4089</dst>
      <dst id="20">72.9244</dst>
      <dst id="11">27.4489</dst>
      <dst id="9">149.0489</dst>
      <dst id="17">35262.9511</dst>
      <dst id="21">147.2622</dst>
      <dst id="15">3.6178</dst>
    </src>
    <src id="4">
      <dst id="12">13493.2000</dst>
      <dst id="19">15313.4844</dst>
      <dst id="8">907.0667</dst>
      <dst id="18">304.4000</dst>
      <dst id="4">4.0711</dst>
      <dst id="1">60475.2444</dst>
      <dst id="5">2705.9467</dst>
      <dst id="3">490.4089</dst>
      <dst id="22">6842.4889</dst>
      <dst id="7">159447.7778</dst>
      <dst id="2">94932.2667</dst>
      <dst id="6">14.3822</dst>
      <dst id="16">2421.5644</dst>
      <dst id="14">1250.1067</dst>
      <dst id="20">656.6756</dst>
      <dst id="11">3793.7511</dst>
      <dst id="9">1984.1244</dst>
      <dst id="17">68829.1111</dst>
      <dst id="21">2608.2933</dst>
      <dst id="15">208.8089</dst>
    </src>
    <src id="1">
      <dst id="12">14008.0978</dst>
      <dst id="13">698.0089</dst>
      <dst id="19">222.8889</dst>
      <dst id="23">24.2844</dst>
      <dst id="8">111331.0578</dst>
      <dst id="18">12999.5644</dst>
      <dst id="4">18711.1378</dst>
      <dst id="1">26064.4800</dst>
      <dst id="5">193722.9067</dst>
      <dst id="3">269.8044</dst>
      <dst id="22">8002.6489</dst>
      <dst id="7">962.0356</dst>
      <dst id="2">10289.1644</dst>
      <dst id="6">9874.7378</dst>
      <dst id="16">13772.0622</dst>
      <dst id="14">75.9200</dst>
      <dst id="20">45.9111</dst>
      <dst id="11">212.1422</dst>
      <dst id="9">193860.5867</dst>
      <dst id="17">6004.1333</dst>
      <dst id="21">2216.4000</dst>
      <dst id="15">124.7111</dst>
    </src>
    <src id="5">
      <dst id="12">290971.0311</dst>
      <dst id="13">4901.2356</dst>
      <dst id="19">60.9778</dst>
      <dst id="23">107.3778</dst>
      <dst id="8">300.2933</dst>
      <dst id="18">82.3911</dst>
      <dst id="4">5419.9733</dst>
      <dst id="1">217.4756</dst>
      <dst id="3">25.6000</dst>
      <dst id="22">6590.7111</dst>
      <dst id="7">196.9244</dst>
      <dst id="2">119979.6889</dst>
      <dst id="6">7.2622</dst>
      <dst id="16">399.5111</dst>
      <dst id="14">28.8267</dst>
      <dst id="20">686.6400</dst>
      <dst id="11">1369.5378</dst>
      <dst id="9">1941.1111</dst>
      <dst id="17">114755.7956</dst>
      <dst id="21">315.0044</dst>
      <dst id="15">156.7111</dst>
    </src>
    <src id="3">
      <dst id="12">8948.8978</dst>
      <dst id="13">7689.2356</dst>
      <dst id="19">1020.7733</dst>
      <dst id="23">8523.2000</dst>
      <dst id="8">88.4622</dst>
      <dst id="18">60979.8133</dst>
      <dst id="4">22512.9067</dst>
      <dst id="1">6251.7511</dst>
      <dst id="5">264.6756</dst>
      <dst id="3">11882.4444</dst>
      <dst id="22">3600.4356</dst>
      <dst id="7">4690.6489</dst>
      <dst id="2">11743.6356</dst>
      <dst id="6">2.7733</dst>
      <dst id="16">731.7156</dst>
      <dst id="14">35497.4133</dst>
      <dst id="20">50.5511</dst>
      <dst id="11">132346.2222</dst>
      <dst id="9">902.4711</dst>
      <dst id="17">4549.6622</dst>
      <dst id="21">10949.8667</dst>
      <dst id="15">38.5778</dst>
    </src>
    <src id="10">
      <dst id="12">20337.1200</dst>
      <dst id="19">1038.7467</dst>
      <dst id="8">498.7022</dst>
      <dst id="18">4361.1911</dst>
      <dst id="4">0.3556</dst>
      <dst id="1">5615.8933</dst>
      <dst id="5">923.9467</dst>
      <dst id="3">2028.6844</dst>
      <dst id="22">7716.9689</dst>
      <dst id="7">11613.6267</dst>
      <dst id="2">20846.7556</dst>
      <dst id="6">38.2578</dst>
      <dst id="16">1073.4400</dst>
      <dst id="14">637.6444</dst>
      <dst id="20">466.2222</dst>
      <dst id="11">5637.0044</dst>
      <dst id="9">930.7289</dst>
      <dst id="17">14981.8311</dst>
      <dst id="21">4924.3378</dst>
      <dst id="15">715.0044</dst>
    </src>
    <src id="22">
      <dst id="12">7880.1689</dst>
      <dst id="13">3185.6178</dst>
      <dst id="19">45.9378</dst>
      <dst id="23">22.4356</dst>
      <dst id="8">358.5156</dst>
      <dst id="18">855.2978</dst>
      <dst id="4">21681.9200</dst>
      <dst id="1">1377.6000</dst>
      <dst id="5">5865.8844</dst>
      <dst id="3">368.9244</dst>
      <dst id="7">961.0400</dst>
      <dst id="2">6108.5422</dst>
      <dst id="6">0.5511</dst>
      <dst id="16">1.7867</dst>
      <dst id="14">1.4756</dst>
      <dst id="11">3851.8756</dst>
      <dst id="9">2117.5200</dst>
      <dst id="17">11804.8622</dst>
      <dst id="21">453.7067</dst>
    </src>
    <src id="7">
      <dst id="12">5104.3911</dst>
      <dst id="13">265.5822</dst>
      <dst id="19">34.0000</dst>
      <dst id="23">18.3111</dst>
      <dst id="8">406.6133</dst>
      <dst id="18">297.5822</dst>
      <dst id="4">16468.4533</dst>
      <dst id="1">3214.1689</dst>
      <dst id="5">1696.8178</dst>
      <dst id="3">15194.7733</dst>
      <dst id="22">2737.5111</dst>
      <dst id="7">804.7200</dst>
      <dst id="2">6751.1111</dst>
      <dst id="6">46.8622</dst>
      <dst id="16">727.5289</dst>
      <dst id="14">1123.8844</dst>
      <dst id="20">715.6533</dst>
      <dst id="11">1569.5022</dst>
      <dst id="9">561.6800</dst>
      <dst id="17">12751.0400</dst>
      <dst id="21">1830.0089</dst>
      <dst id="15">200.6489</dst>
    </src>
    <src id="2">
      <dst id="12">87693.3511</dst>
      <dst id="13">523196.3467</dst>
      <dst id="19">1179.3156</dst>
      <dst id="8">1271.4844</dst>
      <dst id="18">56016.8800</dst>
      <dst id="4">96438.0000</dst>
      <dst id="1">4321.4133</dst>
      <dst id="5">3393.9467</dst>
      <dst id="3">148.8444</dst>
      <dst id="22">3107.0044</dst>
      <dst id="7">5227.3778</dst>
      <dst id="2">582.5156</dst>
      <dst id="6">8137.4311</dst>
      <dst id="16">2874.2667</dst>
      <dst id="14">171.9822</dst>
      <dst id="20">509.7067</dst>
      <dst id="11">2546.4444</dst>
      <dst id="9">732.4533</dst>
      <dst id="17">28740.6400</dst>
      <dst id="21">2600.4267</dst>
      <dst id="15">13.5467</dst>
    </src>
    <src id="6">
      <dst id="12">10598.8089</dst>
      <dst id="13">5.6356</dst>
      <dst id="19">1.4578</dst>
      <dst id="23">0.6756</dst>
      <dst id="4">1320.6133</dst>
      <dst id="1">88.4978</dst>
      <dst id="5">1.9022</dst>
      <dst id="22">12.9511</dst>
      <dst id="7">4.9156</dst>
      <dst id="2">3003.6889</dst>
      <dst id="16">0.7822</dst>
      <dst id="20">11.4933</dst>
      <dst id="9">0.5244</dst>
      <dst id="17">1870.5689</dst>
      <dst id="21">0.8178</dst>
    </src>
    <src id="16">
      <dst id="12">2739.6622</dst>
      <dst id="13">931.0222</dst>
      <dst id="19">4041.7600</dst>
      <dst id="23">18.2844</dst>
      <dst id="8">4343.7244</dst>
      <dst id="18">26.8533</dst>
      <dst id="4">3765.9022</dst>
      <dst id="1">23142.7467</dst>
      <dst id="5">3040.2400</dst>
      <dst id="3">391.1911</dst>
      <dst id="7">675.6889</dst>
      <dst id="2">1115.6622</dst>
      <dst id="6">14.5778</dst>
      <dst id="16">45.3244</dst>
      <dst id="14">1.3156</dst>
      <dst id="11">112.3022</dst>
      <dst id="9">4441.9200</dst>
      <dst id="17">1553.9467</dst>
      <dst id="21">1983.8667</dst>
    </src>
    <src id="14">
      <dst id="12">21323.5111</dst>
      <dst id="13">25.2800</dst>
      <dst id="19">4.5511</dst>
      <dst id="18">2.9333</dst>
      <dst id="4">1491.6267</dst>
      <dst id="1">96.8711</dst>
      <dst id="5">20.6489</dst>
      <dst id="3">50.3644</dst>
      <dst id="22">1.7067</dst>
      <dst id="7">76.8444</dst>
      <dst id="2">6175.8933</dst>
      <dst id="20">0.3556</dst>
      <dst id="11">28.2222</dst>
      <dst id="9">105.9200</dst>
      <dst id="17">6171.5289</dst>
      <dst id="21">55.6889</dst>
    </src>
    <src id="20">
      <dst id="12">1525.4400</dst>
      <dst id="13">5034.7556</dst>
      <dst id="19">62.5689</dst>
      <dst id="23">0.4356</dst>
      <dst id="8">603.1022</dst>
      <dst id="18">562.8978</dst>
      <dst id="4">9337.8044</dst>
      <dst id="1">188.1156</dst>
      <dst id="5">2925.5733</dst>
      <dst id="3">69.8489</dst>
      <dst id="7">14573.0044</dst>
      <dst id="2">3225.2267</dst>
      <dst id="6">9.6622</dst>
      <dst id="14">0.4622</dst>
      <dst id="11">541.7333</dst>
      <dst id="9">3427.7511</dst>
      <dst id="17">916.5956</dst>
      <dst id="21">118.2844</dst>
    </src>
    <src id="11">
      <dst id="12">447352.0622</dst>
      <dst id="13">5914.5067</dst>
      <dst id="19">56.6756</dst>
      <dst id="23">131.0133</dst>
      <dst id="8">3227.6000</dst>
      <dst id="18">275.9111</dst>
      <dst id="4">12502.6489</dst>
      <dst id="1">545.3867</dst>
      <dst id="5">1547.3778</dst>
      <dst id="3">390.8178</dst>
      <dst id="22">2147.1733</dst>
      <dst id="7">290.0533</dst>
      <dst id="2">173798.6133</dst>
      <dst id="6">26.6311</dst>
      <dst id="16">1869.0756</dst>
      <dst id="14">38.5511</dst>
      <dst id="20">1411.9733</dst>
      <dst id="11">987.3244</dst>
      <dst id="9">1046.1067</dst>
      <dst id="17">177646.3289</dst>
      <dst id="21">638.9867</dst>
      <dst id="15">959.7244</dst>
    </src>
    <src id="9">
      <dst id="12">447526.6933</dst>
      <dst id="13">3517.2267</dst>
      <dst id="19">22.2311</dst>
      <dst id="23">328.6756</dst>
      <dst id="8">414.2933</dst>
      <dst id="18">616.2844</dst>
      <dst id="4">8056.6489</dst>
      <dst id="1">2158.1600</dst>
      <dst id="5">859.5467</dst>
      <dst id="3">11.1289</dst>
      <dst id="22">1686.1244</dst>
      <dst id="7">23.3333</dst>
      <dst id="2">155869.2800</dst>
      <dst id="6">1.1556</dst>
      <dst id="16">712.5511</dst>
      <dst id="14">15.1111</dst>
      <dst id="20">1328.8444</dst>
      <dst id="11">1217.5378</dst>
      <dst id="9">191.2800</dst>
      <dst id="17">169583.6267</dst>
      <dst id="21">270.7911</dst>
      <dst id="15">218.2133</dst>
    </src>
    <src id="17">
      <dst id="12">7612.9422</dst>
      <dst id="13">14585.2089</dst>
      <dst id="19">312.0622</dst>
      <dst id="23">59.7600</dst>
      <dst id="8">127926.3111</dst>
      <dst id="18">81.8222</dst>
      <dst id="4">155457.7156</dst>
      <dst id="1">687.4222</dst>
      <dst id="5">184854.4089</dst>
      <dst id="3">3802.4444</dst>
      <dst id="22">11448.0978</dst>
      <dst id="7">1481.4133</dst>
      <dst id="2">8819.2889</dst>
      <dst id="6">10.4889</dst>
      <dst id="16">3770.6844</dst>
      <dst id="14">23646.8267</dst>
      <dst id="20">378.7556</dst>
      <dst id="11">94419.4578</dst>
      <dst id="9">158147.2356</dst>
      <dst id="17">1972.1156</dst>
      <dst id="21">10430.2756</dst>
      <dst id="15">112.3467</dst>
    </src>
    <src id="21">
      <dst id="12">34360.8444</dst>
      <dst id="13">1633.7778</dst>
      <dst id="19">89.6178</dst>
      <dst id="23">2.4800</dst>
      <dst id="8">56.3467</dst>
      <dst id="18">159.5644</dst>
      <dst id="4">11428.3022</dst>
      <dst id="1">3284.5244</dst>
      <dst id="5">351.0578</dst>
      <dst id="3">724.0533</dst>
      <dst id="22">900.3733</dst>
      <dst id="7">890.9244</dst>
      <dst id="2">14393.2533</dst>
      <dst id="6">3.3422</dst>
      <dst id="16">211.2178</dst>
      <dst id="14">75.7778</dst>
      <dst id="20">337.6089</dst>
      <dst id="11">409.8667</dst>
      <dst id="9">259.8400</dst>
      <dst id="17">8805.5378</dst>
      <dst id="21">632.6756</dst>
      <dst id="15">46.6489</dst>
    </src>
    <src id="15">
      <dst id="12">843.4044</dst>
      <dst id="13">4760.5867</dst>
      <dst id="19">13.3333</dst>
      <dst id="8">384.9778</dst>
      <dst id="18">1.4044</dst>
      <dst id="4">3380.3378</dst>
      <dst id="1">717.8222</dst>
      <dst id="5">29.9022</dst>
      <dst id="3">22.4711</dst>
      <dst id="7">1.4578</dst>
      <dst id="2">707.9289</dst>
      <dst id="16">1.0133</dst>
      <dst id="14">24.1778</dst>
      <dst id="11">118.1956</dst>
      <dst id="9">4742.6578</dst>
      <dst id="17">199.2533</dst>
      <dst id="21">57.3778</dst>
    </src>
  </IntraTM>
</TrafficMatrixFile>
