<?xml version="1.0" encoding="UTF-8" standalone="yes"?>
<TrafficMatrixFile xmlns:xsi="http://www.w3.org/2001/XMLSchema-instance" xsi:noNamespaceSchemaLocation="http://totem.run.montefiore.ulg.ac.be/Schema/TrafficMatrix-v1_2.xsd">
  <info>
    <title>Intradomain traffic matrix generated by geant-TM-all.pl</title>
    <date>2005-01-04T14:30:00</date>
    <duration>900</duration>
    <author>Steve Uhlig</author>
    <units>
        <unit type="bandwidth" value="kbps"/>
    </units>
  </info>
  <IntraTM ASID="20965">
    <src id="12">
      <dst id="12">172881.8044</dst>
      <dst id="13">12414.3378</dst>
      <dst id="19">2344.5422</dst>
      <dst id="23">68.7822</dst>
      <dst id="8">857.1022</dst>
      <dst id="18">222.3911</dst>
      <dst id="4">51455.2800</dst>
      <dst id="1">15603.1733</dst>
      <dst id="5">1044.2933</dst>
      <dst id="3">2597.9644</dst>
      <dst id="22">1624.4622</dst>
      <dst id="7">23548.6933</dst>
      <dst id="2">59366.2667</dst>
      <dst id="6">11.0133</dst>
      <dst id="16">8336.4711</dst>
      <dst id="14">151.5467</dst>
      <dst id="20">3629.9644</dst>
      <dst id="11">3630.3644</dst>
      <dst id="9">2871.7244</dst>
      <dst id="17">59679.9911</dst>
      <dst id="21">5008.8267</dst>
      <dst id="15">482.7822</dst>
    </src>
    <src id="13">
      <dst id="12">27244.6222</dst>
      <dst id="19">10617.4044</dst>
      <dst id="23">11.0489</dst>
      <dst id="8">3087.7156</dst>
      <dst id="18">2607.7156</dst>
      <dst id="1">1669.5111</dst>
      <dst id="5">3521.1911</dst>
      <dst id="3">4808.3733</dst>
      <dst id="22">10447.7244</dst>
      <dst id="7">4894.6844</dst>
      <dst id="2">69909.0489</dst>
      <dst id="6">159.3867</dst>
      <dst id="16">7843.4933</dst>
      <dst id="14">2479.1733</dst>
      <dst id="20">6098.9600</dst>
      <dst id="11">4556.3911</dst>
      <dst id="9">6776.3289</dst>
      <dst id="17">23718.2844</dst>
      <dst id="21">10016.5511</dst>
      <dst id="15">510.0889</dst>
    </src>
    <src id="19">
      <dst id="12">14597.9200</dst>
      <dst id="13">137.5911</dst>
      <dst id="8">0.4178</dst>
      <dst id="4">20586.1422</dst>
      <dst id="1">614.9778</dst>
      <dst id="5">1.2800</dst>
      <dst id="3">0.8978</dst>
      <dst id="22">66.6311</dst>
      <dst id="7">2344.1778</dst>
      <dst id="2">174.1778</dst>
      <dst id="6">15.8133</dst>
      <dst id="16">8029.6978</dst>
      <dst id="14">37.8044</dst>
      <dst id="20">2.0711</dst>
      <dst id="11">1.7867</dst>
      <dst id="9">3523.4844</dst>
      <dst id="17">47.0667</dst>
      <dst id="21">238.6933</dst>
      <dst id="15">0.6844</dst>
    </src>
    <src id="23">
      <dst id="12">81.9733</dst>
      <dst id="13">42.7200</dst>
      <dst id="18">25.7333</dst>
      <dst id="4">53.5289</dst>
      <dst id="1">26.7378</dst>
      <dst id="5">0.4978</dst>
      <dst id="3">305.3600</dst>
      <dst id="22">17.0133</dst>
      <dst id="7">14.1867</dst>
      <dst id="2">2.3733</dst>
      <dst id="16">5.2178</dst>
      <dst id="20">30.7200</dst>
      <dst id="11">55.1911</dst>
      <dst id="9">868.1244</dst>
      <dst id="17">29.7333</dst>
      <dst id="21">134.8622</dst>
    </src>
    <src id="8">
      <dst id="12">243470.6844</dst>
      <dst id="13">893.7600</dst>
      <dst id="19">0.4711</dst>
      <dst id="23">0.3556</dst>
      <dst id="18">1.2356</dst>
      <dst id="4">6686.2667</dst>
      <dst id="1">1689.0756</dst>
      <dst id="5">183.4756</dst>
      <dst id="3">65.2533</dst>
      <dst id="22">522.0622</dst>
      <dst id="7">971.2889</dst>
      <dst id="2">75286.9778</dst>
      <dst id="6">0.8622</dst>
      <dst id="16">38.7467</dst>
      <dst id="20">17.2000</dst>
      <dst id="11">68.1689</dst>
      <dst id="9">296.5067</dst>
      <dst id="17">89392.2756</dst>
      <dst id="21">210.8000</dst>
      <dst id="15">57.2800</dst>
    </src>
    <src id="18">
      <dst id="12">98593.3867</dst>
      <dst id="13">71.7156</dst>
      <dst id="19">1.1022</dst>
      <dst id="23">1.4667</dst>
      <dst id="8">37.0667</dst>
      <dst id="4">2184.2489</dst>
      <dst id="1">1397.8667</dst>
      <dst id="5">58.4178</dst>
      <dst id="3">85.5556</dst>
      <dst id="22">99.3778</dst>
      <dst id="7">45.2267</dst>
      <dst id="2">23038.4533</dst>
      <dst id="16">5.8222</dst>
      <dst id="14">0.6489</dst>
      <dst id="20">75.2089</dst>
      <dst id="11">106.8089</dst>
      <dst id="9">339.1556</dst>
      <dst id="17">31841.3511</dst>
      <dst id="21">147.1378</dst>
    </src>
    <src id="4">
      <dst id="12">7177.8489</dst>
      <dst id="19">15221.0489</dst>
      <dst id="23">1.4222</dst>
      <dst id="8">2380.9333</dst>
      <dst id="18">2281.3156</dst>
      <dst id="4">2.2222</dst>
      <dst id="1">19569.5467</dst>
      <dst id="5">1192.4533</dst>
      <dst id="3">143.7511</dst>
      <dst id="22">2411.5556</dst>
      <dst id="7">140589.4044</dst>
      <dst id="2">67369.6178</dst>
      <dst id="6">37.0489</dst>
      <dst id="16">511.9822</dst>
      <dst id="14">1297.8311</dst>
      <dst id="20">94.7822</dst>
      <dst id="11">2427.7600</dst>
      <dst id="9">2771.6267</dst>
      <dst id="17">8347.2800</dst>
      <dst id="21">2277.5644</dst>
      <dst id="15">184.1600</dst>
    </src>
    <src id="1">
      <dst id="12">16883.9467</dst>
      <dst id="13">260.5422</dst>
      <dst id="19">153.1022</dst>
      <dst id="23">38.6756</dst>
      <dst id="8">51605.1467</dst>
      <dst id="18">13995.7511</dst>
      <dst id="4">9705.9644</dst>
      <dst id="1">7766.0711</dst>
      <dst id="5">112800.8978</dst>
      <dst id="3">104.9689</dst>
      <dst id="22">583.0400</dst>
      <dst id="7">840.8178</dst>
      <dst id="2">1326.6311</dst>
      <dst id="6">4739.0667</dst>
      <dst id="16">14125.3244</dst>
      <dst id="14">174.6222</dst>
      <dst id="20">91.7600</dst>
      <dst id="11">133.0756</dst>
      <dst id="9">105728.0978</dst>
      <dst id="17">2495.4489</dst>
      <dst id="21">1879.9733</dst>
      <dst id="15">84.6844</dst>
    </src>
    <src id="5">
      <dst id="12">194219.9200</dst>
      <dst id="13">347.6000</dst>
      <dst id="19">1.8133</dst>
      <dst id="23">0.4622</dst>
      <dst id="8">83.5289</dst>
      <dst id="18">550.6756</dst>
      <dst id="4">8872.1333</dst>
      <dst id="1">2263.9911</dst>
      <dst id="3">19.9022</dst>
      <dst id="22">2015.1822</dst>
      <dst id="7">266.8178</dst>
      <dst id="2">71480.3378</dst>
      <dst id="6">0.5511</dst>
      <dst id="16">239.2267</dst>
      <dst id="14">9.4756</dst>
      <dst id="20">1120.9778</dst>
      <dst id="11">459.2889</dst>
      <dst id="9">7679.0222</dst>
      <dst id="17">92599.1111</dst>
      <dst id="21">362.3378</dst>
      <dst id="15">108.4356</dst>
    </src>
    <src id="3">
      <dst id="12">4218.8889</dst>
      <dst id="13">338.5244</dst>
      <dst id="19">373.8400</dst>
      <dst id="23">11144.5422</dst>
      <dst id="8">31.0933</dst>
      <dst id="18">43850.5244</dst>
      <dst id="4">42549.0578</dst>
      <dst id="1">3619.7867</dst>
      <dst id="5">105.2711</dst>
      <dst id="3">7762.1333</dst>
      <dst id="22">267.0400</dst>
      <dst id="7">1292.1333</dst>
      <dst id="2">5948.0178</dst>
      <dst id="6">1.2978</dst>
      <dst id="16">405.3333</dst>
      <dst id="14">30886.6222</dst>
      <dst id="20">6.3022</dst>
      <dst id="11">78218.4978</dst>
      <dst id="9">232.7556</dst>
      <dst id="17">4825.5733</dst>
      <dst id="21">4265.8933</dst>
      <dst id="15">27.6622</dst>
    </src>
    <src id="10">
      <dst id="12">10829.8222</dst>
      <dst id="19">5090.9333</dst>
      <dst id="8">262.4267</dst>
      <dst id="18">3843.1200</dst>
      <dst id="1">3609.3956</dst>
      <dst id="5">241.8844</dst>
      <dst id="3">3923.4311</dst>
      <dst id="22">5083.5911</dst>
      <dst id="7">7660.4444</dst>
      <dst id="2">14738.4178</dst>
      <dst id="6">0.5333</dst>
      <dst id="16">297.7511</dst>
      <dst id="14">1015.5556</dst>
      <dst id="20">4479.4044</dst>
      <dst id="11">5956.4089</dst>
      <dst id="9">3690.1067</dst>
      <dst id="17">9582.6756</dst>
      <dst id="21">12701.1644</dst>
      <dst id="15">21.4489</dst>
    </src>
    <src id="22">
      <dst id="12">9643.1289</dst>
      <dst id="13">1806.8711</dst>
      <dst id="19">95.1733</dst>
      <dst id="23">5.5467</dst>
      <dst id="8">233.0844</dst>
      <dst id="18">258.3467</dst>
      <dst id="4">15458.4444</dst>
      <dst id="1">40.1333</dst>
      <dst id="5">1411.1111</dst>
      <dst id="3">303.4933</dst>
      <dst id="7">91.9111</dst>
      <dst id="2">1617.7422</dst>
      <dst id="6">126.4533</dst>
      <dst id="16">0.4622</dst>
      <dst id="14">17.6533</dst>
      <dst id="11">1066.4800</dst>
      <dst id="9">3656.9867</dst>
      <dst id="17">2166.0178</dst>
      <dst id="21">400.5333</dst>
    </src>
    <src id="7">
      <dst id="12">1691.9378</dst>
      <dst id="13">132.6933</dst>
      <dst id="19">27.7867</dst>
      <dst id="23">17.3244</dst>
      <dst id="8">58.7644</dst>
      <dst id="18">125.6800</dst>
      <dst id="4">44902.7556</dst>
      <dst id="1">2095.7778</dst>
      <dst id="5">1145.6533</dst>
      <dst id="3">98.6578</dst>
      <dst id="22">3597.3244</dst>
      <dst id="7">840.4622</dst>
      <dst id="2">7448.1956</dst>
      <dst id="16">318.0000</dst>
      <dst id="14">89.2622</dst>
      <dst id="20">480.0889</dst>
      <dst id="11">413.8756</dst>
      <dst id="9">83.8667</dst>
      <dst id="17">2586.8267</dst>
      <dst id="21">1487.8489</dst>
      <dst id="15">68.6222</dst>
    </src>
    <src id="2">
      <dst id="12">52585.4222</dst>
      <dst id="13">504029.2000</dst>
      <dst id="19">44.4000</dst>
      <dst id="8">114.8444</dst>
      <dst id="18">35570.7289</dst>
      <dst id="4">76752.9067</dst>
      <dst id="1">8042.4622</dst>
      <dst id="5">2606.4178</dst>
      <dst id="3">16.1333</dst>
      <dst id="22">929.9911</dst>
      <dst id="7">2026.2400</dst>
      <dst id="2">643.9022</dst>
      <dst id="6">5513.3511</dst>
      <dst id="16">2267.8578</dst>
      <dst id="14">5505.2889</dst>
      <dst id="20">118.8533</dst>
      <dst id="11">1118.4267</dst>
      <dst id="9">392.1422</dst>
      <dst id="17">24905.1911</dst>
      <dst id="21">1139.6356</dst>
      <dst id="15">43.2356</dst>
    </src>
    <src id="6">
      <dst id="12">7436.7822</dst>
      <dst id="13">7.2533</dst>
      <dst id="19">1.1733</dst>
      <dst id="18">47.6444</dst>
      <dst id="4">1132.5689</dst>
      <dst id="22">4.6578</dst>
      <dst id="7">0.6756</dst>
      <dst id="2">1443.3511</dst>
      <dst id="16">15.3600</dst>
      <dst id="14">2.9867</dst>
      <dst id="11">1.3511</dst>
      <dst id="17">1193.9289</dst>
      <dst id="21">2.1867</dst>
    </src>
    <src id="16">
      <dst id="12">3553.5911</dst>
      <dst id="13">106.8089</dst>
      <dst id="19">4826.8178</dst>
      <dst id="23">1.7778</dst>
      <dst id="8">1100.9778</dst>
      <dst id="18">3.0578</dst>
      <dst id="4">3375.2089</dst>
      <dst id="1">22817.0578</dst>
      <dst id="5">531.7778</dst>
      <dst id="7">663.2711</dst>
      <dst id="2">161.2444</dst>
      <dst id="6">48.8889</dst>
      <dst id="16">20.1778</dst>
      <dst id="11">67.8222</dst>
      <dst id="9">1845.5378</dst>
      <dst id="17">902.2578</dst>
      <dst id="21">2069.4133</dst>
    </src>
    <src id="14">
      <dst id="12">18991.8578</dst>
      <dst id="13">34.3911</dst>
      <dst id="19">12.4089</dst>
      <dst id="4">1352.2311</dst>
      <dst id="1">113.3778</dst>
      <dst id="5">0.3556</dst>
      <dst id="3">26.1956</dst>
      <dst id="22">2.3644</dst>
      <dst id="7">35.9822</dst>
      <dst id="2">5020.0800</dst>
      <dst id="11">44.8889</dst>
      <dst id="9">6.6933</dst>
      <dst id="17">6353.9822</dst>
      <dst id="21">107.8667</dst>
      <dst id="15">24.7467</dst>
    </src>
    <src id="20">
      <dst id="12">1498.6844</dst>
      <dst id="13">499.0133</dst>
      <dst id="19">5.7778</dst>
      <dst id="23">1.0400</dst>
      <dst id="8">65.8044</dst>
      <dst id="18">2.7022</dst>
      <dst id="4">7159.2444</dst>
      <dst id="1">7.3333</dst>
      <dst id="5">327.9644</dst>
      <dst id="3">30.2578</dst>
      <dst id="7">17189.6267</dst>
      <dst id="2">934.0978</dst>
      <dst id="11">179.0133</dst>
      <dst id="9">353.4311</dst>
      <dst id="17">119.6533</dst>
      <dst id="21">500.2844</dst>
    </src>
    <src id="11">
      <dst id="12">352850.9244</dst>
      <dst id="13">4959.5911</dst>
      <dst id="19">8.3822</dst>
      <dst id="23">3.7956</dst>
      <dst id="8">78.4267</dst>
      <dst id="18">60.6222</dst>
      <dst id="4">9506.3822</dst>
      <dst id="1">16733.8756</dst>
      <dst id="5">802.5156</dst>
      <dst id="3">450.3289</dst>
      <dst id="22">2091.7156</dst>
      <dst id="7">214.0622</dst>
      <dst id="2">117791.2000</dst>
      <dst id="16">111.3689</dst>
      <dst id="14">82.6311</dst>
      <dst id="20">87.9200</dst>
      <dst id="11">2074.7911</dst>
      <dst id="9">1901.1111</dst>
      <dst id="17">124285.5822</dst>
      <dst id="21">576.3644</dst>
      <dst id="15">122.2933</dst>
    </src>
    <src id="9">
      <dst id="12">363644.2044</dst>
      <dst id="13">705.0489</dst>
      <dst id="19">82.0267</dst>
      <dst id="23">23.0044</dst>
      <dst id="8">63.5911</dst>
      <dst id="18">210.6044</dst>
      <dst id="4">9713.5556</dst>
      <dst id="1">784.9778</dst>
      <dst id="5">1190.1422</dst>
      <dst id="3">4.2400</dst>
      <dst id="22">1340.1067</dst>
      <dst id="7">28.2933</dst>
      <dst id="2">104728.1511</dst>
      <dst id="6">0.5156</dst>
      <dst id="16">34.9333</dst>
      <dst id="20">565.9111</dst>
      <dst id="11">228.8978</dst>
      <dst id="9">12.2133</dst>
      <dst id="17">133845.0667</dst>
      <dst id="21">129.2889</dst>
      <dst id="15">123.6978</dst>
    </src>
    <src id="17">
      <dst id="12">5877.1111</dst>
      <dst id="13">521.0222</dst>
      <dst id="19">53.7956</dst>
      <dst id="23">28.0000</dst>
      <dst id="8">67781.5733</dst>
      <dst id="18">2195.3956</dst>
      <dst id="4">23423.6000</dst>
      <dst id="1">621.7422</dst>
      <dst id="5">111292.9956</dst>
      <dst id="3">4683.5644</dst>
      <dst id="22">2200.0178</dst>
      <dst id="7">1126.7644</dst>
      <dst id="2">3867.4044</dst>
      <dst id="6">104.9422</dst>
      <dst id="16">2038.0089</dst>
      <dst id="14">24888.3111</dst>
      <dst id="20">185.7511</dst>
      <dst id="11">55686.4533</dst>
      <dst id="9">84028.3556</dst>
      <dst id="17">840.5511</dst>
      <dst id="21">18850.5333</dst>
      <dst id="15">120.5956</dst>
    </src>
    <src id="21">
      <dst id="12">14216.4622</dst>
      <dst id="13">217.4133</dst>
      <dst id="19">33.3156</dst>
      <dst id="23">2.8800</dst>
      <dst id="8">74.0267</dst>
      <dst id="18">156.5244</dst>
      <dst id="4">8810.3644</dst>
      <dst id="1">2069.8222</dst>
      <dst id="5">63.7600</dst>
      <dst id="3">919.6356</dst>
      <dst id="22">1024.8267</dst>
      <dst id="7">1303.1378</dst>
      <dst id="2">5645.8667</dst>
      <dst id="6">106.6400</dst>
      <dst id="16">293.7778</dst>
      <dst id="14">52.7200</dst>
      <dst id="20">1627.0667</dst>
      <dst id="11">1855.3956</dst>
      <dst id="9">454.3111</dst>
      <dst id="17">2903.0133</dst>
      <dst id="21">777.9289</dst>
      <dst id="15">7.2800</dst>
    </src>
    <src id="15">
      <dst id="12">2088.4711</dst>
      <dst id="13">114.3111</dst>
      <dst id="8">79.0044</dst>
      <dst id="18">2.3111</dst>
      <dst id="4">2594.2133</dst>
      <dst id="1">601.9378</dst>
      <dst id="5">87.4933</dst>
      <dst id="3">9.8400</dst>
      <dst id="7">17.7600</dst>
      <dst id="2">70.3289</dst>
      <dst id="14">1.7778</dst>
      <dst id="11">43.8578</dst>
      <dst id="9">64.4711</dst>
      <dst id="17">11098.9956</dst>
      <dst id="21">164.4000</dst>
    </src>
  </IntraTM>
</TrafficMatrixFile>
