<?xml version="1.0" encoding="UTF-8" standalone="yes"?>
<TrafficMatrixFile xmlns:xsi="http://www.w3.org/2001/XMLSchema-instance" xsi:noNamespaceSchemaLocation="http://totem.run.montefiore.ulg.ac.be/Schema/TrafficMatrix-v1_2.xsd">
  <info>
    <title>Intradomain traffic matrix generated by geant-TM-all.pl</title>
    <date>2005-01-02T08:30:00</date>
    <duration>900</duration>
    <author>Steve Uhlig</author>
    <units>
        <unit type="bandwidth" value="kbps"/>
    </units>
  </info>
  <IntraTM ASID="20965">
    <src id="12">
      <dst id="12">239163.0133</dst>
      <dst id="13">24815.0933</dst>
      <dst id="19">1010.2756</dst>
      <dst id="23">16002.2489</dst>
      <dst id="8">3053.1822</dst>
      <dst id="18">316.1422</dst>
      <dst id="4">98364.6044</dst>
      <dst id="1">7245.8578</dst>
      <dst id="5">4641.9644</dst>
      <dst id="3">3106.1156</dst>
      <dst id="22">17085.1200</dst>
      <dst id="7">8494.9689</dst>
      <dst id="2">80516.1867</dst>
      <dst id="6">51.2000</dst>
      <dst id="16">6907.4400</dst>
      <dst id="14">483.1556</dst>
      <dst id="20">1732.5956</dst>
      <dst id="11">7446.6311</dst>
      <dst id="9">6669.4667</dst>
      <dst id="17">79257.1822</dst>
      <dst id="21">10522.0622</dst>
      <dst id="15">2690.8622</dst>
    </src>
    <src id="13">
      <dst id="12">110287.2800</dst>
      <dst id="19">10689.1911</dst>
      <dst id="23">17.3067</dst>
      <dst id="8">2090.2844</dst>
      <dst id="18">4019.6444</dst>
      <dst id="1">2743.5733</dst>
      <dst id="5">5960.2489</dst>
      <dst id="3">4995.9467</dst>
      <dst id="22">28099.7778</dst>
      <dst id="7">10396.7200</dst>
      <dst id="2">129195.8133</dst>
      <dst id="6">88.3911</dst>
      <dst id="16">7826.6933</dst>
      <dst id="14">1511.5911</dst>
      <dst id="20">22188.1067</dst>
      <dst id="11">16639.1733</dst>
      <dst id="9">18417.8578</dst>
      <dst id="17">38803.4311</dst>
      <dst id="21">16020.2044</dst>
      <dst id="15">4413.4489</dst>
    </src>
    <src id="19">
      <dst id="12">12733.8222</dst>
      <dst id="13">1394.7200</dst>
      <dst id="23">13.9911</dst>
      <dst id="18">24.8711</dst>
      <dst id="4">19776.4800</dst>
      <dst id="1">398.4622</dst>
      <dst id="5">70.7911</dst>
      <dst id="22">324.7378</dst>
      <dst id="7">2446.7911</dst>
      <dst id="2">906.6311</dst>
      <dst id="6">69.9022</dst>
      <dst id="16">5815.5289</dst>
      <dst id="20">82.3556</dst>
      <dst id="11">15.2711</dst>
      <dst id="9">444.8444</dst>
      <dst id="17">89.5644</dst>
      <dst id="21">978.8800</dst>
      <dst id="15">1985.0578</dst>
    </src>
    <src id="23">
      <dst id="12">294.1956</dst>
      <dst id="13">89.9022</dst>
      <dst id="19">0.3556</dst>
      <dst id="8">77.7244</dst>
      <dst id="18">0.3556</dst>
      <dst id="4">120.0889</dst>
      <dst id="1">38.4444</dst>
      <dst id="5">74.6489</dst>
      <dst id="3">50.5244</dst>
      <dst id="22">81.9822</dst>
      <dst id="7">35.7689</dst>
      <dst id="2">99.8489</dst>
      <dst id="6">0.5333</dst>
      <dst id="16">5.2178</dst>
      <dst id="14">0.3556</dst>
      <dst id="11">1.2978</dst>
      <dst id="9">454.4178</dst>
      <dst id="17">257.7333</dst>
      <dst id="21">1232.6044</dst>
    </src>
    <src id="8">
      <dst id="12">312730.4089</dst>
      <dst id="13">150.1422</dst>
      <dst id="19">1.6889</dst>
      <dst id="23">1736.1422</dst>
      <dst id="18">95.6800</dst>
      <dst id="4">6456.2222</dst>
      <dst id="1">95.7511</dst>
      <dst id="5">1456.3467</dst>
      <dst id="22">489.2622</dst>
      <dst id="7">47.3156</dst>
      <dst id="2">117263.3689</dst>
      <dst id="16">216.7022</dst>
      <dst id="20">154.2222</dst>
      <dst id="11">90.1600</dst>
      <dst id="9">512.9956</dst>
      <dst id="17">117089.6089</dst>
      <dst id="21">193.9378</dst>
      <dst id="15">330.0800</dst>
    </src>
    <src id="18">
      <dst id="12">104123.8222</dst>
      <dst id="13">182.4000</dst>
      <dst id="19">356.4800</dst>
      <dst id="8">450.2400</dst>
      <dst id="4">2293.2889</dst>
      <dst id="1">1085.9644</dst>
      <dst id="5">92.2044</dst>
      <dst id="3">68.9778</dst>
      <dst id="22">661.0311</dst>
      <dst id="7">5.7778</dst>
      <dst id="2">33698.7289</dst>
      <dst id="16">12.5689</dst>
      <dst id="14">0.3556</dst>
      <dst id="20">43.8578</dst>
      <dst id="11">269.8222</dst>
      <dst id="9">310.1067</dst>
      <dst id="17">40767.4400</dst>
      <dst id="21">435.4933</dst>
      <dst id="15">162.3733</dst>
    </src>
    <src id="4">
      <dst id="12">12369.3689</dst>
      <dst id="19">5292.2756</dst>
      <dst id="23">7.5111</dst>
      <dst id="8">764.9956</dst>
      <dst id="18">1135.8222</dst>
      <dst id="4">1.6000</dst>
      <dst id="1">8619.3778</dst>
      <dst id="5">1183.9111</dst>
      <dst id="3">52.5244</dst>
      <dst id="22">4687.3333</dst>
      <dst id="7">46855.5200</dst>
      <dst id="2">56133.4133</dst>
      <dst id="6">6.7289</dst>
      <dst id="16">5711.0133</dst>
      <dst id="14">838.8800</dst>
      <dst id="20">928.7289</dst>
      <dst id="11">7454.0800</dst>
      <dst id="9">2326.7378</dst>
      <dst id="17">37977.2711</dst>
      <dst id="21">7111.0667</dst>
      <dst id="15">204.9956</dst>
    </src>
    <src id="1">
      <dst id="12">17767.5556</dst>
      <dst id="13">1185.0756</dst>
      <dst id="19">6.7111</dst>
      <dst id="23">42.1511</dst>
      <dst id="8">110494.5156</dst>
      <dst id="18">11825.1200</dst>
      <dst id="4">16243.0578</dst>
      <dst id="1">11387.1467</dst>
      <dst id="5">182436.1511</dst>
      <dst id="3">11.7689</dst>
      <dst id="22">3690.9689</dst>
      <dst id="7">1178.1600</dst>
      <dst id="2">1242.1067</dst>
      <dst id="6">6006.2044</dst>
      <dst id="16">12542.3111</dst>
      <dst id="14">39.9822</dst>
      <dst id="20">152.1600</dst>
      <dst id="11">129.3867</dst>
      <dst id="9">186145.1911</dst>
      <dst id="17">3484.8711</dst>
      <dst id="21">1928.5511</dst>
      <dst id="15">97.2089</dst>
    </src>
    <src id="5">
      <dst id="12">310915.7689</dst>
      <dst id="13">871.4400</dst>
      <dst id="19">114.2933</dst>
      <dst id="23">67.4844</dst>
      <dst id="8">926.7556</dst>
      <dst id="18">471.4311</dst>
      <dst id="4">7260.0889</dst>
      <dst id="1">161.9556</dst>
      <dst id="3">2.8444</dst>
      <dst id="22">4345.6800</dst>
      <dst id="7">22.4178</dst>
      <dst id="2">127370.3378</dst>
      <dst id="6">1.2178</dst>
      <dst id="16">204.3733</dst>
      <dst id="14">15.3600</dst>
      <dst id="20">160.6756</dst>
      <dst id="11">1231.5022</dst>
      <dst id="9">733.7156</dst>
      <dst id="17">104176.7200</dst>
      <dst id="21">414.4089</dst>
      <dst id="15">269.8222</dst>
    </src>
    <src id="3">
      <dst id="12">20602.0356</dst>
      <dst id="13">320.5600</dst>
      <dst id="19">4449.7600</dst>
      <dst id="23">3.4400</dst>
      <dst id="8">22.0267</dst>
      <dst id="18">76704.8622</dst>
      <dst id="4">55686.4622</dst>
      <dst id="1">10897.9822</dst>
      <dst id="5">677.8489</dst>
      <dst id="3">11168.2133</dst>
      <dst id="22">1287.5378</dst>
      <dst id="7">2251.2178</dst>
      <dst id="2">3698.4178</dst>
      <dst id="6">1.4667</dst>
      <dst id="16">998.4000</dst>
      <dst id="14">33882.4444</dst>
      <dst id="20">136.3733</dst>
      <dst id="11">134206.6933</dst>
      <dst id="9">203.1733</dst>
      <dst id="17">34215.6800</dst>
      <dst id="21">4253.8756</dst>
      <dst id="15">163.1289</dst>
    </src>
    <src id="10">
      <dst id="12">18116.9867</dst>
      <dst id="19">928.3822</dst>
      <dst id="8">754.4356</dst>
      <dst id="18">3857.4489</dst>
      <dst id="1">570.0267</dst>
      <dst id="5">1225.1822</dst>
      <dst id="3">12081.2444</dst>
      <dst id="22">6830.6222</dst>
      <dst id="7">18869.3778</dst>
      <dst id="2">31363.4311</dst>
      <dst id="6">12.9778</dst>
      <dst id="16">1678.9600</dst>
      <dst id="14">2250.4178</dst>
      <dst id="20">5820.3022</dst>
      <dst id="11">3706.2222</dst>
      <dst id="9">6081.4933</dst>
      <dst id="17">23237.7689</dst>
      <dst id="21">14938.6844</dst>
      <dst id="15">2153.8044</dst>
    </src>
    <src id="22">
      <dst id="12">9376.4800</dst>
      <dst id="13">4341.7778</dst>
      <dst id="19">109.5289</dst>
      <dst id="23">49.6089</dst>
      <dst id="8">601.1822</dst>
      <dst id="18">1259.5822</dst>
      <dst id="4">18224.1333</dst>
      <dst id="1">85.5289</dst>
      <dst id="5">4775.5289</dst>
      <dst id="3">104.9600</dst>
      <dst id="7">1070.3111</dst>
      <dst id="2">3815.2889</dst>
      <dst id="6">7.5200</dst>
      <dst id="16">19.2356</dst>
      <dst id="14">8.6311</dst>
      <dst id="11">4441.6089</dst>
      <dst id="9">2574.9333</dst>
      <dst id="17">2638.7289</dst>
      <dst id="21">1286.8978</dst>
    </src>
    <src id="7">
      <dst id="12">3952.3200</dst>
      <dst id="13">425.2267</dst>
      <dst id="19">209.5467</dst>
      <dst id="23">8.5067</dst>
      <dst id="8">701.3156</dst>
      <dst id="18">204.4889</dst>
      <dst id="4">40687.1200</dst>
      <dst id="1">5418.6489</dst>
      <dst id="5">1295.8311</dst>
      <dst id="3">2129.6444</dst>
      <dst id="22">6229.9822</dst>
      <dst id="7">804.8000</dst>
      <dst id="2">7172.6844</dst>
      <dst id="6">133.0578</dst>
      <dst id="16">695.6089</dst>
      <dst id="14">57.9556</dst>
      <dst id="20">308.6933</dst>
      <dst id="11">1883.8222</dst>
      <dst id="9">834.5422</dst>
      <dst id="17">6960.7556</dst>
      <dst id="21">9992.8978</dst>
      <dst id="15">499.8844</dst>
    </src>
    <src id="2">
      <dst id="12">98076.2667</dst>
      <dst id="13">7522.4444</dst>
      <dst id="19">9270.1867</dst>
      <dst id="23">0.5689</dst>
      <dst id="8">1812.0000</dst>
      <dst id="18">61741.5022</dst>
      <dst id="4">118246.1422</dst>
      <dst id="1">2011.9378</dst>
      <dst id="5">1169.9111</dst>
      <dst id="3">47.4756</dst>
      <dst id="22">1394.3289</dst>
      <dst id="7">2018.6044</dst>
      <dst id="2">947.4311</dst>
      <dst id="6">6843.8044</dst>
      <dst id="16">2191.4311</dst>
      <dst id="14">6088.8622</dst>
      <dst id="20">961.4044</dst>
      <dst id="11">3962.9156</dst>
      <dst id="9">1788.7289</dst>
      <dst id="17">58144.0711</dst>
      <dst id="21">5391.9822</dst>
      <dst id="15">223.8489</dst>
    </src>
    <src id="6">
      <dst id="12">8471.4844</dst>
      <dst id="13">33.2356</dst>
      <dst id="19">0.3556</dst>
      <dst id="18">11.4667</dst>
      <dst id="4">22.4889</dst>
      <dst id="1">2.4178</dst>
      <dst id="5">0.3556</dst>
      <dst id="22">1.4933</dst>
      <dst id="7">2.1333</dst>
      <dst id="2">1957.0578</dst>
      <dst id="16">0.3556</dst>
      <dst id="14">0.5600</dst>
      <dst id="20">1.7067</dst>
      <dst id="11">1.1289</dst>
      <dst id="9">125.4133</dst>
      <dst id="17">1146.4711</dst>
      <dst id="21">1.1289</dst>
    </src>
    <src id="16">
      <dst id="12">2913.6089</dst>
      <dst id="13">712.6044</dst>
      <dst id="19">4163.3867</dst>
      <dst id="23">1.7867</dst>
      <dst id="8">2095.0667</dst>
      <dst id="18">58.5244</dst>
      <dst id="4">6888.1778</dst>
      <dst id="1">13463.1644</dst>
      <dst id="5">1051.9200</dst>
      <dst id="7">2125.6178</dst>
      <dst id="2">577.0133</dst>
      <dst id="16">33.1644</dst>
      <dst id="14">205.6356</dst>
      <dst id="11">183.4311</dst>
      <dst id="9">7912.2222</dst>
      <dst id="17">1287.9644</dst>
      <dst id="21">229.8133</dst>
    </src>
    <src id="14">
      <dst id="12">17659.3333</dst>
      <dst id="13">64.9600</dst>
      <dst id="19">5.2267</dst>
      <dst id="18">12.6222</dst>
      <dst id="4">1627.0844</dst>
      <dst id="1">14.6489</dst>
      <dst id="5">28.8444</dst>
      <dst id="3">37.9467</dst>
      <dst id="22">13.3156</dst>
      <dst id="7">59.7511</dst>
      <dst id="2">8541.2267</dst>
      <dst id="16">5.1911</dst>
      <dst id="20">2.9333</dst>
      <dst id="11">35.0489</dst>
      <dst id="9">3.1644</dst>
      <dst id="17">9379.4756</dst>
      <dst id="21">47.1556</dst>
    </src>
    <src id="20">
      <dst id="12">9265.8667</dst>
      <dst id="13">390.4000</dst>
      <dst id="19">2213.6089</dst>
      <dst id="8">170.0444</dst>
      <dst id="18">157.0400</dst>
      <dst id="4">11480.7200</dst>
      <dst id="1">71.0667</dst>
      <dst id="5">1201.3156</dst>
      <dst id="3">169.1556</dst>
      <dst id="7">3047.8933</dst>
      <dst id="2">3269.8578</dst>
      <dst id="14">1.0667</dst>
      <dst id="11">208.3467</dst>
      <dst id="9">6340.9689</dst>
      <dst id="17">4203.3067</dst>
      <dst id="21">126.4267</dst>
    </src>
    <src id="11">
      <dst id="12">425200.7556</dst>
      <dst id="13">2518.8711</dst>
      <dst id="19">11.4756</dst>
      <dst id="23">2.3111</dst>
      <dst id="8">434.1244</dst>
      <dst id="18">190.1067</dst>
      <dst id="4">16638.0267</dst>
      <dst id="1">410.8267</dst>
      <dst id="5">1665.7600</dst>
      <dst id="3">273.5556</dst>
      <dst id="22">2546.9511</dst>
      <dst id="7">249.9911</dst>
      <dst id="2">176755.5200</dst>
      <dst id="6">11.9289</dst>
      <dst id="16">914.3467</dst>
      <dst id="14">53.0933</dst>
      <dst id="20">1265.8933</dst>
      <dst id="11">833.1467</dst>
      <dst id="9">1316.6133</dst>
      <dst id="17">151791.1733</dst>
      <dst id="21">1226.0444</dst>
      <dst id="15">423.1822</dst>
    </src>
    <src id="9">
      <dst id="12">447703.2800</dst>
      <dst id="13">2151.8133</dst>
      <dst id="19">36.6578</dst>
      <dst id="23">11.3778</dst>
      <dst id="8">676.2133</dst>
      <dst id="18">448.3822</dst>
      <dst id="4">15818.8089</dst>
      <dst id="1">567.2089</dst>
      <dst id="5">4268.8889</dst>
      <dst id="3">13.6889</dst>
      <dst id="22">3843.5644</dst>
      <dst id="7">97.5111</dst>
      <dst id="2">164590.3644</dst>
      <dst id="6">20.2222</dst>
      <dst id="16">260.1511</dst>
      <dst id="14">61.7422</dst>
      <dst id="20">19391.8756</dst>
      <dst id="11">791.5556</dst>
      <dst id="9">473.6622</dst>
      <dst id="17">174219.5733</dst>
      <dst id="21">468.5156</dst>
      <dst id="15">437.6711</dst>
    </src>
    <src id="17">
      <dst id="12">6056.0711</dst>
      <dst id="13">1135.2622</dst>
      <dst id="19">248.8178</dst>
      <dst id="23">255.7156</dst>
      <dst id="8">136021.6178</dst>
      <dst id="18">15734.2667</dst>
      <dst id="4">182754.8978</dst>
      <dst id="1">2737.7689</dst>
      <dst id="5">188234.9422</dst>
      <dst id="3">9694.6222</dst>
      <dst id="22">11601.9733</dst>
      <dst id="7">1081.4933</dst>
      <dst id="2">14664.2933</dst>
      <dst id="6">81.6622</dst>
      <dst id="16">1646.8444</dst>
      <dst id="14">21135.9911</dst>
      <dst id="20">516.9778</dst>
      <dst id="11">109856.9156</dst>
      <dst id="9">223648.2933</dst>
      <dst id="17">870.8711</dst>
      <dst id="21">8948.3289</dst>
      <dst id="15">961.5378</dst>
    </src>
    <src id="21">
      <dst id="12">20956.7644</dst>
      <dst id="13">1083.8222</dst>
      <dst id="19">128.6489</dst>
      <dst id="23">13.0844</dst>
      <dst id="8">1046.8889</dst>
      <dst id="18">310.1689</dst>
      <dst id="4">36457.3422</dst>
      <dst id="1">3188.1778</dst>
      <dst id="5">426.0089</dst>
      <dst id="3">1162.1067</dst>
      <dst id="22">2508.1333</dst>
      <dst id="7">3251.1022</dst>
      <dst id="2">10229.5733</dst>
      <dst id="6">3.3778</dst>
      <dst id="16">131.8044</dst>
      <dst id="14">87.4578</dst>
      <dst id="20">71.9822</dst>
      <dst id="11">794.3644</dst>
      <dst id="9">1121.1022</dst>
      <dst id="17">5520.1156</dst>
      <dst id="21">1401.5111</dst>
      <dst id="15">149.2622</dst>
    </src>
    <src id="15">
      <dst id="12">2179.2267</dst>
      <dst id="13">241.8756</dst>
      <dst id="19">4380.6311</dst>
      <dst id="23">1.1378</dst>
      <dst id="8">1240.8444</dst>
      <dst id="18">30.1511</dst>
      <dst id="4">6028.2844</dst>
      <dst id="1">753.2000</dst>
      <dst id="5">171.2089</dst>
      <dst id="3">8.7289</dst>
      <dst id="7">17.7156</dst>
      <dst id="2">144.3289</dst>
      <dst id="11">82.6311</dst>
      <dst id="9">405.6533</dst>
      <dst id="17">259.1200</dst>
      <dst id="21">42.0622</dst>
    </src>
  </IntraTM>
</TrafficMatrixFile>
