<?xml version="1.0" encoding="UTF-8" standalone="yes"?>
<TrafficMatrixFile xmlns:xsi="http://www.w3.org/2001/XMLSchema-instance" xsi:noNamespaceSchemaLocation="http://totem.run.montefiore.ulg.ac.be/Schema/TrafficMatrix-v1_2.xsd">
  <info>
    <title>Intradomain traffic matrix generated by geant-TM-all.pl</title>
    <date>2005-01-01T15:15:00</date>
    <duration>900</duration>
    <author>Steve Uhlig</author>
    <units>
        <unit type="bandwidth" value="kbps"/>
    </units>
  </info>
  <IntraTM ASID="20965">
    <src id="12">
      <dst id="12">269531.6622</dst>
      <dst id="13">25649.4133</dst>
      <dst id="19">5131.5200</dst>
      <dst id="23">10.7556</dst>
      <dst id="8">322.4267</dst>
      <dst id="18">138.1244</dst>
      <dst id="4">97642.1244</dst>
      <dst id="1">8978.4711</dst>
      <dst id="5">2966.2133</dst>
      <dst id="3">3939.1556</dst>
      <dst id="22">13533.0756</dst>
      <dst id="7">1750.7467</dst>
      <dst id="2">67270.1778</dst>
      <dst id="6">8.9956</dst>
      <dst id="16">5534.7200</dst>
      <dst id="14">1253.9556</dst>
      <dst id="20">7630.7289</dst>
      <dst id="11">1789.1556</dst>
      <dst id="9">7882.8444</dst>
      <dst id="17">44059.8756</dst>
      <dst id="21">8596.2222</dst>
      <dst id="15">2894.1067</dst>
    </src>
    <src id="13">
      <dst id="12">41792.2844</dst>
      <dst id="19">4282.2756</dst>
      <dst id="23">225.2533</dst>
      <dst id="8">2520.6400</dst>
      <dst id="18">2354.7822</dst>
      <dst id="1">1271.4489</dst>
      <dst id="5">3793.8489</dst>
      <dst id="3">4368.1778</dst>
      <dst id="22">13809.5556</dst>
      <dst id="7">8329.4844</dst>
      <dst id="2">54041.2178</dst>
      <dst id="6">45.6889</dst>
      <dst id="16">3569.0933</dst>
      <dst id="14">4922.8089</dst>
      <dst id="20">5377.6000</dst>
      <dst id="11">10245.5733</dst>
      <dst id="9">8380.8533</dst>
      <dst id="17">56221.9822</dst>
      <dst id="21">13212.0000</dst>
      <dst id="15">3759.4756</dst>
    </src>
    <src id="19">
      <dst id="12">12012.4178</dst>
      <dst id="13">232.8089</dst>
      <dst id="23">0.5333</dst>
      <dst id="8">1.9200</dst>
      <dst id="18">1.5644</dst>
      <dst id="4">24583.0222</dst>
      <dst id="1">10.3644</dst>
      <dst id="5">32.3467</dst>
      <dst id="3">217.4133</dst>
      <dst id="22">23.4667</dst>
      <dst id="7">3116.7378</dst>
      <dst id="2">87.3689</dst>
      <dst id="6">26.4889</dst>
      <dst id="16">10776.6756</dst>
      <dst id="20">5.4933</dst>
      <dst id="11">151.9022</dst>
      <dst id="9">106.6667</dst>
      <dst id="17">476.9956</dst>
      <dst id="21">247.4667</dst>
      <dst id="15">0.8178</dst>
    </src>
    <src id="23">
      <dst id="12">99.1022</dst>
      <dst id="13">69.0667</dst>
      <dst id="18">0.3556</dst>
      <dst id="4">98.0267</dst>
      <dst id="1">11.7778</dst>
      <dst id="3">52.4089</dst>
      <dst id="22">768.9244</dst>
      <dst id="7">54.1422</dst>
      <dst id="2">313.0133</dst>
      <dst id="16">1.8489</dst>
      <dst id="20">774.7200</dst>
      <dst id="11">397.5822</dst>
      <dst id="9">39.7156</dst>
      <dst id="17">34.7289</dst>
      <dst id="21">182.5689</dst>
      <dst id="15">27.8489</dst>
    </src>
    <src id="8">
      <dst id="12">287602.8356</dst>
      <dst id="13">415.1911</dst>
      <dst id="19">40.8889</dst>
      <dst id="18">96.2844</dst>
      <dst id="4">3770.5333</dst>
      <dst id="1">49.3689</dst>
      <dst id="5">490.0178</dst>
      <dst id="3">56.0978</dst>
      <dst id="22">706.6311</dst>
      <dst id="7">17.9378</dst>
      <dst id="2">84660.3111</dst>
      <dst id="6">14.1867</dst>
      <dst id="16">197.5556</dst>
      <dst id="14">6.8267</dst>
      <dst id="20">3606.1422</dst>
      <dst id="11">93.8844</dst>
      <dst id="9">467.3689</dst>
      <dst id="17">63953.6089</dst>
      <dst id="21">110.2844</dst>
      <dst id="15">30.1511</dst>
    </src>
    <src id="18">
      <dst id="12">110115.3600</dst>
      <dst id="13">118.3556</dst>
      <dst id="19">0.7467</dst>
      <dst id="8">17.7422</dst>
      <dst id="4">2145.3333</dst>
      <dst id="1">747.1378</dst>
      <dst id="5">439.0756</dst>
      <dst id="3">24.9689</dst>
      <dst id="22">149.2711</dst>
      <dst id="7">217.7422</dst>
      <dst id="2">25408.9511</dst>
      <dst id="16">54.2933</dst>
      <dst id="14">12.0178</dst>
      <dst id="20">29.5733</dst>
      <dst id="11">872.3022</dst>
      <dst id="9">193.2978</dst>
      <dst id="17">32630.4711</dst>
      <dst id="21">336.6044</dst>
      <dst id="15">58.0800</dst>
    </src>
    <src id="4">
      <dst id="12">11019.3689</dst>
      <dst id="19">15684.8622</dst>
      <dst id="8">1032.4356</dst>
      <dst id="18">317.3244</dst>
      <dst id="1">1876.1689</dst>
      <dst id="5">987.4756</dst>
      <dst id="3">72448.9600</dst>
      <dst id="22">2560.1333</dst>
      <dst id="7">31360.9511</dst>
      <dst id="2">66028.3822</dst>
      <dst id="6">1.4400</dst>
      <dst id="16">715.1378</dst>
      <dst id="14">7719.0133</dst>
      <dst id="20">992.7111</dst>
      <dst id="11">6864.4089</dst>
      <dst id="9">1987.2711</dst>
      <dst id="17">16086.2844</dst>
      <dst id="21">4101.8311</dst>
      <dst id="15">327.1556</dst>
    </src>
    <src id="1">
      <dst id="12">24292.4800</dst>
      <dst id="13">731.8400</dst>
      <dst id="19">16.6133</dst>
      <dst id="23">5.1378</dst>
      <dst id="8">75112.3022</dst>
      <dst id="18">12050.1244</dst>
      <dst id="4">7728.5600</dst>
      <dst id="1">111.3600</dst>
      <dst id="5">165656.7111</dst>
      <dst id="3">35009.6533</dst>
      <dst id="22">938.6933</dst>
      <dst id="7">13826.5689</dst>
      <dst id="2">1336.1867</dst>
      <dst id="6">3496.2400</dst>
      <dst id="16">17083.9556</dst>
      <dst id="14">84.3644</dst>
      <dst id="20">144.7733</dst>
      <dst id="11">260.0089</dst>
      <dst id="9">200175.7600</dst>
      <dst id="17">5470.3556</dst>
      <dst id="21">2246.7111</dst>
      <dst id="15">162.3644</dst>
    </src>
    <src id="5">
      <dst id="12">296548.3644</dst>
      <dst id="13">6934.6756</dst>
      <dst id="19">203.1644</dst>
      <dst id="23">27.0222</dst>
      <dst id="8">2460.7467</dst>
      <dst id="18">592.8800</dst>
      <dst id="4">5852.5600</dst>
      <dst id="1">59.0311</dst>
      <dst id="3">276.6933</dst>
      <dst id="22">5565.3156</dst>
      <dst id="7">385.1467</dst>
      <dst id="2">99700.2489</dst>
      <dst id="6">0.3556</dst>
      <dst id="16">842.2222</dst>
      <dst id="14">48.6756</dst>
      <dst id="20">2055.5467</dst>
      <dst id="11">1152.7644</dst>
      <dst id="9">748.7022</dst>
      <dst id="17">64280.9067</dst>
      <dst id="21">337.0933</dst>
      <dst id="15">218.6756</dst>
    </src>
    <src id="3">
      <dst id="12">12106.0089</dst>
      <dst id="13">280.2756</dst>
      <dst id="19">1483.5556</dst>
      <dst id="23">1.7600</dst>
      <dst id="8">151.1733</dst>
      <dst id="18">58597.3156</dst>
      <dst id="4">28980.6311</dst>
      <dst id="1">1710.5244</dst>
      <dst id="5">337.5200</dst>
      <dst id="3">9968.0356</dst>
      <dst id="22">658.8533</dst>
      <dst id="7">1370.2400</dst>
      <dst id="2">4268.1422</dst>
      <dst id="6">1.5467</dst>
      <dst id="16">1521.7156</dst>
      <dst id="14">41249.8844</dst>
      <dst id="20">81.4756</dst>
      <dst id="11">113815.1911</dst>
      <dst id="9">574.9333</dst>
      <dst id="17">8827.4933</dst>
      <dst id="21">6041.5289</dst>
      <dst id="15">93.4844</dst>
    </src>
    <src id="10">
      <dst id="12">12020.8089</dst>
      <dst id="19">4172.1156</dst>
      <dst id="8">1372.4089</dst>
      <dst id="18">10530.1956</dst>
      <dst id="1">823.0578</dst>
      <dst id="5">1399.4489</dst>
      <dst id="3">13606.1956</dst>
      <dst id="22">4159.9822</dst>
      <dst id="7">6932.6222</dst>
      <dst id="2">28638.5511</dst>
      <dst id="6">0.4267</dst>
      <dst id="16">136.0267</dst>
      <dst id="14">3390.8178</dst>
      <dst id="20">4025.8044</dst>
      <dst id="11">3284.0622</dst>
      <dst id="9">1320.8533</dst>
      <dst id="17">13087.9556</dst>
      <dst id="21">8087.3244</dst>
      <dst id="15">843.0044</dst>
    </src>
    <src id="22">
      <dst id="12">3090.8889</dst>
      <dst id="13">1126.8356</dst>
      <dst id="19">22.4800</dst>
      <dst id="23">19.5556</dst>
      <dst id="8">505.2889</dst>
      <dst id="18">878.6133</dst>
      <dst id="4">23259.7156</dst>
      <dst id="1">105.8578</dst>
      <dst id="5">6383.2711</dst>
      <dst id="3">508.0356</dst>
      <dst id="7">1519.5022</dst>
      <dst id="2">1377.8756</dst>
      <dst id="6">189.0844</dst>
      <dst id="16">0.7644</dst>
      <dst id="14">31.5556</dst>
      <dst id="11">1009.6711</dst>
      <dst id="9">3921.7867</dst>
      <dst id="17">1465.4756</dst>
      <dst id="21">646.6933</dst>
    </src>
    <src id="7">
      <dst id="12">3296.2222</dst>
      <dst id="13">133.7956</dst>
      <dst id="19">250.7644</dst>
      <dst id="23">69.0222</dst>
      <dst id="8">564.0889</dst>
      <dst id="18">627.6267</dst>
      <dst id="4">42298.1422</dst>
      <dst id="1">759.7689</dst>
      <dst id="5">1396.4444</dst>
      <dst id="3">2539.8844</dst>
      <dst id="22">4454.3556</dst>
      <dst id="7">805.7778</dst>
      <dst id="2">3862.7911</dst>
      <dst id="6">1.4844</dst>
      <dst id="16">661.5822</dst>
      <dst id="14">87.0489</dst>
      <dst id="20">125.4133</dst>
      <dst id="11">917.2533</dst>
      <dst id="9">405.0222</dst>
      <dst id="17">6169.7422</dst>
      <dst id="21">3143.8489</dst>
      <dst id="15">15.9644</dst>
    </src>
    <src id="2">
      <dst id="12">104259.7867</dst>
      <dst id="13">1364.8800</dst>
      <dst id="19">73.8044</dst>
      <dst id="23">2.9867</dst>
      <dst id="8">225.0578</dst>
      <dst id="18">48565.9378</dst>
      <dst id="4">102762.6222</dst>
      <dst id="1">1647.0933</dst>
      <dst id="5">814.8889</dst>
      <dst id="3">633.7156</dst>
      <dst id="22">2760.4889</dst>
      <dst id="7">3315.6178</dst>
      <dst id="2">558.7644</dst>
      <dst id="6">4893.3333</dst>
      <dst id="16">1647.7067</dst>
      <dst id="14">254.5778</dst>
      <dst id="20">288.8533</dst>
      <dst id="11">2464.3911</dst>
      <dst id="9">416.2844</dst>
      <dst id="17">9029.5111</dst>
      <dst id="21">2875.2622</dst>
      <dst id="15">45.7067</dst>
    </src>
    <src id="6">
      <dst id="12">7439.4133</dst>
      <dst id="13">3.1200</dst>
      <dst id="19">1.0667</dst>
      <dst id="8">12.0889</dst>
      <dst id="4">72.1067</dst>
      <dst id="1">0.3556</dst>
      <dst id="5">0.9067</dst>
      <dst id="3">15.1467</dst>
      <dst id="22">18.7822</dst>
      <dst id="7">1.2089</dst>
      <dst id="2">1572.5244</dst>
      <dst id="14">24.8000</dst>
      <dst id="20">0.3556</dst>
      <dst id="11">20.3556</dst>
      <dst id="17">1025.3956</dst>
      <dst id="21">0.4444</dst>
    </src>
    <src id="16">
      <dst id="12">3956.1511</dst>
      <dst id="13">154.2578</dst>
      <dst id="19">5385.4222</dst>
      <dst id="23">1.7867</dst>
      <dst id="8">3827.4133</dst>
      <dst id="18">18.1600</dst>
      <dst id="4">5569.9111</dst>
      <dst id="1">20477.8756</dst>
      <dst id="5">5854.4356</dst>
      <dst id="3">1196.2578</dst>
      <dst id="7">1901.0489</dst>
      <dst id="2">94.5511</dst>
      <dst id="16">26.4711</dst>
      <dst id="14">409.3511</dst>
      <dst id="11">1083.0222</dst>
      <dst id="9">7386.9600</dst>
      <dst id="17">1519.5111</dst>
      <dst id="21">22.1156</dst>
    </src>
    <src id="14">
      <dst id="12">16794.5422</dst>
      <dst id="13">60.9333</dst>
      <dst id="19">3.6622</dst>
      <dst id="8">1.1733</dst>
      <dst id="18">0.5689</dst>
      <dst id="4">3617.2089</dst>
      <dst id="1">67.6533</dst>
      <dst id="3">89.3422</dst>
      <dst id="22">3.4222</dst>
      <dst id="7">70.2044</dst>
      <dst id="2">4764.4800</dst>
      <dst id="16">176.1067</dst>
      <dst id="20">1.0756</dst>
      <dst id="11">57.6533</dst>
      <dst id="9">2.7733</dst>
      <dst id="17">4381.5289</dst>
      <dst id="21">94.0444</dst>
      <dst id="15">0.4622</dst>
    </src>
    <src id="20">
      <dst id="12">3340.7822</dst>
      <dst id="13">5674.1333</dst>
      <dst id="19">3.2622</dst>
      <dst id="23">10.5600</dst>
      <dst id="8">281.0489</dst>
      <dst id="18">814.8356</dst>
      <dst id="4">12473.2000</dst>
      <dst id="1">37.4133</dst>
      <dst id="5">822.0800</dst>
      <dst id="3">218.0267</dst>
      <dst id="7">4920.8533</dst>
      <dst id="2">7420.3733</dst>
      <dst id="16">0.8356</dst>
      <dst id="14">29.5200</dst>
      <dst id="11">842.8178</dst>
      <dst id="9">2886.9511</dst>
      <dst id="17">9864.8000</dst>
      <dst id="21">81.9822</dst>
    </src>
    <src id="11">
      <dst id="12">381719.4133</dst>
      <dst id="13">623.8311</dst>
      <dst id="19">11.2089</dst>
      <dst id="23">594.4356</dst>
      <dst id="8">108.9511</dst>
      <dst id="18">210.9244</dst>
      <dst id="4">18443.2000</dst>
      <dst id="1">386.9867</dst>
      <dst id="5">471.3956</dst>
      <dst id="3">928.0267</dst>
      <dst id="22">961.8133</dst>
      <dst id="7">396.9511</dst>
      <dst id="2">139325.8311</dst>
      <dst id="16">72.8089</dst>
      <dst id="14">132.6844</dst>
      <dst id="20">425.0756</dst>
      <dst id="11">2126.7289</dst>
      <dst id="9">334.8889</dst>
      <dst id="17">78583.7956</dst>
      <dst id="21">1727.2000</dst>
      <dst id="15">192.6578</dst>
    </src>
    <src id="9">
      <dst id="12">456653.0756</dst>
      <dst id="13">5193.0667</dst>
      <dst id="19">14.2756</dst>
      <dst id="23">1.2800</dst>
      <dst id="8">209.0756</dst>
      <dst id="18">3315.9556</dst>
      <dst id="4">12852.9422</dst>
      <dst id="1">148.6489</dst>
      <dst id="5">1109.0578</dst>
      <dst id="3">206.7289</dst>
      <dst id="22">631.2356</dst>
      <dst id="7">102.5333</dst>
      <dst id="2">126960.7111</dst>
      <dst id="6">1.4933</dst>
      <dst id="16">385.0667</dst>
      <dst id="14">68.8889</dst>
      <dst id="20">2064.5600</dst>
      <dst id="11">133.9289</dst>
      <dst id="9">393.9289</dst>
      <dst id="17">102254.0356</dst>
      <dst id="21">389.3600</dst>
      <dst id="15">241.8667</dst>
    </src>
    <src id="17">
      <dst id="12">6633.9111</dst>
      <dst id="13">1372.4000</dst>
      <dst id="19">12247.6356</dst>
      <dst id="23">5.1022</dst>
      <dst id="8">85987.4133</dst>
      <dst id="18">310.2044</dst>
      <dst id="4">143763.1467</dst>
      <dst id="1">561.2889</dst>
      <dst id="5">155714.2311</dst>
      <dst id="3">10142.9244</dst>
      <dst id="22">8949.8756</dst>
      <dst id="7">11721.6356</dst>
      <dst id="2">6854.8089</dst>
      <dst id="6">46.1067</dst>
      <dst id="16">2160.9333</dst>
      <dst id="14">29645.8756</dst>
      <dst id="20">749.6089</dst>
      <dst id="11">92551.6267</dst>
      <dst id="9">178048.4889</dst>
      <dst id="17">1230.6578</dst>
      <dst id="21">9386.8089</dst>
      <dst id="15">2845.9022</dst>
    </src>
    <src id="21">
      <dst id="12">18065.5022</dst>
      <dst id="13">441.1467</dst>
      <dst id="19">277.0844</dst>
      <dst id="23">44.5511</dst>
      <dst id="8">41.2889</dst>
      <dst id="18">4472.6133</dst>
      <dst id="4">19024.4978</dst>
      <dst id="1">1906.4889</dst>
      <dst id="5">419.7067</dst>
      <dst id="3">847.6533</dst>
      <dst id="22">1124.8533</dst>
      <dst id="7">786.8089</dst>
      <dst id="2">8498.8533</dst>
      <dst id="16">99.2533</dst>
      <dst id="14">169.2978</dst>
      <dst id="20">19.2533</dst>
      <dst id="11">910.1244</dst>
      <dst id="9">358.0267</dst>
      <dst id="17">3105.1644</dst>
      <dst id="21">2042.4356</dst>
      <dst id="15">18.4711</dst>
    </src>
    <src id="15">
      <dst id="12">179.6356</dst>
      <dst id="13">6844.0889</dst>
      <dst id="19">8.1156</dst>
      <dst id="23">1.4933</dst>
      <dst id="8">41.6356</dst>
      <dst id="18">38.8978</dst>
      <dst id="4">4698.7200</dst>
      <dst id="1">105.4578</dst>
      <dst id="5">183.0578</dst>
      <dst id="3">662.1689</dst>
      <dst id="7">41.8667</dst>
      <dst id="2">54.9511</dst>
      <dst id="11">4099.9644</dst>
      <dst id="9">333.5289</dst>
      <dst id="17">766.4178</dst>
      <dst id="21">123.4222</dst>
    </src>
  </IntraTM>
</TrafficMatrixFile>
