<?xml version="1.0" encoding="UTF-8" standalone="yes"?>
<TrafficMatrixFile xmlns:xsi="http://www.w3.org/2001/XMLSchema-instance" xsi:noNamespaceSchemaLocation="http://totem.run.montefiore.ulg.ac.be/Schema/TrafficMatrix-v1_2.xsd">
  <info>
    <title>Intradomain traffic matrix generated by geant-TM-all.pl</title>
    <date>2005-01-05T06:00:00</date>
    <duration>900</duration>
    <author>Steve Uhlig</author>
    <units>
        <unit type="bandwidth" value="kbps"/>
    </units>
  </info>
  <IntraTM ASID="20965">
    <src id="12">
      <dst id="12">253527.5911</dst>
      <dst id="13">26729.9556</dst>
      <dst id="19">5812.5600</dst>
      <dst id="23">696.2044</dst>
      <dst id="8">7732.2489</dst>
      <dst id="18">759.0489</dst>
      <dst id="4">100235.0044</dst>
      <dst id="1">7881.1022</dst>
      <dst id="5">4863.3333</dst>
      <dst id="3">2115.2356</dst>
      <dst id="22">9674.9067</dst>
      <dst id="7">21560.7289</dst>
      <dst id="2">88353.1556</dst>
      <dst id="6">3.4222</dst>
      <dst id="16">5911.2000</dst>
      <dst id="14">319.0667</dst>
      <dst id="20">20661.1467</dst>
      <dst id="11">3719.7067</dst>
      <dst id="9">8985.9822</dst>
      <dst id="17">79108.1067</dst>
      <dst id="21">3095.8578</dst>
      <dst id="15">5505.2000</dst>
    </src>
    <src id="13">
      <dst id="12">48312.0356</dst>
      <dst id="19">12283.1467</dst>
      <dst id="23">6729.0756</dst>
      <dst id="8">10618.0267</dst>
      <dst id="18">4844.2756</dst>
      <dst id="1">4511.8133</dst>
      <dst id="5">8639.6978</dst>
      <dst id="3">6029.8578</dst>
      <dst id="22">19209.8933</dst>
      <dst id="7">14054.7556</dst>
      <dst id="2">121456.8978</dst>
      <dst id="6">185.5556</dst>
      <dst id="16">9367.2711</dst>
      <dst id="14">3445.6622</dst>
      <dst id="20">6926.3378</dst>
      <dst id="11">16067.3244</dst>
      <dst id="9">16191.6978</dst>
      <dst id="17">60780.0089</dst>
      <dst id="21">5950.1333</dst>
      <dst id="15">6222.8178</dst>
    </src>
    <src id="19">
      <dst id="12">13478.7467</dst>
      <dst id="13">636.3822</dst>
      <dst id="23">1.0667</dst>
      <dst id="8">1.2533</dst>
      <dst id="18">496.0444</dst>
      <dst id="4">20664.0000</dst>
      <dst id="1">527.9556</dst>
      <dst id="5">21.3067</dst>
      <dst id="3">1.5022</dst>
      <dst id="22">87.7600</dst>
      <dst id="7">3283.1822</dst>
      <dst id="2">2330.1244</dst>
      <dst id="6">24.7733</dst>
      <dst id="16">5330.2311</dst>
      <dst id="14">5.4489</dst>
      <dst id="20">208.9333</dst>
      <dst id="11">168.7022</dst>
      <dst id="9">3.1200</dst>
      <dst id="17">374.9689</dst>
      <dst id="21">53.7956</dst>
    </src>
    <src id="23">
      <dst id="12">637.4844</dst>
      <dst id="13">673.5822</dst>
      <dst id="19">161.7244</dst>
      <dst id="8">122.1333</dst>
      <dst id="18">70.0089</dst>
      <dst id="4">22.3822</dst>
      <dst id="1">39.5644</dst>
      <dst id="5">26.7733</dst>
      <dst id="3">162.0978</dst>
      <dst id="22">432.6844</dst>
      <dst id="7">180.4889</dst>
      <dst id="2">41.4489</dst>
      <dst id="16">4.9956</dst>
      <dst id="20">1.6267</dst>
      <dst id="11">49.8222</dst>
      <dst id="9">2309.5022</dst>
      <dst id="17">120.0089</dst>
      <dst id="21">431.6978</dst>
      <dst id="15">15.2978</dst>
    </src>
    <src id="8">
      <dst id="12">382931.8844</dst>
      <dst id="13">652.4800</dst>
      <dst id="19">0.4178</dst>
      <dst id="23">5960.8178</dst>
      <dst id="18">12.7289</dst>
      <dst id="4">5161.9111</dst>
      <dst id="1">4724.2489</dst>
      <dst id="5">19021.0844</dst>
      <dst id="3">25.6622</dst>
      <dst id="22">7158.8711</dst>
      <dst id="7">9.2978</dst>
      <dst id="2">119535.6444</dst>
      <dst id="16">2746.0356</dst>
      <dst id="14">0.7111</dst>
      <dst id="20">7616.0356</dst>
      <dst id="11">229.8311</dst>
      <dst id="9">6358.1600</dst>
      <dst id="17">135296.1778</dst>
      <dst id="21">244.6044</dst>
      <dst id="15">8575.8933</dst>
    </src>
    <src id="18">
      <dst id="12">102057.8044</dst>
      <dst id="13">880.5689</dst>
      <dst id="19">45.9733</dst>
      <dst id="23">1.2444</dst>
      <dst id="8">233.7333</dst>
      <dst id="4">1462.4444</dst>
      <dst id="1">638.8711</dst>
      <dst id="5">277.5911</dst>
      <dst id="3">34.3911</dst>
      <dst id="22">214.1333</dst>
      <dst id="7">1596.6222</dst>
      <dst id="2">35795.8756</dst>
      <dst id="16">71.3511</dst>
      <dst id="14">2.6933</dst>
      <dst id="20">4.0089</dst>
      <dst id="11">73.4933</dst>
      <dst id="9">45.7778</dst>
      <dst id="17">37121.0578</dst>
      <dst id="21">65.4756</dst>
      <dst id="15">17.1822</dst>
    </src>
    <src id="4">
      <dst id="12">17438.4356</dst>
      <dst id="19">15778.3556</dst>
      <dst id="8">1149.0222</dst>
      <dst id="18">258.7467</dst>
      <dst id="1">21014.3556</dst>
      <dst id="5">3530.5956</dst>
      <dst id="3">396.6222</dst>
      <dst id="22">4747.6800</dst>
      <dst id="7">20920.1156</dst>
      <dst id="2">99535.5467</dst>
      <dst id="6">1.4222</dst>
      <dst id="16">2844.9244</dst>
      <dst id="14">1250.7911</dst>
      <dst id="20">3486.9156</dst>
      <dst id="11">3510.3200</dst>
      <dst id="9">5492.4089</dst>
      <dst id="17">19943.2178</dst>
      <dst id="21">4948.3644</dst>
      <dst id="15">636.0267</dst>
    </src>
    <src id="1">
      <dst id="12">16901.8933</dst>
      <dst id="13">904.7467</dst>
      <dst id="19">39.8933</dst>
      <dst id="23">37.8311</dst>
      <dst id="8">123884.9422</dst>
      <dst id="18">12266.4711</dst>
      <dst id="4">11225.0311</dst>
      <dst id="1">13283.7156</dst>
      <dst id="5">258251.4844</dst>
      <dst id="3">65.3600</dst>
      <dst id="22">1752.1333</dst>
      <dst id="7">6809.5200</dst>
      <dst id="2">9701.0578</dst>
      <dst id="6">8353.7956</dst>
      <dst id="16">8243.0311</dst>
      <dst id="14">255.2444</dst>
      <dst id="20">1485.5822</dst>
      <dst id="11">272.3289</dst>
      <dst id="9">217395.4222</dst>
      <dst id="17">7465.7511</dst>
      <dst id="21">4734.2667</dst>
      <dst id="15">178.7733</dst>
    </src>
    <src id="5">
      <dst id="12">335946.8356</dst>
      <dst id="13">4305.0400</dst>
      <dst id="19">22.7378</dst>
      <dst id="23">2.2044</dst>
      <dst id="8">818.5689</dst>
      <dst id="18">813.8933</dst>
      <dst id="4">4468.0622</dst>
      <dst id="1">407.3422</dst>
      <dst id="3">4.8267</dst>
      <dst id="22">4463.7067</dst>
      <dst id="7">1522.5689</dst>
      <dst id="2">152104.2667</dst>
      <dst id="6">16.5867</dst>
      <dst id="16">703.9467</dst>
      <dst id="14">62.9067</dst>
      <dst id="20">4567.5911</dst>
      <dst id="11">2734.8267</dst>
      <dst id="9">1237.2356</dst>
      <dst id="17">121372.5422</dst>
      <dst id="21">204.4889</dst>
      <dst id="15">457.7511</dst>
    </src>
    <src id="3">
      <dst id="12">11040.5867</dst>
      <dst id="13">6145.0311</dst>
      <dst id="19">1547.6000</dst>
      <dst id="23">7800.4000</dst>
      <dst id="8">8.4178</dst>
      <dst id="18">55216.9956</dst>
      <dst id="4">28480.1333</dst>
      <dst id="1">7418.1956</dst>
      <dst id="5">590.7911</dst>
      <dst id="3">8826.1244</dst>
      <dst id="22">2840.8711</dst>
      <dst id="7">9393.8222</dst>
      <dst id="2">14806.6044</dst>
      <dst id="16">968.1156</dst>
      <dst id="14">38214.4889</dst>
      <dst id="20">4443.5467</dst>
      <dst id="11">129084.5333</dst>
      <dst id="9">1626.9511</dst>
      <dst id="17">7952.6133</dst>
      <dst id="21">18317.6711</dst>
      <dst id="15">48.5244</dst>
    </src>
    <src id="10">
      <dst id="12">11917.7956</dst>
      <dst id="19">901.5378</dst>
      <dst id="8">751.2800</dst>
      <dst id="18">531.7956</dst>
      <dst id="1">2591.7778</dst>
      <dst id="5">1179.4222</dst>
      <dst id="3">2793.1733</dst>
      <dst id="22">3578.4178</dst>
      <dst id="7">8082.6044</dst>
      <dst id="2">21634.6578</dst>
      <dst id="6">2.0089</dst>
      <dst id="16">2505.0222</dst>
      <dst id="14">2370.5689</dst>
      <dst id="20">6178.5156</dst>
      <dst id="11">4573.5733</dst>
      <dst id="9">4918.3467</dst>
      <dst id="17">12712.2667</dst>
      <dst id="21">3835.4044</dst>
      <dst id="15">175.3156</dst>
    </src>
    <src id="22">
      <dst id="12">10584.7200</dst>
      <dst id="13">1471.3244</dst>
      <dst id="19">202.8089</dst>
      <dst id="23">306.8622</dst>
      <dst id="8">1697.4578</dst>
      <dst id="18">89.3689</dst>
      <dst id="4">15204.2667</dst>
      <dst id="1">136.5422</dst>
      <dst id="5">2447.7511</dst>
      <dst id="3">1419.4933</dst>
      <dst id="7">1456.2489</dst>
      <dst id="2">1691.8844</dst>
      <dst id="6">121.8489</dst>
      <dst id="16">0.8356</dst>
      <dst id="14">30.7911</dst>
      <dst id="11">4676.6933</dst>
      <dst id="9">4518.6756</dst>
      <dst id="17">4257.7511</dst>
      <dst id="21">504.0000</dst>
    </src>
    <src id="7">
      <dst id="12">3606.8000</dst>
      <dst id="13">1223.1022</dst>
      <dst id="19">1618.2133</dst>
      <dst id="23">34.5333</dst>
      <dst id="8">248.2756</dst>
      <dst id="18">896.3644</dst>
      <dst id="4">36133.9556</dst>
      <dst id="1">2557.4489</dst>
      <dst id="5">1771.9733</dst>
      <dst id="3">110.5778</dst>
      <dst id="22">3294.9956</dst>
      <dst id="7">692.4089</dst>
      <dst id="2">12448.2133</dst>
      <dst id="6">6.4800</dst>
      <dst id="16">753.5733</dst>
      <dst id="14">224.0622</dst>
      <dst id="20">182.3378</dst>
      <dst id="11">876.6667</dst>
      <dst id="9">484.8178</dst>
      <dst id="17">10430.6400</dst>
      <dst id="21">992.6400</dst>
      <dst id="15">363.0133</dst>
    </src>
    <src id="2">
      <dst id="12">93681.0400</dst>
      <dst id="13">520607.2000</dst>
      <dst id="19">1613.1556</dst>
      <dst id="23">56.8800</dst>
      <dst id="8">1634.8711</dst>
      <dst id="18">42036.0178</dst>
      <dst id="4">86936.3022</dst>
      <dst id="1">5279.8222</dst>
      <dst id="5">1932.7111</dst>
      <dst id="3">265.4844</dst>
      <dst id="22">2719.0578</dst>
      <dst id="7">14849.0133</dst>
      <dst id="2">1019.3422</dst>
      <dst id="6">7556.1067</dst>
      <dst id="16">2207.7778</dst>
      <dst id="14">66.3022</dst>
      <dst id="20">1551.1556</dst>
      <dst id="11">1655.3956</dst>
      <dst id="9">1268.6222</dst>
      <dst id="17">31458.8978</dst>
      <dst id="21">3266.7467</dst>
      <dst id="15">204.4089</dst>
    </src>
    <src id="6">
      <dst id="12">11023.1556</dst>
      <dst id="13">7.1378</dst>
      <dst id="19">1.0667</dst>
      <dst id="4">1391.4756</dst>
      <dst id="1">2.4711</dst>
      <dst id="5">13.8844</dst>
      <dst id="22">15.0222</dst>
      <dst id="7">5.6089</dst>
      <dst id="2">2490.8356</dst>
      <dst id="16">1.8133</dst>
      <dst id="20">13.8667</dst>
      <dst id="11">11.8933</dst>
      <dst id="9">5.1200</dst>
      <dst id="17">2258.1067</dst>
      <dst id="21">1.4044</dst>
      <dst id="15">0.4978</dst>
    </src>
    <src id="16">
      <dst id="12">1729.3156</dst>
      <dst id="13">504.5867</dst>
      <dst id="19">4298.7556</dst>
      <dst id="23">3.7689</dst>
      <dst id="8">4705.2000</dst>
      <dst id="18">17.0844</dst>
      <dst id="4">3689.2178</dst>
      <dst id="1">13992.2311</dst>
      <dst id="5">5874.3644</dst>
      <dst id="3">2.3378</dst>
      <dst id="7">2938.9156</dst>
      <dst id="2">1154.0800</dst>
      <dst id="16">65.0222</dst>
      <dst id="14">281.2089</dst>
      <dst id="11">179.7511</dst>
      <dst id="9">5259.2533</dst>
      <dst id="17">5777.7156</dst>
      <dst id="21">1879.8933</dst>
    </src>
    <src id="14">
      <dst id="12">29089.3511</dst>
      <dst id="13">162.8000</dst>
      <dst id="19">7.0844</dst>
      <dst id="23">14.5244</dst>
      <dst id="8">12.6222</dst>
      <dst id="18">1.1733</dst>
      <dst id="4">2284.2667</dst>
      <dst id="1">174.4356</dst>
      <dst id="5">105.4489</dst>
      <dst id="3">65.9200</dst>
      <dst id="22">122.9511</dst>
      <dst id="7">157.6267</dst>
      <dst id="2">6778.6844</dst>
      <dst id="16">7.0489</dst>
      <dst id="20">8.1778</dst>
      <dst id="11">43.2000</dst>
      <dst id="9">4.4800</dst>
      <dst id="17">13697.2089</dst>
      <dst id="21">58.1778</dst>
      <dst id="15">0.6489</dst>
    </src>
    <src id="20">
      <dst id="12">20323.9467</dst>
      <dst id="13">991.6356</dst>
      <dst id="19">739.1289</dst>
      <dst id="23">13.3333</dst>
      <dst id="8">416.2844</dst>
      <dst id="18">1.7511</dst>
      <dst id="4">6529.8133</dst>
      <dst id="1">238.1511</dst>
      <dst id="5">1329.6000</dst>
      <dst id="3">1019.7778</dst>
      <dst id="7">1703.3067</dst>
      <dst id="2">5077.5556</dst>
      <dst id="6">84.9156</dst>
      <dst id="14">764.7289</dst>
      <dst id="11">947.2444</dst>
      <dst id="9">6113.5822</dst>
      <dst id="17">2049.8044</dst>
      <dst id="21">141.5733</dst>
    </src>
    <src id="11">
      <dst id="12">410471.4933</dst>
      <dst id="13">3072.0800</dst>
      <dst id="19">129.4578</dst>
      <dst id="23">5.3333</dst>
      <dst id="8">161.5111</dst>
      <dst id="18">5.4489</dst>
      <dst id="4">14851.3067</dst>
      <dst id="1">611.1733</dst>
      <dst id="5">1611.0489</dst>
      <dst id="3">293.9556</dst>
      <dst id="22">904.7289</dst>
      <dst id="7">814.7111</dst>
      <dst id="2">158236.1600</dst>
      <dst id="6">26.3111</dst>
      <dst id="16">521.8756</dst>
      <dst id="14">61.3689</dst>
      <dst id="20">687.9556</dst>
      <dst id="11">1328.3378</dst>
      <dst id="9">2180.6311</dst>
      <dst id="17">161153.0756</dst>
      <dst id="21">170.5600</dst>
      <dst id="15">127.0933</dst>
    </src>
    <src id="9">
      <dst id="12">461352.2578</dst>
      <dst id="13">15122.3022</dst>
      <dst id="19">10.7644</dst>
      <dst id="23">341.4222</dst>
      <dst id="8">320.6756</dst>
      <dst id="18">48.0711</dst>
      <dst id="4">7726.2133</dst>
      <dst id="1">3792.6756</dst>
      <dst id="5">4651.8133</dst>
      <dst id="3">41.4578</dst>
      <dst id="22">2825.8222</dst>
      <dst id="7">148.4889</dst>
      <dst id="2">166875.1822</dst>
      <dst id="6">0.3556</dst>
      <dst id="16">1801.2000</dst>
      <dst id="14">2.5422</dst>
      <dst id="20">2971.8400</dst>
      <dst id="11">240.0622</dst>
      <dst id="9">232.3022</dst>
      <dst id="17">184943.0311</dst>
      <dst id="21">68.8889</dst>
      <dst id="15">1988.4000</dst>
    </src>
    <src id="17">
      <dst id="12">6068.4089</dst>
      <dst id="13">11522.1333</dst>
      <dst id="19">669.2889</dst>
      <dst id="23">734.9689</dst>
      <dst id="8">131206.5778</dst>
      <dst id="18">1399.9467</dst>
      <dst id="4">33546.3289</dst>
      <dst id="1">3417.3422</dst>
      <dst id="5">215073.3600</dst>
      <dst id="3">3820.7200</dst>
      <dst id="22">4923.9378</dst>
      <dst id="7">1708.0444</dst>
      <dst id="2">8609.8756</dst>
      <dst id="6">138.4889</dst>
      <dst id="16">7327.0222</dst>
      <dst id="14">34059.2267</dst>
      <dst id="20">6452.0978</dst>
      <dst id="11">100818.9333</dst>
      <dst id="9">209177.0222</dst>
      <dst id="17">1741.7511</dst>
      <dst id="21">7273.4844</dst>
      <dst id="15">48.6844</dst>
    </src>
    <src id="21">
      <dst id="12">16821.4578</dst>
      <dst id="13">10883.2711</dst>
      <dst id="19">117.9378</dst>
      <dst id="23">20.8000</dst>
      <dst id="8">5.4844</dst>
      <dst id="18">258.9867</dst>
      <dst id="4">13716.2844</dst>
      <dst id="1">2210.8533</dst>
      <dst id="5">309.6978</dst>
      <dst id="3">5956.5511</dst>
      <dst id="22">2016.2133</dst>
      <dst id="7">7273.7156</dst>
      <dst id="2">15758.5511</dst>
      <dst id="6">0.3556</dst>
      <dst id="16">279.4933</dst>
      <dst id="14">111.0667</dst>
      <dst id="20">3173.4133</dst>
      <dst id="11">1394.7644</dst>
      <dst id="9">241.5911</dst>
      <dst id="17">4533.7422</dst>
      <dst id="21">876.5422</dst>
      <dst id="15">1382.5422</dst>
    </src>
    <src id="15">
      <dst id="12">10181.7156</dst>
      <dst id="13">377.6889</dst>
      <dst id="19">2.4622</dst>
      <dst id="23">0.4622</dst>
      <dst id="8">267.6533</dst>
      <dst id="18">16.6311</dst>
      <dst id="4">7301.5111</dst>
      <dst id="1">871.0756</dst>
      <dst id="5">292.0000</dst>
      <dst id="3">38.9867</dst>
      <dst id="7">672.5600</dst>
      <dst id="2">2548.1689</dst>
      <dst id="11">189.6356</dst>
      <dst id="9">322.7733</dst>
      <dst id="17">193.2267</dst>
      <dst id="21">155.2978</dst>
    </src>
  </IntraTM>
</TrafficMatrixFile>
