<?xml version="1.0" encoding="UTF-8" standalone="yes"?>
<TrafficMatrixFile xmlns:xsi="http://www.w3.org/2001/XMLSchema-instance" xsi:noNamespaceSchemaLocation="http://totem.run.montefiore.ulg.ac.be/Schema/TrafficMatrix-v1_2.xsd">
  <info>
    <title>Intradomain traffic matrix generated by geant-TM-all.pl</title>
    <date>2005-01-05T21:15:00</date>
    <duration>900</duration>
    <author>Steve Uhlig</author>
    <units>
        <unit type="bandwidth" value="kbps"/>
    </units>
  </info>
  <IntraTM ASID="20965">
    <src id="12">
      <dst id="12">353167.6000</dst>
      <dst id="13">43922.8000</dst>
      <dst id="19">12736.1067</dst>
      <dst id="23">1790.1333</dst>
      <dst id="8">17224.7822</dst>
      <dst id="18">14556.4622</dst>
      <dst id="4">79513.1022</dst>
      <dst id="1">12750.6844</dst>
      <dst id="5">7240.4267</dst>
      <dst id="3">21497.3156</dst>
      <dst id="22">26765.9378</dst>
      <dst id="7">7928.1600</dst>
      <dst id="2">146056.6400</dst>
      <dst id="6">71.7600</dst>
      <dst id="16">14176.4356</dst>
      <dst id="14">2980.9511</dst>
      <dst id="20">17928.4800</dst>
      <dst id="11">6795.2089</dst>
      <dst id="9">19302.5511</dst>
      <dst id="17">151159.4578</dst>
      <dst id="21">14944.9156</dst>
      <dst id="15">7237.0756</dst>
    </src>
    <src id="13">
      <dst id="12">95420.4178</dst>
      <dst id="19">18327.0400</dst>
      <dst id="23">1633.9556</dst>
      <dst id="8">15650.2489</dst>
      <dst id="18">17826.2222</dst>
      <dst id="1">11562.1333</dst>
      <dst id="5">9346.8000</dst>
      <dst id="3">37428.6311</dst>
      <dst id="22">32386.3200</dst>
      <dst id="7">49650.0622</dst>
      <dst id="2">125153.6711</dst>
      <dst id="6">676.8089</dst>
      <dst id="16">16841.2889</dst>
      <dst id="14">5974.8267</dst>
      <dst id="20">21673.4578</dst>
      <dst id="11">21608.1156</dst>
      <dst id="9">48888.5956</dst>
      <dst id="17">224707.7422</dst>
      <dst id="21">39784.9422</dst>
      <dst id="15">11685.6889</dst>
    </src>
    <src id="19">
      <dst id="12">16175.8756</dst>
      <dst id="13">1946.2756</dst>
      <dst id="23">225.6533</dst>
      <dst id="8">162.7733</dst>
      <dst id="18">1181.7600</dst>
      <dst id="4">18227.2889</dst>
      <dst id="1">7750.9422</dst>
      <dst id="5">233.5822</dst>
      <dst id="3">91.6800</dst>
      <dst id="22">1701.2356</dst>
      <dst id="7">11369.7244</dst>
      <dst id="2">9723.7333</dst>
      <dst id="6">1759.9556</dst>
      <dst id="16">4116.5244</dst>
      <dst id="14">19.1022</dst>
      <dst id="20">52.9511</dst>
      <dst id="11">5090.9067</dst>
      <dst id="9">353.5200</dst>
      <dst id="17">8798.6044</dst>
      <dst id="21">9722.1067</dst>
      <dst id="15">49.6178</dst>
    </src>
    <src id="23">
      <dst id="12">3576.1689</dst>
      <dst id="13">500.7733</dst>
      <dst id="19">141.2444</dst>
      <dst id="8">13.3333</dst>
      <dst id="18">52.2311</dst>
      <dst id="4">27.0222</dst>
      <dst id="1">87.6711</dst>
      <dst id="5">53.3333</dst>
      <dst id="3">257.3867</dst>
      <dst id="22">525.2711</dst>
      <dst id="7">3625.1289</dst>
      <dst id="2">48.9244</dst>
      <dst id="6">17.3867</dst>
      <dst id="16">388.0267</dst>
      <dst id="14">0.7911</dst>
      <dst id="20">773.1022</dst>
      <dst id="11">146.0000</dst>
      <dst id="9">4961.5644</dst>
      <dst id="17">3017.1911</dst>
      <dst id="21">1691.3244</dst>
      <dst id="15">44.7822</dst>
    </src>
    <src id="8">
      <dst id="12">329888.7733</dst>
      <dst id="13">2687.8844</dst>
      <dst id="19">218.3200</dst>
      <dst id="18">256.0622</dst>
      <dst id="4">6133.7156</dst>
      <dst id="1">1791.3422</dst>
      <dst id="5">4531.6978</dst>
      <dst id="3">187.0756</dst>
      <dst id="22">2692.8089</dst>
      <dst id="7">82.3467</dst>
      <dst id="2">144419.0133</dst>
      <dst id="6">13.9911</dst>
      <dst id="16">1875.0222</dst>
      <dst id="14">12.3822</dst>
      <dst id="20">327.2267</dst>
      <dst id="11">947.6622</dst>
      <dst id="9">13039.1733</dst>
      <dst id="17">149373.0489</dst>
      <dst id="21">691.7511</dst>
      <dst id="15">702.1778</dst>
    </src>
    <src id="18">
      <dst id="12">134375.6000</dst>
      <dst id="13">1281.1467</dst>
      <dst id="19">373.1733</dst>
      <dst id="23">5.3600</dst>
      <dst id="8">282.8978</dst>
      <dst id="4">1477.1733</dst>
      <dst id="1">1650.2756</dst>
      <dst id="5">643.0844</dst>
      <dst id="3">224.1600</dst>
      <dst id="22">410.0533</dst>
      <dst id="7">1252.3111</dst>
      <dst id="2">39897.4222</dst>
      <dst id="16">55.8400</dst>
      <dst id="14">16.6844</dst>
      <dst id="20">127.4133</dst>
      <dst id="11">909.8578</dst>
      <dst id="9">18.1600</dst>
      <dst id="17">51185.9556</dst>
      <dst id="21">1931.7067</dst>
      <dst id="15">12.9778</dst>
    </src>
    <src id="4">
      <dst id="12">25080.2489</dst>
      <dst id="19">37458.6667</dst>
      <dst id="8">4843.6978</dst>
      <dst id="18">859.2356</dst>
      <dst id="4">1.0578</dst>
      <dst id="1">87662.1867</dst>
      <dst id="5">3009.8044</dst>
      <dst id="3">1444.0622</dst>
      <dst id="22">6191.4933</dst>
      <dst id="7">42397.0489</dst>
      <dst id="2">93179.1733</dst>
      <dst id="6">18.3111</dst>
      <dst id="16">4684.8533</dst>
      <dst id="14">2537.4044</dst>
      <dst id="20">2893.4222</dst>
      <dst id="11">7018.9956</dst>
      <dst id="9">8245.5644</dst>
      <dst id="17">68033.0489</dst>
      <dst id="21">14251.9644</dst>
      <dst id="15">2552.7289</dst>
    </src>
    <src id="1">
      <dst id="12">20080.8444</dst>
      <dst id="13">10966.9067</dst>
      <dst id="19">12178.2578</dst>
      <dst id="23">816.8356</dst>
      <dst id="8">284542.4711</dst>
      <dst id="18">14215.6267</dst>
      <dst id="4">18815.1022</dst>
      <dst id="1">57290.5422</dst>
      <dst id="5">306032.0978</dst>
      <dst id="3">12624.4444</dst>
      <dst id="22">7836.8978</dst>
      <dst id="7">46607.3333</dst>
      <dst id="2">25902.6667</dst>
      <dst id="6">22028.6667</dst>
      <dst id="16">24142.0444</dst>
      <dst id="14">1945.1822</dst>
      <dst id="20">964.8089</dst>
      <dst id="11">3411.0044</dst>
      <dst id="9">430392.8267</dst>
      <dst id="17">15935.1022</dst>
      <dst id="21">15676.3733</dst>
      <dst id="15">4654.0800</dst>
    </src>
    <src id="5">
      <dst id="12">318530.6844</dst>
      <dst id="13">16282.4889</dst>
      <dst id="19">12324.8622</dst>
      <dst id="23">2.6667</dst>
      <dst id="8">27267.9022</dst>
      <dst id="18">591.9644</dst>
      <dst id="4">10170.4978</dst>
      <dst id="1">5796.7822</dst>
      <dst id="3">89.4311</dst>
      <dst id="22">4807.8844</dst>
      <dst id="7">735.8844</dst>
      <dst id="2">154558.1600</dst>
      <dst id="6">37.3333</dst>
      <dst id="16">2518.5067</dst>
      <dst id="14">18.4622</dst>
      <dst id="20">9046.1422</dst>
      <dst id="11">6869.0311</dst>
      <dst id="9">1540.9156</dst>
      <dst id="17">125277.4667</dst>
      <dst id="21">536.3289</dst>
      <dst id="15">391.6089</dst>
    </src>
    <src id="3">
      <dst id="12">16272.7822</dst>
      <dst id="13">21315.5111</dst>
      <dst id="19">1455.9022</dst>
      <dst id="23">5416.4533</dst>
      <dst id="8">698.5333</dst>
      <dst id="18">205049.8667</dst>
      <dst id="4">30128.8267</dst>
      <dst id="1">19071.6711</dst>
      <dst id="5">2491.5111</dst>
      <dst id="3">20966.9511</dst>
      <dst id="22">3393.5556</dst>
      <dst id="7">9584.7733</dst>
      <dst id="2">14972.3378</dst>
      <dst id="6">28.2222</dst>
      <dst id="16">2800.3022</dst>
      <dst id="14">57399.2000</dst>
      <dst id="20">8063.8044</dst>
      <dst id="11">360920.3556</dst>
      <dst id="9">1052.1067</dst>
      <dst id="17">27438.7378</dst>
      <dst id="21">22785.9822</dst>
      <dst id="15">173.1644</dst>
    </src>
    <src id="10">
      <dst id="12">31749.0400</dst>
      <dst id="19">9022.6756</dst>
      <dst id="8">6988.9956</dst>
      <dst id="18">3678.2756</dst>
      <dst id="1">1866.7644</dst>
      <dst id="5">2171.2089</dst>
      <dst id="3">13769.0933</dst>
      <dst id="22">8124.1867</dst>
      <dst id="7">16553.3867</dst>
      <dst id="2">64629.7600</dst>
      <dst id="6">73.2000</dst>
      <dst id="16">5737.1200</dst>
      <dst id="14">3224.7822</dst>
      <dst id="20">5831.6800</dst>
      <dst id="11">9366.0444</dst>
      <dst id="9">8482.1067</dst>
      <dst id="17">47079.2800</dst>
      <dst id="21">16721.5022</dst>
      <dst id="15">1213.4756</dst>
    </src>
    <src id="22">
      <dst id="12">24430.4711</dst>
      <dst id="13">3444.2311</dst>
      <dst id="19">661.5911</dst>
      <dst id="23">266.7378</dst>
      <dst id="8">1831.8667</dst>
      <dst id="18">1304.9689</dst>
      <dst id="4">23448.1956</dst>
      <dst id="1">3285.0311</dst>
      <dst id="5">5851.0578</dst>
      <dst id="3">1282.5244</dst>
      <dst id="7">2043.3422</dst>
      <dst id="2">7060.4444</dst>
      <dst id="6">47.1378</dst>
      <dst id="16">1.6533</dst>
      <dst id="14">20.6667</dst>
      <dst id="11">3004.9689</dst>
      <dst id="9">2501.9111</dst>
      <dst id="17">17551.6622</dst>
      <dst id="21">1464.9511</dst>
    </src>
    <src id="7">
      <dst id="12">6405.2800</dst>
      <dst id="13">4785.1733</dst>
      <dst id="19">3263.7333</dst>
      <dst id="23">373.2622</dst>
      <dst id="8">211.7067</dst>
      <dst id="18">1240.7200</dst>
      <dst id="4">19155.5644</dst>
      <dst id="1">57902.7200</dst>
      <dst id="5">1114.8267</dst>
      <dst id="3">5096.4978</dst>
      <dst id="22">5486.1867</dst>
      <dst id="7">745.4933</dst>
      <dst id="2">8010.0978</dst>
      <dst id="6">272.2400</dst>
      <dst id="16">4186.5422</dst>
      <dst id="14">186.7022</dst>
      <dst id="20">1620.8356</dst>
      <dst id="11">5051.1911</dst>
      <dst id="9">1505.7422</dst>
      <dst id="17">28305.2622</dst>
      <dst id="21">10443.1644</dst>
      <dst id="15">346.2489</dst>
    </src>
    <src id="2">
      <dst id="12">159595.5467</dst>
      <dst id="13">544757.0222</dst>
      <dst id="19">3632.3111</dst>
      <dst id="23">63.3244</dst>
      <dst id="8">3973.3067</dst>
      <dst id="18">151765.5200</dst>
      <dst id="4">85502.6311</dst>
      <dst id="1">18706.1956</dst>
      <dst id="5">1545.8489</dst>
      <dst id="3">597.5822</dst>
      <dst id="22">1824.7733</dst>
      <dst id="7">20549.2356</dst>
      <dst id="2">1729.4933</dst>
      <dst id="6">14319.7600</dst>
      <dst id="16">2201.9644</dst>
      <dst id="14">5430.3467</dst>
      <dst id="20">3086.5600</dst>
      <dst id="11">11936.3556</dst>
      <dst id="9">20048.6311</dst>
      <dst id="17">33497.7156</dst>
      <dst id="21">16003.2000</dst>
      <dst id="15">467.2267</dst>
    </src>
    <src id="6">
      <dst id="12">12864.0444</dst>
      <dst id="13">139.2533</dst>
      <dst id="19">55.8667</dst>
      <dst id="23">0.4622</dst>
      <dst id="8">14.3467</dst>
      <dst id="4">1084.0889</dst>
      <dst id="1">133.2622</dst>
      <dst id="5">23.9289</dst>
      <dst id="3">52.4800</dst>
      <dst id="22">59.6800</dst>
      <dst id="7">267.3422</dst>
      <dst id="2">3216.9778</dst>
      <dst id="16">36.0978</dst>
      <dst id="14">11.4667</dst>
      <dst id="20">1.0667</dst>
      <dst id="11">51.0667</dst>
      <dst id="9">58.7556</dst>
      <dst id="17">2073.6711</dst>
      <dst id="21">93.6978</dst>
      <dst id="15">0.8356</dst>
    </src>
    <src id="16">
      <dst id="12">2995.4933</dst>
      <dst id="13">1700.0711</dst>
      <dst id="19">4721.6800</dst>
      <dst id="23">100.3200</dst>
      <dst id="8">3707.1467</dst>
      <dst id="18">130.3733</dst>
      <dst id="4">7537.2089</dst>
      <dst id="1">28126.3733</dst>
      <dst id="5">5609.3333</dst>
      <dst id="3">40.5600</dst>
      <dst id="7">5251.0667</dst>
      <dst id="2">5427.7778</dst>
      <dst id="6">241.0311</dst>
      <dst id="16">76.7822</dst>
      <dst id="14">700.2311</dst>
      <dst id="11">2737.4133</dst>
      <dst id="9">10322.7556</dst>
      <dst id="17">16286.2044</dst>
      <dst id="21">1122.2489</dst>
    </src>
    <src id="14">
      <dst id="12">22164.2400</dst>
      <dst id="13">67.5911</dst>
      <dst id="19">5.5822</dst>
      <dst id="23">5.4756</dst>
      <dst id="8">12.7822</dst>
      <dst id="18">8.6400</dst>
      <dst id="4">2219.8578</dst>
      <dst id="1">584.2489</dst>
      <dst id="5">82.2844</dst>
      <dst id="3">326.9333</dst>
      <dst id="22">274.7200</dst>
      <dst id="7">226.1067</dst>
      <dst id="2">8345.2000</dst>
      <dst id="6">0.4622</dst>
      <dst id="16">232.1511</dst>
      <dst id="20">78.2311</dst>
      <dst id="11">76.9333</dst>
      <dst id="9">133.8844</dst>
      <dst id="17">6796.3644</dst>
      <dst id="21">199.1911</dst>
      <dst id="15">125.2356</dst>
    </src>
    <src id="20">
      <dst id="12">12570.5956</dst>
      <dst id="13">11885.7244</dst>
      <dst id="19">207.0400</dst>
      <dst id="23">24.2133</dst>
      <dst id="8">133.0133</dst>
      <dst id="18">132.2578</dst>
      <dst id="4">5659.4756</dst>
      <dst id="1">2064.7911</dst>
      <dst id="5">4872.9867</dst>
      <dst id="3">4877.0844</dst>
      <dst id="7">3341.3156</dst>
      <dst id="2">5951.3600</dst>
      <dst id="6">0.3556</dst>
      <dst id="14">36.8889</dst>
      <dst id="11">2364.6667</dst>
      <dst id="9">3379.4756</dst>
      <dst id="17">3676.4178</dst>
      <dst id="21">746.0267</dst>
    </src>
    <src id="11">
      <dst id="12">480782.2044</dst>
      <dst id="13">3940.4533</dst>
      <dst id="19">1055.7956</dst>
      <dst id="23">86.0889</dst>
      <dst id="8">1623.2978</dst>
      <dst id="18">495.4933</dst>
      <dst id="4">18872.6933</dst>
      <dst id="1">1754.2311</dst>
      <dst id="5">1451.8756</dst>
      <dst id="3">1395.7333</dst>
      <dst id="22">2779.1822</dst>
      <dst id="7">1594.3467</dst>
      <dst id="2">196235.7956</dst>
      <dst id="6">670.3644</dst>
      <dst id="16">1030.9156</dst>
      <dst id="14">900.9244</dst>
      <dst id="20">831.0844</dst>
      <dst id="11">11383.9467</dst>
      <dst id="9">1085.7867</dst>
      <dst id="17">185087.1289</dst>
      <dst id="21">1066.4089</dst>
      <dst id="15">792.3289</dst>
    </src>
    <src id="9">
      <dst id="12">481198.6133</dst>
      <dst id="13">11131.3333</dst>
      <dst id="19">591.5111</dst>
      <dst id="23">79.1022</dst>
      <dst id="8">6421.0222</dst>
      <dst id="18">325.0489</dst>
      <dst id="4">10570.8622</dst>
      <dst id="1">4921.4844</dst>
      <dst id="5">7267.1378</dst>
      <dst id="3">33.7156</dst>
      <dst id="22">4145.3156</dst>
      <dst id="7">1602.8089</dst>
      <dst id="2">188678.0444</dst>
      <dst id="6">9.8489</dst>
      <dst id="16">2176.2311</dst>
      <dst id="14">19.4667</dst>
      <dst id="20">8975.4044</dst>
      <dst id="11">2499.6000</dst>
      <dst id="9">3485.1111</dst>
      <dst id="17">201265.9378</dst>
      <dst id="21">2392.0444</dst>
      <dst id="15">5043.9378</dst>
    </src>
    <src id="17">
      <dst id="12">16448.8267</dst>
      <dst id="13">17525.2089</dst>
      <dst id="19">2509.1111</dst>
      <dst id="23">2152.6844</dst>
      <dst id="8">272302.6400</dst>
      <dst id="18">1938.1867</dst>
      <dst id="4">191484.7111</dst>
      <dst id="1">7186.4533</dst>
      <dst id="5">289432.4444</dst>
      <dst id="3">13834.3200</dst>
      <dst id="22">19720.9689</dst>
      <dst id="7">16759.0044</dst>
      <dst id="2">23144.8622</dst>
      <dst id="6">4946.7556</dst>
      <dst id="16">13953.6267</dst>
      <dst id="14">57330.6844</dst>
      <dst id="20">7190.9600</dst>
      <dst id="11">286428.5867</dst>
      <dst id="9">389848.0178</dst>
      <dst id="17">2179.0933</dst>
      <dst id="21">34725.2089</dst>
      <dst id="15">927.7244</dst>
    </src>
    <src id="21">
      <dst id="12">25148.4711</dst>
      <dst id="13">28699.4222</dst>
      <dst id="19">1515.4133</dst>
      <dst id="23">154.0444</dst>
      <dst id="8">427.9822</dst>
      <dst id="18">5065.4933</dst>
      <dst id="4">16481.0044</dst>
      <dst id="1">18974.4711</dst>
      <dst id="5">468.6933</dst>
      <dst id="3">25572.0889</dst>
      <dst id="22">2330.4267</dst>
      <dst id="7">8320.1067</dst>
      <dst id="2">28552.0889</dst>
      <dst id="6">26.8178</dst>
      <dst id="16">1538.7022</dst>
      <dst id="14">150.8356</dst>
      <dst id="20">2926.7556</dst>
      <dst id="11">1809.0222</dst>
      <dst id="9">1778.3911</dst>
      <dst id="17">10044.5956</dst>
      <dst id="21">3753.1111</dst>
      <dst id="15">1794.6044</dst>
    </src>
    <src id="15">
      <dst id="12">10224.7644</dst>
      <dst id="13">222.3111</dst>
      <dst id="19">4400.7378</dst>
      <dst id="23">3.8044</dst>
      <dst id="8">116.8622</dst>
      <dst id="18">94.9511</dst>
      <dst id="4">1987.6978</dst>
      <dst id="1">2868.5600</dst>
      <dst id="5">249.6533</dst>
      <dst id="3">1.1200</dst>
      <dst id="7">2086.5156</dst>
      <dst id="2">894.2489</dst>
      <dst id="14">2.5600</dst>
      <dst id="11">1320.5689</dst>
      <dst id="9">1085.2356</dst>
      <dst id="17">2755.9200</dst>
      <dst id="21">237.5289</dst>
    </src>
  </IntraTM>
</TrafficMatrixFile>
