<?xml version="1.0" encoding="UTF-8" standalone="yes"?>
<TrafficMatrixFile xmlns:xsi="http://www.w3.org/2001/XMLSchema-instance" xsi:noNamespaceSchemaLocation="http://totem.run.montefiore.ulg.ac.be/Schema/TrafficMatrix-v1_2.xsd">
  <info>
    <title>Intradomain traffic matrix generated by geant-TM-all.pl</title>
    <date>2005-01-01T22:30:00</date>
    <duration>900</duration>
    <author>Steve Uhlig</author>
    <units>
        <unit type="bandwidth" value="kbps"/>
    </units>
  </info>
  <IntraTM ASID="20965">
    <src id="12">
      <dst id="12">381822.8533</dst>
      <dst id="13">31866.4444</dst>
      <dst id="19">4129.9733</dst>
      <dst id="23">8525.1022</dst>
      <dst id="8">10976.1422</dst>
      <dst id="18">7800.7644</dst>
      <dst id="4">80123.6800</dst>
      <dst id="1">10013.4311</dst>
      <dst id="5">13061.8133</dst>
      <dst id="3">9348.6667</dst>
      <dst id="22">30011.3333</dst>
      <dst id="7">4321.2800</dst>
      <dst id="2">111030.6311</dst>
      <dst id="6">608.6756</dst>
      <dst id="16">10044.3556</dst>
      <dst id="14">1481.9467</dst>
      <dst id="20">13485.5467</dst>
      <dst id="11">8759.8933</dst>
      <dst id="9">23380.2222</dst>
      <dst id="17">73349.1822</dst>
      <dst id="21">31441.9733</dst>
      <dst id="15">6766.5867</dst>
    </src>
    <src id="13">
      <dst id="12">67888.4800</dst>
      <dst id="19">11623.3333</dst>
      <dst id="23">1090.9778</dst>
      <dst id="8">6662.5511</dst>
      <dst id="18">6006.1067</dst>
      <dst id="4">55.4667</dst>
      <dst id="1">3835.3956</dst>
      <dst id="5">28991.5289</dst>
      <dst id="3">37530.0089</dst>
      <dst id="22">39864.6933</dst>
      <dst id="7">11699.8400</dst>
      <dst id="2">130498.7111</dst>
      <dst id="6">319.6356</dst>
      <dst id="16">10708.5244</dst>
      <dst id="14">5424.3111</dst>
      <dst id="20">18288.1244</dst>
      <dst id="11">25980.3200</dst>
      <dst id="9">19698.9422</dst>
      <dst id="17">379549.8578</dst>
      <dst id="21">28110.8978</dst>
      <dst id="15">4441.2356</dst>
    </src>
    <src id="19">
      <dst id="12">17184.1778</dst>
      <dst id="13">3812.1778</dst>
      <dst id="23">67.9911</dst>
      <dst id="8">2.5333</dst>
      <dst id="18">709.7778</dst>
      <dst id="4">19338.6044</dst>
      <dst id="1">5087.7600</dst>
      <dst id="5">82.2133</dst>
      <dst id="3">959.6889</dst>
      <dst id="22">1751.8756</dst>
      <dst id="7">3362.1067</dst>
      <dst id="2">1635.1378</dst>
      <dst id="6">54.9333</dst>
      <dst id="16">6773.8400</dst>
      <dst id="14">37.6889</dst>
      <dst id="20">466.6933</dst>
      <dst id="11">153.6978</dst>
      <dst id="9">531.2267</dst>
      <dst id="17">392.4000</dst>
      <dst id="21">474.1067</dst>
      <dst id="15">4.4444</dst>
    </src>
    <src id="23">
      <dst id="12">965.7600</dst>
      <dst id="13">103.5467</dst>
      <dst id="19">4.3822</dst>
      <dst id="8">36.5511</dst>
      <dst id="18">43.2800</dst>
      <dst id="4">1.4667</dst>
      <dst id="1">77.0222</dst>
      <dst id="5">28.0978</dst>
      <dst id="3">2229.7333</dst>
      <dst id="22">1003.6267</dst>
      <dst id="7">50.8356</dst>
      <dst id="2">749.7689</dst>
      <dst id="6">0.8178</dst>
      <dst id="16">308.2044</dst>
      <dst id="14">162.4444</dst>
      <dst id="20">90.8889</dst>
      <dst id="11">306.0267</dst>
      <dst id="9">73.6533</dst>
      <dst id="17">294.4711</dst>
      <dst id="21">566.2489</dst>
      <dst id="15">13.6533</dst>
    </src>
    <src id="8">
      <dst id="12">428325.1022</dst>
      <dst id="13">973.3333</dst>
      <dst id="19">97.6800</dst>
      <dst id="23">93.3867</dst>
      <dst id="18">338.0000</dst>
      <dst id="4">9982.8889</dst>
      <dst id="1">992.1956</dst>
      <dst id="5">7232.3556</dst>
      <dst id="3">638.8800</dst>
      <dst id="22">2084.8978</dst>
      <dst id="7">203.7689</dst>
      <dst id="2">167406.1689</dst>
      <dst id="6">0.9244</dst>
      <dst id="16">784.4533</dst>
      <dst id="14">69.6000</dst>
      <dst id="20">536.5333</dst>
      <dst id="11">833.8756</dst>
      <dst id="9">1782.2933</dst>
      <dst id="17">93704.5511</dst>
      <dst id="21">253.4044</dst>
      <dst id="15">110.8000</dst>
    </src>
    <src id="18">
      <dst id="12">155916.2400</dst>
      <dst id="13">800.0356</dst>
      <dst id="19">61.0044</dst>
      <dst id="23">75.9644</dst>
      <dst id="8">620.1511</dst>
      <dst id="4">2114.4622</dst>
      <dst id="1">901.2711</dst>
      <dst id="5">420.9867</dst>
      <dst id="3">239.3778</dst>
      <dst id="22">943.7689</dst>
      <dst id="7">49.3600</dst>
      <dst id="2">44256.1867</dst>
      <dst id="16">6.6667</dst>
      <dst id="14">0.6489</dst>
      <dst id="20">58.7822</dst>
      <dst id="11">163.6444</dst>
      <dst id="9">320.6222</dst>
      <dst id="17">34494.4889</dst>
      <dst id="21">1392.1956</dst>
      <dst id="15">66.1867</dst>
    </src>
    <src id="4">
      <dst id="12">18318.5067</dst>
      <dst id="19">6264.9422</dst>
      <dst id="23">9.1200</dst>
      <dst id="8">1700.5333</dst>
      <dst id="18">1683.3422</dst>
      <dst id="4">68.1156</dst>
      <dst id="1">9065.1467</dst>
      <dst id="5">3219.8222</dst>
      <dst id="3">26442.8533</dst>
      <dst id="22">10471.8400</dst>
      <dst id="7">57201.9911</dst>
      <dst id="2">100098.1511</dst>
      <dst id="6">1.5378</dst>
      <dst id="16">2408.9867</dst>
      <dst id="14">2772.5333</dst>
      <dst id="20">4127.3867</dst>
      <dst id="11">9149.6711</dst>
      <dst id="9">4990.1156</dst>
      <dst id="17">68179.4756</dst>
      <dst id="21">8465.6178</dst>
      <dst id="15">1868.0800</dst>
    </src>
    <src id="1">
      <dst id="12">20064.8444</dst>
      <dst id="13">418.0533</dst>
      <dst id="19">98.9244</dst>
      <dst id="23">785.3867</dst>
      <dst id="8">255232.7022</dst>
      <dst id="18">14518.3733</dst>
      <dst id="4">14172.6400</dst>
      <dst id="1">92.6133</dst>
      <dst id="5">308608.1600</dst>
      <dst id="3">82204.7644</dst>
      <dst id="22">8873.5378</dst>
      <dst id="7">2550.8356</dst>
      <dst id="2">5313.8489</dst>
      <dst id="6">8825.9111</dst>
      <dst id="16">12506.2222</dst>
      <dst id="14">277.9467</dst>
      <dst id="20">457.5289</dst>
      <dst id="11">1521.2622</dst>
      <dst id="9">425344.9156</dst>
      <dst id="17">4106.7644</dst>
      <dst id="21">21298.1956</dst>
      <dst id="15">297.0578</dst>
    </src>
    <src id="5">
      <dst id="12">388027.0311</dst>
      <dst id="13">16813.0400</dst>
      <dst id="19">131.2978</dst>
      <dst id="23">131.7333</dst>
      <dst id="8">19495.4489</dst>
      <dst id="18">2778.9867</dst>
      <dst id="4">8380.1156</dst>
      <dst id="1">600.4267</dst>
      <dst id="3">1400.2222</dst>
      <dst id="22">7478.2133</dst>
      <dst id="7">593.9733</dst>
      <dst id="2">154493.3244</dst>
      <dst id="6">27.0667</dst>
      <dst id="16">2091.8756</dst>
      <dst id="14">13.6711</dst>
      <dst id="20">903.2178</dst>
      <dst id="11">3144.3644</dst>
      <dst id="9">6500.6756</dst>
      <dst id="17">94662.6400</dst>
      <dst id="21">733.3689</dst>
      <dst id="15">2161.8578</dst>
    </src>
    <src id="3">
      <dst id="12">18467.6711</dst>
      <dst id="13">610.8444</dst>
      <dst id="19">921.5644</dst>
      <dst id="23">121.8311</dst>
      <dst id="8">2001.9467</dst>
      <dst id="18">201898.4978</dst>
      <dst id="4">29134.5067</dst>
      <dst id="1">11402.4711</dst>
      <dst id="5">2806.5067</dst>
      <dst id="3">21373.1289</dst>
      <dst id="22">2626.8889</dst>
      <dst id="7">4259.2444</dst>
      <dst id="2">10354.2044</dst>
      <dst id="6">65.6711</dst>
      <dst id="16">1287.9733</dst>
      <dst id="14">65143.3600</dst>
      <dst id="20">5606.8356</dst>
      <dst id="11">263117.2444</dst>
      <dst id="9">2251.5556</dst>
      <dst id="17">21268.4444</dst>
      <dst id="21">11555.7156</dst>
      <dst id="15">412.6222</dst>
    </src>
    <src id="10">
      <dst id="12">20697.6711</dst>
      <dst id="19">1406.3644</dst>
      <dst id="8">1940.3022</dst>
      <dst id="18">4570.9156</dst>
      <dst id="4">35.8044</dst>
      <dst id="1">4824.0267</dst>
      <dst id="5">1515.9733</dst>
      <dst id="3">24090.8089</dst>
      <dst id="22">11230.7556</dst>
      <dst id="7">7133.9289</dst>
      <dst id="2">37704.7822</dst>
      <dst id="6">40.0356</dst>
      <dst id="16">1869.0044</dst>
      <dst id="14">1758.2044</dst>
      <dst id="20">7268.6133</dst>
      <dst id="11">8402.0533</dst>
      <dst id="9">2230.8978</dst>
      <dst id="17">18303.9822</dst>
      <dst id="21">26774.2222</dst>
      <dst id="15">3893.3156</dst>
    </src>
    <src id="22">
      <dst id="12">19040.4267</dst>
      <dst id="13">4679.8933</dst>
      <dst id="19">694.5867</dst>
      <dst id="23">87.5378</dst>
      <dst id="8">2536.8178</dst>
      <dst id="18">519.8044</dst>
      <dst id="4">16869.8044</dst>
      <dst id="1">275.3689</dst>
      <dst id="5">5571.2356</dst>
      <dst id="3">6173.6356</dst>
      <dst id="7">760.4000</dst>
      <dst id="2">3960.9067</dst>
      <dst id="6">60.7556</dst>
      <dst id="16">1.2800</dst>
      <dst id="14">41.6089</dst>
      <dst id="11">5056.5422</dst>
      <dst id="9">2602.9067</dst>
      <dst id="17">3012.8267</dst>
      <dst id="21">2837.9556</dst>
    </src>
    <src id="7">
      <dst id="12">8839.4133</dst>
      <dst id="13">340.8800</dst>
      <dst id="19">548.4711</dst>
      <dst id="23">1293.6889</dst>
      <dst id="8">198.4533</dst>
      <dst id="18">1881.6000</dst>
      <dst id="4">56592.1156</dst>
      <dst id="1">41440.3733</dst>
      <dst id="5">1498.7378</dst>
      <dst id="3">9807.9822</dst>
      <dst id="22">10417.3067</dst>
      <dst id="7">707.7333</dst>
      <dst id="2">12140.9244</dst>
      <dst id="6">114.8978</dst>
      <dst id="16">1164.9867</dst>
      <dst id="14">242.8889</dst>
      <dst id="20">1053.1822</dst>
      <dst id="11">2859.9022</dst>
      <dst id="9">1880.0800</dst>
      <dst id="17">4694.4622</dst>
      <dst id="21">7465.7333</dst>
      <dst id="15">2074.5600</dst>
    </src>
    <src id="2">
      <dst id="12">188411.6978</dst>
      <dst id="13">9308.3644</dst>
      <dst id="19">887.0044</dst>
      <dst id="23">6.9333</dst>
      <dst id="8">6768.5156</dst>
      <dst id="18">149098.5511</dst>
      <dst id="4">100498.8622</dst>
      <dst id="1">5731.0667</dst>
      <dst id="5">1814.0089</dst>
      <dst id="3">7828.3822</dst>
      <dst id="22">2233.9733</dst>
      <dst id="7">4003.0222</dst>
      <dst id="2">1417.2533</dst>
      <dst id="6">7426.0711</dst>
      <dst id="16">2000.8533</dst>
      <dst id="14">388.1867</dst>
      <dst id="20">8603.4756</dst>
      <dst id="11">9453.7511</dst>
      <dst id="9">1927.0933</dst>
      <dst id="17">26024.1867</dst>
      <dst id="21">13772.0711</dst>
      <dst id="15">794.4000</dst>
    </src>
    <src id="6">
      <dst id="12">10368.3556</dst>
      <dst id="13">2.1156</dst>
      <dst id="19">25.5111</dst>
      <dst id="18">25.6800</dst>
      <dst id="4">123.4044</dst>
      <dst id="1">1.9200</dst>
      <dst id="5">0.4622</dst>
      <dst id="3">256.4178</dst>
      <dst id="22">54.7378</dst>
      <dst id="7">37.9200</dst>
      <dst id="2">1931.3244</dst>
      <dst id="16">0.7733</dst>
      <dst id="11">59.5289</dst>
      <dst id="9">84.0089</dst>
      <dst id="17">1383.7156</dst>
      <dst id="21">26.7556</dst>
      <dst id="15">25.8044</dst>
    </src>
    <src id="16">
      <dst id="12">3934.3022</dst>
      <dst id="13">698.2578</dst>
      <dst id="19">4662.3733</dst>
      <dst id="23">23.6622</dst>
      <dst id="8">7935.1911</dst>
      <dst id="18">53.2267</dst>
      <dst id="4">3083.3333</dst>
      <dst id="1">21414.6044</dst>
      <dst id="5">9647.9911</dst>
      <dst id="3">1610.2756</dst>
      <dst id="7">1526.8711</dst>
      <dst id="2">2521.3956</dst>
      <dst id="6">14.4356</dst>
      <dst id="16">59.6178</dst>
      <dst id="14">943.1289</dst>
      <dst id="11">485.2978</dst>
      <dst id="9">11793.3689</dst>
      <dst id="17">1971.2533</dst>
      <dst id="21">1039.4844</dst>
    </src>
    <src id="14">
      <dst id="12">25047.1111</dst>
      <dst id="13">55.8844</dst>
      <dst id="19">3.4489</dst>
      <dst id="23">32.3733</dst>
      <dst id="8">0.4622</dst>
      <dst id="18">1.0667</dst>
      <dst id="4">2862.1867</dst>
      <dst id="1">104.7200</dst>
      <dst id="5">2.1600</dst>
      <dst id="3">136.4800</dst>
      <dst id="22">23.3600</dst>
      <dst id="7">110.9422</dst>
      <dst id="2">8535.4311</dst>
      <dst id="6">3.8667</dst>
      <dst id="16">18.1333</dst>
      <dst id="20">25.3778</dst>
      <dst id="11">156.2222</dst>
      <dst id="9">108.1067</dst>
      <dst id="17">8320.6489</dst>
      <dst id="21">143.0844</dst>
      <dst id="15">27.1289</dst>
    </src>
    <src id="20">
      <dst id="12">14204.5244</dst>
      <dst id="13">3782.9333</dst>
      <dst id="19">113.7244</dst>
      <dst id="23">844.5156</dst>
      <dst id="8">6011.6889</dst>
      <dst id="18">676.1067</dst>
      <dst id="4">10416.7111</dst>
      <dst id="1">215.6089</dst>
      <dst id="5">2878.1244</dst>
      <dst id="3">7987.3600</dst>
      <dst id="7">136.7111</dst>
      <dst id="2">13320.5067</dst>
      <dst id="6">3.9911</dst>
      <dst id="14">1464.0000</dst>
      <dst id="11">6318.3733</dst>
      <dst id="9">3196.1067</dst>
      <dst id="17">25059.0844</dst>
      <dst id="21">788.5156</dst>
    </src>
    <src id="11">
      <dst id="12">486477.5467</dst>
      <dst id="13">5372.4089</dst>
      <dst id="19">189.8311</dst>
      <dst id="23">149.1111</dst>
      <dst id="8">2062.3822</dst>
      <dst id="18">727.8844</dst>
      <dst id="4">12506.5600</dst>
      <dst id="1">851.5200</dst>
      <dst id="5">2188.9778</dst>
      <dst id="3">3163.1556</dst>
      <dst id="22">5263.2000</dst>
      <dst id="7">315.3067</dst>
      <dst id="2">181572.9867</dst>
      <dst id="6">7.8400</dst>
      <dst id="16">254.6578</dst>
      <dst id="14">94.9956</dst>
      <dst id="20">989.0044</dst>
      <dst id="11">4076.4178</dst>
      <dst id="9">4292.1244</dst>
      <dst id="17">115538.0978</dst>
      <dst id="21">2117.9556</dst>
      <dst id="15">316.9333</dst>
    </src>
    <src id="9">
      <dst id="12">611098.1956</dst>
      <dst id="13">19695.6178</dst>
      <dst id="19">973.5200</dst>
      <dst id="23">18.6844</dst>
      <dst id="8">2486.5422</dst>
      <dst id="18">267.8844</dst>
      <dst id="4">17076.3644</dst>
      <dst id="1">1063.4578</dst>
      <dst id="5">2285.5644</dst>
      <dst id="3">2817.4044</dst>
      <dst id="22">3365.1911</dst>
      <dst id="7">2386.1422</dst>
      <dst id="2">221715.2800</dst>
      <dst id="6">139.1556</dst>
      <dst id="16">2176.4800</dst>
      <dst id="14">21.1911</dst>
      <dst id="20">7932.7378</dst>
      <dst id="11">2530.7200</dst>
      <dst id="9">597.0133</dst>
      <dst id="17">141435.1644</dst>
      <dst id="21">1264.1244</dst>
      <dst id="15">2919.0222</dst>
    </src>
    <src id="17">
      <dst id="12">19883.7333</dst>
      <dst id="13">8176.0800</dst>
      <dst id="19">1206.4711</dst>
      <dst id="23">1002.8178</dst>
      <dst id="8">257111.4933</dst>
      <dst id="18">2570.8889</dst>
      <dst id="4">45620.6311</dst>
      <dst id="1">1422.5689</dst>
      <dst id="5">291379.1378</dst>
      <dst id="3">21357.9644</dst>
      <dst id="22">11293.8133</dst>
      <dst id="7">12369.4844</dst>
      <dst id="2">17667.0489</dst>
      <dst id="6">104.2844</dst>
      <dst id="16">4336.6933</dst>
      <dst id="14">48518.9156</dst>
      <dst id="20">9159.2800</dst>
      <dst id="11">212745.7600</dst>
      <dst id="9">362634.9511</dst>
      <dst id="17">1616.0533</dst>
      <dst id="21">25572.1333</dst>
      <dst id="15">400.5422</dst>
    </src>
    <src id="21">
      <dst id="12">22813.6000</dst>
      <dst id="13">707.0578</dst>
      <dst id="19">607.0844</dst>
      <dst id="23">246.8889</dst>
      <dst id="8">690.2844</dst>
      <dst id="18">5699.5556</dst>
      <dst id="4">36291.0844</dst>
      <dst id="1">4978.7467</dst>
      <dst id="5">1582.2222</dst>
      <dst id="3">2816.1778</dst>
      <dst id="22">2112.6756</dst>
      <dst id="7">2674.1778</dst>
      <dst id="2">14292.0444</dst>
      <dst id="6">51.0933</dst>
      <dst id="16">626.8889</dst>
      <dst id="14">137.8667</dst>
      <dst id="20">656.5422</dst>
      <dst id="11">3953.8400</dst>
      <dst id="9">1499.4844</dst>
      <dst id="17">4638.6400</dst>
      <dst id="21">3479.2000</dst>
      <dst id="15">1143.1911</dst>
    </src>
    <src id="15">
      <dst id="12">2182.2133</dst>
      <dst id="13">7887.0044</dst>
      <dst id="19">178.3289</dst>
      <dst id="23">749.7778</dst>
      <dst id="8">3319.9378</dst>
      <dst id="18">23.1644</dst>
      <dst id="4">1454.3733</dst>
      <dst id="1">142.2489</dst>
      <dst id="5">776.6844</dst>
      <dst id="3">841.5289</dst>
      <dst id="7">1884.2756</dst>
      <dst id="2">547.9289</dst>
      <dst id="14">1.8133</dst>
      <dst id="11">437.1556</dst>
      <dst id="9">1337.5467</dst>
      <dst id="17">715.7333</dst>
      <dst id="21">265.8133</dst>
    </src>
  </IntraTM>
</TrafficMatrixFile>
