<?xml version="1.0" encoding="UTF-8" standalone="yes"?>
<TrafficMatrixFile xmlns:xsi="http://www.w3.org/2001/XMLSchema-instance" xsi:noNamespaceSchemaLocation="http://totem.run.montefiore.ulg.ac.be/Schema/TrafficMatrix-v1_2.xsd">
  <info>
    <title>Intradomain traffic matrix generated by geant-TM-all.pl</title>
    <date>2005-01-01T10:45:00</date>
    <duration>900</duration>
    <author>Steve Uhlig</author>
    <units>
        <unit type="bandwidth" value="kbps"/>
    </units>
  </info>
  <IntraTM ASID="20965">
    <src id="12">
      <dst id="12">227657.6978</dst>
      <dst id="13">14726.0533</dst>
      <dst id="19">3667.0756</dst>
      <dst id="23">287.9289</dst>
      <dst id="8">2612.9600</dst>
      <dst id="18">913.6267</dst>
      <dst id="4">96852.8178</dst>
      <dst id="1">7882.0444</dst>
      <dst id="5">4063.0400</dst>
      <dst id="3">5362.0889</dst>
      <dst id="22">13083.7600</dst>
      <dst id="7">8550.1689</dst>
      <dst id="2">80053.7778</dst>
      <dst id="6">2.4089</dst>
      <dst id="16">4623.5022</dst>
      <dst id="14">524.4622</dst>
      <dst id="20">6904.7022</dst>
      <dst id="11">1830.8978</dst>
      <dst id="9">7056.6311</dst>
      <dst id="17">58502.3022</dst>
      <dst id="21">8066.0533</dst>
      <dst id="15">8587.1289</dst>
    </src>
    <src id="13">
      <dst id="12">51755.9911</dst>
      <dst id="19">24305.1556</dst>
      <dst id="23">128.7022</dst>
      <dst id="8">1025.4489</dst>
      <dst id="18">3487.2622</dst>
      <dst id="1">1796.1156</dst>
      <dst id="5">8320.8533</dst>
      <dst id="3">9006.9156</dst>
      <dst id="22">21157.0311</dst>
      <dst id="7">6468.5956</dst>
      <dst id="2">87396.6933</dst>
      <dst id="6">56.2311</dst>
      <dst id="16">7059.0933</dst>
      <dst id="14">1472.0978</dst>
      <dst id="20">11470.7200</dst>
      <dst id="11">17849.1022</dst>
      <dst id="9">13170.6400</dst>
      <dst id="17">96052.6844</dst>
      <dst id="21">16697.2356</dst>
      <dst id="15">2036.6044</dst>
    </src>
    <src id="19">
      <dst id="12">13452.2222</dst>
      <dst id="13">5952.5867</dst>
      <dst id="23">0.4622</dst>
      <dst id="8">0.4978</dst>
      <dst id="18">314.6044</dst>
      <dst id="4">19710.5778</dst>
      <dst id="1">79.3422</dst>
      <dst id="5">1.2889</dst>
      <dst id="3">443.8756</dst>
      <dst id="22">129.6800</dst>
      <dst id="7">3287.8400</dst>
      <dst id="2">730.9689</dst>
      <dst id="6">67.5733</dst>
      <dst id="16">8360.0267</dst>
      <dst id="14">1.6978</dst>
      <dst id="20">1.9644</dst>
      <dst id="11">43.1911</dst>
      <dst id="9">67.1289</dst>
      <dst id="17">395.7689</dst>
      <dst id="21">445.6622</dst>
      <dst id="15">14.4711</dst>
    </src>
    <src id="23">
      <dst id="12">620.6933</dst>
      <dst id="13">48.0267</dst>
      <dst id="19">0.5244</dst>
      <dst id="8">0.8889</dst>
      <dst id="18">67.5911</dst>
      <dst id="4">48.7822</dst>
      <dst id="1">15.3600</dst>
      <dst id="5">1.8578</dst>
      <dst id="3">38.7556</dst>
      <dst id="22">207.2444</dst>
      <dst id="7">185.6622</dst>
      <dst id="2">69.0311</dst>
      <dst id="16">0.8533</dst>
      <dst id="14">38.8622</dst>
      <dst id="11">46.1689</dst>
      <dst id="9">483.8400</dst>
      <dst id="17">4920.7822</dst>
      <dst id="21">1405.0311</dst>
    </src>
    <src id="8">
      <dst id="12">311258.2756</dst>
      <dst id="13">261.0222</dst>
      <dst id="19">0.7200</dst>
      <dst id="23">146.3111</dst>
      <dst id="18">52.8356</dst>
      <dst id="4">7846.6044</dst>
      <dst id="1">79.2356</dst>
      <dst id="5">831.4133</dst>
      <dst id="3">30.7822</dst>
      <dst id="22">846.0267</dst>
      <dst id="7">73.4756</dst>
      <dst id="2">87232.5689</dst>
      <dst id="6">1.8844</dst>
      <dst id="16">373.4489</dst>
      <dst id="14">0.3556</dst>
      <dst id="20">444.0178</dst>
      <dst id="11">99.5556</dst>
      <dst id="9">75.5556</dst>
      <dst id="17">59997.0222</dst>
      <dst id="21">1048.6933</dst>
      <dst id="15">2535.0844</dst>
    </src>
    <src id="18">
      <dst id="12">119238.6222</dst>
      <dst id="13">911.2444</dst>
      <dst id="19">15.7689</dst>
      <dst id="23">2.2400</dst>
      <dst id="8">2.8089</dst>
      <dst id="4">4179.5556</dst>
      <dst id="1">1103.1644</dst>
      <dst id="5">949.2533</dst>
      <dst id="3">146.8267</dst>
      <dst id="22">279.2978</dst>
      <dst id="7">60.8267</dst>
      <dst id="2">32352.8089</dst>
      <dst id="16">5.3778</dst>
      <dst id="14">12.4444</dst>
      <dst id="20">56.0978</dst>
      <dst id="11">157.3244</dst>
      <dst id="9">170.6133</dst>
      <dst id="17">29709.0222</dst>
      <dst id="21">293.2444</dst>
      <dst id="15">4.8889</dst>
    </src>
    <src id="4">
      <dst id="12">52910.0889</dst>
      <dst id="19">9788.3733</dst>
      <dst id="8">2792.3289</dst>
      <dst id="18">761.9022</dst>
      <dst id="4">1.1378</dst>
      <dst id="1">1234.0978</dst>
      <dst id="5">3273.4222</dst>
      <dst id="3">8145.1911</dst>
      <dst id="22">4565.3244</dst>
      <dst id="7">25282.6044</dst>
      <dst id="2">34117.7067</dst>
      <dst id="6">88.8444</dst>
      <dst id="16">1160.0267</dst>
      <dst id="14">665.5467</dst>
      <dst id="20">486.2756</dst>
      <dst id="11">5128.0444</dst>
      <dst id="9">2779.1556</dst>
      <dst id="17">98789.1200</dst>
      <dst id="21">6639.6978</dst>
      <dst id="15">2612.3733</dst>
    </src>
    <src id="1">
      <dst id="12">18014.2222</dst>
      <dst id="13">381.4578</dst>
      <dst id="19">3451.7600</dst>
      <dst id="23">38.5778</dst>
      <dst id="8">67666.2133</dst>
      <dst id="18">10588.8000</dst>
      <dst id="4">7518.9067</dst>
      <dst id="1">86.0089</dst>
      <dst id="5">138939.0489</dst>
      <dst id="3">15425.8933</dst>
      <dst id="22">1435.6978</dst>
      <dst id="7">14698.2844</dst>
      <dst id="2">1683.7067</dst>
      <dst id="6">3044.4267</dst>
      <dst id="16">15821.3333</dst>
      <dst id="14">210.7378</dst>
      <dst id="20">140.1244</dst>
      <dst id="11">173.1289</dst>
      <dst id="9">144165.3333</dst>
      <dst id="17">3623.9644</dst>
      <dst id="21">5351.0667</dst>
      <dst id="15">72.1244</dst>
    </src>
    <src id="5">
      <dst id="12">301181.8133</dst>
      <dst id="13">1628.4889</dst>
      <dst id="19">13.3333</dst>
      <dst id="23">164.3378</dst>
      <dst id="8">312.6933</dst>
      <dst id="18">176.7733</dst>
      <dst id="4">4963.8578</dst>
      <dst id="1">271.5733</dst>
      <dst id="3">229.2089</dst>
      <dst id="22">4485.6356</dst>
      <dst id="7">273.8222</dst>
      <dst id="2">116755.3422</dst>
      <dst id="16">596.7111</dst>
      <dst id="14">56.5956</dst>
      <dst id="20">1090.9689</dst>
      <dst id="11">1530.0533</dst>
      <dst id="9">2874.8711</dst>
      <dst id="17">62989.0756</dst>
      <dst id="21">314.7111</dst>
      <dst id="15">352.9067</dst>
    </src>
    <src id="3">
      <dst id="12">20197.1733</dst>
      <dst id="13">428.3644</dst>
      <dst id="19">4847.0667</dst>
      <dst id="23">10.6489</dst>
      <dst id="8">43.5733</dst>
      <dst id="18">71843.9822</dst>
      <dst id="4">64011.7511</dst>
      <dst id="1">5605.1289</dst>
      <dst id="5">122.0800</dst>
      <dst id="3">10430.0356</dst>
      <dst id="22">152.9511</dst>
      <dst id="7">4313.6889</dst>
      <dst id="2">3944.1867</dst>
      <dst id="6">0.3289</dst>
      <dst id="16">1047.6622</dst>
      <dst id="14">26733.9378</dst>
      <dst id="20">19.0222</dst>
      <dst id="11">103665.8133</dst>
      <dst id="9">63.3333</dst>
      <dst id="17">4552.8711</dst>
      <dst id="21">8332.0889</dst>
      <dst id="15">26.8889</dst>
    </src>
    <src id="10">
      <dst id="12">10578.5600</dst>
      <dst id="19">2953.4311</dst>
      <dst id="8">1407.6711</dst>
      <dst id="18">817.9644</dst>
      <dst id="1">587.4756</dst>
      <dst id="5">724.9333</dst>
      <dst id="3">6212.1600</dst>
      <dst id="22">5167.5200</dst>
      <dst id="7">6315.3600</dst>
      <dst id="2">26246.2844</dst>
      <dst id="16">3868.7556</dst>
      <dst id="14">4271.6889</dst>
      <dst id="20">2236.9067</dst>
      <dst id="11">3623.5200</dst>
      <dst id="9">1441.8400</dst>
      <dst id="17">21381.2356</dst>
      <dst id="21">14286.2222</dst>
      <dst id="15">780.7911</dst>
    </src>
    <src id="22">
      <dst id="12">7364.1778</dst>
      <dst id="13">1883.4844</dst>
      <dst id="19">82.6667</dst>
      <dst id="23">6.1333</dst>
      <dst id="8">1013.1200</dst>
      <dst id="18">694.7822</dst>
      <dst id="4">20225.5200</dst>
      <dst id="1">41.5022</dst>
      <dst id="5">4415.8933</dst>
      <dst id="3">232.9867</dst>
      <dst id="7">2047.0489</dst>
      <dst id="2">2643.7867</dst>
      <dst id="6">32.3733</dst>
      <dst id="16">0.4089</dst>
      <dst id="14">370.6133</dst>
      <dst id="11">4487.9911</dst>
      <dst id="9">1832.8800</dst>
      <dst id="17">4618.9689</dst>
      <dst id="21">625.6622</dst>
    </src>
    <src id="7">
      <dst id="12">2744.2133</dst>
      <dst id="13">382.5778</dst>
      <dst id="19">165.7422</dst>
      <dst id="23">34.0089</dst>
      <dst id="8">633.2533</dst>
      <dst id="18">1121.4489</dst>
      <dst id="4">39992.0622</dst>
      <dst id="1">3227.9911</dst>
      <dst id="5">1588.6489</dst>
      <dst id="3">3694.4444</dst>
      <dst id="22">5135.6178</dst>
      <dst id="7">650.5156</dst>
      <dst id="2">9421.5556</dst>
      <dst id="6">28.7911</dst>
      <dst id="16">209.2622</dst>
      <dst id="14">143.1378</dst>
      <dst id="20">135.1467</dst>
      <dst id="11">309.0933</dst>
      <dst id="9">467.3333</dst>
      <dst id="17">8648.8000</dst>
      <dst id="21">3688.2044</dst>
      <dst id="15">7564.9956</dst>
    </src>
    <src id="2">
      <dst id="12">59909.9733</dst>
      <dst id="13">4826.5778</dst>
      <dst id="19">246.3289</dst>
      <dst id="23">0.6489</dst>
      <dst id="8">39.2622</dst>
      <dst id="18">62302.3200</dst>
      <dst id="4">114670.8533</dst>
      <dst id="1">2699.3333</dst>
      <dst id="5">812.5156</dst>
      <dst id="3">691.4400</dst>
      <dst id="22">2181.1200</dst>
      <dst id="7">13299.0578</dst>
      <dst id="2">490.4356</dst>
      <dst id="6">5129.9467</dst>
      <dst id="16">3401.2800</dst>
      <dst id="14">189.7600</dst>
      <dst id="20">488.2933</dst>
      <dst id="11">4075.1911</dst>
      <dst id="9">314.4000</dst>
      <dst id="17">33785.6889</dst>
      <dst id="21">3430.5867</dst>
      <dst id="15">10.0711</dst>
    </src>
    <src id="6">
      <dst id="12">8185.3244</dst>
      <dst id="19">2.4089</dst>
      <dst id="23">1.4756</dst>
      <dst id="8">41.3156</dst>
      <dst id="18">1.2800</dst>
      <dst id="4">91.9822</dst>
      <dst id="22">13.4400</dst>
      <dst id="7">66.0711</dst>
      <dst id="2">1725.8400</dst>
      <dst id="17">829.1644</dst>
      <dst id="21">2.3733</dst>
    </src>
    <src id="16">
      <dst id="12">3052.9156</dst>
      <dst id="13">959.6267</dst>
      <dst id="19">4362.5867</dst>
      <dst id="23">4.9067</dst>
      <dst id="8">2351.1022</dst>
      <dst id="18">18.4356</dst>
      <dst id="4">8280.1511</dst>
      <dst id="1">21787.4400</dst>
      <dst id="5">483.5911</dst>
      <dst id="3">1329.1733</dst>
      <dst id="7">1941.1822</dst>
      <dst id="2">1057.0489</dst>
      <dst id="6">0.4622</dst>
      <dst id="16">24.7022</dst>
      <dst id="14">3.3778</dst>
      <dst id="11">633.1733</dst>
      <dst id="9">6379.5200</dst>
      <dst id="17">1841.3422</dst>
      <dst id="21">121.5289</dst>
    </src>
    <src id="14">
      <dst id="12">18869.5200</dst>
      <dst id="13">27.0222</dst>
      <dst id="19">62.7556</dst>
      <dst id="23">16.1778</dst>
      <dst id="8">0.4267</dst>
      <dst id="18">0.8889</dst>
      <dst id="4">2044.2844</dst>
      <dst id="1">40.7289</dst>
      <dst id="5">3.8667</dst>
      <dst id="3">98.0622</dst>
      <dst id="22">110.5422</dst>
      <dst id="7">86.5156</dst>
      <dst id="2">6133.3511</dst>
      <dst id="6">0.8267</dst>
      <dst id="16">17.0578</dst>
      <dst id="11">95.8667</dst>
      <dst id="9">10.8533</dst>
      <dst id="17">4533.3244</dst>
      <dst id="21">67.6533</dst>
    </src>
    <src id="20">
      <dst id="12">6993.0489</dst>
      <dst id="13">8836.1689</dst>
      <dst id="19">83.8844</dst>
      <dst id="23">3.0489</dst>
      <dst id="8">337.8133</dst>
      <dst id="18">495.7600</dst>
      <dst id="4">12466.0178</dst>
      <dst id="1">78.8444</dst>
      <dst id="5">5475.6356</dst>
      <dst id="3">67.1289</dst>
      <dst id="22">0.8444</dst>
      <dst id="7">235.1733</dst>
      <dst id="2">4811.3778</dst>
      <dst id="14">0.5689</dst>
      <dst id="11">1262.7111</dst>
      <dst id="9">1611.8756</dst>
      <dst id="17">701.2444</dst>
      <dst id="21">787.1644</dst>
    </src>
    <src id="11">
      <dst id="12">424077.3778</dst>
      <dst id="13">1385.5556</dst>
      <dst id="19">25.9822</dst>
      <dst id="23">7.3956</dst>
      <dst id="8">1870.3911</dst>
      <dst id="18">317.9644</dst>
      <dst id="4">13101.5733</dst>
      <dst id="1">472.5689</dst>
      <dst id="5">1124.1156</dst>
      <dst id="3">5731.8933</dst>
      <dst id="22">4731.3244</dst>
      <dst id="7">509.0844</dst>
      <dst id="2">153268.4711</dst>
      <dst id="6">1.2089</dst>
      <dst id="16">389.1111</dst>
      <dst id="14">64.6667</dst>
      <dst id="20">286.8622</dst>
      <dst id="11">724.6844</dst>
      <dst id="9">2360.8267</dst>
      <dst id="17">85499.7867</dst>
      <dst id="21">1853.6089</dst>
      <dst id="15">111.0133</dst>
    </src>
    <src id="9">
      <dst id="12">511585.6889</dst>
      <dst id="13">9148.9156</dst>
      <dst id="19">965.7244</dst>
      <dst id="23">16.2133</dst>
      <dst id="8">102.7200</dst>
      <dst id="18">3827.0133</dst>
      <dst id="4">13926.1600</dst>
      <dst id="1">87.3333</dst>
      <dst id="5">3817.8844</dst>
      <dst id="3">86.5067</dst>
      <dst id="22">8760.8000</dst>
      <dst id="7">341.8756</dst>
      <dst id="2">143868.0178</dst>
      <dst id="16">254.3822</dst>
      <dst id="14">7.1289</dst>
      <dst id="20">1353.0933</dst>
      <dst id="11">1649.3333</dst>
      <dst id="9">2692.5067</dst>
      <dst id="17">121774.8000</dst>
      <dst id="21">386.6578</dst>
      <dst id="15">211.9289</dst>
    </src>
    <src id="17">
      <dst id="12">8392.2489</dst>
      <dst id="13">7726.9867</dst>
      <dst id="19">16866.0267</dst>
      <dst id="23">115.0933</dst>
      <dst id="8">90698.4800</dst>
      <dst id="18">1423.3778</dst>
      <dst id="4">146027.2178</dst>
      <dst id="1">713.9378</dst>
      <dst id="5">162911.1022</dst>
      <dst id="3">18330.9333</dst>
      <dst id="22">4311.0578</dst>
      <dst id="7">24774.4711</dst>
      <dst id="2">17665.6711</dst>
      <dst id="6">15.1556</dst>
      <dst id="16">7024.6222</dst>
      <dst id="14">13830.9422</dst>
      <dst id="20">619.2178</dst>
      <dst id="11">90581.6622</dst>
      <dst id="9">150911.3333</dst>
      <dst id="17">10034.5333</dst>
      <dst id="21">9623.0489</dst>
      <dst id="15">88.5956</dst>
    </src>
    <src id="21">
      <dst id="12">21607.5200</dst>
      <dst id="13">1598.7289</dst>
      <dst id="19">165.8133</dst>
      <dst id="23">41.0667</dst>
      <dst id="8">31.7689</dst>
      <dst id="18">1398.5333</dst>
      <dst id="4">35286.2222</dst>
      <dst id="1">1358.4267</dst>
      <dst id="5">705.0400</dst>
      <dst id="3">965.2267</dst>
      <dst id="22">1360.8000</dst>
      <dst id="7">631.7689</dst>
      <dst id="2">10378.5156</dst>
      <dst id="6">1.0489</dst>
      <dst id="16">122.7911</dst>
      <dst id="14">119.0222</dst>
      <dst id="20">326.0800</dst>
      <dst id="11">1248.4089</dst>
      <dst id="9">403.1111</dst>
      <dst id="17">8964.5867</dst>
      <dst id="21">1401.7333</dst>
      <dst id="15">20.6400</dst>
    </src>
    <src id="15">
      <dst id="12">3133.3689</dst>
      <dst id="13">137.7511</dst>
      <dst id="19">0.3556</dst>
      <dst id="8">309.7067</dst>
      <dst id="18">2.5244</dst>
      <dst id="4">11790.9778</dst>
      <dst id="1">48.7644</dst>
      <dst id="5">8051.0311</dst>
      <dst id="3">394.0267</dst>
      <dst id="7">227.5289</dst>
      <dst id="2">134.0178</dst>
      <dst id="11">80.0711</dst>
      <dst id="9">770.8533</dst>
      <dst id="17">211.4844</dst>
      <dst id="21">58.1600</dst>
    </src>
  </IntraTM>
</TrafficMatrixFile>
