<?xml version="1.0" encoding="UTF-8" standalone="yes"?>
<TrafficMatrixFile xmlns:xsi="http://www.w3.org/2001/XMLSchema-instance" xsi:noNamespaceSchemaLocation="http://totem.run.montefiore.ulg.ac.be/Schema/TrafficMatrix-v1_2.xsd">
  <info>
    <title>Intradomain traffic matrix generated by geant-TM-all.pl</title>
    <date>2005-01-01T04:45:00</date>
    <duration>900</duration>
    <author>Steve Uhlig</author>
    <units>
        <unit type="bandwidth" value="kbps"/>
    </units>
  </info>
  <IntraTM ASID="20965">
    <src id="12">
      <dst id="12">300711.1022</dst>
      <dst id="13">31579.5378</dst>
      <dst id="19">4033.4933</dst>
      <dst id="23">823.6178</dst>
      <dst id="8">6211.5556</dst>
      <dst id="18">4400.0978</dst>
      <dst id="4">158500.0089</dst>
      <dst id="1">8357.8667</dst>
      <dst id="5">6231.5022</dst>
      <dst id="3">3801.2444</dst>
      <dst id="22">18469.6000</dst>
      <dst id="7">3978.2311</dst>
      <dst id="2">96786.0711</dst>
      <dst id="6">14.4444</dst>
      <dst id="16">9999.2000</dst>
      <dst id="14">176.9422</dst>
      <dst id="20">2410.4533</dst>
      <dst id="11">5923.6000</dst>
      <dst id="9">24061.0667</dst>
      <dst id="17">86759.2978</dst>
      <dst id="21">12013.7244</dst>
      <dst id="15">5367.9289</dst>
    </src>
    <src id="13">
      <dst id="12">36483.9644</dst>
      <dst id="19">1593.6711</dst>
      <dst id="23">3767.1022</dst>
      <dst id="8">2242.3289</dst>
      <dst id="18">2356.1422</dst>
      <dst id="1">240.1956</dst>
      <dst id="5">32929.7333</dst>
      <dst id="3">1491.8044</dst>
      <dst id="22">10411.3511</dst>
      <dst id="7">13003.3511</dst>
      <dst id="2">23763.9111</dst>
      <dst id="6">0.4178</dst>
      <dst id="16">7298.7111</dst>
      <dst id="14">62.4178</dst>
      <dst id="20">27118.4178</dst>
      <dst id="11">3223.0578</dst>
      <dst id="9">8856.1689</dst>
      <dst id="17">51368.2933</dst>
      <dst id="21">2232.1600</dst>
      <dst id="15">3490.0356</dst>
    </src>
    <src id="19">
      <dst id="12">17778.4356</dst>
      <dst id="13">8555.5556</dst>
      <dst id="23">12.9778</dst>
      <dst id="8">13.8311</dst>
      <dst id="18">21.5378</dst>
      <dst id="4">25606.2489</dst>
      <dst id="1">62.0089</dst>
      <dst id="5">17.8933</dst>
      <dst id="3">461.6533</dst>
      <dst id="22">153.7333</dst>
      <dst id="7">4509.1200</dst>
      <dst id="2">1017.6889</dst>
      <dst id="6">14.2400</dst>
      <dst id="16">8310.1333</dst>
      <dst id="14">2.0800</dst>
      <dst id="20">44.4889</dst>
      <dst id="11">632.5333</dst>
      <dst id="9">4160.3556</dst>
      <dst id="17">589.3511</dst>
      <dst id="21">435.3956</dst>
      <dst id="15">27.7333</dst>
    </src>
    <src id="23">
      <dst id="12">1183.0489</dst>
      <dst id="13">213.0044</dst>
      <dst id="19">63.4667</dst>
      <dst id="18">160.4622</dst>
      <dst id="4">15.1822</dst>
      <dst id="1">130.5511</dst>
      <dst id="5">43.4667</dst>
      <dst id="3">85.1644</dst>
      <dst id="22">227.3778</dst>
      <dst id="7">185.5644</dst>
      <dst id="2">50.0178</dst>
      <dst id="16">18.5689</dst>
      <dst id="14">0.3556</dst>
      <dst id="20">40.0000</dst>
      <dst id="11">39.7511</dst>
      <dst id="9">259.5111</dst>
      <dst id="17">610.3378</dst>
      <dst id="21">486.9956</dst>
      <dst id="15">53.6711</dst>
    </src>
    <src id="8">
      <dst id="12">359281.3778</dst>
      <dst id="13">721.8933</dst>
      <dst id="19">0.4267</dst>
      <dst id="18">55.3067</dst>
      <dst id="4">7354.4444</dst>
      <dst id="1">259.3600</dst>
      <dst id="5">2824.0711</dst>
      <dst id="3">124.1333</dst>
      <dst id="22">1555.5200</dst>
      <dst id="7">2162.2844</dst>
      <dst id="2">148147.2089</dst>
      <dst id="6">2.6400</dst>
      <dst id="16">525.5289</dst>
      <dst id="14">1.1378</dst>
      <dst id="20">246.5333</dst>
      <dst id="11">304.1422</dst>
      <dst id="9">201.3956</dst>
      <dst id="17">79214.0178</dst>
      <dst id="21">360.1778</dst>
      <dst id="15">75.6267</dst>
    </src>
    <src id="18">
      <dst id="12">140951.3156</dst>
      <dst id="13">1121.3956</dst>
      <dst id="19">19.0133</dst>
      <dst id="23">3.0222</dst>
      <dst id="8">70.5422</dst>
      <dst id="4">2805.7867</dst>
      <dst id="1">1410.1156</dst>
      <dst id="5">799.7067</dst>
      <dst id="3">100.1600</dst>
      <dst id="22">2102.6933</dst>
      <dst id="7">37.0222</dst>
      <dst id="2">43351.6178</dst>
      <dst id="16">55.4044</dst>
      <dst id="20">673.2267</dst>
      <dst id="11">174.3644</dst>
      <dst id="9">683.3244</dst>
      <dst id="17">34812.3200</dst>
      <dst id="21">840.7289</dst>
      <dst id="15">7.7156</dst>
    </src>
    <src id="4">
      <dst id="12">65993.3244</dst>
      <dst id="13">2532.0000</dst>
      <dst id="19">18105.6978</dst>
      <dst id="8">2802.0000</dst>
      <dst id="18">5643.8044</dst>
      <dst id="4">102.6044</dst>
      <dst id="1">6596.3378</dst>
      <dst id="5">9902.0800</dst>
      <dst id="3">18779.9644</dst>
      <dst id="22">33956.8800</dst>
      <dst id="7">76335.9378</dst>
      <dst id="2">178867.1022</dst>
      <dst id="6">126.4444</dst>
      <dst id="16">19296.3378</dst>
      <dst id="14">7397.7867</dst>
      <dst id="20">65407.0578</dst>
      <dst id="11">16686.7378</dst>
      <dst id="9">18665.0133</dst>
      <dst id="17">161672.9600</dst>
      <dst id="21">34084.6311</dst>
      <dst id="15">2209.3333</dst>
    </src>
    <src id="1">
      <dst id="12">20465.0133</dst>
      <dst id="13">665.0311</dst>
      <dst id="19">2571.1556</dst>
      <dst id="23">59.1378</dst>
      <dst id="8">141756.8267</dst>
      <dst id="18">13033.4222</dst>
      <dst id="4">22373.7956</dst>
      <dst id="1">58.9244</dst>
      <dst id="5">257358.3911</dst>
      <dst id="3">41370.0889</dst>
      <dst id="22">5895.4578</dst>
      <dst id="7">14067.7600</dst>
      <dst id="2">16342.7733</dst>
      <dst id="6">5917.2089</dst>
      <dst id="16">14583.5822</dst>
      <dst id="14">283.6178</dst>
      <dst id="20">460.4267</dst>
      <dst id="11">525.1644</dst>
      <dst id="9">244535.6089</dst>
      <dst id="17">6066.5867</dst>
      <dst id="21">28203.5733</dst>
      <dst id="15">1378.0711</dst>
    </src>
    <src id="5">
      <dst id="12">397515.9289</dst>
      <dst id="13">2867.9289</dst>
      <dst id="19">159.9200</dst>
      <dst id="23">108.1956</dst>
      <dst id="8">22346.9067</dst>
      <dst id="18">672.1422</dst>
      <dst id="4">12827.9378</dst>
      <dst id="1">30.9511</dst>
      <dst id="3">346.5689</dst>
      <dst id="22">4692.1511</dst>
      <dst id="7">354.1422</dst>
      <dst id="2">187858.6489</dst>
      <dst id="6">13.7511</dst>
      <dst id="16">1038.5689</dst>
      <dst id="14">106.6133</dst>
      <dst id="20">1933.7067</dst>
      <dst id="11">3626.7467</dst>
      <dst id="9">4293.6267</dst>
      <dst id="17">94681.4933</dst>
      <dst id="21">1285.1467</dst>
      <dst id="15">832.3556</dst>
    </src>
    <src id="3">
      <dst id="12">10990.9778</dst>
      <dst id="13">3849.3867</dst>
      <dst id="19">985.6622</dst>
      <dst id="23">160.6400</dst>
      <dst id="8">226.5067</dst>
      <dst id="18">119048.0356</dst>
      <dst id="4">57797.2800</dst>
      <dst id="1">17029.5289</dst>
      <dst id="5">412.1689</dst>
      <dst id="3">16333.0311</dst>
      <dst id="22">625.3067</dst>
      <dst id="7">11477.9022</dst>
      <dst id="2">7873.0044</dst>
      <dst id="6">68.7733</dst>
      <dst id="16">941.6889</dst>
      <dst id="14">40063.0933</dst>
      <dst id="20">173.9200</dst>
      <dst id="11">152707.0400</dst>
      <dst id="9">2039.5822</dst>
      <dst id="17">5749.1111</dst>
      <dst id="21">10087.1911</dst>
      <dst id="15">60.2667</dst>
    </src>
    <src id="10">
      <dst id="12">23455.4489</dst>
      <dst id="19">5816.1511</dst>
      <dst id="8">2584.6578</dst>
      <dst id="18">3717.0311</dst>
      <dst id="4">0.3556</dst>
      <dst id="1">1044.0978</dst>
      <dst id="5">1889.0133</dst>
      <dst id="3">5929.2978</dst>
      <dst id="22">10586.7733</dst>
      <dst id="7">7972.1956</dst>
      <dst id="2">34470.0800</dst>
      <dst id="6">16.2578</dst>
      <dst id="16">1395.1111</dst>
      <dst id="14">1541.3778</dst>
      <dst id="20">3910.5956</dst>
      <dst id="11">7451.2178</dst>
      <dst id="9">2712.6578</dst>
      <dst id="17">18810.4533</dst>
      <dst id="21">24810.4267</dst>
      <dst id="15">1074.1689</dst>
    </src>
    <src id="22">
      <dst id="12">21073.2533</dst>
      <dst id="13">3733.1644</dst>
      <dst id="19">109.8311</dst>
      <dst id="23">36.0178</dst>
      <dst id="8">3550.2844</dst>
      <dst id="18">960.9333</dst>
      <dst id="4">24465.5911</dst>
      <dst id="1">227.4222</dst>
      <dst id="5">5450.0267</dst>
      <dst id="3">1277.4400</dst>
      <dst id="7">2006.1422</dst>
      <dst id="2">2979.5022</dst>
      <dst id="6">18.6311</dst>
      <dst id="16">14.1689</dst>
      <dst id="14">120.3733</dst>
      <dst id="11">3805.5378</dst>
      <dst id="9">3078.6844</dst>
      <dst id="17">6351.9733</dst>
      <dst id="21">2008.7556</dst>
    </src>
    <src id="7">
      <dst id="12">9644.0800</dst>
      <dst id="13">2408.4267</dst>
      <dst id="19">893.5644</dst>
      <dst id="23">104.2489</dst>
      <dst id="8">1533.1200</dst>
      <dst id="18">717.6000</dst>
      <dst id="4">27543.9822</dst>
      <dst id="1">11215.7333</dst>
      <dst id="5">1453.2089</dst>
      <dst id="3">5162.7289</dst>
      <dst id="22">3340.4000</dst>
      <dst id="7">767.9822</dst>
      <dst id="2">9712.4889</dst>
      <dst id="6">36.5156</dst>
      <dst id="16">2589.1556</dst>
      <dst id="14">313.7422</dst>
      <dst id="20">873.8667</dst>
      <dst id="11">710.6400</dst>
      <dst id="9">1313.5556</dst>
      <dst id="17">12576.8444</dst>
      <dst id="21">5488.9689</dst>
      <dst id="15">707.3956</dst>
    </src>
    <src id="2">
      <dst id="12">158856.5511</dst>
      <dst id="13">10026.5067</dst>
      <dst id="19">3061.6978</dst>
      <dst id="23">3.0400</dst>
      <dst id="8">157.5911</dst>
      <dst id="18">93853.3511</dst>
      <dst id="4">136474.5867</dst>
      <dst id="1">1339.7156</dst>
      <dst id="5">1964.5244</dst>
      <dst id="3">1616.7556</dst>
      <dst id="22">2813.6533</dst>
      <dst id="7">4354.8267</dst>
      <dst id="2">2465.4756</dst>
      <dst id="6">7265.3511</dst>
      <dst id="16">10528.6044</dst>
      <dst id="14">148.3111</dst>
      <dst id="20">1542.8178</dst>
      <dst id="11">3250.5244</dst>
      <dst id="9">1572.4267</dst>
      <dst id="17">46641.6800</dst>
      <dst id="21">9071.2178</dst>
      <dst id="15">314.5867</dst>
    </src>
    <src id="6">
      <dst id="12">10769.0578</dst>
      <dst id="13">4.3378</dst>
      <dst id="19">3.3067</dst>
      <dst id="8">21.6178</dst>
      <dst id="4">102.0444</dst>
      <dst id="1">26.5244</dst>
      <dst id="5">0.3556</dst>
      <dst id="3">17.9111</dst>
      <dst id="22">287.8044</dst>
      <dst id="7">2.9778</dst>
      <dst id="2">2645.8400</dst>
      <dst id="16">0.4889</dst>
      <dst id="20">38.4356</dst>
      <dst id="9">7.4044</dst>
      <dst id="17">1074.8533</dst>
      <dst id="21">14.8889</dst>
      <dst id="15">1.3511</dst>
    </src>
    <src id="16">
      <dst id="12">2367.8578</dst>
      <dst id="13">864.2133</dst>
      <dst id="19">4056.9867</dst>
      <dst id="23">56.5244</dst>
      <dst id="8">8831.9556</dst>
      <dst id="18">57.7778</dst>
      <dst id="4">7854.7822</dst>
      <dst id="1">16434.4711</dst>
      <dst id="5">8130.0089</dst>
      <dst id="3">1166.7467</dst>
      <dst id="7">1141.8489</dst>
      <dst id="2">2034.6933</dst>
      <dst id="6">2.0978</dst>
      <dst id="16">78.7111</dst>
      <dst id="14">40.9956</dst>
      <dst id="11">181.9733</dst>
      <dst id="9">9564.7644</dst>
      <dst id="17">4837.2978</dst>
      <dst id="21">213.1911</dst>
    </src>
    <src id="14">
      <dst id="12">18986.6400</dst>
      <dst id="13">100.6844</dst>
      <dst id="19">6.8267</dst>
      <dst id="23">0.6489</dst>
      <dst id="18">12.6222</dst>
      <dst id="4">3438.9867</dst>
      <dst id="1">113.0044</dst>
      <dst id="5">80.6667</dst>
      <dst id="3">67.8133</dst>
      <dst id="22">20.3022</dst>
      <dst id="7">56.5156</dst>
      <dst id="2">7192.5956</dst>
      <dst id="16">1.7778</dst>
      <dst id="20">19.8933</dst>
      <dst id="11">40.2400</dst>
      <dst id="9">40.0000</dst>
      <dst id="17">5080.9867</dst>
      <dst id="21">157.3600</dst>
      <dst id="15">19.6622</dst>
    </src>
    <src id="20">
      <dst id="12">10579.3333</dst>
      <dst id="13">6992.9511</dst>
      <dst id="19">69.2800</dst>
      <dst id="23">13.7956</dst>
      <dst id="8">2294.1778</dst>
      <dst id="18">50.9778</dst>
      <dst id="4">18383.5378</dst>
      <dst id="1">244.1422</dst>
      <dst id="5">1921.5022</dst>
      <dst id="3">1078.0178</dst>
      <dst id="7">277.7778</dst>
      <dst id="2">6754.7733</dst>
      <dst id="6">0.3556</dst>
      <dst id="14">14.3111</dst>
      <dst id="11">2919.9022</dst>
      <dst id="9">24657.9822</dst>
      <dst id="17">6669.6622</dst>
      <dst id="21">1923.9644</dst>
    </src>
    <src id="11">
      <dst id="12">406402.1600</dst>
      <dst id="13">5222.8356</dst>
      <dst id="19">48.5600</dst>
      <dst id="23">22.4533</dst>
      <dst id="8">460.7911</dst>
      <dst id="18">206.2756</dst>
      <dst id="4">17288.7111</dst>
      <dst id="1">563.1733</dst>
      <dst id="5">1313.2444</dst>
      <dst id="3">2187.6444</dst>
      <dst id="22">2351.3600</dst>
      <dst id="7">365.4844</dst>
      <dst id="2">165102.4178</dst>
      <dst id="6">4.4711</dst>
      <dst id="16">732.6844</dst>
      <dst id="14">46.9778</dst>
      <dst id="20">1144.2133</dst>
      <dst id="11">1566.2222</dst>
      <dst id="9">2430.1422</dst>
      <dst id="17">104366.8711</dst>
      <dst id="21">1419.2089</dst>
      <dst id="15">465.2178</dst>
    </src>
    <src id="9">
      <dst id="12">456388.5956</dst>
      <dst id="13">9086.7022</dst>
      <dst id="19">150.7556</dst>
      <dst id="23">33.2000</dst>
      <dst id="8">330.4800</dst>
      <dst id="18">217.9378</dst>
      <dst id="4">14613.6800</dst>
      <dst id="1">199.8222</dst>
      <dst id="5">3672.0444</dst>
      <dst id="3">149.7422</dst>
      <dst id="22">6555.5200</dst>
      <dst id="7">1322.4533</dst>
      <dst id="2">201837.1378</dst>
      <dst id="6">0.4622</dst>
      <dst id="16">821.6444</dst>
      <dst id="14">18.0978</dst>
      <dst id="20">5936.3200</dst>
      <dst id="11">463.6622</dst>
      <dst id="9">996.1511</dst>
      <dst id="17">142761.8844</dst>
      <dst id="21">1939.7511</dst>
      <dst id="15">522.4533</dst>
    </src>
    <src id="17">
      <dst id="12">17167.3778</dst>
      <dst id="13">3367.0933</dst>
      <dst id="19">12760.4089</dst>
      <dst id="23">256.7111</dst>
      <dst id="8">149244.5422</dst>
      <dst id="18">4833.7956</dst>
      <dst id="4">91452.7378</dst>
      <dst id="1">1041.6267</dst>
      <dst id="5">266083.5733</dst>
      <dst id="3">19643.0844</dst>
      <dst id="22">7443.7689</dst>
      <dst id="7">14741.2711</dst>
      <dst id="2">16891.1378</dst>
      <dst id="6">54.7200</dst>
      <dst id="16">7672.1867</dst>
      <dst id="14">34850.3378</dst>
      <dst id="20">786.6222</dst>
      <dst id="11">118008.9422</dst>
      <dst id="9">235472.0089</dst>
      <dst id="17">1634.9511</dst>
      <dst id="21">15512.1511</dst>
      <dst id="15">2200.8800</dst>
    </src>
    <src id="21">
      <dst id="12">23239.2356</dst>
      <dst id="13">1674.4711</dst>
      <dst id="19">236.1244</dst>
      <dst id="23">193.2089</dst>
      <dst id="8">69.6533</dst>
      <dst id="18">933.6800</dst>
      <dst id="4">22123.9022</dst>
      <dst id="1">6173.0489</dst>
      <dst id="5">1059.8222</dst>
      <dst id="3">1623.1378</dst>
      <dst id="22">2305.0133</dst>
      <dst id="7">2729.7156</dst>
      <dst id="2">16106.8356</dst>
      <dst id="6">1.2800</dst>
      <dst id="16">564.7467</dst>
      <dst id="14">173.8133</dst>
      <dst id="20">362.0622</dst>
      <dst id="11">719.3956</dst>
      <dst id="9">927.0489</dst>
      <dst id="17">5302.8444</dst>
      <dst id="21">2164.3022</dst>
      <dst id="15">258.4800</dst>
    </src>
    <src id="15">
      <dst id="12">409.8578</dst>
      <dst id="13">19856.0533</dst>
      <dst id="19">1.1022</dst>
      <dst id="23">1.9556</dst>
      <dst id="8">159.2711</dst>
      <dst id="18">41.2800</dst>
      <dst id="4">5507.5111</dst>
      <dst id="1">2674.6933</dst>
      <dst id="5">755.1200</dst>
      <dst id="3">641.4489</dst>
      <dst id="7">86.4711</dst>
      <dst id="2">331.5200</dst>
      <dst id="11">551.8400</dst>
      <dst id="9">1855.8756</dst>
      <dst id="17">584.7644</dst>
      <dst id="21">103.9911</dst>
    </src>
  </IntraTM>
</TrafficMatrixFile>
