<?xml version="1.0" encoding="UTF-8" standalone="yes"?>
<TrafficMatrixFile xmlns:xsi="http://www.w3.org/2001/XMLSchema-instance" xsi:noNamespaceSchemaLocation="http://totem.run.montefiore.ulg.ac.be/Schema/TrafficMatrix-v1_2.xsd">
  <info>
    <title>Intradomain traffic matrix generated by geant-TM-all.pl</title>
    <date>2005-01-05T01:00:00</date>
    <duration>900</duration>
    <author>Steve Uhlig</author>
    <units>
        <unit type="bandwidth" value="kbps"/>
    </units>
  </info>
  <IntraTM ASID="20965">
    <src id="12">
      <dst id="12">273645.3511</dst>
      <dst id="13">57468.4356</dst>
      <dst id="19">1476.4800</dst>
      <dst id="23">1490.4800</dst>
      <dst id="8">2116.5067</dst>
      <dst id="18">796.4978</dst>
      <dst id="4">64532.6844</dst>
      <dst id="1">18274.8533</dst>
      <dst id="5">3152.9689</dst>
      <dst id="3">1905.4578</dst>
      <dst id="22">15053.6178</dst>
      <dst id="7">6717.5289</dst>
      <dst id="2">81296.4267</dst>
      <dst id="6">26.5689</dst>
      <dst id="16">9083.5022</dst>
      <dst id="14">306.9956</dst>
      <dst id="20">10707.2267</dst>
      <dst id="11">5961.7156</dst>
      <dst id="9">9698.6756</dst>
      <dst id="17">82655.3333</dst>
      <dst id="21">1213.1556</dst>
      <dst id="15">1457.8933</dst>
    </src>
    <src id="13">
      <dst id="12">59637.0311</dst>
      <dst id="19">5996.3378</dst>
      <dst id="23">104.5333</dst>
      <dst id="8">5359.8667</dst>
      <dst id="18">3408.7022</dst>
      <dst id="1">18436.8533</dst>
      <dst id="5">6947.4667</dst>
      <dst id="3">4838.5333</dst>
      <dst id="22">26917.1556</dst>
      <dst id="7">12308.7200</dst>
      <dst id="2">96121.6978</dst>
      <dst id="6">1341.6889</dst>
      <dst id="16">8545.5111</dst>
      <dst id="14">2079.9467</dst>
      <dst id="20">9405.5111</dst>
      <dst id="11">12295.7600</dst>
      <dst id="9">10443.2444</dst>
      <dst id="17">56457.7333</dst>
      <dst id="21">8468.9778</dst>
      <dst id="15">2989.1111</dst>
    </src>
    <src id="19">
      <dst id="12">17870.8978</dst>
      <dst id="13">2895.9111</dst>
      <dst id="23">17.6889</dst>
      <dst id="8">35.4844</dst>
      <dst id="18">0.4444</dst>
      <dst id="4">15548.3733</dst>
      <dst id="1">2002.9422</dst>
      <dst id="5">14.1511</dst>
      <dst id="22">147.6978</dst>
      <dst id="7">9666.4889</dst>
      <dst id="2">1721.1644</dst>
      <dst id="6">52.2489</dst>
      <dst id="16">5371.9911</dst>
      <dst id="20">184.5956</dst>
      <dst id="11">237.8044</dst>
      <dst id="9">524.8978</dst>
      <dst id="17">3076.5867</dst>
      <dst id="21">322.0089</dst>
    </src>
    <src id="23">
      <dst id="12">243.9911</dst>
      <dst id="13">70.6133</dst>
      <dst id="19">4.5422</dst>
      <dst id="8">53.3333</dst>
      <dst id="18">2.3733</dst>
      <dst id="4">34.0800</dst>
      <dst id="1">11.3600</dst>
      <dst id="5">254.6133</dst>
      <dst id="3">223.5289</dst>
      <dst id="22">822.4267</dst>
      <dst id="7">813.5111</dst>
      <dst id="2">1.4044</dst>
      <dst id="6">96.8533</dst>
      <dst id="16">125.1111</dst>
      <dst id="14">1.0222</dst>
      <dst id="20">3.1644</dst>
      <dst id="11">532.6222</dst>
      <dst id="9">849.0133</dst>
      <dst id="17">685.5200</dst>
      <dst id="21">178.4533</dst>
      <dst id="15">68.1511</dst>
    </src>
    <src id="8">
      <dst id="12">321728.9244</dst>
      <dst id="13">582.8711</dst>
      <dst id="19">348.4444</dst>
      <dst id="23">1.4222</dst>
      <dst id="18">41.5644</dst>
      <dst id="4">6909.3511</dst>
      <dst id="1">446.0178</dst>
      <dst id="5">4005.6444</dst>
      <dst id="3">25.6000</dst>
      <dst id="22">808.7378</dst>
      <dst id="7">16.9511</dst>
      <dst id="2">125804.5689</dst>
      <dst id="16">1134.6044</dst>
      <dst id="14">0.6578</dst>
      <dst id="20">148.9867</dst>
      <dst id="11">399.2800</dst>
      <dst id="9">882.3733</dst>
      <dst id="17">129657.8489</dst>
      <dst id="21">264.4622</dst>
      <dst id="15">23.8578</dst>
    </src>
    <src id="18">
      <dst id="12">96362.3022</dst>
      <dst id="13">295.6444</dst>
      <dst id="19">2.6311</dst>
      <dst id="23">1.6533</dst>
      <dst id="8">17.0578</dst>
      <dst id="4">1125.9289</dst>
      <dst id="1">1537.1289</dst>
      <dst id="5">451.8933</dst>
      <dst id="3">1.6356</dst>
      <dst id="22">229.7333</dst>
      <dst id="7">1.5556</dst>
      <dst id="2">34557.1378</dst>
      <dst id="16">25.2889</dst>
      <dst id="14">14.3378</dst>
      <dst id="20">29.9556</dst>
      <dst id="11">146.4889</dst>
      <dst id="9">27.6178</dst>
      <dst id="17">37648.1333</dst>
      <dst id="21">110.6756</dst>
      <dst id="15">1.2089</dst>
    </src>
    <src id="4">
      <dst id="12">18696.8978</dst>
      <dst id="19">17108.4178</dst>
      <dst id="8">1328.8178</dst>
      <dst id="18">377.8578</dst>
      <dst id="1">114207.3689</dst>
      <dst id="5">1684.6667</dst>
      <dst id="3">179.7956</dst>
      <dst id="22">5061.4044</dst>
      <dst id="7">58926.4267</dst>
      <dst id="2">54286.8000</dst>
      <dst id="6">55.6000</dst>
      <dst id="16">1955.4667</dst>
      <dst id="14">2016.8267</dst>
      <dst id="20">2159.8133</dst>
      <dst id="11">3868.8089</dst>
      <dst id="9">2629.4489</dst>
      <dst id="17">38454.2756</dst>
      <dst id="21">2653.2533</dst>
      <dst id="15">249.4044</dst>
    </src>
    <src id="1">
      <dst id="12">22249.6089</dst>
      <dst id="13">714.5156</dst>
      <dst id="19">111.3244</dst>
      <dst id="23">43.9822</dst>
      <dst id="8">122010.4711</dst>
      <dst id="18">13578.5956</dst>
      <dst id="4">18398.4267</dst>
      <dst id="1">9627.8578</dst>
      <dst id="5">232813.1289</dst>
      <dst id="3">53.7333</dst>
      <dst id="22">2348.3022</dst>
      <dst id="7">1572.6133</dst>
      <dst id="2">3255.3422</dst>
      <dst id="6">9977.9467</dst>
      <dst id="16">8975.5644</dst>
      <dst id="14">160.3022</dst>
      <dst id="20">91.1289</dst>
      <dst id="11">603.5378</dst>
      <dst id="9">227627.6267</dst>
      <dst id="17">4798.1511</dst>
      <dst id="21">2376.8978</dst>
      <dst id="15">131.2089</dst>
    </src>
    <src id="5">
      <dst id="12">329619.1022</dst>
      <dst id="13">1321.4667</dst>
      <dst id="19">27.8756</dst>
      <dst id="23">20.5067</dst>
      <dst id="8">8009.4844</dst>
      <dst id="18">334.6578</dst>
      <dst id="4">4225.8400</dst>
      <dst id="1">492.2578</dst>
      <dst id="3">77.7600</dst>
      <dst id="22">8098.2311</dst>
      <dst id="7">150.8089</dst>
      <dst id="2">142047.8844</dst>
      <dst id="6">1.5289</dst>
      <dst id="16">607.0578</dst>
      <dst id="14">24.7289</dst>
      <dst id="20">5492.4444</dst>
      <dst id="11">20793.1822</dst>
      <dst id="9">1289.9467</dst>
      <dst id="17">125061.3511</dst>
      <dst id="21">270.1778</dst>
      <dst id="15">1514.9244</dst>
    </src>
    <src id="3">
      <dst id="12">16020.5867</dst>
      <dst id="13">2127.1378</dst>
      <dst id="19">1188.9156</dst>
      <dst id="23">8949.9111</dst>
      <dst id="8">98.4622</dst>
      <dst id="18">53713.5822</dst>
      <dst id="4">11677.4578</dst>
      <dst id="1">4756.4978</dst>
      <dst id="5">188.2133</dst>
      <dst id="3">16503.0311</dst>
      <dst id="22">2643.1911</dst>
      <dst id="7">1027.7956</dst>
      <dst id="2">6390.3289</dst>
      <dst id="6">0.5156</dst>
      <dst id="16">1139.9111</dst>
      <dst id="14">46606.8444</dst>
      <dst id="20">50.9600</dst>
      <dst id="11">136810.4356</dst>
      <dst id="9">1049.4578</dst>
      <dst id="17">8092.6667</dst>
      <dst id="21">12481.3511</dst>
      <dst id="15">18.8267</dst>
    </src>
    <src id="10">
      <dst id="12">9295.6711</dst>
      <dst id="19">5833.1556</dst>
      <dst id="8">286.2844</dst>
      <dst id="18">2493.2000</dst>
      <dst id="1">2732.0711</dst>
      <dst id="5">1030.7556</dst>
      <dst id="3">2078.9156</dst>
      <dst id="22">8477.7333</dst>
      <dst id="7">8788.6400</dst>
      <dst id="2">24545.1200</dst>
      <dst id="6">2.5067</dst>
      <dst id="16">1837.9467</dst>
      <dst id="14">4356.6667</dst>
      <dst id="20">1017.4756</dst>
      <dst id="11">5589.2000</dst>
      <dst id="9">5747.4489</dst>
      <dst id="17">23158.6489</dst>
      <dst id="21">7327.1111</dst>
      <dst id="15">576.1867</dst>
    </src>
    <src id="22">
      <dst id="12">11890.8889</dst>
      <dst id="13">3342.2222</dst>
      <dst id="19">363.7067</dst>
      <dst id="23">1247.3689</dst>
      <dst id="8">552.3378</dst>
      <dst id="18">706.7378</dst>
      <dst id="4">14210.9778</dst>
      <dst id="1">362.2400</dst>
      <dst id="5">2764.4000</dst>
      <dst id="3">983.2622</dst>
      <dst id="7">1773.3422</dst>
      <dst id="2">3279.6444</dst>
      <dst id="6">0.8800</dst>
      <dst id="16">28.6578</dst>
      <dst id="14">188.7289</dst>
      <dst id="11">1387.5733</dst>
      <dst id="9">3134.6044</dst>
      <dst id="17">4061.2533</dst>
      <dst id="21">394.8178</dst>
    </src>
    <src id="7">
      <dst id="12">3736.1422</dst>
      <dst id="13">1275.3956</dst>
      <dst id="19">6765.6533</dst>
      <dst id="23">170.4622</dst>
      <dst id="8">2.3556</dst>
      <dst id="18">132.8444</dst>
      <dst id="4">7442.4089</dst>
      <dst id="1">1267.3333</dst>
      <dst id="5">878.2222</dst>
      <dst id="3">40.4089</dst>
      <dst id="22">2978.5689</dst>
      <dst id="7">867.3778</dst>
      <dst id="2">7042.4711</dst>
      <dst id="6">31.2978</dst>
      <dst id="16">1604.6933</dst>
      <dst id="14">128.3911</dst>
      <dst id="20">541.3511</dst>
      <dst id="11">1124.8178</dst>
      <dst id="9">669.1467</dst>
      <dst id="17">17008.2844</dst>
      <dst id="21">2448.0800</dst>
      <dst id="15">242.6222</dst>
    </src>
    <src id="2">
      <dst id="12">99386.1689</dst>
      <dst id="13">523984.3022</dst>
      <dst id="19">300.8267</dst>
      <dst id="8">490.0089</dst>
      <dst id="18">55523.8756</dst>
      <dst id="4">89960.2933</dst>
      <dst id="1">5190.2133</dst>
      <dst id="5">976.5244</dst>
      <dst id="3">70.2133</dst>
      <dst id="22">7554.5867</dst>
      <dst id="7">4754.8622</dst>
      <dst id="2">1480.5600</dst>
      <dst id="6">9018.8000</dst>
      <dst id="16">2150.3556</dst>
      <dst id="14">5513.7511</dst>
      <dst id="20">1275.3156</dst>
      <dst id="11">5377.1822</dst>
      <dst id="9">519.0578</dst>
      <dst id="17">24569.4489</dst>
      <dst id="21">4120.9778</dst>
      <dst id="15">1215.2978</dst>
    </src>
    <src id="6">
      <dst id="12">10974.6933</dst>
      <dst id="13">27.0489</dst>
      <dst id="19">2.6578</dst>
      <dst id="23">2.7022</dst>
      <dst id="8">11.8222</dst>
      <dst id="4">974.2133</dst>
      <dst id="1">15.0578</dst>
      <dst id="22">12.6222</dst>
      <dst id="7">1.8844</dst>
      <dst id="2">2811.7333</dst>
      <dst id="16">33.4044</dst>
      <dst id="9">0.3556</dst>
      <dst id="17">1372.3289</dst>
      <dst id="21">1.8756</dst>
      <dst id="15">0.3378</dst>
    </src>
    <src id="16">
      <dst id="12">3090.7644</dst>
      <dst id="13">611.7067</dst>
      <dst id="19">3652.1689</dst>
      <dst id="23">133.5289</dst>
      <dst id="8">6355.6000</dst>
      <dst id="18">56.6844</dst>
      <dst id="4">3350.1867</dst>
      <dst id="1">6882.6400</dst>
      <dst id="5">4676.9956</dst>
      <dst id="3">1.0667</dst>
      <dst id="7">1962.9067</dst>
      <dst id="2">551.3511</dst>
      <dst id="6">30.6844</dst>
      <dst id="16">50.3200</dst>
      <dst id="14">581.8133</dst>
      <dst id="11">979.6533</dst>
      <dst id="9">6928.4089</dst>
      <dst id="17">2840.3822</dst>
      <dst id="21">2800.8533</dst>
    </src>
    <src id="14">
      <dst id="12">19423.2533</dst>
      <dst id="13">54.3111</dst>
      <dst id="19">7.5911</dst>
      <dst id="8">13.8844</dst>
      <dst id="18">2.3111</dst>
      <dst id="4">2207.1200</dst>
      <dst id="1">80.3911</dst>
      <dst id="5">0.3556</dst>
      <dst id="3">51.8844</dst>
      <dst id="22">161.8578</dst>
      <dst id="7">67.8933</dst>
      <dst id="2">6504.3022</dst>
      <dst id="16">10.2667</dst>
      <dst id="20">0.3556</dst>
      <dst id="11">178.7822</dst>
      <dst id="9">141.8667</dst>
      <dst id="17">7769.3956</dst>
      <dst id="21">76.1689</dst>
      <dst id="15">1.3511</dst>
    </src>
    <src id="20">
      <dst id="12">2377.5467</dst>
      <dst id="13">11955.2267</dst>
      <dst id="19">4454.5511</dst>
      <dst id="23">59.5200</dst>
      <dst id="8">372.8711</dst>
      <dst id="18">838.7200</dst>
      <dst id="4">13916.0356</dst>
      <dst id="1">58.9867</dst>
      <dst id="5">454.5600</dst>
      <dst id="3">228.4267</dst>
      <dst id="7">578.3822</dst>
      <dst id="2">3343.9111</dst>
      <dst id="14">1.6444</dst>
      <dst id="11">488.1422</dst>
      <dst id="9">1417.4578</dst>
      <dst id="17">3330.6933</dst>
      <dst id="21">286.0000</dst>
    </src>
    <src id="11">
      <dst id="12">382768.9244</dst>
      <dst id="13">5042.4711</dst>
      <dst id="19">63.9378</dst>
      <dst id="23">187.0222</dst>
      <dst id="8">528.5956</dst>
      <dst id="18">112.0622</dst>
      <dst id="4">13260.6756</dst>
      <dst id="1">527.0133</dst>
      <dst id="5">1568.8800</dst>
      <dst id="3">326.7733</dst>
      <dst id="22">1988.2400</dst>
      <dst id="7">389.9200</dst>
      <dst id="2">176994.3911</dst>
      <dst id="6">0.3378</dst>
      <dst id="16">227.5289</dst>
      <dst id="14">229.6889</dst>
      <dst id="20">223.8756</dst>
      <dst id="11">2545.4311</dst>
      <dst id="9">843.4222</dst>
      <dst id="17">166160.5778</dst>
      <dst id="21">292.5067</dst>
      <dst id="15">165.5556</dst>
    </src>
    <src id="9">
      <dst id="12">424067.0756</dst>
      <dst id="13">2595.5289</dst>
      <dst id="19">190.8000</dst>
      <dst id="23">34.4533</dst>
      <dst id="8">413.4933</dst>
      <dst id="18">18.4711</dst>
      <dst id="4">7802.0444</dst>
      <dst id="1">761.4222</dst>
      <dst id="5">1053.4578</dst>
      <dst id="3">105.5022</dst>
      <dst id="22">1885.6356</dst>
      <dst id="7">450.3289</dst>
      <dst id="2">166789.0400</dst>
      <dst id="16">2911.2267</dst>
      <dst id="14">23.1289</dst>
      <dst id="20">587.6444</dst>
      <dst id="11">602.8444</dst>
      <dst id="9">282.5067</dst>
      <dst id="17">175818.9689</dst>
      <dst id="21">389.9378</dst>
      <dst id="15">747.6178</dst>
    </src>
    <src id="17">
      <dst id="12">8138.7022</dst>
      <dst id="13">3118.4000</dst>
      <dst id="19">497.7956</dst>
      <dst id="23">183.2267</dst>
      <dst id="8">131699.8844</dst>
      <dst id="18">282.1511</dst>
      <dst id="4">28009.6622</dst>
      <dst id="1">1373.5378</dst>
      <dst id="5">220725.9111</dst>
      <dst id="3">3091.7244</dst>
      <dst id="22">4232.2489</dst>
      <dst id="7">1519.1556</dst>
      <dst id="2">17386.3022</dst>
      <dst id="6">867.4667</dst>
      <dst id="16">5920.4533</dst>
      <dst id="14">43279.8489</dst>
      <dst id="20">8552.8000</dst>
      <dst id="11">107304.4178</dst>
      <dst id="9">174630.9244</dst>
      <dst id="17">1300.4889</dst>
      <dst id="21">14102.3111</dst>
      <dst id="15">744.0356</dst>
    </src>
    <src id="21">
      <dst id="12">15009.8489</dst>
      <dst id="13">389.5111</dst>
      <dst id="19">318.4533</dst>
      <dst id="23">16.4800</dst>
      <dst id="8">1507.2800</dst>
      <dst id="18">850.4000</dst>
      <dst id="4">12803.1111</dst>
      <dst id="1">1661.9289</dst>
      <dst id="5">383.4844</dst>
      <dst id="3">985.2444</dst>
      <dst id="22">717.9200</dst>
      <dst id="7">1362.0889</dst>
      <dst id="2">9367.0578</dst>
      <dst id="6">4.2756</dst>
      <dst id="16">657.7244</dst>
      <dst id="14">103.9467</dst>
      <dst id="20">292.1956</dst>
      <dst id="11">1224.2933</dst>
      <dst id="9">268.6933</dst>
      <dst id="17">4394.1422</dst>
      <dst id="21">486.0444</dst>
      <dst id="15">138.3911</dst>
    </src>
    <src id="15">
      <dst id="12">1234.6222</dst>
      <dst id="13">857.3244</dst>
      <dst id="19">0.3378</dst>
      <dst id="23">0.7111</dst>
      <dst id="8">58.2311</dst>
      <dst id="18">1.8489</dst>
      <dst id="4">1766.8978</dst>
      <dst id="1">581.7778</dst>
      <dst id="5">72.9600</dst>
      <dst id="3">32.7822</dst>
      <dst id="7">7.3511</dst>
      <dst id="2">201.0311</dst>
      <dst id="14">0.8889</dst>
      <dst id="11">138.7733</dst>
      <dst id="9">235.7778</dst>
      <dst id="17">382.7378</dst>
      <dst id="21">98.2489</dst>
    </src>
  </IntraTM>
</TrafficMatrixFile>
