<?xml version="1.0" encoding="UTF-8" standalone="yes"?>
<TrafficMatrixFile xmlns:xsi="http://www.w3.org/2001/XMLSchema-instance" xsi:noNamespaceSchemaLocation="http://totem.run.montefiore.ulg.ac.be/Schema/TrafficMatrix-v1_2.xsd">
  <info>
    <title>Intradomain traffic matrix generated by geant-TM-all.pl</title>
    <date>2005-01-04T22:15:00</date>
    <duration>900</duration>
    <author>Steve Uhlig</author>
    <units>
        <unit type="bandwidth" value="kbps"/>
    </units>
  </info>
  <IntraTM ASID="20965">
    <src id="12">
      <dst id="12">239934.9244</dst>
      <dst id="13">20853.1200</dst>
      <dst id="19">2031.1822</dst>
      <dst id="23">17185.7422</dst>
      <dst id="8">2207.0400</dst>
      <dst id="18">608.8622</dst>
      <dst id="4">62508.0800</dst>
      <dst id="1">18572.4622</dst>
      <dst id="5">14452.0444</dst>
      <dst id="3">5081.1911</dst>
      <dst id="22">32835.6267</dst>
      <dst id="7">4158.0889</dst>
      <dst id="2">88424.9244</dst>
      <dst id="6">3.8133</dst>
      <dst id="16">13329.0844</dst>
      <dst id="14">951.3333</dst>
      <dst id="20">8089.0844</dst>
      <dst id="11">4417.5467</dst>
      <dst id="9">2833.0311</dst>
      <dst id="17">75477.4222</dst>
      <dst id="21">2300.9422</dst>
      <dst id="15">1197.5822</dst>
    </src>
    <src id="13">
      <dst id="12">44201.2356</dst>
      <dst id="19">11021.4222</dst>
      <dst id="23">10479.5378</dst>
      <dst id="8">5861.2889</dst>
      <dst id="18">3318.4178</dst>
      <dst id="1">9513.2711</dst>
      <dst id="5">4698.1956</dst>
      <dst id="3">8387.9822</dst>
      <dst id="22">20879.2800</dst>
      <dst id="7">9962.9600</dst>
      <dst id="2">88807.5822</dst>
      <dst id="6">83.3778</dst>
      <dst id="16">7846.5867</dst>
      <dst id="14">6796.5511</dst>
      <dst id="20">9361.4044</dst>
      <dst id="11">9725.6978</dst>
      <dst id="9">8185.4222</dst>
      <dst id="17">388404.8444</dst>
      <dst id="21">9117.2089</dst>
      <dst id="15">22645.3422</dst>
    </src>
    <src id="19">
      <dst id="12">10316.2311</dst>
      <dst id="13">477.2267</dst>
      <dst id="23">0.8622</dst>
      <dst id="8">96.0711</dst>
      <dst id="4">16205.1022</dst>
      <dst id="1">49.5022</dst>
      <dst id="5">123.3689</dst>
      <dst id="3">283.1022</dst>
      <dst id="22">191.5467</dst>
      <dst id="7">3254.0178</dst>
      <dst id="2">440.9778</dst>
      <dst id="6">39.1200</dst>
      <dst id="16">7102.1956</dst>
      <dst id="14">15.7244</dst>
      <dst id="20">123.8933</dst>
      <dst id="11">60.0978</dst>
      <dst id="9">81.3067</dst>
      <dst id="17">9714.5600</dst>
      <dst id="21">498.7822</dst>
      <dst id="15">0.3556</dst>
    </src>
    <src id="23">
      <dst id="12">736.5778</dst>
      <dst id="13">265.5022</dst>
      <dst id="8">0.3556</dst>
      <dst id="18">1.9022</dst>
      <dst id="4">13.0844</dst>
      <dst id="1">75.6711</dst>
      <dst id="5">41.2178</dst>
      <dst id="3">229.7156</dst>
      <dst id="22">1224.0889</dst>
      <dst id="7">168.7378</dst>
      <dst id="2">18.9956</dst>
      <dst id="6">1.3333</dst>
      <dst id="16">15.8933</dst>
      <dst id="20">1.3600</dst>
      <dst id="11">81.0222</dst>
      <dst id="9">3812.0978</dst>
      <dst id="17">261.6089</dst>
      <dst id="21">264.1422</dst>
      <dst id="15">0.3378</dst>
    </src>
    <src id="8">
      <dst id="12">291437.5644</dst>
      <dst id="13">603.3067</dst>
      <dst id="19">13.3867</dst>
      <dst id="23">0.4622</dst>
      <dst id="18">4.4178</dst>
      <dst id="4">8463.5467</dst>
      <dst id="1">304.4533</dst>
      <dst id="5">1443.5200</dst>
      <dst id="3">202.8711</dst>
      <dst id="22">391.0756</dst>
      <dst id="7">7.3600</dst>
      <dst id="2">114871.7867</dst>
      <dst id="6">614.3289</dst>
      <dst id="16">1584.2044</dst>
      <dst id="20">24.1689</dst>
      <dst id="11">307.3067</dst>
      <dst id="9">279.7156</dst>
      <dst id="17">121886.8889</dst>
      <dst id="21">172.7467</dst>
      <dst id="15">369.2978</dst>
    </src>
    <src id="18">
      <dst id="12">91040.5422</dst>
      <dst id="13">344.0000</dst>
      <dst id="19">0.8889</dst>
      <dst id="8">42.6844</dst>
      <dst id="4">1203.4133</dst>
      <dst id="1">4279.5022</dst>
      <dst id="5">203.5022</dst>
      <dst id="3">27.4400</dst>
      <dst id="22">147.9378</dst>
      <dst id="7">5.6800</dst>
      <dst id="2">29311.2267</dst>
      <dst id="16">35.1378</dst>
      <dst id="14">17.4222</dst>
      <dst id="20">2.8267</dst>
      <dst id="11">131.0222</dst>
      <dst id="9">33.0311</dst>
      <dst id="17">34204.6400</dst>
      <dst id="21">1001.2533</dst>
      <dst id="15">1.1378</dst>
    </src>
    <src id="4">
      <dst id="12">13567.9911</dst>
      <dst id="19">15507.2178</dst>
      <dst id="8">676.5333</dst>
      <dst id="18">619.3422</dst>
      <dst id="4">1.4844</dst>
      <dst id="1">8392.2222</dst>
      <dst id="5">2111.2444</dst>
      <dst id="3">31.2889</dst>
      <dst id="22">3181.0933</dst>
      <dst id="7">32665.8044</dst>
      <dst id="2">45006.0800</dst>
      <dst id="6">13.8489</dst>
      <dst id="16">2092.3733</dst>
      <dst id="14">2533.7867</dst>
      <dst id="20">1841.7156</dst>
      <dst id="11">2377.9911</dst>
      <dst id="9">1987.5022</dst>
      <dst id="17">33849.7778</dst>
      <dst id="21">5776.2400</dst>
      <dst id="15">454.6222</dst>
    </src>
    <src id="1">
      <dst id="12">31123.0844</dst>
      <dst id="13">365.5200</dst>
      <dst id="19">47.1822</dst>
      <dst id="23">23.7333</dst>
      <dst id="8">115923.1378</dst>
      <dst id="18">13292.4533</dst>
      <dst id="4">7873.0578</dst>
      <dst id="1">2937.6444</dst>
      <dst id="5">236821.6178</dst>
      <dst id="3">160.2756</dst>
      <dst id="22">963.1911</dst>
      <dst id="7">1090.8800</dst>
      <dst id="2">3030.7733</dst>
      <dst id="6">9031.5111</dst>
      <dst id="16">11148.4444</dst>
      <dst id="14">179.0933</dst>
      <dst id="20">142.9333</dst>
      <dst id="11">188.2133</dst>
      <dst id="9">197455.3600</dst>
      <dst id="17">6806.1333</dst>
      <dst id="21">1859.8133</dst>
      <dst id="15">160.1422</dst>
    </src>
    <src id="5">
      <dst id="12">262900.9511</dst>
      <dst id="13">1011.7333</dst>
      <dst id="19">148.9422</dst>
      <dst id="23">362.6578</dst>
      <dst id="8">381.6889</dst>
      <dst id="18">1551.2356</dst>
      <dst id="4">4169.4489</dst>
      <dst id="1">350.8089</dst>
      <dst id="3">4.2667</dst>
      <dst id="22">7263.7244</dst>
      <dst id="7">36.2756</dst>
      <dst id="2">125462.5689</dst>
      <dst id="6">0.7111</dst>
      <dst id="16">641.2800</dst>
      <dst id="14">1.2444</dst>
      <dst id="20">1726.7822</dst>
      <dst id="11">453.9467</dst>
      <dst id="9">345.2178</dst>
      <dst id="17">114260.4800</dst>
      <dst id="21">84.6844</dst>
      <dst id="15">120.0889</dst>
    </src>
    <src id="3">
      <dst id="12">106656.3200</dst>
      <dst id="13">1937.9733</dst>
      <dst id="19">1241.2178</dst>
      <dst id="23">10748.6044</dst>
      <dst id="8">53.8489</dst>
      <dst id="18">55053.8222</dst>
      <dst id="4">6309.3067</dst>
      <dst id="1">5602.7733</dst>
      <dst id="5">212.8356</dst>
      <dst id="3">9867.2000</dst>
      <dst id="22">690.9244</dst>
      <dst id="7">1608.6844</dst>
      <dst id="2">6642.5511</dst>
      <dst id="6">14.7733</dst>
      <dst id="16">910.3111</dst>
      <dst id="14">69297.2711</dst>
      <dst id="20">188.0356</dst>
      <dst id="11">115946.0711</dst>
      <dst id="9">526.8711</dst>
      <dst id="17">11433.9111</dst>
      <dst id="21">17023.6978</dst>
      <dst id="15">67.7689</dst>
    </src>
    <src id="10">
      <dst id="12">12024.9244</dst>
      <dst id="19">6255.7067</dst>
      <dst id="23">0.8533</dst>
      <dst id="8">247.7156</dst>
      <dst id="18">284.9067</dst>
      <dst id="1">2733.5022</dst>
      <dst id="5">1032.1333</dst>
      <dst id="3">1053.8933</dst>
      <dst id="22">8150.2133</dst>
      <dst id="7">7924.3111</dst>
      <dst id="2">31661.2444</dst>
      <dst id="6">0.4356</dst>
      <dst id="16">2615.2889</dst>
      <dst id="14">6156.6044</dst>
      <dst id="20">599.5733</dst>
      <dst id="11">8276.3556</dst>
      <dst id="9">9397.1022</dst>
      <dst id="17">17639.2533</dst>
      <dst id="21">8334.5689</dst>
      <dst id="15">115.3689</dst>
    </src>
    <src id="22">
      <dst id="12">12784.5956</dst>
      <dst id="13">3178.5067</dst>
      <dst id="19">197.3956</dst>
      <dst id="23">63.6978</dst>
      <dst id="8">1331.1733</dst>
      <dst id="18">194.4444</dst>
      <dst id="4">13070.4889</dst>
      <dst id="1">141.4133</dst>
      <dst id="5">3409.2178</dst>
      <dst id="3">283.2089</dst>
      <dst id="7">259.9378</dst>
      <dst id="2">2653.3511</dst>
      <dst id="14">279.3244</dst>
      <dst id="11">1052.3111</dst>
      <dst id="9">2357.2889</dst>
      <dst id="17">3248.3200</dst>
      <dst id="21">453.2356</dst>
    </src>
    <src id="7">
      <dst id="12">5125.5378</dst>
      <dst id="13">2153.6089</dst>
      <dst id="19">250.7733</dst>
      <dst id="23">91.3422</dst>
      <dst id="8">45.8044</dst>
      <dst id="18">174.7289</dst>
      <dst id="4">16231.9378</dst>
      <dst id="1">919.1556</dst>
      <dst id="5">1258.1778</dst>
      <dst id="3">263.2178</dst>
      <dst id="22">2632.8622</dst>
      <dst id="7">804.9422</dst>
      <dst id="2">6932.5067</dst>
      <dst id="6">58.7289</dst>
      <dst id="16">1250.5778</dst>
      <dst id="14">385.1378</dst>
      <dst id="20">171.6089</dst>
      <dst id="11">568.2933</dst>
      <dst id="9">561.7156</dst>
      <dst id="17">5625.2000</dst>
      <dst id="21">2863.6000</dst>
      <dst id="15">97.1822</dst>
    </src>
    <src id="2">
      <dst id="12">93604.3556</dst>
      <dst id="13">512185.8933</dst>
      <dst id="19">130.2933</dst>
      <dst id="23">28.6844</dst>
      <dst id="8">384.7556</dst>
      <dst id="18">42284.0622</dst>
      <dst id="4">73913.4133</dst>
      <dst id="1">5836.5422</dst>
      <dst id="5">1290.3200</dst>
      <dst id="3">168.9956</dst>
      <dst id="22">2404.5689</dst>
      <dst id="7">2851.1644</dst>
      <dst id="2">896.9867</dst>
      <dst id="6">10573.9822</dst>
      <dst id="16">3172.7200</dst>
      <dst id="14">7804.2489</dst>
      <dst id="20">490.7200</dst>
      <dst id="11">3679.9111</dst>
      <dst id="9">477.3600</dst>
      <dst id="17">50184.5333</dst>
      <dst id="21">1614.2311</dst>
      <dst id="15">452.9689</dst>
    </src>
    <src id="6">
      <dst id="12">10595.9911</dst>
      <dst id="13">5.2800</dst>
      <dst id="19">46.3200</dst>
      <dst id="23">0.3378</dst>
      <dst id="8">19.2356</dst>
      <dst id="18">0.3378</dst>
      <dst id="4">1320.6044</dst>
      <dst id="1">26.6578</dst>
      <dst id="5">27.4489</dst>
      <dst id="22">15.4489</dst>
      <dst id="2">2656.1778</dst>
      <dst id="16">25.4667</dst>
      <dst id="11">13.6889</dst>
      <dst id="9">3.1556</dst>
      <dst id="17">1315.7867</dst>
      <dst id="21">0.8622</dst>
      <dst id="15">1.1378</dst>
    </src>
    <src id="16">
      <dst id="12">3132.0978</dst>
      <dst id="13">205.4400</dst>
      <dst id="19">4091.5467</dst>
      <dst id="23">29.6978</dst>
      <dst id="8">5144.3467</dst>
      <dst id="18">3.6267</dst>
      <dst id="4">1950.5156</dst>
      <dst id="1">20313.4578</dst>
      <dst id="5">5836.7911</dst>
      <dst id="3">16.9600</dst>
      <dst id="7">2125.1911</dst>
      <dst id="2">868.2844</dst>
      <dst id="6">7.3422</dst>
      <dst id="16">64.8089</dst>
      <dst id="14">575.3867</dst>
      <dst id="11">36.4889</dst>
      <dst id="9">7705.5289</dst>
      <dst id="17">1184.1156</dst>
      <dst id="21">2012.0978</dst>
    </src>
    <src id="14">
      <dst id="12">23533.9467</dst>
      <dst id="13">36.2578</dst>
      <dst id="19">3.7333</dst>
      <dst id="23">1.4044</dst>
      <dst id="8">12.6222</dst>
      <dst id="18">8.8978</dst>
      <dst id="4">2116.0978</dst>
      <dst id="1">144.5067</dst>
      <dst id="5">0.5156</dst>
      <dst id="3">44.4978</dst>
      <dst id="22">10.6756</dst>
      <dst id="7">141.6711</dst>
      <dst id="2">9199.3689</dst>
      <dst id="16">12.6756</dst>
      <dst id="20">1.1289</dst>
      <dst id="11">127.5733</dst>
      <dst id="9">1.5378</dst>
      <dst id="17">16956.8178</dst>
      <dst id="21">79.0133</dst>
    </src>
    <src id="20">
      <dst id="12">2940.3644</dst>
      <dst id="13">2533.9644</dst>
      <dst id="19">461.4578</dst>
      <dst id="23">3.6089</dst>
      <dst id="8">65.9378</dst>
      <dst id="18">28.4267</dst>
      <dst id="4">5088.2578</dst>
      <dst id="1">179.1467</dst>
      <dst id="5">3500.3200</dst>
      <dst id="3">284.6667</dst>
      <dst id="7">65.4311</dst>
      <dst id="2">5715.5556</dst>
      <dst id="14">12.9778</dst>
      <dst id="11">1271.3067</dst>
      <dst id="9">4387.5733</dst>
      <dst id="17">2798.0622</dst>
      <dst id="21">178.1333</dst>
    </src>
    <src id="11">
      <dst id="12">377294.0978</dst>
      <dst id="13">3063.4044</dst>
      <dst id="19">74.2133</dst>
      <dst id="23">15.5378</dst>
      <dst id="8">949.1644</dst>
      <dst id="18">21.1556</dst>
      <dst id="4">9445.3511</dst>
      <dst id="1">875.3867</dst>
      <dst id="5">419.6800</dst>
      <dst id="3">1844.1067</dst>
      <dst id="22">1413.6178</dst>
      <dst id="7">166.5333</dst>
      <dst id="2">155149.6356</dst>
      <dst id="6">26.3111</dst>
      <dst id="16">188.1778</dst>
      <dst id="14">187.8133</dst>
      <dst id="20">75.8400</dst>
      <dst id="11">1586.3733</dst>
      <dst id="9">1933.6533</dst>
      <dst id="17">152821.7600</dst>
      <dst id="21">419.9378</dst>
      <dst id="15">3183.0222</dst>
    </src>
    <src id="9">
      <dst id="12">389629.7778</dst>
      <dst id="13">22111.9467</dst>
      <dst id="19">44.0178</dst>
      <dst id="23">113.0311</dst>
      <dst id="8">124.7289</dst>
      <dst id="18">37.2356</dst>
      <dst id="4">7438.9867</dst>
      <dst id="1">1027.8667</dst>
      <dst id="5">4051.0400</dst>
      <dst id="3">64.8889</dst>
      <dst id="22">2692.7467</dst>
      <dst id="7">692.9867</dst>
      <dst id="2">163868.3200</dst>
      <dst id="16">647.1556</dst>
      <dst id="14">25.9556</dst>
      <dst id="20">2910.6933</dst>
      <dst id="11">3302.5244</dst>
      <dst id="9">277.0844</dst>
      <dst id="17">164154.6044</dst>
      <dst id="21">327.3422</dst>
      <dst id="15">2218.8978</dst>
    </src>
    <src id="17">
      <dst id="12">11833.6356</dst>
      <dst id="13">11099.0044</dst>
      <dst id="19">314.3289</dst>
      <dst id="23">162.7644</dst>
      <dst id="8">135092.3289</dst>
      <dst id="18">368.1511</dst>
      <dst id="4">30818.7467</dst>
      <dst id="1">11315.6978</dst>
      <dst id="5">255696.9956</dst>
      <dst id="3">13364.1867</dst>
      <dst id="22">8030.4267</dst>
      <dst id="7">993.0489</dst>
      <dst id="2">27054.6133</dst>
      <dst id="6">69.7333</dst>
      <dst id="16">2658.5600</dst>
      <dst id="14">58008.9778</dst>
      <dst id="20">686.4622</dst>
      <dst id="11">101169.9111</dst>
      <dst id="9">165797.7778</dst>
      <dst id="17">1814.0889</dst>
      <dst id="21">15346.0356</dst>
      <dst id="15">24.0800</dst>
    </src>
    <src id="21">
      <dst id="12">25696.7556</dst>
      <dst id="13">1098.5867</dst>
      <dst id="19">106.1156</dst>
      <dst id="23">27.7067</dst>
      <dst id="8">50.1956</dst>
      <dst id="18">806.0000</dst>
      <dst id="4">11645.3600</dst>
      <dst id="1">1749.8756</dst>
      <dst id="5">275.3067</dst>
      <dst id="3">1696.2222</dst>
      <dst id="22">1136.6400</dst>
      <dst id="7">1541.5289</dst>
      <dst id="2">18621.2267</dst>
      <dst id="6">4.3733</dst>
      <dst id="16">303.6889</dst>
      <dst id="14">1489.4756</dst>
      <dst id="20">292.7556</dst>
      <dst id="11">841.7422</dst>
      <dst id="9">437.8400</dst>
      <dst id="17">5765.9378</dst>
      <dst id="21">421.7956</dst>
      <dst id="15">28.0267</dst>
    </src>
    <src id="15">
      <dst id="12">3784.0267</dst>
      <dst id="13">1032.7467</dst>
      <dst id="19">65.5911</dst>
      <dst id="23">0.4267</dst>
      <dst id="8">82.8533</dst>
      <dst id="18">1.5733</dst>
      <dst id="4">856.4178</dst>
      <dst id="1">683.7244</dst>
      <dst id="5">153.8133</dst>
      <dst id="3">16.5689</dst>
      <dst id="7">21.7778</dst>
      <dst id="2">68.1067</dst>
      <dst id="14">0.4267</dst>
      <dst id="11">182.7022</dst>
      <dst id="9">134.6133</dst>
      <dst id="17">78.9156</dst>
      <dst id="21">32.8533</dst>
    </src>
  </IntraTM>
</TrafficMatrixFile>
