<?xml version="1.0" encoding="UTF-8" standalone="yes"?>
<TrafficMatrixFile xmlns:xsi="http://www.w3.org/2001/XMLSchema-instance" xsi:noNamespaceSchemaLocation="http://totem.run.montefiore.ulg.ac.be/Schema/TrafficMatrix-v1_2.xsd">
  <info>
    <title>Intradomain traffic matrix generated by geant-TM-all.pl</title>
    <date>2005-01-01T03:00:00</date>
    <duration>900</duration>
    <author>Steve Uhlig</author>
    <units>
        <unit type="bandwidth" value="kbps"/>
    </units>
  </info>
  <IntraTM ASID="20965">
    <src id="12">
      <dst id="12">351839.3689</dst>
      <dst id="13">24984.1778</dst>
      <dst id="19">5746.5422</dst>
      <dst id="23">3401.0844</dst>
      <dst id="8">5402.7644</dst>
      <dst id="18">2231.7156</dst>
      <dst id="4">143008.6578</dst>
      <dst id="1">8270.7467</dst>
      <dst id="5">9070.4444</dst>
      <dst id="3">7688.6578</dst>
      <dst id="22">19275.2978</dst>
      <dst id="7">12286.8889</dst>
      <dst id="2">105103.7600</dst>
      <dst id="6">72.9778</dst>
      <dst id="16">10178.3822</dst>
      <dst id="14">290.7556</dst>
      <dst id="20">5321.3689</dst>
      <dst id="11">3221.9911</dst>
      <dst id="9">21371.5911</dst>
      <dst id="17">77949.3067</dst>
      <dst id="21">33589.1556</dst>
      <dst id="15">2662.8178</dst>
    </src>
    <src id="13">
      <dst id="12">94051.6711</dst>
      <dst id="19">8753.5289</dst>
      <dst id="23">1510.4711</dst>
      <dst id="8">5208.0622</dst>
      <dst id="18">8812.7822</dst>
      <dst id="1">9094.5956</dst>
      <dst id="5">28881.3333</dst>
      <dst id="3">17900.2756</dst>
      <dst id="22">18813.9822</dst>
      <dst id="7">20626.6756</dst>
      <dst id="2">161063.9911</dst>
      <dst id="6">121.5289</dst>
      <dst id="16">15828.1067</dst>
      <dst id="14">3335.9556</dst>
      <dst id="20">32117.8222</dst>
      <dst id="11">16598.6311</dst>
      <dst id="9">18620.3556</dst>
      <dst id="17">243890.3200</dst>
      <dst id="21">38009.7244</dst>
      <dst id="15">3355.1467</dst>
    </src>
    <src id="19">
      <dst id="12">14776.2933</dst>
      <dst id="13">3328.9156</dst>
      <dst id="23">271.7511</dst>
      <dst id="8">103.3067</dst>
      <dst id="18">66.8978</dst>
      <dst id="4">22193.4667</dst>
      <dst id="1">80.3022</dst>
      <dst id="5">628.0978</dst>
      <dst id="3">1764.7289</dst>
      <dst id="22">54.2667</dst>
      <dst id="7">3920.8889</dst>
      <dst id="2">30990.7556</dst>
      <dst id="6">116.6933</dst>
      <dst id="16">6994.9778</dst>
      <dst id="14">1.3867</dst>
      <dst id="20">69.0311</dst>
      <dst id="11">59.8133</dst>
      <dst id="9">227.5200</dst>
      <dst id="17">1281.1644</dst>
      <dst id="21">1594.1511</dst>
      <dst id="15">13.7956</dst>
    </src>
    <src id="23">
      <dst id="12">755.0756</dst>
      <dst id="13">394.5689</dst>
      <dst id="19">5.5644</dst>
      <dst id="8">40.3556</dst>
      <dst id="18">41.9556</dst>
      <dst id="4">21.5644</dst>
      <dst id="1">772.6222</dst>
      <dst id="5">51.5378</dst>
      <dst id="3">159.5289</dst>
      <dst id="22">319.4133</dst>
      <dst id="7">411.2711</dst>
      <dst id="2">42.3022</dst>
      <dst id="6">6.5156</dst>
      <dst id="16">177.8311</dst>
      <dst id="14">126.2222</dst>
      <dst id="20">14.7556</dst>
      <dst id="11">413.1289</dst>
      <dst id="9">358.9511</dst>
      <dst id="17">670.5422</dst>
      <dst id="21">3315.2889</dst>
      <dst id="15">26.6667</dst>
    </src>
    <src id="8">
      <dst id="12">405823.5733</dst>
      <dst id="13">1669.4667</dst>
      <dst id="19">329.4222</dst>
      <dst id="23">22.2844</dst>
      <dst id="18">37.7156</dst>
      <dst id="4">11595.4400</dst>
      <dst id="1">81.3333</dst>
      <dst id="5">6091.5556</dst>
      <dst id="3">325.0133</dst>
      <dst id="22">1684.3644</dst>
      <dst id="7">14.2311</dst>
      <dst id="2">150883.1289</dst>
      <dst id="6">474.5778</dst>
      <dst id="16">2505.6889</dst>
      <dst id="14">1.1111</dst>
      <dst id="20">2912.9778</dst>
      <dst id="11">1800.2311</dst>
      <dst id="9">318.0800</dst>
      <dst id="17">103363.9378</dst>
      <dst id="21">798.8622</dst>
      <dst id="15">207.6444</dst>
    </src>
    <src id="18">
      <dst id="12">148832.0889</dst>
      <dst id="13">823.9111</dst>
      <dst id="19">690.7289</dst>
      <dst id="23">3.3067</dst>
      <dst id="8">180.1333</dst>
      <dst id="4">2862.7556</dst>
      <dst id="1">1133.5733</dst>
      <dst id="5">384.2667</dst>
      <dst id="3">148.9333</dst>
      <dst id="22">824.7822</dst>
      <dst id="7">305.9378</dst>
      <dst id="2">49088.9511</dst>
      <dst id="16">100.1422</dst>
      <dst id="14">2.9511</dst>
      <dst id="20">97.6978</dst>
      <dst id="11">625.7867</dst>
      <dst id="9">304.7200</dst>
      <dst id="17">35555.0044</dst>
      <dst id="21">4668.8711</dst>
      <dst id="15">17.2089</dst>
    </src>
    <src id="4">
      <dst id="12">20329.6622</dst>
      <dst id="19">10227.8044</dst>
      <dst id="8">2011.7156</dst>
      <dst id="18">2008.0356</dst>
      <dst id="4">2.3200</dst>
      <dst id="1">2711.9733</dst>
      <dst id="5">3671.5200</dst>
      <dst id="3">130733.3956</dst>
      <dst id="22">5779.0489</dst>
      <dst id="7">43253.6800</dst>
      <dst id="2">53262.8889</dst>
      <dst id="6">29.3867</dst>
      <dst id="16">1893.1556</dst>
      <dst id="14">5256.2133</dst>
      <dst id="20">2215.0844</dst>
      <dst id="11">8061.9111</dst>
      <dst id="9">7942.0800</dst>
      <dst id="17">86111.0933</dst>
      <dst id="21">16982.9333</dst>
      <dst id="15">393.5822</dst>
    </src>
    <src id="1">
      <dst id="12">17533.0133</dst>
      <dst id="13">2290.2756</dst>
      <dst id="19">2602.1333</dst>
      <dst id="23">110.5956</dst>
      <dst id="8">152111.3244</dst>
      <dst id="18">14230.3022</dst>
      <dst id="4">22037.7333</dst>
      <dst id="1">49.3689</dst>
      <dst id="5">296291.8933</dst>
      <dst id="3">80805.2889</dst>
      <dst id="22">4301.5200</dst>
      <dst id="7">3154.4800</dst>
      <dst id="2">21272.2400</dst>
      <dst id="6">9307.0933</dst>
      <dst id="16">16446.8622</dst>
      <dst id="14">1492.4178</dst>
      <dst id="20">314.5778</dst>
      <dst id="11">6922.2311</dst>
      <dst id="9">307077.5911</dst>
      <dst id="17">3132.5156</dst>
      <dst id="21">40191.7867</dst>
      <dst id="15">6958.0356</dst>
    </src>
    <src id="5">
      <dst id="12">466807.1467</dst>
      <dst id="13">3291.1289</dst>
      <dst id="19">119.2889</dst>
      <dst id="23">276.9244</dst>
      <dst id="8">20230.0356</dst>
      <dst id="18">1132.9511</dst>
      <dst id="4">14230.6933</dst>
      <dst id="1">105.5556</dst>
      <dst id="3">1201.7511</dst>
      <dst id="22">7570.6578</dst>
      <dst id="7">287.3422</dst>
      <dst id="2">193287.6356</dst>
      <dst id="6">13.1911</dst>
      <dst id="16">2118.5778</dst>
      <dst id="14">149.8933</dst>
      <dst id="20">1603.0667</dst>
      <dst id="11">5642.8267</dst>
      <dst id="9">3234.1778</dst>
      <dst id="17">95021.8400</dst>
      <dst id="21">3513.5378</dst>
      <dst id="15">600.8889</dst>
    </src>
    <src id="3">
      <dst id="12">11619.7333</dst>
      <dst id="13">3230.0089</dst>
      <dst id="19">1188.1511</dst>
      <dst id="23">60.5422</dst>
      <dst id="8">219.6178</dst>
      <dst id="18">161106.0444</dst>
      <dst id="4">55910.7822</dst>
      <dst id="1">21838.2489</dst>
      <dst id="5">423.0222</dst>
      <dst id="3">23141.1111</dst>
      <dst id="22">769.6267</dst>
      <dst id="7">3026.0978</dst>
      <dst id="2">7614.4356</dst>
      <dst id="6">24.2933</dst>
      <dst id="16">1403.5822</dst>
      <dst id="14">44651.5733</dst>
      <dst id="20">624.4533</dst>
      <dst id="11">176698.4000</dst>
      <dst id="9">1249.0400</dst>
      <dst id="17">14973.9822</dst>
      <dst id="21">16631.7956</dst>
      <dst id="15">200.9956</dst>
    </src>
    <src id="10">
      <dst id="12">21064.1067</dst>
      <dst id="19">3991.7956</dst>
      <dst id="8">1579.5644</dst>
      <dst id="18">5421.3067</dst>
      <dst id="4">0.3556</dst>
      <dst id="1">3170.9778</dst>
      <dst id="5">2879.7956</dst>
      <dst id="3">7375.6711</dst>
      <dst id="22">12433.8844</dst>
      <dst id="7">12207.2267</dst>
      <dst id="2">48970.0978</dst>
      <dst id="6">14.0444</dst>
      <dst id="16">3831.1289</dst>
      <dst id="14">1079.7422</dst>
      <dst id="20">4370.3289</dst>
      <dst id="11">7957.5289</dst>
      <dst id="9">5876.3467</dst>
      <dst id="17">38247.5111</dst>
      <dst id="21">27915.9644</dst>
      <dst id="15">914.4089</dst>
    </src>
    <src id="22">
      <dst id="12">7018.1956</dst>
      <dst id="13">4229.1733</dst>
      <dst id="19">191.8311</dst>
      <dst id="23">18.2400</dst>
      <dst id="8">2333.4133</dst>
      <dst id="18">1018.6311</dst>
      <dst id="4">27599.0044</dst>
      <dst id="1">253.0311</dst>
      <dst id="5">8793.3600</dst>
      <dst id="3">1337.1200</dst>
      <dst id="7">2048.7556</dst>
      <dst id="2">5024.7289</dst>
      <dst id="6">30.5867</dst>
      <dst id="16">10.4889</dst>
      <dst id="14">3.0844</dst>
      <dst id="11">4609.8044</dst>
      <dst id="9">4183.0933</dst>
      <dst id="17">5728.2044</dst>
      <dst id="21">1557.2889</dst>
    </src>
    <src id="7">
      <dst id="12">12437.3156</dst>
      <dst id="13">929.4489</dst>
      <dst id="19">803.5733</dst>
      <dst id="23">364.8889</dst>
      <dst id="8">869.7511</dst>
      <dst id="18">1204.5422</dst>
      <dst id="4">25548.1067</dst>
      <dst id="1">18907.4400</dst>
      <dst id="5">1687.0044</dst>
      <dst id="3">10358.6667</dst>
      <dst id="22">4810.6578</dst>
      <dst id="7">573.5111</dst>
      <dst id="2">14847.4844</dst>
      <dst id="6">111.5822</dst>
      <dst id="16">708.8444</dst>
      <dst id="14">325.1644</dst>
      <dst id="20">668.6756</dst>
      <dst id="11">2268.9956</dst>
      <dst id="9">1918.3289</dst>
      <dst id="17">14041.3511</dst>
      <dst id="21">11734.5778</dst>
      <dst id="15">433.2978</dst>
    </src>
    <src id="2">
      <dst id="12">142725.2000</dst>
      <dst id="13">15333.1111</dst>
      <dst id="19">2599.1822</dst>
      <dst id="23">0.3911</dst>
      <dst id="8">539.1378</dst>
      <dst id="18">133041.7778</dst>
      <dst id="4">125150.5244</dst>
      <dst id="1">15998.2933</dst>
      <dst id="5">2162.9956</dst>
      <dst id="3">6529.5200</dst>
      <dst id="22">3290.2133</dst>
      <dst id="7">5919.2267</dst>
      <dst id="2">1836.9244</dst>
      <dst id="6">8097.3511</dst>
      <dst id="16">10937.5378</dst>
      <dst id="14">436.1600</dst>
      <dst id="20">1439.1911</dst>
      <dst id="11">3972.2489</dst>
      <dst id="9">2480.1156</dst>
      <dst id="17">47512.4356</dst>
      <dst id="21">11251.9200</dst>
      <dst id="15">916.5867</dst>
    </src>
    <src id="6">
      <dst id="12">9868.9600</dst>
      <dst id="13">2.3644</dst>
      <dst id="19">10.5956</dst>
      <dst id="23">0.5244</dst>
      <dst id="8">14.7556</dst>
      <dst id="18">3.0133</dst>
      <dst id="4">69.0222</dst>
      <dst id="1">26.1689</dst>
      <dst id="5">12.7822</dst>
      <dst id="3">147.3244</dst>
      <dst id="22">1.3067</dst>
      <dst id="7">2.8089</dst>
      <dst id="2">2084.2222</dst>
      <dst id="16">38.7644</dst>
      <dst id="20">0.7644</dst>
      <dst id="11">14.3822</dst>
      <dst id="9">0.9067</dst>
      <dst id="17">1650.5956</dst>
      <dst id="21">13.7156</dst>
      <dst id="15">3.1644</dst>
    </src>
    <src id="16">
      <dst id="12">4228.5067</dst>
      <dst id="13">1054.8889</dst>
      <dst id="19">4381.0044</dst>
      <dst id="23">50.4267</dst>
      <dst id="8">5764.8267</dst>
      <dst id="18">33.6356</dst>
      <dst id="4">6567.7156</dst>
      <dst id="1">14972.8889</dst>
      <dst id="5">4538.5600</dst>
      <dst id="3">1440.3111</dst>
      <dst id="7">412.0178</dst>
      <dst id="2">1811.8756</dst>
      <dst id="6">0.6933</dst>
      <dst id="16">48.7378</dst>
      <dst id="14">13.9289</dst>
      <dst id="11">1122.5156</dst>
      <dst id="9">7303.7511</dst>
      <dst id="17">5247.6444</dst>
      <dst id="21">368.1156</dst>
    </src>
    <src id="14">
      <dst id="12">18865.5911</dst>
      <dst id="13">26.1333</dst>
      <dst id="19">23.5111</dst>
      <dst id="23">5.4400</dst>
      <dst id="8">0.3556</dst>
      <dst id="18">51.7867</dst>
      <dst id="4">3702.2844</dst>
      <dst id="1">84.9778</dst>
      <dst id="5">15.2889</dst>
      <dst id="3">190.7822</dst>
      <dst id="22">2.5867</dst>
      <dst id="7">141.2622</dst>
      <dst id="2">6615.5200</dst>
      <dst id="16">2.2400</dst>
      <dst id="20">18.3556</dst>
      <dst id="11">43.9200</dst>
      <dst id="9">32.9689</dst>
      <dst id="17">8989.8222</dst>
      <dst id="21">164.2133</dst>
      <dst id="15">66.7378</dst>
    </src>
    <src id="20">
      <dst id="12">3033.5822</dst>
      <dst id="13">12086.3111</dst>
      <dst id="19">27.6356</dst>
      <dst id="23">14.5067</dst>
      <dst id="8">5314.3733</dst>
      <dst id="18">150.0622</dst>
      <dst id="4">9841.0400</dst>
      <dst id="1">313.8756</dst>
      <dst id="5">938.8889</dst>
      <dst id="3">9832.8356</dst>
      <dst id="7">1217.7867</dst>
      <dst id="2">10788.1689</dst>
      <dst id="6">0.3556</dst>
      <dst id="14">215.5911</dst>
      <dst id="11">1876.2933</dst>
      <dst id="9">3704.3111</dst>
      <dst id="17">14793.6356</dst>
      <dst id="21">375.9556</dst>
    </src>
    <src id="11">
      <dst id="12">429535.1556</dst>
      <dst id="13">2254.6667</dst>
      <dst id="19">212.4800</dst>
      <dst id="23">21.0044</dst>
      <dst id="8">547.8133</dst>
      <dst id="18">1116.8178</dst>
      <dst id="4">13538.5422</dst>
      <dst id="1">901.0044</dst>
      <dst id="5">5284.6311</dst>
      <dst id="3">2557.9644</dst>
      <dst id="22">3191.3956</dst>
      <dst id="7">1906.5244</dst>
      <dst id="2">177671.6800</dst>
      <dst id="6">0.7111</dst>
      <dst id="16">385.9111</dst>
      <dst id="14">100.2133</dst>
      <dst id="20">929.7511</dst>
      <dst id="11">2382.2133</dst>
      <dst id="9">2953.7689</dst>
      <dst id="17">97919.8489</dst>
      <dst id="21">5906.3644</dst>
      <dst id="15">340.8000</dst>
    </src>
    <src id="9">
      <dst id="12">495716.1333</dst>
      <dst id="13">1915.1822</dst>
      <dst id="19">1593.0044</dst>
      <dst id="23">206.5422</dst>
      <dst id="8">737.5200</dst>
      <dst id="18">729.9911</dst>
      <dst id="4">14264.9956</dst>
      <dst id="1">212.6578</dst>
      <dst id="5">2805.5733</dst>
      <dst id="3">300.8444</dst>
      <dst id="22">3471.5111</dst>
      <dst id="7">1589.9378</dst>
      <dst id="2">183886.1511</dst>
      <dst id="6">1.3156</dst>
      <dst id="16">897.5022</dst>
      <dst id="14">27.4844</dst>
      <dst id="20">4970.6933</dst>
      <dst id="11">825.9200</dst>
      <dst id="9">1503.6711</dst>
      <dst id="17">101874.8978</dst>
      <dst id="21">1785.9467</dst>
      <dst id="15">984.9156</dst>
    </src>
    <src id="17">
      <dst id="12">23249.8489</dst>
      <dst id="13">6185.6089</dst>
      <dst id="19">15485.7600</dst>
      <dst id="23">420.3022</dst>
      <dst id="8">189845.4133</dst>
      <dst id="18">3717.9822</dst>
      <dst id="4">95608.3111</dst>
      <dst id="1">1857.5200</dst>
      <dst id="5">267331.3067</dst>
      <dst id="3">21698.5778</dst>
      <dst id="22">3903.7867</dst>
      <dst id="7">24800.1422</dst>
      <dst id="2">35277.6356</dst>
      <dst id="6">7.1822</dst>
      <dst id="16">11232.0178</dst>
      <dst id="14">44573.9378</dst>
      <dst id="20">1942.2044</dst>
      <dst id="11">133713.5289</dst>
      <dst id="9">270389.1733</dst>
      <dst id="17">1362.0622</dst>
      <dst id="21">35090.4889</dst>
      <dst id="15">288.4533</dst>
    </src>
    <src id="21">
      <dst id="12">18944.2933</dst>
      <dst id="13">1782.3911</dst>
      <dst id="19">962.8267</dst>
      <dst id="23">301.9644</dst>
      <dst id="8">175.4311</dst>
      <dst id="18">738.8889</dst>
      <dst id="4">32525.4044</dst>
      <dst id="1">2651.2000</dst>
      <dst id="5">700.0356</dst>
      <dst id="3">3668.4978</dst>
      <dst id="22">1972.0000</dst>
      <dst id="7">1828.1956</dst>
      <dst id="2">20992.8889</dst>
      <dst id="6">55.4756</dst>
      <dst id="16">370.5156</dst>
      <dst id="14">206.2311</dst>
      <dst id="20">939.8044</dst>
      <dst id="11">2514.5067</dst>
      <dst id="9">1059.4400</dst>
      <dst id="17">4828.4444</dst>
      <dst id="21">3469.1556</dst>
      <dst id="15">366.6578</dst>
    </src>
    <src id="15">
      <dst id="12">377.9467</dst>
      <dst id="13">1402.6844</dst>
      <dst id="19">26.6667</dst>
      <dst id="23">0.3556</dst>
      <dst id="8">226.2578</dst>
      <dst id="18">77.7956</dst>
      <dst id="4">4837.5644</dst>
      <dst id="1">11548.5244</dst>
      <dst id="5">465.8667</dst>
      <dst id="3">556.3822</dst>
      <dst id="7">37.3867</dst>
      <dst id="2">152.7644</dst>
      <dst id="6">29.1200</dst>
      <dst id="14">45.6178</dst>
      <dst id="11">282.3378</dst>
      <dst id="9">830.0178</dst>
      <dst id="17">535.4311</dst>
      <dst id="21">165.0578</dst>
    </src>
  </IntraTM>
</TrafficMatrixFile>
