<?xml version="1.0" encoding="UTF-8" standalone="yes"?>
<TrafficMatrixFile xmlns:xsi="http://www.w3.org/2001/XMLSchema-instance" xsi:noNamespaceSchemaLocation="http://totem.run.montefiore.ulg.ac.be/Schema/TrafficMatrix-v1_2.xsd">
  <info>
    <title>Intradomain traffic matrix generated by geant-TM-all.pl</title>
    <date>2005-01-05T20:45:00</date>
    <duration>900</duration>
    <author>Steve Uhlig</author>
    <units>
        <unit type="bandwidth" value="kbps"/>
    </units>
  </info>
  <IntraTM ASID="20965">
    <src id="12">
      <dst id="12">370376.0533</dst>
      <dst id="13">52530.3200</dst>
      <dst id="19">8413.7600</dst>
      <dst id="23">352.1333</dst>
      <dst id="8">12984.4356</dst>
      <dst id="18">13663.0578</dst>
      <dst id="4">84706.3022</dst>
      <dst id="1">16911.5644</dst>
      <dst id="5">7685.7956</dst>
      <dst id="3">13761.2978</dst>
      <dst id="22">17362.7911</dst>
      <dst id="7">11647.4578</dst>
      <dst id="2">125044.4978</dst>
      <dst id="6">139.1289</dst>
      <dst id="16">17472.4444</dst>
      <dst id="14">2340.5156</dst>
      <dst id="20">22114.6667</dst>
      <dst id="11">8743.2000</dst>
      <dst id="9">13527.4044</dst>
      <dst id="17">136562.3111</dst>
      <dst id="21">19357.4311</dst>
      <dst id="15">6942.8178</dst>
    </src>
    <src id="13">
      <dst id="12">91808.7200</dst>
      <dst id="19">22510.2933</dst>
      <dst id="23">5206.5244</dst>
      <dst id="8">15850.2133</dst>
      <dst id="18">12036.2578</dst>
      <dst id="1">16230.1244</dst>
      <dst id="5">27432.0000</dst>
      <dst id="3">40443.2889</dst>
      <dst id="22">37983.1378</dst>
      <dst id="7">50067.0756</dst>
      <dst id="2">132833.4044</dst>
      <dst id="6">368.4000</dst>
      <dst id="16">13732.4889</dst>
      <dst id="14">6927.6978</dst>
      <dst id="20">31493.1022</dst>
      <dst id="11">28997.8933</dst>
      <dst id="9">30616.8889</dst>
      <dst id="17">333566.7289</dst>
      <dst id="21">39825.2800</dst>
      <dst id="15">8718.3111</dst>
    </src>
    <src id="19">
      <dst id="12">18947.0044</dst>
      <dst id="13">4590.6044</dst>
      <dst id="23">3799.0044</dst>
      <dst id="8">71.5200</dst>
      <dst id="18">550.0622</dst>
      <dst id="4">17849.6622</dst>
      <dst id="1">7183.8133</dst>
      <dst id="5">168.8356</dst>
      <dst id="3">121.4133</dst>
      <dst id="22">3069.9378</dst>
      <dst id="7">7198.8000</dst>
      <dst id="2">9076.9867</dst>
      <dst id="6">533.5556</dst>
      <dst id="16">7561.4311</dst>
      <dst id="14">5877.2622</dst>
      <dst id="20">68.7644</dst>
      <dst id="11">17298.9778</dst>
      <dst id="9">404.4978</dst>
      <dst id="17">11620.2578</dst>
      <dst id="21">13328.6489</dst>
      <dst id="15">586.6133</dst>
    </src>
    <src id="23">
      <dst id="12">400.0089</dst>
      <dst id="13">6437.4844</dst>
      <dst id="19">515.3333</dst>
      <dst id="8">66.6667</dst>
      <dst id="18">109.6178</dst>
      <dst id="4">87.3156</dst>
      <dst id="1">438.7467</dst>
      <dst id="5">40.0000</dst>
      <dst id="3">551.3600</dst>
      <dst id="22">579.2356</dst>
      <dst id="7">895.2444</dst>
      <dst id="2">16.3200</dst>
      <dst id="6">1.9556</dst>
      <dst id="16">320.8000</dst>
      <dst id="20">72.3733</dst>
      <dst id="11">1898.5333</dst>
      <dst id="9">1746.7378</dst>
      <dst id="17">1252.3733</dst>
      <dst id="21">1281.8578</dst>
      <dst id="15">13.3333</dst>
    </src>
    <src id="8">
      <dst id="12">311592.9511</dst>
      <dst id="13">3203.9022</dst>
      <dst id="19">604.0978</dst>
      <dst id="23">0.7822</dst>
      <dst id="18">847.8756</dst>
      <dst id="4">5920.0178</dst>
      <dst id="1">4024.4000</dst>
      <dst id="5">38639.7511</dst>
      <dst id="3">76.3289</dst>
      <dst id="22">1179.5822</dst>
      <dst id="7">163.2978</dst>
      <dst id="2">135333.4044</dst>
      <dst id="6">24.1778</dst>
      <dst id="16">1861.3956</dst>
      <dst id="14">0.9156</dst>
      <dst id="20">1116.5600</dst>
      <dst id="11">624.6489</dst>
      <dst id="9">968.1422</dst>
      <dst id="17">140573.1200</dst>
      <dst id="21">2028.0533</dst>
      <dst id="15">419.8489</dst>
    </src>
    <src id="18">
      <dst id="12">124665.2889</dst>
      <dst id="13">1109.5200</dst>
      <dst id="19">100.9422</dst>
      <dst id="23">29.6800</dst>
      <dst id="8">612.0889</dst>
      <dst id="4">1085.7511</dst>
      <dst id="1">1674.2311</dst>
      <dst id="5">601.3867</dst>
      <dst id="3">772.9867</dst>
      <dst id="22">455.8400</dst>
      <dst id="7">338.1333</dst>
      <dst id="2">39541.9556</dst>
      <dst id="16">39.9733</dst>
      <dst id="14">16.2044</dst>
      <dst id="20">148.3022</dst>
      <dst id="11">555.1644</dst>
      <dst id="9">68.2489</dst>
      <dst id="17">51599.7244</dst>
      <dst id="21">10261.7422</dst>
      <dst id="15">5.7956</dst>
    </src>
    <src id="4">
      <dst id="12">27493.0044</dst>
      <dst id="19">19005.5822</dst>
      <dst id="8">4797.6622</dst>
      <dst id="18">1825.3867</dst>
      <dst id="4">66.6667</dst>
      <dst id="1">123161.0222</dst>
      <dst id="5">3143.9911</dst>
      <dst id="3">1165.5378</dst>
      <dst id="22">9464.7467</dst>
      <dst id="7">43386.3556</dst>
      <dst id="2">100344.3556</dst>
      <dst id="6">18.1067</dst>
      <dst id="16">6487.0933</dst>
      <dst id="14">1845.5022</dst>
      <dst id="20">3227.1289</dst>
      <dst id="11">6137.9467</dst>
      <dst id="9">6116.9778</dst>
      <dst id="17">59399.7867</dst>
      <dst id="21">10603.0133</dst>
      <dst id="15">1739.1467</dst>
    </src>
    <src id="1">
      <dst id="12">21197.7422</dst>
      <dst id="13">16046.0089</dst>
      <dst id="19">1194.4622</dst>
      <dst id="23">103.5556</dst>
      <dst id="8">260982.6844</dst>
      <dst id="18">14635.3867</dst>
      <dst id="4">17784.5956</dst>
      <dst id="1">26652.7733</dst>
      <dst id="5">311652.8533</dst>
      <dst id="3">12889.5644</dst>
      <dst id="22">15626.4889</dst>
      <dst id="7">31576.8533</dst>
      <dst id="2">33445.5111</dst>
      <dst id="6">17069.7956</dst>
      <dst id="16">13542.0622</dst>
      <dst id="14">631.6089</dst>
      <dst id="20">25938.1156</dst>
      <dst id="11">2858.5689</dst>
      <dst id="9">452481.8667</dst>
      <dst id="17">26505.3156</dst>
      <dst id="21">29761.8844</dst>
      <dst id="15">6567.9022</dst>
    </src>
    <src id="5">
      <dst id="12">320593.3333</dst>
      <dst id="13">3820.8978</dst>
      <dst id="19">96.5422</dst>
      <dst id="23">77.2178</dst>
      <dst id="8">11290.2844</dst>
      <dst id="18">749.3422</dst>
      <dst id="4">7416.4889</dst>
      <dst id="1">4806.8622</dst>
      <dst id="3">178.2400</dst>
      <dst id="22">4793.7600</dst>
      <dst id="7">531.3778</dst>
      <dst id="2">148348.8800</dst>
      <dst id="6">2.2400</dst>
      <dst id="16">7442.2222</dst>
      <dst id="14">125.4844</dst>
      <dst id="20">3455.4756</dst>
      <dst id="11">9436.5333</dst>
      <dst id="9">4911.1289</dst>
      <dst id="17">118242.6489</dst>
      <dst id="21">563.1111</dst>
      <dst id="15">208.4444</dst>
    </src>
    <src id="3">
      <dst id="12">18640.3556</dst>
      <dst id="13">14715.1378</dst>
      <dst id="19">4065.8667</dst>
      <dst id="23">4377.2089</dst>
      <dst id="8">455.9022</dst>
      <dst id="18">215485.8578</dst>
      <dst id="4">25822.2044</dst>
      <dst id="1">7660.5067</dst>
      <dst id="5">2943.6800</dst>
      <dst id="3">21454.4356</dst>
      <dst id="22">1566.2489</dst>
      <dst id="7">5447.8489</dst>
      <dst id="2">10421.3156</dst>
      <dst id="6">22.0889</dst>
      <dst id="16">1989.9022</dst>
      <dst id="14">63678.5778</dst>
      <dst id="20">9178.3556</dst>
      <dst id="11">376141.9022</dst>
      <dst id="9">913.3422</dst>
      <dst id="17">23441.8044</dst>
      <dst id="21">19913.5822</dst>
      <dst id="15">123.2711</dst>
    </src>
    <src id="10">
      <dst id="12">25726.1333</dst>
      <dst id="19">13229.9911</dst>
      <dst id="8">1682.0089</dst>
      <dst id="18">3774.1867</dst>
      <dst id="1">2681.3956</dst>
      <dst id="5">2235.2178</dst>
      <dst id="3">12918.8267</dst>
      <dst id="22">8454.3289</dst>
      <dst id="7">16245.8578</dst>
      <dst id="2">58833.1911</dst>
      <dst id="6">26.7467</dst>
      <dst id="16">6436.8800</dst>
      <dst id="14">3245.3067</dst>
      <dst id="20">10004.8178</dst>
      <dst id="11">7727.8756</dst>
      <dst id="9">5006.5244</dst>
      <dst id="17">41754.9067</dst>
      <dst id="21">16217.5733</dst>
      <dst id="15">903.0311</dst>
    </src>
    <src id="22">
      <dst id="12">13859.7600</dst>
      <dst id="13">5050.2933</dst>
      <dst id="19">2728.9778</dst>
      <dst id="23">117.4667</dst>
      <dst id="8">1986.9689</dst>
      <dst id="18">731.2178</dst>
      <dst id="4">19290.4444</dst>
      <dst id="1">3596.1600</dst>
      <dst id="5">5219.5822</dst>
      <dst id="3">3707.7244</dst>
      <dst id="7">2761.2533</dst>
      <dst id="2">2978.0711</dst>
      <dst id="6">47.5111</dst>
      <dst id="16">5.3333</dst>
      <dst id="14">67.4311</dst>
      <dst id="11">3807.5467</dst>
      <dst id="9">4936.7467</dst>
      <dst id="17">13581.4578</dst>
      <dst id="21">1089.7511</dst>
    </src>
    <src id="7">
      <dst id="12">6968.8444</dst>
      <dst id="13">3235.7244</dst>
      <dst id="19">3880.3378</dst>
      <dst id="23">147.2267</dst>
      <dst id="8">988.3111</dst>
      <dst id="18">1930.6933</dst>
      <dst id="4">19694.7911</dst>
      <dst id="1">14746.8444</dst>
      <dst id="5">1407.3333</dst>
      <dst id="3">6101.1644</dst>
      <dst id="22">5352.1244</dst>
      <dst id="7">730.1689</dst>
      <dst id="2">14541.1733</dst>
      <dst id="6">123.6622</dst>
      <dst id="16">4619.9467</dst>
      <dst id="14">587.4400</dst>
      <dst id="20">3831.1733</dst>
      <dst id="11">2339.2711</dst>
      <dst id="9">2050.7289</dst>
      <dst id="17">28390.5778</dst>
      <dst id="21">9625.8667</dst>
      <dst id="15">506.3911</dst>
    </src>
    <src id="2">
      <dst id="12">156981.7333</dst>
      <dst id="13">525323.6711</dst>
      <dst id="19">4126.5156</dst>
      <dst id="23">84.9778</dst>
      <dst id="8">3723.0311</dst>
      <dst id="18">169088.8533</dst>
      <dst id="4">85888.2133</dst>
      <dst id="1">10772.3111</dst>
      <dst id="5">944.0356</dst>
      <dst id="3">665.4133</dst>
      <dst id="22">2273.2800</dst>
      <dst id="7">30828.7911</dst>
      <dst id="2">1269.0400</dst>
      <dst id="6">11898.2489</dst>
      <dst id="16">2117.5644</dst>
      <dst id="14">4998.1422</dst>
      <dst id="20">5003.4667</dst>
      <dst id="11">15012.8800</dst>
      <dst id="9">3711.7511</dst>
      <dst id="17">28423.4667</dst>
      <dst id="21">12999.1111</dst>
      <dst id="15">315.5644</dst>
    </src>
    <src id="6">
      <dst id="12">11631.9200</dst>
      <dst id="13">127.6978</dst>
      <dst id="19">130.3911</dst>
      <dst id="23">0.5244</dst>
      <dst id="8">7.6800</dst>
      <dst id="18">50.2311</dst>
      <dst id="4">1160.3289</dst>
      <dst id="1">69.0044</dst>
      <dst id="5">0.3556</dst>
      <dst id="3">24.3911</dst>
      <dst id="22">88.6044</dst>
      <dst id="7">205.0578</dst>
      <dst id="2">3399.0311</dst>
      <dst id="16">49.7333</dst>
      <dst id="20">5.7600</dst>
      <dst id="11">43.7244</dst>
      <dst id="9">50.0889</dst>
      <dst id="17">1931.2356</dst>
      <dst id="21">77.9556</dst>
      <dst id="15">39.7156</dst>
    </src>
    <src id="16">
      <dst id="12">3301.7244</dst>
      <dst id="13">3331.0222</dst>
      <dst id="19">4336.4444</dst>
      <dst id="23">156.9156</dst>
      <dst id="8">6506.4622</dst>
      <dst id="18">106.9422</dst>
      <dst id="4">5967.3156</dst>
      <dst id="1">26362.2222</dst>
      <dst id="5">10127.6800</dst>
      <dst id="3">752.6489</dst>
      <dst id="7">3891.9200</dst>
      <dst id="2">4487.0044</dst>
      <dst id="6">81.3244</dst>
      <dst id="16">44.3822</dst>
      <dst id="14">536.4978</dst>
      <dst id="11">4048.1067</dst>
      <dst id="9">18092.9956</dst>
      <dst id="17">7185.2978</dst>
      <dst id="21">779.0578</dst>
    </src>
    <src id="14">
      <dst id="12">20134.0178</dst>
      <dst id="13">71.6267</dst>
      <dst id="19">104.8711</dst>
      <dst id="8">12.9778</dst>
      <dst id="18">8.7822</dst>
      <dst id="4">2044.8000</dst>
      <dst id="1">1746.7289</dst>
      <dst id="5">1.6622</dst>
      <dst id="3">196.8622</dst>
      <dst id="22">59.6711</dst>
      <dst id="7">145.9378</dst>
      <dst id="2">6755.8489</dst>
      <dst id="6">4.7911</dst>
      <dst id="16">30.0889</dst>
      <dst id="20">26.8444</dst>
      <dst id="11">82.4800</dst>
      <dst id="9">50.2311</dst>
      <dst id="17">12589.8933</dst>
      <dst id="21">195.3333</dst>
    </src>
    <src id="20">
      <dst id="12">19374.3556</dst>
      <dst id="13">19343.9200</dst>
      <dst id="19">2301.3867</dst>
      <dst id="23">5.0844</dst>
      <dst id="8">161.8044</dst>
      <dst id="18">69.4311</dst>
      <dst id="4">4505.4311</dst>
      <dst id="1">1027.0222</dst>
      <dst id="5">8561.5822</dst>
      <dst id="3">10520.6222</dst>
      <dst id="7">2107.8933</dst>
      <dst id="2">1026.2667</dst>
      <dst id="6">0.4622</dst>
      <dst id="14">0.3556</dst>
      <dst id="11">7282.6222</dst>
      <dst id="9">9085.5467</dst>
      <dst id="17">3256.4533</dst>
      <dst id="21">16937.7067</dst>
    </src>
    <src id="11">
      <dst id="12">462221.7333</dst>
      <dst id="13">10252.5067</dst>
      <dst id="19">800.0889</dst>
      <dst id="23">62.1333</dst>
      <dst id="8">1097.5378</dst>
      <dst id="18">834.6311</dst>
      <dst id="4">14920.4533</dst>
      <dst id="1">1877.7956</dst>
      <dst id="5">5111.8400</dst>
      <dst id="3">1104.3911</dst>
      <dst id="22">2405.1822</dst>
      <dst id="7">1557.8222</dst>
      <dst id="2">192498.8089</dst>
      <dst id="6">491.6000</dst>
      <dst id="16">730.3022</dst>
      <dst id="14">825.3511</dst>
      <dst id="20">1684.1956</dst>
      <dst id="11">4767.7333</dst>
      <dst id="9">1629.0400</dst>
      <dst id="17">197647.2978</dst>
      <dst id="21">1576.8533</dst>
      <dst id="15">712.6222</dst>
    </src>
    <src id="9">
      <dst id="12">501575.0400</dst>
      <dst id="13">18236.5333</dst>
      <dst id="19">1169.6711</dst>
      <dst id="23">78.6933</dst>
      <dst id="8">7322.7022</dst>
      <dst id="18">650.4267</dst>
      <dst id="4">12458.9867</dst>
      <dst id="1">7301.8844</dst>
      <dst id="5">6166.4889</dst>
      <dst id="3">51.4222</dst>
      <dst id="22">6627.4133</dst>
      <dst id="7">1320.5067</dst>
      <dst id="2">203932.2222</dst>
      <dst id="6">15.7511</dst>
      <dst id="16">2935.0222</dst>
      <dst id="14">41.0489</dst>
      <dst id="20">16054.4889</dst>
      <dst id="11">3767.9289</dst>
      <dst id="9">1608.7911</dst>
      <dst id="17">217718.4000</dst>
      <dst id="21">3527.8489</dst>
      <dst id="15">1080.6400</dst>
    </src>
    <src id="17">
      <dst id="12">22991.9911</dst>
      <dst id="13">14941.6089</dst>
      <dst id="19">2696.2400</dst>
      <dst id="23">2513.0756</dst>
      <dst id="8">255436.1067</dst>
      <dst id="18">2116.9600</dst>
      <dst id="4">178956.9956</dst>
      <dst id="1">6906.1956</dst>
      <dst id="5">277715.5911</dst>
      <dst id="3">25886.8356</dst>
      <dst id="22">25484.4444</dst>
      <dst id="7">25841.2800</dst>
      <dst id="2">23218.3556</dst>
      <dst id="6">143.2889</dst>
      <dst id="16">13085.1289</dst>
      <dst id="14">53055.5111</dst>
      <dst id="20">3684.4178</dst>
      <dst id="11">281908.2311</dst>
      <dst id="9">377457.3956</dst>
      <dst id="17">2570.3467</dst>
      <dst id="21">24707.4311</dst>
      <dst id="15">2496.2311</dst>
    </src>
    <src id="21">
      <dst id="12">22853.3600</dst>
      <dst id="13">31162.7200</dst>
      <dst id="19">1124.5067</dst>
      <dst id="23">86.6933</dst>
      <dst id="8">241.5289</dst>
      <dst id="18">16253.6533</dst>
      <dst id="4">18043.8667</dst>
      <dst id="1">8049.6444</dst>
      <dst id="5">1088.2933</dst>
      <dst id="3">28709.8667</dst>
      <dst id="22">2772.1600</dst>
      <dst id="7">6656.6222</dst>
      <dst id="2">17643.8222</dst>
      <dst id="6">84.4800</dst>
      <dst id="16">402.7644</dst>
      <dst id="14">382.9956</dst>
      <dst id="20">2228.3556</dst>
      <dst id="11">2268.3733</dst>
      <dst id="9">1298.9067</dst>
      <dst id="17">10300.5067</dst>
      <dst id="21">3250.7200</dst>
      <dst id="15">1414.1333</dst>
    </src>
    <src id="15">
      <dst id="12">1903.8311</dst>
      <dst id="13">22511.0756</dst>
      <dst id="19">7348.7556</dst>
      <dst id="8">604.6133</dst>
      <dst id="18">372.2489</dst>
      <dst id="4">1845.3333</dst>
      <dst id="1">1721.1200</dst>
      <dst id="5">1238.3022</dst>
      <dst id="3">14.4711</dst>
      <dst id="7">1516.0178</dst>
      <dst id="2">1123.9822</dst>
      <dst id="6">2.5600</dst>
      <dst id="14">0.8533</dst>
      <dst id="11">989.4844</dst>
      <dst id="9">927.2711</dst>
      <dst id="17">6701.3600</dst>
      <dst id="21">230.6489</dst>
    </src>
  </IntraTM>
</TrafficMatrixFile>
