<?xml version="1.0" encoding="UTF-8" standalone="yes"?>
<TrafficMatrixFile xmlns:xsi="http://www.w3.org/2001/XMLSchema-instance" xsi:noNamespaceSchemaLocation="http://totem.run.montefiore.ulg.ac.be/Schema/TrafficMatrix-v1_2.xsd">
  <info>
    <title>Intradomain traffic matrix generated by geant-TM-all.pl</title>
    <date>2005-01-04T05:15:00</date>
    <duration>900</duration>
    <author>Steve Uhlig</author>
    <units>
        <unit type="bandwidth" value="kbps"/>
    </units>
  </info>
  <IntraTM ASID="20965">
    <src id="12">
      <dst id="12">246088.9956</dst>
      <dst id="13">24444.9156</dst>
      <dst id="19">1470.4800</dst>
      <dst id="23">2099.2356</dst>
      <dst id="8">999.3067</dst>
      <dst id="18">889.2533</dst>
      <dst id="4">79552.2578</dst>
      <dst id="1">35924.1156</dst>
      <dst id="5">4705.3689</dst>
      <dst id="3">2604.0533</dst>
      <dst id="22">12311.3333</dst>
      <dst id="7">4062.9867</dst>
      <dst id="2">84015.1556</dst>
      <dst id="6">15.4844</dst>
      <dst id="16">9619.8667</dst>
      <dst id="14">429.4756</dst>
      <dst id="20">6882.5956</dst>
      <dst id="11">7285.1733</dst>
      <dst id="9">4396.1422</dst>
      <dst id="17">74853.9911</dst>
      <dst id="21">2962.0622</dst>
      <dst id="15">12010.0178</dst>
    </src>
    <src id="13">
      <dst id="12">62839.8844</dst>
      <dst id="19">4731.3778</dst>
      <dst id="23">52.4356</dst>
      <dst id="8">3021.8578</dst>
      <dst id="18">1677.5556</dst>
      <dst id="1">7306.2844</dst>
      <dst id="5">13547.6889</dst>
      <dst id="3">4067.3067</dst>
      <dst id="22">19902.8978</dst>
      <dst id="7">8855.0844</dst>
      <dst id="2">102449.2089</dst>
      <dst id="6">438.6489</dst>
      <dst id="16">8072.7378</dst>
      <dst id="14">2042.6756</dst>
      <dst id="20">6569.3778</dst>
      <dst id="11">8045.7511</dst>
      <dst id="9">12534.4978</dst>
      <dst id="17">292730.4978</dst>
      <dst id="21">15922.9778</dst>
      <dst id="15">2760.9156</dst>
    </src>
    <src id="19">
      <dst id="12">11782.5867</dst>
      <dst id="13">182.7467</dst>
      <dst id="23">25.5822</dst>
      <dst id="8">0.8356</dst>
      <dst id="18">631.1733</dst>
      <dst id="4">21103.0489</dst>
      <dst id="1">616.0089</dst>
      <dst id="5">2.6311</dst>
      <dst id="3">0.3556</dst>
      <dst id="22">137.5378</dst>
      <dst id="7">3513.0933</dst>
      <dst id="2">1962.9156</dst>
      <dst id="6">45.7600</dst>
      <dst id="16">9096.9689</dst>
      <dst id="14">0.6667</dst>
      <dst id="20">1.8133</dst>
      <dst id="11">4.4978</dst>
      <dst id="9">353.8311</dst>
      <dst id="17">1619.1822</dst>
      <dst id="21">218.4978</dst>
      <dst id="15">0.4978</dst>
    </src>
    <src id="23">
      <dst id="12">260.6044</dst>
      <dst id="13">350.7111</dst>
      <dst id="19">1.8489</dst>
      <dst id="8">45.5822</dst>
      <dst id="18">16.0444</dst>
      <dst id="4">12.6222</dst>
      <dst id="1">133.5556</dst>
      <dst id="5">26.3111</dst>
      <dst id="3">109.8667</dst>
      <dst id="22">284.9244</dst>
      <dst id="7">112.0089</dst>
      <dst id="2">15.2800</dst>
      <dst id="16">76.8800</dst>
      <dst id="14">50.4889</dst>
      <dst id="11">429.9822</dst>
      <dst id="9">542.7911</dst>
      <dst id="17">216.4533</dst>
      <dst id="21">25.7067</dst>
    </src>
    <src id="8">
      <dst id="12">343947.2978</dst>
      <dst id="13">1396.4800</dst>
      <dst id="19">1.2267</dst>
      <dst id="23">1.0667</dst>
      <dst id="18">121.1911</dst>
      <dst id="4">7156.9689</dst>
      <dst id="1">172.2133</dst>
      <dst id="5">2586.4711</dst>
      <dst id="3">13.0400</dst>
      <dst id="22">2067.5644</dst>
      <dst id="7">1087.6889</dst>
      <dst id="2">136116.9511</dst>
      <dst id="16">1464.1867</dst>
      <dst id="20">38.1156</dst>
      <dst id="11">199.9644</dst>
      <dst id="9">672.5422</dst>
      <dst id="17">131551.3778</dst>
      <dst id="21">151.4400</dst>
      <dst id="15">513.1022</dst>
    </src>
    <src id="18">
      <dst id="12">95063.9467</dst>
      <dst id="13">66.8622</dst>
      <dst id="19">37.3422</dst>
      <dst id="23">0.8889</dst>
      <dst id="8">3675.6089</dst>
      <dst id="4">1098.3289</dst>
      <dst id="1">1169.3156</dst>
      <dst id="5">420.0622</dst>
      <dst id="3">81.3067</dst>
      <dst id="22">147.1289</dst>
      <dst id="7">2485.3156</dst>
      <dst id="2">24809.0133</dst>
      <dst id="16">370.7733</dst>
      <dst id="14">24.8889</dst>
      <dst id="20">33.1200</dst>
      <dst id="11">93.5467</dst>
      <dst id="9">87.8933</dst>
      <dst id="17">37167.2889</dst>
      <dst id="21">1601.0489</dst>
      <dst id="15">1.9822</dst>
    </src>
    <src id="4">
      <dst id="12">18783.1733</dst>
      <dst id="19">14843.4933</dst>
      <dst id="23">0.4622</dst>
      <dst id="8">1739.0044</dst>
      <dst id="18">459.6178</dst>
      <dst id="4">2.0978</dst>
      <dst id="1">61035.0489</dst>
      <dst id="5">2442.5422</dst>
      <dst id="3">472.7911</dst>
      <dst id="22">5694.5689</dst>
      <dst id="7">146057.1733</dst>
      <dst id="2">81616.6222</dst>
      <dst id="6">58.0533</dst>
      <dst id="16">1825.5822</dst>
      <dst id="14">1253.1644</dst>
      <dst id="20">2145.1111</dst>
      <dst id="11">3407.5378</dst>
      <dst id="9">2465.9644</dst>
      <dst id="17">31345.6978</dst>
      <dst id="21">2422.1511</dst>
      <dst id="15">262.0533</dst>
    </src>
    <src id="1">
      <dst id="12">11621.3333</dst>
      <dst id="13">528.9867</dst>
      <dst id="19">222.0356</dst>
      <dst id="23">93.7422</dst>
      <dst id="8">119586.3200</dst>
      <dst id="18">14298.0178</dst>
      <dst id="4">5609.3244</dst>
      <dst id="1">11783.0044</dst>
      <dst id="5">203219.6000</dst>
      <dst id="3">130.8444</dst>
      <dst id="22">4398.0800</dst>
      <dst id="7">1196.3111</dst>
      <dst id="2">1465.7067</dst>
      <dst id="6">8330.1689</dst>
      <dst id="16">14473.5467</dst>
      <dst id="14">366.5689</dst>
      <dst id="20">132.0356</dst>
      <dst id="11">284.4711</dst>
      <dst id="9">199578.4622</dst>
      <dst id="17">6873.1556</dst>
      <dst id="21">2768.4089</dst>
      <dst id="15">155.7067</dst>
    </src>
    <src id="5">
      <dst id="12">298736.6667</dst>
      <dst id="13">3916.0356</dst>
      <dst id="19">107.0222</dst>
      <dst id="23">1.6889</dst>
      <dst id="8">497.6622</dst>
      <dst id="18">125.4844</dst>
      <dst id="4">7777.3867</dst>
      <dst id="1">1553.7956</dst>
      <dst id="3">2.3111</dst>
      <dst id="22">4835.6356</dst>
      <dst id="7">254.4356</dst>
      <dst id="2">128077.5200</dst>
      <dst id="16">735.0933</dst>
      <dst id="14">2.0089</dst>
      <dst id="20">286.4267</dst>
      <dst id="11">1364.6844</dst>
      <dst id="9">577.9467</dst>
      <dst id="17">124906.4889</dst>
      <dst id="21">547.2089</dst>
      <dst id="15">144.0978</dst>
    </src>
    <src id="3">
      <dst id="12">7628.2578</dst>
      <dst id="13">653.4400</dst>
      <dst id="19">1426.3467</dst>
      <dst id="23">3627.3600</dst>
      <dst id="8">15.5644</dst>
      <dst id="18">63740.4178</dst>
      <dst id="4">23038.2133</dst>
      <dst id="1">7235.3244</dst>
      <dst id="5">336.6311</dst>
      <dst id="3">9723.8756</dst>
      <dst id="22">4242.6667</dst>
      <dst id="7">1617.3600</dst>
      <dst id="2">6601.6444</dst>
      <dst id="6">1.9556</dst>
      <dst id="16">1165.6444</dst>
      <dst id="14">36720.7911</dst>
      <dst id="20">33.4667</dst>
      <dst id="11">143503.2889</dst>
      <dst id="9">984.2489</dst>
      <dst id="17">13751.1022</dst>
      <dst id="21">9799.1911</dst>
      <dst id="15">36.1244</dst>
    </src>
    <src id="10">
      <dst id="12">13202.6222</dst>
      <dst id="19">3195.8222</dst>
      <dst id="8">608.7467</dst>
      <dst id="18">3091.7867</dst>
      <dst id="1">2127.3511</dst>
      <dst id="5">1177.7956</dst>
      <dst id="3">2057.3778</dst>
      <dst id="22">9081.8400</dst>
      <dst id="7">5456.2667</dst>
      <dst id="2">24699.6533</dst>
      <dst id="6">99.8933</dst>
      <dst id="16">2743.1289</dst>
      <dst id="14">834.1511</dst>
      <dst id="20">587.1289</dst>
      <dst id="11">6019.2000</dst>
      <dst id="9">866.6222</dst>
      <dst id="17">6545.0400</dst>
      <dst id="21">6221.7600</dst>
      <dst id="15">585.4933</dst>
    </src>
    <src id="22">
      <dst id="12">12444.8444</dst>
      <dst id="13">3324.8800</dst>
      <dst id="19">186.5333</dst>
      <dst id="23">53.9644</dst>
      <dst id="8">595.9644</dst>
      <dst id="18">558.6667</dst>
      <dst id="4">19368.4000</dst>
      <dst id="1">1266.1778</dst>
      <dst id="5">3820.3111</dst>
      <dst id="3">355.0756</dst>
      <dst id="7">966.8533</dst>
      <dst id="2">6686.7378</dst>
      <dst id="6">1.1822</dst>
      <dst id="16">13.6356</dst>
      <dst id="14">105.5911</dst>
      <dst id="11">1870.4444</dst>
      <dst id="9">2549.8044</dst>
      <dst id="17">8200.9156</dst>
      <dst id="21">781.0756</dst>
    </src>
    <src id="7">
      <dst id="12">5598.4089</dst>
      <dst id="13">515.8489</dst>
      <dst id="19">248.1600</dst>
      <dst id="23">9.1467</dst>
      <dst id="8">1226.9156</dst>
      <dst id="18">138.7911</dst>
      <dst id="4">20451.8667</dst>
      <dst id="1">4949.1644</dst>
      <dst id="5">1570.0000</dst>
      <dst id="3">14014.8711</dst>
      <dst id="22">2839.2089</dst>
      <dst id="7">706.9867</dst>
      <dst id="2">4654.0800</dst>
      <dst id="6">18.0000</dst>
      <dst id="16">346.9067</dst>
      <dst id="14">773.2889</dst>
      <dst id="20">502.3556</dst>
      <dst id="11">1176.5156</dst>
      <dst id="9">717.5111</dst>
      <dst id="17">11041.8756</dst>
      <dst id="21">3726.7200</dst>
      <dst id="15">83.6178</dst>
    </src>
    <src id="2">
      <dst id="12">113042.1956</dst>
      <dst id="13">528591.0311</dst>
      <dst id="19">772.2667</dst>
      <dst id="23">13.2267</dst>
      <dst id="8">871.9378</dst>
      <dst id="18">50783.4489</dst>
      <dst id="4">96744.1156</dst>
      <dst id="1">2995.0400</dst>
      <dst id="5">3315.1822</dst>
      <dst id="3">20.6578</dst>
      <dst id="22">2978.5156</dst>
      <dst id="7">2867.4489</dst>
      <dst id="2">768.5511</dst>
      <dst id="6">8136.9867</dst>
      <dst id="16">2550.8089</dst>
      <dst id="14">143.8133</dst>
      <dst id="20">693.9911</dst>
      <dst id="11">4045.0844</dst>
      <dst id="9">719.4933</dst>
      <dst id="17">51156.6311</dst>
      <dst id="21">3355.3600</dst>
      <dst id="15">17.2800</dst>
    </src>
    <src id="6">
      <dst id="12">10809.5822</dst>
      <dst id="13">17.2533</dst>
      <dst id="19">8.2311</dst>
      <dst id="4">1336.0178</dst>
      <dst id="1">0.3556</dst>
      <dst id="5">3.9733</dst>
      <dst id="22">13.1822</dst>
      <dst id="7">1.4756</dst>
      <dst id="2">3011.2711</dst>
      <dst id="16">0.4267</dst>
      <dst id="11">11.8222</dst>
      <dst id="9">2.0178</dst>
      <dst id="17">1656.2667</dst>
      <dst id="21">3.9556</dst>
    </src>
    <src id="16">
      <dst id="12">2380.2844</dst>
      <dst id="13">426.0000</dst>
      <dst id="19">4598.8000</dst>
      <dst id="23">16.7378</dst>
      <dst id="8">4442.7467</dst>
      <dst id="18">33.7244</dst>
      <dst id="4">5800.4533</dst>
      <dst id="1">23148.7111</dst>
      <dst id="5">4044.3111</dst>
      <dst id="3">4.9422</dst>
      <dst id="7">354.5067</dst>
      <dst id="2">654.7911</dst>
      <dst id="16">70.2489</dst>
      <dst id="14">0.6667</dst>
      <dst id="11">105.9467</dst>
      <dst id="9">7230.4267</dst>
      <dst id="17">1094.3467</dst>
      <dst id="21">2265.7244</dst>
    </src>
    <src id="14">
      <dst id="12">17531.9289</dst>
      <dst id="13">29.0933</dst>
      <dst id="19">7.0756</dst>
      <dst id="23">13.6889</dst>
      <dst id="18">1.9911</dst>
      <dst id="4">1866.1422</dst>
      <dst id="1">178.9333</dst>
      <dst id="5">18.3733</dst>
      <dst id="3">95.1467</dst>
      <dst id="22">14.0533</dst>
      <dst id="7">62.0533</dst>
      <dst id="2">6676.3378</dst>
      <dst id="16">1.8400</dst>
      <dst id="20">0.4622</dst>
      <dst id="11">23.0222</dst>
      <dst id="9">87.7689</dst>
      <dst id="17">5864.6578</dst>
      <dst id="21">119.3244</dst>
    </src>
    <src id="20">
      <dst id="12">3878.2489</dst>
      <dst id="13">1203.6711</dst>
      <dst id="19">4.3289</dst>
      <dst id="8">181.5644</dst>
      <dst id="18">808.0800</dst>
      <dst id="4">9196.3733</dst>
      <dst id="1">94.4978</dst>
      <dst id="5">714.7644</dst>
      <dst id="3">141.2711</dst>
      <dst id="7">15440.2489</dst>
      <dst id="2">11412.5867</dst>
      <dst id="14">1.9022</dst>
      <dst id="11">414.4978</dst>
      <dst id="9">644.7289</dst>
      <dst id="17">898.3644</dst>
      <dst id="21">63.1111</dst>
    </src>
    <src id="11">
      <dst id="12">453005.2356</dst>
      <dst id="13">2484.3733</dst>
      <dst id="19">6.2044</dst>
      <dst id="23">239.3067</dst>
      <dst id="8">2461.2444</dst>
      <dst id="18">160.4267</dst>
      <dst id="4">9028.1956</dst>
      <dst id="1">284.0267</dst>
      <dst id="5">1639.6622</dst>
      <dst id="3">303.6800</dst>
      <dst id="22">1739.6711</dst>
      <dst id="7">231.0933</dst>
      <dst id="2">179422.7467</dst>
      <dst id="6">1.0933</dst>
      <dst id="16">324.6844</dst>
      <dst id="14">43.4400</dst>
      <dst id="20">688.3111</dst>
      <dst id="11">933.5111</dst>
      <dst id="9">645.4844</dst>
      <dst id="17">158232.9422</dst>
      <dst id="21">520.0267</dst>
      <dst id="15">2752.9333</dst>
    </src>
    <src id="9">
      <dst id="12">457488.9333</dst>
      <dst id="13">2660.2844</dst>
      <dst id="19">178.2756</dst>
      <dst id="23">238.3644</dst>
      <dst id="8">1019.1378</dst>
      <dst id="18">362.4444</dst>
      <dst id="4">10789.9022</dst>
      <dst id="1">1809.0667</dst>
      <dst id="5">597.6267</dst>
      <dst id="3">11.9467</dst>
      <dst id="22">7091.0222</dst>
      <dst id="7">3878.2311</dst>
      <dst id="2">155352.3822</dst>
      <dst id="6">0.7556</dst>
      <dst id="16">737.1822</dst>
      <dst id="14">2.1600</dst>
      <dst id="20">792.4800</dst>
      <dst id="11">390.0444</dst>
      <dst id="9">12.0978</dst>
      <dst id="17">172447.5911</dst>
      <dst id="21">522.1244</dst>
      <dst id="15">668.0356</dst>
    </src>
    <src id="17">
      <dst id="12">7190.3022</dst>
      <dst id="13">11838.7111</dst>
      <dst id="19">369.7778</dst>
      <dst id="23">76.9956</dst>
      <dst id="8">126982.3644</dst>
      <dst id="18">376.1600</dst>
      <dst id="4">132316.4089</dst>
      <dst id="1">607.2978</dst>
      <dst id="5">195085.5733</dst>
      <dst id="3">4360.4978</dst>
      <dst id="22">11007.8222</dst>
      <dst id="7">1038.7822</dst>
      <dst id="2">8029.5556</dst>
      <dst id="6">79.5733</dst>
      <dst id="16">3199.6178</dst>
      <dst id="14">25018.9067</dst>
      <dst id="20">448.8356</dst>
      <dst id="11">95032.9067</dst>
      <dst id="9">154599.4844</dst>
      <dst id="17">1428.5244</dst>
      <dst id="21">11463.0222</dst>
      <dst id="15">49.4133</dst>
    </src>
    <src id="21">
      <dst id="12">32931.1644</dst>
      <dst id="13">318.6667</dst>
      <dst id="19">74.8800</dst>
      <dst id="23">0.5333</dst>
      <dst id="8">120.7822</dst>
      <dst id="18">712.4711</dst>
      <dst id="4">16591.7600</dst>
      <dst id="1">1795.9200</dst>
      <dst id="5">587.1022</dst>
      <dst id="3">930.3911</dst>
      <dst id="22">2142.8711</dst>
      <dst id="7">927.7156</dst>
      <dst id="2">30376.1244</dst>
      <dst id="6">18.9156</dst>
      <dst id="16">178.8622</dst>
      <dst id="14">110.0978</dst>
      <dst id="20">85.1022</dst>
      <dst id="11">826.0978</dst>
      <dst id="9">566.5689</dst>
      <dst id="17">8749.0667</dst>
      <dst id="21">1128.1511</dst>
      <dst id="15">7.8489</dst>
    </src>
    <src id="15">
      <dst id="12">1160.3289</dst>
      <dst id="13">721.2800</dst>
      <dst id="19">0.7378</dst>
      <dst id="8">169.5200</dst>
      <dst id="4">4022.1511</dst>
      <dst id="1">561.1911</dst>
      <dst id="5">137.9200</dst>
      <dst id="3">12.2756</dst>
      <dst id="7">9.7333</dst>
      <dst id="2">343.4311</dst>
      <dst id="11">208.2222</dst>
      <dst id="9">50.7911</dst>
      <dst id="17">303.2178</dst>
      <dst id="21">147.0667</dst>
    </src>
  </IntraTM>
</TrafficMatrixFile>
