<?xml version="1.0" encoding="UTF-8" standalone="yes"?>
<TrafficMatrixFile xmlns:xsi="http://www.w3.org/2001/XMLSchema-instance" xsi:noNamespaceSchemaLocation="http://totem.run.montefiore.ulg.ac.be/Schema/TrafficMatrix-v1_2.xsd">
  <info>
    <title>Intradomain traffic matrix generated by geant-TM-all.pl</title>
    <date>2005-01-03T07:15:00</date>
    <duration>900</duration>
    <author>Steve Uhlig</author>
    <units>
        <unit type="bandwidth" value="kbps"/>
    </units>
  </info>
  <IntraTM ASID="20965">
    <src id="12">
      <dst id="12">227339.0133</dst>
      <dst id="13">30257.3156</dst>
      <dst id="19">4337.6178</dst>
      <dst id="23">8710.7467</dst>
      <dst id="8">6827.1111</dst>
      <dst id="18">5075.2000</dst>
      <dst id="4">105449.7689</dst>
      <dst id="1">17582.6133</dst>
      <dst id="5">2454.8533</dst>
      <dst id="3">4688.6400</dst>
      <dst id="22">22717.1733</dst>
      <dst id="7">1634.6489</dst>
      <dst id="2">85957.7867</dst>
      <dst id="6">2.9689</dst>
      <dst id="16">4277.1289</dst>
      <dst id="14">179.0756</dst>
      <dst id="20">10041.3156</dst>
      <dst id="11">5618.5867</dst>
      <dst id="9">5066.7556</dst>
      <dst id="17">70203.7333</dst>
      <dst id="21">11273.7244</dst>
      <dst id="15">256.5333</dst>
    </src>
    <src id="13">
      <dst id="12">49084.1333</dst>
      <dst id="19">29986.9511</dst>
      <dst id="23">9.8756</dst>
      <dst id="8">3595.1556</dst>
      <dst id="18">13278.5244</dst>
      <dst id="1">2175.1733</dst>
      <dst id="5">6974.9333</dst>
      <dst id="3">4199.0667</dst>
      <dst id="22">30468.6044</dst>
      <dst id="7">7409.7067</dst>
      <dst id="2">103255.4311</dst>
      <dst id="6">253.3067</dst>
      <dst id="16">7784.9422</dst>
      <dst id="14">1138.9511</dst>
      <dst id="20">12129.0844</dst>
      <dst id="11">15475.3156</dst>
      <dst id="9">14657.2889</dst>
      <dst id="17">158465.2444</dst>
      <dst id="21">30103.4756</dst>
      <dst id="15">1963.8667</dst>
    </src>
    <src id="19">
      <dst id="12">12889.7067</dst>
      <dst id="13">1789.6444</dst>
      <dst id="23">1.5289</dst>
      <dst id="8">1370.0978</dst>
      <dst id="18">3.0400</dst>
      <dst id="4">22307.6356</dst>
      <dst id="1">468.5333</dst>
      <dst id="5">681.4222</dst>
      <dst id="3">14.0356</dst>
      <dst id="22">81.6533</dst>
      <dst id="7">2877.9822</dst>
      <dst id="2">262.5600</dst>
      <dst id="6">24.7200</dst>
      <dst id="16">4993.9289</dst>
      <dst id="20">43.5378</dst>
      <dst id="11">16.5778</dst>
      <dst id="9">345.2000</dst>
      <dst id="17">193.1378</dst>
      <dst id="21">358.8622</dst>
      <dst id="15">0.4978</dst>
    </src>
    <src id="23">
      <dst id="12">419.1911</dst>
      <dst id="13">237.7156</dst>
      <dst id="19">0.8356</dst>
      <dst id="8">1.3867</dst>
      <dst id="18">0.7467</dst>
      <dst id="4">144.5244</dst>
      <dst id="1">32.3644</dst>
      <dst id="5">0.7111</dst>
      <dst id="3">154.3200</dst>
      <dst id="22">441.8311</dst>
      <dst id="7">64.7467</dst>
      <dst id="2">33.3244</dst>
      <dst id="16">11.3600</dst>
      <dst id="14">10.5067</dst>
      <dst id="20">122.8178</dst>
      <dst id="11">15.2089</dst>
      <dst id="9">470.8711</dst>
      <dst id="17">199.6178</dst>
      <dst id="21">88.2578</dst>
    </src>
    <src id="8">
      <dst id="12">318463.0400</dst>
      <dst id="13">1811.3600</dst>
      <dst id="19">22.5956</dst>
      <dst id="23">213.8667</dst>
      <dst id="18">107.4756</dst>
      <dst id="4">5815.7067</dst>
      <dst id="1">720.0356</dst>
      <dst id="5">2198.3733</dst>
      <dst id="3">27.0933</dst>
      <dst id="22">1964.9156</dst>
      <dst id="7">51.4311</dst>
      <dst id="2">131029.3422</dst>
      <dst id="16">842.7911</dst>
      <dst id="20">136.8533</dst>
      <dst id="11">548.2489</dst>
      <dst id="9">430.6311</dst>
      <dst id="17">116654.5244</dst>
      <dst id="21">274.6311</dst>
      <dst id="15">7.2356</dst>
    </src>
    <src id="18">
      <dst id="12">114173.9911</dst>
      <dst id="13">197.3422</dst>
      <dst id="19">1.7600</dst>
      <dst id="23">4.4889</dst>
      <dst id="8">135.3156</dst>
      <dst id="4">2461.4133</dst>
      <dst id="1">1002.6400</dst>
      <dst id="5">189.8667</dst>
      <dst id="3">246.7022</dst>
      <dst id="22">74.0267</dst>
      <dst id="7">56.2756</dst>
      <dst id="2">37647.4667</dst>
      <dst id="16">15.6533</dst>
      <dst id="20">32.8533</dst>
      <dst id="11">742.0444</dst>
      <dst id="9">294.3378</dst>
      <dst id="17">41721.5822</dst>
      <dst id="21">534.7733</dst>
      <dst id="15">51.0489</dst>
    </src>
    <src id="4">
      <dst id="12">20946.4711</dst>
      <dst id="19">8864.1156</dst>
      <dst id="8">1663.8844</dst>
      <dst id="18">2684.7822</dst>
      <dst id="4">2.0178</dst>
      <dst id="1">110106.1778</dst>
      <dst id="5">2030.7111</dst>
      <dst id="3">299.7600</dst>
      <dst id="22">5697.3244</dst>
      <dst id="7">141500.9156</dst>
      <dst id="2">107830.4000</dst>
      <dst id="6">2.7822</dst>
      <dst id="16">3510.8089</dst>
      <dst id="14">1006.2044</dst>
      <dst id="20">512.9244</dst>
      <dst id="11">2304.1333</dst>
      <dst id="9">2844.0356</dst>
      <dst id="17">94392.4089</dst>
      <dst id="21">8483.5822</dst>
      <dst id="15">663.6267</dst>
    </src>
    <src id="1">
      <dst id="12">17764.0089</dst>
      <dst id="13">448.4000</dst>
      <dst id="19">19.3156</dst>
      <dst id="23">31.2978</dst>
      <dst id="8">129268.3911</dst>
      <dst id="18">12733.3600</dst>
      <dst id="4">7759.1022</dst>
      <dst id="1">21707.0578</dst>
      <dst id="5">207000.3644</dst>
      <dst id="3">145.5022</dst>
      <dst id="22">3518.7111</dst>
      <dst id="7">1146.2133</dst>
      <dst id="2">1239.1556</dst>
      <dst id="6">12551.4311</dst>
      <dst id="16">9100.7022</dst>
      <dst id="14">19.3422</dst>
      <dst id="20">56.0533</dst>
      <dst id="11">164.1511</dst>
      <dst id="9">195095.4222</dst>
      <dst id="17">2938.8889</dst>
      <dst id="21">2265.6267</dst>
      <dst id="15">112.1067</dst>
    </src>
    <src id="5">
      <dst id="12">294982.3289</dst>
      <dst id="13">1147.6889</dst>
      <dst id="19">8.0356</dst>
      <dst id="23">2.8089</dst>
      <dst id="8">935.6533</dst>
      <dst id="18">300.5956</dst>
      <dst id="4">6609.5200</dst>
      <dst id="1">321.2356</dst>
      <dst id="22">2496.8711</dst>
      <dst id="7">202.2400</dst>
      <dst id="2">127985.6178</dst>
      <dst id="6">10.4889</dst>
      <dst id="16">612.5956</dst>
      <dst id="14">6.7733</dst>
      <dst id="20">2314.1422</dst>
      <dst id="11">2242.1067</dst>
      <dst id="9">1335.7600</dst>
      <dst id="17">104042.8000</dst>
      <dst id="21">398.7644</dst>
      <dst id="15">131.6800</dst>
    </src>
    <src id="3">
      <dst id="12">13169.1200</dst>
      <dst id="13">1473.5200</dst>
      <dst id="19">1833.5822</dst>
      <dst id="23">5108.0089</dst>
      <dst id="8">131.1733</dst>
      <dst id="18">80208.1333</dst>
      <dst id="4">53671.8667</dst>
      <dst id="1">16945.9556</dst>
      <dst id="5">519.5022</dst>
      <dst id="3">11554.0356</dst>
      <dst id="22">2426.7911</dst>
      <dst id="7">3207.8222</dst>
      <dst id="2">6151.6267</dst>
      <dst id="6">4.2933</dst>
      <dst id="16">1216.5600</dst>
      <dst id="14">28974.4178</dst>
      <dst id="20">20.9067</dst>
      <dst id="11">142864.5956</dst>
      <dst id="9">128.2222</dst>
      <dst id="17">11153.3422</dst>
      <dst id="21">4419.8667</dst>
      <dst id="15">74.2133</dst>
    </src>
    <src id="10">
      <dst id="12">14975.9467</dst>
      <dst id="19">301.6889</dst>
      <dst id="8">2816.3911</dst>
      <dst id="18">4065.2178</dst>
      <dst id="1">995.1378</dst>
      <dst id="5">1127.1111</dst>
      <dst id="3">9447.8933</dst>
      <dst id="22">2564.3111</dst>
      <dst id="7">16983.4844</dst>
      <dst id="2">24693.1111</dst>
      <dst id="6">6.8622</dst>
      <dst id="16">3514.2756</dst>
      <dst id="14">1049.8044</dst>
      <dst id="20">1743.4311</dst>
      <dst id="11">3732.1867</dst>
      <dst id="9">3534.3733</dst>
      <dst id="17">32553.7956</dst>
      <dst id="21">8162.0711</dst>
      <dst id="15">817.4400</dst>
    </src>
    <src id="22">
      <dst id="12">20397.6356</dst>
      <dst id="13">8824.0178</dst>
      <dst id="19">94.8000</dst>
      <dst id="23">402.9511</dst>
      <dst id="8">541.2000</dst>
      <dst id="18">728.5778</dst>
      <dst id="4">21427.9733</dst>
      <dst id="1">173.3067</dst>
      <dst id="5">4679.9378</dst>
      <dst id="3">257.5822</dst>
      <dst id="7">862.0533</dst>
      <dst id="2">2703.8133</dst>
      <dst id="6">82.7911</dst>
      <dst id="16">4.2311</dst>
      <dst id="14">29.3956</dst>
      <dst id="11">5120.0000</dst>
      <dst id="9">7310.8178</dst>
      <dst id="17">5667.0400</dst>
      <dst id="21">1450.4178</dst>
    </src>
    <src id="7">
      <dst id="12">8138.1778</dst>
      <dst id="13">3834.9422</dst>
      <dst id="19">407.3511</dst>
      <dst id="23">11.4400</dst>
      <dst id="8">594.2044</dst>
      <dst id="18">598.5600</dst>
      <dst id="4">28544.0444</dst>
      <dst id="1">3237.1111</dst>
      <dst id="5">736.5778</dst>
      <dst id="3">422.5244</dst>
      <dst id="22">3720.3822</dst>
      <dst id="7">870.3644</dst>
      <dst id="2">7563.7778</dst>
      <dst id="6">26.7378</dst>
      <dst id="16">817.7511</dst>
      <dst id="14">127.0933</dst>
      <dst id="20">326.3733</dst>
      <dst id="11">1987.3956</dst>
      <dst id="9">1016.5867</dst>
      <dst id="17">9267.3689</dst>
      <dst id="21">1478.7022</dst>
      <dst id="15">69.4667</dst>
    </src>
    <src id="2">
      <dst id="12">86785.1644</dst>
      <dst id="13">529309.2000</dst>
      <dst id="19">825.6267</dst>
      <dst id="23">0.9244</dst>
      <dst id="8">918.3644</dst>
      <dst id="18">87560.8622</dst>
      <dst id="4">121887.6889</dst>
      <dst id="1">12504.0178</dst>
      <dst id="5">2255.3956</dst>
      <dst id="3">63.1822</dst>
      <dst id="22">1147.1911</dst>
      <dst id="7">2694.0267</dst>
      <dst id="2">369.2000</dst>
      <dst id="6">8775.9022</dst>
      <dst id="16">2745.2800</dst>
      <dst id="14">5179.0933</dst>
      <dst id="20">3521.4578</dst>
      <dst id="11">2755.9200</dst>
      <dst id="9">1250.4000</dst>
      <dst id="17">21351.9378</dst>
      <dst id="21">5181.0133</dst>
      <dst id="15">177.8756</dst>
    </src>
    <src id="6">
      <dst id="12">9629.8222</dst>
      <dst id="13">18.1244</dst>
      <dst id="19">1.0667</dst>
      <dst id="8">0.6667</dst>
      <dst id="18">0.3556</dst>
      <dst id="4">1049.4933</dst>
      <dst id="5">0.7111</dst>
      <dst id="22">15.1289</dst>
      <dst id="7">2.1867</dst>
      <dst id="2">2309.6800</dst>
      <dst id="11">2.4356</dst>
      <dst id="9">2.1778</dst>
      <dst id="17">1548.5511</dst>
      <dst id="21">0.5156</dst>
    </src>
    <src id="16">
      <dst id="12">3276.2933</dst>
      <dst id="13">433.7689</dst>
      <dst id="19">3862.5600</dst>
      <dst id="23">4.4089</dst>
      <dst id="8">4606.7822</dst>
      <dst id="18">34.3378</dst>
      <dst id="4">6224.6933</dst>
      <dst id="1">17846.5422</dst>
      <dst id="5">2001.0222</dst>
      <dst id="3">0.9689</dst>
      <dst id="7">4938.8178</dst>
      <dst id="2">758.9244</dst>
      <dst id="6">0.3556</dst>
      <dst id="16">43.2178</dst>
      <dst id="14">374.8178</dst>
      <dst id="11">57.2089</dst>
      <dst id="9">4364.4000</dst>
      <dst id="17">2163.3511</dst>
      <dst id="21">2381.7600</dst>
    </src>
    <src id="14">
      <dst id="12">15521.5022</dst>
      <dst id="13">69.9378</dst>
      <dst id="19">5.9733</dst>
      <dst id="23">0.3556</dst>
      <dst id="18">0.6044</dst>
      <dst id="4">2745.1822</dst>
      <dst id="1">103.5378</dst>
      <dst id="5">68.6400</dst>
      <dst id="3">61.5111</dst>
      <dst id="22">58.1689</dst>
      <dst id="7">80.7289</dst>
      <dst id="2">5543.6978</dst>
      <dst id="16">67.3778</dst>
      <dst id="20">13.1822</dst>
      <dst id="11">19.7956</dst>
      <dst id="9">0.4622</dst>
      <dst id="17">4656.5244</dst>
      <dst id="21">144.1422</dst>
    </src>
    <src id="20">
      <dst id="12">9393.6000</dst>
      <dst id="13">11428.2933</dst>
      <dst id="19">771.7689</dst>
      <dst id="23">9.3867</dst>
      <dst id="8">557.8578</dst>
      <dst id="18">228.8444</dst>
      <dst id="4">13930.2844</dst>
      <dst id="1">93.8578</dst>
      <dst id="5">7479.1822</dst>
      <dst id="3">125.4044</dst>
      <dst id="7">203.4489</dst>
      <dst id="2">10100.1511</dst>
      <dst id="14">5.1200</dst>
      <dst id="11">305.4400</dst>
      <dst id="9">3238.6222</dst>
      <dst id="17">692.4356</dst>
      <dst id="21">351.5111</dst>
    </src>
    <src id="11">
      <dst id="12">403298.4444</dst>
      <dst id="13">4423.3600</dst>
      <dst id="19">73.8044</dst>
      <dst id="23">21.5733</dst>
      <dst id="8">353.8133</dst>
      <dst id="18">262.8800</dst>
      <dst id="4">16202.9422</dst>
      <dst id="1">462.5422</dst>
      <dst id="5">1489.9644</dst>
      <dst id="3">427.1378</dst>
      <dst id="22">2221.8578</dst>
      <dst id="7">505.0844</dst>
      <dst id="2">150012.3111</dst>
      <dst id="6">86.4178</dst>
      <dst id="16">120.6222</dst>
      <dst id="14">28.4267</dst>
      <dst id="20">1427.6356</dst>
      <dst id="11">877.8578</dst>
      <dst id="9">1860.1244</dst>
      <dst id="17">160652.8533</dst>
      <dst id="21">1305.0578</dst>
      <dst id="15">73.8578</dst>
    </src>
    <src id="9">
      <dst id="12">420743.8133</dst>
      <dst id="13">1910.8622</dst>
      <dst id="19">1035.2800</dst>
      <dst id="23">11.2711</dst>
      <dst id="8">963.4311</dst>
      <dst id="18">612.5067</dst>
      <dst id="4">14427.2800</dst>
      <dst id="1">482.3644</dst>
      <dst id="5">1745.4400</dst>
      <dst id="22">1902.2844</dst>
      <dst id="7">1621.4133</dst>
      <dst id="2">153223.6711</dst>
      <dst id="16">425.7333</dst>
      <dst id="14">0.8889</dst>
      <dst id="20">3219.3511</dst>
      <dst id="11">393.7244</dst>
      <dst id="9">328.2933</dst>
      <dst id="17">176935.4222</dst>
      <dst id="21">434.6311</dst>
      <dst id="15">1590.1689</dst>
    </src>
    <src id="17">
      <dst id="12">11306.5511</dst>
      <dst id="13">9966.8622</dst>
      <dst id="19">2882.2133</dst>
      <dst id="23">38.1156</dst>
      <dst id="8">163347.3867</dst>
      <dst id="18">142.7022</dst>
      <dst id="4">170227.8578</dst>
      <dst id="1">1929.2889</dst>
      <dst id="5">192757.5733</dst>
      <dst id="3">7090.8978</dst>
      <dst id="22">5915.5822</dst>
      <dst id="7">1907.5022</dst>
      <dst id="2">23102.1867</dst>
      <dst id="6">427.4133</dst>
      <dst id="16">2393.2711</dst>
      <dst id="14">29083.2178</dst>
      <dst id="20">3833.4578</dst>
      <dst id="11">121973.9467</dst>
      <dst id="9">183439.7244</dst>
      <dst id="17">2202.7644</dst>
      <dst id="21">4477.9911</dst>
      <dst id="15">1133.7956</dst>
    </src>
    <src id="21">
      <dst id="12">21950.5422</dst>
      <dst id="13">1270.7289</dst>
      <dst id="19">104.2667</dst>
      <dst id="23">3.9022</dst>
      <dst id="8">184.3556</dst>
      <dst id="18">10469.4489</dst>
      <dst id="4">23795.1822</dst>
      <dst id="1">854.4089</dst>
      <dst id="5">203.4222</dst>
      <dst id="3">628.6578</dst>
      <dst id="22">2429.5022</dst>
      <dst id="7">3490.2756</dst>
      <dst id="2">11689.3333</dst>
      <dst id="6">1.5733</dst>
      <dst id="16">275.1822</dst>
      <dst id="14">50.7733</dst>
      <dst id="20">232.9689</dst>
      <dst id="11">554.4889</dst>
      <dst id="9">1127.4578</dst>
      <dst id="17">3292.9956</dst>
      <dst id="21">1209.5111</dst>
      <dst id="15">12.5067</dst>
    </src>
    <src id="15">
      <dst id="12">1309.0044</dst>
      <dst id="13">261.8756</dst>
      <dst id="8">22.9867</dst>
      <dst id="18">2.8089</dst>
      <dst id="4">6190.4978</dst>
      <dst id="1">622.6489</dst>
      <dst id="5">293.7067</dst>
      <dst id="3">15.5644</dst>
      <dst id="7">113.8667</dst>
      <dst id="2">280.4267</dst>
      <dst id="6">0.3556</dst>
      <dst id="11">32.2222</dst>
      <dst id="9">1313.4044</dst>
      <dst id="17">818.9422</dst>
      <dst id="21">79.2978</dst>
    </src>
  </IntraTM>
</TrafficMatrixFile>
