<?xml version="1.0" encoding="UTF-8" standalone="yes"?>
<TrafficMatrixFile xmlns:xsi="http://www.w3.org/2001/XMLSchema-instance" xsi:noNamespaceSchemaLocation="http://totem.run.montefiore.ulg.ac.be/Schema/TrafficMatrix-v1_2.xsd">
  <info>
    <title>Intradomain traffic matrix generated by geant-TM-all.pl</title>
    <date>2005-01-02T19:45:00</date>
    <duration>900</duration>
    <author>Steve Uhlig</author>
    <units>
        <unit type="bandwidth" value="kbps"/>
    </units>
  </info>
  <IntraTM ASID="20965">
    <src id="12">
      <dst id="12">318527.4578</dst>
      <dst id="13">32059.6533</dst>
      <dst id="19">4191.2089</dst>
      <dst id="23">206.8978</dst>
      <dst id="8">11043.6356</dst>
      <dst id="18">2328.1333</dst>
      <dst id="4">80056.7111</dst>
      <dst id="1">7992.2933</dst>
      <dst id="5">6325.9378</dst>
      <dst id="3">12036.7111</dst>
      <dst id="22">20419.3511</dst>
      <dst id="7">4044.1244</dst>
      <dst id="2">100314.0533</dst>
      <dst id="6">24.3022</dst>
      <dst id="16">13238.0978</dst>
      <dst id="14">191.6356</dst>
      <dst id="20">13062.5956</dst>
      <dst id="11">8520.1600</dst>
      <dst id="9">16464.6400</dst>
      <dst id="17">124691.3244</dst>
      <dst id="21">39286.8000</dst>
      <dst id="15">5430.9689</dst>
    </src>
    <src id="13">
      <dst id="12">91697.2000</dst>
      <dst id="19">4646.2933</dst>
      <dst id="23">260.4000</dst>
      <dst id="8">8233.4400</dst>
      <dst id="18">6938.5067</dst>
      <dst id="1">8740.2400</dst>
      <dst id="5">8335.6533</dst>
      <dst id="3">40938.9600</dst>
      <dst id="22">35045.4133</dst>
      <dst id="7">28411.6267</dst>
      <dst id="2">109537.8044</dst>
      <dst id="6">114.6400</dst>
      <dst id="16">12711.8578</dst>
      <dst id="14">2071.9733</dst>
      <dst id="20">17271.3156</dst>
      <dst id="11">26987.2800</dst>
      <dst id="9">23220.5244</dst>
      <dst id="17">287491.8400</dst>
      <dst id="21">37946.6400</dst>
      <dst id="15">6885.3156</dst>
    </src>
    <src id="19">
      <dst id="12">19031.2622</dst>
      <dst id="13">5770.7733</dst>
      <dst id="23">152.3911</dst>
      <dst id="8">59.7333</dst>
      <dst id="18">157.2622</dst>
      <dst id="4">16976.9778</dst>
      <dst id="1">1450.8444</dst>
      <dst id="5">219.5378</dst>
      <dst id="3">109.5822</dst>
      <dst id="22">1216.5600</dst>
      <dst id="7">8206.7022</dst>
      <dst id="2">1358.4533</dst>
      <dst id="6">327.8222</dst>
      <dst id="16">5830.7378</dst>
      <dst id="14">0.4978</dst>
      <dst id="20">1181.6978</dst>
      <dst id="11">178.5244</dst>
      <dst id="9">94.2044</dst>
      <dst id="17">6255.7067</dst>
      <dst id="21">2599.6267</dst>
      <dst id="15">73.8844</dst>
    </src>
    <src id="23">
      <dst id="12">2978.7822</dst>
      <dst id="13">337.4222</dst>
      <dst id="19">36.8178</dst>
      <dst id="8">234.5600</dst>
      <dst id="18">289.6267</dst>
      <dst id="4">38.9867</dst>
      <dst id="1">82.7022</dst>
      <dst id="5">13.3333</dst>
      <dst id="3">517.5289</dst>
      <dst id="22">571.5822</dst>
      <dst id="7">408.6933</dst>
      <dst id="2">248.4978</dst>
      <dst id="16">292.4533</dst>
      <dst id="20">95.3422</dst>
      <dst id="11">538.8356</dst>
      <dst id="9">65.9556</dst>
      <dst id="17">798.1067</dst>
      <dst id="21">2243.2800</dst>
      <dst id="15">13.3333</dst>
    </src>
    <src id="8">
      <dst id="12">407150.8267</dst>
      <dst id="13">12075.5911</dst>
      <dst id="19">1.5289</dst>
      <dst id="23">175.8222</dst>
      <dst id="18">518.0800</dst>
      <dst id="4">4316.1156</dst>
      <dst id="1">146.9956</dst>
      <dst id="5">1913.5378</dst>
      <dst id="3">6.1244</dst>
      <dst id="22">3443.8578</dst>
      <dst id="7">72.0178</dst>
      <dst id="2">155896.6667</dst>
      <dst id="6">1.1911</dst>
      <dst id="16">872.8356</dst>
      <dst id="14">20.6844</dst>
      <dst id="20">7206.6667</dst>
      <dst id="11">1978.3556</dst>
      <dst id="9">4322.1333</dst>
      <dst id="17">148315.7778</dst>
      <dst id="21">1639.6533</dst>
      <dst id="15">110.8178</dst>
    </src>
    <src id="18">
      <dst id="12">121824.2400</dst>
      <dst id="13">402.8000</dst>
      <dst id="19">777.7156</dst>
      <dst id="23">4.0000</dst>
      <dst id="8">153.3244</dst>
      <dst id="4">2700.6667</dst>
      <dst id="1">1158.0533</dst>
      <dst id="5">500.8889</dst>
      <dst id="3">2440.6933</dst>
      <dst id="22">190.4533</dst>
      <dst id="7">310.0444</dst>
      <dst id="2">48158.6578</dst>
      <dst id="16">22.6311</dst>
      <dst id="14">27.9111</dst>
      <dst id="20">82.6044</dst>
      <dst id="11">278.4267</dst>
      <dst id="9">196.1244</dst>
      <dst id="17">38741.5022</dst>
      <dst id="21">969.3956</dst>
      <dst id="15">272.7644</dst>
    </src>
    <src id="4">
      <dst id="12">17028.5956</dst>
      <dst id="19">5078.9244</dst>
      <dst id="23">1.0667</dst>
      <dst id="8">4079.8400</dst>
      <dst id="18">3693.1022</dst>
      <dst id="4">3.3156</dst>
      <dst id="1">103207.0044</dst>
      <dst id="5">2365.9022</dst>
      <dst id="3">2252.8711</dst>
      <dst id="22">7659.1556</dst>
      <dst id="7">93755.7067</dst>
      <dst id="2">99043.5467</dst>
      <dst id="6">53.9911</dst>
      <dst id="16">3532.0978</dst>
      <dst id="14">1026.4800</dst>
      <dst id="20">4118.9600</dst>
      <dst id="11">8490.7111</dst>
      <dst id="9">5957.1200</dst>
      <dst id="17">90031.7600</dst>
      <dst id="21">7037.4044</dst>
      <dst id="15">1007.3956</dst>
    </src>
    <src id="1">
      <dst id="12">21128.6133</dst>
      <dst id="13">758.6578</dst>
      <dst id="19">494.8978</dst>
      <dst id="23">59.1644</dst>
      <dst id="8">234967.1022</dst>
      <dst id="18">16404.7911</dst>
      <dst id="4">18517.8311</dst>
      <dst id="1">38915.9822</dst>
      <dst id="5">258939.7600</dst>
      <dst id="3">1434.6133</dst>
      <dst id="22">5585.7867</dst>
      <dst id="7">23292.5067</dst>
      <dst id="2">3487.0222</dst>
      <dst id="6">15062.6933</dst>
      <dst id="16">9811.1911</dst>
      <dst id="14">77.1644</dst>
      <dst id="20">576.6044</dst>
      <dst id="11">2149.2889</dst>
      <dst id="9">400456.1333</dst>
      <dst id="17">38289.0489</dst>
      <dst id="21">8298.5867</dst>
      <dst id="15">471.0044</dst>
    </src>
    <src id="5">
      <dst id="12">281771.0133</dst>
      <dst id="13">1274.1600</dst>
      <dst id="19">5413.1289</dst>
      <dst id="23">2.4800</dst>
      <dst id="8">19387.8667</dst>
      <dst id="18">96.1689</dst>
      <dst id="4">4965.5556</dst>
      <dst id="1">2453.2089</dst>
      <dst id="3">190.2489</dst>
      <dst id="22">3305.8933</dst>
      <dst id="7">922.3111</dst>
      <dst id="2">125036.7378</dst>
      <dst id="6">0.4622</dst>
      <dst id="16">898.0622</dst>
      <dst id="14">2.6756</dst>
      <dst id="20">2383.5111</dst>
      <dst id="11">717.4667</dst>
      <dst id="9">2415.9911</dst>
      <dst id="17">105578.4356</dst>
      <dst id="21">3692.1867</dst>
      <dst id="15">1292.5689</dst>
    </src>
    <src id="3">
      <dst id="12">12322.0711</dst>
      <dst id="13">940.0267</dst>
      <dst id="19">3088.0622</dst>
      <dst id="23">48.3378</dst>
      <dst id="8">251.5467</dst>
      <dst id="18">201961.0844</dst>
      <dst id="4">28428.7022</dst>
      <dst id="1">13099.3600</dst>
      <dst id="5">655.6089</dst>
      <dst id="3">21259.5022</dst>
      <dst id="22">1648.1600</dst>
      <dst id="7">1637.5556</dst>
      <dst id="2">6704.9511</dst>
      <dst id="6">29.3956</dst>
      <dst id="16">3408.6489</dst>
      <dst id="14">34056.7556</dst>
      <dst id="20">283.6000</dst>
      <dst id="11">294572.8800</dst>
      <dst id="9">465.1556</dst>
      <dst id="17">21027.9378</dst>
      <dst id="21">9485.4400</dst>
      <dst id="15">206.0978</dst>
    </src>
    <src id="10">
      <dst id="12">24394.6844</dst>
      <dst id="19">3173.1822</dst>
      <dst id="8">2063.2267</dst>
      <dst id="18">14055.7422</dst>
      <dst id="1">1459.2622</dst>
      <dst id="5">1604.0978</dst>
      <dst id="3">35451.1911</dst>
      <dst id="22">12787.6089</dst>
      <dst id="7">141517.4756</dst>
      <dst id="2">44274.9778</dst>
      <dst id="6">165.1289</dst>
      <dst id="16">1934.2933</dst>
      <dst id="14">504.1689</dst>
      <dst id="20">7067.6089</dst>
      <dst id="11">10176.7733</dst>
      <dst id="9">4134.1511</dst>
      <dst id="17">40916.7467</dst>
      <dst id="21">21628.5067</dst>
      <dst id="15">456.0178</dst>
    </src>
    <src id="22">
      <dst id="12">12756.3289</dst>
      <dst id="13">4588.0356</dst>
      <dst id="19">388.4622</dst>
      <dst id="23">53.5733</dst>
      <dst id="8">3280.4622</dst>
      <dst id="18">224.4622</dst>
      <dst id="4">16162.3022</dst>
      <dst id="1">325.8756</dst>
      <dst id="5">6428.2667</dst>
      <dst id="3">2164.5422</dst>
      <dst id="7">4893.6089</dst>
      <dst id="2">9966.8533</dst>
      <dst id="6">115.2533</dst>
      <dst id="16">1.1200</dst>
      <dst id="14">64.1778</dst>
      <dst id="11">5273.3156</dst>
      <dst id="9">2625.7600</dst>
      <dst id="17">5412.1156</dst>
      <dst id="21">1786.1600</dst>
    </src>
    <src id="7">
      <dst id="12">5046.3644</dst>
      <dst id="13">754.4889</dst>
      <dst id="19">3814.8356</dst>
      <dst id="23">334.7467</dst>
      <dst id="8">2092.7022</dst>
      <dst id="18">2937.0667</dst>
      <dst id="4">29132.7111</dst>
      <dst id="1">19528.8533</dst>
      <dst id="5">1253.7511</dst>
      <dst id="3">2756.8711</dst>
      <dst id="22">4072.8711</dst>
      <dst id="7">822.0711</dst>
      <dst id="2">9069.2711</dst>
      <dst id="6">160.6667</dst>
      <dst id="16">1403.6711</dst>
      <dst id="14">105.8400</dst>
      <dst id="20">2525.2533</dst>
      <dst id="11">4832.0711</dst>
      <dst id="9">2524.2489</dst>
      <dst id="17">22316.8356</dst>
      <dst id="21">24879.0044</dst>
      <dst id="15">836.0711</dst>
    </src>
    <src id="2">
      <dst id="12">174799.0222</dst>
      <dst id="13">28474.4711</dst>
      <dst id="19">4632.5156</dst>
      <dst id="23">62.0800</dst>
      <dst id="8">1169.8489</dst>
      <dst id="18">151313.2267</dst>
      <dst id="4">89554.4000</dst>
      <dst id="1">9766.9422</dst>
      <dst id="5">2846.0356</dst>
      <dst id="3">474.9422</dst>
      <dst id="22">2162.3822</dst>
      <dst id="7">4352.7733</dst>
      <dst id="2">1183.8133</dst>
      <dst id="6">10134.4711</dst>
      <dst id="16">6183.6444</dst>
      <dst id="14">5144.3911</dst>
      <dst id="20">1512.8889</dst>
      <dst id="11">8684.2133</dst>
      <dst id="9">2885.8044</dst>
      <dst id="17">40310.3556</dst>
      <dst id="21">16420.9156</dst>
      <dst id="15">190.4089</dst>
    </src>
    <src id="6">
      <dst id="12">11983.7511</dst>
      <dst id="13">50.8089</dst>
      <dst id="19">106.5156</dst>
      <dst id="23">23.2889</dst>
      <dst id="18">66.1333</dst>
      <dst id="4">25.5644</dst>
      <dst id="1">133.6267</dst>
      <dst id="3">11.9289</dst>
      <dst id="22">105.1822</dst>
      <dst id="7">150.8267</dst>
      <dst id="2">3357.8578</dst>
      <dst id="16">37.7778</dst>
      <dst id="14">13.3333</dst>
      <dst id="20">0.3556</dst>
      <dst id="11">78.3822</dst>
      <dst id="9">28.1333</dst>
      <dst id="17">1459.2444</dst>
      <dst id="21">106.3911</dst>
    </src>
    <src id="16">
      <dst id="12">3953.5733</dst>
      <dst id="13">559.1556</dst>
      <dst id="19">3842.4444</dst>
      <dst id="23">477.0756</dst>
      <dst id="8">9440.7822</dst>
      <dst id="18">698.3200</dst>
      <dst id="4">7410.8800</dst>
      <dst id="1">25926.5511</dst>
      <dst id="5">8027.1378</dst>
      <dst id="3">67.4844</dst>
      <dst id="7">8150.8978</dst>
      <dst id="2">2059.6978</dst>
      <dst id="6">7.7067</dst>
      <dst id="16">29.5911</dst>
      <dst id="14">245.0844</dst>
      <dst id="11">651.6000</dst>
      <dst id="9">11452.8000</dst>
      <dst id="17">9532.9067</dst>
      <dst id="21">755.6800</dst>
    </src>
    <src id="14">
      <dst id="12">15839.0489</dst>
      <dst id="13">1117.2622</dst>
      <dst id="19">3.5200</dst>
      <dst id="23">25.2444</dst>
      <dst id="8">1.3333</dst>
      <dst id="18">16.1511</dst>
      <dst id="4">2392.8178</dst>
      <dst id="1">180.2489</dst>
      <dst id="5">0.3556</dst>
      <dst id="3">121.6889</dst>
      <dst id="22">454.1600</dst>
      <dst id="7">97.0044</dst>
      <dst id="2">5544.0178</dst>
      <dst id="16">164.7644</dst>
      <dst id="11">85.5822</dst>
      <dst id="9">39.2889</dst>
      <dst id="17">5316.4000</dst>
      <dst id="21">270.6311</dst>
      <dst id="15">5.1200</dst>
    </src>
    <src id="20">
      <dst id="12">16691.8844</dst>
      <dst id="13">3832.0356</dst>
      <dst id="19">31.3956</dst>
      <dst id="23">6.4800</dst>
      <dst id="8">4732.1689</dst>
      <dst id="18">7.9111</dst>
      <dst id="4">8452.0978</dst>
      <dst id="1">76.3822</dst>
      <dst id="5">4453.3333</dst>
      <dst id="3">8214.2044</dst>
      <dst id="7">840.5422</dst>
      <dst id="2">8488.3200</dst>
      <dst id="6">12.8000</dst>
      <dst id="11">9519.0400</dst>
      <dst id="9">6622.3733</dst>
      <dst id="17">3232.2756</dst>
      <dst id="21">1241.5022</dst>
    </src>
    <src id="11">
      <dst id="12">410433.6178</dst>
      <dst id="13">4021.6089</dst>
      <dst id="19">122.5600</dst>
      <dst id="23">85.9378</dst>
      <dst id="8">2717.5644</dst>
      <dst id="18">964.8800</dst>
      <dst id="4">15866.9067</dst>
      <dst id="1">3089.4044</dst>
      <dst id="5">1140.5156</dst>
      <dst id="3">7354.6933</dst>
      <dst id="22">3529.2356</dst>
      <dst id="7">537.0400</dst>
      <dst id="2">162496.8000</dst>
      <dst id="6">8.8356</dst>
      <dst id="16">792.1689</dst>
      <dst id="14">39.8844</dst>
      <dst id="20">3414.7644</dst>
      <dst id="11">2695.2978</dst>
      <dst id="9">6987.2178</dst>
      <dst id="17">153356.4000</dst>
      <dst id="21">2474.5600</dst>
      <dst id="15">2390.2578</dst>
    </src>
    <src id="9">
      <dst id="12">490301.5644</dst>
      <dst id="13">23698.6933</dst>
      <dst id="19">247.8933</dst>
      <dst id="23">17.4400</dst>
      <dst id="8">2840.1778</dst>
      <dst id="18">331.5022</dst>
      <dst id="4">9331.2000</dst>
      <dst id="1">3788.6844</dst>
      <dst id="5">1301.6889</dst>
      <dst id="3">185.6622</dst>
      <dst id="22">3969.8222</dst>
      <dst id="7">1358.0267</dst>
      <dst id="2">174431.9733</dst>
      <dst id="6">5.0222</dst>
      <dst id="16">1005.2622</dst>
      <dst id="14">28.6933</dst>
      <dst id="20">11642.5156</dst>
      <dst id="11">1232.8889</dst>
      <dst id="9">1167.6356</dst>
      <dst id="17">189370.4178</dst>
      <dst id="21">14556.3644</dst>
      <dst id="15">1533.6267</dst>
    </src>
    <src id="17">
      <dst id="12">29960.5956</dst>
      <dst id="13">7754.3467</dst>
      <dst id="19">575.3956</dst>
      <dst id="23">448.4711</dst>
      <dst id="8">262569.5733</dst>
      <dst id="18">3020.3467</dst>
      <dst id="4">55117.9733</dst>
      <dst id="1">9212.4089</dst>
      <dst id="5">267965.6978</dst>
      <dst id="3">15426.1867</dst>
      <dst id="22">15069.5378</dst>
      <dst id="7">11842.2311</dst>
      <dst id="2">45867.3244</dst>
      <dst id="6">100.7378</dst>
      <dst id="16">9427.9911</dst>
      <dst id="14">27262.3022</dst>
      <dst id="20">2871.1289</dst>
      <dst id="11">189718.9867</dst>
      <dst id="9">338052.4622</dst>
      <dst id="17">3472.0711</dst>
      <dst id="21">16644.1422</dst>
      <dst id="15">4654.8000</dst>
    </src>
    <src id="21">
      <dst id="12">19791.1733</dst>
      <dst id="13">3079.9200</dst>
      <dst id="19">417.9911</dst>
      <dst id="23">228.7911</dst>
      <dst id="8">758.9956</dst>
      <dst id="18">2077.6000</dst>
      <dst id="4">22096.5867</dst>
      <dst id="1">3906.0800</dst>
      <dst id="5">1149.9644</dst>
      <dst id="3">16320.1067</dst>
      <dst id="22">5412.9067</dst>
      <dst id="7">3815.0756</dst>
      <dst id="2">11979.1111</dst>
      <dst id="6">64.6311</dst>
      <dst id="16">492.5778</dst>
      <dst id="14">158.1156</dst>
      <dst id="20">637.2533</dst>
      <dst id="11">6515.1289</dst>
      <dst id="9">3022.2578</dst>
      <dst id="17">6845.4844</dst>
      <dst id="21">4027.4667</dst>
      <dst id="15">219.9289</dst>
    </src>
    <src id="15">
      <dst id="12">3845.5022</dst>
      <dst id="13">500.5333</dst>
      <dst id="19">4188.3022</dst>
      <dst id="23">0.8889</dst>
      <dst id="8">1754.5600</dst>
      <dst id="18">24.4178</dst>
      <dst id="4">5926.8978</dst>
      <dst id="1">1205.2444</dst>
      <dst id="5">145.4578</dst>
      <dst id="3">25.7600</dst>
      <dst id="7">1483.2089</dst>
      <dst id="2">4098.5778</dst>
      <dst id="14">0.3556</dst>
      <dst id="11">899.5644</dst>
      <dst id="9">5551.0844</dst>
      <dst id="17">606.5511</dst>
      <dst id="21">1072.5156</dst>
    </src>
  </IntraTM>
</TrafficMatrixFile>
