<?xml version="1.0" encoding="UTF-8" standalone="yes"?>
<TrafficMatrixFile xmlns:xsi="http://www.w3.org/2001/XMLSchema-instance" xsi:noNamespaceSchemaLocation="http://totem.run.montefiore.ulg.ac.be/Schema/TrafficMatrix-v1_2.xsd">
  <info>
    <title>Intradomain traffic matrix generated by geant-TM-all.pl</title>
    <date>2005-01-04T08:00:00</date>
    <duration>900</duration>
    <author>Steve Uhlig</author>
    <units>
        <unit type="bandwidth" value="kbps"/>
    </units>
  </info>
  <IntraTM ASID="20965">
    <src id="12">
      <dst id="12">226866.9067</dst>
      <dst id="13">24794.7822</dst>
      <dst id="19">1509.8222</dst>
      <dst id="23">23.3067</dst>
      <dst id="8">11822.9867</dst>
      <dst id="18">226.9244</dst>
      <dst id="4">75641.8756</dst>
      <dst id="1">10395.7244</dst>
      <dst id="5">7025.6178</dst>
      <dst id="3">6140.6756</dst>
      <dst id="22">13604.9867</dst>
      <dst id="7">4895.4222</dst>
      <dst id="2">73322.1689</dst>
      <dst id="6">30.7111</dst>
      <dst id="16">4491.8844</dst>
      <dst id="14">420.7822</dst>
      <dst id="20">8610.0000</dst>
      <dst id="11">10100.1244</dst>
      <dst id="9">2498.7644</dst>
      <dst id="17">55570.2044</dst>
      <dst id="21">1813.3689</dst>
      <dst id="15">508.4711</dst>
    </src>
    <src id="13">
      <dst id="12">41490.8356</dst>
      <dst id="19">8847.9911</dst>
      <dst id="23">71.4400</dst>
      <dst id="8">6618.4800</dst>
      <dst id="18">1126.8178</dst>
      <dst id="4">0.3556</dst>
      <dst id="1">2972.9689</dst>
      <dst id="5">8811.7333</dst>
      <dst id="3">3535.9644</dst>
      <dst id="22">17298.8800</dst>
      <dst id="7">8886.9956</dst>
      <dst id="2">102188.2222</dst>
      <dst id="6">66.2933</dst>
      <dst id="16">8696.2044</dst>
      <dst id="14">1219.4844</dst>
      <dst id="20">11183.3689</dst>
      <dst id="11">15021.9644</dst>
      <dst id="9">15056.6222</dst>
      <dst id="17">45451.1644</dst>
      <dst id="21">16314.3378</dst>
      <dst id="15">1897.2267</dst>
    </src>
    <src id="19">
      <dst id="12">18190.4356</dst>
      <dst id="13">1014.6756</dst>
      <dst id="23">37.7244</dst>
      <dst id="8">0.4178</dst>
      <dst id="18">23.0578</dst>
      <dst id="4">21942.2133</dst>
      <dst id="1">2175.6800</dst>
      <dst id="5">13.5378</dst>
      <dst id="3">1.4311</dst>
      <dst id="22">1366.8444</dst>
      <dst id="7">2917.3422</dst>
      <dst id="2">1691.0756</dst>
      <dst id="6">41.2533</dst>
      <dst id="16">8190.0444</dst>
      <dst id="14">3.1200</dst>
      <dst id="20">12.7200</dst>
      <dst id="11">1.8311</dst>
      <dst id="9">232.2133</dst>
      <dst id="17">225.3067</dst>
      <dst id="21">375.6978</dst>
      <dst id="15">3467.6978</dst>
    </src>
    <src id="23">
      <dst id="12">38.3111</dst>
      <dst id="13">36.9244</dst>
      <dst id="19">0.9511</dst>
      <dst id="8">13.3333</dst>
      <dst id="18">0.3556</dst>
      <dst id="4">90.4444</dst>
      <dst id="1">100.4267</dst>
      <dst id="5">13.3333</dst>
      <dst id="3">179.9200</dst>
      <dst id="22">55.2444</dst>
      <dst id="7">18.3289</dst>
      <dst id="2">723.1733</dst>
      <dst id="6">1.1378</dst>
      <dst id="16">121.8489</dst>
      <dst id="14">0.3556</dst>
      <dst id="11">25.7422</dst>
      <dst id="9">303.1644</dst>
      <dst id="17">131.4667</dst>
      <dst id="21">41.5911</dst>
      <dst id="15">13.3333</dst>
    </src>
    <src id="8">
      <dst id="12">357023.4222</dst>
      <dst id="13">1168.0622</dst>
      <dst id="19">2.0356</dst>
      <dst id="18">15.0044</dst>
      <dst id="4">5519.2978</dst>
      <dst id="1">74.7200</dst>
      <dst id="5">731.7867</dst>
      <dst id="3">30.6400</dst>
      <dst id="22">2090.3200</dst>
      <dst id="7">1261.4133</dst>
      <dst id="2">129835.1822</dst>
      <dst id="16">4329.8489</dst>
      <dst id="20">20.5067</dst>
      <dst id="11">90.2044</dst>
      <dst id="9">994.8178</dst>
      <dst id="17">118163.7956</dst>
      <dst id="21">395.9200</dst>
      <dst id="15">14.1867</dst>
    </src>
    <src id="18">
      <dst id="12">96993.8489</dst>
      <dst id="13">599.8844</dst>
      <dst id="19">113.8044</dst>
      <dst id="23">1.2444</dst>
      <dst id="8">57.2267</dst>
      <dst id="4">3021.2978</dst>
      <dst id="1">916.8444</dst>
      <dst id="5">249.4133</dst>
      <dst id="3">28.9156</dst>
      <dst id="22">113.9733</dst>
      <dst id="7">76.9156</dst>
      <dst id="2">27553.2889</dst>
      <dst id="16">17.7689</dst>
      <dst id="14">50.2044</dst>
      <dst id="20">1.7067</dst>
      <dst id="11">49.1378</dst>
      <dst id="9">85.9378</dst>
      <dst id="17">30410.4267</dst>
      <dst id="21">81.2889</dst>
    </src>
    <src id="4">
      <dst id="12">10852.9867</dst>
      <dst id="19">15058.2400</dst>
      <dst id="23">9.6089</dst>
      <dst id="8">1127.6533</dst>
      <dst id="18">272.3200</dst>
      <dst id="4">0.3556</dst>
      <dst id="1">116334.6578</dst>
      <dst id="5">1139.2800</dst>
      <dst id="3">26.5867</dst>
      <dst id="22">6661.4933</dst>
      <dst id="7">128230.4533</dst>
      <dst id="2">100382.1689</dst>
      <dst id="6">81.0756</dst>
      <dst id="16">1326.1867</dst>
      <dst id="14">2137.1111</dst>
      <dst id="20">756.2044</dst>
      <dst id="11">2301.4222</dst>
      <dst id="9">2265.5733</dst>
      <dst id="17">20017.8667</dst>
      <dst id="21">2082.0711</dst>
      <dst id="15">531.7511</dst>
    </src>
    <src id="1">
      <dst id="12">10579.5467</dst>
      <dst id="13">296.7556</dst>
      <dst id="19">293.2711</dst>
      <dst id="23">42.5067</dst>
      <dst id="8">105361.0489</dst>
      <dst id="18">11600.0533</dst>
      <dst id="4">9348.2489</dst>
      <dst id="1">4040.7111</dst>
      <dst id="5">170167.8044</dst>
      <dst id="3">78.4533</dst>
      <dst id="22">2539.0044</dst>
      <dst id="7">1782.6133</dst>
      <dst id="2">2347.1911</dst>
      <dst id="6">10475.3156</dst>
      <dst id="16">10462.7822</dst>
      <dst id="14">24.2133</dst>
      <dst id="20">87.7422</dst>
      <dst id="11">326.1156</dst>
      <dst id="9">164195.2533</dst>
      <dst id="17">1529.5022</dst>
      <dst id="21">1684.5867</dst>
      <dst id="15">207.5289</dst>
    </src>
    <src id="5">
      <dst id="12">277118.5067</dst>
      <dst id="13">6273.7689</dst>
      <dst id="19">1.2444</dst>
      <dst id="8">563.8044</dst>
      <dst id="18">401.8044</dst>
      <dst id="4">3391.7778</dst>
      <dst id="1">162.8356</dst>
      <dst id="3">1.3600</dst>
      <dst id="22">3496.0356</dst>
      <dst id="7">56.1067</dst>
      <dst id="2">101803.4844</dst>
      <dst id="6">7.5644</dst>
      <dst id="16">484.4978</dst>
      <dst id="14">0.4444</dst>
      <dst id="20">1092.0978</dst>
      <dst id="11">617.8044</dst>
      <dst id="9">291.5111</dst>
      <dst id="17">105949.8044</dst>
      <dst id="21">277.8578</dst>
      <dst id="15">454.9067</dst>
    </src>
    <src id="3">
      <dst id="12">10978.6844</dst>
      <dst id="13">311.3600</dst>
      <dst id="19">4239.4311</dst>
      <dst id="23">6731.1644</dst>
      <dst id="8">15.1733</dst>
      <dst id="18">50123.3600</dst>
      <dst id="4">11053.4222</dst>
      <dst id="1">11399.6444</dst>
      <dst id="5">185.7778</dst>
      <dst id="3">11387.4311</dst>
      <dst id="22">1510.5600</dst>
      <dst id="7">2124.2222</dst>
      <dst id="2">11725.8933</dst>
      <dst id="6">15.4400</dst>
      <dst id="16">507.8489</dst>
      <dst id="14">28248.0000</dst>
      <dst id="20">68.3022</dst>
      <dst id="11">134901.4667</dst>
      <dst id="9">433.7600</dst>
      <dst id="17">7196.9422</dst>
      <dst id="21">8220.8000</dst>
      <dst id="15">31.7778</dst>
    </src>
    <src id="10">
      <dst id="12">15835.8578</dst>
      <dst id="19">2458.2400</dst>
      <dst id="8">578.8711</dst>
      <dst id="18">8043.0933</dst>
      <dst id="1">3197.1467</dst>
      <dst id="5">959.7778</dst>
      <dst id="3">2333.5111</dst>
      <dst id="22">9737.6267</dst>
      <dst id="7">11604.3111</dst>
      <dst id="2">25631.1911</dst>
      <dst id="6">81.9733</dst>
      <dst id="16">429.3511</dst>
      <dst id="14">392.7644</dst>
      <dst id="20">1788.7556</dst>
      <dst id="11">5693.0933</dst>
      <dst id="9">6427.9733</dst>
      <dst id="17">26284.4178</dst>
      <dst id="21">6323.2978</dst>
      <dst id="15">163.2178</dst>
    </src>
    <src id="22">
      <dst id="12">8298.0800</dst>
      <dst id="13">5092.0444</dst>
      <dst id="19">196.0889</dst>
      <dst id="23">10.2756</dst>
      <dst id="8">920.1600</dst>
      <dst id="18">429.3867</dst>
      <dst id="4">21230.5156</dst>
      <dst id="1">927.2622</dst>
      <dst id="5">2578.2667</dst>
      <dst id="3">293.0311</dst>
      <dst id="7">341.4489</dst>
      <dst id="2">2873.5911</dst>
      <dst id="6">37.7600</dst>
      <dst id="16">15.0933</dst>
      <dst id="14">40.6044</dst>
      <dst id="11">2170.4889</dst>
      <dst id="9">8236.6044</dst>
      <dst id="17">8144.4089</dst>
      <dst id="21">796.4622</dst>
    </src>
    <src id="7">
      <dst id="12">5222.1333</dst>
      <dst id="13">106.7022</dst>
      <dst id="19">464.3644</dst>
      <dst id="23">40.0178</dst>
      <dst id="8">328.5511</dst>
      <dst id="18">100.6133</dst>
      <dst id="4">11367.5378</dst>
      <dst id="1">4272.0178</dst>
      <dst id="5">1578.1778</dst>
      <dst id="3">566.0000</dst>
      <dst id="22">6283.9289</dst>
      <dst id="7">878.9689</dst>
      <dst id="2">6575.1111</dst>
      <dst id="6">1.1022</dst>
      <dst id="16">291.8222</dst>
      <dst id="14">31.4667</dst>
      <dst id="20">385.4578</dst>
      <dst id="11">1618.6489</dst>
      <dst id="9">862.4889</dst>
      <dst id="17">13081.4756</dst>
      <dst id="21">1262.4800</dst>
      <dst id="15">1294.8089</dst>
    </src>
    <src id="2">
      <dst id="12">65105.6533</dst>
      <dst id="13">522213.1733</dst>
      <dst id="19">303.0756</dst>
      <dst id="8">309.0933</dst>
      <dst id="18">48159.6000</dst>
      <dst id="4">90922.8711</dst>
      <dst id="1">10475.7689</dst>
      <dst id="5">2779.1022</dst>
      <dst id="3">73.6178</dst>
      <dst id="22">3479.0578</dst>
      <dst id="7">3040.4889</dst>
      <dst id="2">675.7333</dst>
      <dst id="6">7097.5911</dst>
      <dst id="16">2383.5556</dst>
      <dst id="14">5119.3600</dst>
      <dst id="20">1458.5511</dst>
      <dst id="11">1997.2622</dst>
      <dst id="9">7321.2444</dst>
      <dst id="17">29677.5556</dst>
      <dst id="21">1144.2133</dst>
      <dst id="15">219.6533</dst>
    </src>
    <src id="6">
      <dst id="12">9610.3556</dst>
      <dst id="13">74.0889</dst>
      <dst id="19">1.8311</dst>
      <dst id="4">1326.1689</dst>
      <dst id="1">6.8978</dst>
      <dst id="5">2.3200</dst>
      <dst id="22">1.6000</dst>
      <dst id="7">0.9867</dst>
      <dst id="2">2709.3067</dst>
      <dst id="16">0.3556</dst>
      <dst id="20">8.6400</dst>
      <dst id="9">3.0311</dst>
      <dst id="17">1536.8711</dst>
      <dst id="21">0.3556</dst>
      <dst id="15">1.0667</dst>
    </src>
    <src id="16">
      <dst id="12">2036.7111</dst>
      <dst id="13">1887.4667</dst>
      <dst id="19">2479.1289</dst>
      <dst id="23">15.7867</dst>
      <dst id="8">3174.4800</dst>
      <dst id="18">11.3067</dst>
      <dst id="4">4127.1556</dst>
      <dst id="1">5396.5244</dst>
      <dst id="5">2240.2400</dst>
      <dst id="3">1.7778</dst>
      <dst id="7">336.4356</dst>
      <dst id="2">431.7067</dst>
      <dst id="6">47.6444</dst>
      <dst id="16">55.8756</dst>
      <dst id="11">441.8844</dst>
      <dst id="9">3824.4267</dst>
      <dst id="17">2573.8756</dst>
      <dst id="21">2365.1200</dst>
    </src>
    <src id="14">
      <dst id="12">13298.4356</dst>
      <dst id="13">35.9911</dst>
      <dst id="19">4.9600</dst>
      <dst id="23">2.4356</dst>
      <dst id="18">2.0267</dst>
      <dst id="4">1432.7733</dst>
      <dst id="1">102.9867</dst>
      <dst id="5">3.2444</dst>
      <dst id="3">39.3956</dst>
      <dst id="22">102.7556</dst>
      <dst id="7">99.5644</dst>
      <dst id="2">3357.6622</dst>
      <dst id="16">1.0311</dst>
      <dst id="20">1.3067</dst>
      <dst id="11">44.1511</dst>
      <dst id="9">3.8756</dst>
      <dst id="17">7717.5111</dst>
      <dst id="21">129.8844</dst>
    </src>
    <src id="20">
      <dst id="12">7704.4267</dst>
      <dst id="13">3251.2978</dst>
      <dst id="19">992.0889</dst>
      <dst id="8">75.0667</dst>
      <dst id="18">4.3644</dst>
      <dst id="4">11968.9511</dst>
      <dst id="1">117.7067</dst>
      <dst id="5">7635.3600</dst>
      <dst id="3">70.0089</dst>
      <dst id="7">2217.7600</dst>
      <dst id="2">5139.3600</dst>
      <dst id="6">0.4622</dst>
      <dst id="14">12.6222</dst>
      <dst id="11">62.7467</dst>
      <dst id="9">14367.6356</dst>
      <dst id="17">1090.6933</dst>
      <dst id="21">138.0356</dst>
    </src>
    <src id="11">
      <dst id="12">434582.2044</dst>
      <dst id="13">1981.5022</dst>
      <dst id="19">10.2756</dst>
      <dst id="23">0.7111</dst>
      <dst id="8">209.6711</dst>
      <dst id="18">192.8178</dst>
      <dst id="4">12078.9422</dst>
      <dst id="1">488.0978</dst>
      <dst id="5">1205.0222</dst>
      <dst id="3">396.4444</dst>
      <dst id="22">4232.2578</dst>
      <dst id="7">613.8400</dst>
      <dst id="2">154423.0844</dst>
      <dst id="16">623.5111</dst>
      <dst id="14">35.5200</dst>
      <dst id="20">755.7867</dst>
      <dst id="11">1007.2356</dst>
      <dst id="9">3393.5111</dst>
      <dst id="17">158421.0578</dst>
      <dst id="21">270.8711</dst>
      <dst id="15">150.4000</dst>
    </src>
    <src id="9">
      <dst id="12">397907.3422</dst>
      <dst id="13">9508.3733</dst>
      <dst id="19">152.8178</dst>
      <dst id="23">14.1511</dst>
      <dst id="8">288.0533</dst>
      <dst id="18">454.4800</dst>
      <dst id="4">7484.7467</dst>
      <dst id="1">1921.1200</dst>
      <dst id="5">2236.5689</dst>
      <dst id="3">5.9022</dst>
      <dst id="22">4012.1511</dst>
      <dst id="7">43.8933</dst>
      <dst id="2">152217.4222</dst>
      <dst id="6">1.3422</dst>
      <dst id="16">390.8089</dst>
      <dst id="14">13.5467</dst>
      <dst id="20">1556.8622</dst>
      <dst id="11">1172.7022</dst>
      <dst id="9">266.1867</dst>
      <dst id="17">164777.0933</dst>
      <dst id="21">295.7867</dst>
      <dst id="15">1235.9022</dst>
    </src>
    <src id="17">
      <dst id="12">3197.7244</dst>
      <dst id="13">4229.4844</dst>
      <dst id="19">3058.8089</dst>
      <dst id="23">34.9511</dst>
      <dst id="8">124442.1067</dst>
      <dst id="18">50.9156</dst>
      <dst id="4">170448.9067</dst>
      <dst id="1">3677.4578</dst>
      <dst id="5">160513.6089</dst>
      <dst id="3">11547.8844</dst>
      <dst id="22">6594.6311</dst>
      <dst id="7">2256.4978</dst>
      <dst id="2">16347.3600</dst>
      <dst id="6">22.5689</dst>
      <dst id="16">1849.1911</dst>
      <dst id="14">19926.1600</dst>
      <dst id="20">414.6578</dst>
      <dst id="11">90161.7867</dst>
      <dst id="9">159421.1378</dst>
      <dst id="17">1810.3111</dst>
      <dst id="21">4237.2978</dst>
      <dst id="15">2510.6933</dst>
    </src>
    <src id="21">
      <dst id="12">24646.8356</dst>
      <dst id="13">2937.5911</dst>
      <dst id="19">84.3378</dst>
      <dst id="23">1.5644</dst>
      <dst id="8">131.7244</dst>
      <dst id="18">96.8267</dst>
      <dst id="4">8248.7911</dst>
      <dst id="1">3132.8711</dst>
      <dst id="5">303.3689</dst>
      <dst id="3">802.5156</dst>
      <dst id="22">4059.6533</dst>
      <dst id="7">631.8044</dst>
      <dst id="2">11136.4533</dst>
      <dst id="6">1.7778</dst>
      <dst id="16">210.8444</dst>
      <dst id="14">81.4844</dst>
      <dst id="20">35.0222</dst>
      <dst id="11">398.6756</dst>
      <dst id="9">287.7778</dst>
      <dst id="17">5387.5733</dst>
      <dst id="21">775.1911</dst>
      <dst id="15">41.5644</dst>
    </src>
    <src id="15">
      <dst id="12">7014.6133</dst>
      <dst id="13">292.2667</dst>
      <dst id="19">209.2000</dst>
      <dst id="8">588.3911</dst>
      <dst id="18">1.5644</dst>
      <dst id="4">3381.1467</dst>
      <dst id="1">804.1778</dst>
      <dst id="5">201.9289</dst>
      <dst id="3">11.2711</dst>
      <dst id="7">94.9156</dst>
      <dst id="2">71.9822</dst>
      <dst id="6">17.1822</dst>
      <dst id="11">20.4800</dst>
      <dst id="9">596.5333</dst>
      <dst id="17">1961.3511</dst>
      <dst id="21">117.4756</dst>
    </src>
  </IntraTM>
</TrafficMatrixFile>
