<?xml version="1.0" encoding="UTF-8" standalone="yes"?>
<TrafficMatrixFile xmlns:xsi="http://www.w3.org/2001/XMLSchema-instance" xsi:noNamespaceSchemaLocation="http://totem.run.montefiore.ulg.ac.be/Schema/TrafficMatrix-v1_2.xsd">
  <info>
    <title>Intradomain traffic matrix generated by geant-TM-all.pl</title>
    <date>2005-01-03T20:45:00</date>
    <duration>900</duration>
    <author>Steve Uhlig</author>
    <units>
        <unit type="bandwidth" value="kbps"/>
    </units>
  </info>
  <IntraTM ASID="20965">
    <src id="12">
      <dst id="12">262899.1111</dst>
      <dst id="13">37180.3911</dst>
      <dst id="19">2458.1333</dst>
      <dst id="23">329.5644</dst>
      <dst id="8">7653.3156</dst>
      <dst id="18">455.8400</dst>
      <dst id="4">66918.1067</dst>
      <dst id="1">7558.8889</dst>
      <dst id="5">4000.6844</dst>
      <dst id="3">4165.1644</dst>
      <dst id="22">10581.1289</dst>
      <dst id="7">9040.2311</dst>
      <dst id="2">82934.8444</dst>
      <dst id="6">18.4978</dst>
      <dst id="16">8082.8800</dst>
      <dst id="14">805.8222</dst>
      <dst id="20">5249.8044</dst>
      <dst id="11">9729.5911</dst>
      <dst id="9">5366.5244</dst>
      <dst id="17">96571.5022</dst>
      <dst id="21">2275.7778</dst>
      <dst id="15">3441.3956</dst>
    </src>
    <src id="13">
      <dst id="12">61976.5689</dst>
      <dst id="19">6836.5422</dst>
      <dst id="23">100.6222</dst>
      <dst id="8">2660.4800</dst>
      <dst id="18">2876.6133</dst>
      <dst id="1">4205.8044</dst>
      <dst id="5">8567.2000</dst>
      <dst id="3">7848.1422</dst>
      <dst id="22">23015.2978</dst>
      <dst id="7">10659.4489</dst>
      <dst id="2">87559.5733</dst>
      <dst id="6">130.4533</dst>
      <dst id="16">31073.3867</dst>
      <dst id="14">1821.8844</dst>
      <dst id="20">6631.7511</dst>
      <dst id="11">13972.0533</dst>
      <dst id="9">14677.7511</dst>
      <dst id="17">50148.3022</dst>
      <dst id="21">13042.8711</dst>
      <dst id="15">10635.5733</dst>
    </src>
    <src id="19">
      <dst id="12">16078.0978</dst>
      <dst id="13">199.1556</dst>
      <dst id="23">51.2533</dst>
      <dst id="8">131.3244</dst>
      <dst id="18">1.1200</dst>
      <dst id="4">17169.2267</dst>
      <dst id="1">468.2222</dst>
      <dst id="5">1.5289</dst>
      <dst id="3">20.3733</dst>
      <dst id="22">134.6933</dst>
      <dst id="7">3114.3911</dst>
      <dst id="2">836.7022</dst>
      <dst id="6">75.3689</dst>
      <dst id="16">9344.0267</dst>
      <dst id="14">3.9556</dst>
      <dst id="20">133.7422</dst>
      <dst id="11">49.9111</dst>
      <dst id="9">105.2178</dst>
      <dst id="17">3182.7822</dst>
      <dst id="21">498.8978</dst>
      <dst id="15">14.1511</dst>
    </src>
    <src id="23">
      <dst id="12">930.4444</dst>
      <dst id="13">181.6089</dst>
      <dst id="19">2.8444</dst>
      <dst id="8">12.6222</dst>
      <dst id="18">1.6356</dst>
      <dst id="4">91.9111</dst>
      <dst id="1">17.0311</dst>
      <dst id="5">0.4622</dst>
      <dst id="3">179.4489</dst>
      <dst id="22">2592.0000</dst>
      <dst id="7">38.1689</dst>
      <dst id="2">24.8889</dst>
      <dst id="16">168.3911</dst>
      <dst id="14">9.0400</dst>
      <dst id="20">160.0000</dst>
      <dst id="11">67.0756</dst>
      <dst id="9">411.9467</dst>
      <dst id="17">265.3067</dst>
      <dst id="21">79.3600</dst>
    </src>
    <src id="8">
      <dst id="12">280782.2133</dst>
      <dst id="13">4314.2222</dst>
      <dst id="19">4.5511</dst>
      <dst id="18">46.6933</dst>
      <dst id="4">4123.5733</dst>
      <dst id="1">260.8533</dst>
      <dst id="5">1513.6356</dst>
      <dst id="3">12.9778</dst>
      <dst id="22">3682.5689</dst>
      <dst id="7">58.2844</dst>
      <dst id="2">116860.8711</dst>
      <dst id="6">0.4178</dst>
      <dst id="16">426.6667</dst>
      <dst id="20">105.0667</dst>
      <dst id="11">2037.8400</dst>
      <dst id="9">1753.3956</dst>
      <dst id="17">108660.6489</dst>
      <dst id="21">105.5289</dst>
      <dst id="15">231.4044</dst>
    </src>
    <src id="18">
      <dst id="12">97960.1689</dst>
      <dst id="13">135.4756</dst>
      <dst id="19">3.7333</dst>
      <dst id="23">38.3644</dst>
      <dst id="8">0.3556</dst>
      <dst id="4">1041.7067</dst>
      <dst id="1">1249.9556</dst>
      <dst id="5">421.2711</dst>
      <dst id="3">86.7289</dst>
      <dst id="22">691.5556</dst>
      <dst id="7">134.1156</dst>
      <dst id="2">30783.3778</dst>
      <dst id="16">3.3867</dst>
      <dst id="14">0.9867</dst>
      <dst id="11">49.3244</dst>
      <dst id="9">47.9556</dst>
      <dst id="17">33530.5422</dst>
      <dst id="21">203.0844</dst>
      <dst id="15">10.3111</dst>
    </src>
    <src id="4">
      <dst id="12">18708.4800</dst>
      <dst id="19">15154.4622</dst>
      <dst id="23">0.9422</dst>
      <dst id="8">2080.0000</dst>
      <dst id="18">717.1200</dst>
      <dst id="1">54954.4444</dst>
      <dst id="5">1203.5378</dst>
      <dst id="3">288.3378</dst>
      <dst id="22">8872.2578</dst>
      <dst id="7">124001.9644</dst>
      <dst id="2">57278.8089</dst>
      <dst id="6">13.5467</dst>
      <dst id="16">1865.7422</dst>
      <dst id="14">1325.9556</dst>
      <dst id="20">1297.3600</dst>
      <dst id="11">10708.5956</dst>
      <dst id="9">2768.8356</dst>
      <dst id="17">92969.0400</dst>
      <dst id="21">6485.4311</dst>
      <dst id="15">297.5733</dst>
    </src>
    <src id="1">
      <dst id="12">18943.9378</dst>
      <dst id="13">911.0667</dst>
      <dst id="19">108.3556</dst>
      <dst id="23">32.4800</dst>
      <dst id="8">112945.8400</dst>
      <dst id="18">15095.8133</dst>
      <dst id="4">3486.0089</dst>
      <dst id="1">89859.1822</dst>
      <dst id="5">217095.4311</dst>
      <dst id="3">156.5244</dst>
      <dst id="22">2405.2267</dst>
      <dst id="7">3840.9778</dst>
      <dst id="2">3494.8978</dst>
      <dst id="6">8777.3511</dst>
      <dst id="16">15383.6711</dst>
      <dst id="14">71.5200</dst>
      <dst id="20">206.2933</dst>
      <dst id="11">375.5556</dst>
      <dst id="9">215693.7600</dst>
      <dst id="17">2312.3289</dst>
      <dst id="21">8456.2133</dst>
      <dst id="15">110.1244</dst>
    </src>
    <src id="5">
      <dst id="12">306735.3689</dst>
      <dst id="13">2028.8267</dst>
      <dst id="19">51.1733</dst>
      <dst id="23">5.0844</dst>
      <dst id="8">2150.5244</dst>
      <dst id="18">173.5378</dst>
      <dst id="4">4938.0978</dst>
      <dst id="1">690.8533</dst>
      <dst id="3">39.0222</dst>
      <dst id="22">10329.8667</dst>
      <dst id="7">750.7111</dst>
      <dst id="2">139412.4178</dst>
      <dst id="6">0.3556</dst>
      <dst id="16">966.5244</dst>
      <dst id="14">18.1689</dst>
      <dst id="20">14401.7867</dst>
      <dst id="11">2681.4844</dst>
      <dst id="9">2324.6578</dst>
      <dst id="17">112185.6000</dst>
      <dst id="21">211.3244</dst>
      <dst id="15">351.4489</dst>
    </src>
    <src id="3">
      <dst id="12">12188.1956</dst>
      <dst id="13">1969.0578</dst>
      <dst id="19">1182.7644</dst>
      <dst id="23">8465.0489</dst>
      <dst id="8">84.3467</dst>
      <dst id="18">68609.6800</dst>
      <dst id="4">9914.1333</dst>
      <dst id="1">12846.3022</dst>
      <dst id="5">783.7956</dst>
      <dst id="3">14669.8044</dst>
      <dst id="22">448.2133</dst>
      <dst id="7">1898.6222</dst>
      <dst id="2">4641.8044</dst>
      <dst id="6">1.2800</dst>
      <dst id="16">840.2133</dst>
      <dst id="14">27018.9067</dst>
      <dst id="20">77.4756</dst>
      <dst id="11">150002.3911</dst>
      <dst id="9">579.1556</dst>
      <dst id="17">8091.0578</dst>
      <dst id="21">16465.3867</dst>
      <dst id="15">184.6756</dst>
    </src>
    <src id="10">
      <dst id="12">15443.2089</dst>
      <dst id="19">514.9956</dst>
      <dst id="8">454.0533</dst>
      <dst id="18">4419.9644</dst>
      <dst id="1">2136.1067</dst>
      <dst id="5">724.8444</dst>
      <dst id="3">4900.0533</dst>
      <dst id="22">8980.7200</dst>
      <dst id="7">7646.2044</dst>
      <dst id="2">24951.1733</dst>
      <dst id="6">54.3200</dst>
      <dst id="16">3150.2489</dst>
      <dst id="14">585.7778</dst>
      <dst id="20">3477.0489</dst>
      <dst id="11">5782.1333</dst>
      <dst id="9">1379.8044</dst>
      <dst id="17">26172.6400</dst>
      <dst id="21">8051.9022</dst>
      <dst id="15">288.5778</dst>
    </src>
    <src id="22">
      <dst id="12">8768.5333</dst>
      <dst id="13">2554.8000</dst>
      <dst id="19">485.2533</dst>
      <dst id="23">72.7289</dst>
      <dst id="8">737.1911</dst>
      <dst id="18">239.2267</dst>
      <dst id="4">14609.4578</dst>
      <dst id="1">166.3822</dst>
      <dst id="5">3260.5600</dst>
      <dst id="3">663.9644</dst>
      <dst id="7">851.1289</dst>
      <dst id="2">3700.0267</dst>
      <dst id="6">0.8711</dst>
      <dst id="16">21.7778</dst>
      <dst id="14">194.0711</dst>
      <dst id="11">1042.5956</dst>
      <dst id="9">1720.2311</dst>
      <dst id="17">5090.8000</dst>
      <dst id="21">889.4578</dst>
    </src>
    <src id="7">
      <dst id="12">8097.6889</dst>
      <dst id="13">221.7067</dst>
      <dst id="19">503.6178</dst>
      <dst id="23">226.4089</dst>
      <dst id="8">327.7600</dst>
      <dst id="18">533.1200</dst>
      <dst id="4">21776.0000</dst>
      <dst id="1">5702.4889</dst>
      <dst id="5">1369.9556</dst>
      <dst id="3">534.8622</dst>
      <dst id="22">3004.9422</dst>
      <dst id="7">696.8889</dst>
      <dst id="2">7660.0444</dst>
      <dst id="6">14.4711</dst>
      <dst id="16">592.9156</dst>
      <dst id="14">259.6978</dst>
      <dst id="20">1318.7111</dst>
      <dst id="11">1366.4089</dst>
      <dst id="9">851.3422</dst>
      <dst id="17">18129.4578</dst>
      <dst id="21">5290.4622</dst>
      <dst id="15">457.2000</dst>
    </src>
    <src id="2">
      <dst id="12">148886.6044</dst>
      <dst id="13">508159.7156</dst>
      <dst id="19">166.3378</dst>
      <dst id="23">5.5733</dst>
      <dst id="8">382.3822</dst>
      <dst id="18">58091.4133</dst>
      <dst id="4">55449.7778</dst>
      <dst id="1">10215.5378</dst>
      <dst id="5">1502.4356</dst>
      <dst id="3">28.5156</dst>
      <dst id="22">5533.5556</dst>
      <dst id="7">2395.7244</dst>
      <dst id="2">1059.1022</dst>
      <dst id="6">8240.9956</dst>
      <dst id="16">4455.3956</dst>
      <dst id="14">5300.9867</dst>
      <dst id="20">7309.5289</dst>
      <dst id="11">8187.8489</dst>
      <dst id="9">659.3867</dst>
      <dst id="17">11052.9511</dst>
      <dst id="21">1372.4711</dst>
      <dst id="15">39.5111</dst>
    </src>
    <src id="6">
      <dst id="12">11171.2089</dst>
      <dst id="13">151.6889</dst>
      <dst id="19">1.9022</dst>
      <dst id="23">0.6756</dst>
      <dst id="18">0.3378</dst>
      <dst id="4">923.9467</dst>
      <dst id="1">6.1867</dst>
      <dst id="5">0.8267</dst>
      <dst id="3">0.3556</dst>
      <dst id="22">4.1511</dst>
      <dst id="7">1.5644</dst>
      <dst id="2">2136.2311</dst>
      <dst id="16">12.5333</dst>
      <dst id="14">91.7333</dst>
      <dst id="20">11.4667</dst>
      <dst id="11">0.4622</dst>
      <dst id="9">0.8267</dst>
      <dst id="17">1771.2267</dst>
    </src>
    <src id="16">
      <dst id="12">4314.2756</dst>
      <dst id="13">616.5333</dst>
      <dst id="19">4171.1644</dst>
      <dst id="23">23.1200</dst>
      <dst id="8">3555.9200</dst>
      <dst id="18">2.8444</dst>
      <dst id="4">4260.0978</dst>
      <dst id="1">22368.4800</dst>
      <dst id="5">3518.4978</dst>
      <dst id="3">345.8222</dst>
      <dst id="7">1025.4400</dst>
      <dst id="2">1537.8844</dst>
      <dst id="6">0.8178</dst>
      <dst id="16">54.8978</dst>
      <dst id="14">446.7911</dst>
      <dst id="11">211.6089</dst>
      <dst id="9">8728.3556</dst>
      <dst id="17">1773.3511</dst>
      <dst id="21">2510.9867</dst>
    </src>
    <src id="14">
      <dst id="12">17881.4844</dst>
      <dst id="13">34.6311</dst>
      <dst id="19">20.0978</dst>
      <dst id="23">11.1911</dst>
      <dst id="4">1846.6044</dst>
      <dst id="1">267.4311</dst>
      <dst id="5">59.8667</dst>
      <dst id="3">75.8311</dst>
      <dst id="22">16.9956</dst>
      <dst id="7">54.0089</dst>
      <dst id="2">6153.0844</dst>
      <dst id="6">1.3867</dst>
      <dst id="16">14.6844</dst>
      <dst id="20">25.6000</dst>
      <dst id="11">26.4978</dst>
      <dst id="9">7.3956</dst>
      <dst id="17">5972.8356</dst>
      <dst id="21">47.5022</dst>
      <dst id="15">0.7111</dst>
    </src>
    <src id="20">
      <dst id="12">2983.6800</dst>
      <dst id="13">1006.2667</dst>
      <dst id="19">1244.1689</dst>
      <dst id="23">3.5911</dst>
      <dst id="8">168.9067</dst>
      <dst id="18">1.4844</dst>
      <dst id="4">8297.8844</dst>
      <dst id="1">206.5956</dst>
      <dst id="5">1034.4711</dst>
      <dst id="3">258.9244</dst>
      <dst id="7">209.7244</dst>
      <dst id="2">4182.9244</dst>
      <dst id="14">1573.3333</dst>
      <dst id="11">709.5378</dst>
      <dst id="9">3746.8267</dst>
      <dst id="17">930.2044</dst>
      <dst id="21">634.6756</dst>
    </src>
    <src id="11">
      <dst id="12">375627.0133</dst>
      <dst id="13">2306.0711</dst>
      <dst id="19">75.6089</dst>
      <dst id="23">16.2222</dst>
      <dst id="8">414.8711</dst>
      <dst id="18">281.0667</dst>
      <dst id="4">8262.5511</dst>
      <dst id="1">315.3778</dst>
      <dst id="5">1057.2800</dst>
      <dst id="3">282.7022</dst>
      <dst id="22">1501.9289</dst>
      <dst id="7">465.5911</dst>
      <dst id="2">167975.2267</dst>
      <dst id="6">3.6356</dst>
      <dst id="16">93.5467</dst>
      <dst id="14">51.5467</dst>
      <dst id="20">1105.3244</dst>
      <dst id="11">2191.3511</dst>
      <dst id="9">1632.2311</dst>
      <dst id="17">155650.6933</dst>
      <dst id="21">9826.2311</dst>
      <dst id="15">46.0444</dst>
    </src>
    <src id="9">
      <dst id="12">366995.8400</dst>
      <dst id="13">4881.9733</dst>
      <dst id="19">125.5556</dst>
      <dst id="23">25.4578</dst>
      <dst id="8">3734.6844</dst>
      <dst id="18">245.8756</dst>
      <dst id="4">8346.4889</dst>
      <dst id="1">1353.5733</dst>
      <dst id="5">1915.9556</dst>
      <dst id="3">95.2000</dst>
      <dst id="22">8892.0800</dst>
      <dst id="7">448.6578</dst>
      <dst id="2">134766.4711</dst>
      <dst id="6">3.6444</dst>
      <dst id="16">584.9867</dst>
      <dst id="14">12.6222</dst>
      <dst id="20">1519.4400</dst>
      <dst id="11">2717.9467</dst>
      <dst id="9">201.4044</dst>
      <dst id="17">190197.0133</dst>
      <dst id="21">4622.3378</dst>
      <dst id="15">1278.4800</dst>
    </src>
    <src id="17">
      <dst id="12">16652.7289</dst>
      <dst id="13">1998.9689</dst>
      <dst id="19">367.8400</dst>
      <dst id="23">485.5733</dst>
      <dst id="8">127559.6356</dst>
      <dst id="18">257.7600</dst>
      <dst id="4">41134.0978</dst>
      <dst id="1">611.1022</dst>
      <dst id="5">210171.7511</dst>
      <dst id="3">8293.7422</dst>
      <dst id="22">6902.5867</dst>
      <dst id="7">1237.4222</dst>
      <dst id="2">21530.1422</dst>
      <dst id="6">35.6178</dst>
      <dst id="16">6183.6178</dst>
      <dst id="14">22396.6311</dst>
      <dst id="20">875.9289</dst>
      <dst id="11">114202.1689</dst>
      <dst id="9">209411.7333</dst>
      <dst id="17">2069.2889</dst>
      <dst id="21">13311.3333</dst>
      <dst id="15">52.6044</dst>
    </src>
    <src id="21">
      <dst id="12">22782.2311</dst>
      <dst id="13">345.2089</dst>
      <dst id="19">503.4667</dst>
      <dst id="23">23.8933</dst>
      <dst id="8">115.4756</dst>
      <dst id="18">1221.8133</dst>
      <dst id="4">15246.3289</dst>
      <dst id="1">991.9822</dst>
      <dst id="5">1429.5822</dst>
      <dst id="3">711.3156</dst>
      <dst id="22">1498.5511</dst>
      <dst id="7">4694.5067</dst>
      <dst id="2">12714.6667</dst>
      <dst id="6">5.5733</dst>
      <dst id="16">385.6089</dst>
      <dst id="14">83.0044</dst>
      <dst id="20">422.9778</dst>
      <dst id="11">359.5200</dst>
      <dst id="9">628.1511</dst>
      <dst id="17">5626.9511</dst>
      <dst id="21">625.6978</dst>
      <dst id="15">10.9156</dst>
    </src>
    <src id="15">
      <dst id="12">504.8800</dst>
      <dst id="13">391.8578</dst>
      <dst id="19">4.1956</dst>
      <dst id="8">7.7156</dst>
      <dst id="18">334.8978</dst>
      <dst id="4">2590.6578</dst>
      <dst id="1">519.4044</dst>
      <dst id="5">41.6533</dst>
      <dst id="3">29.1022</dst>
      <dst id="7">72.3556</dst>
      <dst id="2">112.4178</dst>
      <dst id="14">50.4533</dst>
      <dst id="11">37.0489</dst>
      <dst id="9">460.6756</dst>
      <dst id="17">795.2267</dst>
      <dst id="21">101.5911</dst>
    </src>
  </IntraTM>
</TrafficMatrixFile>
