<?xml version="1.0" encoding="UTF-8" standalone="yes"?>
<TrafficMatrixFile xmlns:xsi="http://www.w3.org/2001/XMLSchema-instance" xsi:noNamespaceSchemaLocation="http://totem.run.montefiore.ulg.ac.be/Schema/TrafficMatrix-v1_2.xsd">
  <info>
    <title>Intradomain traffic matrix generated by geant-TM-all.pl</title>
    <date>2005-01-03T23:45:00</date>
    <duration>900</duration>
    <author>Steve Uhlig</author>
    <units>
        <unit type="bandwidth" value="kbps"/>
    </units>
  </info>
  <IntraTM ASID="20965">
    <src id="12">
      <dst id="12">257660.2222</dst>
      <dst id="13">43308.0978</dst>
      <dst id="19">1170.4800</dst>
      <dst id="23">104.7111</dst>
      <dst id="8">2255.6178</dst>
      <dst id="18">2022.5156</dst>
      <dst id="4">58920.4444</dst>
      <dst id="1">7523.0044</dst>
      <dst id="5">5127.9022</dst>
      <dst id="3">3828.5867</dst>
      <dst id="22">9124.3289</dst>
      <dst id="7">1500.4178</dst>
      <dst id="2">94724.3556</dst>
      <dst id="6">7.1911</dst>
      <dst id="16">4840.7467</dst>
      <dst id="14">1310.7467</dst>
      <dst id="20">3807.2000</dst>
      <dst id="11">6096.9244</dst>
      <dst id="9">4215.0489</dst>
      <dst id="17">85698.7911</dst>
      <dst id="21">5883.6356</dst>
      <dst id="15">9466.9600</dst>
    </src>
    <src id="13">
      <dst id="12">71182.0889</dst>
      <dst id="19">6558.3378</dst>
      <dst id="23">8043.0756</dst>
      <dst id="8">3326.7733</dst>
      <dst id="18">6335.9822</dst>
      <dst id="1">5940.3644</dst>
      <dst id="5">10626.1956</dst>
      <dst id="3">11260.2667</dst>
      <dst id="22">22260.5956</dst>
      <dst id="7">18163.9911</dst>
      <dst id="2">120159.2444</dst>
      <dst id="6">181.6089</dst>
      <dst id="16">9460.5511</dst>
      <dst id="14">1907.4222</dst>
      <dst id="20">14049.3956</dst>
      <dst id="11">24215.6178</dst>
      <dst id="9">17704.1956</dst>
      <dst id="17">168847.8400</dst>
      <dst id="21">13308.6400</dst>
      <dst id="15">2067.0933</dst>
    </src>
    <src id="19">
      <dst id="12">14034.4000</dst>
      <dst id="13">276.8800</dst>
      <dst id="23">14.5422</dst>
      <dst id="8">24.4622</dst>
      <dst id="18">3355.5289</dst>
      <dst id="4">16408.4622</dst>
      <dst id="1">1844.7822</dst>
      <dst id="5">29.2178</dst>
      <dst id="3">27.9467</dst>
      <dst id="22">24.4800</dst>
      <dst id="7">4012.8800</dst>
      <dst id="2">764.5778</dst>
      <dst id="6">27.3511</dst>
      <dst id="16">7795.5911</dst>
      <dst id="14">18.3556</dst>
      <dst id="20">115.4578</dst>
      <dst id="11">135.5111</dst>
      <dst id="9">203.3689</dst>
      <dst id="17">389.7956</dst>
      <dst id="21">947.4844</dst>
      <dst id="15">1.9556</dst>
    </src>
    <src id="23">
      <dst id="12">443.4133</dst>
      <dst id="13">199.2711</dst>
      <dst id="19">14.6133</dst>
      <dst id="8">70.2933</dst>
      <dst id="18">3.6889</dst>
      <dst id="4">28.5956</dst>
      <dst id="1">61.7156</dst>
      <dst id="5">13.6889</dst>
      <dst id="3">313.3689</dst>
      <dst id="22">260.5156</dst>
      <dst id="7">80.4622</dst>
      <dst id="2">96.4000</dst>
      <dst id="16">1683.4222</dst>
      <dst id="20">14.4089</dst>
      <dst id="11">120.8178</dst>
      <dst id="9">539.0578</dst>
      <dst id="17">141.6267</dst>
      <dst id="21">267.8044</dst>
      <dst id="15">173.6889</dst>
    </src>
    <src id="8">
      <dst id="12">332737.4489</dst>
      <dst id="13">599.0489</dst>
      <dst id="19">0.4622</dst>
      <dst id="23">1.4222</dst>
      <dst id="18">21.4222</dst>
      <dst id="4">1819.5911</dst>
      <dst id="1">237.9022</dst>
      <dst id="5">1437.3956</dst>
      <dst id="3">42.0267</dst>
      <dst id="22">4665.0578</dst>
      <dst id="7">304.0356</dst>
      <dst id="2">127846.2489</dst>
      <dst id="6">1.3600</dst>
      <dst id="16">566.6756</dst>
      <dst id="20">109.0844</dst>
      <dst id="11">1745.1022</dst>
      <dst id="9">2744.0533</dst>
      <dst id="17">126207.4133</dst>
      <dst id="21">84.2044</dst>
      <dst id="15">264.8622</dst>
    </src>
    <src id="18">
      <dst id="12">94566.3111</dst>
      <dst id="13">76.9600</dst>
      <dst id="19">38.7911</dst>
      <dst id="23">0.9689</dst>
      <dst id="8">52.7378</dst>
      <dst id="4">1573.8133</dst>
      <dst id="1">683.6444</dst>
      <dst id="5">464.8711</dst>
      <dst id="3">95.9733</dst>
      <dst id="22">252.4000</dst>
      <dst id="7">58.1067</dst>
      <dst id="2">32059.1733</dst>
      <dst id="16">124.6489</dst>
      <dst id="20">66.9333</dst>
      <dst id="11">105.9111</dst>
      <dst id="9">234.8889</dst>
      <dst id="17">36038.9156</dst>
      <dst id="21">1079.9911</dst>
      <dst id="15">13.3333</dst>
    </src>
    <src id="4">
      <dst id="12">23452.0356</dst>
      <dst id="19">15012.3467</dst>
      <dst id="8">1170.2933</dst>
      <dst id="18">576.2667</dst>
      <dst id="1">40605.2178</dst>
      <dst id="5">2419.2267</dst>
      <dst id="3">1445.5378</dst>
      <dst id="22">5900.6311</dst>
      <dst id="7">133518.0711</dst>
      <dst id="2">42705.2089</dst>
      <dst id="6">652.4800</dst>
      <dst id="16">2773.6000</dst>
      <dst id="14">1116.6489</dst>
      <dst id="20">1402.6222</dst>
      <dst id="11">7040.8000</dst>
      <dst id="9">2208.5333</dst>
      <dst id="17">112254.9511</dst>
      <dst id="21">3912.5956</dst>
      <dst id="15">949.7956</dst>
    </src>
    <src id="1">
      <dst id="12">10154.1778</dst>
      <dst id="13">506.4889</dst>
      <dst id="19">71.5911</dst>
      <dst id="23">82.8978</dst>
      <dst id="8">119827.1822</dst>
      <dst id="18">13733.5911</dst>
      <dst id="4">3378.3733</dst>
      <dst id="1">9105.5111</dst>
      <dst id="5">244442.9244</dst>
      <dst id="3">95.3511</dst>
      <dst id="22">6547.2533</dst>
      <dst id="7">1702.1067</dst>
      <dst id="2">3569.8400</dst>
      <dst id="6">9777.9200</dst>
      <dst id="16">12018.0444</dst>
      <dst id="14">77.9111</dst>
      <dst id="20">115.4667</dst>
      <dst id="11">931.5822</dst>
      <dst id="9">217625.0133</dst>
      <dst id="17">2204.4000</dst>
      <dst id="21">4268.7022</dst>
      <dst id="15">272.3467</dst>
    </src>
    <src id="5">
      <dst id="12">322428.7556</dst>
      <dst id="13">19660.2400</dst>
      <dst id="19">28.3289</dst>
      <dst id="23">1.5378</dst>
      <dst id="8">889.6622</dst>
      <dst id="18">172.9867</dst>
      <dst id="4">8048.7111</dst>
      <dst id="1">8553.9111</dst>
      <dst id="3">27.4400</dst>
      <dst id="22">11467.2089</dst>
      <dst id="7">257.7867</dst>
      <dst id="2">127626.8356</dst>
      <dst id="6">40.2756</dst>
      <dst id="16">796.8978</dst>
      <dst id="14">25.4844</dst>
      <dst id="20">12125.0222</dst>
      <dst id="11">2200.6756</dst>
      <dst id="9">5075.6178</dst>
      <dst id="17">116971.2711</dst>
      <dst id="21">304.8000</dst>
      <dst id="15">258.8444</dst>
    </src>
    <src id="3">
      <dst id="12">12286.5689</dst>
      <dst id="13">1116.7733</dst>
      <dst id="19">1251.7778</dst>
      <dst id="23">11700.5689</dst>
      <dst id="8">218.7556</dst>
      <dst id="18">68224.5689</dst>
      <dst id="4">30950.2667</dst>
      <dst id="1">5210.4089</dst>
      <dst id="5">501.9911</dst>
      <dst id="3">16438.2133</dst>
      <dst id="22">515.7422</dst>
      <dst id="7">1904.2578</dst>
      <dst id="2">6900.3111</dst>
      <dst id="6">0.4444</dst>
      <dst id="16">1896.6400</dst>
      <dst id="14">30221.3333</dst>
      <dst id="20">125.7156</dst>
      <dst id="11">155407.4578</dst>
      <dst id="9">235.4756</dst>
      <dst id="17">5613.4667</dst>
      <dst id="21">16209.0667</dst>
      <dst id="15">83.8044</dst>
    </src>
    <src id="10">
      <dst id="12">16141.1911</dst>
      <dst id="19">1108.0267</dst>
      <dst id="8">460.7022</dst>
      <dst id="18">3330.6578</dst>
      <dst id="1">2889.6711</dst>
      <dst id="5">903.5378</dst>
      <dst id="3">2492.8622</dst>
      <dst id="22">13133.7511</dst>
      <dst id="7">8791.5111</dst>
      <dst id="2">26779.8933</dst>
      <dst id="6">33.7067</dst>
      <dst id="16">2241.2000</dst>
      <dst id="14">994.9067</dst>
      <dst id="20">3356.2489</dst>
      <dst id="11">9464.3022</dst>
      <dst id="9">1729.1733</dst>
      <dst id="17">15144.7111</dst>
      <dst id="21">5305.6444</dst>
      <dst id="15">316.5600</dst>
    </src>
    <src id="22">
      <dst id="12">9130.3200</dst>
      <dst id="13">4980.7378</dst>
      <dst id="19">160.2400</dst>
      <dst id="23">1122.6044</dst>
      <dst id="8">922.2400</dst>
      <dst id="18">127.3156</dst>
      <dst id="4">14343.4044</dst>
      <dst id="1">537.5733</dst>
      <dst id="5">5133.0844</dst>
      <dst id="3">1162.8622</dst>
      <dst id="7">707.7867</dst>
      <dst id="2">3308.6667</dst>
      <dst id="6">1.6000</dst>
      <dst id="14">183.0311</dst>
      <dst id="11">3896.9778</dst>
      <dst id="9">7253.9200</dst>
      <dst id="17">6114.5600</dst>
      <dst id="21">987.3956</dst>
    </src>
    <src id="7">
      <dst id="12">7871.0222</dst>
      <dst id="13">338.7644</dst>
      <dst id="19">193.5378</dst>
      <dst id="23">291.8578</dst>
      <dst id="8">261.8578</dst>
      <dst id="18">70.4444</dst>
      <dst id="4">15665.0578</dst>
      <dst id="1">4387.6089</dst>
      <dst id="5">1378.5778</dst>
      <dst id="3">687.5911</dst>
      <dst id="22">2384.9244</dst>
      <dst id="7">732.4089</dst>
      <dst id="2">9015.2089</dst>
      <dst id="6">13.1556</dst>
      <dst id="16">1102.8622</dst>
      <dst id="14">49.0222</dst>
      <dst id="20">1163.8756</dst>
      <dst id="11">1745.9822</dst>
      <dst id="9">1990.3111</dst>
      <dst id="17">7921.7333</dst>
      <dst id="21">4184.1244</dst>
      <dst id="15">851.7067</dst>
    </src>
    <src id="2">
      <dst id="12">119616.2933</dst>
      <dst id="13">510672.5778</dst>
      <dst id="19">1730.5422</dst>
      <dst id="23">2.6667</dst>
      <dst id="8">451.5644</dst>
      <dst id="18">50558.0178</dst>
      <dst id="4">62768.7022</dst>
      <dst id="1">6124.7022</dst>
      <dst id="5">2635.8489</dst>
      <dst id="3">56.7022</dst>
      <dst id="22">2192.8178</dst>
      <dst id="7">4326.0622</dst>
      <dst id="2">915.4933</dst>
      <dst id="6">9567.9467</dst>
      <dst id="16">2285.7600</dst>
      <dst id="14">6140.1689</dst>
      <dst id="20">346.9600</dst>
      <dst id="11">9345.3778</dst>
      <dst id="9">873.7156</dst>
      <dst id="17">15524.5422</dst>
      <dst id="21">4193.8311</dst>
      <dst id="15">78.6311</dst>
    </src>
    <src id="6">
      <dst id="12">12836.7911</dst>
      <dst id="13">1.7511</dst>
      <dst id="19">5.9200</dst>
      <dst id="4">1035.1378</dst>
      <dst id="1">1.0667</dst>
      <dst id="5">14.6844</dst>
      <dst id="22">25.9378</dst>
      <dst id="7">0.3378</dst>
      <dst id="2">3004.5156</dst>
      <dst id="16">2.5867</dst>
      <dst id="20">60.1156</dst>
      <dst id="11">0.8889</dst>
      <dst id="9">3.6000</dst>
      <dst id="17">1811.9822</dst>
      <dst id="21">14.6044</dst>
      <dst id="15">0.6844</dst>
    </src>
    <src id="16">
      <dst id="12">2425.1911</dst>
      <dst id="13">1119.7422</dst>
      <dst id="19">4778.2311</dst>
      <dst id="23">36.7644</dst>
      <dst id="8">3784.2133</dst>
      <dst id="18">49.5378</dst>
      <dst id="4">3195.9733</dst>
      <dst id="1">23225.9733</dst>
      <dst id="5">3926.6578</dst>
      <dst id="3">84.8711</dst>
      <dst id="7">205.9644</dst>
      <dst id="2">439.6267</dst>
      <dst id="16">54.2756</dst>
      <dst id="14">529.6000</dst>
      <dst id="11">703.2533</dst>
      <dst id="9">4653.7156</dst>
      <dst id="17">3158.8089</dst>
      <dst id="21">1700.1600</dst>
    </src>
    <src id="14">
      <dst id="12">14779.2356</dst>
      <dst id="13">399.5378</dst>
      <dst id="19">11.6178</dst>
      <dst id="23">0.6133</dst>
      <dst id="4">1312.0089</dst>
      <dst id="1">325.4400</dst>
      <dst id="5">17.9733</dst>
      <dst id="3">63.6800</dst>
      <dst id="22">75.7511</dst>
      <dst id="7">63.2356</dst>
      <dst id="2">4923.6622</dst>
      <dst id="16">72.3289</dst>
      <dst id="20">2.9511</dst>
      <dst id="11">172.7467</dst>
      <dst id="9">54.7822</dst>
      <dst id="17">5705.8933</dst>
      <dst id="21">81.4756</dst>
      <dst id="15">0.6489</dst>
    </src>
    <src id="20">
      <dst id="12">5819.8756</dst>
      <dst id="13">18021.8578</dst>
      <dst id="19">475.4667</dst>
      <dst id="23">41.6533</dst>
      <dst id="8">315.4400</dst>
      <dst id="18">70.8533</dst>
      <dst id="4">5594.1778</dst>
      <dst id="1">194.9600</dst>
      <dst id="5">7732.9689</dst>
      <dst id="3">4316.3111</dst>
      <dst id="7">1296.5067</dst>
      <dst id="2">945.2444</dst>
      <dst id="6">3.3778</dst>
      <dst id="14">13.6356</dst>
      <dst id="11">581.5200</dst>
      <dst id="9">10253.3422</dst>
      <dst id="17">7456.8800</dst>
      <dst id="21">168.4267</dst>
    </src>
    <src id="11">
      <dst id="12">390904.2844</dst>
      <dst id="13">4666.2756</dst>
      <dst id="19">39.1022</dst>
      <dst id="23">71.1556</dst>
      <dst id="8">920.2578</dst>
      <dst id="18">3325.5822</dst>
      <dst id="4">11363.5733</dst>
      <dst id="1">577.6711</dst>
      <dst id="5">2943.3067</dst>
      <dst id="3">285.3067</dst>
      <dst id="22">2629.1467</dst>
      <dst id="7">643.3600</dst>
      <dst id="2">151807.4133</dst>
      <dst id="6">14.0267</dst>
      <dst id="16">123.4933</dst>
      <dst id="14">35.8578</dst>
      <dst id="20">303.0578</dst>
      <dst id="11">3849.0667</dst>
      <dst id="9">2020.5244</dst>
      <dst id="17">158495.4044</dst>
      <dst id="21">635.5467</dst>
      <dst id="15">521.8044</dst>
    </src>
    <src id="9">
      <dst id="12">411323.9289</dst>
      <dst id="13">25418.4267</dst>
      <dst id="19">242.1956</dst>
      <dst id="23">12.3556</dst>
      <dst id="8">707.7422</dst>
      <dst id="18">130.6044</dst>
      <dst id="4">13578.1956</dst>
      <dst id="1">3336.1600</dst>
      <dst id="5">13407.7600</dst>
      <dst id="3">27.9111</dst>
      <dst id="22">2708.5689</dst>
      <dst id="7">262.2578</dst>
      <dst id="2">154926.4800</dst>
      <dst id="6">13.6711</dst>
      <dst id="16">1484.3733</dst>
      <dst id="14">2.4533</dst>
      <dst id="20">6310.1511</dst>
      <dst id="11">2420.9067</dst>
      <dst id="9">439.5200</dst>
      <dst id="17">197697.2356</dst>
      <dst id="21">2974.6756</dst>
      <dst id="15">2931.0667</dst>
    </src>
    <src id="17">
      <dst id="12">12561.9022</dst>
      <dst id="13">5250.7556</dst>
      <dst id="19">473.1822</dst>
      <dst id="23">331.6356</dst>
      <dst id="8">116976.7822</dst>
      <dst id="18">66.7378</dst>
      <dst id="4">35565.7244</dst>
      <dst id="1">973.1644</dst>
      <dst id="5">214705.3244</dst>
      <dst id="3">10944.5067</dst>
      <dst id="22">6351.3333</dst>
      <dst id="7">1444.4889</dst>
      <dst id="2">19171.7778</dst>
      <dst id="6">7.0311</dst>
      <dst id="16">6203.7511</dst>
      <dst id="14">25038.7733</dst>
      <dst id="20">4927.7689</dst>
      <dst id="11">131476.9956</dst>
      <dst id="9">190122.5600</dst>
      <dst id="17">1646.3289</dst>
      <dst id="21">13239.7956</dst>
      <dst id="15">379.4933</dst>
    </src>
    <src id="21">
      <dst id="12">21359.3511</dst>
      <dst id="13">1456.2400</dst>
      <dst id="19">712.6844</dst>
      <dst id="23">64.1600</dst>
      <dst id="8">113.1644</dst>
      <dst id="18">394.6667</dst>
      <dst id="4">16214.3911</dst>
      <dst id="1">1499.5822</dst>
      <dst id="5">720.3733</dst>
      <dst id="3">1229.4400</dst>
      <dst id="22">3518.6489</dst>
      <dst id="7">717.1289</dst>
      <dst id="2">11773.0400</dst>
      <dst id="6">14.4089</dst>
      <dst id="16">166.7200</dst>
      <dst id="14">57.2978</dst>
      <dst id="20">69.1822</dst>
      <dst id="11">626.4089</dst>
      <dst id="9">681.9556</dst>
      <dst id="17">6735.3244</dst>
      <dst id="21">1067.8311</dst>
      <dst id="15">23.4400</dst>
    </src>
    <src id="15">
      <dst id="12">4644.3378</dst>
      <dst id="13">1699.7333</dst>
      <dst id="19">0.6756</dst>
      <dst id="23">0.4622</dst>
      <dst id="8">39.1467</dst>
      <dst id="18">0.4178</dst>
      <dst id="4">2072.8356</dst>
      <dst id="1">828.0000</dst>
      <dst id="5">90.8533</dst>
      <dst id="3">6.9067</dst>
      <dst id="7">35.2000</dst>
      <dst id="2">397.3156</dst>
      <dst id="6">2.2933</dst>
      <dst id="16">0.5511</dst>
      <dst id="11">456.4000</dst>
      <dst id="9">504.3644</dst>
      <dst id="17">11511.3422</dst>
      <dst id="21">161.5200</dst>
    </src>
  </IntraTM>
</TrafficMatrixFile>
