<?xml version="1.0" encoding="UTF-8" standalone="yes"?>
<TrafficMatrixFile xmlns:xsi="http://www.w3.org/2001/XMLSchema-instance" xsi:noNamespaceSchemaLocation="http://totem.run.montefiore.ulg.ac.be/Schema/TrafficMatrix-v1_2.xsd">
  <info>
    <title>Intradomain traffic matrix generated by geant-TM-all.pl</title>
    <date>2005-01-03T00:30:00</date>
    <duration>900</duration>
    <author>Steve Uhlig</author>
    <units>
        <unit type="bandwidth" value="kbps"/>
    </units>
  </info>
  <IntraTM ASID="20965">
    <src id="12">
      <dst id="12">263891.5733</dst>
      <dst id="13">38555.5911</dst>
      <dst id="19">3989.5289</dst>
      <dst id="23">784.7822</dst>
      <dst id="8">14710.3022</dst>
      <dst id="18">6775.6800</dst>
      <dst id="4">105916.9067</dst>
      <dst id="1">8921.3422</dst>
      <dst id="5">16163.2000</dst>
      <dst id="3">14271.6089</dst>
      <dst id="22">13907.3244</dst>
      <dst id="7">9829.3244</dst>
      <dst id="2">98068.5511</dst>
      <dst id="6">36.3822</dst>
      <dst id="16">5809.3511</dst>
      <dst id="14">144.4622</dst>
      <dst id="20">5736.8800</dst>
      <dst id="11">6618.9778</dst>
      <dst id="9">13438.2578</dst>
      <dst id="17">85991.9289</dst>
      <dst id="21">26519.2444</dst>
      <dst id="15">4895.0044</dst>
    </src>
    <src id="13">
      <dst id="12">73705.6356</dst>
      <dst id="19">31043.9022</dst>
      <dst id="23">4195.1111</dst>
      <dst id="8">3827.9822</dst>
      <dst id="18">15205.7956</dst>
      <dst id="1">10246.5778</dst>
      <dst id="5">5692.5511</dst>
      <dst id="3">22728.0800</dst>
      <dst id="22">39258.0800</dst>
      <dst id="7">25349.6444</dst>
      <dst id="2">153783.1556</dst>
      <dst id="6">80.3467</dst>
      <dst id="16">15719.8844</dst>
      <dst id="14">4659.2800</dst>
      <dst id="20">19420.6844</dst>
      <dst id="11">23314.7022</dst>
      <dst id="9">14200.6933</dst>
      <dst id="17">71945.0578</dst>
      <dst id="21">42250.6222</dst>
      <dst id="15">10188.1778</dst>
    </src>
    <src id="19">
      <dst id="12">22658.4533</dst>
      <dst id="13">547.2711</dst>
      <dst id="23">407.1111</dst>
      <dst id="8">0.9600</dst>
      <dst id="18">273.9022</dst>
      <dst id="4">23572.6844</dst>
      <dst id="1">7408.0178</dst>
      <dst id="5">34.5867</dst>
      <dst id="3">41.1733</dst>
      <dst id="22">55.6267</dst>
      <dst id="7">6676.7022</dst>
      <dst id="2">1134.7289</dst>
      <dst id="6">154.1600</dst>
      <dst id="16">6728.4800</dst>
      <dst id="20">363.7689</dst>
      <dst id="11">259.7600</dst>
      <dst id="9">349.8311</dst>
      <dst id="17">19728.3378</dst>
      <dst id="21">18449.9733</dst>
      <dst id="15">161.3689</dst>
    </src>
    <src id="23">
      <dst id="12">1036.6133</dst>
      <dst id="13">287.7867</dst>
      <dst id="19">181.5467</dst>
      <dst id="8">3.7067</dst>
      <dst id="18">155.7511</dst>
      <dst id="4">102.6844</dst>
      <dst id="1">654.7644</dst>
      <dst id="5">422.8800</dst>
      <dst id="3">4058.3733</dst>
      <dst id="22">471.5556</dst>
      <dst id="7">1317.0933</dst>
      <dst id="2">266.0444</dst>
      <dst id="6">4.3911</dst>
      <dst id="16">1017.2000</dst>
      <dst id="14">3.6800</dst>
      <dst id="20">153.6711</dst>
      <dst id="11">1047.3156</dst>
      <dst id="9">1963.8489</dst>
      <dst id="17">656.3822</dst>
      <dst id="21">430.9156</dst>
      <dst id="15">40.8178</dst>
    </src>
    <src id="8">
      <dst id="12">404735.1378</dst>
      <dst id="13">1853.3956</dst>
      <dst id="19">0.9333</dst>
      <dst id="23">1.4222</dst>
      <dst id="18">426.4089</dst>
      <dst id="4">7773.0222</dst>
      <dst id="1">1416.5511</dst>
      <dst id="5">1778.6933</dst>
      <dst id="3">6.9244</dst>
      <dst id="22">4113.0222</dst>
      <dst id="7">75.2000</dst>
      <dst id="2">159791.6356</dst>
      <dst id="6">1.3244</dst>
      <dst id="16">579.3778</dst>
      <dst id="14">214.6311</dst>
      <dst id="20">3020.5511</dst>
      <dst id="11">453.0667</dst>
      <dst id="9">1187.8489</dst>
      <dst id="17">135947.9022</dst>
      <dst id="21">693.5911</dst>
      <dst id="15">39.1556</dst>
    </src>
    <src id="18">
      <dst id="12">142723.7333</dst>
      <dst id="13">3580.8533</dst>
      <dst id="19">22.3111</dst>
      <dst id="23">13.4222</dst>
      <dst id="8">3204.2844</dst>
      <dst id="4">2276.0000</dst>
      <dst id="1">1215.3067</dst>
      <dst id="5">168.8978</dst>
      <dst id="3">100.5867</dst>
      <dst id="22">461.3689</dst>
      <dst id="7">455.8756</dst>
      <dst id="2">55877.6622</dst>
      <dst id="16">33.6978</dst>
      <dst id="14">2.7733</dst>
      <dst id="20">58.8978</dst>
      <dst id="11">892.9422</dst>
      <dst id="9">264.4444</dst>
      <dst id="17">45250.1244</dst>
      <dst id="21">1028.1689</dst>
      <dst id="15">335.3067</dst>
    </src>
    <src id="4">
      <dst id="12">54807.0222</dst>
      <dst id="19">7367.9111</dst>
      <dst id="8">1348.8533</dst>
      <dst id="18">1318.4000</dst>
      <dst id="4">2.7022</dst>
      <dst id="1">142083.6444</dst>
      <dst id="5">1514.0000</dst>
      <dst id="3">2333.4667</dst>
      <dst id="22">8429.5022</dst>
      <dst id="7">128079.6711</dst>
      <dst id="2">109220.1156</dst>
      <dst id="6">108.0978</dst>
      <dst id="16">2858.2133</dst>
      <dst id="14">1529.0933</dst>
      <dst id="20">2693.9378</dst>
      <dst id="11">9822.3378</dst>
      <dst id="9">4007.1022</dst>
      <dst id="17">77568.8978</dst>
      <dst id="21">12304.7644</dst>
      <dst id="15">401.0222</dst>
    </src>
    <src id="1">
      <dst id="12">19899.7422</dst>
      <dst id="13">454.5067</dst>
      <dst id="19">1518.2133</dst>
      <dst id="23">109.1200</dst>
      <dst id="8">185152.5333</dst>
      <dst id="18">16085.2089</dst>
      <dst id="4">25312.8089</dst>
      <dst id="1">32597.8044</dst>
      <dst id="5">264994.8800</dst>
      <dst id="3">2123.7867</dst>
      <dst id="22">6141.0578</dst>
      <dst id="7">5294.0267</dst>
      <dst id="2">59327.0756</dst>
      <dst id="6">12877.2711</dst>
      <dst id="16">13948.9956</dst>
      <dst id="14">179.0844</dst>
      <dst id="20">342.9422</dst>
      <dst id="11">755.3156</dst>
      <dst id="9">287654.5333</dst>
      <dst id="17">5168.0444</dst>
      <dst id="21">9899.9556</dst>
      <dst id="15">145.6000</dst>
    </src>
    <src id="5">
      <dst id="12">291018.2578</dst>
      <dst id="13">5498.2311</dst>
      <dst id="19">136.8089</dst>
      <dst id="23">30.4889</dst>
      <dst id="8">8718.0000</dst>
      <dst id="18">440.9333</dst>
      <dst id="4">9023.9644</dst>
      <dst id="1">612.2933</dst>
      <dst id="3">195.3600</dst>
      <dst id="22">9173.7778</dst>
      <dst id="7">375.3956</dst>
      <dst id="2">124051.3422</dst>
      <dst id="6">0.4711</dst>
      <dst id="16">985.0044</dst>
      <dst id="14">2.3733</dst>
      <dst id="20">3819.5733</dst>
      <dst id="11">1941.4133</dst>
      <dst id="9">1777.0933</dst>
      <dst id="17">105930.7467</dst>
      <dst id="21">545.2444</dst>
      <dst id="15">429.1111</dst>
    </src>
    <src id="3">
      <dst id="12">13310.5956</dst>
      <dst id="13">844.1333</dst>
      <dst id="19">3704.4444</dst>
      <dst id="23">483.5111</dst>
      <dst id="8">2210.8889</dst>
      <dst id="18">244439.4667</dst>
      <dst id="4">60518.2222</dst>
      <dst id="1">9151.8489</dst>
      <dst id="5">552.6311</dst>
      <dst id="3">21693.5733</dst>
      <dst id="22">1812.7644</dst>
      <dst id="7">4549.2889</dst>
      <dst id="2">5750.1867</dst>
      <dst id="6">2.4356</dst>
      <dst id="16">5274.0978</dst>
      <dst id="14">42688.3644</dst>
      <dst id="20">842.3556</dst>
      <dst id="11">229056.3200</dst>
      <dst id="9">2121.6089</dst>
      <dst id="17">27501.2000</dst>
      <dst id="21">8192.3200</dst>
      <dst id="15">778.2933</dst>
    </src>
    <src id="10">
      <dst id="12">20087.3600</dst>
      <dst id="19">1574.4978</dst>
      <dst id="8">2841.5111</dst>
      <dst id="18">4380.3022</dst>
      <dst id="1">12250.4622</dst>
      <dst id="5">986.4267</dst>
      <dst id="3">24148.8444</dst>
      <dst id="22">8882.7200</dst>
      <dst id="7">12881.2711</dst>
      <dst id="2">47043.0222</dst>
      <dst id="6">40.7911</dst>
      <dst id="16">4224.1244</dst>
      <dst id="14">4090.6311</dst>
      <dst id="20">6393.3778</dst>
      <dst id="11">12738.0889</dst>
      <dst id="9">3162.4444</dst>
      <dst id="17">15799.8844</dst>
      <dst id="21">16041.0933</dst>
      <dst id="15">2946.5600</dst>
    </src>
    <src id="22">
      <dst id="12">10396.2489</dst>
      <dst id="13">3853.2356</dst>
      <dst id="19">187.2889</dst>
      <dst id="23">157.4400</dst>
      <dst id="8">1161.1556</dst>
      <dst id="18">2715.6622</dst>
      <dst id="4">19399.8667</dst>
      <dst id="1">4543.4222</dst>
      <dst id="5">7230.8533</dst>
      <dst id="3">2422.9067</dst>
      <dst id="7">712.9511</dst>
      <dst id="2">7230.6311</dst>
      <dst id="6">15.8844</dst>
      <dst id="16">1.6533</dst>
      <dst id="14">45.4044</dst>
      <dst id="11">5853.0222</dst>
      <dst id="9">4096.7200</dst>
      <dst id="17">13409.2533</dst>
      <dst id="21">2065.8133</dst>
    </src>
    <src id="7">
      <dst id="12">6164.2933</dst>
      <dst id="13">663.0400</dst>
      <dst id="19">1651.6889</dst>
      <dst id="23">486.3022</dst>
      <dst id="8">856.0800</dst>
      <dst id="18">4867.5644</dst>
      <dst id="4">36588.6222</dst>
      <dst id="1">14220.7911</dst>
      <dst id="5">1776.0711</dst>
      <dst id="3">1116.0711</dst>
      <dst id="22">3262.0533</dst>
      <dst id="7">764.9422</dst>
      <dst id="2">13292.5156</dst>
      <dst id="6">223.5911</dst>
      <dst id="16">1278.6844</dst>
      <dst id="14">79.9111</dst>
      <dst id="20">1844.8089</dst>
      <dst id="11">4205.0489</dst>
      <dst id="9">2105.7067</dst>
      <dst id="17">20624.6044</dst>
      <dst id="21">12117.0222</dst>
      <dst id="15">432.4089</dst>
    </src>
    <src id="2">
      <dst id="12">128545.8400</dst>
      <dst id="13">346448.2133</dst>
      <dst id="19">3983.5378</dst>
      <dst id="23">223.2800</dst>
      <dst id="8">1680.8533</dst>
      <dst id="18">183504.5600</dst>
      <dst id="4">150910.7378</dst>
      <dst id="1">11607.8222</dst>
      <dst id="5">3574.3467</dst>
      <dst id="3">532.4800</dst>
      <dst id="22">4858.5511</dst>
      <dst id="7">5699.0933</dst>
      <dst id="2">1032.3378</dst>
      <dst id="6">11615.8756</dst>
      <dst id="16">4724.9600</dst>
      <dst id="14">5742.4178</dst>
      <dst id="20">2886.4978</dst>
      <dst id="11">5591.8667</dst>
      <dst id="9">1918.4000</dst>
      <dst id="17">47615.7778</dst>
      <dst id="21">15966.7022</dst>
      <dst id="15">500.4889</dst>
    </src>
    <src id="6">
      <dst id="12">12199.4311</dst>
      <dst id="13">55.9378</dst>
      <dst id="19">45.8222</dst>
      <dst id="23">0.3556</dst>
      <dst id="8">12.5956</dst>
      <dst id="18">41.7067</dst>
      <dst id="4">126.4356</dst>
      <dst id="1">64.9244</dst>
      <dst id="5">1.3511</dst>
      <dst id="3">22.0711</dst>
      <dst id="22">13.9556</dst>
      <dst id="7">599.2444</dst>
      <dst id="2">2938.8089</dst>
      <dst id="16">0.7733</dst>
      <dst id="20">2.8800</dst>
      <dst id="11">52.3289</dst>
      <dst id="9">16.6844</dst>
      <dst id="17">2933.5467</dst>
      <dst id="21">39.8311</dst>
      <dst id="15">6.0800</dst>
    </src>
    <src id="16">
      <dst id="12">6269.6178</dst>
      <dst id="13">781.3778</dst>
      <dst id="19">3253.8578</dst>
      <dst id="23">44.8533</dst>
      <dst id="8">5499.8667</dst>
      <dst id="18">93.0311</dst>
      <dst id="4">10123.9733</dst>
      <dst id="1">20647.0844</dst>
      <dst id="5">5331.0311</dst>
      <dst id="3">178.2756</dst>
      <dst id="7">5952.2400</dst>
      <dst id="2">2026.1422</dst>
      <dst id="6">14.3822</dst>
      <dst id="16">61.2178</dst>
      <dst id="14">280.9422</dst>
      <dst id="11">474.2489</dst>
      <dst id="9">6329.3511</dst>
      <dst id="17">4460.4089</dst>
      <dst id="21">1890.0978</dst>
    </src>
    <src id="14">
      <dst id="12">18992.9778</dst>
      <dst id="13">9.0222</dst>
      <dst id="19">16.3556</dst>
      <dst id="23">12.8356</dst>
      <dst id="8">499.5289</dst>
      <dst id="18">3.0044</dst>
      <dst id="4">2981.7422</dst>
      <dst id="1">94.1244</dst>
      <dst id="3">38.5956</dst>
      <dst id="22">23.6089</dst>
      <dst id="7">183.6978</dst>
      <dst id="2">6109.6889</dst>
      <dst id="16">48.9244</dst>
      <dst id="20">157.0311</dst>
      <dst id="11">122.5600</dst>
      <dst id="9">21.3689</dst>
      <dst id="17">5990.9333</dst>
      <dst id="21">105.3511</dst>
    </src>
    <src id="20">
      <dst id="12">5990.5156</dst>
      <dst id="13">11499.5111</dst>
      <dst id="19">38.6311</dst>
      <dst id="23">3520.4267</dst>
      <dst id="8">1632.5689</dst>
      <dst id="18">368.2400</dst>
      <dst id="4">12141.3333</dst>
      <dst id="1">267.7600</dst>
      <dst id="5">4027.4756</dst>
      <dst id="3">282.3289</dst>
      <dst id="7">131.1556</dst>
      <dst id="2">2947.5022</dst>
      <dst id="6">0.3556</dst>
      <dst id="14">9.7956</dst>
      <dst id="11">2244.0889</dst>
      <dst id="9">7554.8089</dst>
      <dst id="17">18789.0933</dst>
      <dst id="21">3506.5511</dst>
    </src>
    <src id="11">
      <dst id="12">446743.9111</dst>
      <dst id="13">3065.2711</dst>
      <dst id="19">282.6756</dst>
      <dst id="23">91.4044</dst>
      <dst id="8">2044.7733</dst>
      <dst id="18">947.8044</dst>
      <dst id="4">13608.5600</dst>
      <dst id="1">737.8489</dst>
      <dst id="5">1164.2044</dst>
      <dst id="3">774.9778</dst>
      <dst id="22">2267.9022</dst>
      <dst id="7">928.2844</dst>
      <dst id="2">168648.2222</dst>
      <dst id="6">2.7022</dst>
      <dst id="16">282.7822</dst>
      <dst id="14">82.2311</dst>
      <dst id="20">3500.4978</dst>
      <dst id="11">1899.3778</dst>
      <dst id="9">5365.8311</dst>
      <dst id="17">161284.5867</dst>
      <dst id="21">2925.4400</dst>
      <dst id="15">290.0800</dst>
    </src>
    <src id="9">
      <dst id="12">456755.4756</dst>
      <dst id="13">1581.9556</dst>
      <dst id="19">361.8133</dst>
      <dst id="23">55.0578</dst>
      <dst id="8">3911.4311</dst>
      <dst id="18">5458.9867</dst>
      <dst id="4">12127.7600</dst>
      <dst id="1">2229.7511</dst>
      <dst id="5">1614.6311</dst>
      <dst id="3">56.1422</dst>
      <dst id="22">2041.0756</dst>
      <dst id="7">1452.9156</dst>
      <dst id="2">159349.4667</dst>
      <dst id="6">2.2311</dst>
      <dst id="16">1181.8489</dst>
      <dst id="14">29.9822</dst>
      <dst id="20">2916.0356</dst>
      <dst id="11">2806.3200</dst>
      <dst id="9">1225.2533</dst>
      <dst id="17">185379.3778</dst>
      <dst id="21">1817.7778</dst>
      <dst id="15">4949.6267</dst>
    </src>
    <src id="17">
      <dst id="12">24629.9378</dst>
      <dst id="13">5456.1244</dst>
      <dst id="19">1351.9644</dst>
      <dst id="23">1158.6222</dst>
      <dst id="8">214088.8000</dst>
      <dst id="18">7598.8267</dst>
      <dst id="4">75991.8844</dst>
      <dst id="1">7407.0400</dst>
      <dst id="5">228912.1600</dst>
      <dst id="3">20476.7200</dst>
      <dst id="22">16928.8444</dst>
      <dst id="7">16103.9111</dst>
      <dst id="2">109102.4533</dst>
      <dst id="6">114.2667</dst>
      <dst id="16">25379.3600</dst>
      <dst id="14">24076.1778</dst>
      <dst id="20">6577.1111</dst>
      <dst id="11">178756.8533</dst>
      <dst id="9">262237.4578</dst>
      <dst id="17">3192.2667</dst>
      <dst id="21">19263.5022</dst>
      <dst id="15">424.6311</dst>
    </src>
    <src id="21">
      <dst id="12">20860.6578</dst>
      <dst id="13">2121.1822</dst>
      <dst id="19">1069.6978</dst>
      <dst id="23">86.1067</dst>
      <dst id="8">593.3689</dst>
      <dst id="18">2919.7689</dst>
      <dst id="4">34479.6089</dst>
      <dst id="1">9147.1111</dst>
      <dst id="5">423.7333</dst>
      <dst id="3">5443.5467</dst>
      <dst id="22">1592.2756</dst>
      <dst id="7">3003.2533</dst>
      <dst id="2">13119.8133</dst>
      <dst id="6">31.9911</dst>
      <dst id="16">457.0400</dst>
      <dst id="14">111.4133</dst>
      <dst id="20">3078.3200</dst>
      <dst id="11">4536.3911</dst>
      <dst id="9">933.6356</dst>
      <dst id="17">10234.0533</dst>
      <dst id="21">5875.1111</dst>
      <dst id="15">777.7333</dst>
    </src>
    <src id="15">
      <dst id="12">5863.7600</dst>
      <dst id="13">2982.9422</dst>
      <dst id="19">1.2800</dst>
      <dst id="23">1.0667</dst>
      <dst id="8">1531.4400</dst>
      <dst id="18">8.0444</dst>
      <dst id="4">5174.3022</dst>
      <dst id="1">633.9733</dst>
      <dst id="5">167.3867</dst>
      <dst id="3">52.8978</dst>
      <dst id="7">25.3867</dst>
      <dst id="2">1853.6978</dst>
      <dst id="14">12.9422</dst>
      <dst id="11">446.6311</dst>
      <dst id="9">1101.4489</dst>
      <dst id="17">1124.0178</dst>
      <dst id="21">483.3333</dst>
    </src>
  </IntraTM>
</TrafficMatrixFile>
