<?xml version="1.0" encoding="UTF-8" standalone="yes"?>
<TrafficMatrixFile xmlns:xsi="http://www.w3.org/2001/XMLSchema-instance" xsi:noNamespaceSchemaLocation="http://totem.run.montefiore.ulg.ac.be/Schema/TrafficMatrix-v1_2.xsd">
  <info>
    <title>Intradomain traffic matrix generated by geant-TM-all.pl</title>
    <date>2005-01-01T03:45:00</date>
    <duration>900</duration>
    <author>Steve Uhlig</author>
    <units>
        <unit type="bandwidth" value="kbps"/>
    </units>
  </info>
  <IntraTM ASID="20965">
    <src id="12">
      <dst id="12">334160.4800</dst>
      <dst id="13">27340.7556</dst>
      <dst id="19">4208.1333</dst>
      <dst id="23">12475.8667</dst>
      <dst id="8">2982.0800</dst>
      <dst id="18">1970.8178</dst>
      <dst id="4">137017.6622</dst>
      <dst id="1">6768.9333</dst>
      <dst id="5">4773.0578</dst>
      <dst id="3">14654.6933</dst>
      <dst id="22">13687.6178</dst>
      <dst id="7">12650.3822</dst>
      <dst id="2">111851.8133</dst>
      <dst id="6">71.2444</dst>
      <dst id="16">13437.8133</dst>
      <dst id="14">189.5733</dst>
      <dst id="20">2649.6089</dst>
      <dst id="11">5259.7511</dst>
      <dst id="9">23924.8178</dst>
      <dst id="17">75264.9956</dst>
      <dst id="21">19867.5467</dst>
      <dst id="15">6128.0978</dst>
    </src>
    <src id="13">
      <dst id="12">84412.2133</dst>
      <dst id="19">20232.8089</dst>
      <dst id="23">247.2711</dst>
      <dst id="8">3074.3733</dst>
      <dst id="18">9535.6000</dst>
      <dst id="4">2.1333</dst>
      <dst id="1">6650.2311</dst>
      <dst id="5">21638.3111</dst>
      <dst id="3">11341.3956</dst>
      <dst id="22">25603.4489</dst>
      <dst id="7">20953.8489</dst>
      <dst id="2">130789.0844</dst>
      <dst id="6">305.4044</dst>
      <dst id="16">18560.1689</dst>
      <dst id="14">2421.7867</dst>
      <dst id="20">13189.2800</dst>
      <dst id="11">15698.0978</dst>
      <dst id="9">28289.5467</dst>
      <dst id="17">228207.9111</dst>
      <dst id="21">40205.3156</dst>
      <dst id="15">3948.7200</dst>
    </src>
    <src id="19">
      <dst id="12">15980.4889</dst>
      <dst id="13">3637.6889</dst>
      <dst id="23">20.1333</dst>
      <dst id="8">53.3689</dst>
      <dst id="18">19.5289</dst>
      <dst id="4">26494.0533</dst>
      <dst id="1">88.1156</dst>
      <dst id="5">61.0933</dst>
      <dst id="3">622.5422</dst>
      <dst id="22">333.0844</dst>
      <dst id="7">3808.5156</dst>
      <dst id="2">1285.0756</dst>
      <dst id="6">93.2622</dst>
      <dst id="16">6440.1511</dst>
      <dst id="14">27.7689</dst>
      <dst id="20">99.2267</dst>
      <dst id="11">443.2711</dst>
      <dst id="9">163.6089</dst>
      <dst id="17">786.1511</dst>
      <dst id="21">2246.7911</dst>
      <dst id="15">0.3378</dst>
    </src>
    <src id="23">
      <dst id="12">412.4356</dst>
      <dst id="13">195.8933</dst>
      <dst id="19">52.3822</dst>
      <dst id="8">24.4978</dst>
      <dst id="18">73.6000</dst>
      <dst id="4">116.2667</dst>
      <dst id="1">82.2844</dst>
      <dst id="5">13.2178</dst>
      <dst id="3">54.4089</dst>
      <dst id="22">230.8089</dst>
      <dst id="7">103.3867</dst>
      <dst id="2">299.6267</dst>
      <dst id="16">103.3689</dst>
      <dst id="14">6.7111</dst>
      <dst id="20">1.4933</dst>
      <dst id="11">81.5556</dst>
      <dst id="9">303.2622</dst>
      <dst id="17">1152.3200</dst>
      <dst id="21">637.6889</dst>
      <dst id="15">1.1378</dst>
    </src>
    <src id="8">
      <dst id="12">377387.5911</dst>
      <dst id="13">3091.3956</dst>
      <dst id="19">54.6667</dst>
      <dst id="23">3.8844</dst>
      <dst id="18">58.3200</dst>
      <dst id="4">7036.9156</dst>
      <dst id="1">24.3111</dst>
      <dst id="5">2189.6000</dst>
      <dst id="3">110.2222</dst>
      <dst id="22">1544.7556</dst>
      <dst id="7">107.1467</dst>
      <dst id="2">155991.1733</dst>
      <dst id="16">372.0356</dst>
      <dst id="20">317.9822</dst>
      <dst id="11">1520.6311</dst>
      <dst id="9">278.3467</dst>
      <dst id="17">92600.7822</dst>
      <dst id="21">409.8489</dst>
      <dst id="15">190.9156</dst>
    </src>
    <src id="18">
      <dst id="12">143372.7200</dst>
      <dst id="13">649.5022</dst>
      <dst id="19">139.5822</dst>
      <dst id="23">608.5333</dst>
      <dst id="8">34.5244</dst>
      <dst id="4">2346.7022</dst>
      <dst id="1">913.4667</dst>
      <dst id="5">1133.6267</dst>
      <dst id="3">403.5733</dst>
      <dst id="22">1758.7733</dst>
      <dst id="7">138.6489</dst>
      <dst id="2">44866.8444</dst>
      <dst id="16">41.9289</dst>
      <dst id="14">1.6089</dst>
      <dst id="20">7.7689</dst>
      <dst id="11">409.9556</dst>
      <dst id="9">280.6222</dst>
      <dst id="17">38979.6356</dst>
      <dst id="21">1414.9333</dst>
      <dst id="15">724.6844</dst>
    </src>
    <src id="4">
      <dst id="12">16866.0356</dst>
      <dst id="19">7238.9956</dst>
      <dst id="8">1771.3333</dst>
      <dst id="18">2218.1511</dst>
      <dst id="4">4.0267</dst>
      <dst id="1">2205.0044</dst>
      <dst id="5">1696.1067</dst>
      <dst id="3">63419.2000</dst>
      <dst id="22">7453.1733</dst>
      <dst id="7">31136.6489</dst>
      <dst id="2">61675.8044</dst>
      <dst id="6">31.7689</dst>
      <dst id="16">1345.8667</dst>
      <dst id="14">5346.6489</dst>
      <dst id="20">5832.4178</dst>
      <dst id="11">5418.0978</dst>
      <dst id="9">11388.5511</dst>
      <dst id="17">88392.8800</dst>
      <dst id="21">16099.2711</dst>
      <dst id="15">830.8089</dst>
    </src>
    <src id="1">
      <dst id="12">15648.8533</dst>
      <dst id="13">2734.4178</dst>
      <dst id="19">2919.5289</dst>
      <dst id="23">151.6089</dst>
      <dst id="8">144817.2089</dst>
      <dst id="18">11869.3689</dst>
      <dst id="4">23367.7956</dst>
      <dst id="1">25.6800</dst>
      <dst id="5">253747.3867</dst>
      <dst id="3">31785.6978</dst>
      <dst id="22">4256.1600</dst>
      <dst id="7">1610.4889</dst>
      <dst id="2">17434.5778</dst>
      <dst id="6">6915.2978</dst>
      <dst id="16">11245.6178</dst>
      <dst id="14">1338.6756</dst>
      <dst id="20">8781.6978</dst>
      <dst id="11">1143.6000</dst>
      <dst id="9">274259.2800</dst>
      <dst id="17">2849.1822</dst>
      <dst id="21">34752.4267</dst>
      <dst id="15">6896.6311</dst>
    </src>
    <src id="5">
      <dst id="12">433438.4089</dst>
      <dst id="13">6879.3067</dst>
      <dst id="19">214.7111</dst>
      <dst id="23">306.3467</dst>
      <dst id="8">6117.3867</dst>
      <dst id="18">713.2178</dst>
      <dst id="4">10842.5600</dst>
      <dst id="1">17.9556</dst>
      <dst id="3">889.5289</dst>
      <dst id="22">7034.6578</dst>
      <dst id="7">234.2222</dst>
      <dst id="2">172723.0311</dst>
      <dst id="6">0.4089</dst>
      <dst id="16">1083.1822</dst>
      <dst id="14">14.0533</dst>
      <dst id="20">2592.9422</dst>
      <dst id="11">4874.4711</dst>
      <dst id="9">12766.5689</dst>
      <dst id="17">109667.0044</dst>
      <dst id="21">1042.0089</dst>
      <dst id="15">665.4933</dst>
    </src>
    <src id="3">
      <dst id="12">11050.5244</dst>
      <dst id="13">1605.1822</dst>
      <dst id="19">1204.8889</dst>
      <dst id="23">5.1822</dst>
      <dst id="8">179.9022</dst>
      <dst id="18">138754.0533</dst>
      <dst id="4">64442.2578</dst>
      <dst id="1">16391.0667</dst>
      <dst id="5">480.5422</dst>
      <dst id="3">16960.0000</dst>
      <dst id="22">1003.3511</dst>
      <dst id="7">7010.6667</dst>
      <dst id="2">7262.2133</dst>
      <dst id="6">1.2267</dst>
      <dst id="16">1210.6578</dst>
      <dst id="14">47133.5467</dst>
      <dst id="20">1807.6444</dst>
      <dst id="11">170223.6178</dst>
      <dst id="9">483.5200</dst>
      <dst id="17">10772.0978</dst>
      <dst id="21">17016.9422</dst>
      <dst id="15">55.6622</dst>
    </src>
    <src id="10">
      <dst id="12">19162.2400</dst>
      <dst id="19">5174.1867</dst>
      <dst id="8">2669.0044</dst>
      <dst id="18">2063.5200</dst>
      <dst id="4">1.0667</dst>
      <dst id="1">1810.9067</dst>
      <dst id="5">2519.8311</dst>
      <dst id="3">5039.8133</dst>
      <dst id="22">8435.6800</dst>
      <dst id="7">7462.0000</dst>
      <dst id="2">51542.1244</dst>
      <dst id="6">7.6622</dst>
      <dst id="16">2114.4000</dst>
      <dst id="14">1034.7200</dst>
      <dst id="20">4132.4978</dst>
      <dst id="11">5133.4844</dst>
      <dst id="9">5509.2978</dst>
      <dst id="17">28193.8667</dst>
      <dst id="21">28030.8889</dst>
      <dst id="15">724.8267</dst>
    </src>
    <src id="22">
      <dst id="12">10747.7600</dst>
      <dst id="13">4357.0044</dst>
      <dst id="19">81.2711</dst>
      <dst id="23">669.8756</dst>
      <dst id="8">1791.1911</dst>
      <dst id="18">725.4044</dst>
      <dst id="4">22565.4844</dst>
      <dst id="1">319.8222</dst>
      <dst id="5">4580.8533</dst>
      <dst id="3">1785.9289</dst>
      <dst id="7">1007.0578</dst>
      <dst id="2">2699.8400</dst>
      <dst id="6">3.1111</dst>
      <dst id="16">1.5733</dst>
      <dst id="14">15.7778</dst>
      <dst id="11">3732.0711</dst>
      <dst id="9">4147.1200</dst>
      <dst id="17">10760.4178</dst>
      <dst id="21">1253.2356</dst>
    </src>
    <src id="7">
      <dst id="12">7555.1289</dst>
      <dst id="13">946.6133</dst>
      <dst id="19">1095.4756</dst>
      <dst id="23">167.3333</dst>
      <dst id="8">965.9822</dst>
      <dst id="18">764.1333</dst>
      <dst id="4">37206.6133</dst>
      <dst id="1">3604.0711</dst>
      <dst id="5">2533.4311</dst>
      <dst id="3">5529.6622</dst>
      <dst id="22">3975.8222</dst>
      <dst id="7">754.4444</dst>
      <dst id="2">10860.6844</dst>
      <dst id="6">27.8756</dst>
      <dst id="16">445.2444</dst>
      <dst id="14">215.4667</dst>
      <dst id="20">1225.9022</dst>
      <dst id="11">2076.1600</dst>
      <dst id="9">1479.0489</dst>
      <dst id="17">11853.0578</dst>
      <dst id="21">5015.1733</dst>
      <dst id="15">429.3067</dst>
    </src>
    <src id="2">
      <dst id="12">159922.1333</dst>
      <dst id="13">8638.3200</dst>
      <dst id="19">1688.6133</dst>
      <dst id="23">13.8933</dst>
      <dst id="8">303.0578</dst>
      <dst id="18">127813.5378</dst>
      <dst id="4">129104.3289</dst>
      <dst id="1">10051.7600</dst>
      <dst id="5">1543.0578</dst>
      <dst id="3">1593.1289</dst>
      <dst id="22">3948.9956</dst>
      <dst id="7">20442.7467</dst>
      <dst id="2">1999.3778</dst>
      <dst id="6">9100.6133</dst>
      <dst id="16">13638.7022</dst>
      <dst id="14">230.8533</dst>
      <dst id="20">1301.1022</dst>
      <dst id="11">4640.3644</dst>
      <dst id="9">1557.0578</dst>
      <dst id="17">80938.3289</dst>
      <dst id="21">8525.2089</dst>
      <dst id="15">297.1289</dst>
    </src>
    <src id="6">
      <dst id="12">9421.9644</dst>
      <dst id="13">19.8667</dst>
      <dst id="19">4.6133</dst>
      <dst id="4">136.0711</dst>
      <dst id="1">12.2400</dst>
      <dst id="5">2.0711</dst>
      <dst id="3">1.2000</dst>
      <dst id="22">11.8222</dst>
      <dst id="7">17.5378</dst>
      <dst id="2">2506.4622</dst>
      <dst id="11">22.9333</dst>
      <dst id="9">11.7956</dst>
      <dst id="17">1622.1867</dst>
      <dst id="21">25.5822</dst>
    </src>
    <src id="16">
      <dst id="12">2787.0578</dst>
      <dst id="13">1095.3067</dst>
      <dst id="19">4695.5733</dst>
      <dst id="23">19.5556</dst>
      <dst id="8">5090.3467</dst>
      <dst id="18">30.8978</dst>
      <dst id="4">7368.3289</dst>
      <dst id="1">18587.2356</dst>
      <dst id="5">4287.3422</dst>
      <dst id="3">1538.6756</dst>
      <dst id="7">377.6267</dst>
      <dst id="2">4316.9689</dst>
      <dst id="6">16.7644</dst>
      <dst id="16">79.0667</dst>
      <dst id="14">1.2889</dst>
      <dst id="11">266.1689</dst>
      <dst id="9">9889.4489</dst>
      <dst id="17">7331.3600</dst>
      <dst id="21">655.5289</dst>
    </src>
    <src id="14">
      <dst id="12">17787.3956</dst>
      <dst id="13">56.4356</dst>
      <dst id="19">3.7689</dst>
      <dst id="23">41.0489</dst>
      <dst id="8">4.0889</dst>
      <dst id="18">2.0000</dst>
      <dst id="4">3323.8844</dst>
      <dst id="1">94.3022</dst>
      <dst id="5">8.3911</dst>
      <dst id="3">92.1956</dst>
      <dst id="22">2.6844</dst>
      <dst id="7">54.9867</dst>
      <dst id="2">7445.8222</dst>
      <dst id="6">1.0667</dst>
      <dst id="16">13.3333</dst>
      <dst id="20">15.4133</dst>
      <dst id="11">43.3600</dst>
      <dst id="9">8.3378</dst>
      <dst id="17">4333.8133</dst>
      <dst id="21">487.3156</dst>
      <dst id="15">1.2889</dst>
    </src>
    <src id="20">
      <dst id="12">7394.4267</dst>
      <dst id="13">5803.2444</dst>
      <dst id="19">99.8667</dst>
      <dst id="23">66.8978</dst>
      <dst id="8">5653.9378</dst>
      <dst id="18">157.9289</dst>
      <dst id="4">11465.0578</dst>
      <dst id="1">342.6133</dst>
      <dst id="5">2991.1556</dst>
      <dst id="3">1527.5200</dst>
      <dst id="7">1408.2933</dst>
      <dst id="2">9554.5422</dst>
      <dst id="6">1.3244</dst>
      <dst id="14">9.6267</dst>
      <dst id="11">3165.0222</dst>
      <dst id="9">6607.5378</dst>
      <dst id="17">9804.5244</dst>
      <dst id="21">1130.5600</dst>
    </src>
    <src id="11">
      <dst id="12">410525.1733</dst>
      <dst id="13">5386.3200</dst>
      <dst id="19">88.1333</dst>
      <dst id="23">146.4089</dst>
      <dst id="8">727.7600</dst>
      <dst id="18">420.8356</dst>
      <dst id="4">14326.9689</dst>
      <dst id="1">800.7022</dst>
      <dst id="5">1089.0133</dst>
      <dst id="3">2250.9511</dst>
      <dst id="22">3558.3111</dst>
      <dst id="7">2135.5467</dst>
      <dst id="2">181405.4400</dst>
      <dst id="6">4.2844</dst>
      <dst id="16">359.3156</dst>
      <dst id="14">43.4222</dst>
      <dst id="20">409.7156</dst>
      <dst id="11">1443.0400</dst>
      <dst id="9">2331.7333</dst>
      <dst id="17">99778.7289</dst>
      <dst id="21">995.8044</dst>
      <dst id="15">309.9111</dst>
    </src>
    <src id="9">
      <dst id="12">523759.7511</dst>
      <dst id="13">1991.4222</dst>
      <dst id="19">1346.3289</dst>
      <dst id="23">27.3689</dst>
      <dst id="8">671.4222</dst>
      <dst id="18">213.4933</dst>
      <dst id="4">13074.8178</dst>
      <dst id="1">611.9556</dst>
      <dst id="5">6609.0933</dst>
      <dst id="3">222.6489</dst>
      <dst id="22">7773.0489</dst>
      <dst id="7">1922.2044</dst>
      <dst id="2">201931.8222</dst>
      <dst id="6">0.4800</dst>
      <dst id="16">1546.6933</dst>
      <dst id="14">44.5067</dst>
      <dst id="20">4892.3200</dst>
      <dst id="11">676.3556</dst>
      <dst id="9">1268.4889</dst>
      <dst id="17">120477.3511</dst>
      <dst id="21">4345.5289</dst>
      <dst id="15">3644.3378</dst>
    </src>
    <src id="17">
      <dst id="12">25764.0889</dst>
      <dst id="13">7391.2978</dst>
      <dst id="19">15233.3422</dst>
      <dst id="23">1502.3911</dst>
      <dst id="8">163434.6756</dst>
      <dst id="18">1249.9911</dst>
      <dst id="4">87477.7867</dst>
      <dst id="1">3216.8000</dst>
      <dst id="5">263200.4356</dst>
      <dst id="3">18807.3867</dst>
      <dst id="22">13555.0400</dst>
      <dst id="7">17798.0800</dst>
      <dst id="2">19208.1244</dst>
      <dst id="6">549.0044</dst>
      <dst id="16">13534.9689</dst>
      <dst id="14">41192.8089</dst>
      <dst id="20">1354.1422</dst>
      <dst id="11">134729.5467</dst>
      <dst id="9">231692.6578</dst>
      <dst id="17">2719.5911</dst>
      <dst id="21">16012.4622</dst>
      <dst id="15">1256.6578</dst>
    </src>
    <src id="21">
      <dst id="12">22574.4800</dst>
      <dst id="13">1414.1956</dst>
      <dst id="19">321.2444</dst>
      <dst id="23">165.5200</dst>
      <dst id="8">680.7289</dst>
      <dst id="18">916.9156</dst>
      <dst id="4">24249.8844</dst>
      <dst id="1">4232.1067</dst>
      <dst id="5">417.4756</dst>
      <dst id="3">2004.1956</dst>
      <dst id="22">3207.0400</dst>
      <dst id="7">4891.3511</dst>
      <dst id="2">13806.2667</dst>
      <dst id="6">20.8533</dst>
      <dst id="16">379.9733</dst>
      <dst id="14">103.8933</dst>
      <dst id="20">680.1778</dst>
      <dst id="11">1030.2489</dst>
      <dst id="9">1207.7422</dst>
      <dst id="17">5988.2222</dst>
      <dst id="21">2880.9067</dst>
      <dst id="15">206.6667</dst>
    </src>
    <src id="15">
      <dst id="12">749.6444</dst>
      <dst id="13">5320.6311</dst>
      <dst id="19">0.7644</dst>
      <dst id="23">0.3556</dst>
      <dst id="8">209.7156</dst>
      <dst id="18">113.4933</dst>
      <dst id="4">5418.2578</dst>
      <dst id="1">580.8178</dst>
      <dst id="5">664.2400</dst>
      <dst id="3">760.7111</dst>
      <dst id="7">27.8044</dst>
      <dst id="2">152.2222</dst>
      <dst id="6">1.5644</dst>
      <dst id="14">11.2622</dst>
      <dst id="11">467.8222</dst>
      <dst id="9">1252.4889</dst>
      <dst id="17">5150.0089</dst>
      <dst id="21">106.2578</dst>
    </src>
  </IntraTM>
</TrafficMatrixFile>
