<?xml version="1.0" encoding="UTF-8" standalone="yes"?>
<TrafficMatrixFile xmlns:xsi="http://www.w3.org/2001/XMLSchema-instance" xsi:noNamespaceSchemaLocation="http://totem.run.montefiore.ulg.ac.be/Schema/TrafficMatrix-v1_2.xsd">
  <info>
    <title>Intradomain traffic matrix generated by geant-TM-all.pl</title>
    <date>2005-01-01T15:45:00</date>
    <duration>900</duration>
    <author>Steve Uhlig</author>
    <units>
        <unit type="bandwidth" value="kbps"/>
    </units>
  </info>
  <IntraTM ASID="20965">
    <src id="12">
      <dst id="12">292660.7644</dst>
      <dst id="13">16873.4844</dst>
      <dst id="19">4969.2356</dst>
      <dst id="23">26.6667</dst>
      <dst id="8">393.6533</dst>
      <dst id="18">97.1200</dst>
      <dst id="4">83911.4756</dst>
      <dst id="1">9487.8489</dst>
      <dst id="5">3168.0889</dst>
      <dst id="3">4172.6133</dst>
      <dst id="22">4936.3022</dst>
      <dst id="7">1417.4044</dst>
      <dst id="2">63933.0667</dst>
      <dst id="6">1.8311</dst>
      <dst id="16">5117.6800</dst>
      <dst id="14">1614.1778</dst>
      <dst id="20">10637.8133</dst>
      <dst id="11">3878.2489</dst>
      <dst id="9">15212.0178</dst>
      <dst id="17">48594.3822</dst>
      <dst id="21">7959.8933</dst>
      <dst id="15">3129.0844</dst>
    </src>
    <src id="13">
      <dst id="12">53735.2089</dst>
      <dst id="19">2982.7022</dst>
      <dst id="23">32.1867</dst>
      <dst id="8">779.4667</dst>
      <dst id="18">1480.0267</dst>
      <dst id="4">0.9244</dst>
      <dst id="1">1849.2533</dst>
      <dst id="5">5165.8222</dst>
      <dst id="3">7402.7378</dst>
      <dst id="22">17001.1733</dst>
      <dst id="7">11276.9511</dst>
      <dst id="2">60933.7867</dst>
      <dst id="6">29.0933</dst>
      <dst id="16">3402.5689</dst>
      <dst id="14">2780.9156</dst>
      <dst id="20">9811.0578</dst>
      <dst id="11">16927.1200</dst>
      <dst id="9">11379.8933</dst>
      <dst id="17">57656.8444</dst>
      <dst id="21">10869.7867</dst>
      <dst id="15">5054.2489</dst>
    </src>
    <src id="19">
      <dst id="12">14295.3956</dst>
      <dst id="13">161.6267</dst>
      <dst id="23">0.8356</dst>
      <dst id="8">1957.9378</dst>
      <dst id="18">0.8267</dst>
      <dst id="4">18109.3244</dst>
      <dst id="1">31.9733</dst>
      <dst id="5">2.4711</dst>
      <dst id="3">401.2622</dst>
      <dst id="22">104.8000</dst>
      <dst id="7">5361.2089</dst>
      <dst id="2">108.6933</dst>
      <dst id="6">38.9511</dst>
      <dst id="16">9270.2667</dst>
      <dst id="14">2.1333</dst>
      <dst id="20">2.4800</dst>
      <dst id="11">3432.5422</dst>
      <dst id="9">48.6756</dst>
      <dst id="17">351.9733</dst>
      <dst id="21">170.7822</dst>
      <dst id="15">27.2533</dst>
    </src>
    <src id="23">
      <dst id="12">339.7600</dst>
      <dst id="13">235.8756</dst>
      <dst id="19">1.4400</dst>
      <dst id="8">0.3556</dst>
      <dst id="18">14.7644</dst>
      <dst id="4">12.8178</dst>
      <dst id="1">75.4667</dst>
      <dst id="5">92.9778</dst>
      <dst id="3">242.0267</dst>
      <dst id="22">1208.9244</dst>
      <dst id="7">112.7911</dst>
      <dst id="2">19.5022</dst>
      <dst id="6">0.4978</dst>
      <dst id="16">11.7511</dst>
      <dst id="20">13.6889</dst>
      <dst id="11">717.8044</dst>
      <dst id="9">65.2444</dst>
      <dst id="17">57.8222</dst>
      <dst id="21">80.8444</dst>
      <dst id="15">40.0000</dst>
    </src>
    <src id="8">
      <dst id="12">299340.2844</dst>
      <dst id="13">305.2444</dst>
      <dst id="19">51.4667</dst>
      <dst id="18">51.9556</dst>
      <dst id="4">4685.0756</dst>
      <dst id="1">99.7867</dst>
      <dst id="5">761.3867</dst>
      <dst id="3">75.5200</dst>
      <dst id="22">949.5911</dst>
      <dst id="7">9.2444</dst>
      <dst id="2">92512.9333</dst>
      <dst id="6">13.1200</dst>
      <dst id="16">130.4533</dst>
      <dst id="14">32.5333</dst>
      <dst id="20">140.0533</dst>
      <dst id="11">221.0044</dst>
      <dst id="9">302.6133</dst>
      <dst id="17">63491.2622</dst>
      <dst id="21">191.8667</dst>
      <dst id="15">3.0489</dst>
    </src>
    <src id="18">
      <dst id="12">102475.7422</dst>
      <dst id="13">100.6578</dst>
      <dst id="23">7.9200</dst>
      <dst id="8">2.5067</dst>
      <dst id="4">1925.8933</dst>
      <dst id="1">1085.6978</dst>
      <dst id="5">1145.7244</dst>
      <dst id="3">138.9778</dst>
      <dst id="22">321.4311</dst>
      <dst id="7">238.1067</dst>
      <dst id="2">23910.0356</dst>
      <dst id="16">2.7378</dst>
      <dst id="14">24.1956</dst>
      <dst id="20">33.6533</dst>
      <dst id="11">2730.7111</dst>
      <dst id="9">160.0622</dst>
      <dst id="17">25590.4267</dst>
      <dst id="21">218.2578</dst>
      <dst id="15">241.2089</dst>
    </src>
    <src id="4">
      <dst id="12">13609.0222</dst>
      <dst id="19">15423.6622</dst>
      <dst id="8">1971.6622</dst>
      <dst id="18">574.5156</dst>
      <dst id="4">2.2133</dst>
      <dst id="1">3396.8711</dst>
      <dst id="5">1297.0400</dst>
      <dst id="3">37566.0089</dst>
      <dst id="22">4565.0044</dst>
      <dst id="7">13166.8178</dst>
      <dst id="2">66561.5467</dst>
      <dst id="6">4.3111</dst>
      <dst id="16">995.3156</dst>
      <dst id="14">6156.4000</dst>
      <dst id="20">1193.0311</dst>
      <dst id="11">5866.8444</dst>
      <dst id="9">2529.8489</dst>
      <dst id="17">16537.6711</dst>
      <dst id="21">4089.7956</dst>
      <dst id="15">2040.9867</dst>
    </src>
    <src id="1">
      <dst id="12">20827.6889</dst>
      <dst id="13">258.9956</dst>
      <dst id="19">16.6133</dst>
      <dst id="23">30.8622</dst>
      <dst id="8">86445.0933</dst>
      <dst id="18">12024.0444</dst>
      <dst id="4">8430.4356</dst>
      <dst id="1">75.4400</dst>
      <dst id="5">194829.8933</dst>
      <dst id="3">9931.1467</dst>
      <dst id="22">5268.6311</dst>
      <dst id="7">13742.6311</dst>
      <dst id="2">2121.7600</dst>
      <dst id="6">3316.7467</dst>
      <dst id="16">14195.4578</dst>
      <dst id="14">58.5156</dst>
      <dst id="20">439.1200</dst>
      <dst id="11">7318.7556</dst>
      <dst id="9">254127.9644</dst>
      <dst id="17">3076.4356</dst>
      <dst id="21">2102.3200</dst>
      <dst id="15">179.1289</dst>
    </src>
    <src id="5">
      <dst id="12">288506.7467</dst>
      <dst id="13">878.8444</dst>
      <dst id="19">15.8667</dst>
      <dst id="23">3.4400</dst>
      <dst id="8">1311.8133</dst>
      <dst id="18">474.6311</dst>
      <dst id="4">6781.9378</dst>
      <dst id="1">9.6000</dst>
      <dst id="3">453.8222</dst>
      <dst id="22">3979.1733</dst>
      <dst id="7">122.8267</dst>
      <dst id="2">98381.3778</dst>
      <dst id="16">579.2000</dst>
      <dst id="14">0.8889</dst>
      <dst id="20">1104.9422</dst>
      <dst id="11">2038.5689</dst>
      <dst id="9">762.0889</dst>
      <dst id="17">60692.9600</dst>
      <dst id="21">457.9822</dst>
      <dst id="15">528.0978</dst>
    </src>
    <src id="3">
      <dst id="12">8270.2933</dst>
      <dst id="13">1248.3644</dst>
      <dst id="19">1340.5778</dst>
      <dst id="23">16.7289</dst>
      <dst id="8">2266.5778</dst>
      <dst id="18">52478.7200</dst>
      <dst id="4">36043.7244</dst>
      <dst id="1">1284.4800</dst>
      <dst id="5">333.9289</dst>
      <dst id="3">12224.0711</dst>
      <dst id="22">1074.3644</dst>
      <dst id="7">2207.8578</dst>
      <dst id="2">4051.0044</dst>
      <dst id="6">1.4489</dst>
      <dst id="16">1638.7911</dst>
      <dst id="14">40777.8311</dst>
      <dst id="20">219.2711</dst>
      <dst id="11">143400.1067</dst>
      <dst id="9">660.4978</dst>
      <dst id="17">9080.3822</dst>
      <dst id="21">10383.3156</dst>
      <dst id="15">92.6667</dst>
    </src>
    <src id="10">
      <dst id="12">6946.8889</dst>
      <dst id="19">3605.4578</dst>
      <dst id="8">1250.2044</dst>
      <dst id="18">10456.7911</dst>
      <dst id="1">2368.4444</dst>
      <dst id="5">1652.3200</dst>
      <dst id="3">15566.3111</dst>
      <dst id="22">4955.4667</dst>
      <dst id="7">11049.2267</dst>
      <dst id="2">25035.7244</dst>
      <dst id="6">6.5067</dst>
      <dst id="16">747.2889</dst>
      <dst id="14">2761.5556</dst>
      <dst id="20">3546.3822</dst>
      <dst id="11">4633.6711</dst>
      <dst id="9">1630.5956</dst>
      <dst id="17">7579.9378</dst>
      <dst id="21">11202.4444</dst>
      <dst id="15">693.5822</dst>
    </src>
    <src id="22">
      <dst id="12">4122.4622</dst>
      <dst id="13">1005.2267</dst>
      <dst id="19">41.1200</dst>
      <dst id="23">16.9956</dst>
      <dst id="8">558.9600</dst>
      <dst id="18">761.9289</dst>
      <dst id="4">20072.2844</dst>
      <dst id="1">58.7556</dst>
      <dst id="5">1291.1289</dst>
      <dst id="3">351.9289</dst>
      <dst id="7">1519.2000</dst>
      <dst id="2">1378.8800</dst>
      <dst id="6">0.8178</dst>
      <dst id="14">44.4089</dst>
      <dst id="11">1768.7200</dst>
      <dst id="9">3061.3778</dst>
      <dst id="17">3808.3822</dst>
      <dst id="21">703.6000</dst>
    </src>
    <src id="7">
      <dst id="12">4535.2356</dst>
      <dst id="13">94.4089</dst>
      <dst id="19">324.3200</dst>
      <dst id="23">39.5556</dst>
      <dst id="8">361.6978</dst>
      <dst id="18">637.2978</dst>
      <dst id="4">32252.6400</dst>
      <dst id="1">664.8267</dst>
      <dst id="5">1214.8089</dst>
      <dst id="3">2122.6222</dst>
      <dst id="22">4566.4889</dst>
      <dst id="7">878.9689</dst>
      <dst id="2">3775.2267</dst>
      <dst id="6">17.4844</dst>
      <dst id="16">653.2889</dst>
      <dst id="14">140.3644</dst>
      <dst id="20">588.9244</dst>
      <dst id="11">2067.1822</dst>
      <dst id="9">4216.2578</dst>
      <dst id="17">6093.3244</dst>
      <dst id="21">3521.9200</dst>
      <dst id="15">428.5511</dst>
    </src>
    <src id="2">
      <dst id="12">115869.7422</dst>
      <dst id="13">2254.7556</dst>
      <dst id="19">1278.8000</dst>
      <dst id="23">0.5422</dst>
      <dst id="8">281.7600</dst>
      <dst id="18">45390.1867</dst>
      <dst id="4">98691.7422</dst>
      <dst id="1">985.5289</dst>
      <dst id="5">1049.7689</dst>
      <dst id="3">641.1467</dst>
      <dst id="22">2383.6978</dst>
      <dst id="7">3395.0133</dst>
      <dst id="2">938.0089</dst>
      <dst id="6">4495.0667</dst>
      <dst id="16">1835.3511</dst>
      <dst id="14">184.7467</dst>
      <dst id="20">235.5022</dst>
      <dst id="11">5534.0178</dst>
      <dst id="9">1453.1378</dst>
      <dst id="17">14382.8711</dst>
      <dst id="21">4364.2844</dst>
      <dst id="15">1162.1600</dst>
    </src>
    <src id="6">
      <dst id="12">6901.0400</dst>
      <dst id="13">3.0578</dst>
      <dst id="19">4.5156</dst>
      <dst id="23">0.3378</dst>
      <dst id="18">0.3556</dst>
      <dst id="4">89.7511</dst>
      <dst id="1">0.7200</dst>
      <dst id="3">5.3600</dst>
      <dst id="22">26.4711</dst>
      <dst id="7">16.7911</dst>
      <dst id="2">1466.4267</dst>
      <dst id="11">121.3956</dst>
      <dst id="9">38.4800</dst>
      <dst id="17">1122.7822</dst>
      <dst id="21">117.5111</dst>
      <dst id="15">40.6311</dst>
    </src>
    <src id="16">
      <dst id="12">4022.1956</dst>
      <dst id="13">226.5511</dst>
      <dst id="19">4245.0489</dst>
      <dst id="23">1.6533</dst>
      <dst id="8">3682.4089</dst>
      <dst id="18">2.9689</dst>
      <dst id="4">4103.8400</dst>
      <dst id="1">19794.7200</dst>
      <dst id="5">5758.1333</dst>
      <dst id="3">1974.3289</dst>
      <dst id="7">1529.8133</dst>
      <dst id="2">287.0489</dst>
      <dst id="6">4.3556</dst>
      <dst id="16">29.2000</dst>
      <dst id="14">325.8044</dst>
      <dst id="11">23.5822</dst>
      <dst id="9">14193.2267</dst>
      <dst id="17">1852.8978</dst>
      <dst id="21">86.9778</dst>
    </src>
    <src id="14">
      <dst id="12">16945.5111</dst>
      <dst id="13">48.4711</dst>
      <dst id="19">59.8400</dst>
      <dst id="8">11.5556</dst>
      <dst id="18">0.9244</dst>
      <dst id="4">4263.6711</dst>
      <dst id="1">68.8889</dst>
      <dst id="3">39.3067</dst>
      <dst id="22">19.2533</dst>
      <dst id="7">70.0178</dst>
      <dst id="2">4996.1156</dst>
      <dst id="6">2.2578</dst>
      <dst id="16">57.8578</dst>
      <dst id="20">0.5333</dst>
      <dst id="11">74.3911</dst>
      <dst id="9">1.8489</dst>
      <dst id="17">5903.0311</dst>
      <dst id="21">190.8533</dst>
      <dst id="15">0.6044</dst>
    </src>
    <src id="20">
      <dst id="12">9388.1156</dst>
      <dst id="13">1849.8489</dst>
      <dst id="19">2.4444</dst>
      <dst id="23">0.4622</dst>
      <dst id="8">43.1111</dst>
      <dst id="18">815.6800</dst>
      <dst id="4">9788.9956</dst>
      <dst id="1">120.1600</dst>
      <dst id="5">855.4933</dst>
      <dst id="3">121.3778</dst>
      <dst id="7">9231.6444</dst>
      <dst id="2">3926.2311</dst>
      <dst id="6">0.3911</dst>
      <dst id="16">0.4356</dst>
      <dst id="14">12.6222</dst>
      <dst id="11">1352.9244</dst>
      <dst id="9">358.9600</dst>
      <dst id="17">9113.7956</dst>
      <dst id="21">174.4178</dst>
    </src>
    <src id="11">
      <dst id="12">391117.7689</dst>
      <dst id="13">431.2889</dst>
      <dst id="19">101.6178</dst>
      <dst id="23">213.2089</dst>
      <dst id="8">77.6800</dst>
      <dst id="18">781.4844</dst>
      <dst id="4">18814.4089</dst>
      <dst id="1">754.9156</dst>
      <dst id="5">927.9289</dst>
      <dst id="3">714.8000</dst>
      <dst id="22">2493.0133</dst>
      <dst id="7">807.5556</dst>
      <dst id="2">149955.4044</dst>
      <dst id="6">16.2133</dst>
      <dst id="16">83.4933</dst>
      <dst id="14">111.2356</dst>
      <dst id="20">558.3911</dst>
      <dst id="11">2207.8400</dst>
      <dst id="9">702.5511</dst>
      <dst id="17">86828.8000</dst>
      <dst id="21">2083.8756</dst>
      <dst id="15">295.4489</dst>
    </src>
    <src id="9">
      <dst id="12">482886.3822</dst>
      <dst id="13">3322.1956</dst>
      <dst id="19">11.4044</dst>
      <dst id="23">1.4933</dst>
      <dst id="8">56.6311</dst>
      <dst id="18">2812.1600</dst>
      <dst id="4">11800.1600</dst>
      <dst id="1">416.9244</dst>
      <dst id="5">2493.6889</dst>
      <dst id="3">802.6133</dst>
      <dst id="22">528.2222</dst>
      <dst id="7">199.5644</dst>
      <dst id="2">128195.7156</dst>
      <dst id="6">3.3422</dst>
      <dst id="16">588.0267</dst>
      <dst id="14">2.5956</dst>
      <dst id="20">5888.9422</dst>
      <dst id="11">282.1333</dst>
      <dst id="9">341.2622</dst>
      <dst id="17">112258.3822</dst>
      <dst id="21">403.1289</dst>
      <dst id="15">297.6178</dst>
    </src>
    <src id="17">
      <dst id="12">9109.1822</dst>
      <dst id="13">1509.1378</dst>
      <dst id="19">9259.3778</dst>
      <dst id="23">29.8400</dst>
      <dst id="8">100266.6489</dst>
      <dst id="18">319.8844</dst>
      <dst id="4">126754.0711</dst>
      <dst id="1">452.3200</dst>
      <dst id="5">180420.0978</dst>
      <dst id="3">10459.6356</dst>
      <dst id="22">3499.7244</dst>
      <dst id="7">18226.2133</dst>
      <dst id="2">10686.7289</dst>
      <dst id="6">7.0933</dst>
      <dst id="16">5381.9022</dst>
      <dst id="14">37632.8800</dst>
      <dst id="20">881.3689</dst>
      <dst id="11">102605.6356</dst>
      <dst id="9">193040.8889</dst>
      <dst id="17">1340.8267</dst>
      <dst id="21">10132.7289</dst>
      <dst id="15">323.0933</dst>
    </src>
    <src id="21">
      <dst id="12">19480.6667</dst>
      <dst id="13">411.0311</dst>
      <dst id="19">439.5200</dst>
      <dst id="23">2.7022</dst>
      <dst id="8">93.8133</dst>
      <dst id="18">212.0711</dst>
      <dst id="4">18670.2844</dst>
      <dst id="1">2862.0000</dst>
      <dst id="5">685.4489</dst>
      <dst id="3">917.2000</dst>
      <dst id="22">1974.8889</dst>
      <dst id="7">806.6933</dst>
      <dst id="2">8693.9911</dst>
      <dst id="6">8.9333</dst>
      <dst id="16">29.7333</dst>
      <dst id="14">62.8533</dst>
      <dst id="20">22.5511</dst>
      <dst id="11">1053.6622</dst>
      <dst id="9">418.9511</dst>
      <dst id="17">3504.6400</dst>
      <dst id="21">2872.2933</dst>
      <dst id="15">86.6400</dst>
    </src>
    <src id="15">
      <dst id="12">661.9911</dst>
      <dst id="13">202.2222</dst>
      <dst id="19">2.1156</dst>
      <dst id="8">30.1067</dst>
      <dst id="18">24.5422</dst>
      <dst id="4">5615.0133</dst>
      <dst id="1">44.0533</dst>
      <dst id="5">375.5200</dst>
      <dst id="3">861.7867</dst>
      <dst id="7">69.7689</dst>
      <dst id="2">156.2844</dst>
      <dst id="11">2735.3244</dst>
      <dst id="9">271.3600</dst>
      <dst id="17">183.1911</dst>
      <dst id="21">60.8444</dst>
    </src>
  </IntraTM>
</TrafficMatrixFile>
