<?xml version="1.0" encoding="UTF-8" standalone="yes"?>
<TrafficMatrixFile xmlns:xsi="http://www.w3.org/2001/XMLSchema-instance" xsi:noNamespaceSchemaLocation="http://totem.run.montefiore.ulg.ac.be/Schema/TrafficMatrix-v1_2.xsd">
  <info>
    <title>Intradomain traffic matrix generated by geant-TM-all.pl</title>
    <date>2005-01-01T23:15:00</date>
    <duration>900</duration>
    <author>Steve Uhlig</author>
    <units>
        <unit type="bandwidth" value="kbps"/>
    </units>
  </info>
  <IntraTM ASID="20965">
    <src id="12">
      <dst id="12">320207.0311</dst>
      <dst id="13">31649.2000</dst>
      <dst id="19">3532.2844</dst>
      <dst id="23">2805.7867</dst>
      <dst id="8">2810.7111</dst>
      <dst id="18">3448.9689</dst>
      <dst id="4">100114.5067</dst>
      <dst id="1">11196.2400</dst>
      <dst id="5">10141.1467</dst>
      <dst id="3">19120.2933</dst>
      <dst id="22">41668.7111</dst>
      <dst id="7">3031.3422</dst>
      <dst id="2">93441.6978</dst>
      <dst id="6">11.3511</dst>
      <dst id="16">6363.9378</dst>
      <dst id="14">1962.6667</dst>
      <dst id="20">19800.0178</dst>
      <dst id="11">6910.5156</dst>
      <dst id="9">39451.7867</dst>
      <dst id="17">62100.0800</dst>
      <dst id="21">27951.5733</dst>
      <dst id="15">9087.8222</dst>
    </src>
    <src id="13">
      <dst id="12">66264.8000</dst>
      <dst id="19">9800.5600</dst>
      <dst id="23">918.4711</dst>
      <dst id="8">4241.2533</dst>
      <dst id="18">14438.5956</dst>
      <dst id="1">4525.9022</dst>
      <dst id="5">11819.4578</dst>
      <dst id="3">39962.3467</dst>
      <dst id="22">31047.3600</dst>
      <dst id="7">16125.7956</dst>
      <dst id="2">159282.8889</dst>
      <dst id="6">414.9689</dst>
      <dst id="16">7588.4444</dst>
      <dst id="14">7620.8267</dst>
      <dst id="20">28113.2000</dst>
      <dst id="11">27611.8400</dst>
      <dst id="9">33452.0800</dst>
      <dst id="17">389198.4800</dst>
      <dst id="21">27077.3333</dst>
      <dst id="15">6698.1600</dst>
    </src>
    <src id="19">
      <dst id="12">14921.6978</dst>
      <dst id="13">3122.9333</dst>
      <dst id="23">216.4178</dst>
      <dst id="8">216.9156</dst>
      <dst id="18">1130.9689</dst>
      <dst id="4">22918.8889</dst>
      <dst id="1">26.7378</dst>
      <dst id="5">46.7644</dst>
      <dst id="3">8794.4267</dst>
      <dst id="22">1609.9733</dst>
      <dst id="7">5171.7333</dst>
      <dst id="2">3826.5067</dst>
      <dst id="6">53.7422</dst>
      <dst id="16">11228.9156</dst>
      <dst id="14">13.6356</dst>
      <dst id="20">53.9822</dst>
      <dst id="11">1037.3689</dst>
      <dst id="9">1072.6756</dst>
      <dst id="17">560.1511</dst>
      <dst id="21">1525.3511</dst>
      <dst id="15">2771.3422</dst>
    </src>
    <src id="23">
      <dst id="12">713.2444</dst>
      <dst id="13">279.9467</dst>
      <dst id="19">55.2533</dst>
      <dst id="8">32.3200</dst>
      <dst id="18">285.4933</dst>
      <dst id="4">4.3822</dst>
      <dst id="1">98.3467</dst>
      <dst id="5">41.7511</dst>
      <dst id="3">440.0267</dst>
      <dst id="22">434.8178</dst>
      <dst id="7">171.1022</dst>
      <dst id="2">140.5067</dst>
      <dst id="6">2.0089</dst>
      <dst id="16">265.8667</dst>
      <dst id="14">67.5200</dst>
      <dst id="20">195.2000</dst>
      <dst id="11">124.0267</dst>
      <dst id="9">2856.6400</dst>
      <dst id="17">191.7422</dst>
      <dst id="21">1565.8044</dst>
      <dst id="15">244.6044</dst>
    </src>
    <src id="8">
      <dst id="12">451561.2711</dst>
      <dst id="13">729.8400</dst>
      <dst id="19">74.0889</dst>
      <dst id="23">44.1956</dst>
      <dst id="18">1270.6578</dst>
      <dst id="4">10165.8044</dst>
      <dst id="1">10.0889</dst>
      <dst id="5">14164.1956</dst>
      <dst id="3">1836.0356</dst>
      <dst id="22">3566.7111</dst>
      <dst id="7">216.7111</dst>
      <dst id="2">164266.5867</dst>
      <dst id="6">281.3867</dst>
      <dst id="16">552.2756</dst>
      <dst id="14">93.0844</dst>
      <dst id="20">906.7644</dst>
      <dst id="11">738.2044</dst>
      <dst id="9">3806.0800</dst>
      <dst id="17">90692.1333</dst>
      <dst id="21">3014.1778</dst>
      <dst id="15">187.7956</dst>
    </src>
    <src id="18">
      <dst id="12">166642.8533</dst>
      <dst id="13">383.2178</dst>
      <dst id="19">836.1156</dst>
      <dst id="23">10.4800</dst>
      <dst id="8">306.4533</dst>
      <dst id="4">2419.9911</dst>
      <dst id="1">908.8444</dst>
      <dst id="5">548.4622</dst>
      <dst id="3">236.3467</dst>
      <dst id="22">464.8978</dst>
      <dst id="7">130.1956</dst>
      <dst id="2">43344.3111</dst>
      <dst id="16">19.3422</dst>
      <dst id="14">1.5822</dst>
      <dst id="20">160.2311</dst>
      <dst id="11">262.5778</dst>
      <dst id="9">378.4444</dst>
      <dst id="17">39761.2622</dst>
      <dst id="21">1454.7644</dst>
      <dst id="15">1.8222</dst>
    </src>
    <src id="4">
      <dst id="12">21730.6044</dst>
      <dst id="19">5313.5022</dst>
      <dst id="23">0.9244</dst>
      <dst id="8">4415.8578</dst>
      <dst id="18">2185.1911</dst>
      <dst id="1">2695.6356</dst>
      <dst id="5">2605.4756</dst>
      <dst id="3">32513.2089</dst>
      <dst id="22">7886.6222</dst>
      <dst id="7">18844.9956</dst>
      <dst id="2">73638.4089</dst>
      <dst id="6">14.3911</dst>
      <dst id="16">2818.0622</dst>
      <dst id="14">1584.5156</dst>
      <dst id="20">4236.6311</dst>
      <dst id="11">13462.8533</dst>
      <dst id="9">4671.6444</dst>
      <dst id="17">71143.0578</dst>
      <dst id="21">16791.5911</dst>
      <dst id="15">1253.6444</dst>
    </src>
    <src id="1">
      <dst id="12">16864.6578</dst>
      <dst id="13">1575.0489</dst>
      <dst id="19">243.3422</dst>
      <dst id="23">441.2444</dst>
      <dst id="8">256431.3244</dst>
      <dst id="18">15463.1556</dst>
      <dst id="4">7918.4178</dst>
      <dst id="1">46.2489</dst>
      <dst id="5">305432.6489</dst>
      <dst id="3">84457.1467</dst>
      <dst id="22">6422.6756</dst>
      <dst id="7">17507.6444</dst>
      <dst id="2">16481.5644</dst>
      <dst id="6">11307.2978</dst>
      <dst id="16">11597.1644</dst>
      <dst id="14">448.3911</dst>
      <dst id="20">743.5022</dst>
      <dst id="11">2497.3956</dst>
      <dst id="9">395476.9778</dst>
      <dst id="17">3523.6444</dst>
      <dst id="21">22038.6933</dst>
      <dst id="15">152.7111</dst>
    </src>
    <src id="5">
      <dst id="12">375688.6756</dst>
      <dst id="13">3298.0267</dst>
      <dst id="19">95.2178</dst>
      <dst id="23">138.7733</dst>
      <dst id="8">15161.8489</dst>
      <dst id="18">266.3022</dst>
      <dst id="4">7399.9556</dst>
      <dst id="1">79.6356</dst>
      <dst id="3">1407.9556</dst>
      <dst id="22">4439.0756</dst>
      <dst id="7">913.3422</dst>
      <dst id="2">156923.9289</dst>
      <dst id="6">1.5911</dst>
      <dst id="16">1655.6444</dst>
      <dst id="14">47.8756</dst>
      <dst id="20">1473.0222</dst>
      <dst id="11">2351.2267</dst>
      <dst id="9">2115.0400</dst>
      <dst id="17">116485.1822</dst>
      <dst id="21">1139.8222</dst>
      <dst id="15">1007.5911</dst>
    </src>
    <src id="3">
      <dst id="12">17144.7111</dst>
      <dst id="13">853.3778</dst>
      <dst id="19">1776.8800</dst>
      <dst id="23">68.6133</dst>
      <dst id="8">291.1822</dst>
      <dst id="18">218305.4933</dst>
      <dst id="4">36294.0978</dst>
      <dst id="1">17413.6889</dst>
      <dst id="5">1896.8622</dst>
      <dst id="3">20424.8000</dst>
      <dst id="22">3343.6000</dst>
      <dst id="7">3042.6844</dst>
      <dst id="2">8293.1200</dst>
      <dst id="6">36.4000</dst>
      <dst id="16">1976.0000</dst>
      <dst id="14">66154.5867</dst>
      <dst id="20">3901.2889</dst>
      <dst id="11">248423.5111</dst>
      <dst id="9">1718.4978</dst>
      <dst id="17">20076.8089</dst>
      <dst id="21">11526.4000</dst>
      <dst id="15">66.3111</dst>
    </src>
    <src id="10">
      <dst id="12">19980.6222</dst>
      <dst id="19">2049.4400</dst>
      <dst id="8">4365.7956</dst>
      <dst id="18">4002.6133</dst>
      <dst id="1">1184.7556</dst>
      <dst id="5">1551.6711</dst>
      <dst id="3">27836.9156</dst>
      <dst id="22">9070.5156</dst>
      <dst id="7">7848.0711</dst>
      <dst id="2">40503.2267</dst>
      <dst id="6">43.8133</dst>
      <dst id="16">2286.0089</dst>
      <dst id="14">1938.5956</dst>
      <dst id="20">3556.9867</dst>
      <dst id="11">8470.2044</dst>
      <dst id="9">7046.6222</dst>
      <dst id="17">12294.8800</dst>
      <dst id="21">27794.6311</dst>
      <dst id="15">1435.0044</dst>
    </src>
    <src id="22">
      <dst id="12">22904.0444</dst>
      <dst id="13">6084.8889</dst>
      <dst id="19">107.3867</dst>
      <dst id="23">13.9644</dst>
      <dst id="8">3196.8178</dst>
      <dst id="18">3320.4711</dst>
      <dst id="4">24619.2533</dst>
      <dst id="1">353.8578</dst>
      <dst id="5">4513.4311</dst>
      <dst id="3">2557.6889</dst>
      <dst id="7">2219.2711</dst>
      <dst id="2">3804.6578</dst>
      <dst id="6">2.4533</dst>
      <dst id="16">7.3778</dst>
      <dst id="14">163.0400</dst>
      <dst id="11">4551.8844</dst>
      <dst id="9">3165.2533</dst>
      <dst id="17">6453.0933</dst>
      <dst id="21">2629.2622</dst>
    </src>
    <src id="7">
      <dst id="12">6407.7067</dst>
      <dst id="13">5091.0400</dst>
      <dst id="19">834.0889</dst>
      <dst id="23">514.3644</dst>
      <dst id="8">515.8222</dst>
      <dst id="18">620.3289</dst>
      <dst id="4">30166.9067</dst>
      <dst id="1">16591.1200</dst>
      <dst id="5">1552.1067</dst>
      <dst id="3">10732.6222</dst>
      <dst id="22">8968.2756</dst>
      <dst id="7">797.3689</dst>
      <dst id="2">8925.9022</dst>
      <dst id="6">228.4800</dst>
      <dst id="16">1456.8356</dst>
      <dst id="14">234.9511</dst>
      <dst id="20">2992.3556</dst>
      <dst id="11">2645.4133</dst>
      <dst id="9">1650.8622</dst>
      <dst id="17">4694.3378</dst>
      <dst id="21">8611.9822</dst>
      <dst id="15">792.1778</dst>
    </src>
    <src id="2">
      <dst id="12">138851.5467</dst>
      <dst id="13">7933.6000</dst>
      <dst id="19">11192.7911</dst>
      <dst id="23">21.6533</dst>
      <dst id="8">2824.5867</dst>
      <dst id="18">175779.3422</dst>
      <dst id="4">99898.6756</dst>
      <dst id="1">3139.1911</dst>
      <dst id="5">1439.2978</dst>
      <dst id="3">11791.5111</dst>
      <dst id="22">2355.8844</dst>
      <dst id="7">5280.1067</dst>
      <dst id="2">1741.1022</dst>
      <dst id="6">7240.0356</dst>
      <dst id="16">2802.3822</dst>
      <dst id="14">438.0533</dst>
      <dst id="20">2981.1733</dst>
      <dst id="11">9612.4622</dst>
      <dst id="9">1741.8578</dst>
      <dst id="17">15480.5867</dst>
      <dst id="21">13047.3156</dst>
      <dst id="15">287.0222</dst>
    </src>
    <src id="6">
      <dst id="12">12203.0044</dst>
      <dst id="13">18.5956</dst>
      <dst id="19">1.5822</dst>
      <dst id="23">34.4000</dst>
      <dst id="8">6.7822</dst>
      <dst id="18">22.9333</dst>
      <dst id="4">113.2800</dst>
      <dst id="1">1.6978</dst>
      <dst id="5">24.3822</dst>
      <dst id="3">263.1200</dst>
      <dst id="22">47.8667</dst>
      <dst id="7">39.8311</dst>
      <dst id="2">2288.6933</dst>
      <dst id="16">0.3556</dst>
      <dst id="20">34.4000</dst>
      <dst id="11">48.6844</dst>
      <dst id="9">90.3111</dst>
      <dst id="17">1624.4178</dst>
      <dst id="21">41.3244</dst>
      <dst id="15">18.5956</dst>
    </src>
    <src id="16">
      <dst id="12">3189.4489</dst>
      <dst id="13">833.9911</dst>
      <dst id="19">4348.3022</dst>
      <dst id="23">42.1867</dst>
      <dst id="8">7643.8222</dst>
      <dst id="18">96.1600</dst>
      <dst id="4">4473.3333</dst>
      <dst id="1">20897.9822</dst>
      <dst id="5">8372.5511</dst>
      <dst id="3">1705.5111</dst>
      <dst id="7">1551.9200</dst>
      <dst id="2">2463.2356</dst>
      <dst id="6">1.3867</dst>
      <dst id="16">50.8622</dst>
      <dst id="14">468.2400</dst>
      <dst id="11">354.9422</dst>
      <dst id="9">10374.6133</dst>
      <dst id="17">4448.0089</dst>
      <dst id="21">967.0311</dst>
    </src>
    <src id="14">
      <dst id="12">29202.4533</dst>
      <dst id="13">135.8578</dst>
      <dst id="19">11.9200</dst>
      <dst id="23">14.4800</dst>
      <dst id="8">3.4044</dst>
      <dst id="18">14.5156</dst>
      <dst id="4">3096.0800</dst>
      <dst id="1">82.9156</dst>
      <dst id="5">27.2000</dst>
      <dst id="3">152.2222</dst>
      <dst id="22">201.2000</dst>
      <dst id="7">186.2844</dst>
      <dst id="2">8562.2933</dst>
      <dst id="6">0.4622</dst>
      <dst id="16">10.7556</dst>
      <dst id="20">17.6356</dst>
      <dst id="11">61.9822</dst>
      <dst id="9">36.4978</dst>
      <dst id="17">6009.7244</dst>
      <dst id="21">481.3511</dst>
      <dst id="15">0.4622</dst>
    </src>
    <src id="20">
      <dst id="12">16173.3600</dst>
      <dst id="13">5629.4133</dst>
      <dst id="19">9.2622</dst>
      <dst id="23">2226.4178</dst>
      <dst id="8">356.4089</dst>
      <dst id="18">1472.7022</dst>
      <dst id="4">8587.6978</dst>
      <dst id="1">216.5333</dst>
      <dst id="5">2582.3644</dst>
      <dst id="3">5632.8089</dst>
      <dst id="7">178.9156</dst>
      <dst id="2">9708.4089</dst>
      <dst id="6">0.3556</dst>
      <dst id="16">4.6756</dst>
      <dst id="14">1330.7911</dst>
      <dst id="11">10788.8622</dst>
      <dst id="9">11589.4578</dst>
      <dst id="17">5084.1956</dst>
      <dst id="21">1307.9378</dst>
    </src>
    <src id="11">
      <dst id="12">460578.0711</dst>
      <dst id="13">7755.2978</dst>
      <dst id="19">165.2178</dst>
      <dst id="23">445.0578</dst>
      <dst id="8">1944.9956</dst>
      <dst id="18">781.5556</dst>
      <dst id="4">11879.7422</dst>
      <dst id="1">970.7911</dst>
      <dst id="5">2065.6800</dst>
      <dst id="3">2251.9022</dst>
      <dst id="22">4503.6444</dst>
      <dst id="7">393.9911</dst>
      <dst id="2">167889.8133</dst>
      <dst id="6">4.1156</dst>
      <dst id="16">394.5244</dst>
      <dst id="14">114.8356</dst>
      <dst id="20">1228.1511</dst>
      <dst id="11">3895.7511</dst>
      <dst id="9">1554.3911</dst>
      <dst id="17">102766.6756</dst>
      <dst id="21">2102.6044</dst>
      <dst id="15">609.4578</dst>
    </src>
    <src id="9">
      <dst id="12">599491.4133</dst>
      <dst id="13">11462.7911</dst>
      <dst id="19">370.0267</dst>
      <dst id="23">58.4711</dst>
      <dst id="8">2096.9689</dst>
      <dst id="18">1215.1200</dst>
      <dst id="4">8832.1778</dst>
      <dst id="1">381.7244</dst>
      <dst id="5">2461.1822</dst>
      <dst id="3">4066.2222</dst>
      <dst id="22">3361.7778</dst>
      <dst id="7">221.4044</dst>
      <dst id="2">222417.5022</dst>
      <dst id="6">63.3778</dst>
      <dst id="16">1989.3511</dst>
      <dst id="14">126.9333</dst>
      <dst id="20">11059.3333</dst>
      <dst id="11">1357.8756</dst>
      <dst id="9">854.1067</dst>
      <dst id="17">153148.5600</dst>
      <dst id="21">2554.9511</dst>
      <dst id="15">40897.7156</dst>
    </src>
    <src id="17">
      <dst id="12">10298.2311</dst>
      <dst id="13">11310.6844</dst>
      <dst id="19">2038.0889</dst>
      <dst id="23">188.6311</dst>
      <dst id="8">253980.2489</dst>
      <dst id="18">2601.3689</dst>
      <dst id="4">54405.8044</dst>
      <dst id="1">2358.2044</dst>
      <dst id="5">284669.0667</dst>
      <dst id="3">26441.2178</dst>
      <dst id="22">14215.0311</dst>
      <dst id="7">12255.0844</dst>
      <dst id="2">23206.6844</dst>
      <dst id="6">171.0133</dst>
      <dst id="16">5291.2622</dst>
      <dst id="14">42505.5467</dst>
      <dst id="20">2006.0178</dst>
      <dst id="11">196800.6133</dst>
      <dst id="9">355968.5156</dst>
      <dst id="17">2191.5911</dst>
      <dst id="21">22180.8000</dst>
      <dst id="15">2330.4178</dst>
    </src>
    <src id="21">
      <dst id="12">21015.7511</dst>
      <dst id="13">1087.2978</dst>
      <dst id="19">743.1111</dst>
      <dst id="23">207.3156</dst>
      <dst id="8">724.4444</dst>
      <dst id="18">2801.2533</dst>
      <dst id="4">39230.5244</dst>
      <dst id="1">4897.8133</dst>
      <dst id="5">1054.3111</dst>
      <dst id="3">5212.4267</dst>
      <dst id="22">2503.7956</dst>
      <dst id="7">1667.2889</dst>
      <dst id="2">10153.2533</dst>
      <dst id="6">20.8711</dst>
      <dst id="16">527.5644</dst>
      <dst id="14">253.0933</dst>
      <dst id="20">589.1644</dst>
      <dst id="11">1365.3867</dst>
      <dst id="9">2417.2889</dst>
      <dst id="17">4680.1600</dst>
      <dst id="21">2673.6178</dst>
      <dst id="15">1166.1600</dst>
    </src>
    <src id="15">
      <dst id="12">1990.7556</dst>
      <dst id="13">14785.4578</dst>
      <dst id="19">207.6356</dst>
      <dst id="23">6.1156</dst>
      <dst id="8">1207.3333</dst>
      <dst id="18">2.3289</dst>
      <dst id="4">2668.3200</dst>
      <dst id="1">103.7067</dst>
      <dst id="5">138.8178</dst>
      <dst id="3">623.7156</dst>
      <dst id="7">10.7556</dst>
      <dst id="2">351.7689</dst>
      <dst id="6">1.6178</dst>
      <dst id="16">0.6933</dst>
      <dst id="14">13.7778</dst>
      <dst id="11">512.3200</dst>
      <dst id="9">13244.7733</dst>
      <dst id="17">219.8667</dst>
      <dst id="21">203.8756</dst>
    </src>
  </IntraTM>
</TrafficMatrixFile>
