<?xml version="1.0" encoding="UTF-8" standalone="yes"?>
<TrafficMatrixFile xmlns:xsi="http://www.w3.org/2001/XMLSchema-instance" xsi:noNamespaceSchemaLocation="http://totem.run.montefiore.ulg.ac.be/Schema/TrafficMatrix-v1_2.xsd">
  <info>
    <title>Intradomain traffic matrix generated by geant-TM-all.pl</title>
    <date>2005-01-04T08:30:00</date>
    <duration>900</duration>
    <author>Steve Uhlig</author>
    <units>
        <unit type="bandwidth" value="kbps"/>
    </units>
  </info>
  <IntraTM ASID="20965">
    <src id="12">
      <dst id="12">216875.9111</dst>
      <dst id="13">19648.0978</dst>
      <dst id="19">2849.2178</dst>
      <dst id="23">69.8222</dst>
      <dst id="8">974.2222</dst>
      <dst id="18">269.8578</dst>
      <dst id="4">64218.0089</dst>
      <dst id="1">16255.7422</dst>
      <dst id="5">27417.5111</dst>
      <dst id="3">4944.2578</dst>
      <dst id="22">6319.0756</dst>
      <dst id="7">4924.3289</dst>
      <dst id="2">73638.0267</dst>
      <dst id="6">21.7600</dst>
      <dst id="16">4820.9689</dst>
      <dst id="14">201.7244</dst>
      <dst id="20">3607.4044</dst>
      <dst id="11">11724.3733</dst>
      <dst id="9">2916.7556</dst>
      <dst id="17">56530.5156</dst>
      <dst id="21">2499.3156</dst>
      <dst id="15">447.0756</dst>
    </src>
    <src id="13">
      <dst id="12">44408.0800</dst>
      <dst id="19">4714.7556</dst>
      <dst id="23">20.6933</dst>
      <dst id="8">5110.6667</dst>
      <dst id="18">1868.2578</dst>
      <dst id="1">2132.7378</dst>
      <dst id="5">8992.6311</dst>
      <dst id="3">6067.1378</dst>
      <dst id="22">18297.9733</dst>
      <dst id="7">7462.0089</dst>
      <dst id="2">103569.8133</dst>
      <dst id="6">98.5600</dst>
      <dst id="16">9648.5333</dst>
      <dst id="14">1939.2178</dst>
      <dst id="20">23420.2933</dst>
      <dst id="11">10665.8578</dst>
      <dst id="9">9678.2044</dst>
      <dst id="17">47813.9289</dst>
      <dst id="21">17501.5822</dst>
      <dst id="15">3615.1111</dst>
    </src>
    <src id="19">
      <dst id="12">19189.1822</dst>
      <dst id="13">930.0533</dst>
      <dst id="23">0.4622</dst>
      <dst id="8">0.8356</dst>
      <dst id="18">24.2044</dst>
      <dst id="4">20301.7867</dst>
      <dst id="1">781.8222</dst>
      <dst id="5">2.5067</dst>
      <dst id="3">0.3556</dst>
      <dst id="22">354.9778</dst>
      <dst id="7">2575.0844</dst>
      <dst id="2">161.8133</dst>
      <dst id="6">26.1333</dst>
      <dst id="16">6305.6711</dst>
      <dst id="14">1.0222</dst>
      <dst id="20">19.8756</dst>
      <dst id="11">1.5822</dst>
      <dst id="9">137.2800</dst>
      <dst id="17">171.0667</dst>
      <dst id="21">235.6444</dst>
      <dst id="15">956.1067</dst>
    </src>
    <src id="23">
      <dst id="12">194.4356</dst>
      <dst id="13">243.7600</dst>
      <dst id="19">0.5244</dst>
      <dst id="8">81.7778</dst>
      <dst id="4">13.7600</dst>
      <dst id="1">56.2133</dst>
      <dst id="5">3.8133</dst>
      <dst id="3">119.4311</dst>
      <dst id="22">191.5022</dst>
      <dst id="7">108.5244</dst>
      <dst id="2">805.8933</dst>
      <dst id="16">2.8178</dst>
      <dst id="20">1.3067</dst>
      <dst id="11">55.3156</dst>
      <dst id="9">539.0400</dst>
      <dst id="17">442.4711</dst>
      <dst id="21">37.5111</dst>
      <dst id="15">173.3333</dst>
    </src>
    <src id="8">
      <dst id="12">375536.6844</dst>
      <dst id="13">8472.5244</dst>
      <dst id="19">1.0044</dst>
      <dst id="23">7304.8178</dst>
      <dst id="18">3.3867</dst>
      <dst id="4">4050.3911</dst>
      <dst id="1">18298.7733</dst>
      <dst id="5">7186.3822</dst>
      <dst id="22">2787.7333</dst>
      <dst id="7">1013.7956</dst>
      <dst id="2">128241.8578</dst>
      <dst id="6">1.2356</dst>
      <dst id="16">7568.7378</dst>
      <dst id="20">6108.5333</dst>
      <dst id="11">114.0800</dst>
      <dst id="9">3842.7556</dst>
      <dst id="17">128032.0000</dst>
      <dst id="21">11279.9289</dst>
      <dst id="15">2761.5556</dst>
    </src>
    <src id="18">
      <dst id="12">97437.6800</dst>
      <dst id="13">918.5067</dst>
      <dst id="19">30.2044</dst>
      <dst id="23">1.8311</dst>
      <dst id="8">55.3956</dst>
      <dst id="4">3161.4756</dst>
      <dst id="1">950.4711</dst>
      <dst id="5">299.7067</dst>
      <dst id="3">83.0844</dst>
      <dst id="22">70.2667</dst>
      <dst id="7">17.4311</dst>
      <dst id="2">27624.5422</dst>
      <dst id="16">28.6844</dst>
      <dst id="14">29.6267</dst>
      <dst id="20">1.5644</dst>
      <dst id="11">31.4133</dst>
      <dst id="9">318.9244</dst>
      <dst id="17">29730.5689</dst>
      <dst id="21">259.9556</dst>
      <dst id="15">2.4178</dst>
    </src>
    <src id="4">
      <dst id="12">10042.3467</dst>
      <dst id="19">15326.6044</dst>
      <dst id="8">459.6178</dst>
      <dst id="18">605.7867</dst>
      <dst id="4">1.0578</dst>
      <dst id="1">34336.1067</dst>
      <dst id="5">1083.2000</dst>
      <dst id="3">62.0267</dst>
      <dst id="22">4401.6711</dst>
      <dst id="7">137585.4756</dst>
      <dst id="2">60133.9556</dst>
      <dst id="6">90.7022</dst>
      <dst id="16">1231.3067</dst>
      <dst id="14">968.6489</dst>
      <dst id="20">848.4267</dst>
      <dst id="11">2724.2489</dst>
      <dst id="9">1679.1556</dst>
      <dst id="17">29204.2400</dst>
      <dst id="21">2625.8311</dst>
      <dst id="15">362.0622</dst>
    </src>
    <src id="1">
      <dst id="12">14624.9511</dst>
      <dst id="13">339.3689</dst>
      <dst id="19">111.8756</dst>
      <dst id="23">34.8533</dst>
      <dst id="8">99960.4622</dst>
      <dst id="18">16676.6222</dst>
      <dst id="4">11417.6622</dst>
      <dst id="1">12827.1467</dst>
      <dst id="5">161171.8489</dst>
      <dst id="3">46.1156</dst>
      <dst id="22">681.4578</dst>
      <dst id="7">1145.9022</dst>
      <dst id="2">2449.7333</dst>
      <dst id="6">11790.7733</dst>
      <dst id="16">10373.3244</dst>
      <dst id="14">120.1333</dst>
      <dst id="20">39.1111</dst>
      <dst id="11">441.5467</dst>
      <dst id="9">158650.4978</dst>
      <dst id="17">4621.9200</dst>
      <dst id="21">1753.9644</dst>
      <dst id="15">505.3156</dst>
    </src>
    <src id="5">
      <dst id="12">256259.6444</dst>
      <dst id="13">4378.2578</dst>
      <dst id="19">0.3556</dst>
      <dst id="8">464.2133</dst>
      <dst id="18">460.3289</dst>
      <dst id="4">3890.2756</dst>
      <dst id="1">266.2489</dst>
      <dst id="3">6.6489</dst>
      <dst id="22">2695.6444</dst>
      <dst id="7">61.6000</dst>
      <dst id="2">102645.9378</dst>
      <dst id="6">10.3022</dst>
      <dst id="16">253.4400</dst>
      <dst id="14">12.8711</dst>
      <dst id="20">766.3733</dst>
      <dst id="11">516.2133</dst>
      <dst id="9">2351.5111</dst>
      <dst id="17">94052.7378</dst>
      <dst id="21">365.4489</dst>
      <dst id="15">156.8356</dst>
    </src>
    <src id="3">
      <dst id="12">17245.4133</dst>
      <dst id="13">305.0933</dst>
      <dst id="19">3782.4800</dst>
      <dst id="23">4811.4311</dst>
      <dst id="8">216.2667</dst>
      <dst id="18">45314.0533</dst>
      <dst id="4">30527.8667</dst>
      <dst id="1">8342.3733</dst>
      <dst id="5">301.6800</dst>
      <dst id="3">9683.9644</dst>
      <dst id="22">1170.2933</dst>
      <dst id="7">2258.1689</dst>
      <dst id="2">13998.7467</dst>
      <dst id="6">15.0400</dst>
      <dst id="16">962.6667</dst>
      <dst id="14">29592.5689</dst>
      <dst id="20">3499.8756</dst>
      <dst id="11">113585.6267</dst>
      <dst id="9">580.6222</dst>
      <dst id="17">10507.3422</dst>
      <dst id="21">7154.0978</dst>
      <dst id="15">49.9733</dst>
    </src>
    <src id="10">
      <dst id="12">18856.5156</dst>
      <dst id="19">3402.0356</dst>
      <dst id="8">907.7156</dst>
      <dst id="18">4484.1511</dst>
      <dst id="1">4331.3867</dst>
      <dst id="5">824.3733</dst>
      <dst id="3">1240.0444</dst>
      <dst id="22">7959.5644</dst>
      <dst id="7">15628.5067</dst>
      <dst id="2">23012.4089</dst>
      <dst id="6">60.9067</dst>
      <dst id="16">720.8356</dst>
      <dst id="14">772.5867</dst>
      <dst id="20">3020.0089</dst>
      <dst id="11">4867.6178</dst>
      <dst id="9">5414.2311</dst>
      <dst id="17">17270.8889</dst>
      <dst id="21">6388.3556</dst>
      <dst id="15">213.2711</dst>
    </src>
    <src id="22">
      <dst id="12">4830.8622</dst>
      <dst id="13">10105.6178</dst>
      <dst id="19">84.9778</dst>
      <dst id="23">1285.4667</dst>
      <dst id="8">857.6622</dst>
      <dst id="18">79.1378</dst>
      <dst id="4">16468.8178</dst>
      <dst id="1">1303.3156</dst>
      <dst id="5">2229.3422</dst>
      <dst id="3">326.5600</dst>
      <dst id="7">284.3289</dst>
      <dst id="2">2452.4889</dst>
      <dst id="6">40.4622</dst>
      <dst id="16">1.5467</dst>
      <dst id="14">56.2756</dst>
      <dst id="11">1290.2222</dst>
      <dst id="9">2397.1822</dst>
      <dst id="17">9906.0000</dst>
      <dst id="21">732.0444</dst>
    </src>
    <src id="7">
      <dst id="12">4364.6756</dst>
      <dst id="13">103.8311</dst>
      <dst id="19">35.2889</dst>
      <dst id="23">89.3067</dst>
      <dst id="8">140.7644</dst>
      <dst id="18">61.9911</dst>
      <dst id="4">28945.9022</dst>
      <dst id="1">4021.0933</dst>
      <dst id="5">1707.2356</dst>
      <dst id="3">494.9689</dst>
      <dst id="22">5477.2978</dst>
      <dst id="7">931.3067</dst>
      <dst id="2">5051.4044</dst>
      <dst id="6">52.5156</dst>
      <dst id="16">358.7467</dst>
      <dst id="14">34.6489</dst>
      <dst id="20">537.6622</dst>
      <dst id="11">523.7867</dst>
      <dst id="9">645.0311</dst>
      <dst id="17">5273.1289</dst>
      <dst id="21">1503.5556</dst>
      <dst id="15">187.8578</dst>
    </src>
    <src id="2">
      <dst id="12">65687.0489</dst>
      <dst id="13">525146.8711</dst>
      <dst id="19">634.8089</dst>
      <dst id="8">2527.6800</dst>
      <dst id="18">49756.0444</dst>
      <dst id="4">90723.0400</dst>
      <dst id="1">4141.7422</dst>
      <dst id="5">2947.7511</dst>
      <dst id="3">72.7378</dst>
      <dst id="22">9421.9111</dst>
      <dst id="7">1369.5289</dst>
      <dst id="2">461.6533</dst>
      <dst id="6">6561.4667</dst>
      <dst id="16">2544.8267</dst>
      <dst id="14">5486.7556</dst>
      <dst id="20">560.4267</dst>
      <dst id="11">3497.5467</dst>
      <dst id="9">4146.6489</dst>
      <dst id="17">22855.9378</dst>
      <dst id="21">856.6578</dst>
      <dst id="15">45.2711</dst>
    </src>
    <src id="6">
      <dst id="12">9277.0044</dst>
      <dst id="13">9.4133</dst>
      <dst id="19">1.2444</dst>
      <dst id="8">0.3556</dst>
      <dst id="4">1330.2844</dst>
      <dst id="1">0.3556</dst>
      <dst id="5">2.3467</dst>
      <dst id="22">3.2622</dst>
      <dst id="7">1.3067</dst>
      <dst id="2">2585.0844</dst>
      <dst id="16">0.5689</dst>
      <dst id="11">2.1600</dst>
      <dst id="9">1.7600</dst>
      <dst id="17">1044.8978</dst>
      <dst id="21">7.2533</dst>
      <dst id="15">13.2622</dst>
    </src>
    <src id="16">
      <dst id="12">2422.4533</dst>
      <dst id="13">329.5467</dst>
      <dst id="19">3424.8533</dst>
      <dst id="23">11.9822</dst>
      <dst id="8">4605.5289</dst>
      <dst id="18">13.0133</dst>
      <dst id="4">4258.4178</dst>
      <dst id="1">18310.0978</dst>
      <dst id="5">3350.9689</dst>
      <dst id="3">1.3689</dst>
      <dst id="22">13.3333</dst>
      <dst id="7">416.8533</dst>
      <dst id="2">446.6133</dst>
      <dst id="16">41.3778</dst>
      <dst id="14">1.5378</dst>
      <dst id="11">171.4311</dst>
      <dst id="9">3336.8533</dst>
      <dst id="17">3255.3422</dst>
      <dst id="21">2238.1333</dst>
    </src>
    <src id="14">
      <dst id="12">15027.5467</dst>
      <dst id="13">129.6178</dst>
      <dst id="19">6.3822</dst>
      <dst id="18">0.7111</dst>
      <dst id="4">2620.3644</dst>
      <dst id="1">55.5467</dst>
      <dst id="5">1.0667</dst>
      <dst id="3">45.5111</dst>
      <dst id="22">118.9778</dst>
      <dst id="7">78.9867</dst>
      <dst id="2">3336.3378</dst>
      <dst id="16">15.0044</dst>
      <dst id="11">85.8578</dst>
      <dst id="9">7.6178</dst>
      <dst id="17">7436.1244</dst>
      <dst id="21">117.1022</dst>
      <dst id="15">0.4267</dst>
    </src>
    <src id="20">
      <dst id="12">460.8711</dst>
      <dst id="13">1097.5200</dst>
      <dst id="19">12.1956</dst>
      <dst id="8">189.6533</dst>
      <dst id="18">0.9600</dst>
      <dst id="4">10646.4000</dst>
      <dst id="1">165.7333</dst>
      <dst id="5">3929.1556</dst>
      <dst id="3">1086.5956</dst>
      <dst id="7">2404.9244</dst>
      <dst id="2">745.5822</dst>
      <dst id="6">0.3556</dst>
      <dst id="14">2.2933</dst>
      <dst id="11">503.3333</dst>
      <dst id="9">13610.0800</dst>
      <dst id="17">332.9689</dst>
      <dst id="21">170.2400</dst>
    </src>
    <src id="11">
      <dst id="12">419119.8578</dst>
      <dst id="13">5132.8533</dst>
      <dst id="19">22.8889</dst>
      <dst id="23">2.3111</dst>
      <dst id="8">182.2667</dst>
      <dst id="18">30.2844</dst>
      <dst id="4">10724.7822</dst>
      <dst id="1">415.3867</dst>
      <dst id="5">971.0756</dst>
      <dst id="3">290.8089</dst>
      <dst id="22">4099.8578</dst>
      <dst id="7">770.0889</dst>
      <dst id="2">153496.4800</dst>
      <dst id="16">275.1022</dst>
      <dst id="14">36.1156</dst>
      <dst id="20">677.9022</dst>
      <dst id="11">1295.9378</dst>
      <dst id="9">1144.7111</dst>
      <dst id="17">159179.6711</dst>
      <dst id="21">251.2800</dst>
      <dst id="15">109.4933</dst>
    </src>
    <src id="9">
      <dst id="12">413178.5244</dst>
      <dst id="13">2237.2622</dst>
      <dst id="19">5.1289</dst>
      <dst id="23">16.8000</dst>
      <dst id="8">343.4933</dst>
      <dst id="18">110.8978</dst>
      <dst id="4">8284.3022</dst>
      <dst id="1">2181.3422</dst>
      <dst id="5">1345.0133</dst>
      <dst id="3">7.9378</dst>
      <dst id="22">2988.2844</dst>
      <dst id="7">17.2000</dst>
      <dst id="2">149343.3067</dst>
      <dst id="6">0.6933</dst>
      <dst id="16">2997.7600</dst>
      <dst id="14">14.2400</dst>
      <dst id="20">993.1022</dst>
      <dst id="11">3874.4800</dst>
      <dst id="9">231.1200</dst>
      <dst id="17">159222.7911</dst>
      <dst id="21">714.5422</dst>
      <dst id="15">8756.5156</dst>
    </src>
    <src id="17">
      <dst id="12">2702.7556</dst>
      <dst id="13">927.2711</dst>
      <dst id="19">621.2267</dst>
      <dst id="23">38.7200</dst>
      <dst id="8">110418.5156</dst>
      <dst id="18">86.4889</dst>
      <dst id="4">203462.2489</dst>
      <dst id="1">1072.5156</dst>
      <dst id="5">155250.9600</dst>
      <dst id="3">10805.6178</dst>
      <dst id="22">3834.8533</dst>
      <dst id="7">1392.5244</dst>
      <dst id="2">6616.9778</dst>
      <dst id="6">143.7244</dst>
      <dst id="16">3636.8089</dst>
      <dst id="14">18552.0000</dst>
      <dst id="20">425.2178</dst>
      <dst id="11">87290.0978</dst>
      <dst id="9">140405.0311</dst>
      <dst id="17">2088.7822</dst>
      <dst id="21">3164.7378</dst>
      <dst id="15">62.4889</dst>
    </src>
    <src id="21">
      <dst id="12">23040.2489</dst>
      <dst id="13">648.3022</dst>
      <dst id="19">68.4178</dst>
      <dst id="23">2.6311</dst>
      <dst id="8">343.7422</dst>
      <dst id="18">2032.6933</dst>
      <dst id="4">7434.2933</dst>
      <dst id="1">2032.4000</dst>
      <dst id="5">320.2667</dst>
      <dst id="3">758.9156</dst>
      <dst id="22">536.1600</dst>
      <dst id="7">784.3022</dst>
      <dst id="2">11226.4711</dst>
      <dst id="6">12.9067</dst>
      <dst id="16">1020.8533</dst>
      <dst id="14">118.4356</dst>
      <dst id="20">176.7200</dst>
      <dst id="11">1507.9467</dst>
      <dst id="9">806.1422</dst>
      <dst id="17">5217.7689</dst>
      <dst id="21">842.6400</dst>
      <dst id="15">22.6667</dst>
    </src>
    <src id="15">
      <dst id="12">88.2400</dst>
      <dst id="13">595.6889</dst>
      <dst id="19">3314.5422</dst>
      <dst id="23">3.1111</dst>
      <dst id="8">203.4756</dst>
      <dst id="4">2507.7156</dst>
      <dst id="1">550.3378</dst>
      <dst id="5">4635.8844</dst>
      <dst id="3">6.8533</dst>
      <dst id="7">1.7244</dst>
      <dst id="2">35.7600</dst>
      <dst id="11">22.5244</dst>
      <dst id="9">1084.6933</dst>
      <dst id="17">3098.6133</dst>
      <dst id="21">130.8533</dst>
    </src>
  </IntraTM>
</TrafficMatrixFile>
