<?xml version="1.0" encoding="UTF-8" standalone="yes"?>
<TrafficMatrixFile xmlns:xsi="http://www.w3.org/2001/XMLSchema-instance" xsi:noNamespaceSchemaLocation="http://totem.run.montefiore.ulg.ac.be/Schema/TrafficMatrix-v1_2.xsd">
  <info>
    <title>Intradomain traffic matrix generated by geant-TM-all.pl</title>
    <date>2005-01-06T04:00:00</date>
    <duration>900</duration>
    <author>Steve Uhlig</author>
    <units>
        <unit type="bandwidth" value="kbps"/>
    </units>
  </info>
  <IntraTM ASID="20965">
    <src id="12">
      <dst id="12">327847.0844</dst>
      <dst id="13">37076.5689</dst>
      <dst id="19">6989.9289</dst>
      <dst id="23">297.9289</dst>
      <dst id="8">2494.2311</dst>
      <dst id="18">4990.3733</dst>
      <dst id="4">138760.6578</dst>
      <dst id="1">11176.3022</dst>
      <dst id="5">48614.7822</dst>
      <dst id="3">9920.3200</dst>
      <dst id="22">19454.0978</dst>
      <dst id="7">5455.5644</dst>
      <dst id="2">119608.4000</dst>
      <dst id="6">59.4933</dst>
      <dst id="16">14906.9600</dst>
      <dst id="14">269.3511</dst>
      <dst id="20">17597.8311</dst>
      <dst id="11">7679.1911</dst>
      <dst id="9">20790.3467</dst>
      <dst id="17">103638.0711</dst>
      <dst id="21">11971.4400</dst>
      <dst id="15">7969.6711</dst>
    </src>
    <src id="13">
      <dst id="12">111037.7600</dst>
      <dst id="19">10437.3244</dst>
      <dst id="23">112.6133</dst>
      <dst id="8">8175.0311</dst>
      <dst id="18">7275.6889</dst>
      <dst id="4">3.3244</dst>
      <dst id="1">20169.6444</dst>
      <dst id="5">10133.2622</dst>
      <dst id="3">13444.2222</dst>
      <dst id="22">29222.8800</dst>
      <dst id="7">21192.9956</dst>
      <dst id="2">129115.4400</dst>
      <dst id="6">173.9467</dst>
      <dst id="16">12515.0222</dst>
      <dst id="14">5343.4222</dst>
      <dst id="20">28306.0178</dst>
      <dst id="11">20614.1244</dst>
      <dst id="9">24871.2800</dst>
      <dst id="17">85124.5422</dst>
      <dst id="21">36673.3244</dst>
      <dst id="15">15191.0933</dst>
    </src>
    <src id="19">
      <dst id="12">21086.3111</dst>
      <dst id="13">2056.0622</dst>
      <dst id="23">215.4311</dst>
      <dst id="8">54.8089</dst>
      <dst id="18">2774.3644</dst>
      <dst id="4">18261.0133</dst>
      <dst id="1">684.9422</dst>
      <dst id="5">20.1156</dst>
      <dst id="22">1474.5156</dst>
      <dst id="7">5868.8444</dst>
      <dst id="2">5022.6667</dst>
      <dst id="6">38.9867</dst>
      <dst id="16">4687.4933</dst>
      <dst id="14">0.6933</dst>
      <dst id="20">3711.5467</dst>
      <dst id="11">105.6978</dst>
      <dst id="9">7543.6622</dst>
      <dst id="17">14995.7422</dst>
      <dst id="21">2235.6711</dst>
      <dst id="15">1.9733</dst>
    </src>
    <src id="23">
      <dst id="12">338.6489</dst>
      <dst id="13">420.8978</dst>
      <dst id="19">45.6267</dst>
      <dst id="18">12.3644</dst>
      <dst id="4">33.1467</dst>
      <dst id="1">74.4889</dst>
      <dst id="5">271.6444</dst>
      <dst id="3">187.5822</dst>
      <dst id="22">456.3911</dst>
      <dst id="7">298.2667</dst>
      <dst id="2">18.0533</dst>
      <dst id="16">423.5644</dst>
      <dst id="20">95.5378</dst>
      <dst id="11">113.0133</dst>
      <dst id="9">393.9556</dst>
      <dst id="17">350.7556</dst>
      <dst id="21">307.3511</dst>
      <dst id="15">0.4978</dst>
    </src>
    <src id="8">
      <dst id="12">378286.7022</dst>
      <dst id="13">1165.0222</dst>
      <dst id="19">107.1733</dst>
      <dst id="23">13.3333</dst>
      <dst id="18">1358.5600</dst>
      <dst id="4">10405.5822</dst>
      <dst id="1">1060.1867</dst>
      <dst id="5">10104.4533</dst>
      <dst id="3">3.1467</dst>
      <dst id="22">1011.4044</dst>
      <dst id="7">280.9244</dst>
      <dst id="2">148575.1200</dst>
      <dst id="6">0.4178</dst>
      <dst id="16">749.5200</dst>
      <dst id="20">1165.9822</dst>
      <dst id="11">2819.8667</dst>
      <dst id="9">951.5556</dst>
      <dst id="17">137475.0578</dst>
      <dst id="21">782.0444</dst>
      <dst id="15">73.7244</dst>
    </src>
    <src id="18">
      <dst id="12">131205.8222</dst>
      <dst id="13">399.9200</dst>
      <dst id="19">1051.8044</dst>
      <dst id="23">8.2489</dst>
      <dst id="8">147.6444</dst>
      <dst id="4">3665.1378</dst>
      <dst id="1">886.7022</dst>
      <dst id="5">353.9733</dst>
      <dst id="3">141.8844</dst>
      <dst id="22">1618.7733</dst>
      <dst id="7">29.2533</dst>
      <dst id="2">41086.0000</dst>
      <dst id="16">112.9689</dst>
      <dst id="14">10.6489</dst>
      <dst id="20">53.7511</dst>
      <dst id="11">655.4311</dst>
      <dst id="9">566.1156</dst>
      <dst id="17">51498.9956</dst>
      <dst id="21">1536.5778</dst>
      <dst id="15">6.0089</dst>
    </src>
    <src id="4">
      <dst id="12">20446.5956</dst>
      <dst id="19">7457.6267</dst>
      <dst id="8">4427.4311</dst>
      <dst id="18">1873.0311</dst>
      <dst id="4">2.9156</dst>
      <dst id="1">203018.4000</dst>
      <dst id="5">3250.3644</dst>
      <dst id="3">241.0667</dst>
      <dst id="22">7524.6844</dst>
      <dst id="7">34403.5911</dst>
      <dst id="2">87948.7911</dst>
      <dst id="6">14.0533</dst>
      <dst id="16">2628.8978</dst>
      <dst id="14">2112.6844</dst>
      <dst id="20">2110.4622</dst>
      <dst id="11">3420.3022</dst>
      <dst id="9">5817.8844</dst>
      <dst id="17">27619.4578</dst>
      <dst id="21">14052.5600</dst>
      <dst id="15">864.1511</dst>
    </src>
    <src id="1">
      <dst id="12">20182.2133</dst>
      <dst id="13">5532.1422</dst>
      <dst id="19">1635.1911</dst>
      <dst id="23">22.1244</dst>
      <dst id="8">169579.1733</dst>
      <dst id="18">16406.8000</dst>
      <dst id="4">26630.9244</dst>
      <dst id="1">44608.8089</dst>
      <dst id="5">286109.5644</dst>
      <dst id="3">302.0889</dst>
      <dst id="22">7088.3200</dst>
      <dst id="7">34655.3689</dst>
      <dst id="2">30529.6711</dst>
      <dst id="6">12653.6978</dst>
      <dst id="16">9332.5778</dst>
      <dst id="14">31.5378</dst>
      <dst id="20">1171.1378</dst>
      <dst id="11">431.9911</dst>
      <dst id="9">294801.9378</dst>
      <dst id="17">21744.2756</dst>
      <dst id="21">23463.8489</dst>
      <dst id="15">1190.6133</dst>
    </src>
    <src id="5">
      <dst id="12">395182.3467</dst>
      <dst id="13">12602.3644</dst>
      <dst id="19">193.5111</dst>
      <dst id="23">33.4222</dst>
      <dst id="8">12600.8978</dst>
      <dst id="18">736.5244</dst>
      <dst id="4">10699.1556</dst>
      <dst id="1">1525.8578</dst>
      <dst id="3">351.5644</dst>
      <dst id="22">10026.8533</dst>
      <dst id="7">196.9067</dst>
      <dst id="2">173216.3644</dst>
      <dst id="6">1.7600</dst>
      <dst id="16">1495.3867</dst>
      <dst id="14">55.2889</dst>
      <dst id="20">1840.2667</dst>
      <dst id="11">2026.7289</dst>
      <dst id="9">2871.0133</dst>
      <dst id="17">153276.0711</dst>
      <dst id="21">331.8133</dst>
      <dst id="15">394.2667</dst>
    </src>
    <src id="3">
      <dst id="12">9060.1778</dst>
      <dst id="13">617.2800</dst>
      <dst id="19">1558.0000</dst>
      <dst id="23">6884.3556</dst>
      <dst id="8">1272.5422</dst>
      <dst id="18">143986.2667</dst>
      <dst id="4">98131.9022</dst>
      <dst id="1">5944.8533</dst>
      <dst id="5">603.2267</dst>
      <dst id="3">13765.9200</dst>
      <dst id="22">600.3378</dst>
      <dst id="7">29898.3733</dst>
      <dst id="2">7255.1378</dst>
      <dst id="6">1.3867</dst>
      <dst id="16">2514.1689</dst>
      <dst id="14">45116.3289</dst>
      <dst id="20">816.5778</dst>
      <dst id="11">239604.8356</dst>
      <dst id="9">401.9200</dst>
      <dst id="17">23855.2000</dst>
      <dst id="21">13017.3244</dst>
      <dst id="15">45.0667</dst>
    </src>
    <src id="10">
      <dst id="12">9190.5600</dst>
      <dst id="19">5598.8178</dst>
      <dst id="8">3706.6311</dst>
      <dst id="18">4066.4533</dst>
      <dst id="1">2510.7822</dst>
      <dst id="5">1583.2889</dst>
      <dst id="3">34314.3111</dst>
      <dst id="22">5873.9644</dst>
      <dst id="7">8533.8667</dst>
      <dst id="2">34688.7111</dst>
      <dst id="6">16.2667</dst>
      <dst id="16">5528.4178</dst>
      <dst id="14">1334.7378</dst>
      <dst id="20">5111.0311</dst>
      <dst id="11">4296.1689</dst>
      <dst id="9">4294.5689</dst>
      <dst id="17">35429.0222</dst>
      <dst id="21">17626.1956</dst>
      <dst id="15">177.9644</dst>
    </src>
    <src id="22">
      <dst id="12">7819.3689</dst>
      <dst id="13">5268.3200</dst>
      <dst id="19">284.5956</dst>
      <dst id="23">21.4756</dst>
      <dst id="8">2813.7778</dst>
      <dst id="18">1095.7244</dst>
      <dst id="4">26560.8800</dst>
      <dst id="1">522.7200</dst>
      <dst id="5">5238.4711</dst>
      <dst id="3">1474.6933</dst>
      <dst id="7">5149.1378</dst>
      <dst id="2">4621.6000</dst>
      <dst id="6">2.4089</dst>
      <dst id="16">37.5111</dst>
      <dst id="14">97.8311</dst>
      <dst id="11">5544.3111</dst>
      <dst id="9">4767.8756</dst>
      <dst id="17">5407.5911</dst>
      <dst id="21">2595.0578</dst>
    </src>
    <src id="7">
      <dst id="12">3892.6667</dst>
      <dst id="13">1063.6444</dst>
      <dst id="19">1682.3378</dst>
      <dst id="23">48.6578</dst>
      <dst id="8">581.1378</dst>
      <dst id="18">2453.6622</dst>
      <dst id="4">25624.1156</dst>
      <dst id="1">44775.0844</dst>
      <dst id="5">912.5244</dst>
      <dst id="3">2625.2889</dst>
      <dst id="22">6334.3733</dst>
      <dst id="7">767.9289</dst>
      <dst id="2">11594.5778</dst>
      <dst id="6">11.5733</dst>
      <dst id="16">7497.5556</dst>
      <dst id="14">110.1244</dst>
      <dst id="20">2562.1956</dst>
      <dst id="11">2641.7067</dst>
      <dst id="9">2487.2800</dst>
      <dst id="17">10874.9511</dst>
      <dst id="21">4958.3289</dst>
      <dst id="15">1183.0489</dst>
    </src>
    <src id="2">
      <dst id="12">144392.9156</dst>
      <dst id="13">518489.9467</dst>
      <dst id="19">2042.0622</dst>
      <dst id="23">3.2711</dst>
      <dst id="8">2075.9467</dst>
      <dst id="18">121786.5511</dst>
      <dst id="4">126487.7867</dst>
      <dst id="1">15690.4622</dst>
      <dst id="5">2480.0622</dst>
      <dst id="3">1306.3467</dst>
      <dst id="22">3112.4622</dst>
      <dst id="7">18719.2444</dst>
      <dst id="2">1878.9600</dst>
      <dst id="6">9059.4222</dst>
      <dst id="16">2512.6933</dst>
      <dst id="14">4101.7956</dst>
      <dst id="20">6887.6711</dst>
      <dst id="11">4683.1289</dst>
      <dst id="9">2132.5156</dst>
      <dst id="17">39684.2133</dst>
      <dst id="21">9187.6444</dst>
      <dst id="15">2645.0933</dst>
    </src>
    <src id="6">
      <dst id="12">10936.2400</dst>
      <dst id="13">0.6311</dst>
      <dst id="19">3.9111</dst>
      <dst id="23">0.9244</dst>
      <dst id="8">13.5733</dst>
      <dst id="18">1.0667</dst>
      <dst id="4">102.5867</dst>
      <dst id="1">4.7200</dst>
      <dst id="22">2.0178</dst>
      <dst id="7">10.6133</dst>
      <dst id="2">3033.7511</dst>
      <dst id="16">12.2489</dst>
      <dst id="20">13.6533</dst>
      <dst id="11">15.2889</dst>
      <dst id="17">1826.7733</dst>
      <dst id="21">15.5289</dst>
      <dst id="15">0.3556</dst>
    </src>
    <src id="16">
      <dst id="12">6669.0933</dst>
      <dst id="13">613.7867</dst>
      <dst id="19">2460.4978</dst>
      <dst id="23">303.6267</dst>
      <dst id="8">9758.3289</dst>
      <dst id="18">319.8933</dst>
      <dst id="4">10021.3689</dst>
      <dst id="1">15928.1600</dst>
      <dst id="5">6884.0356</dst>
      <dst id="3">340.1422</dst>
      <dst id="7">6309.9556</dst>
      <dst id="2">841.2622</dst>
      <dst id="6">6.1778</dst>
      <dst id="16">63.9467</dst>
      <dst id="14">40.4267</dst>
      <dst id="11">1345.3511</dst>
      <dst id="9">6610.4889</dst>
      <dst id="17">4581.5289</dst>
      <dst id="21">999.4489</dst>
    </src>
    <src id="14">
      <dst id="12">24849.2978</dst>
      <dst id="13">51.6800</dst>
      <dst id="19">18.8889</dst>
      <dst id="23">0.3556</dst>
      <dst id="8">9.4844</dst>
      <dst id="18">12.6222</dst>
      <dst id="4">3597.5378</dst>
      <dst id="1">84.1244</dst>
      <dst id="5">1.7244</dst>
      <dst id="3">41.2267</dst>
      <dst id="22">22.3022</dst>
      <dst id="7">67.3689</dst>
      <dst id="2">7081.7422</dst>
      <dst id="16">2.6044</dst>
      <dst id="20">1.4222</dst>
      <dst id="11">66.1422</dst>
      <dst id="9">50.3022</dst>
      <dst id="17">11410.2133</dst>
      <dst id="21">49.2622</dst>
      <dst id="15">2.3111</dst>
    </src>
    <src id="20">
      <dst id="12">11391.7511</dst>
      <dst id="13">7229.9022</dst>
      <dst id="19">2663.3156</dst>
      <dst id="23">29.8311</dst>
      <dst id="8">2789.0489</dst>
      <dst id="18">85.0311</dst>
      <dst id="4">13401.7244</dst>
      <dst id="1">7521.9733</dst>
      <dst id="5">10320.3644</dst>
      <dst id="3">488.8178</dst>
      <dst id="7">1008.9422</dst>
      <dst id="2">3092.1778</dst>
      <dst id="6">40.5600</dst>
      <dst id="16">13.7422</dst>
      <dst id="14">7.8044</dst>
      <dst id="11">3329.8400</dst>
      <dst id="9">6778.2933</dst>
      <dst id="17">1131.0222</dst>
      <dst id="21">918.4444</dst>
    </src>
    <src id="11">
      <dst id="12">456245.9200</dst>
      <dst id="13">2214.6578</dst>
      <dst id="19">307.0222</dst>
      <dst id="23">187.5733</dst>
      <dst id="8">685.4044</dst>
      <dst id="18">1063.8133</dst>
      <dst id="4">13865.8222</dst>
      <dst id="1">1101.8844</dst>
      <dst id="5">1171.0044</dst>
      <dst id="3">1215.8578</dst>
      <dst id="22">2044.1600</dst>
      <dst id="7">2016.8889</dst>
      <dst id="2">201992.1067</dst>
      <dst id="6">751.0222</dst>
      <dst id="16">640.4178</dst>
      <dst id="14">138.4622</dst>
      <dst id="20">1733.8933</dst>
      <dst id="11">1740.9600</dst>
      <dst id="9">3726.1156</dst>
      <dst id="17">203599.1200</dst>
      <dst id="21">1116.7289</dst>
      <dst id="15">142.5778</dst>
    </src>
    <src id="9">
      <dst id="12">539424.9244</dst>
      <dst id="13">3531.5822</dst>
      <dst id="19">369.9111</dst>
      <dst id="23">13.2178</dst>
      <dst id="8">284.8533</dst>
      <dst id="18">785.5378</dst>
      <dst id="4">19251.3600</dst>
      <dst id="1">1767.9822</dst>
      <dst id="5">16892.8000</dst>
      <dst id="3">9.6800</dst>
      <dst id="22">4065.2000</dst>
      <dst id="7">727.9911</dst>
      <dst id="2">216539.8578</dst>
      <dst id="6">1.1644</dst>
      <dst id="16">830.2933</dst>
      <dst id="14">40.7467</dst>
      <dst id="20">16242.1600</dst>
      <dst id="11">1563.8222</dst>
      <dst id="9">233.2444</dst>
      <dst id="17">200127.8667</dst>
      <dst id="21">1244.1067</dst>
      <dst id="15">3437.4844</dst>
    </src>
    <src id="17">
      <dst id="12">8307.4133</dst>
      <dst id="13">4576.8622</dst>
      <dst id="19">604.4267</dst>
      <dst id="23">331.2622</dst>
      <dst id="8">196656.7556</dst>
      <dst id="18">3476.4000</dst>
      <dst id="4">120882.5689</dst>
      <dst id="1">3848.0800</dst>
      <dst id="5">281187.5644</dst>
      <dst id="3">10367.4044</dst>
      <dst id="22">4559.2889</dst>
      <dst id="7">2728.3289</dst>
      <dst id="2">34067.0311</dst>
      <dst id="6">239.2356</dst>
      <dst id="16">5388.4978</dst>
      <dst id="14">40409.8133</dst>
      <dst id="20">8606.3022</dst>
      <dst id="11">189236.6133</dst>
      <dst id="9">288688.4444</dst>
      <dst id="17">2038.2044</dst>
      <dst id="21">16943.8311</dst>
      <dst id="15">938.0000</dst>
    </src>
    <src id="21">
      <dst id="12">24247.2978</dst>
      <dst id="13">2626.7378</dst>
      <dst id="19">449.3067</dst>
      <dst id="23">135.4311</dst>
      <dst id="8">124.6667</dst>
      <dst id="18">8214.7822</dst>
      <dst id="4">29890.2044</dst>
      <dst id="1">5370.9689</dst>
      <dst id="5">377.8489</dst>
      <dst id="3">21108.1422</dst>
      <dst id="22">2365.5911</dst>
      <dst id="7">1674.5867</dst>
      <dst id="2">19807.7778</dst>
      <dst id="6">5.5289</dst>
      <dst id="16">2001.4844</dst>
      <dst id="14">56.7467</dst>
      <dst id="20">2499.6533</dst>
      <dst id="11">3286.5067</dst>
      <dst id="9">1600.5511</dst>
      <dst id="17">7032.7733</dst>
      <dst id="21">4576.8000</dst>
      <dst id="15">1444.7111</dst>
    </src>
    <src id="15">
      <dst id="12">1151.1733</dst>
      <dst id="13">914.9867</dst>
      <dst id="19">87.7956</dst>
      <dst id="23">13.3333</dst>
      <dst id="8">598.5244</dst>
      <dst id="18">33.4222</dst>
      <dst id="4">2015.8311</dst>
      <dst id="1">4533.0222</dst>
      <dst id="5">1405.4844</dst>
      <dst id="3">0.4622</dst>
      <dst id="7">57.2978</dst>
      <dst id="2">245.1289</dst>
      <dst id="6">0.4622</dst>
      <dst id="14">124.4444</dst>
      <dst id="11">215.1378</dst>
      <dst id="9">2352.0622</dst>
      <dst id="17">14605.8756</dst>
      <dst id="21">86.3378</dst>
    </src>
  </IntraTM>
</TrafficMatrixFile>
