<?xml version="1.0" encoding="UTF-8" standalone="yes"?>
<TrafficMatrixFile xmlns:xsi="http://www.w3.org/2001/XMLSchema-instance" xsi:noNamespaceSchemaLocation="http://totem.run.montefiore.ulg.ac.be/Schema/TrafficMatrix-v1_2.xsd">
  <info>
    <title>Intradomain traffic matrix generated by geant-TM-all.pl</title>
    <date>2005-01-03T22:30:00</date>
    <duration>900</duration>
    <author>Steve Uhlig</author>
    <units>
        <unit type="bandwidth" value="kbps"/>
    </units>
  </info>
  <IntraTM ASID="20965">
    <src id="12">
      <dst id="12">258189.0933</dst>
      <dst id="13">20080.3911</dst>
      <dst id="19">1720.0444</dst>
      <dst id="23">9430.0000</dst>
      <dst id="8">12769.2800</dst>
      <dst id="18">1676.0622</dst>
      <dst id="4">54699.4133</dst>
      <dst id="1">6419.6533</dst>
      <dst id="5">3847.1378</dst>
      <dst id="3">2543.3422</dst>
      <dst id="22">14924.0000</dst>
      <dst id="7">1823.9733</dst>
      <dst id="2">84220.6667</dst>
      <dst id="6">71.6711</dst>
      <dst id="16">6401.5200</dst>
      <dst id="14">337.0311</dst>
      <dst id="20">3898.6133</dst>
      <dst id="11">5137.3600</dst>
      <dst id="9">3013.4578</dst>
      <dst id="17">95916.4000</dst>
      <dst id="21">4063.2444</dst>
      <dst id="15">8603.1289</dst>
    </src>
    <src id="13">
      <dst id="12">51353.4933</dst>
      <dst id="19">5760.0711</dst>
      <dst id="23">57.9200</dst>
      <dst id="8">4197.5467</dst>
      <dst id="18">1769.6533</dst>
      <dst id="1">3944.2222</dst>
      <dst id="5">6879.3956</dst>
      <dst id="3">6824.4356</dst>
      <dst id="22">20253.5111</dst>
      <dst id="7">6861.4311</dst>
      <dst id="2">92293.2622</dst>
      <dst id="6">93.4311</dst>
      <dst id="16">31786.6756</dst>
      <dst id="14">1338.6844</dst>
      <dst id="20">7122.0444</dst>
      <dst id="11">25988.8000</dst>
      <dst id="9">15960.8711</dst>
      <dst id="17">46149.7689</dst>
      <dst id="21">11304.7467</dst>
      <dst id="15">5697.2800</dst>
    </src>
    <src id="19">
      <dst id="12">15794.5956</dst>
      <dst id="13">356.7289</dst>
      <dst id="23">162.6667</dst>
      <dst id="8">0.7733</dst>
      <dst id="18">74.8356</dst>
      <dst id="4">16629.8756</dst>
      <dst id="1">1239.1467</dst>
      <dst id="5">27.7333</dst>
      <dst id="3">12.0178</dst>
      <dst id="22">308.0711</dst>
      <dst id="7">4587.2533</dst>
      <dst id="2">358.4000</dst>
      <dst id="6">64.5689</dst>
      <dst id="16">9615.7422</dst>
      <dst id="20">11.3244</dst>
      <dst id="11">85.4489</dst>
      <dst id="9">227.9022</dst>
      <dst id="17">25701.2889</dst>
      <dst id="21">2122.8533</dst>
      <dst id="15">3.9644</dst>
    </src>
    <src id="23">
      <dst id="12">1111.0844</dst>
      <dst id="13">93.3600</dst>
      <dst id="19">15.0133</dst>
      <dst id="8">126.7911</dst>
      <dst id="18">278.7911</dst>
      <dst id="4">12.6222</dst>
      <dst id="1">55.9644</dst>
      <dst id="5">97.0667</dst>
      <dst id="3">239.1733</dst>
      <dst id="22">116.4267</dst>
      <dst id="7">96.9333</dst>
      <dst id="2">4.2933</dst>
      <dst id="6">0.3556</dst>
      <dst id="16">183.3067</dst>
      <dst id="20">115.6978</dst>
      <dst id="11">54.6133</dst>
      <dst id="9">694.6311</dst>
      <dst id="17">260.7822</dst>
      <dst id="21">113.2356</dst>
      <dst id="15">6.7200</dst>
    </src>
    <src id="8">
      <dst id="12">324308.1867</dst>
      <dst id="13">624.0000</dst>
      <dst id="19">0.4711</dst>
      <dst id="23">53.7333</dst>
      <dst id="18">24.9689</dst>
      <dst id="4">5683.8222</dst>
      <dst id="1">254.3378</dst>
      <dst id="5">1598.3200</dst>
      <dst id="3">71.4489</dst>
      <dst id="22">1253.7067</dst>
      <dst id="7">243.4933</dst>
      <dst id="2">141260.3378</dst>
      <dst id="16">508.9867</dst>
      <dst id="14">1.1733</dst>
      <dst id="20">107.9378</dst>
      <dst id="11">649.7511</dst>
      <dst id="9">1170.2844</dst>
      <dst id="17">125392.0444</dst>
      <dst id="21">110.1333</dst>
      <dst id="15">35.4489</dst>
    </src>
    <src id="18">
      <dst id="12">95812.0800</dst>
      <dst id="13">137.7689</dst>
      <dst id="19">2.7111</dst>
      <dst id="23">4.2667</dst>
      <dst id="8">8.4000</dst>
      <dst id="4">1450.6489</dst>
      <dst id="1">1350.0444</dst>
      <dst id="5">153.4844</dst>
      <dst id="3">32.7111</dst>
      <dst id="22">84.2844</dst>
      <dst id="7">71.8844</dst>
      <dst id="2">33592.3733</dst>
      <dst id="16">93.6444</dst>
      <dst id="20">0.9956</dst>
      <dst id="11">132.0000</dst>
      <dst id="9">21.4400</dst>
      <dst id="17">34132.8622</dst>
      <dst id="21">182.3911</dst>
      <dst id="15">2.0889</dst>
    </src>
    <src id="4">
      <dst id="12">19183.9111</dst>
      <dst id="19">14004.0978</dst>
      <dst id="8">2835.7778</dst>
      <dst id="18">650.6756</dst>
      <dst id="1">13196.2578</dst>
      <dst id="5">2818.5689</dst>
      <dst id="3">2834.7289</dst>
      <dst id="22">6531.0489</dst>
      <dst id="7">136809.7511</dst>
      <dst id="2">41096.4178</dst>
      <dst id="6">12.8000</dst>
      <dst id="16">1085.9111</dst>
      <dst id="14">826.1689</dst>
      <dst id="20">2997.1556</dst>
      <dst id="11">3554.5867</dst>
      <dst id="9">1982.5067</dst>
      <dst id="17">124951.6267</dst>
      <dst id="21">6000.8978</dst>
      <dst id="15">1005.3067</dst>
    </src>
    <src id="1">
      <dst id="12">18033.1378</dst>
      <dst id="13">480.0711</dst>
      <dst id="19">370.3111</dst>
      <dst id="23">148.2489</dst>
      <dst id="8">128199.2889</dst>
      <dst id="18">13684.0711</dst>
      <dst id="4">2696.1067</dst>
      <dst id="1">13377.2000</dst>
      <dst id="5">226302.9867</dst>
      <dst id="3">260.5778</dst>
      <dst id="22">9264.1778</dst>
      <dst id="7">2543.8578</dst>
      <dst id="2">3331.6267</dst>
      <dst id="6">10432.0800</dst>
      <dst id="16">14287.5644</dst>
      <dst id="14">85.6356</dst>
      <dst id="20">104.1156</dst>
      <dst id="11">438.8356</dst>
      <dst id="9">204735.1467</dst>
      <dst id="17">1146.6578</dst>
      <dst id="21">2406.1156</dst>
      <dst id="15">74.9067</dst>
    </src>
    <src id="5">
      <dst id="12">307422.3822</dst>
      <dst id="13">5134.0978</dst>
      <dst id="19">7.1200</dst>
      <dst id="23">40.0000</dst>
      <dst id="8">2811.4133</dst>
      <dst id="18">84.1422</dst>
      <dst id="4">8161.6978</dst>
      <dst id="1">350.1422</dst>
      <dst id="3">1.9911</dst>
      <dst id="22">14413.8844</dst>
      <dst id="7">212.8000</dst>
      <dst id="2">126087.0133</dst>
      <dst id="6">57.9556</dst>
      <dst id="16">693.8933</dst>
      <dst id="14">2.8000</dst>
      <dst id="20">11386.8000</dst>
      <dst id="11">2624.1511</dst>
      <dst id="9">2309.2089</dst>
      <dst id="17">118884.9422</dst>
      <dst id="21">265.0133</dst>
      <dst id="15">158.7378</dst>
    </src>
    <src id="3">
      <dst id="12">9686.0267</dst>
      <dst id="13">255.7778</dst>
      <dst id="19">1109.2178</dst>
      <dst id="23">7684.0089</dst>
      <dst id="8">12.5867</dst>
      <dst id="18">56144.9511</dst>
      <dst id="4">39707.1822</dst>
      <dst id="1">5413.6889</dst>
      <dst id="5">248.2933</dst>
      <dst id="3">16211.2178</dst>
      <dst id="22">305.3867</dst>
      <dst id="7">2186.1689</dst>
      <dst id="2">5288.6844</dst>
      <dst id="6">5.5733</dst>
      <dst id="16">984.7911</dst>
      <dst id="14">31887.2444</dst>
      <dst id="20">60.6400</dst>
      <dst id="11">141602.4622</dst>
      <dst id="9">24.8978</dst>
      <dst id="17">9407.2444</dst>
      <dst id="21">16745.3867</dst>
      <dst id="15">33.4133</dst>
    </src>
    <src id="10">
      <dst id="12">17302.6667</dst>
      <dst id="19">463.3956</dst>
      <dst id="8">450.0356</dst>
      <dst id="18">393.0400</dst>
      <dst id="1">2379.4578</dst>
      <dst id="5">659.9200</dst>
      <dst id="3">5766.6756</dst>
      <dst id="22">10267.4756</dst>
      <dst id="7">4570.5333</dst>
      <dst id="2">16074.1422</dst>
      <dst id="6">0.4178</dst>
      <dst id="16">1076.6400</dst>
      <dst id="14">1212.9867</dst>
      <dst id="20">3595.6533</dst>
      <dst id="11">8528.0356</dst>
      <dst id="9">3298.1067</dst>
      <dst id="17">14903.0844</dst>
      <dst id="21">7794.3822</dst>
      <dst id="15">170.4267</dst>
    </src>
    <src id="22">
      <dst id="12">14788.7733</dst>
      <dst id="13">2270.9511</dst>
      <dst id="19">149.8400</dst>
      <dst id="23">782.1867</dst>
      <dst id="8">595.7156</dst>
      <dst id="18">403.1556</dst>
      <dst id="4">16945.9644</dst>
      <dst id="1">2798.6844</dst>
      <dst id="5">5439.7333</dst>
      <dst id="3">127.5111</dst>
      <dst id="7">795.7511</dst>
      <dst id="2">3398.5689</dst>
      <dst id="6">13.2622</dst>
      <dst id="16">31.3422</dst>
      <dst id="14">326.7200</dst>
      <dst id="11">1131.9556</dst>
      <dst id="9">8429.6089</dst>
      <dst id="17">2471.0933</dst>
      <dst id="21">1159.3067</dst>
    </src>
    <src id="7">
      <dst id="12">6996.4800</dst>
      <dst id="13">166.6844</dst>
      <dst id="19">363.8489</dst>
      <dst id="23">168.2400</dst>
      <dst id="8">1576.9067</dst>
      <dst id="18">306.0356</dst>
      <dst id="4">19584.8800</dst>
      <dst id="1">5107.1467</dst>
      <dst id="5">2066.6756</dst>
      <dst id="3">750.7111</dst>
      <dst id="22">3083.2089</dst>
      <dst id="7">693.1556</dst>
      <dst id="2">7739.4578</dst>
      <dst id="6">16.0089</dst>
      <dst id="16">482.0444</dst>
      <dst id="14">44.1422</dst>
      <dst id="20">377.3600</dst>
      <dst id="11">454.9511</dst>
      <dst id="9">877.7600</dst>
      <dst id="17">8472.7200</dst>
      <dst id="21">2704.9067</dst>
      <dst id="15">1403.8756</dst>
    </src>
    <src id="2">
      <dst id="12">136546.6133</dst>
      <dst id="13">516052.2044</dst>
      <dst id="19">1254.6400</dst>
      <dst id="23">0.4622</dst>
      <dst id="8">581.3689</dst>
      <dst id="18">56799.7867</dst>
      <dst id="4">56044.7378</dst>
      <dst id="1">7665.2178</dst>
      <dst id="5">2047.4933</dst>
      <dst id="3">165.9111</dst>
      <dst id="22">7535.2711</dst>
      <dst id="7">2371.4311</dst>
      <dst id="2">691.3689</dst>
      <dst id="6">9535.9022</dst>
      <dst id="16">3495.3511</dst>
      <dst id="14">5740.0622</dst>
      <dst id="20">919.5911</dst>
      <dst id="11">8100.3467</dst>
      <dst id="9">7335.9556</dst>
      <dst id="17">21782.9778</dst>
      <dst id="21">5973.6356</dst>
      <dst id="15">274.1689</dst>
    </src>
    <src id="6">
      <dst id="12">10915.1289</dst>
      <dst id="13">2.7911</dst>
      <dst id="19">27.5733</dst>
      <dst id="23">11.4667</dst>
      <dst id="8">2.4356</dst>
      <dst id="4">1178.7111</dst>
      <dst id="1">21.0844</dst>
      <dst id="5">26.6489</dst>
      <dst id="3">24.3200</dst>
      <dst id="22">3.1378</dst>
      <dst id="7">18.8978</dst>
      <dst id="2">3161.2889</dst>
      <dst id="11">82.4889</dst>
      <dst id="9">19.8044</dst>
      <dst id="17">1627.3778</dst>
      <dst id="21">0.7111</dst>
      <dst id="15">0.6933</dst>
    </src>
    <src id="16">
      <dst id="12">3458.1867</dst>
      <dst id="13">909.3156</dst>
      <dst id="19">5416.7644</dst>
      <dst id="23">20.1867</dst>
      <dst id="8">3832.7200</dst>
      <dst id="18">6.2756</dst>
      <dst id="4">3354.2489</dst>
      <dst id="1">21788.7822</dst>
      <dst id="5">4952.8978</dst>
      <dst id="3">1.4489</dst>
      <dst id="7">80.2222</dst>
      <dst id="2">1170.8356</dst>
      <dst id="6">0.4711</dst>
      <dst id="16">57.8311</dst>
      <dst id="14">729.2800</dst>
      <dst id="11">821.2267</dst>
      <dst id="9">9538.8889</dst>
      <dst id="17">1496.0267</dst>
      <dst id="21">2594.7644</dst>
    </src>
    <src id="14">
      <dst id="12">16094.9244</dst>
      <dst id="13">49.3867</dst>
      <dst id="19">8.3022</dst>
      <dst id="18">0.6044</dst>
      <dst id="4">1670.8000</dst>
      <dst id="1">65.7244</dst>
      <dst id="5">54.2578</dst>
      <dst id="3">36.1778</dst>
      <dst id="22">29.9289</dst>
      <dst id="7">188.4889</dst>
      <dst id="2">6236.7733</dst>
      <dst id="16">10.2400</dst>
      <dst id="20">19.0222</dst>
      <dst id="11">93.7156</dst>
      <dst id="9">2.5067</dst>
      <dst id="17">7074.2756</dst>
      <dst id="21">77.5200</dst>
    </src>
    <src id="20">
      <dst id="12">6050.7022</dst>
      <dst id="13">9603.3600</dst>
      <dst id="19">599.8133</dst>
      <dst id="23">7.4933</dst>
      <dst id="8">122.2578</dst>
      <dst id="18">0.6489</dst>
      <dst id="4">6908.2400</dst>
      <dst id="1">142.4533</dst>
      <dst id="5">4620.2756</dst>
      <dst id="3">210.1511</dst>
      <dst id="7">1339.4489</dst>
      <dst id="2">1343.9200</dst>
      <dst id="6">7.2622</dst>
      <dst id="14">1120.0000</dst>
      <dst id="11">533.8311</dst>
      <dst id="9">7168.4711</dst>
      <dst id="17">1947.9822</dst>
      <dst id="21">441.2000</dst>
    </src>
    <src id="11">
      <dst id="12">381890.8356</dst>
      <dst id="13">4736.5244</dst>
      <dst id="19">36.7911</dst>
      <dst id="23">18.9156</dst>
      <dst id="8">360.6489</dst>
      <dst id="18">24.4178</dst>
      <dst id="4">6162.3200</dst>
      <dst id="1">329.0311</dst>
      <dst id="5">1218.3556</dst>
      <dst id="3">384.1333</dst>
      <dst id="22">4837.0044</dst>
      <dst id="7">146.9067</dst>
      <dst id="2">147376.9244</dst>
      <dst id="6">18.1867</dst>
      <dst id="16">352.7378</dst>
      <dst id="14">134.5333</dst>
      <dst id="20">546.3911</dst>
      <dst id="11">2142.2400</dst>
      <dst id="9">737.9556</dst>
      <dst id="17">144551.6089</dst>
      <dst id="21">9497.6533</dst>
      <dst id="15">97.7333</dst>
    </src>
    <src id="9">
      <dst id="12">407083.3156</dst>
      <dst id="13">4728.5689</dst>
      <dst id="19">1112.2489</dst>
      <dst id="23">30.1156</dst>
      <dst id="8">2067.2444</dst>
      <dst id="18">77.4311</dst>
      <dst id="4">5763.7867</dst>
      <dst id="1">2318.1422</dst>
      <dst id="5">3734.9333</dst>
      <dst id="3">40.7111</dst>
      <dst id="22">16970.2933</dst>
      <dst id="7">1395.8222</dst>
      <dst id="2">152387.0311</dst>
      <dst id="6">21.6089</dst>
      <dst id="16">674.2400</dst>
      <dst id="14">5.0489</dst>
      <dst id="20">1390.7911</dst>
      <dst id="11">1757.1289</dst>
      <dst id="9">397.1378</dst>
      <dst id="17">191064.8622</dst>
      <dst id="21">22552.4000</dst>
      <dst id="15">1508.8089</dst>
    </src>
    <src id="17">
      <dst id="12">4740.6667</dst>
      <dst id="13">2612.2844</dst>
      <dst id="19">542.6400</dst>
      <dst id="23">639.3867</dst>
      <dst id="8">134795.7600</dst>
      <dst id="18">300.6400</dst>
      <dst id="4">40257.8844</dst>
      <dst id="1">1576.2489</dst>
      <dst id="5">209847.8578</dst>
      <dst id="3">8061.5733</dst>
      <dst id="22">10264.7378</dst>
      <dst id="7">750.9956</dst>
      <dst id="2">19526.9689</dst>
      <dst id="6">15.7956</dst>
      <dst id="16">6915.2978</dst>
      <dst id="14">26104.2311</dst>
      <dst id="20">8038.5156</dst>
      <dst id="11">111805.3600</dst>
      <dst id="9">209879.8933</dst>
      <dst id="17">1650.6844</dst>
      <dst id="21">11187.2356</dst>
      <dst id="15">101.2978</dst>
    </src>
    <src id="21">
      <dst id="12">19466.1689</dst>
      <dst id="13">568.2489</dst>
      <dst id="19">354.5511</dst>
      <dst id="23">1.8844</dst>
      <dst id="8">129.1911</dst>
      <dst id="18">156.7911</dst>
      <dst id="4">15363.6000</dst>
      <dst id="1">1142.7378</dst>
      <dst id="5">805.1644</dst>
      <dst id="3">665.1467</dst>
      <dst id="22">965.9378</dst>
      <dst id="7">626.0889</dst>
      <dst id="2">12227.0578</dst>
      <dst id="6">12.9067</dst>
      <dst id="16">107.7333</dst>
      <dst id="14">76.4533</dst>
      <dst id="20">121.9733</dst>
      <dst id="11">2691.9733</dst>
      <dst id="9">639.4044</dst>
      <dst id="17">4806.1067</dst>
      <dst id="21">910.5067</dst>
      <dst id="15">6.4267</dst>
    </src>
    <src id="15">
      <dst id="12">679.0222</dst>
      <dst id="13">3781.4400</dst>
      <dst id="19">29.4044</dst>
      <dst id="8">28.1956</dst>
      <dst id="18">4.9156</dst>
      <dst id="4">1148.2044</dst>
      <dst id="1">768.5867</dst>
      <dst id="5">86.6578</dst>
      <dst id="3">22.5689</dst>
      <dst id="7">59.8400</dst>
      <dst id="2">1035.5733</dst>
      <dst id="6">2.1333</dst>
      <dst id="14">1.5378</dst>
      <dst id="11">33.9644</dst>
      <dst id="9">1120.0622</dst>
      <dst id="17">1164.1422</dst>
      <dst id="21">235.8133</dst>
    </src>
  </IntraTM>
</TrafficMatrixFile>
