<?xml version="1.0" encoding="UTF-8" standalone="yes"?>
<TrafficMatrixFile xmlns:xsi="http://www.w3.org/2001/XMLSchema-instance" xsi:noNamespaceSchemaLocation="http://totem.run.montefiore.ulg.ac.be/Schema/TrafficMatrix-v1_2.xsd">
  <info>
    <title>Intradomain traffic matrix generated by geant-TM-all.pl</title>
    <date>2005-01-05T03:15:00</date>
    <duration>900</duration>
    <author>Steve Uhlig</author>
    <units>
        <unit type="bandwidth" value="kbps"/>
    </units>
  </info>
  <IntraTM ASID="20965">
    <src id="12">
      <dst id="12">285151.3778</dst>
      <dst id="13">20214.0800</dst>
      <dst id="19">4597.6444</dst>
      <dst id="23">366.8178</dst>
      <dst id="8">2903.5111</dst>
      <dst id="18">623.5378</dst>
      <dst id="4">79561.8044</dst>
      <dst id="1">8898.6044</dst>
      <dst id="5">9604.0267</dst>
      <dst id="3">787.6622</dst>
      <dst id="22">9883.9289</dst>
      <dst id="7">1224.1689</dst>
      <dst id="2">110669.0667</dst>
      <dst id="6">7.1467</dst>
      <dst id="16">8442.4889</dst>
      <dst id="14">604.8800</dst>
      <dst id="20">1908.8356</dst>
      <dst id="11">4443.1111</dst>
      <dst id="9">5070.2844</dst>
      <dst id="17">95355.2978</dst>
      <dst id="21">1503.1467</dst>
      <dst id="15">575.6089</dst>
    </src>
    <src id="13">
      <dst id="12">52121.1378</dst>
      <dst id="19">6659.2711</dst>
      <dst id="23">91.3956</dst>
      <dst id="8">3938.0000</dst>
      <dst id="18">2106.9244</dst>
      <dst id="1">3312.9244</dst>
      <dst id="5">6136.0267</dst>
      <dst id="3">4701.9022</dst>
      <dst id="22">23740.0711</dst>
      <dst id="7">9689.4222</dst>
      <dst id="2">89867.4667</dst>
      <dst id="6">298.9156</dst>
      <dst id="16">8331.5911</dst>
      <dst id="14">4031.3067</dst>
      <dst id="20">9389.0222</dst>
      <dst id="11">13212.0533</dst>
      <dst id="9">17376.8889</dst>
      <dst id="17">58209.2089</dst>
      <dst id="21">9706.3022</dst>
      <dst id="15">6575.2533</dst>
    </src>
    <src id="19">
      <dst id="12">13119.0578</dst>
      <dst id="13">225.7422</dst>
      <dst id="23">7.3600</dst>
      <dst id="8">20.8356</dst>
      <dst id="18">30.1956</dst>
      <dst id="4">13738.4711</dst>
      <dst id="1">1295.8222</dst>
      <dst id="5">38.7289</dst>
      <dst id="3">2.0622</dst>
      <dst id="22">1804.2578</dst>
      <dst id="7">3967.6444</dst>
      <dst id="2">6497.6178</dst>
      <dst id="6">1.4400</dst>
      <dst id="16">3482.6756</dst>
      <dst id="14">0.6489</dst>
      <dst id="20">247.9556</dst>
      <dst id="11">346.8800</dst>
      <dst id="9">699.0133</dst>
      <dst id="17">461.7333</dst>
      <dst id="21">521.3244</dst>
    </src>
    <src id="23">
      <dst id="12">442.5067</dst>
      <dst id="13">132.9689</dst>
      <dst id="8">1.0667</dst>
      <dst id="18">120.0178</dst>
      <dst id="4">34.9511</dst>
      <dst id="1">49.9022</dst>
      <dst id="5">160.0000</dst>
      <dst id="3">212.5778</dst>
      <dst id="22">642.4889</dst>
      <dst id="7">2694.0089</dst>
      <dst id="2">2.7022</dst>
      <dst id="6">0.4978</dst>
      <dst id="16">44.4178</dst>
      <dst id="20">16.0267</dst>
      <dst id="11">48.1156</dst>
      <dst id="9">1019.7689</dst>
      <dst id="17">236.9156</dst>
      <dst id="21">106.6578</dst>
      <dst id="15">13.3333</dst>
    </src>
    <src id="8">
      <dst id="12">357815.0222</dst>
      <dst id="13">1473.6356</dst>
      <dst id="19">32.4711</dst>
      <dst id="23">28.3733</dst>
      <dst id="18">17.6533</dst>
      <dst id="4">5397.7867</dst>
      <dst id="1">573.0400</dst>
      <dst id="5">1023.2356</dst>
      <dst id="3">13.6889</dst>
      <dst id="22">1296.3289</dst>
      <dst id="7">20.3556</dst>
      <dst id="2">184172.3378</dst>
      <dst id="16">1147.6356</dst>
      <dst id="14">23.8222</dst>
      <dst id="20">103.8667</dst>
      <dst id="11">102.3467</dst>
      <dst id="9">344.7378</dst>
      <dst id="17">139947.3244</dst>
      <dst id="21">201.2089</dst>
      <dst id="15">683.5467</dst>
    </src>
    <src id="18">
      <dst id="12">97843.2978</dst>
      <dst id="13">176.6311</dst>
      <dst id="19">21.8933</dst>
      <dst id="23">0.6756</dst>
      <dst id="8">19.8222</dst>
      <dst id="4">1438.8533</dst>
      <dst id="1">1004.8000</dst>
      <dst id="5">80.3022</dst>
      <dst id="3">21.1200</dst>
      <dst id="22">114.2933</dst>
      <dst id="7">40.6489</dst>
      <dst id="2">35122.3289</dst>
      <dst id="16">133.4667</dst>
      <dst id="14">29.7689</dst>
      <dst id="20">24.1156</dst>
      <dst id="11">115.1822</dst>
      <dst id="9">76.1422</dst>
      <dst id="17">37014.4000</dst>
      <dst id="21">595.1822</dst>
      <dst id="15">0.9778</dst>
    </src>
    <src id="4">
      <dst id="12">24450.0356</dst>
      <dst id="19">15800.1511</dst>
      <dst id="8">3013.0222</dst>
      <dst id="18">285.3244</dst>
      <dst id="4">2.6400</dst>
      <dst id="1">132669.1378</dst>
      <dst id="5">2098.2667</dst>
      <dst id="3">202.9156</dst>
      <dst id="22">5479.7067</dst>
      <dst id="7">32297.2889</dst>
      <dst id="2">58776.2578</dst>
      <dst id="6">5.4667</dst>
      <dst id="16">1391.9289</dst>
      <dst id="14">3493.9289</dst>
      <dst id="20">1278.5333</dst>
      <dst id="11">3696.6756</dst>
      <dst id="9">2795.1378</dst>
      <dst id="17">10282.6400</dst>
      <dst id="21">4461.1822</dst>
      <dst id="15">151.5289</dst>
    </src>
    <src id="1">
      <dst id="12">16510.9333</dst>
      <dst id="13">315.6444</dst>
      <dst id="19">2643.1556</dst>
      <dst id="23">43.9289</dst>
      <dst id="8">129739.0044</dst>
      <dst id="18">18082.1156</dst>
      <dst id="4">14042.7378</dst>
      <dst id="1">7262.5333</dst>
      <dst id="5">235231.0667</dst>
      <dst id="3">128.7289</dst>
      <dst id="22">1648.8444</dst>
      <dst id="7">3218.3467</dst>
      <dst id="2">6288.3289</dst>
      <dst id="6">8289.7156</dst>
      <dst id="16">5957.9556</dst>
      <dst id="14">43.8489</dst>
      <dst id="20">63.0933</dst>
      <dst id="11">307.2000</dst>
      <dst id="9">214709.7422</dst>
      <dst id="17">6155.4667</dst>
      <dst id="21">3481.7244</dst>
      <dst id="15">157.6267</dst>
    </src>
    <src id="5">
      <dst id="12">346581.7156</dst>
      <dst id="13">2789.1822</dst>
      <dst id="19">131.3600</dst>
      <dst id="23">4.3733</dst>
      <dst id="8">6765.0667</dst>
      <dst id="18">1096.4800</dst>
      <dst id="4">7395.6356</dst>
      <dst id="1">11110.7200</dst>
      <dst id="3">0.4622</dst>
      <dst id="22">6322.4889</dst>
      <dst id="7">366.8711</dst>
      <dst id="2">155119.6533</dst>
      <dst id="6">18.5600</dst>
      <dst id="16">1289.5111</dst>
      <dst id="14">15.3244</dst>
      <dst id="20">6448.3556</dst>
      <dst id="11">1426.4444</dst>
      <dst id="9">2369.2000</dst>
      <dst id="17">131733.7422</dst>
      <dst id="21">135.6178</dst>
      <dst id="15">247.5022</dst>
    </src>
    <src id="3">
      <dst id="12">8959.9289</dst>
      <dst id="13">5844.0622</dst>
      <dst id="19">1771.6533</dst>
      <dst id="23">9612.9511</dst>
      <dst id="8">9.3244</dst>
      <dst id="18">53427.9556</dst>
      <dst id="4">24216.8089</dst>
      <dst id="1">5395.4844</dst>
      <dst id="5">394.7378</dst>
      <dst id="3">10210.3378</dst>
      <dst id="22">1167.6000</dst>
      <dst id="7">689.9467</dst>
      <dst id="2">7087.8222</dst>
      <dst id="6">41.9911</dst>
      <dst id="16">1422.2756</dst>
      <dst id="14">38426.9867</dst>
      <dst id="20">119.7778</dst>
      <dst id="11">128346.3733</dst>
      <dst id="9">1086.5600</dst>
      <dst id="17">11506.9511</dst>
      <dst id="21">12610.7556</dst>
      <dst id="15">23.2000</dst>
    </src>
    <src id="10">
      <dst id="12">11992.6400</dst>
      <dst id="19">4302.3111</dst>
      <dst id="8">1077.8756</dst>
      <dst id="18">610.4089</dst>
      <dst id="1">2405.2089</dst>
      <dst id="5">1835.3511</dst>
      <dst id="3">4015.3689</dst>
      <dst id="22">9890.8178</dst>
      <dst id="7">14030.8622</dst>
      <dst id="2">30919.1289</dst>
      <dst id="6">0.8000</dst>
      <dst id="16">3130.5956</dst>
      <dst id="14">4271.6533</dst>
      <dst id="20">1971.6356</dst>
      <dst id="11">4163.2089</dst>
      <dst id="9">6003.2889</dst>
      <dst id="17">13510.5867</dst>
      <dst id="21">5566.1422</dst>
      <dst id="15">203.3156</dst>
    </src>
    <src id="22">
      <dst id="12">9742.1778</dst>
      <dst id="13">2587.2267</dst>
      <dst id="19">371.5022</dst>
      <dst id="23">90.1600</dst>
      <dst id="8">613.2533</dst>
      <dst id="18">643.0044</dst>
      <dst id="4">16011.4489</dst>
      <dst id="1">197.2622</dst>
      <dst id="5">6303.4133</dst>
      <dst id="3">225.2089</dst>
      <dst id="7">1718.5956</dst>
      <dst id="2">2529.9022</dst>
      <dst id="6">66.9511</dst>
      <dst id="16">0.3556</dst>
      <dst id="14">344.6667</dst>
      <dst id="11">1735.5111</dst>
      <dst id="9">2778.4533</dst>
      <dst id="17">3018.6133</dst>
      <dst id="21">316.9511</dst>
    </src>
    <src id="7">
      <dst id="12">4024.1422</dst>
      <dst id="13">699.8578</dst>
      <dst id="19">1395.7689</dst>
      <dst id="23">139.5467</dst>
      <dst id="8">475.1289</dst>
      <dst id="18">225.2178</dst>
      <dst id="4">11648.0444</dst>
      <dst id="1">5653.1289</dst>
      <dst id="5">1137.0489</dst>
      <dst id="3">80.4444</dst>
      <dst id="22">4542.8356</dst>
      <dst id="7">844.9422</dst>
      <dst id="2">7216.9067</dst>
      <dst id="6">61.9200</dst>
      <dst id="16">1371.4756</dst>
      <dst id="14">258.3022</dst>
      <dst id="20">1801.6978</dst>
      <dst id="11">1094.4444</dst>
      <dst id="9">1455.5111</dst>
      <dst id="17">7047.3067</dst>
      <dst id="21">1391.2889</dst>
      <dst id="15">97.9644</dst>
    </src>
    <src id="2">
      <dst id="12">108792.3378</dst>
      <dst id="13">516173.0222</dst>
      <dst id="19">1082.0533</dst>
      <dst id="23">37.8667</dst>
      <dst id="8">218.5689</dst>
      <dst id="18">48605.2711</dst>
      <dst id="4">81533.9556</dst>
      <dst id="1">2504.0000</dst>
      <dst id="5">2098.9333</dst>
      <dst id="3">242.8622</dst>
      <dst id="22">5260.5778</dst>
      <dst id="7">21921.2356</dst>
      <dst id="2">526.2756</dst>
      <dst id="6">10359.3511</dst>
      <dst id="16">3108.9778</dst>
      <dst id="14">2574.4800</dst>
      <dst id="20">1242.8533</dst>
      <dst id="11">3201.1467</dst>
      <dst id="9">715.6356</dst>
      <dst id="17">24039.2978</dst>
      <dst id="21">4068.3467</dst>
      <dst id="15">122.2400</dst>
    </src>
    <src id="6">
      <dst id="12">11789.5378</dst>
      <dst id="13">14.7733</dst>
      <dst id="19">0.8356</dst>
      <dst id="23">0.3378</dst>
      <dst id="18">1.6000</dst>
      <dst id="4">1317.2178</dst>
      <dst id="1">27.1200</dst>
      <dst id="5">2.1333</dst>
      <dst id="22">3.2000</dst>
      <dst id="7">15.2533</dst>
      <dst id="2">2670.1600</dst>
      <dst id="16">2.4178</dst>
      <dst id="20">0.3556</dst>
      <dst id="11">0.7111</dst>
      <dst id="17">1739.9111</dst>
      <dst id="21">14.0800</dst>
    </src>
    <src id="16">
      <dst id="12">2193.5200</dst>
      <dst id="13">168.5244</dst>
      <dst id="19">3254.3911</dst>
      <dst id="23">24.4800</dst>
      <dst id="8">8503.7689</dst>
      <dst id="18">10.3111</dst>
      <dst id="4">2780.3644</dst>
      <dst id="1">16000.3644</dst>
      <dst id="5">3966.6489</dst>
      <dst id="3">0.4178</dst>
      <dst id="7">3161.7600</dst>
      <dst id="2">599.8756</dst>
      <dst id="6">24.7467</dst>
      <dst id="16">59.0933</dst>
      <dst id="14">652.1689</dst>
      <dst id="11">3143.3067</dst>
      <dst id="9">8414.6311</dst>
      <dst id="17">3084.0800</dst>
      <dst id="21">1571.4222</dst>
    </src>
    <src id="14">
      <dst id="12">21575.7778</dst>
      <dst id="13">79.0400</dst>
      <dst id="19">3.7333</dst>
      <dst id="23">0.7111</dst>
      <dst id="8">0.5333</dst>
      <dst id="18">7.1911</dst>
      <dst id="4">2268.9333</dst>
      <dst id="1">70.7111</dst>
      <dst id="5">7.0222</dst>
      <dst id="3">27.8489</dst>
      <dst id="22">30.7822</dst>
      <dst id="7">54.1778</dst>
      <dst id="2">8003.3778</dst>
      <dst id="16">45.5644</dst>
      <dst id="20">0.6400</dst>
      <dst id="11">32.7644</dst>
      <dst id="9">1089.1467</dst>
      <dst id="17">8178.6667</dst>
      <dst id="21">48.8978</dst>
    </src>
    <src id="20">
      <dst id="12">4705.3511</dst>
      <dst id="13">4848.3378</dst>
      <dst id="19">12.9689</dst>
      <dst id="23">141.6267</dst>
      <dst id="8">81.7333</dst>
      <dst id="18">56.0267</dst>
      <dst id="4">6915.7867</dst>
      <dst id="1">175.4756</dst>
      <dst id="5">1376.9511</dst>
      <dst id="3">209.7156</dst>
      <dst id="7">458.7556</dst>
      <dst id="2">5600.9333</dst>
      <dst id="6">39.7867</dst>
      <dst id="14">4.4356</dst>
      <dst id="11">13963.6444</dst>
      <dst id="9">6154.5956</dst>
      <dst id="17">1050.6578</dst>
      <dst id="21">106.9244</dst>
    </src>
    <src id="11">
      <dst id="12">399394.4889</dst>
      <dst id="13">2719.6000</dst>
      <dst id="19">26.7111</dst>
      <dst id="23">10.4978</dst>
      <dst id="8">220.7644</dst>
      <dst id="18">80.0089</dst>
      <dst id="4">10579.9822</dst>
      <dst id="1">413.9378</dst>
      <dst id="5">1435.5111</dst>
      <dst id="3">292.4800</dst>
      <dst id="22">2820.7378</dst>
      <dst id="7">203.9556</dst>
      <dst id="2">162297.0933</dst>
      <dst id="6">34.3822</dst>
      <dst id="16">504.9778</dst>
      <dst id="14">58.6756</dst>
      <dst id="20">451.4311</dst>
      <dst id="11">1785.4311</dst>
      <dst id="9">607.1200</dst>
      <dst id="17">172274.3200</dst>
      <dst id="21">244.2489</dst>
      <dst id="15">331.3422</dst>
    </src>
    <src id="9">
      <dst id="12">467420.0356</dst>
      <dst id="13">16041.2356</dst>
      <dst id="19">821.3244</dst>
      <dst id="23">66.4889</dst>
      <dst id="8">176.7822</dst>
      <dst id="18">131.2978</dst>
      <dst id="4">7623.6356</dst>
      <dst id="1">2645.9111</dst>
      <dst id="5">10352.6844</dst>
      <dst id="3">70.4444</dst>
      <dst id="22">3000.0444</dst>
      <dst id="7">647.1200</dst>
      <dst id="2">175769.3067</dst>
      <dst id="6">1.3778</dst>
      <dst id="16">2115.7244</dst>
      <dst id="14">50.7556</dst>
      <dst id="20">673.8222</dst>
      <dst id="11">828.8089</dst>
      <dst id="9">705.3511</dst>
      <dst id="17">202331.2178</dst>
      <dst id="21">240.2044</dst>
      <dst id="15">1036.3111</dst>
    </src>
    <src id="17">
      <dst id="12">12744.4178</dst>
      <dst id="13">5683.1022</dst>
      <dst id="19">303.8578</dst>
      <dst id="23">229.1733</dst>
      <dst id="8">137808.4178</dst>
      <dst id="18">491.7778</dst>
      <dst id="4">28545.2444</dst>
      <dst id="1">3606.7200</dst>
      <dst id="5">239291.4667</dst>
      <dst id="3">5314.3378</dst>
      <dst id="22">3214.9422</dst>
      <dst id="7">1380.2667</dst>
      <dst id="2">8369.0400</dst>
      <dst id="6">663.9022</dst>
      <dst id="16">6170.8178</dst>
      <dst id="14">33046.7733</dst>
      <dst id="20">957.5022</dst>
      <dst id="11">107475.3156</dst>
      <dst id="9">196730.1956</dst>
      <dst id="17">2615.8844</dst>
      <dst id="21">8720.6311</dst>
      <dst id="15">112.3911</dst>
    </src>
    <src id="21">
      <dst id="12">13058.3378</dst>
      <dst id="13">1274.2756</dst>
      <dst id="19">320.4889</dst>
      <dst id="23">1.0311</dst>
      <dst id="8">14.7378</dst>
      <dst id="18">898.4533</dst>
      <dst id="4">10878.9156</dst>
      <dst id="1">1588.4356</dst>
      <dst id="5">490.9156</dst>
      <dst id="3">515.5911</dst>
      <dst id="22">2671.4844</dst>
      <dst id="7">506.0533</dst>
      <dst id="2">5591.8756</dst>
      <dst id="6">24.7822</dst>
      <dst id="16">307.8489</dst>
      <dst id="14">48.8089</dst>
      <dst id="20">347.9467</dst>
      <dst id="11">617.1289</dst>
      <dst id="9">298.2578</dst>
      <dst id="17">4543.7956</dst>
      <dst id="21">556.9600</dst>
      <dst id="15">896.0267</dst>
    </src>
    <src id="15">
      <dst id="12">2321.0667</dst>
      <dst id="13">405.9022</dst>
      <dst id="19">1.5289</dst>
      <dst id="23">0.7911</dst>
      <dst id="8">70.9067</dst>
      <dst id="18">1.2089</dst>
      <dst id="4">3851.7156</dst>
      <dst id="1">458.4800</dst>
      <dst id="5">125.3156</dst>
      <dst id="3">35.2800</dst>
      <dst id="7">45.2800</dst>
      <dst id="2">68.7822</dst>
      <dst id="14">12.9778</dst>
      <dst id="11">224.3111</dst>
      <dst id="9">5296.0711</dst>
      <dst id="17">127.3511</dst>
      <dst id="21">158.6667</dst>
    </src>
  </IntraTM>
</TrafficMatrixFile>
