<?xml version="1.0" encoding="UTF-8" standalone="yes"?>
<TrafficMatrixFile xmlns:xsi="http://www.w3.org/2001/XMLSchema-instance" xsi:noNamespaceSchemaLocation="http://totem.run.montefiore.ulg.ac.be/Schema/TrafficMatrix-v1_2.xsd">
  <info>
    <title>Intradomain traffic matrix generated by geant-TM-all.pl</title>
    <date>2005-01-04T10:15:00</date>
    <duration>900</duration>
    <author>Steve Uhlig</author>
    <units>
        <unit type="bandwidth" value="kbps"/>
    </units>
  </info>
  <IntraTM ASID="20965">
    <src id="12">
      <dst id="12">200158.5778</dst>
      <dst id="13">24464.5511</dst>
      <dst id="19">3244.8267</dst>
      <dst id="23">17670.9689</dst>
      <dst id="8">1767.2889</dst>
      <dst id="18">1211.5911</dst>
      <dst id="4">66181.3156</dst>
      <dst id="1">15737.6889</dst>
      <dst id="5">48898.1244</dst>
      <dst id="3">7891.7956</dst>
      <dst id="22">4681.1200</dst>
      <dst id="7">1460.9511</dst>
      <dst id="2">68436.0089</dst>
      <dst id="6">13.6800</dst>
      <dst id="16">4859.7067</dst>
      <dst id="14">279.0756</dst>
      <dst id="20">6949.5556</dst>
      <dst id="11">8173.1111</dst>
      <dst id="9">2398.5422</dst>
      <dst id="17">65465.8133</dst>
      <dst id="21">3094.0267</dst>
      <dst id="15">426.6578</dst>
    </src>
    <src id="13">
      <dst id="12">39570.0444</dst>
      <dst id="19">4806.5689</dst>
      <dst id="23">12.6311</dst>
      <dst id="8">2855.2978</dst>
      <dst id="18">3242.5867</dst>
      <dst id="4">0.3556</dst>
      <dst id="1">3298.1867</dst>
      <dst id="5">13379.7778</dst>
      <dst id="3">5819.6444</dst>
      <dst id="22">14942.6667</dst>
      <dst id="7">10273.6444</dst>
      <dst id="2">111919.3156</dst>
      <dst id="6">83.9911</dst>
      <dst id="16">11394.6756</dst>
      <dst id="14">4445.0222</dst>
      <dst id="20">7192.4800</dst>
      <dst id="11">7980.1778</dst>
      <dst id="9">10062.9422</dst>
      <dst id="17">42385.3244</dst>
      <dst id="21">11011.4933</dst>
      <dst id="15">494.5244</dst>
    </src>
    <src id="19">
      <dst id="12">13203.6711</dst>
      <dst id="13">232.3556</dst>
      <dst id="23">1.9200</dst>
      <dst id="4">23423.6978</dst>
      <dst id="1">363.9467</dst>
      <dst id="5">191.5200</dst>
      <dst id="22">417.3244</dst>
      <dst id="7">2854.3467</dst>
      <dst id="2">182.2044</dst>
      <dst id="6">42.0000</dst>
      <dst id="16">8398.2400</dst>
      <dst id="14">1.7600</dst>
      <dst id="20">1.4133</dst>
      <dst id="11">0.4978</dst>
      <dst id="9">279.9911</dst>
      <dst id="17">1023.3244</dst>
      <dst id="21">286.6133</dst>
    </src>
    <src id="23">
      <dst id="12">287.2356</dst>
      <dst id="13">15.9644</dst>
      <dst id="19">1.5733</dst>
      <dst id="18">600.3378</dst>
      <dst id="1">52.6667</dst>
      <dst id="3">278.6222</dst>
      <dst id="22">22.3200</dst>
      <dst id="7">9776.9778</dst>
      <dst id="2">29.3067</dst>
      <dst id="16">0.4978</dst>
      <dst id="20">104.5333</dst>
      <dst id="11">26.8533</dst>
      <dst id="9">393.8311</dst>
      <dst id="17">247.6000</dst>
      <dst id="21">82.5778</dst>
      <dst id="15">0.3378</dst>
    </src>
    <src id="8">
      <dst id="12">307215.4222</dst>
      <dst id="13">444.0444</dst>
      <dst id="19">0.4711</dst>
      <dst id="18">515.8844</dst>
      <dst id="4">3377.2444</dst>
      <dst id="1">131.9822</dst>
      <dst id="5">434.3911</dst>
      <dst id="3">171.2000</dst>
      <dst id="22">740.7733</dst>
      <dst id="7">1024.3822</dst>
      <dst id="2">114451.9822</dst>
      <dst id="16">13978.2400</dst>
      <dst id="14">0.4178</dst>
      <dst id="20">15.7600</dst>
      <dst id="11">121.2267</dst>
      <dst id="9">954.6044</dst>
      <dst id="17">104559.3956</dst>
      <dst id="21">264.2311</dst>
      <dst id="15">21.6889</dst>
    </src>
    <src id="18">
      <dst id="12">96510.4889</dst>
      <dst id="13">131.9556</dst>
      <dst id="19">37.1556</dst>
      <dst id="23">8.4978</dst>
      <dst id="8">59.8400</dst>
      <dst id="4">1598.8356</dst>
      <dst id="1">1229.6622</dst>
      <dst id="5">183.8311</dst>
      <dst id="3">36.9067</dst>
      <dst id="22">28.2311</dst>
      <dst id="7">34.8978</dst>
      <dst id="2">23406.7200</dst>
      <dst id="16">10.4800</dst>
      <dst id="14">1.0667</dst>
      <dst id="11">41.7956</dst>
      <dst id="9">124.3200</dst>
      <dst id="17">29784.0622</dst>
      <dst id="21">190.4622</dst>
      <dst id="15">27.9378</dst>
    </src>
    <src id="4">
      <dst id="12">8337.7422</dst>
      <dst id="19">15512.5689</dst>
      <dst id="8">479.0222</dst>
      <dst id="18">1331.4044</dst>
      <dst id="4">1.5911</dst>
      <dst id="1">34811.8044</dst>
      <dst id="5">1680.3378</dst>
      <dst id="3">55.1822</dst>
      <dst id="22">3008.6933</dst>
      <dst id="7">132407.1911</dst>
      <dst id="2">89588.9333</dst>
      <dst id="6">3.9556</dst>
      <dst id="16">1442.6044</dst>
      <dst id="14">986.3022</dst>
      <dst id="20">355.6622</dst>
      <dst id="11">2799.4667</dst>
      <dst id="9">2832.8889</dst>
      <dst id="17">24364.3378</dst>
      <dst id="21">2630.7911</dst>
      <dst id="15">229.6356</dst>
    </src>
    <src id="1">
      <dst id="12">18900.8800</dst>
      <dst id="13">481.1467</dst>
      <dst id="19">220.8444</dst>
      <dst id="23">20.4978</dst>
      <dst id="8">74079.1022</dst>
      <dst id="18">15783.1111</dst>
      <dst id="4">7733.1111</dst>
      <dst id="1">88393.2178</dst>
      <dst id="5">147354.5778</dst>
      <dst id="3">143.1911</dst>
      <dst id="22">777.1200</dst>
      <dst id="7">943.3511</dst>
      <dst id="2">1322.0356</dst>
      <dst id="6">4823.8489</dst>
      <dst id="16">13277.4044</dst>
      <dst id="14">91.3956</dst>
      <dst id="20">376.7200</dst>
      <dst id="11">336.1689</dst>
      <dst id="9">130032.9956</dst>
      <dst id="17">1866.8800</dst>
      <dst id="21">1529.2000</dst>
      <dst id="15">92.8622</dst>
    </src>
    <src id="5">
      <dst id="12">257899.0400</dst>
      <dst id="13">1242.2667</dst>
      <dst id="19">13.8311</dst>
      <dst id="8">335.0044</dst>
      <dst id="18">410.1956</dst>
      <dst id="4">5304.2578</dst>
      <dst id="1">471.9911</dst>
      <dst id="3">40.6756</dst>
      <dst id="22">2787.6978</dst>
      <dst id="7">48.5867</dst>
      <dst id="2">89637.1289</dst>
      <dst id="6">12.0356</dst>
      <dst id="16">253.3689</dst>
      <dst id="14">1.4044</dst>
      <dst id="20">313.7956</dst>
      <dst id="11">1035.6978</dst>
      <dst id="9">2730.0978</dst>
      <dst id="17">94155.5289</dst>
      <dst id="21">223.1911</dst>
      <dst id="15">105.9200</dst>
    </src>
    <src id="3">
      <dst id="12">13729.6000</dst>
      <dst id="13">254.2400</dst>
      <dst id="19">3942.4089</dst>
      <dst id="23">12147.5467</dst>
      <dst id="8">23.8578</dst>
      <dst id="18">44783.3067</dst>
      <dst id="4">6493.4933</dst>
      <dst id="1">5263.8311</dst>
      <dst id="5">382.3111</dst>
      <dst id="3">9218.1511</dst>
      <dst id="22">1128.2844</dst>
      <dst id="7">1393.0044</dst>
      <dst id="2">4562.4622</dst>
      <dst id="6">1.0311</dst>
      <dst id="16">694.9600</dst>
      <dst id="14">20724.6578</dst>
      <dst id="20">3.9911</dst>
      <dst id="11">107165.7600</dst>
      <dst id="9">505.4933</dst>
      <dst id="17">4581.6267</dst>
      <dst id="21">7219.7156</dst>
      <dst id="15">31.0844</dst>
    </src>
    <src id="10">
      <dst id="12">27409.8844</dst>
      <dst id="19">5257.0133</dst>
      <dst id="8">1377.0400</dst>
      <dst id="18">556.1333</dst>
      <dst id="1">1957.1111</dst>
      <dst id="5">322.1867</dst>
      <dst id="3">3174.6133</dst>
      <dst id="22">4661.1911</dst>
      <dst id="7">7643.0222</dst>
      <dst id="2">27805.6800</dst>
      <dst id="6">0.9867</dst>
      <dst id="16">462.6311</dst>
      <dst id="14">2898.3022</dst>
      <dst id="20">4901.7333</dst>
      <dst id="11">3668.5689</dst>
      <dst id="9">3984.5333</dst>
      <dst id="17">15850.4000</dst>
      <dst id="21">7385.5911</dst>
      <dst id="15">125.0933</dst>
    </src>
    <src id="22">
      <dst id="12">2841.2800</dst>
      <dst id="13">2162.5689</dst>
      <dst id="19">102.3556</dst>
      <dst id="23">6.9333</dst>
      <dst id="8">574.2844</dst>
      <dst id="18">189.2444</dst>
      <dst id="4">17703.9467</dst>
      <dst id="1">186.7556</dst>
      <dst id="5">1809.1733</dst>
      <dst id="3">421.8756</dst>
      <dst id="7">238.4889</dst>
      <dst id="2">1184.4444</dst>
      <dst id="6">71.6711</dst>
      <dst id="16">2.5156</dst>
      <dst id="14">145.5911</dst>
      <dst id="11">1530.5511</dst>
      <dst id="9">1004.5689</dst>
      <dst id="17">4445.1556</dst>
      <dst id="21">291.9289</dst>
    </src>
    <src id="7">
      <dst id="12">3324.2844</dst>
      <dst id="13">190.9956</dst>
      <dst id="19">40.3022</dst>
      <dst id="23">212.9422</dst>
      <dst id="8">308.0444</dst>
      <dst id="18">178.5778</dst>
      <dst id="4">10831.2800</dst>
      <dst id="1">1531.9556</dst>
      <dst id="5">874.9689</dst>
      <dst id="3">314.5867</dst>
      <dst id="22">4814.4267</dst>
      <dst id="7">757.0844</dst>
      <dst id="2">6764.6933</dst>
      <dst id="6">2.3467</dst>
      <dst id="16">981.0933</dst>
      <dst id="14">89.9111</dst>
      <dst id="20">803.9289</dst>
      <dst id="11">417.9911</dst>
      <dst id="9">1090.5244</dst>
      <dst id="17">6903.9733</dst>
      <dst id="21">960.3911</dst>
      <dst id="15">153.2267</dst>
    </src>
    <src id="2">
      <dst id="12">56510.8444</dst>
      <dst id="13">514424.0533</dst>
      <dst id="19">244.2400</dst>
      <dst id="23">55.1378</dst>
      <dst id="8">620.9156</dst>
      <dst id="18">45718.7556</dst>
      <dst id="4">84720.2311</dst>
      <dst id="1">6082.1156</dst>
      <dst id="5">2227.3689</dst>
      <dst id="3">41.6622</dst>
      <dst id="22">2907.1556</dst>
      <dst id="7">2634.6400</dst>
      <dst id="2">575.4756</dst>
      <dst id="6">7038.2844</dst>
      <dst id="16">5066.8356</dst>
      <dst id="14">5279.3956</dst>
      <dst id="20">7719.1733</dst>
      <dst id="11">2408.6933</dst>
      <dst id="9">2177.1556</dst>
      <dst id="17">35057.5911</dst>
      <dst id="21">1086.5600</dst>
      <dst id="15">248.0800</dst>
    </src>
    <src id="6">
      <dst id="12">8686.4000</dst>
      <dst id="13">30.3644</dst>
      <dst id="19">0.3289</dst>
      <dst id="18">0.3378</dst>
      <dst id="4">1377.0578</dst>
      <dst id="1">1.6089</dst>
      <dst id="5">27.8400</dst>
      <dst id="22">0.4622</dst>
      <dst id="7">1.7422</dst>
      <dst id="2">2046.2756</dst>
      <dst id="16">58.5600</dst>
      <dst id="11">10.2222</dst>
      <dst id="17">1132.4889</dst>
      <dst id="21">0.7822</dst>
    </src>
    <src id="16">
      <dst id="12">1798.8267</dst>
      <dst id="13">343.5822</dst>
      <dst id="19">3787.2711</dst>
      <dst id="23">0.7200</dst>
      <dst id="8">6868.7289</dst>
      <dst id="18">2.8800</dst>
      <dst id="4">6321.6622</dst>
      <dst id="1">23421.8044</dst>
      <dst id="5">758.6222</dst>
      <dst id="3">0.4622</dst>
      <dst id="7">244.4267</dst>
      <dst id="2">1388.7467</dst>
      <dst id="6">0.5511</dst>
      <dst id="16">26.7467</dst>
      <dst id="14">0.6489</dst>
      <dst id="11">817.9378</dst>
      <dst id="9">3903.2444</dst>
      <dst id="17">1565.1733</dst>
      <dst id="21">1885.6978</dst>
    </src>
    <src id="14">
      <dst id="12">14223.7333</dst>
      <dst id="13">43.4578</dst>
      <dst id="19">3.4489</dst>
      <dst id="23">0.3556</dst>
      <dst id="4">3217.5467</dst>
      <dst id="1">52.1422</dst>
      <dst id="5">54.0800</dst>
      <dst id="3">36.1600</dst>
      <dst id="22">5.3333</dst>
      <dst id="7">45.7156</dst>
      <dst id="2">5448.2578</dst>
      <dst id="11">83.5467</dst>
      <dst id="17">7121.9467</dst>
      <dst id="21">61.6356</dst>
    </src>
    <src id="20">
      <dst id="12">513.7867</dst>
      <dst id="13">1666.2133</dst>
      <dst id="19">2.7467</dst>
      <dst id="23">1.1733</dst>
      <dst id="8">159.4667</dst>
      <dst id="18">3.2000</dst>
      <dst id="4">6762.5778</dst>
      <dst id="1">95.8667</dst>
      <dst id="5">1614.1689</dst>
      <dst id="3">16.3911</dst>
      <dst id="7">2996.7733</dst>
      <dst id="2">1381.6533</dst>
      <dst id="11">162.8889</dst>
      <dst id="9">850.0533</dst>
      <dst id="17">3539.5200</dst>
      <dst id="21">426.9689</dst>
    </src>
    <src id="11">
      <dst id="12">378786.6578</dst>
      <dst id="13">6255.0933</dst>
      <dst id="19">3.4133</dst>
      <dst id="23">1.6178</dst>
      <dst id="8">178.4889</dst>
      <dst id="18">164.8978</dst>
      <dst id="4">12624.2400</dst>
      <dst id="1">3884.5956</dst>
      <dst id="5">1428.1156</dst>
      <dst id="3">542.4889</dst>
      <dst id="22">1917.7689</dst>
      <dst id="7">360.5156</dst>
      <dst id="2">142239.2356</dst>
      <dst id="6">3.1111</dst>
      <dst id="16">257.7689</dst>
      <dst id="14">61.0400</dst>
      <dst id="20">671.4578</dst>
      <dst id="11">1314.6489</dst>
      <dst id="9">805.9467</dst>
      <dst id="17">144960.2222</dst>
      <dst id="21">423.8756</dst>
      <dst id="15">89.5822</dst>
    </src>
    <src id="9">
      <dst id="12">453632.2933</dst>
      <dst id="13">1097.8400</dst>
      <dst id="19">943.9644</dst>
      <dst id="23">57.9200</dst>
      <dst id="8">343.5289</dst>
      <dst id="18">3804.1067</dst>
      <dst id="4">7826.3378</dst>
      <dst id="1">863.8844</dst>
      <dst id="5">2811.8311</dst>
      <dst id="3">5.6889</dst>
      <dst id="22">6461.5022</dst>
      <dst id="7">167.4756</dst>
      <dst id="2">138314.2667</dst>
      <dst id="6">2.6311</dst>
      <dst id="16">204.3200</dst>
      <dst id="14">0.3556</dst>
      <dst id="20">534.3822</dst>
      <dst id="11">380.8356</dst>
      <dst id="9">468.3022</dst>
      <dst id="17">157004.3733</dst>
      <dst id="21">187.3956</dst>
      <dst id="15">228.7289</dst>
    </src>
    <src id="17">
      <dst id="12">5879.9733</dst>
      <dst id="13">9553.7689</dst>
      <dst id="19">50.4089</dst>
      <dst id="23">3.8756</dst>
      <dst id="8">96434.5333</dst>
      <dst id="18">217.6711</dst>
      <dst id="4">161311.2000</dst>
      <dst id="1">388.6044</dst>
      <dst id="5">133788.4267</dst>
      <dst id="3">3599.1911</dst>
      <dst id="22">2759.6889</dst>
      <dst id="7">2088.4178</dst>
      <dst id="2">9068.8978</dst>
      <dst id="6">14.8889</dst>
      <dst id="16">4121.9733</dst>
      <dst id="14">18921.5822</dst>
      <dst id="20">3630.7467</dst>
      <dst id="11">76936.4178</dst>
      <dst id="9">132768.8000</dst>
      <dst id="17">1292.6044</dst>
      <dst id="21">4242.7200</dst>
      <dst id="15">117.2978</dst>
    </src>
    <src id="21">
      <dst id="12">30823.8578</dst>
      <dst id="13">557.2444</dst>
      <dst id="19">512.4800</dst>
      <dst id="23">2.3733</dst>
      <dst id="8">256.2133</dst>
      <dst id="18">2210.3556</dst>
      <dst id="4">11907.8844</dst>
      <dst id="1">2758.8444</dst>
      <dst id="5">248.0267</dst>
      <dst id="3">1336.5422</dst>
      <dst id="22">508.8178</dst>
      <dst id="7">1153.9556</dst>
      <dst id="2">14141.3600</dst>
      <dst id="6">54.4356</dst>
      <dst id="16">126.7733</dst>
      <dst id="14">138.7467</dst>
      <dst id="20">114.0089</dst>
      <dst id="11">283.3600</dst>
      <dst id="9">462.8178</dst>
      <dst id="17">4903.4222</dst>
      <dst id="21">761.5378</dst>
      <dst id="15">39.2800</dst>
    </src>
    <src id="15">
      <dst id="12">226.3111</dst>
      <dst id="13">681.3067</dst>
      <dst id="8">975.6889</dst>
      <dst id="18">117.4578</dst>
      <dst id="4">2083.3778</dst>
      <dst id="1">405.3689</dst>
      <dst id="5">55.9556</dst>
      <dst id="3">9.7422</dst>
      <dst id="7">15.3778</dst>
      <dst id="2">274.7022</dst>
      <dst id="11">30.6578</dst>
      <dst id="9">86.0444</dst>
      <dst id="17">274.5778</dst>
      <dst id="21">166.8978</dst>
    </src>
  </IntraTM>
</TrafficMatrixFile>
