<?xml version="1.0" encoding="UTF-8" standalone="yes"?>
<TrafficMatrixFile xmlns:xsi="http://www.w3.org/2001/XMLSchema-instance" xsi:noNamespaceSchemaLocation="http://totem.run.montefiore.ulg.ac.be/Schema/TrafficMatrix-v1_2.xsd">
  <info>
    <title>Intradomain traffic matrix generated by geant-TM-all.pl</title>
    <date>2005-01-02T02:00:00</date>
    <duration>900</duration>
    <author>Steve Uhlig</author>
    <units>
        <unit type="bandwidth" value="kbps"/>
    </units>
  </info>
  <IntraTM ASID="20965">
    <src id="12">
      <dst id="12">318053.7956</dst>
      <dst id="13">35538.9867</dst>
      <dst id="19">6374.7911</dst>
      <dst id="23">283.0578</dst>
      <dst id="8">7662.0356</dst>
      <dst id="18">3897.4844</dst>
      <dst id="4">111706.3200</dst>
      <dst id="1">10470.1067</dst>
      <dst id="5">7696.9600</dst>
      <dst id="3">7926.9867</dst>
      <dst id="22">15831.2622</dst>
      <dst id="7">7282.0978</dst>
      <dst id="2">123370.2311</dst>
      <dst id="6">64.1067</dst>
      <dst id="16">6197.2267</dst>
      <dst id="14">3898.0267</dst>
      <dst id="20">8111.1111</dst>
      <dst id="11">13505.9822</dst>
      <dst id="9">19633.5111</dst>
      <dst id="17">79812.7733</dst>
      <dst id="21">21628.8089</dst>
      <dst id="15">5534.0267</dst>
    </src>
    <src id="13">
      <dst id="12">70473.7156</dst>
      <dst id="19">6630.1511</dst>
      <dst id="23">635.6000</dst>
      <dst id="8">13635.7422</dst>
      <dst id="18">6699.3422</dst>
      <dst id="1">4408.5511</dst>
      <dst id="5">22835.9644</dst>
      <dst id="3">20464.3200</dst>
      <dst id="22">30840.9333</dst>
      <dst id="7">10836.8178</dst>
      <dst id="2">150521.2533</dst>
      <dst id="6">143.5111</dst>
      <dst id="16">8485.1467</dst>
      <dst id="14">4729.9111</dst>
      <dst id="20">29904.2667</dst>
      <dst id="11">19184.4978</dst>
      <dst id="9">17727.7778</dst>
      <dst id="17">67092.1156</dst>
      <dst id="21">42413.3244</dst>
      <dst id="15">4780.0089</dst>
    </src>
    <src id="19">
      <dst id="12">15398.7556</dst>
      <dst id="13">3698.6311</dst>
      <dst id="23">92.9778</dst>
      <dst id="8">9.4667</dst>
      <dst id="18">1177.9644</dst>
      <dst id="4">26761.6889</dst>
      <dst id="1">134.4889</dst>
      <dst id="5">127.3600</dst>
      <dst id="3">1261.7067</dst>
      <dst id="22">2065.5022</dst>
      <dst id="7">5506.0356</dst>
      <dst id="2">1008.4089</dst>
      <dst id="6">156.8089</dst>
      <dst id="16">5540.0533</dst>
      <dst id="14">0.3911</dst>
      <dst id="20">2496.3289</dst>
      <dst id="11">263.0578</dst>
      <dst id="9">484.2667</dst>
      <dst id="17">1245.1733</dst>
      <dst id="21">1665.8044</dst>
      <dst id="15">101.1644</dst>
    </src>
    <src id="23">
      <dst id="12">181.6267</dst>
      <dst id="13">136.3733</dst>
      <dst id="19">5.7600</dst>
      <dst id="8">58.9156</dst>
      <dst id="18">216.3111</dst>
      <dst id="4">39.8222</dst>
      <dst id="1">94.6222</dst>
      <dst id="5">33.6800</dst>
      <dst id="3">348.6933</dst>
      <dst id="22">200.4978</dst>
      <dst id="7">101.8400</dst>
      <dst id="2">69.5378</dst>
      <dst id="6">7.0933</dst>
      <dst id="16">18.4356</dst>
      <dst id="14">12.6222</dst>
      <dst id="20">6.3111</dst>
      <dst id="11">556.9156</dst>
      <dst id="9">139.4133</dst>
      <dst id="17">613.1733</dst>
      <dst id="21">387.5644</dst>
      <dst id="15">38.3556</dst>
    </src>
    <src id="8">
      <dst id="12">375636.7822</dst>
      <dst id="13">1059.5378</dst>
      <dst id="19">156.5067</dst>
      <dst id="23">52.2667</dst>
      <dst id="18">135.9289</dst>
      <dst id="4">9693.0222</dst>
      <dst id="1">48.9422</dst>
      <dst id="5">2999.8756</dst>
      <dst id="3">109.5200</dst>
      <dst id="22">1781.7333</dst>
      <dst id="7">13.0844</dst>
      <dst id="2">144454.7289</dst>
      <dst id="6">0.9956</dst>
      <dst id="16">417.5111</dst>
      <dst id="14">0.4178</dst>
      <dst id="20">646.8000</dst>
      <dst id="11">607.6889</dst>
      <dst id="9">1717.8756</dst>
      <dst id="17">111649.2533</dst>
      <dst id="21">685.1822</dst>
      <dst id="15">488.4444</dst>
    </src>
    <src id="18">
      <dst id="12">125817.6444</dst>
      <dst id="13">139.7067</dst>
      <dst id="19">26.6133</dst>
      <dst id="23">14.9333</dst>
      <dst id="8">131.4133</dst>
      <dst id="4">2082.2756</dst>
      <dst id="1">915.2889</dst>
      <dst id="5">1056.3022</dst>
      <dst id="3">128.0089</dst>
      <dst id="22">472.2933</dst>
      <dst id="7">145.6444</dst>
      <dst id="2">36546.7911</dst>
      <dst id="16">39.3956</dst>
      <dst id="14">0.7822</dst>
      <dst id="20">352.6133</dst>
      <dst id="11">145.9289</dst>
      <dst id="9">103.2800</dst>
      <dst id="17">33275.1111</dst>
      <dst id="21">1257.5378</dst>
      <dst id="15">2.0000</dst>
    </src>
    <src id="4">
      <dst id="12">22000.3378</dst>
      <dst id="19">10377.0400</dst>
      <dst id="23">7.0311</dst>
      <dst id="8">3573.7867</dst>
      <dst id="18">3165.0133</dst>
      <dst id="4">1.0933</dst>
      <dst id="1">2564.9778</dst>
      <dst id="5">2570.8889</dst>
      <dst id="3">87365.1111</dst>
      <dst id="22">6851.2800</dst>
      <dst id="7">94171.8222</dst>
      <dst id="2">65386.7200</dst>
      <dst id="6">0.8711</dst>
      <dst id="16">2332.9333</dst>
      <dst id="14">3269.4578</dst>
      <dst id="20">5987.7511</dst>
      <dst id="11">13899.8133</dst>
      <dst id="9">3710.9244</dst>
      <dst id="17">23437.1644</dst>
      <dst id="21">18113.7244</dst>
      <dst id="15">2476.7467</dst>
    </src>
    <src id="1">
      <dst id="12">18169.3067</dst>
      <dst id="13">1656.9511</dst>
      <dst id="19">87.2089</dst>
      <dst id="23">135.8400</dst>
      <dst id="8">178636.7022</dst>
      <dst id="18">14329.6000</dst>
      <dst id="4">11911.4400</dst>
      <dst id="1">31.5467</dst>
      <dst id="5">297329.4489</dst>
      <dst id="3">20900.1511</dst>
      <dst id="22">6677.4933</dst>
      <dst id="7">10297.9644</dst>
      <dst id="2">15750.8089</dst>
      <dst id="6">7446.1156</dst>
      <dst id="16">9065.9200</dst>
      <dst id="14">1936.3822</dst>
      <dst id="20">1765.8222</dst>
      <dst id="11">360.3644</dst>
      <dst id="9">294808.9511</dst>
      <dst id="17">8544.0000</dst>
      <dst id="21">5245.6533</dst>
      <dst id="15">1804.8533</dst>
    </src>
    <src id="5">
      <dst id="12">414156.3644</dst>
      <dst id="13">3488.4444</dst>
      <dst id="19">191.4933</dst>
      <dst id="23">88.2133</dst>
      <dst id="8">1286.7200</dst>
      <dst id="18">1001.2978</dst>
      <dst id="4">6753.2178</dst>
      <dst id="1">1005.3600</dst>
      <dst id="3">635.5378</dst>
      <dst id="22">5320.1778</dst>
      <dst id="7">271.1022</dst>
      <dst id="2">162392.4978</dst>
      <dst id="6">0.9067</dst>
      <dst id="16">1447.1644</dst>
      <dst id="14">36.6489</dst>
      <dst id="20">2486.2133</dst>
      <dst id="11">1329.2356</dst>
      <dst id="9">2358.7111</dst>
      <dst id="17">100457.0756</dst>
      <dst id="21">925.2000</dst>
      <dst id="15">327.9733</dst>
    </src>
    <src id="3">
      <dst id="12">13928.4711</dst>
      <dst id="13">547.7422</dst>
      <dst id="19">2450.1689</dst>
      <dst id="23">80.0000</dst>
      <dst id="8">291.2267</dst>
      <dst id="18">179535.8489</dst>
      <dst id="4">57845.5556</dst>
      <dst id="1">17157.2622</dst>
      <dst id="5">1030.2489</dst>
      <dst id="3">20933.3067</dst>
      <dst id="22">3819.9733</dst>
      <dst id="7">13059.7956</dst>
      <dst id="2">10798.3822</dst>
      <dst id="6">8.2756</dst>
      <dst id="16">3865.5644</dst>
      <dst id="14">51957.6622</dst>
      <dst id="20">392.0444</dst>
      <dst id="11">207818.3111</dst>
      <dst id="9">358.2400</dst>
      <dst id="17">10683.0489</dst>
      <dst id="21">7204.1333</dst>
      <dst id="15">89.4400</dst>
    </src>
    <src id="10">
      <dst id="12">13423.4756</dst>
      <dst id="19">1526.7822</dst>
      <dst id="23">0.4267</dst>
      <dst id="8">1497.7422</dst>
      <dst id="18">9749.2444</dst>
      <dst id="1">3708.0000</dst>
      <dst id="5">2144.3467</dst>
      <dst id="3">26475.2533</dst>
      <dst id="22">15998.6933</dst>
      <dst id="7">7744.1778</dst>
      <dst id="2">61828.4267</dst>
      <dst id="6">11.5644</dst>
      <dst id="16">2936.7644</dst>
      <dst id="14">1721.5022</dst>
      <dst id="20">6605.6178</dst>
      <dst id="11">9165.9111</dst>
      <dst id="9">4590.7467</dst>
      <dst id="17">37221.7422</dst>
      <dst id="21">21504.5333</dst>
      <dst id="15">1589.4756</dst>
    </src>
    <src id="22">
      <dst id="12">16948.9867</dst>
      <dst id="13">5739.4933</dst>
      <dst id="19">201.6267</dst>
      <dst id="23">409.3600</dst>
      <dst id="8">2621.9200</dst>
      <dst id="18">1841.4578</dst>
      <dst id="4">23258.0711</dst>
      <dst id="1">302.5600</dst>
      <dst id="5">4366.5689</dst>
      <dst id="3">693.0133</dst>
      <dst id="7">1145.1111</dst>
      <dst id="2">2825.5822</dst>
      <dst id="6">5.3422</dst>
      <dst id="16">0.4267</dst>
      <dst id="14">17.1289</dst>
      <dst id="11">4081.9022</dst>
      <dst id="9">2037.9733</dst>
      <dst id="17">6292.0622</dst>
      <dst id="21">2278.0089</dst>
    </src>
    <src id="7">
      <dst id="12">14252.0000</dst>
      <dst id="13">4650.8178</dst>
      <dst id="19">1325.7778</dst>
      <dst id="23">349.2267</dst>
      <dst id="8">724.8444</dst>
      <dst id="18">1008.5244</dst>
      <dst id="4">89463.8044</dst>
      <dst id="1">22752.4889</dst>
      <dst id="5">3031.7867</dst>
      <dst id="3">12969.6444</dst>
      <dst id="22">4603.6978</dst>
      <dst id="7">689.3067</dst>
      <dst id="2">22239.1289</dst>
      <dst id="6">30.1244</dst>
      <dst id="16">1992.6756</dst>
      <dst id="14">396.5778</dst>
      <dst id="20">416.4711</dst>
      <dst id="11">1014.8178</dst>
      <dst id="9">845.6356</dst>
      <dst id="17">6309.0578</dst>
      <dst id="21">8936.8622</dst>
      <dst id="15">963.3956</dst>
    </src>
    <src id="2">
      <dst id="12">138791.0667</dst>
      <dst id="13">6043.8222</dst>
      <dst id="19">17135.1022</dst>
      <dst id="23">26.1333</dst>
      <dst id="8">806.1067</dst>
      <dst id="18">154759.4489</dst>
      <dst id="4">145766.5156</dst>
      <dst id="1">3180.4622</dst>
      <dst id="5">1539.9911</dst>
      <dst id="3">4621.2711</dst>
      <dst id="22">5653.9111</dst>
      <dst id="7">5549.6356</dst>
      <dst id="2">1090.6578</dst>
      <dst id="6">7863.8489</dst>
      <dst id="16">2910.3111</dst>
      <dst id="14">225.3956</dst>
      <dst id="20">3273.1289</dst>
      <dst id="11">6483.7956</dst>
      <dst id="9">9698.8978</dst>
      <dst id="17">14338.1156</dst>
      <dst id="21">20405.6533</dst>
      <dst id="15">224.5778</dst>
    </src>
    <src id="6">
      <dst id="12">11158.6400</dst>
      <dst id="13">9.8667</dst>
      <dst id="19">14.7556</dst>
      <dst id="23">30.9333</dst>
      <dst id="8">13.6889</dst>
      <dst id="18">22.0178</dst>
      <dst id="4">108.4711</dst>
      <dst id="1">1.6622</dst>
      <dst id="5">0.4711</dst>
      <dst id="3">41.8578</dst>
      <dst id="22">51.5200</dst>
      <dst id="7">21.2444</dst>
      <dst id="2">1983.7689</dst>
      <dst id="16">16.5778</dst>
      <dst id="11">23.2889</dst>
      <dst id="9">15.3333</dst>
      <dst id="17">1283.4133</dst>
      <dst id="21">1.4933</dst>
    </src>
    <src id="16">
      <dst id="12">7193.1111</dst>
      <dst id="13">2391.6089</dst>
      <dst id="19">3474.5778</dst>
      <dst id="23">325.5644</dst>
      <dst id="8">6247.5556</dst>
      <dst id="18">139.1200</dst>
      <dst id="4">5871.2889</dst>
      <dst id="1">13282.7644</dst>
      <dst id="5">7716.1333</dst>
      <dst id="3">3200.1867</dst>
      <dst id="7">1843.1378</dst>
      <dst id="2">1237.0222</dst>
      <dst id="6">3.8667</dst>
      <dst id="16">53.7689</dst>
      <dst id="14">400.8267</dst>
      <dst id="11">510.7644</dst>
      <dst id="9">9984.0267</dst>
      <dst id="17">3941.0400</dst>
      <dst id="21">882.4356</dst>
    </src>
    <src id="14">
      <dst id="12">23519.6444</dst>
      <dst id="13">760.1600</dst>
      <dst id="19">11.0044</dst>
      <dst id="23">13.0133</dst>
      <dst id="18">28.9689</dst>
      <dst id="4">3450.8000</dst>
      <dst id="1">89.8844</dst>
      <dst id="5">166.7378</dst>
      <dst id="3">134.8978</dst>
      <dst id="22">28.9422</dst>
      <dst id="7">95.6533</dst>
      <dst id="2">9062.0889</dst>
      <dst id="16">20.8622</dst>
      <dst id="20">18.2578</dst>
      <dst id="11">188.4000</dst>
      <dst id="9">6.4533</dst>
      <dst id="17">6481.1644</dst>
      <dst id="21">190.3911</dst>
      <dst id="15">52.9067</dst>
    </src>
    <src id="20">
      <dst id="12">10428.3467</dst>
      <dst id="13">10810.7911</dst>
      <dst id="19">66.1956</dst>
      <dst id="23">40.4267</dst>
      <dst id="8">536.6222</dst>
      <dst id="18">477.3689</dst>
      <dst id="4">20745.1644</dst>
      <dst id="1">394.5511</dst>
      <dst id="5">4297.0667</dst>
      <dst id="3">1034.0711</dst>
      <dst id="7">202.9956</dst>
      <dst id="2">5063.6178</dst>
      <dst id="6">0.4267</dst>
      <dst id="16">0.8889</dst>
      <dst id="14">358.7733</dst>
      <dst id="11">2918.3644</dst>
      <dst id="9">8196.8178</dst>
      <dst id="17">1275.7689</dst>
      <dst id="21">2122.0089</dst>
    </src>
    <src id="11">
      <dst id="12">455392.7200</dst>
      <dst id="13">2342.5422</dst>
      <dst id="19">105.0933</dst>
      <dst id="23">355.1911</dst>
      <dst id="8">6273.4844</dst>
      <dst id="18">476.6311</dst>
      <dst id="4">15476.4533</dst>
      <dst id="1">818.0711</dst>
      <dst id="5">1557.6000</dst>
      <dst id="3">1679.5022</dst>
      <dst id="22">3564.3111</dst>
      <dst id="7">607.3333</dst>
      <dst id="2">159499.7956</dst>
      <dst id="6">1.2622</dst>
      <dst id="16">590.4000</dst>
      <dst id="14">175.7511</dst>
      <dst id="20">691.5733</dst>
      <dst id="11">2299.4311</dst>
      <dst id="9">1314.0800</dst>
      <dst id="17">106774.4978</dst>
      <dst id="21">1150.5689</dst>
      <dst id="15">319.2533</dst>
    </src>
    <src id="9">
      <dst id="12">494796.2311</dst>
      <dst id="13">11118.0800</dst>
      <dst id="19">1464.7200</dst>
      <dst id="23">10.6844</dst>
      <dst id="8">698.3556</dst>
      <dst id="18">355.9200</dst>
      <dst id="4">13281.1644</dst>
      <dst id="1">7912.1689</dst>
      <dst id="5">7016.0178</dst>
      <dst id="3">574.1244</dst>
      <dst id="22">3307.5022</dst>
      <dst id="7">2433.4489</dst>
      <dst id="2">160642.0267</dst>
      <dst id="6">1.4933</dst>
      <dst id="16">1752.8533</dst>
      <dst id="14">0.4267</dst>
      <dst id="20">1329.5644</dst>
      <dst id="11">4547.3778</dst>
      <dst id="9">1598.0711</dst>
      <dst id="17">123161.0311</dst>
      <dst id="21">1734.3022</dst>
      <dst id="15">5275.1822</dst>
    </src>
    <src id="17">
      <dst id="12">15082.4444</dst>
      <dst id="13">1942.0089</dst>
      <dst id="19">479.2356</dst>
      <dst id="23">463.8933</dst>
      <dst id="8">195443.1644</dst>
      <dst id="18">1782.9156</dst>
      <dst id="4">58240.8444</dst>
      <dst id="1">20339.8133</dst>
      <dst id="5">288391.5200</dst>
      <dst id="3">17413.0133</dst>
      <dst id="22">8838.3200</dst>
      <dst id="7">13027.0667</dst>
      <dst id="2">26814.4533</dst>
      <dst id="6">55.2533</dst>
      <dst id="16">2506.3200</dst>
      <dst id="14">42325.7867</dst>
      <dst id="20">8057.6711</dst>
      <dst id="11">165064.1422</dst>
      <dst id="9">283173.6178</dst>
      <dst id="17">2538.6400</dst>
      <dst id="21">15899.1111</dst>
      <dst id="15">165.5733</dst>
    </src>
    <src id="21">
      <dst id="12">21443.0489</dst>
      <dst id="13">1760.7911</dst>
      <dst id="19">524.3200</dst>
      <dst id="23">110.0800</dst>
      <dst id="8">399.2178</dst>
      <dst id="18">4978.3911</dst>
      <dst id="4">56352.0978</dst>
      <dst id="1">26050.2933</dst>
      <dst id="5">484.6844</dst>
      <dst id="3">10139.9200</dst>
      <dst id="22">1848.6756</dst>
      <dst id="7">3545.2178</dst>
      <dst id="2">10603.8844</dst>
      <dst id="6">23.8222</dst>
      <dst id="16">460.0178</dst>
      <dst id="14">292.4533</dst>
      <dst id="20">1205.7778</dst>
      <dst id="11">1020.4444</dst>
      <dst id="9">1027.1556</dst>
      <dst id="17">8505.2356</dst>
      <dst id="21">3405.2622</dst>
      <dst id="15">159.7511</dst>
    </src>
    <src id="15">
      <dst id="12">2632.4000</dst>
      <dst id="13">2241.3511</dst>
      <dst id="19">32.8889</dst>
      <dst id="23">22.4533</dst>
      <dst id="8">115.5556</dst>
      <dst id="18">13.7956</dst>
      <dst id="4">4732.1333</dst>
      <dst id="1">284.9511</dst>
      <dst id="5">101.8844</dst>
      <dst id="3">1275.8400</dst>
      <dst id="7">92.5244</dst>
      <dst id="2">340.3822</dst>
      <dst id="14">2.6667</dst>
      <dst id="11">52.7467</dst>
      <dst id="9">1001.9467</dst>
      <dst id="17">214.1422</dst>
      <dst id="21">151.0222</dst>
    </src>
  </IntraTM>
</TrafficMatrixFile>
