<?xml version="1.0" encoding="UTF-8" standalone="yes"?>
<TrafficMatrixFile xmlns:xsi="http://www.w3.org/2001/XMLSchema-instance" xsi:noNamespaceSchemaLocation="http://totem.run.montefiore.ulg.ac.be/Schema/TrafficMatrix-v1_2.xsd">
  <info>
    <title>Intradomain traffic matrix generated by geant-TM-all.pl</title>
    <date>2005-01-01T13:30:00</date>
    <duration>900</duration>
    <author>Steve Uhlig</author>
    <units>
        <unit type="bandwidth" value="kbps"/>
    </units>
  </info>
  <IntraTM ASID="20965">
    <src id="12">
      <dst id="12">206079.1378</dst>
      <dst id="13">10412.5956</dst>
      <dst id="19">4859.9733</dst>
      <dst id="23">6.0000</dst>
      <dst id="8">1921.8489</dst>
      <dst id="18">1562.1689</dst>
      <dst id="4">89245.9022</dst>
      <dst id="1">7601.6267</dst>
      <dst id="5">2133.5111</dst>
      <dst id="3">1320.4711</dst>
      <dst id="22">2059.4667</dst>
      <dst id="7">1537.1289</dst>
      <dst id="2">62146.0178</dst>
      <dst id="6">8.0800</dst>
      <dst id="16">3106.0533</dst>
      <dst id="14">1065.5556</dst>
      <dst id="20">3998.2844</dst>
      <dst id="11">1029.9911</dst>
      <dst id="9">6368.9244</dst>
      <dst id="17">42686.7822</dst>
      <dst id="21">7541.4844</dst>
      <dst id="15">1560.6133</dst>
    </src>
    <src id="13">
      <dst id="12">44382.1600</dst>
      <dst id="19">8859.8222</dst>
      <dst id="23">20.4356</dst>
      <dst id="8">1108.2844</dst>
      <dst id="18">1675.6889</dst>
      <dst id="1">1315.2000</dst>
      <dst id="5">5854.5867</dst>
      <dst id="3">4691.5733</dst>
      <dst id="22">18114.0533</dst>
      <dst id="7">6990.6400</dst>
      <dst id="2">66649.8044</dst>
      <dst id="6">25.2711</dst>
      <dst id="16">4605.8578</dst>
      <dst id="14">1240.0978</dst>
      <dst id="20">8626.2311</dst>
      <dst id="11">6152.0000</dst>
      <dst id="9">7102.8000</dst>
      <dst id="17">60798.4978</dst>
      <dst id="21">11742.8711</dst>
      <dst id="15">1251.8667</dst>
    </src>
    <src id="19">
      <dst id="12">11418.2311</dst>
      <dst id="13">3165.5822</dst>
      <dst id="23">2.0622</dst>
      <dst id="8">1.5644</dst>
      <dst id="18">4.3111</dst>
      <dst id="4">16534.1956</dst>
      <dst id="1">49.3778</dst>
      <dst id="5">1.7244</dst>
      <dst id="3">393.2089</dst>
      <dst id="22">54.4444</dst>
      <dst id="7">3473.6267</dst>
      <dst id="2">56.4800</dst>
      <dst id="6">67.9733</dst>
      <dst id="16">6352.0533</dst>
      <dst id="14">2.8089</dst>
      <dst id="20">1.4133</dst>
      <dst id="11">4.4444</dst>
      <dst id="9">0.4267</dst>
      <dst id="17">267.4933</dst>
      <dst id="21">289.6444</dst>
      <dst id="15">0.4978</dst>
    </src>
    <src id="23">
      <dst id="12">397.6089</dst>
      <dst id="13">31.0844</dst>
      <dst id="18">0.7911</dst>
      <dst id="4">7.9556</dst>
      <dst id="1">102.6933</dst>
      <dst id="5">25.2711</dst>
      <dst id="3">12.6222</dst>
      <dst id="22">15.2178</dst>
      <dst id="7">6.0267</dst>
      <dst id="2">2.4800</dst>
      <dst id="16">2.0000</dst>
      <dst id="11">98.4889</dst>
      <dst id="9">385.4222</dst>
      <dst id="17">151.7067</dst>
      <dst id="21">110.8533</dst>
      <dst id="15">50.4889</dst>
    </src>
    <src id="8">
      <dst id="12">273571.4044</dst>
      <dst id="13">353.6622</dst>
      <dst id="19">40.6933</dst>
      <dst id="23">13.3333</dst>
      <dst id="18">2.9600</dst>
      <dst id="4">5603.7333</dst>
      <dst id="1">153.0400</dst>
      <dst id="5">552.9244</dst>
      <dst id="3">9.4133</dst>
      <dst id="22">371.7867</dst>
      <dst id="7">6.1600</dst>
      <dst id="2">81427.6622</dst>
      <dst id="16">129.9111</dst>
      <dst id="14">238.0267</dst>
      <dst id="20">40.9244</dst>
      <dst id="11">138.1867</dst>
      <dst id="9">79.9556</dst>
      <dst id="17">53680.3289</dst>
      <dst id="21">31.5111</dst>
      <dst id="15">14.4000</dst>
    </src>
    <src id="18">
      <dst id="12">114786.4000</dst>
      <dst id="13">247.9378</dst>
      <dst id="19">2.8800</dst>
      <dst id="23">3.0133</dst>
      <dst id="8">39.9378</dst>
      <dst id="4">1363.2267</dst>
      <dst id="1">1530.5778</dst>
      <dst id="5">294.5600</dst>
      <dst id="3">160.6933</dst>
      <dst id="22">185.9822</dst>
      <dst id="7">88.0267</dst>
      <dst id="2">26573.3689</dst>
      <dst id="16">7.4400</dst>
      <dst id="20">12.4444</dst>
      <dst id="11">52.0178</dst>
      <dst id="9">106.3911</dst>
      <dst id="17">23207.9733</dst>
      <dst id="21">161.5289</dst>
      <dst id="15">106.1067</dst>
    </src>
    <src id="4">
      <dst id="12">9325.8756</dst>
      <dst id="19">15632.0267</dst>
      <dst id="23">0.4622</dst>
      <dst id="8">1116.0178</dst>
      <dst id="18">523.8667</dst>
      <dst id="1">2654.2489</dst>
      <dst id="5">1375.9022</dst>
      <dst id="3">98914.8356</dst>
      <dst id="22">3726.4444</dst>
      <dst id="7">56312.5422</dst>
      <dst id="2">69701.5111</dst>
      <dst id="6">25.4044</dst>
      <dst id="16">744.9422</dst>
      <dst id="14">1154.0800</dst>
      <dst id="20">574.5600</dst>
      <dst id="11">6060.4800</dst>
      <dst id="9">2821.2444</dst>
      <dst id="17">30895.8044</dst>
      <dst id="21">6960.7289</dst>
      <dst id="15">56.3022</dst>
    </src>
    <src id="1">
      <dst id="12">16836.4267</dst>
      <dst id="13">304.7378</dst>
      <dst id="19">2142.6933</dst>
      <dst id="23">15.3600</dst>
      <dst id="8">51669.7956</dst>
      <dst id="18">10768.2933</dst>
      <dst id="4">6187.4400</dst>
      <dst id="1">39.6800</dst>
      <dst id="5">129410.0533</dst>
      <dst id="3">24135.4222</dst>
      <dst id="22">68.2667</dst>
      <dst id="7">13895.3600</dst>
      <dst id="2">2476.0978</dst>
      <dst id="6">3279.3422</dst>
      <dst id="16">9421.4044</dst>
      <dst id="14">68.5600</dst>
      <dst id="20">91.7067</dst>
      <dst id="11">282.4622</dst>
      <dst id="9">121813.7156</dst>
      <dst id="17">3168.6133</dst>
      <dst id="21">2226.2489</dst>
      <dst id="15">146.7467</dst>
    </src>
    <src id="5">
      <dst id="12">272187.1378</dst>
      <dst id="13">864.3822</dst>
      <dst id="19">28.2667</dst>
      <dst id="23">638.7200</dst>
      <dst id="8">554.8444</dst>
      <dst id="18">289.7867</dst>
      <dst id="4">6853.1911</dst>
      <dst id="1">2.7644</dst>
      <dst id="3">221.5556</dst>
      <dst id="22">4587.8578</dst>
      <dst id="7">45.9556</dst>
      <dst id="2">100287.9822</dst>
      <dst id="6">1.3067</dst>
      <dst id="16">805.9733</dst>
      <dst id="14">25.2444</dst>
      <dst id="20">918.3822</dst>
      <dst id="11">1451.2178</dst>
      <dst id="9">1094.9867</dst>
      <dst id="17">75092.8800</dst>
      <dst id="21">321.8400</dst>
      <dst id="15">125.6711</dst>
    </src>
    <src id="3">
      <dst id="12">20983.9467</dst>
      <dst id="13">1117.1644</dst>
      <dst id="19">4336.2311</dst>
      <dst id="23">3.6089</dst>
      <dst id="8">32.0533</dst>
      <dst id="18">64248.1956</dst>
      <dst id="4">54492.5600</dst>
      <dst id="1">1440.9867</dst>
      <dst id="5">266.3378</dst>
      <dst id="3">7845.5822</dst>
      <dst id="22">254.1956</dst>
      <dst id="7">1465.9644</dst>
      <dst id="2">3325.4489</dst>
      <dst id="6">0.3378</dst>
      <dst id="16">398.8000</dst>
      <dst id="14">17615.2800</dst>
      <dst id="20">301.4578</dst>
      <dst id="11">84699.1200</dst>
      <dst id="9">118.6222</dst>
      <dst id="17">10831.9289</dst>
      <dst id="21">6869.4133</dst>
      <dst id="15">24.6044</dst>
    </src>
    <src id="10">
      <dst id="12">16979.9378</dst>
      <dst id="19">5367.2267</dst>
      <dst id="8">1024.8711</dst>
      <dst id="18">14210.7733</dst>
      <dst id="4">2.4889</dst>
      <dst id="1">1685.6267</dst>
      <dst id="5">462.6133</dst>
      <dst id="3">8557.0044</dst>
      <dst id="22">7760.0267</dst>
      <dst id="7">3898.8444</dst>
      <dst id="2">18306.4711</dst>
      <dst id="16">377.1022</dst>
      <dst id="14">3056.3467</dst>
      <dst id="20">3539.3689</dst>
      <dst id="11">3210.6311</dst>
      <dst id="9">2787.7867</dst>
      <dst id="17">45084.1244</dst>
      <dst id="21">12043.8489</dst>
      <dst id="15">460.0089</dst>
    </src>
    <src id="22">
      <dst id="12">4290.5511</dst>
      <dst id="13">1580.4622</dst>
      <dst id="19">26.1956</dst>
      <dst id="23">134.5156</dst>
      <dst id="8">332.7556</dst>
      <dst id="18">1455.8578</dst>
      <dst id="4">15629.4222</dst>
      <dst id="1">48.2222</dst>
      <dst id="5">2653.4044</dst>
      <dst id="3">165.0933</dst>
      <dst id="7">2935.6178</dst>
      <dst id="2">1837.8933</dst>
      <dst id="6">2.6578</dst>
      <dst id="16">6.9244</dst>
      <dst id="14">123.9289</dst>
      <dst id="11">2787.5556</dst>
      <dst id="9">749.9911</dst>
      <dst id="17">4422.9600</dst>
      <dst id="21">672.5867</dst>
    </src>
    <src id="7">
      <dst id="12">2397.6178</dst>
      <dst id="13">57.8933</dst>
      <dst id="19">344.8889</dst>
      <dst id="23">40.4356</dst>
      <dst id="8">284.1067</dst>
      <dst id="18">329.2533</dst>
      <dst id="4">31718.3822</dst>
      <dst id="1">1499.3867</dst>
      <dst id="5">1021.8933</dst>
      <dst id="3">1414.4800</dst>
      <dst id="22">18823.9467</dst>
      <dst id="7">669.9733</dst>
      <dst id="2">4335.6089</dst>
      <dst id="6">1.1644</dst>
      <dst id="16">567.6978</dst>
      <dst id="14">166.3289</dst>
      <dst id="20">47.2622</dst>
      <dst id="11">486.4089</dst>
      <dst id="9">489.1022</dst>
      <dst id="17">7759.5556</dst>
      <dst id="21">4835.8400</dst>
      <dst id="15">165.1911</dst>
    </src>
    <src id="2">
      <dst id="12">52568.4444</dst>
      <dst id="13">2487.1289</dst>
      <dst id="19">139.7956</dst>
      <dst id="8">80.9778</dst>
      <dst id="18">44918.7822</dst>
      <dst id="4">100949.0489</dst>
      <dst id="1">1092.2044</dst>
      <dst id="5">833.4578</dst>
      <dst id="3">3128.2667</dst>
      <dst id="22">852.8000</dst>
      <dst id="7">6107.3333</dst>
      <dst id="2">456.1956</dst>
      <dst id="6">4195.0667</dst>
      <dst id="16">3387.3511</dst>
      <dst id="14">154.2756</dst>
      <dst id="20">295.4844</dst>
      <dst id="11">3389.9111</dst>
      <dst id="9">156.3822</dst>
      <dst id="17">31389.8400</dst>
      <dst id="21">3782.3467</dst>
      <dst id="15">16.5511</dst>
    </src>
    <src id="6">
      <dst id="12">8014.7200</dst>
      <dst id="13">1.8844</dst>
      <dst id="19">0.3556</dst>
      <dst id="8">0.7111</dst>
      <dst id="18">0.5600</dst>
      <dst id="4">120.6311</dst>
      <dst id="1">0.5244</dst>
      <dst id="3">0.4978</dst>
      <dst id="22">0.4711</dst>
      <dst id="7">1.1378</dst>
      <dst id="2">1273.5111</dst>
      <dst id="9">0.5867</dst>
      <dst id="17">1032.8978</dst>
      <dst id="21">7.7867</dst>
      <dst id="15">1.1378</dst>
    </src>
    <src id="16">
      <dst id="12">1385.6622</dst>
      <dst id="13">145.0667</dst>
      <dst id="19">4194.8178</dst>
      <dst id="23">1.3778</dst>
      <dst id="8">1014.2311</dst>
      <dst id="18">5.3156</dst>
      <dst id="4">4234.4711</dst>
      <dst id="1">22983.4133</dst>
      <dst id="5">730.2222</dst>
      <dst id="3">789.1822</dst>
      <dst id="7">1701.8844</dst>
      <dst id="2">212.6933</dst>
      <dst id="16">16.3378</dst>
      <dst id="14">0.4267</dst>
      <dst id="11">12.6578</dst>
      <dst id="9">1490.9867</dst>
      <dst id="17">2203.8578</dst>
      <dst id="21">258.7822</dst>
    </src>
    <src id="14">
      <dst id="12">18535.2622</dst>
      <dst id="13">85.2089</dst>
      <dst id="19">5.5644</dst>
      <dst id="8">3.2711</dst>
      <dst id="18">1.0133</dst>
      <dst id="4">1885.4756</dst>
      <dst id="1">69.7600</dst>
      <dst id="5">2.4356</dst>
      <dst id="3">43.3956</dst>
      <dst id="22">28.4089</dst>
      <dst id="7">62.7644</dst>
      <dst id="2">4017.8133</dst>
      <dst id="16">12.4089</dst>
      <dst id="20">13.3333</dst>
      <dst id="11">43.4222</dst>
      <dst id="9">0.4622</dst>
      <dst id="17">4774.5067</dst>
      <dst id="21">75.0311</dst>
    </src>
    <src id="20">
      <dst id="12">2076.4000</dst>
      <dst id="13">1237.2267</dst>
      <dst id="19">2.8533</dst>
      <dst id="8">141.6889</dst>
      <dst id="18">687.3600</dst>
      <dst id="4">7597.9822</dst>
      <dst id="1">29.1467</dst>
      <dst id="5">1078.7378</dst>
      <dst id="3">139.2356</dst>
      <dst id="7">274.9067</dst>
      <dst id="2">2439.3956</dst>
      <dst id="14">2.1333</dst>
      <dst id="11">871.5556</dst>
      <dst id="9">6988.7733</dst>
      <dst id="17">5923.7333</dst>
      <dst id="21">369.6978</dst>
    </src>
    <src id="11">
      <dst id="12">383663.3778</dst>
      <dst id="13">275.0133</dst>
      <dst id="19">74.9867</dst>
      <dst id="23">394.0889</dst>
      <dst id="8">110.0444</dst>
      <dst id="18">272.4267</dst>
      <dst id="4">15441.3778</dst>
      <dst id="1">493.8311</dst>
      <dst id="5">3097.3156</dst>
      <dst id="3">443.9111</dst>
      <dst id="22">3900.9067</dst>
      <dst id="7">354.2489</dst>
      <dst id="2">133026.3467</dst>
      <dst id="6">1.1378</dst>
      <dst id="16">351.3067</dst>
      <dst id="14">60.2489</dst>
      <dst id="20">1243.8667</dst>
      <dst id="11">1723.9022</dst>
      <dst id="9">259.9733</dst>
      <dst id="17">82561.4844</dst>
      <dst id="21">1946.0000</dst>
      <dst id="15">73.8133</dst>
    </src>
    <src id="9">
      <dst id="12">456370.1867</dst>
      <dst id="13">2095.8844</dst>
      <dst id="23">14.0800</dst>
      <dst id="8">70.7644</dst>
      <dst id="18">3649.3867</dst>
      <dst id="4">13049.8133</dst>
      <dst id="1">118.5067</dst>
      <dst id="5">203.9467</dst>
      <dst id="3">267.8044</dst>
      <dst id="22">1104.3644</dst>
      <dst id="7">34.5244</dst>
      <dst id="2">123451.9644</dst>
      <dst id="6">0.5422</dst>
      <dst id="16">123.5733</dst>
      <dst id="14">12.6222</dst>
      <dst id="20">788.9067</dst>
      <dst id="11">632.0889</dst>
      <dst id="9">1678.4533</dst>
      <dst id="17">109821.3867</dst>
      <dst id="21">362.3556</dst>
      <dst id="15">381.5467</dst>
    </src>
    <src id="17">
      <dst id="12">11016.0533</dst>
      <dst id="13">12901.6978</dst>
      <dst id="19">7596.6667</dst>
      <dst id="23">255.0044</dst>
      <dst id="8">69011.1022</dst>
      <dst id="18">171.2356</dst>
      <dst id="4">139482.9067</dst>
      <dst id="1">822.9867</dst>
      <dst id="5">118925.8311</dst>
      <dst id="3">10078.0356</dst>
      <dst id="22">1107.9556</dst>
      <dst id="7">19339.7778</dst>
      <dst id="2">14191.5200</dst>
      <dst id="6">76.8622</dst>
      <dst id="16">1622.1956</dst>
      <dst id="14">16104.3822</dst>
      <dst id="20">158.9422</dst>
      <dst id="11">78751.7600</dst>
      <dst id="9">118258.2489</dst>
      <dst id="17">1410.1778</dst>
      <dst id="21">14497.5467</dst>
      <dst id="15">40.9867</dst>
    </src>
    <src id="21">
      <dst id="12">17852.5333</dst>
      <dst id="13">1137.5200</dst>
      <dst id="19">217.2533</dst>
      <dst id="23">38.5333</dst>
      <dst id="8">5.4400</dst>
      <dst id="18">954.8267</dst>
      <dst id="4">24690.9956</dst>
      <dst id="1">1721.5822</dst>
      <dst id="5">600.9778</dst>
      <dst id="3">701.9111</dst>
      <dst id="22">1322.7289</dst>
      <dst id="7">1897.5733</dst>
      <dst id="2">8683.9733</dst>
      <dst id="16">157.9822</dst>
      <dst id="14">84.6489</dst>
      <dst id="20">65.0756</dst>
      <dst id="11">762.8267</dst>
      <dst id="9">186.0000</dst>
      <dst id="17">3353.0311</dst>
      <dst id="21">2301.1911</dst>
      <dst id="15">4.0889</dst>
    </src>
    <src id="15">
      <dst id="12">414.3911</dst>
      <dst id="13">1048.0533</dst>
      <dst id="19">0.5244</dst>
      <dst id="23">3.1289</dst>
      <dst id="8">20.6578</dst>
      <dst id="18">27.6622</dst>
      <dst id="4">2387.2800</dst>
      <dst id="1">29.9111</dst>
      <dst id="5">363.2444</dst>
      <dst id="3">433.0400</dst>
      <dst id="7">15.6978</dst>
      <dst id="2">22.7467</dst>
      <dst id="16">0.4089</dst>
      <dst id="11">210.9422</dst>
      <dst id="9">1311.8844</dst>
      <dst id="17">239.6089</dst>
      <dst id="21">33.9022</dst>
    </src>
  </IntraTM>
</TrafficMatrixFile>
