<?xml version="1.0" encoding="UTF-8" standalone="yes"?>
<TrafficMatrixFile xmlns:xsi="http://www.w3.org/2001/XMLSchema-instance" xsi:noNamespaceSchemaLocation="http://totem.run.montefiore.ulg.ac.be/Schema/TrafficMatrix-v1_2.xsd">
  <info>
    <title>Intradomain traffic matrix generated by geant-TM-all.pl</title>
    <date>2005-01-04T01:45:00</date>
    <duration>900</duration>
    <author>Steve Uhlig</author>
    <units>
        <unit type="bandwidth" value="kbps"/>
    </units>
  </info>
  <IntraTM ASID="20965">
    <src id="12">
      <dst id="12">246058.7378</dst>
      <dst id="13">58067.6978</dst>
      <dst id="19">1659.4578</dst>
      <dst id="23">1284.3911</dst>
      <dst id="8">1316.3467</dst>
      <dst id="18">7909.6444</dst>
      <dst id="4">62360.7467</dst>
      <dst id="1">5711.1022</dst>
      <dst id="5">4337.4578</dst>
      <dst id="3">3654.8800</dst>
      <dst id="22">21836.7911</dst>
      <dst id="7">9013.2978</dst>
      <dst id="2">87807.8756</dst>
      <dst id="6">26.9600</dst>
      <dst id="16">8669.9200</dst>
      <dst id="14">713.5022</dst>
      <dst id="20">4032.0089</dst>
      <dst id="11">5631.6089</dst>
      <dst id="9">4328.0800</dst>
      <dst id="17">90639.0133</dst>
      <dst id="21">4512.1600</dst>
      <dst id="15">9702.4356</dst>
    </src>
    <src id="13">
      <dst id="12">48427.4844</dst>
      <dst id="19">5337.6622</dst>
      <dst id="23">168.9689</dst>
      <dst id="8">2823.5911</dst>
      <dst id="18">2748.3733</dst>
      <dst id="1">5269.1467</dst>
      <dst id="5">6075.5289</dst>
      <dst id="3">7534.8356</dst>
      <dst id="22">20886.8000</dst>
      <dst id="7">11913.1467</dst>
      <dst id="2">104654.5600</dst>
      <dst id="6">176.5067</dst>
      <dst id="16">10717.0667</dst>
      <dst id="14">1591.0044</dst>
      <dst id="20">9857.9289</dst>
      <dst id="11">14516.9333</dst>
      <dst id="9">17631.7333</dst>
      <dst id="17">50829.0756</dst>
      <dst id="21">16483.5467</dst>
      <dst id="15">3875.0044</dst>
    </src>
    <src id="19">
      <dst id="12">21043.6089</dst>
      <dst id="13">12923.6178</dst>
      <dst id="23">163.4489</dst>
      <dst id="8">40.0000</dst>
      <dst id="18">55.6089</dst>
      <dst id="4">19436.1689</dst>
      <dst id="1">6973.4844</dst>
      <dst id="5">13.6889</dst>
      <dst id="3">49.4222</dst>
      <dst id="22">697.2533</dst>
      <dst id="7">4125.2889</dst>
      <dst id="2">166.7556</dst>
      <dst id="6">42.5778</dst>
      <dst id="16">6989.8933</dst>
      <dst id="14">0.9867</dst>
      <dst id="20">12.1511</dst>
      <dst id="11">35.3422</dst>
      <dst id="9">143.4756</dst>
      <dst id="17">5894.1333</dst>
      <dst id="21">948.1156</dst>
    </src>
    <src id="23">
      <dst id="12">1041.6978</dst>
      <dst id="13">517.5022</dst>
      <dst id="19">42.4711</dst>
      <dst id="18">1374.2044</dst>
      <dst id="4">53.2800</dst>
      <dst id="1">47.6444</dst>
      <dst id="5">15.9644</dst>
      <dst id="3">202.4533</dst>
      <dst id="22">522.9956</dst>
      <dst id="7">131.9733</dst>
      <dst id="2">36.3911</dst>
      <dst id="6">0.3378</dst>
      <dst id="16">272.5156</dst>
      <dst id="20">99.3511</dst>
      <dst id="11">115.7778</dst>
      <dst id="9">336.0444</dst>
      <dst id="17">153.8133</dst>
      <dst id="21">189.9822</dst>
    </src>
    <src id="8">
      <dst id="12">316737.4844</dst>
      <dst id="13">2899.3422</dst>
      <dst id="19">0.8267</dst>
      <dst id="23">0.4622</dst>
      <dst id="18">2.8178</dst>
      <dst id="4">4675.0933</dst>
      <dst id="1">511.3600</dst>
      <dst id="5">1776.8444</dst>
      <dst id="3">24.7733</dst>
      <dst id="22">1642.8978</dst>
      <dst id="7">272.3644</dst>
      <dst id="2">137047.4400</dst>
      <dst id="6">0.3556</dst>
      <dst id="16">1304.5067</dst>
      <dst id="14">181.5822</dst>
      <dst id="20">55.1911</dst>
      <dst id="11">630.1156</dst>
      <dst id="9">2572.6133</dst>
      <dst id="17">124295.5289</dst>
      <dst id="21">48.1511</dst>
      <dst id="15">56.2489</dst>
    </src>
    <src id="18">
      <dst id="12">92293.0400</dst>
      <dst id="13">148.3467</dst>
      <dst id="19">4.0978</dst>
      <dst id="23">31.6622</dst>
      <dst id="8">56.0622</dst>
      <dst id="4">1555.6000</dst>
      <dst id="1">1212.5956</dst>
      <dst id="5">456.7289</dst>
      <dst id="3">52.4533</dst>
      <dst id="22">235.7689</dst>
      <dst id="7">1076.3467</dst>
      <dst id="2">32490.6489</dst>
      <dst id="16">20.0356</dst>
      <dst id="20">176.2489</dst>
      <dst id="11">167.1911</dst>
      <dst id="9">178.4711</dst>
      <dst id="17">38362.3200</dst>
      <dst id="21">303.4844</dst>
      <dst id="15">3.4489</dst>
    </src>
    <src id="4">
      <dst id="12">63820.2844</dst>
      <dst id="19">15346.9511</dst>
      <dst id="23">0.7822</dst>
      <dst id="8">901.4756</dst>
      <dst id="18">938.4356</dst>
      <dst id="4">2.2222</dst>
      <dst id="1">15975.6444</dst>
      <dst id="5">1248.2222</dst>
      <dst id="3">258.1156</dst>
      <dst id="22">5837.1111</dst>
      <dst id="7">115603.6356</dst>
      <dst id="2">66252.8800</dst>
      <dst id="6">5.3156</dst>
      <dst id="16">990.5156</dst>
      <dst id="14">912.5511</dst>
      <dst id="20">1351.7600</dst>
      <dst id="11">7352.7200</dst>
      <dst id="9">2779.5467</dst>
      <dst id="17">120610.6222</dst>
      <dst id="21">3300.6756</dst>
      <dst id="15">594.2844</dst>
    </src>
    <src id="1">
      <dst id="12">12437.2622</dst>
      <dst id="13">753.6800</dst>
      <dst id="19">383.8844</dst>
      <dst id="23">55.0133</dst>
      <dst id="8">111695.0489</dst>
      <dst id="18">11432.9422</dst>
      <dst id="4">5226.9333</dst>
      <dst id="1">4388.0178</dst>
      <dst id="5">200712.9511</dst>
      <dst id="3">176.3911</dst>
      <dst id="22">4282.6489</dst>
      <dst id="7">1299.5556</dst>
      <dst id="2">4289.6444</dst>
      <dst id="6">9701.5378</dst>
      <dst id="16">6348.1867</dst>
      <dst id="14">103.5733</dst>
      <dst id="20">46.1778</dst>
      <dst id="11">310.5422</dst>
      <dst id="9">216699.6000</dst>
      <dst id="17">1878.8444</dst>
      <dst id="21">2763.5644</dst>
      <dst id="15">259.6533</dst>
    </src>
    <src id="5">
      <dst id="12">318707.1200</dst>
      <dst id="13">13170.6044</dst>
      <dst id="19">1.1733</dst>
      <dst id="23">173.7956</dst>
      <dst id="8">10848.8267</dst>
      <dst id="18">209.4578</dst>
      <dst id="4">9219.3244</dst>
      <dst id="1">576.2844</dst>
      <dst id="3">42.7378</dst>
      <dst id="22">15256.2400</dst>
      <dst id="7">264.5156</dst>
      <dst id="2">151852.5778</dst>
      <dst id="6">11.2444</dst>
      <dst id="16">689.6533</dst>
      <dst id="14">33.0578</dst>
      <dst id="20">19231.1822</dst>
      <dst id="11">946.8356</dst>
      <dst id="9">4958.1689</dst>
      <dst id="17">117955.1111</dst>
      <dst id="21">374.2489</dst>
      <dst id="15">127.8489</dst>
    </src>
    <src id="3">
      <dst id="12">10998.1778</dst>
      <dst id="13">2063.5733</dst>
      <dst id="19">1190.5333</dst>
      <dst id="23">7749.2711</dst>
      <dst id="8">48.1422</dst>
      <dst id="18">75399.9911</dst>
      <dst id="4">17515.3067</dst>
      <dst id="1">13454.3911</dst>
      <dst id="5">365.8311</dst>
      <dst id="3">15925.2000</dst>
      <dst id="22">1981.3867</dst>
      <dst id="7">2107.8489</dst>
      <dst id="2">4703.6000</dst>
      <dst id="6">12.9778</dst>
      <dst id="16">819.9378</dst>
      <dst id="14">33951.5467</dst>
      <dst id="20">125.6356</dst>
      <dst id="11">160862.0089</dst>
      <dst id="9">191.5822</dst>
      <dst id="17">6790.5244</dst>
      <dst id="21">16971.0489</dst>
      <dst id="15">50.9867</dst>
    </src>
    <src id="10">
      <dst id="12">17352.4356</dst>
      <dst id="19">2978.5156</dst>
      <dst id="8">434.8356</dst>
      <dst id="18">14484.5244</dst>
      <dst id="1">3499.0044</dst>
      <dst id="5">934.8178</dst>
      <dst id="3">7546.5511</dst>
      <dst id="22">11880.9244</dst>
      <dst id="7">6406.7111</dst>
      <dst id="2">23557.0400</dst>
      <dst id="6">26.9067</dst>
      <dst id="16">3332.7378</dst>
      <dst id="14">569.4578</dst>
      <dst id="20">3778.2489</dst>
      <dst id="11">6254.3111</dst>
      <dst id="9">1658.8800</dst>
      <dst id="17">17338.7200</dst>
      <dst id="21">17277.0400</dst>
      <dst id="15">300.7822</dst>
    </src>
    <src id="22">
      <dst id="12">29523.0933</dst>
      <dst id="13">4203.0400</dst>
      <dst id="19">184.6133</dst>
      <dst id="23">29.4400</dst>
      <dst id="8">618.9956</dst>
      <dst id="18">1079.0222</dst>
      <dst id="4">15973.4933</dst>
      <dst id="1">394.4000</dst>
      <dst id="5">2183.5022</dst>
      <dst id="3">1357.0578</dst>
      <dst id="7">839.1822</dst>
      <dst id="2">2463.5733</dst>
      <dst id="6">1.6178</dst>
      <dst id="16">24.9067</dst>
      <dst id="14">459.2178</dst>
      <dst id="11">2651.3511</dst>
      <dst id="9">9459.2533</dst>
      <dst id="17">3796.4711</dst>
      <dst id="21">666.8356</dst>
    </src>
    <src id="7">
      <dst id="12">6996.0711</dst>
      <dst id="13">249.2356</dst>
      <dst id="19">303.3778</dst>
      <dst id="23">87.0222</dst>
      <dst id="8">542.2667</dst>
      <dst id="18">462.2667</dst>
      <dst id="4">15287.1733</dst>
      <dst id="1">2233.3778</dst>
      <dst id="5">869.7156</dst>
      <dst id="3">12534.3556</dst>
      <dst id="22">2949.3778</dst>
      <dst id="7">690.8000</dst>
      <dst id="2">7154.2489</dst>
      <dst id="6">30.4000</dst>
      <dst id="16">320.5867</dst>
      <dst id="14">94.5867</dst>
      <dst id="20">271.9200</dst>
      <dst id="11">2265.7156</dst>
      <dst id="9">534.3289</dst>
      <dst id="17">12203.0222</dst>
      <dst id="21">1735.8578</dst>
      <dst id="15">310.5422</dst>
    </src>
    <src id="2">
      <dst id="12">114410.8533</dst>
      <dst id="13">515721.9200</dst>
      <dst id="19">247.5822</dst>
      <dst id="23">6.7822</dst>
      <dst id="8">2018.4267</dst>
      <dst id="18">57537.6800</dst>
      <dst id="4">76224.3200</dst>
      <dst id="1">7158.4356</dst>
      <dst id="5">1700.0000</dst>
      <dst id="3">48.2844</dst>
      <dst id="22">2599.6178</dst>
      <dst id="7">3342.7733</dst>
      <dst id="2">921.5378</dst>
      <dst id="6">8171.8489</dst>
      <dst id="16">2518.8533</dst>
      <dst id="14">5964.3822</dst>
      <dst id="20">1562.6222</dst>
      <dst id="11">8301.0044</dst>
      <dst id="9">625.8311</dst>
      <dst id="17">29486.8178</dst>
      <dst id="21">1731.7333</dst>
      <dst id="15">389.9022</dst>
    </src>
    <src id="6">
      <dst id="12">11467.7689</dst>
      <dst id="13">25.7422</dst>
      <dst id="19">30.8622</dst>
      <dst id="23">0.9956</dst>
      <dst id="8">4.4711</dst>
      <dst id="18">0.3378</dst>
      <dst id="4">1338.7644</dst>
      <dst id="1">29.6089</dst>
      <dst id="5">13.2622</dst>
      <dst id="22">9.3867</dst>
      <dst id="2">2711.0667</dst>
      <dst id="16">34.7378</dst>
      <dst id="11">69.9911</dst>
      <dst id="9">3.5733</dst>
      <dst id="17">1661.6444</dst>
      <dst id="21">1.0311</dst>
    </src>
    <src id="16">
      <dst id="12">2515.6800</dst>
      <dst id="13">393.1378</dst>
      <dst id="19">3794.9422</dst>
      <dst id="23">68.8711</dst>
      <dst id="8">3637.0044</dst>
      <dst id="18">25.0489</dst>
      <dst id="4">3712.9956</dst>
      <dst id="1">22570.1511</dst>
      <dst id="5">4622.2756</dst>
      <dst id="3">8.2756</dst>
      <dst id="7">486.3644</dst>
      <dst id="2">895.7156</dst>
      <dst id="6">1.0489</dst>
      <dst id="16">42.7111</dst>
      <dst id="14">0.8356</dst>
      <dst id="11">114.9333</dst>
      <dst id="9">8122.7111</dst>
      <dst id="17">3075.4844</dst>
      <dst id="21">1620.2133</dst>
    </src>
    <src id="14">
      <dst id="12">19295.7244</dst>
      <dst id="13">18.4889</dst>
      <dst id="19">6.7200</dst>
      <dst id="8">192.1067</dst>
      <dst id="18">25.2444</dst>
      <dst id="4">1492.8622</dst>
      <dst id="1">107.0844</dst>
      <dst id="5">67.9289</dst>
      <dst id="3">2535.4578</dst>
      <dst id="22">29.4489</dst>
      <dst id="7">76.2933</dst>
      <dst id="2">6159.1111</dst>
      <dst id="16">1.8578</dst>
      <dst id="20">0.6578</dst>
      <dst id="11">90.5867</dst>
      <dst id="9">13.2533</dst>
      <dst id="17">6723.1911</dst>
      <dst id="21">51.3422</dst>
    </src>
    <src id="20">
      <dst id="12">4573.5467</dst>
      <dst id="13">6847.8933</dst>
      <dst id="19">30.2844</dst>
      <dst id="23">105.8044</dst>
      <dst id="8">112.0711</dst>
      <dst id="18">10.8978</dst>
      <dst id="4">12101.6533</dst>
      <dst id="1">156.2311</dst>
      <dst id="5">1886.8800</dst>
      <dst id="3">392.2667</dst>
      <dst id="7">1380.5333</dst>
      <dst id="2">445.0578</dst>
      <dst id="14">1.0578</dst>
      <dst id="11">2366.1689</dst>
      <dst id="9">858.9778</dst>
      <dst id="17">1881.4400</dst>
      <dst id="21">1578.0978</dst>
    </src>
    <src id="11">
      <dst id="12">422132.2044</dst>
      <dst id="13">4207.3511</dst>
      <dst id="19">39.8044</dst>
      <dst id="23">32.3467</dst>
      <dst id="8">647.1289</dst>
      <dst id="18">1757.0489</dst>
      <dst id="4">7544.3822</dst>
      <dst id="1">494.5156</dst>
      <dst id="5">2449.1556</dst>
      <dst id="3">251.9644</dst>
      <dst id="22">2291.8933</dst>
      <dst id="7">324.6400</dst>
      <dst id="2">170754.5956</dst>
      <dst id="6">1.0667</dst>
      <dst id="16">694.4622</dst>
      <dst id="14">36.2311</dst>
      <dst id="20">354.6667</dst>
      <dst id="11">1167.6533</dst>
      <dst id="9">1074.4444</dst>
      <dst id="17">177149.3600</dst>
      <dst id="21">783.5911</dst>
      <dst id="15">407.3333</dst>
    </src>
    <src id="9">
      <dst id="12">413118.9956</dst>
      <dst id="13">4471.8311</dst>
      <dst id="19">217.9733</dst>
      <dst id="23">20.9600</dst>
      <dst id="8">299.6356</dst>
      <dst id="18">294.0178</dst>
      <dst id="4">7254.6311</dst>
      <dst id="1">2387.2978</dst>
      <dst id="5">743.3333</dst>
      <dst id="3">0.3556</dst>
      <dst id="22">2064.9689</dst>
      <dst id="7">595.3156</dst>
      <dst id="2">172733.0400</dst>
      <dst id="6">0.8533</dst>
      <dst id="16">1277.8311</dst>
      <dst id="14">0.8178</dst>
      <dst id="20">847.4311</dst>
      <dst id="11">818.1956</dst>
      <dst id="9">444.7822</dst>
      <dst id="17">190842.5244</dst>
      <dst id="21">3212.5244</dst>
      <dst id="15">398.7556</dst>
    </src>
    <src id="17">
      <dst id="12">12519.3067</dst>
      <dst id="13">25567.7333</dst>
      <dst id="19">404.8178</dst>
      <dst id="23">131.9289</dst>
      <dst id="8">129569.1911</dst>
      <dst id="18">401.1022</dst>
      <dst id="4">40779.2000</dst>
      <dst id="1">990.4622</dst>
      <dst id="5">213732.0889</dst>
      <dst id="3">5558.8533</dst>
      <dst id="22">4641.2889</dst>
      <dst id="7">1851.1822</dst>
      <dst id="2">31611.5200</dst>
      <dst id="6">18.1511</dst>
      <dst id="16">10919.5822</dst>
      <dst id="14">23744.8178</dst>
      <dst id="20">973.1200</dst>
      <dst id="11">119196.2133</dst>
      <dst id="9">178543.3956</dst>
      <dst id="17">1299.7067</dst>
      <dst id="21">8286.7200</dst>
      <dst id="15">13308.3200</dst>
    </src>
    <src id="21">
      <dst id="12">17151.4489</dst>
      <dst id="13">321.6533</dst>
      <dst id="19">457.9556</dst>
      <dst id="23">31.8844</dst>
      <dst id="8">77.8044</dst>
      <dst id="18">385.5111</dst>
      <dst id="4">21085.8311</dst>
      <dst id="1">4977.7156</dst>
      <dst id="5">688.6311</dst>
      <dst id="3">915.0133</dst>
      <dst id="22">628.5867</dst>
      <dst id="7">1640.1689</dst>
      <dst id="2">9235.6711</dst>
      <dst id="6">1.9022</dst>
      <dst id="16">303.7333</dst>
      <dst id="14">136.3644</dst>
      <dst id="20">108.7111</dst>
      <dst id="11">1603.4489</dst>
      <dst id="9">669.6356</dst>
      <dst id="17">4579.0044</dst>
      <dst id="21">1053.6622</dst>
      <dst id="15">97.0578</dst>
    </src>
    <src id="15">
      <dst id="12">2575.4400</dst>
      <dst id="13">2474.3556</dst>
      <dst id="8">96.5422</dst>
      <dst id="18">24.2667</dst>
      <dst id="4">2394.1333</dst>
      <dst id="1">758.3289</dst>
      <dst id="5">19.2000</dst>
      <dst id="3">23.4133</dst>
      <dst id="7">32.7911</dst>
      <dst id="2">46.1244</dst>
      <dst id="14">1.3067</dst>
      <dst id="11">176.3289</dst>
      <dst id="9">107.2800</dst>
      <dst id="17">7398.6044</dst>
      <dst id="21">120.1156</dst>
    </src>
  </IntraTM>
</TrafficMatrixFile>
