<?xml version="1.0" encoding="UTF-8" standalone="yes"?>
<TrafficMatrixFile xmlns:xsi="http://www.w3.org/2001/XMLSchema-instance" xsi:noNamespaceSchemaLocation="http://totem.run.montefiore.ulg.ac.be/Schema/TrafficMatrix-v1_2.xsd">
  <info>
    <title>Intradomain traffic matrix generated by geant-TM-all.pl</title>
    <date>2005-01-05T08:45:00</date>
    <duration>900</duration>
    <author>Steve Uhlig</author>
    <units>
        <unit type="bandwidth" value="kbps"/>
    </units>
  </info>
  <IntraTM ASID="20965">
    <src id="12">
      <dst id="12">208800.8800</dst>
      <dst id="13">15936.6044</dst>
      <dst id="19">1628.5778</dst>
      <dst id="23">112.6311</dst>
      <dst id="8">4565.7689</dst>
      <dst id="18">923.0044</dst>
      <dst id="4">87960.7911</dst>
      <dst id="1">15119.9644</dst>
      <dst id="5">44811.2978</dst>
      <dst id="3">4567.8667</dst>
      <dst id="22">11700.4978</dst>
      <dst id="7">4502.3467</dst>
      <dst id="2">72966.7556</dst>
      <dst id="16">6138.1511</dst>
      <dst id="14">233.3778</dst>
      <dst id="20">12105.3156</dst>
      <dst id="11">3410.0889</dst>
      <dst id="9">12435.6800</dst>
      <dst id="17">76213.8933</dst>
      <dst id="21">9389.3956</dst>
      <dst id="15">2172.4889</dst>
    </src>
    <src id="13">
      <dst id="12">66914.8800</dst>
      <dst id="19">5210.1600</dst>
      <dst id="23">51.6444</dst>
      <dst id="8">4267.4756</dst>
      <dst id="18">3942.1422</dst>
      <dst id="1">5180.6222</dst>
      <dst id="5">14547.8044</dst>
      <dst id="3">8392.7911</dst>
      <dst id="22">25726.7378</dst>
      <dst id="7">14683.8667</dst>
      <dst id="2">93855.5200</dst>
      <dst id="6">118.6400</dst>
      <dst id="16">9272.8178</dst>
      <dst id="14">1615.6889</dst>
      <dst id="20">15346.8533</dst>
      <dst id="11">10220.1689</dst>
      <dst id="9">11285.7600</dst>
      <dst id="17">45352.6311</dst>
      <dst id="21">12367.0844</dst>
      <dst id="15">3746.5156</dst>
    </src>
    <src id="19">
      <dst id="12">12265.1467</dst>
      <dst id="13">557.9111</dst>
      <dst id="23">0.4267</dst>
      <dst id="8">0.4978</dst>
      <dst id="18">1.7333</dst>
      <dst id="4">20942.1156</dst>
      <dst id="1">246.5422</dst>
      <dst id="5">29.5111</dst>
      <dst id="3">13.6889</dst>
      <dst id="22">1021.2533</dst>
      <dst id="7">2580.6844</dst>
      <dst id="2">219.6889</dst>
      <dst id="6">15.4578</dst>
      <dst id="16">5200.2756</dst>
      <dst id="20">9.2978</dst>
      <dst id="11">310.6311</dst>
      <dst id="9">19.8756</dst>
      <dst id="17">2002.2667</dst>
      <dst id="21">108.2133</dst>
      <dst id="15">825.7422</dst>
    </src>
    <src id="23">
      <dst id="12">420.6578</dst>
      <dst id="13">141.6356</dst>
      <dst id="19">0.3378</dst>
      <dst id="18">0.6044</dst>
      <dst id="4">17.3333</dst>
      <dst id="1">15.0400</dst>
      <dst id="5">1.0311</dst>
      <dst id="3">203.2444</dst>
      <dst id="22">99.3511</dst>
      <dst id="7">5.5111</dst>
      <dst id="2">2.1511</dst>
      <dst id="6">175.7689</dst>
      <dst id="16">682.3289</dst>
      <dst id="14">0.3556</dst>
      <dst id="20">27.5911</dst>
      <dst id="11">42.8444</dst>
      <dst id="9">4444.5600</dst>
      <dst id="17">178.9778</dst>
      <dst id="21">18.7644</dst>
      <dst id="15">2.3111</dst>
    </src>
    <src id="8">
      <dst id="12">299481.3511</dst>
      <dst id="13">643.7600</dst>
      <dst id="19">13.8044</dst>
      <dst id="18">1.9556</dst>
      <dst id="4">13089.0489</dst>
      <dst id="1">1074.1778</dst>
      <dst id="5">9262.5511</dst>
      <dst id="3">14.9689</dst>
      <dst id="22">674.1778</dst>
      <dst id="7">56.9333</dst>
      <dst id="2">117783.6533</dst>
      <dst id="6">0.3556</dst>
      <dst id="16">1342.0711</dst>
      <dst id="14">0.3556</dst>
      <dst id="20">71.3689</dst>
      <dst id="11">343.3422</dst>
      <dst id="9">6427.1822</dst>
      <dst id="17">114375.1644</dst>
      <dst id="21">358.6400</dst>
      <dst id="15">136.5067</dst>
    </src>
    <src id="18">
      <dst id="12">93516.7378</dst>
      <dst id="13">281.7511</dst>
      <dst id="23">1.9200</dst>
      <dst id="8">121.4933</dst>
      <dst id="4">1061.3333</dst>
      <dst id="1">810.8444</dst>
      <dst id="5">154.6578</dst>
      <dst id="3">346.2667</dst>
      <dst id="22">203.0222</dst>
      <dst id="7">886.9600</dst>
      <dst id="2">27827.4933</dst>
      <dst id="16">8.4356</dst>
      <dst id="14">3.0311</dst>
      <dst id="20">1.0844</dst>
      <dst id="11">36.4267</dst>
      <dst id="9">31.9289</dst>
      <dst id="17">37036.2222</dst>
      <dst id="21">250.5422</dst>
      <dst id="15">12.9156</dst>
    </src>
    <src id="4">
      <dst id="12">22339.4400</dst>
      <dst id="19">15778.5333</dst>
      <dst id="8">658.5244</dst>
      <dst id="18">480.8267</dst>
      <dst id="4">1.1378</dst>
      <dst id="1">36961.6711</dst>
      <dst id="5">810.4711</dst>
      <dst id="3">22.0622</dst>
      <dst id="22">4116.7467</dst>
      <dst id="7">64356.7022</dst>
      <dst id="2">91587.4489</dst>
      <dst id="6">8.8622</dst>
      <dst id="16">1368.2311</dst>
      <dst id="14">1178.8978</dst>
      <dst id="20">4120.2844</dst>
      <dst id="11">2351.9644</dst>
      <dst id="9">2511.6800</dst>
      <dst id="17">19665.0044</dst>
      <dst id="21">4366.9867</dst>
      <dst id="15">470.5956</dst>
    </src>
    <src id="1">
      <dst id="12">17525.7867</dst>
      <dst id="13">4359.0489</dst>
      <dst id="19">17.4311</dst>
      <dst id="23">40.6489</dst>
      <dst id="8">86577.5022</dst>
      <dst id="18">11371.8222</dst>
      <dst id="4">3715.0311</dst>
      <dst id="1">13265.3689</dst>
      <dst id="5">168103.7689</dst>
      <dst id="3">310.6489</dst>
      <dst id="22">534.8444</dst>
      <dst id="7">2297.8222</dst>
      <dst id="2">22100.3111</dst>
      <dst id="6">10188.9600</dst>
      <dst id="16">8908.3111</dst>
      <dst id="14">25.3067</dst>
      <dst id="20">5233.2178</dst>
      <dst id="11">328.4089</dst>
      <dst id="9">166441.0578</dst>
      <dst id="17">5329.9911</dst>
      <dst id="21">5078.3733</dst>
      <dst id="15">148.3111</dst>
    </src>
    <src id="5">
      <dst id="12">284612.3467</dst>
      <dst id="13">1815.5022</dst>
      <dst id="19">91.9644</dst>
      <dst id="23">62.4444</dst>
      <dst id="8">9486.8178</dst>
      <dst id="18">249.9467</dst>
      <dst id="4">6821.8578</dst>
      <dst id="1">323.2356</dst>
      <dst id="3">7.7600</dst>
      <dst id="22">3821.8222</dst>
      <dst id="7">1331.0489</dst>
      <dst id="2">118125.9289</dst>
      <dst id="16">324.0622</dst>
      <dst id="14">41.6000</dst>
      <dst id="20">1931.1378</dst>
      <dst id="11">761.3511</dst>
      <dst id="9">642.1422</dst>
      <dst id="17">103710.0444</dst>
      <dst id="21">192.3200</dst>
      <dst id="15">506.9689</dst>
    </src>
    <src id="3">
      <dst id="12">19770.7111</dst>
      <dst id="13">4747.3600</dst>
      <dst id="19">4115.1467</dst>
      <dst id="23">7824.8356</dst>
      <dst id="8">16.7289</dst>
      <dst id="18">50079.2800</dst>
      <dst id="4">22012.8267</dst>
      <dst id="1">5100.0711</dst>
      <dst id="5">628.8800</dst>
      <dst id="3">10270.3733</dst>
      <dst id="22">2250.2044</dst>
      <dst id="7">10899.2089</dst>
      <dst id="2">11164.4178</dst>
      <dst id="6">0.4622</dst>
      <dst id="16">818.1244</dst>
      <dst id="14">24979.2444</dst>
      <dst id="20">78.5956</dst>
      <dst id="11">140875.8311</dst>
      <dst id="9">497.9378</dst>
      <dst id="17">14329.7956</dst>
      <dst id="21">16759.0756</dst>
      <dst id="15">52.1333</dst>
    </src>
    <src id="10">
      <dst id="12">16694.3911</dst>
      <dst id="19">617.8489</dst>
      <dst id="8">343.8578</dst>
      <dst id="18">1853.6178</dst>
      <dst id="1">3031.6000</dst>
      <dst id="5">388.9422</dst>
      <dst id="3">2014.0089</dst>
      <dst id="22">4874.7111</dst>
      <dst id="7">6866.2933</dst>
      <dst id="2">19164.2844</dst>
      <dst id="6">4.9778</dst>
      <dst id="16">2396.6578</dst>
      <dst id="14">2822.9600</dst>
      <dst id="20">3357.0756</dst>
      <dst id="11">5349.5022</dst>
      <dst id="9">744.5422</dst>
      <dst id="17">19119.3600</dst>
      <dst id="21">3825.2444</dst>
      <dst id="15">140.0711</dst>
    </src>
    <src id="22">
      <dst id="12">7863.1822</dst>
      <dst id="13">3151.8044</dst>
      <dst id="19">1183.5200</dst>
      <dst id="23">1562.2844</dst>
      <dst id="8">1282.0533</dst>
      <dst id="18">172.0444</dst>
      <dst id="4">17682.6222</dst>
      <dst id="1">88.7556</dst>
      <dst id="5">6947.0133</dst>
      <dst id="3">1079.0311</dst>
      <dst id="7">1298.6044</dst>
      <dst id="2">6925.6444</dst>
      <dst id="6">66.9156</dst>
      <dst id="16">12.1156</dst>
      <dst id="14">17.5644</dst>
      <dst id="11">1266.3911</dst>
      <dst id="9">1372.8356</dst>
      <dst id="17">4932.4444</dst>
      <dst id="21">404.5156</dst>
    </src>
    <src id="7">
      <dst id="12">3099.6711</dst>
      <dst id="13">1452.2844</dst>
      <dst id="19">1077.9733</dst>
      <dst id="23">199.2711</dst>
      <dst id="8">220.2667</dst>
      <dst id="18">1108.9156</dst>
      <dst id="4">35997.6889</dst>
      <dst id="1">1075.7511</dst>
      <dst id="5">1225.7511</dst>
      <dst id="3">204.4356</dst>
      <dst id="22">7725.9733</dst>
      <dst id="7">645.2978</dst>
      <dst id="2">8153.8844</dst>
      <dst id="6">1.5911</dst>
      <dst id="16">898.5333</dst>
      <dst id="14">43.2356</dst>
      <dst id="20">294.3467</dst>
      <dst id="11">3203.5733</dst>
      <dst id="9">485.5911</dst>
      <dst id="17">5804.0178</dst>
      <dst id="21">2100.6222</dst>
      <dst id="15">1696.8978</dst>
    </src>
    <src id="2">
      <dst id="12">65020.9244</dst>
      <dst id="13">513415.1111</dst>
      <dst id="19">617.5111</dst>
      <dst id="23">55.1378</dst>
      <dst id="8">121.4667</dst>
      <dst id="18">47963.6622</dst>
      <dst id="4">84164.5156</dst>
      <dst id="1">6123.7422</dst>
      <dst id="5">1057.4489</dst>
      <dst id="3">331.2000</dst>
      <dst id="22">7738.0000</dst>
      <dst id="7">9864.1956</dst>
      <dst id="2">592.1778</dst>
      <dst id="6">4933.5733</dst>
      <dst id="16">2822.1244</dst>
      <dst id="14">5708.2044</dst>
      <dst id="20">3291.1822</dst>
      <dst id="11">2716.8711</dst>
      <dst id="9">2487.0844</dst>
      <dst id="17">29495.7956</dst>
      <dst id="21">3256.7289</dst>
      <dst id="15">2961.0578</dst>
    </src>
    <src id="6">
      <dst id="12">7859.5467</dst>
      <dst id="13">3.9200</dst>
      <dst id="19">12.6222</dst>
      <dst id="23">12.1067</dst>
      <dst id="4">1108.9156</dst>
      <dst id="1">4.0622</dst>
      <dst id="5">13.1556</dst>
      <dst id="22">25.9200</dst>
      <dst id="2">1744.3733</dst>
      <dst id="20">0.8178</dst>
      <dst id="11">5.3867</dst>
      <dst id="9">1.1378</dst>
      <dst id="17">1363.5556</dst>
      <dst id="21">0.4711</dst>
    </src>
    <src id="16">
      <dst id="12">1640.7556</dst>
      <dst id="13">675.9644</dst>
      <dst id="19">3352.5867</dst>
      <dst id="23">18.0622</dst>
      <dst id="8">1703.6089</dst>
      <dst id="18">31.6356</dst>
      <dst id="4">3774.9867</dst>
      <dst id="1">16439.0400</dst>
      <dst id="5">2582.0800</dst>
      <dst id="3">0.3556</dst>
      <dst id="7">12958.7644</dst>
      <dst id="2">2090.4889</dst>
      <dst id="6">0.3556</dst>
      <dst id="16">37.9467</dst>
      <dst id="14">227.0222</dst>
      <dst id="11">362.5067</dst>
      <dst id="9">1998.9067</dst>
      <dst id="17">1933.3867</dst>
      <dst id="21">1788.4089</dst>
    </src>
    <src id="14">
      <dst id="12">22196.3822</dst>
      <dst id="13">86.1244</dst>
      <dst id="19">7.4844</dst>
      <dst id="23">0.3733</dst>
      <dst id="8">1.4933</dst>
      <dst id="18">5.6533</dst>
      <dst id="4">1535.9733</dst>
      <dst id="1">41.0222</dst>
      <dst id="5">2.7378</dst>
      <dst id="3">15.9822</dst>
      <dst id="22">63.7867</dst>
      <dst id="7">39.4844</dst>
      <dst id="2">6969.4400</dst>
      <dst id="16">5.0844</dst>
      <dst id="20">3.5911</dst>
      <dst id="11">47.4400</dst>
      <dst id="9">25.7244</dst>
      <dst id="17">11531.9022</dst>
      <dst id="21">46.6133</dst>
      <dst id="15">0.3911</dst>
    </src>
    <src id="20">
      <dst id="12">4984.2311</dst>
      <dst id="13">3075.0222</dst>
      <dst id="19">81.8133</dst>
      <dst id="23">0.4622</dst>
      <dst id="8">406.5333</dst>
      <dst id="18">0.9244</dst>
      <dst id="4">5928.3733</dst>
      <dst id="1">196.8711</dst>
      <dst id="5">1857.6889</dst>
      <dst id="3">68.4178</dst>
      <dst id="7">1072.0711</dst>
      <dst id="2">1948.8444</dst>
      <dst id="6">53.4044</dst>
      <dst id="14">113.4578</dst>
      <dst id="11">1394.4978</dst>
      <dst id="9">7388.6400</dst>
      <dst id="17">394.2133</dst>
      <dst id="21">140.3822</dst>
    </src>
    <src id="11">
      <dst id="12">387191.1644</dst>
      <dst id="13">3327.3956</dst>
      <dst id="19">61.1378</dst>
      <dst id="23">9.3867</dst>
      <dst id="8">326.4178</dst>
      <dst id="18">94.5689</dst>
      <dst id="4">6799.8844</dst>
      <dst id="1">610.5867</dst>
      <dst id="5">1586.2311</dst>
      <dst id="3">2004.7378</dst>
      <dst id="22">3546.6667</dst>
      <dst id="7">137.3333</dst>
      <dst id="2">142374.5244</dst>
      <dst id="16">316.6756</dst>
      <dst id="14">34.4089</dst>
      <dst id="20">157.2267</dst>
      <dst id="11">1643.2533</dst>
      <dst id="9">620.1867</dst>
      <dst id="17">151469.9467</dst>
      <dst id="21">1833.0756</dst>
      <dst id="15">665.9733</dst>
    </src>
    <src id="9">
      <dst id="12">466290.7822</dst>
      <dst id="13">2698.1956</dst>
      <dst id="19">34.6400</dst>
      <dst id="23">95.4844</dst>
      <dst id="8">375.3689</dst>
      <dst id="18">54.3644</dst>
      <dst id="4">8794.2844</dst>
      <dst id="1">638.9067</dst>
      <dst id="5">2608.3467</dst>
      <dst id="3">9.5644</dst>
      <dst id="22">2114.2844</dst>
      <dst id="7">130.7556</dst>
      <dst id="2">185294.3644</dst>
      <dst id="16">1149.2533</dst>
      <dst id="14">39.8667</dst>
      <dst id="20">7704.4622</dst>
      <dst id="11">1183.0311</dst>
      <dst id="9">184.7200</dst>
      <dst id="17">168253.4400</dst>
      <dst id="21">142.4889</dst>
      <dst id="15">874.8444</dst>
    </src>
    <src id="17">
      <dst id="12">4641.5644</dst>
      <dst id="13">2177.0044</dst>
      <dst id="19">439.8400</dst>
      <dst id="23">85.5111</dst>
      <dst id="8">91835.0222</dst>
      <dst id="18">574.6222</dst>
      <dst id="4">83253.0222</dst>
      <dst id="1">3820.7822</dst>
      <dst id="5">171959.0311</dst>
      <dst id="3">4697.2889</dst>
      <dst id="22">2451.8311</dst>
      <dst id="7">6337.5378</dst>
      <dst id="2">8906.9867</dst>
      <dst id="6">1.1022</dst>
      <dst id="16">4953.6978</dst>
      <dst id="14">19543.7067</dst>
      <dst id="20">437.3956</dst>
      <dst id="11">97450.6311</dst>
      <dst id="9">178082.7022</dst>
      <dst id="17">2619.3689</dst>
      <dst id="21">5195.7422</dst>
      <dst id="15">188.6044</dst>
    </src>
    <src id="21">
      <dst id="12">15391.6800</dst>
      <dst id="13">5944.6578</dst>
      <dst id="19">168.6667</dst>
      <dst id="23">195.7867</dst>
      <dst id="8">38.9156</dst>
      <dst id="18">155.5200</dst>
      <dst id="4">18831.6622</dst>
      <dst id="1">1786.1067</dst>
      <dst id="5">324.5067</dst>
      <dst id="3">8861.9911</dst>
      <dst id="22">1231.6800</dst>
      <dst id="7">6821.2267</dst>
      <dst id="2">11613.0667</dst>
      <dst id="6">2.6844</dst>
      <dst id="16">811.9556</dst>
      <dst id="14">252.8889</dst>
      <dst id="20">2799.2800</dst>
      <dst id="11">329.8400</dst>
      <dst id="9">340.4267</dst>
      <dst id="17">4576.1689</dst>
      <dst id="21">1194.7289</dst>
      <dst id="15">2601.2178</dst>
    </src>
    <src id="15">
      <dst id="12">927.0400</dst>
      <dst id="13">139.2622</dst>
      <dst id="19">2992.1600</dst>
      <dst id="23">3.6267</dst>
      <dst id="8">213.1289</dst>
      <dst id="18">363.1911</dst>
      <dst id="4">2276.3200</dst>
      <dst id="1">1093.3689</dst>
      <dst id="5">366.1422</dst>
      <dst id="3">12.4622</dst>
      <dst id="7">60.1067</dst>
      <dst id="2">399.2533</dst>
      <dst id="11">175.7689</dst>
      <dst id="9">1618.2400</dst>
      <dst id="17">189.6089</dst>
      <dst id="21">189.8400</dst>
    </src>
  </IntraTM>
</TrafficMatrixFile>
