<?xml version="1.0" encoding="UTF-8" standalone="yes"?>
<TrafficMatrixFile xmlns:xsi="http://www.w3.org/2001/XMLSchema-instance" xsi:noNamespaceSchemaLocation="http://totem.run.montefiore.ulg.ac.be/Schema/TrafficMatrix-v1_2.xsd">
  <info>
    <title>Intradomain traffic matrix generated by geant-TM-all.pl</title>
    <date>2005-01-06T05:30:00</date>
    <duration>900</duration>
    <author>Steve Uhlig</author>
    <units>
        <unit type="bandwidth" value="kbps"/>
    </units>
  </info>
  <IntraTM ASID="20965">
    <src id="12">
      <dst id="12">286021.0578</dst>
      <dst id="13">51895.1556</dst>
      <dst id="19">5300.6756</dst>
      <dst id="23">261.7778</dst>
      <dst id="8">1296.1956</dst>
      <dst id="18">14253.4400</dst>
      <dst id="4">122961.4400</dst>
      <dst id="1">17867.2089</dst>
      <dst id="5">105423.2978</dst>
      <dst id="3">4691.8133</dst>
      <dst id="22">23597.0578</dst>
      <dst id="7">9659.8933</dst>
      <dst id="2">112671.7778</dst>
      <dst id="6">67.2889</dst>
      <dst id="16">6269.2356</dst>
      <dst id="14">1824.7111</dst>
      <dst id="20">14074.8622</dst>
      <dst id="11">6234.1511</dst>
      <dst id="9">13670.8622</dst>
      <dst id="17">103673.5911</dst>
      <dst id="21">7904.1689</dst>
      <dst id="15">6738.9244</dst>
    </src>
    <src id="13">
      <dst id="12">106332.1067</dst>
      <dst id="19">9336.0889</dst>
      <dst id="23">632.4622</dst>
      <dst id="8">4489.7778</dst>
      <dst id="18">5644.9422</dst>
      <dst id="1">8127.9289</dst>
      <dst id="5">11496.2489</dst>
      <dst id="3">6246.6933</dst>
      <dst id="22">26350.0711</dst>
      <dst id="7">23498.5689</dst>
      <dst id="2">151342.1956</dst>
      <dst id="6">325.7422</dst>
      <dst id="16">12325.5111</dst>
      <dst id="14">4924.8178</dst>
      <dst id="20">15508.4533</dst>
      <dst id="11">15937.7867</dst>
      <dst id="9">16059.5022</dst>
      <dst id="17">89623.9200</dst>
      <dst id="21">25790.6311</dst>
      <dst id="15">13078.2044</dst>
    </src>
    <src id="19">
      <dst id="12">17755.1733</dst>
      <dst id="13">1174.0800</dst>
      <dst id="23">48.2667</dst>
      <dst id="8">44.7200</dst>
      <dst id="18">881.6178</dst>
      <dst id="4">24974.3467</dst>
      <dst id="1">1871.8933</dst>
      <dst id="5">619.2356</dst>
      <dst id="3">290.3200</dst>
      <dst id="22">1012.1600</dst>
      <dst id="7">6588.2578</dst>
      <dst id="2">999.2444</dst>
      <dst id="6">91.1822</dst>
      <dst id="16">5248.5867</dst>
      <dst id="14">55.3511</dst>
      <dst id="20">208.6400</dst>
      <dst id="11">151.1822</dst>
      <dst id="9">70.2933</dst>
      <dst id="17">10450.9422</dst>
      <dst id="21">846.7911</dst>
      <dst id="15">1461.1911</dst>
    </src>
    <src id="23">
      <dst id="12">1007.0400</dst>
      <dst id="13">990.1867</dst>
      <dst id="19">307.3956</dst>
      <dst id="8">26.6667</dst>
      <dst id="18">0.4089</dst>
      <dst id="4">2213.0844</dst>
      <dst id="1">94.7733</dst>
      <dst id="5">155.3067</dst>
      <dst id="3">137.0756</dst>
      <dst id="22">180.8889</dst>
      <dst id="7">135.0578</dst>
      <dst id="2">47.0400</dst>
      <dst id="16">12.9600</dst>
      <dst id="14">11.2711</dst>
      <dst id="20">25.9556</dst>
      <dst id="11">412.1511</dst>
      <dst id="9">403.3867</dst>
      <dst id="17">1985.2267</dst>
      <dst id="21">1591.8578</dst>
      <dst id="15">53.3333</dst>
    </src>
    <src id="8">
      <dst id="12">358091.0133</dst>
      <dst id="13">572.8444</dst>
      <dst id="19">64.2933</dst>
      <dst id="23">0.8178</dst>
      <dst id="18">620.2133</dst>
      <dst id="4">9143.6267</dst>
      <dst id="1">1477.8133</dst>
      <dst id="5">1492.4178</dst>
      <dst id="22">392.6933</dst>
      <dst id="7">146.6844</dst>
      <dst id="2">139930.5689</dst>
      <dst id="6">0.3556</dst>
      <dst id="16">624.3111</dst>
      <dst id="14">0.3556</dst>
      <dst id="20">2128.8178</dst>
      <dst id="11">267.5733</dst>
      <dst id="9">2926.7556</dst>
      <dst id="17">141044.9600</dst>
      <dst id="21">479.6978</dst>
      <dst id="15">100.2667</dst>
    </src>
    <src id="18">
      <dst id="12">122785.3244</dst>
      <dst id="13">405.2000</dst>
      <dst id="19">22.3022</dst>
      <dst id="23">17.2711</dst>
      <dst id="8">63.0222</dst>
      <dst id="4">4521.1822</dst>
      <dst id="1">1079.6089</dst>
      <dst id="5">350.2667</dst>
      <dst id="3">45.5289</dst>
      <dst id="22">1397.2178</dst>
      <dst id="7">7.7333</dst>
      <dst id="2">38124.7289</dst>
      <dst id="16">16.8356</dst>
      <dst id="14">0.3556</dst>
      <dst id="20">89.1644</dst>
      <dst id="11">494.7022</dst>
      <dst id="9">222.5333</dst>
      <dst id="17">39685.3778</dst>
      <dst id="21">699.4933</dst>
      <dst id="15">2.2844</dst>
    </src>
    <src id="4">
      <dst id="12">21752.5956</dst>
      <dst id="19">11710.6222</dst>
      <dst id="8">5160.6578</dst>
      <dst id="18">1039.6356</dst>
      <dst id="1">31797.3333</dst>
      <dst id="5">4082.7644</dst>
      <dst id="3">116.8356</dst>
      <dst id="22">6971.7867</dst>
      <dst id="7">28407.6267</dst>
      <dst id="2">112030.9778</dst>
      <dst id="6">13.8133</dst>
      <dst id="16">2510.4978</dst>
      <dst id="14">1989.3156</dst>
      <dst id="20">1948.6222</dst>
      <dst id="11">6234.5156</dst>
      <dst id="9">5194.3022</dst>
      <dst id="17">39373.6089</dst>
      <dst id="21">8617.3422</dst>
      <dst id="15">471.2622</dst>
    </src>
    <src id="1">
      <dst id="12">16282.5067</dst>
      <dst id="13">2741.7422</dst>
      <dst id="19">108.4444</dst>
      <dst id="23">38.4178</dst>
      <dst id="8">146789.8756</dst>
      <dst id="18">19274.9244</dst>
      <dst id="4">35686.8444</dst>
      <dst id="1">25631.2356</dst>
      <dst id="5">279535.5822</dst>
      <dst id="3">2522.4000</dst>
      <dst id="22">6845.7600</dst>
      <dst id="7">24947.7778</dst>
      <dst id="2">11013.4311</dst>
      <dst id="6">11198.2044</dst>
      <dst id="16">7829.2622</dst>
      <dst id="14">40.8978</dst>
      <dst id="20">13386.1689</dst>
      <dst id="11">420.5156</dst>
      <dst id="9">281701.3778</dst>
      <dst id="17">12316.3556</dst>
      <dst id="21">4431.3156</dst>
      <dst id="15">1476.1867</dst>
    </src>
    <src id="5">
      <dst id="12">392493.9022</dst>
      <dst id="13">3828.0444</dst>
      <dst id="19">128.9956</dst>
      <dst id="23">118.5244</dst>
      <dst id="8">1292.4267</dst>
      <dst id="18">259.4044</dst>
      <dst id="4">8136.0978</dst>
      <dst id="1">1626.0533</dst>
      <dst id="3">53.8667</dst>
      <dst id="22">5670.9778</dst>
      <dst id="7">555.9644</dst>
      <dst id="2">173202.6311</dst>
      <dst id="6">3.7156</dst>
      <dst id="16">1268.1867</dst>
      <dst id="14">19.2089</dst>
      <dst id="20">5646.2400</dst>
      <dst id="11">2241.4133</dst>
      <dst id="9">1530.5244</dst>
      <dst id="17">163165.4667</dst>
      <dst id="21">2703.7333</dst>
      <dst id="15">569.4933</dst>
    </src>
    <src id="3">
      <dst id="12">9445.2889</dst>
      <dst id="13">2387.5644</dst>
      <dst id="19">1474.3822</dst>
      <dst id="23">5169.9200</dst>
      <dst id="8">508.6044</dst>
      <dst id="18">100762.1333</dst>
      <dst id="4">80274.4000</dst>
      <dst id="1">3985.2000</dst>
      <dst id="5">840.6222</dst>
      <dst id="3">15211.8489</dst>
      <dst id="22">2104.0889</dst>
      <dst id="7">32191.0667</dst>
      <dst id="2">13196.7289</dst>
      <dst id="6">0.8178</dst>
      <dst id="16">1362.7822</dst>
      <dst id="14">50218.7022</dst>
      <dst id="20">1803.9111</dst>
      <dst id="11">194165.9911</dst>
      <dst id="9">1106.4889</dst>
      <dst id="17">19931.6800</dst>
      <dst id="21">11412.9156</dst>
      <dst id="15">100.0622</dst>
    </src>
    <src id="10">
      <dst id="12">12392.8089</dst>
      <dst id="19">3510.0533</dst>
      <dst id="8">3068.8889</dst>
      <dst id="18">5595.8311</dst>
      <dst id="1">1184.8622</dst>
      <dst id="5">921.0933</dst>
      <dst id="3">7458.3733</dst>
      <dst id="22">4273.1556</dst>
      <dst id="7">4978.7289</dst>
      <dst id="2">37849.8311</dst>
      <dst id="6">30.4889</dst>
      <dst id="16">4026.3111</dst>
      <dst id="14">1140.4800</dst>
      <dst id="20">1472.1422</dst>
      <dst id="11">3963.1022</dst>
      <dst id="9">6126.3733</dst>
      <dst id="17">17144.5422</dst>
      <dst id="21">16553.7689</dst>
      <dst id="15">145.8133</dst>
    </src>
    <src id="22">
      <dst id="12">28861.4311</dst>
      <dst id="13">5045.6356</dst>
      <dst id="19">1148.8356</dst>
      <dst id="23">140.1244</dst>
      <dst id="8">844.7822</dst>
      <dst id="18">385.1022</dst>
      <dst id="4">26652.8089</dst>
      <dst id="1">380.9244</dst>
      <dst id="5">4481.4667</dst>
      <dst id="3">1771.6178</dst>
      <dst id="7">1879.3511</dst>
      <dst id="2">4945.6089</dst>
      <dst id="6">112.4800</dst>
      <dst id="14">92.9867</dst>
      <dst id="11">6051.5556</dst>
      <dst id="9">2789.6000</dst>
      <dst id="17">5498.4978</dst>
      <dst id="21">1864.3556</dst>
    </src>
    <src id="7">
      <dst id="12">4175.7156</dst>
      <dst id="13">389.2711</dst>
      <dst id="19">803.4400</dst>
      <dst id="23">88.1600</dst>
      <dst id="8">494.9689</dst>
      <dst id="18">3691.2978</dst>
      <dst id="4">35794.9244</dst>
      <dst id="1">6544.7822</dst>
      <dst id="5">1875.0489</dst>
      <dst id="3">3586.9333</dst>
      <dst id="22">6787.4933</dst>
      <dst id="7">617.6356</dst>
      <dst id="2">10968.8889</dst>
      <dst id="6">0.4978</dst>
      <dst id="16">6786.7111</dst>
      <dst id="14">133.0222</dst>
      <dst id="20">3322.6222</dst>
      <dst id="11">1890.9689</dst>
      <dst id="9">2018.6133</dst>
      <dst id="17">8898.7289</dst>
      <dst id="21">4681.1378</dst>
      <dst id="15">715.3511</dst>
    </src>
    <src id="2">
      <dst id="12">113713.3956</dst>
      <dst id="13">531328.0178</dst>
      <dst id="19">1393.0222</dst>
      <dst id="23">30.0444</dst>
      <dst id="8">2860.7022</dst>
      <dst id="18">85504.8978</dst>
      <dst id="4">126014.1156</dst>
      <dst id="1">10243.5200</dst>
      <dst id="5">1873.7156</dst>
      <dst id="3">1861.2267</dst>
      <dst id="22">3110.8000</dst>
      <dst id="7">4495.0844</dst>
      <dst id="2">858.1333</dst>
      <dst id="6">9170.8800</dst>
      <dst id="16">3577.9822</dst>
      <dst id="14">243.9822</dst>
      <dst id="20">7902.5067</dst>
      <dst id="11">4361.7600</dst>
      <dst id="9">2238.6756</dst>
      <dst id="17">42630.0000</dst>
      <dst id="21">6177.4489</dst>
      <dst id="15">3329.1378</dst>
    </src>
    <src id="6">
      <dst id="12">11097.2711</dst>
      <dst id="13">17.6178</dst>
      <dst id="19">7.2622</dst>
      <dst id="8">12.8000</dst>
      <dst id="4">132.6844</dst>
      <dst id="1">1.4044</dst>
      <dst id="5">7.6444</dst>
      <dst id="22">18.1244</dst>
      <dst id="7">1.7689</dst>
      <dst id="2">2152.1778</dst>
      <dst id="16">40.5689</dst>
      <dst id="20">0.4978</dst>
      <dst id="11">12.0889</dst>
      <dst id="9">12.9778</dst>
      <dst id="17">1319.5822</dst>
      <dst id="21">24.9867</dst>
    </src>
    <src id="16">
      <dst id="12">3050.3733</dst>
      <dst id="13">532.1333</dst>
      <dst id="19">3728.8178</dst>
      <dst id="23">333.2444</dst>
      <dst id="8">8787.4844</dst>
      <dst id="18">4.9422</dst>
      <dst id="4">8703.3867</dst>
      <dst id="1">16078.1156</dst>
      <dst id="5">4954.9067</dst>
      <dst id="3">231.7067</dst>
      <dst id="7">5313.6711</dst>
      <dst id="2">984.4622</dst>
      <dst id="6">21.3422</dst>
      <dst id="16">77.1644</dst>
      <dst id="14">179.6267</dst>
      <dst id="11">434.1867</dst>
      <dst id="9">7866.7022</dst>
      <dst id="17">4088.0444</dst>
      <dst id="21">503.2444</dst>
    </src>
    <src id="14">
      <dst id="12">26388.2933</dst>
      <dst id="13">194.3911</dst>
      <dst id="19">30.4089</dst>
      <dst id="23">14.7556</dst>
      <dst id="4">5787.6444</dst>
      <dst id="1">66.2133</dst>
      <dst id="5">2.8000</dst>
      <dst id="3">71.5378</dst>
      <dst id="22">22.3822</dst>
      <dst id="7">47.8400</dst>
      <dst id="2">8188.0178</dst>
      <dst id="16">19.5467</dst>
      <dst id="11">93.2622</dst>
      <dst id="9">15.6978</dst>
      <dst id="17">8658.3022</dst>
      <dst id="21">205.3422</dst>
      <dst id="15">5.5822</dst>
    </src>
    <src id="20">
      <dst id="12">22679.9200</dst>
      <dst id="13">1112.5867</dst>
      <dst id="19">3011.2267</dst>
      <dst id="8">427.2444</dst>
      <dst id="18">93.0222</dst>
      <dst id="4">14182.2311</dst>
      <dst id="1">2539.3244</dst>
      <dst id="5">2316.3644</dst>
      <dst id="3">4555.0311</dst>
      <dst id="7">1400.0089</dst>
      <dst id="2">838.8444</dst>
      <dst id="6">14.0800</dst>
      <dst id="14">0.4444</dst>
      <dst id="11">3913.2178</dst>
      <dst id="9">7054.4089</dst>
      <dst id="17">7502.5956</dst>
      <dst id="21">753.9911</dst>
    </src>
    <src id="11">
      <dst id="12">438920.4267</dst>
      <dst id="13">4139.5556</dst>
      <dst id="19">262.2844</dst>
      <dst id="23">48.7467</dst>
      <dst id="8">442.8800</dst>
      <dst id="18">181.0489</dst>
      <dst id="4">18226.4800</dst>
      <dst id="1">712.4356</dst>
      <dst id="5">1336.6844</dst>
      <dst id="3">1837.7600</dst>
      <dst id="22">2272.3644</dst>
      <dst id="7">843.1111</dst>
      <dst id="2">187323.7067</dst>
      <dst id="6">616.7378</dst>
      <dst id="16">207.0756</dst>
      <dst id="14">28.2578</dst>
      <dst id="20">4227.1111</dst>
      <dst id="11">2690.5778</dst>
      <dst id="9">2476.1778</dst>
      <dst id="17">197834.1156</dst>
      <dst id="21">813.6178</dst>
      <dst id="15">100.4444</dst>
    </src>
    <src id="9">
      <dst id="12">534026.7200</dst>
      <dst id="13">4499.8400</dst>
      <dst id="19">614.7644</dst>
      <dst id="23">57.3689</dst>
      <dst id="8">1016.9956</dst>
      <dst id="18">2407.4222</dst>
      <dst id="4">14511.0756</dst>
      <dst id="1">3174.8089</dst>
      <dst id="5">1841.2711</dst>
      <dst id="3">5.9733</dst>
      <dst id="22">11841.4044</dst>
      <dst id="7">1138.6578</dst>
      <dst id="2">229547.5911</dst>
      <dst id="6">2.3111</dst>
      <dst id="16">982.8089</dst>
      <dst id="14">53.0311</dst>
      <dst id="20">7217.4667</dst>
      <dst id="11">828.0889</dst>
      <dst id="9">697.1200</dst>
      <dst id="17">207475.0756</dst>
      <dst id="21">848.6489</dst>
      <dst id="15">13379.8222</dst>
    </src>
    <src id="17">
      <dst id="12">14247.7156</dst>
      <dst id="13">5706.1244</dst>
      <dst id="19">587.4222</dst>
      <dst id="23">260.2667</dst>
      <dst id="8">190399.7511</dst>
      <dst id="18">2586.9244</dst>
      <dst id="4">166359.0044</dst>
      <dst id="1">6078.3289</dst>
      <dst id="5">276711.4222</dst>
      <dst id="3">10019.9822</dst>
      <dst id="22">4959.2533</dst>
      <dst id="7">2245.8044</dst>
      <dst id="2">45333.7156</dst>
      <dst id="6">62.2933</dst>
      <dst id="16">9227.9822</dst>
      <dst id="14">33452.8356</dst>
      <dst id="20">22034.1511</dst>
      <dst id="11">167957.6533</dst>
      <dst id="9">268501.3956</dst>
      <dst id="17">1670.5778</dst>
      <dst id="21">14277.0311</dst>
      <dst id="15">120.7733</dst>
    </src>
    <src id="21">
      <dst id="12">30373.3867</dst>
      <dst id="13">4189.6444</dst>
      <dst id="19">658.0622</dst>
      <dst id="23">27.0222</dst>
      <dst id="8">78.5333</dst>
      <dst id="18">11434.4889</dst>
      <dst id="4">30310.0622</dst>
      <dst id="1">8818.5600</dst>
      <dst id="5">919.4400</dst>
      <dst id="3">19529.2533</dst>
      <dst id="22">1738.9867</dst>
      <dst id="7">2382.6222</dst>
      <dst id="2">24386.7378</dst>
      <dst id="6">4.5956</dst>
      <dst id="16">202.2756</dst>
      <dst id="14">110.6667</dst>
      <dst id="20">534.3111</dst>
      <dst id="11">2504.0978</dst>
      <dst id="9">616.9600</dst>
      <dst id="17">6740.1422</dst>
      <dst id="21">2543.0933</dst>
      <dst id="15">264.1067</dst>
    </src>
    <src id="15">
      <dst id="12">547.1911</dst>
      <dst id="13">5732.9156</dst>
      <dst id="19">37.1733</dst>
      <dst id="23">1.2089</dst>
      <dst id="8">543.5467</dst>
      <dst id="18">0.3556</dst>
      <dst id="4">5295.3422</dst>
      <dst id="1">756.5422</dst>
      <dst id="5">2698.4978</dst>
      <dst id="3">0.3556</dst>
      <dst id="7">59.9467</dst>
      <dst id="2">818.9511</dst>
      <dst id="14">0.9422</dst>
      <dst id="11">5.8489</dst>
      <dst id="9">1373.1022</dst>
      <dst id="17">1359.4222</dst>
      <dst id="21">60.0622</dst>
    </src>
  </IntraTM>
</TrafficMatrixFile>
