<?xml version="1.0" encoding="UTF-8" standalone="yes"?>
<TrafficMatrixFile xmlns:xsi="http://www.w3.org/2001/XMLSchema-instance" xsi:noNamespaceSchemaLocation="http://totem.run.montefiore.ulg.ac.be/Schema/TrafficMatrix-v1_2.xsd">
  <info>
    <title>Intradomain traffic matrix generated by geant-TM-all.pl</title>
    <date>2005-01-01T01:15:00</date>
    <duration>900</duration>
    <author>Steve Uhlig</author>
    <units>
        <unit type="bandwidth" value="kbps"/>
    </units>
  </info>
  <IntraTM ASID="20965">
    <src id="12">
      <dst id="12">347749.5822</dst>
      <dst id="13">31250.8356</dst>
      <dst id="19">7052.6489</dst>
      <dst id="23">1915.7244</dst>
      <dst id="8">5757.1556</dst>
      <dst id="18">5009.3067</dst>
      <dst id="4">121722.0000</dst>
      <dst id="1">7730.6756</dst>
      <dst id="5">11299.5644</dst>
      <dst id="3">8527.2356</dst>
      <dst id="22">18261.5022</dst>
      <dst id="7">10787.5289</dst>
      <dst id="2">110718.4978</dst>
      <dst id="6">3.9733</dst>
      <dst id="16">17459.3689</dst>
      <dst id="14">344.2844</dst>
      <dst id="20">17573.3422</dst>
      <dst id="11">3348.6933</dst>
      <dst id="9">12426.3733</dst>
      <dst id="17">119797.0311</dst>
      <dst id="21">25693.6533</dst>
      <dst id="15">6689.7956</dst>
    </src>
    <src id="13">
      <dst id="12">63655.0667</dst>
      <dst id="19">21413.1467</dst>
      <dst id="23">700.1244</dst>
      <dst id="8">13553.8400</dst>
      <dst id="18">21494.7111</dst>
      <dst id="1">7379.7333</dst>
      <dst id="5">20557.0222</dst>
      <dst id="3">28500.1867</dst>
      <dst id="22">32579.2178</dst>
      <dst id="7">32096.3022</dst>
      <dst id="2">143108.9244</dst>
      <dst id="6">62.4267</dst>
      <dst id="16">18805.8133</dst>
      <dst id="14">2772.1689</dst>
      <dst id="20">18513.8400</dst>
      <dst id="11">17751.3511</dst>
      <dst id="9">21569.1644</dst>
      <dst id="17">122282.6044</dst>
      <dst id="21">45816.4978</dst>
      <dst id="15">7319.6178</dst>
    </src>
    <src id="19">
      <dst id="12">15959.0844</dst>
      <dst id="13">1649.7867</dst>
      <dst id="23">678.2222</dst>
      <dst id="8">29.0044</dst>
      <dst id="18">501.9911</dst>
      <dst id="4">24039.7689</dst>
      <dst id="1">176.2489</dst>
      <dst id="5">211.3422</dst>
      <dst id="3">3832.5067</dst>
      <dst id="22">61.8667</dst>
      <dst id="7">9090.9244</dst>
      <dst id="2">1625.3867</dst>
      <dst id="6">315.9644</dst>
      <dst id="16">6744.7556</dst>
      <dst id="14">27.4311</dst>
      <dst id="20">4903.5556</dst>
      <dst id="11">21.0578</dst>
      <dst id="9">68.8622</dst>
      <dst id="17">6363.9378</dst>
      <dst id="21">3283.9289</dst>
      <dst id="15">4829.1556</dst>
    </src>
    <src id="23">
      <dst id="12">782.0000</dst>
      <dst id="13">620.3556</dst>
      <dst id="19">80.8978</dst>
      <dst id="8">110.0356</dst>
      <dst id="18">714.8444</dst>
      <dst id="4">60.7289</dst>
      <dst id="1">75.7689</dst>
      <dst id="5">519.4044</dst>
      <dst id="3">757.5022</dst>
      <dst id="22">193.1378</dst>
      <dst id="7">2342.4178</dst>
      <dst id="2">34.1778</dst>
      <dst id="6">2.2044</dst>
      <dst id="16">41.6889</dst>
      <dst id="14">0.3556</dst>
      <dst id="20">1889.6089</dst>
      <dst id="11">118.3289</dst>
      <dst id="9">442.5422</dst>
      <dst id="17">3270.6400</dst>
      <dst id="21">842.5600</dst>
      <dst id="15">545.6000</dst>
    </src>
    <src id="8">
      <dst id="12">414563.8044</dst>
      <dst id="13">1608.9600</dst>
      <dst id="19">51.3956</dst>
      <dst id="23">32.4267</dst>
      <dst id="18">737.0311</dst>
      <dst id="4">7425.3333</dst>
      <dst id="1">493.0044</dst>
      <dst id="5">17282.5067</dst>
      <dst id="3">2167.5289</dst>
      <dst id="22">3010.7200</dst>
      <dst id="7">224.8622</dst>
      <dst id="2">158302.0000</dst>
      <dst id="16">538.4889</dst>
      <dst id="14">15.4578</dst>
      <dst id="20">4696.2578</dst>
      <dst id="11">1712.3556</dst>
      <dst id="9">4921.4489</dst>
      <dst id="17">91481.1378</dst>
      <dst id="21">895.3778</dst>
      <dst id="15">469.5822</dst>
    </src>
    <src id="18">
      <dst id="12">148199.6622</dst>
      <dst id="13">979.9378</dst>
      <dst id="19">652.8889</dst>
      <dst id="23">36.9511</dst>
      <dst id="8">149.2889</dst>
      <dst id="4">3300.6133</dst>
      <dst id="1">1092.0178</dst>
      <dst id="5">318.9422</dst>
      <dst id="3">1024.6933</dst>
      <dst id="22">283.6889</dst>
      <dst id="7">234.2222</dst>
      <dst id="2">47023.9911</dst>
      <dst id="16">356.0000</dst>
      <dst id="14">6.2400</dst>
      <dst id="20">122.2400</dst>
      <dst id="11">435.6178</dst>
      <dst id="9">217.9111</dst>
      <dst id="17">35316.3733</dst>
      <dst id="21">3313.1200</dst>
      <dst id="15">1.0489</dst>
    </src>
    <src id="4">
      <dst id="12">26341.1022</dst>
      <dst id="19">14904.8444</dst>
      <dst id="23">3.0756</dst>
      <dst id="8">1206.6044</dst>
      <dst id="18">6150.5422</dst>
      <dst id="1">7391.6978</dst>
      <dst id="5">4565.9822</dst>
      <dst id="3">135849.1289</dst>
      <dst id="22">7412.1956</dst>
      <dst id="7">58992.2400</dst>
      <dst id="2">83519.8667</dst>
      <dst id="6">18.8889</dst>
      <dst id="16">3424.7378</dst>
      <dst id="14">3452.1156</dst>
      <dst id="20">2494.4533</dst>
      <dst id="11">10762.7467</dst>
      <dst id="9">9745.7689</dst>
      <dst id="17">106269.1200</dst>
      <dst id="21">18626.2400</dst>
      <dst id="15">569.7422</dst>
    </src>
    <src id="1">
      <dst id="12">18537.1378</dst>
      <dst id="13">1675.3867</dst>
      <dst id="19">2044.9689</dst>
      <dst id="23">135.1289</dst>
      <dst id="8">171889.7067</dst>
      <dst id="18">18242.4800</dst>
      <dst id="4">21266.4356</dst>
      <dst id="1">61.9111</dst>
      <dst id="5">293284.5689</dst>
      <dst id="3">88612.8000</dst>
      <dst id="22">3408.6844</dst>
      <dst id="7">8959.4044</dst>
      <dst id="2">8170.8533</dst>
      <dst id="6">10474.4889</dst>
      <dst id="16">13757.4667</dst>
      <dst id="14">1661.6800</dst>
      <dst id="20">731.7067</dst>
      <dst id="11">89923.8133</dst>
      <dst id="9">343563.6444</dst>
      <dst id="17">18116.2311</dst>
      <dst id="21">32107.6978</dst>
      <dst id="15">3061.4311</dst>
    </src>
    <src id="5">
      <dst id="12">441906.3644</dst>
      <dst id="13">5219.5111</dst>
      <dst id="19">183.1467</dst>
      <dst id="23">47.4133</dst>
      <dst id="8">22657.2533</dst>
      <dst id="18">850.2222</dst>
      <dst id="4">11620.4978</dst>
      <dst id="1">108.3111</dst>
      <dst id="3">707.1022</dst>
      <dst id="22">10010.3911</dst>
      <dst id="7">452.6756</dst>
      <dst id="2">191387.3511</dst>
      <dst id="6">0.5600</dst>
      <dst id="16">1230.4444</dst>
      <dst id="14">53.6178</dst>
      <dst id="20">6712.3289</dst>
      <dst id="11">2710.6489</dst>
      <dst id="9">4911.4133</dst>
      <dst id="17">100262.5511</dst>
      <dst id="21">931.3067</dst>
      <dst id="15">605.5822</dst>
    </src>
    <src id="3">
      <dst id="12">15755.9111</dst>
      <dst id="13">7169.6267</dst>
      <dst id="19">4664.9067</dst>
      <dst id="23">55.4311</dst>
      <dst id="8">253.2889</dst>
      <dst id="18">218539.1822</dst>
      <dst id="4">50294.5156</dst>
      <dst id="1">40550.6133</dst>
      <dst id="5">1066.8978</dst>
      <dst id="3">22677.1200</dst>
      <dst id="22">2066.4178</dst>
      <dst id="7">6783.0311</dst>
      <dst id="2">10618.8978</dst>
      <dst id="6">7.0933</dst>
      <dst id="16">2052.8178</dst>
      <dst id="14">56004.7111</dst>
      <dst id="20">7925.5556</dst>
      <dst id="11">202676.4000</dst>
      <dst id="9">752.5867</dst>
      <dst id="17">39965.5289</dst>
      <dst id="21">24414.7022</dst>
      <dst id="15">400.3111</dst>
    </src>
    <src id="10">
      <dst id="12">21951.3156</dst>
      <dst id="19">6248.2489</dst>
      <dst id="8">1690.9867</dst>
      <dst id="18">8297.0044</dst>
      <dst id="1">2799.4667</dst>
      <dst id="5">3289.6978</dst>
      <dst id="3">18488.0089</dst>
      <dst id="22">12263.6978</dst>
      <dst id="7">13325.2267</dst>
      <dst id="2">50030.0711</dst>
      <dst id="6">214.6578</dst>
      <dst id="16">1699.6267</dst>
      <dst id="14">2984.2311</dst>
      <dst id="20">13389.1289</dst>
      <dst id="11">5719.8044</dst>
      <dst id="9">6398.2578</dst>
      <dst id="17">31800.0533</dst>
      <dst id="21">29774.1422</dst>
      <dst id="15">995.6000</dst>
    </src>
    <src id="22">
      <dst id="12">10524.6489</dst>
      <dst id="13">5365.9644</dst>
      <dst id="19">472.1333</dst>
      <dst id="23">87.6889</dst>
      <dst id="8">2951.6800</dst>
      <dst id="18">603.5378</dst>
      <dst id="4">22518.5333</dst>
      <dst id="1">146.0533</dst>
      <dst id="5">4075.6000</dst>
      <dst id="3">2919.4933</dst>
      <dst id="7">1832.3733</dst>
      <dst id="2">6083.2889</dst>
      <dst id="6">2.6667</dst>
      <dst id="16">2.2400</dst>
      <dst id="14">86.9422</dst>
      <dst id="11">1881.5200</dst>
      <dst id="9">2150.4533</dst>
      <dst id="17">4987.4044</dst>
      <dst id="21">2912.6044</dst>
    </src>
    <src id="7">
      <dst id="12">12201.5822</dst>
      <dst id="13">1132.5244</dst>
      <dst id="19">1757.7511</dst>
      <dst id="23">511.7244</dst>
      <dst id="8">860.3911</dst>
      <dst id="18">1172.9156</dst>
      <dst id="4">38237.4133</dst>
      <dst id="1">5095.1022</dst>
      <dst id="5">1092.7289</dst>
      <dst id="3">9072.5600</dst>
      <dst id="22">4380.2756</dst>
      <dst id="7">696.8889</dst>
      <dst id="2">14303.1111</dst>
      <dst id="6">302.5156</dst>
      <dst id="16">1597.5289</dst>
      <dst id="14">7356.4711</dst>
      <dst id="20">935.4133</dst>
      <dst id="11">4686.3644</dst>
      <dst id="9">751.1111</dst>
      <dst id="17">18011.4133</dst>
      <dst id="21">18535.2089</dst>
      <dst id="15">382.2222</dst>
    </src>
    <src id="2">
      <dst id="12">176180.9067</dst>
      <dst id="13">6026.8889</dst>
      <dst id="19">1366.0978</dst>
      <dst id="23">16.5867</dst>
      <dst id="8">597.4400</dst>
      <dst id="18">171131.3956</dst>
      <dst id="4">134174.7111</dst>
      <dst id="1">9873.0578</dst>
      <dst id="5">2556.0622</dst>
      <dst id="3">15798.1689</dst>
      <dst id="22">8043.2178</dst>
      <dst id="7">10764.1067</dst>
      <dst id="2">1515.5733</dst>
      <dst id="6">9418.1244</dst>
      <dst id="16">12868.7733</dst>
      <dst id="14">1841.7956</dst>
      <dst id="20">2291.5644</dst>
      <dst id="11">4395.6711</dst>
      <dst id="9">2073.9911</dst>
      <dst id="17">81486.5778</dst>
      <dst id="21">8853.4756</dst>
      <dst id="15">489.9289</dst>
    </src>
    <src id="6">
      <dst id="12">12443.6622</dst>
      <dst id="13">5.1289</dst>
      <dst id="19">62.4533</dst>
      <dst id="23">57.6711</dst>
      <dst id="18">66.4978</dst>
      <dst id="4">223.2000</dst>
      <dst id="1">13.2089</dst>
      <dst id="3">59.4756</dst>
      <dst id="22">58.3111</dst>
      <dst id="7">155.6889</dst>
      <dst id="2">2663.0489</dst>
      <dst id="16">83.6356</dst>
      <dst id="14">0.7822</dst>
      <dst id="11">117.9822</dst>
      <dst id="9">18.2133</dst>
      <dst id="17">1566.9600</dst>
      <dst id="21">47.8311</dst>
      <dst id="15">0.5156</dst>
    </src>
    <src id="16">
      <dst id="12">5050.3022</dst>
      <dst id="13">2034.2489</dst>
      <dst id="19">4346.9511</dst>
      <dst id="23">125.9467</dst>
      <dst id="8">6009.4756</dst>
      <dst id="18">768.5689</dst>
      <dst id="4">6142.7556</dst>
      <dst id="1">20442.0444</dst>
      <dst id="5">5646.4267</dst>
      <dst id="3">1960.3467</dst>
      <dst id="7">1172.4622</dst>
      <dst id="2">3457.2089</dst>
      <dst id="6">15.1822</dst>
      <dst id="16">78.1333</dst>
      <dst id="14">184.4978</dst>
      <dst id="11">605.6000</dst>
      <dst id="9">10751.2444</dst>
      <dst id="17">10105.7778</dst>
      <dst id="21">845.6089</dst>
    </src>
    <src id="14">
      <dst id="12">26955.7689</dst>
      <dst id="13">122.1778</dst>
      <dst id="19">11.4489</dst>
      <dst id="23">1.0311</dst>
      <dst id="8">13.3956</dst>
      <dst id="18">4.1600</dst>
      <dst id="4">2562.0711</dst>
      <dst id="1">463.9467</dst>
      <dst id="5">6.5778</dst>
      <dst id="3">694.1689</dst>
      <dst id="22">74.3022</dst>
      <dst id="7">376.7200</dst>
      <dst id="2">8928.8889</dst>
      <dst id="6">0.3556</dst>
      <dst id="16">10.6311</dst>
      <dst id="20">27.0578</dst>
      <dst id="11">78.1867</dst>
      <dst id="9">79.0933</dst>
      <dst id="17">7714.8978</dst>
      <dst id="21">226.5689</dst>
      <dst id="15">1.6444</dst>
    </src>
    <src id="20">
      <dst id="12">14812.5511</dst>
      <dst id="13">5409.7422</dst>
      <dst id="19">341.9467</dst>
      <dst id="23">90.1067</dst>
      <dst id="8">2205.2711</dst>
      <dst id="18">81.6800</dst>
      <dst id="4">20137.7156</dst>
      <dst id="1">343.5467</dst>
      <dst id="5">3041.1467</dst>
      <dst id="3">13328.2756</dst>
      <dst id="7">7420.9156</dst>
      <dst id="2">10880.3644</dst>
      <dst id="6">0.4533</dst>
      <dst id="14">241.8311</dst>
      <dst id="11">2344.5333</dst>
      <dst id="9">8559.3067</dst>
      <dst id="17">15659.6267</dst>
      <dst id="21">6744.2044</dst>
    </src>
    <src id="11">
      <dst id="12">415646.8533</dst>
      <dst id="13">2472.1422</dst>
      <dst id="19">102.1422</dst>
      <dst id="23">341.6800</dst>
      <dst id="8">388.9244</dst>
      <dst id="18">360.2756</dst>
      <dst id="4">11043.7600</dst>
      <dst id="1">6497.7689</dst>
      <dst id="5">1492.7378</dst>
      <dst id="3">3535.0489</dst>
      <dst id="22">8637.3689</dst>
      <dst id="7">668.9600</dst>
      <dst id="2">161766.2311</dst>
      <dst id="6">2.7733</dst>
      <dst id="16">1123.7333</dst>
      <dst id="14">180.6400</dst>
      <dst id="20">1546.8444</dst>
      <dst id="11">2467.2178</dst>
      <dst id="9">1785.2533</dst>
      <dst id="17">105721.6178</dst>
      <dst id="21">882.8089</dst>
      <dst id="15">283.4311</dst>
    </src>
    <src id="9">
      <dst id="12">506055.6356</dst>
      <dst id="13">12207.2978</dst>
      <dst id="19">296.4444</dst>
      <dst id="23">111.5644</dst>
      <dst id="8">631.9556</dst>
      <dst id="18">1550.5067</dst>
      <dst id="4">15116.9333</dst>
      <dst id="1">2088.0978</dst>
      <dst id="5">3655.7067</dst>
      <dst id="3">522.2133</dst>
      <dst id="22">3758.8178</dst>
      <dst id="7">3688.7022</dst>
      <dst id="2">195950.5511</dst>
      <dst id="6">124.3378</dst>
      <dst id="16">1363.5200</dst>
      <dst id="14">81.3511</dst>
      <dst id="20">5301.0933</dst>
      <dst id="11">6246.0356</dst>
      <dst id="9">1852.7378</dst>
      <dst id="17">120567.9644</dst>
      <dst id="21">1870.3289</dst>
      <dst id="15">1179.8489</dst>
    </src>
    <src id="17">
      <dst id="12">18883.2356</dst>
      <dst id="13">14435.3244</dst>
      <dst id="19">17234.8533</dst>
      <dst id="23">372.4533</dst>
      <dst id="8">178470.7289</dst>
      <dst id="18">3188.0622</dst>
      <dst id="4">98039.9378</dst>
      <dst id="1">4113.0489</dst>
      <dst id="5">276901.2978</dst>
      <dst id="3">39122.1511</dst>
      <dst id="22">11878.8000</dst>
      <dst id="7">7481.0578</dst>
      <dst id="2">114851.8667</dst>
      <dst id="6">431.7867</dst>
      <dst id="16">17271.5911</dst>
      <dst id="14">46283.8578</dst>
      <dst id="20">5021.5556</dst>
      <dst id="11">147616.0889</dst>
      <dst id="9">294312.4356</dst>
      <dst id="17">1212.1956</dst>
      <dst id="21">28922.8178</dst>
      <dst id="15">3647.4311</dst>
    </src>
    <src id="21">
      <dst id="12">22244.3822</dst>
      <dst id="13">3632.0178</dst>
      <dst id="19">916.5156</dst>
      <dst id="23">185.3422</dst>
      <dst id="8">15010.7644</dst>
      <dst id="18">2085.2800</dst>
      <dst id="4">36804.1778</dst>
      <dst id="1">3473.5022</dst>
      <dst id="5">791.7156</dst>
      <dst id="3">4823.2178</dst>
      <dst id="22">4964.9156</dst>
      <dst id="7">5153.8311</dst>
      <dst id="2">14266.5333</dst>
      <dst id="6">76.4622</dst>
      <dst id="16">690.4889</dst>
      <dst id="14">322.9956</dst>
      <dst id="20">1141.8667</dst>
      <dst id="11">1104.6222</dst>
      <dst id="9">2150.3200</dst>
      <dst id="17">7825.5911</dst>
      <dst id="21">4509.1467</dst>
      <dst id="15">197.1378</dst>
    </src>
    <src id="15">
      <dst id="12">1898.2400</dst>
      <dst id="13">2905.6356</dst>
      <dst id="19">69.6978</dst>
      <dst id="23">50.2044</dst>
      <dst id="8">334.1600</dst>
      <dst id="18">1.6889</dst>
      <dst id="4">3827.9556</dst>
      <dst id="1">304.7289</dst>
      <dst id="5">11737.0400</dst>
      <dst id="3">660.1422</dst>
      <dst id="7">185.8578</dst>
      <dst id="2">556.6044</dst>
      <dst id="14">17.2267</dst>
      <dst id="11">182.4889</dst>
      <dst id="9">1211.8756</dst>
      <dst id="17">544.7467</dst>
      <dst id="21">487.1733</dst>
    </src>
  </IntraTM>
</TrafficMatrixFile>
