<?xml version="1.0" encoding="UTF-8" standalone="yes"?>
<TrafficMatrixFile xmlns:xsi="http://www.w3.org/2001/XMLSchema-instance" xsi:noNamespaceSchemaLocation="http://totem.run.montefiore.ulg.ac.be/Schema/TrafficMatrix-v1_2.xsd">
  <info>
    <title>Intradomain traffic matrix generated by geant-TM-all.pl</title>
    <date>2005-01-03T03:00:00</date>
    <duration>900</duration>
    <author>Steve Uhlig</author>
    <units>
        <unit type="bandwidth" value="kbps"/>
    </units>
  </info>
  <IntraTM ASID="20965">
    <src id="12">
      <dst id="12">264834.0267</dst>
      <dst id="13">29922.6578</dst>
      <dst id="19">4905.4844</dst>
      <dst id="23">283.4311</dst>
      <dst id="8">10456.0978</dst>
      <dst id="18">3116.9511</dst>
      <dst id="4">119154.4089</dst>
      <dst id="1">10174.2933</dst>
      <dst id="5">4168.5600</dst>
      <dst id="3">4068.7911</dst>
      <dst id="22">21419.8756</dst>
      <dst id="7">3222.0356</dst>
      <dst id="2">91980.9956</dst>
      <dst id="6">3.1378</dst>
      <dst id="16">5384.7111</dst>
      <dst id="14">322.0800</dst>
      <dst id="20">7438.5511</dst>
      <dst id="11">5814.5244</dst>
      <dst id="9">9074.9778</dst>
      <dst id="17">66559.5644</dst>
      <dst id="21">19304.8622</dst>
      <dst id="15">930.6400</dst>
    </src>
    <src id="13">
      <dst id="12">64826.6311</dst>
      <dst id="19">34117.7333</dst>
      <dst id="23">861.5289</dst>
      <dst id="8">4982.1600</dst>
      <dst id="18">5689.0311</dst>
      <dst id="1">5342.5156</dst>
      <dst id="5">14624.5689</dst>
      <dst id="3">13824.8444</dst>
      <dst id="22">29849.8222</dst>
      <dst id="7">10828.6844</dst>
      <dst id="2">105836.0622</dst>
      <dst id="6">101.6622</dst>
      <dst id="16">6525.7867</dst>
      <dst id="14">5284.8000</dst>
      <dst id="20">14303.7956</dst>
      <dst id="11">15360.0178</dst>
      <dst id="9">14631.2800</dst>
      <dst id="17">76548.8622</dst>
      <dst id="21">33256.2311</dst>
      <dst id="15">17926.9333</dst>
    </src>
    <src id="19">
      <dst id="12">16950.9689</dst>
      <dst id="13">1839.2889</dst>
      <dst id="23">750.1422</dst>
      <dst id="8">43.6889</dst>
      <dst id="18">108.6667</dst>
      <dst id="4">22891.2089</dst>
      <dst id="1">710.8267</dst>
      <dst id="5">43.6622</dst>
      <dst id="3">44.7644</dst>
      <dst id="22">196.3467</dst>
      <dst id="7">3246.9867</dst>
      <dst id="2">12120.7022</dst>
      <dst id="6">91.9822</dst>
      <dst id="16">5653.0133</dst>
      <dst id="14">1.0133</dst>
      <dst id="20">50.7911</dst>
      <dst id="11">16.9333</dst>
      <dst id="9">412.4889</dst>
      <dst id="17">12638.3733</dst>
      <dst id="21">885.5644</dst>
      <dst id="15">1.3422</dst>
    </src>
    <src id="23">
      <dst id="12">407.3867</dst>
      <dst id="13">136.1422</dst>
      <dst id="19">60.3822</dst>
      <dst id="8">6.6222</dst>
      <dst id="18">631.7689</dst>
      <dst id="4">1178.1600</dst>
      <dst id="1">70.5333</dst>
      <dst id="5">82.0622</dst>
      <dst id="3">90.5067</dst>
      <dst id="22">528.5600</dst>
      <dst id="7">174.7022</dst>
      <dst id="2">34.6933</dst>
      <dst id="6">4.2578</dst>
      <dst id="16">534.7556</dst>
      <dst id="14">4.5156</dst>
      <dst id="20">118.4000</dst>
      <dst id="11">78.1867</dst>
      <dst id="9">284.5778</dst>
      <dst id="17">638.0800</dst>
      <dst id="21">459.6978</dst>
    </src>
    <src id="8">
      <dst id="12">391203.8400</dst>
      <dst id="13">1099.0933</dst>
      <dst id="19">26.8889</dst>
      <dst id="23">204.1422</dst>
      <dst id="18">39.7511</dst>
      <dst id="4">14765.1556</dst>
      <dst id="1">247.7244</dst>
      <dst id="5">9535.4400</dst>
      <dst id="3">115.4489</dst>
      <dst id="22">2316.2400</dst>
      <dst id="7">103.4222</dst>
      <dst id="2">157961.7511</dst>
      <dst id="6">0.4178</dst>
      <dst id="16">424.2933</dst>
      <dst id="20">3157.1111</dst>
      <dst id="11">1317.0044</dst>
      <dst id="9">747.8844</dst>
      <dst id="17">149892.8178</dst>
      <dst id="21">661.3689</dst>
      <dst id="15">619.3422</dst>
    </src>
    <src id="18">
      <dst id="12">121379.6267</dst>
      <dst id="13">195.3689</dst>
      <dst id="19">9.7689</dst>
      <dst id="23">17.0400</dst>
      <dst id="8">44.1778</dst>
      <dst id="4">2580.0711</dst>
      <dst id="1">2104.4711</dst>
      <dst id="5">1476.3200</dst>
      <dst id="3">101.3422</dst>
      <dst id="22">315.5911</dst>
      <dst id="7">190.7111</dst>
      <dst id="2">53978.7111</dst>
      <dst id="16">36.0444</dst>
      <dst id="14">1.4578</dst>
      <dst id="20">2.5422</dst>
      <dst id="11">242.8800</dst>
      <dst id="9">59.7067</dst>
      <dst id="17">42132.5778</dst>
      <dst id="21">2195.0933</dst>
      <dst id="15">6.1511</dst>
    </src>
    <src id="4">
      <dst id="12">54191.0133</dst>
      <dst id="19">9018.4800</dst>
      <dst id="23">0.4267</dst>
      <dst id="8">1217.3067</dst>
      <dst id="18">3266.1156</dst>
      <dst id="4">2.2044</dst>
      <dst id="1">163452.8267</dst>
      <dst id="5">1455.6800</dst>
      <dst id="3">2260.9778</dst>
      <dst id="22">6042.5689</dst>
      <dst id="7">191213.6267</dst>
      <dst id="2">121629.8044</dst>
      <dst id="6">28.7022</dst>
      <dst id="16">2803.5733</dst>
      <dst id="14">5747.2089</dst>
      <dst id="20">730.6756</dst>
      <dst id="11">5308.9689</dst>
      <dst id="9">4531.5022</dst>
      <dst id="17">58087.0222</dst>
      <dst id="21">10832.2489</dst>
      <dst id="15">332.8978</dst>
    </src>
    <src id="1">
      <dst id="12">17166.4356</dst>
      <dst id="13">419.4667</dst>
      <dst id="19">866.4622</dst>
      <dst id="23">146.3822</dst>
      <dst id="8">168004.7556</dst>
      <dst id="18">16954.8711</dst>
      <dst id="4">17877.4756</dst>
      <dst id="1">59333.1467</dst>
      <dst id="5">253878.8622</dst>
      <dst id="3">3414.1778</dst>
      <dst id="22">7045.8756</dst>
      <dst id="7">2949.6444</dst>
      <dst id="2">20030.0178</dst>
      <dst id="6">9023.8578</dst>
      <dst id="16">8396.8089</dst>
      <dst id="14">206.8444</dst>
      <dst id="20">268.3289</dst>
      <dst id="11">343.5733</dst>
      <dst id="9">266194.2044</dst>
      <dst id="17">6145.2356</dst>
      <dst id="21">16163.8222</dst>
      <dst id="15">472.9867</dst>
    </src>
    <src id="5">
      <dst id="12">331424.8000</dst>
      <dst id="13">4382.6222</dst>
      <dst id="19">59.9200</dst>
      <dst id="23">41.5200</dst>
      <dst id="8">12825.1733</dst>
      <dst id="18">1671.8133</dst>
      <dst id="4">10725.8933</dst>
      <dst id="1">474.7200</dst>
      <dst id="3">40.8267</dst>
      <dst id="22">5056.5956</dst>
      <dst id="7">146.2222</dst>
      <dst id="2">131147.4044</dst>
      <dst id="6">0.4622</dst>
      <dst id="16">2702.8889</dst>
      <dst id="14">21.0400</dst>
      <dst id="20">1600.3022</dst>
      <dst id="11">2187.0400</dst>
      <dst id="9">1901.1911</dst>
      <dst id="17">116319.1822</dst>
      <dst id="21">404.8800</dst>
      <dst id="15">746.6311</dst>
    </src>
    <src id="3">
      <dst id="12">10663.9378</dst>
      <dst id="13">624.8533</dst>
      <dst id="19">1065.8933</dst>
      <dst id="23">96.1867</dst>
      <dst id="8">96.4533</dst>
      <dst id="18">138723.3867</dst>
      <dst id="4">57853.4311</dst>
      <dst id="1">40755.0400</dst>
      <dst id="5">510.8533</dst>
      <dst id="3">21470.2133</dst>
      <dst id="22">7365.3600</dst>
      <dst id="7">2604.4622</dst>
      <dst id="2">8373.0933</dst>
      <dst id="6">0.9778</dst>
      <dst id="16">1167.6444</dst>
      <dst id="14">32137.9289</dst>
      <dst id="20">111.7244</dst>
      <dst id="11">177307.9289</dst>
      <dst id="9">85.0667</dst>
      <dst id="17">8894.6400</dst>
      <dst id="21">7768.9778</dst>
      <dst id="15">40.4089</dst>
    </src>
    <src id="10">
      <dst id="12">20646.9244</dst>
      <dst id="19">889.3067</dst>
      <dst id="8">2411.2267</dst>
      <dst id="18">13529.5733</dst>
      <dst id="1">3859.5022</dst>
      <dst id="5">1416.2667</dst>
      <dst id="3">13791.1644</dst>
      <dst id="22">5766.8089</dst>
      <dst id="7">19014.6311</dst>
      <dst id="2">25546.3378</dst>
      <dst id="6">26.9422</dst>
      <dst id="16">1814.4356</dst>
      <dst id="14">711.2444</dst>
      <dst id="20">1351.8044</dst>
      <dst id="11">4985.1378</dst>
      <dst id="9">2394.2578</dst>
      <dst id="17">26829.0667</dst>
      <dst id="21">14724.8622</dst>
      <dst id="15">758.3289</dst>
    </src>
    <src id="22">
      <dst id="12">8160.8089</dst>
      <dst id="13">12427.7156</dst>
      <dst id="19">99.2711</dst>
      <dst id="23">266.7467</dst>
      <dst id="8">357.8578</dst>
      <dst id="18">2520.4978</dst>
      <dst id="4">19784.0889</dst>
      <dst id="1">175.7689</dst>
      <dst id="5">6010.8000</dst>
      <dst id="3">601.8933</dst>
      <dst id="7">1080.0444</dst>
      <dst id="2">2542.8622</dst>
      <dst id="6">55.0667</dst>
      <dst id="16">1.2622</dst>
      <dst id="14">70.3911</dst>
      <dst id="11">4713.0044</dst>
      <dst id="9">4043.8578</dst>
      <dst id="17">4474.2844</dst>
      <dst id="21">1117.2444</dst>
    </src>
    <src id="7">
      <dst id="12">5865.9200</dst>
      <dst id="13">298.1156</dst>
      <dst id="19">2818.0533</dst>
      <dst id="23">128.4889</dst>
      <dst id="8">576.3111</dst>
      <dst id="18">918.4711</dst>
      <dst id="4">56853.9733</dst>
      <dst id="1">3745.2000</dst>
      <dst id="5">1486.8000</dst>
      <dst id="3">1027.6178</dst>
      <dst id="22">3666.2489</dst>
      <dst id="7">839.7156</dst>
      <dst id="2">44105.7511</dst>
      <dst id="6">52.0711</dst>
      <dst id="16">10893.6533</dst>
      <dst id="14">143.3244</dst>
      <dst id="20">1080.1778</dst>
      <dst id="11">2265.3600</dst>
      <dst id="9">1233.4044</dst>
      <dst id="17">26523.8667</dst>
      <dst id="21">7500.8000</dst>
      <dst id="15">184.7289</dst>
    </src>
    <src id="2">
      <dst id="12">113392.7289</dst>
      <dst id="13">521637.7600</dst>
      <dst id="19">1359.6533</dst>
      <dst id="23">28.6756</dst>
      <dst id="8">1241.7867</dst>
      <dst id="18">115269.8222</dst>
      <dst id="4">131227.0844</dst>
      <dst id="1">11155.7778</dst>
      <dst id="5">1597.7778</dst>
      <dst id="3">86.7378</dst>
      <dst id="22">1639.9378</dst>
      <dst id="7">26497.8400</dst>
      <dst id="2">1095.1822</dst>
      <dst id="6">8873.9467</dst>
      <dst id="16">2696.9244</dst>
      <dst id="14">4093.0844</dst>
      <dst id="20">5453.7333</dst>
      <dst id="11">3955.7511</dst>
      <dst id="9">1432.5333</dst>
      <dst id="17">26712.4178</dst>
      <dst id="21">9866.5778</dst>
      <dst id="15">246.6667</dst>
    </src>
    <src id="6">
      <dst id="12">11476.4178</dst>
      <dst id="13">39.6267</dst>
      <dst id="19">30.7111</dst>
      <dst id="23">11.8222</dst>
      <dst id="4">34.8978</dst>
      <dst id="1">51.2356</dst>
      <dst id="5">0.8800</dst>
      <dst id="22">2.3289</dst>
      <dst id="7">5.6444</dst>
      <dst id="2">2753.6800</dst>
      <dst id="16">0.9333</dst>
      <dst id="14">7.5644</dst>
      <dst id="20">0.9244</dst>
      <dst id="11">1.9111</dst>
      <dst id="9">3.4489</dst>
      <dst id="17">1536.6133</dst>
      <dst id="21">12.3378</dst>
    </src>
    <src id="16">
      <dst id="12">3240.8978</dst>
      <dst id="13">629.5644</dst>
      <dst id="19">3269.0222</dst>
      <dst id="23">52.4267</dst>
      <dst id="8">5753.7333</dst>
      <dst id="18">92.1689</dst>
      <dst id="4">8907.2444</dst>
      <dst id="1">14481.9467</dst>
      <dst id="5">3760.5600</dst>
      <dst id="3">15.1200</dst>
      <dst id="7">6653.6178</dst>
      <dst id="2">688.1689</dst>
      <dst id="6">0.9600</dst>
      <dst id="16">44.8089</dst>
      <dst id="14">321.4933</dst>
      <dst id="11">279.1289</dst>
      <dst id="9">9029.9911</dst>
      <dst id="17">2838.2489</dst>
      <dst id="21">1009.0133</dst>
    </src>
    <src id="14">
      <dst id="12">18224.8178</dst>
      <dst id="13">31.8311</dst>
      <dst id="19">41.6178</dst>
      <dst id="18">0.6044</dst>
      <dst id="4">2996.6400</dst>
      <dst id="1">43.2267</dst>
      <dst id="5">25.8578</dst>
      <dst id="3">104.0622</dst>
      <dst id="22">46.6133</dst>
      <dst id="7">51.3156</dst>
      <dst id="2">5945.5911</dst>
      <dst id="16">6.1511</dst>
      <dst id="20">53.0311</dst>
      <dst id="11">25.7333</dst>
      <dst id="9">54.4178</dst>
      <dst id="17">8134.0800</dst>
      <dst id="21">247.8578</dst>
    </src>
    <src id="20">
      <dst id="12">19276.4267</dst>
      <dst id="13">6669.7867</dst>
      <dst id="19">1298.6311</dst>
      <dst id="23">104.3644</dst>
      <dst id="8">248.1689</dst>
      <dst id="18">4.0178</dst>
      <dst id="4">15503.7422</dst>
      <dst id="1">1962.2311</dst>
      <dst id="5">2817.7778</dst>
      <dst id="3">825.2978</dst>
      <dst id="22">13.6889</dst>
      <dst id="7">141.5911</dst>
      <dst id="2">4745.0844</dst>
      <dst id="6">55.8400</dst>
      <dst id="14">28.1067</dst>
      <dst id="11">188.4889</dst>
      <dst id="9">1015.6356</dst>
      <dst id="17">1030.8444</dst>
      <dst id="21">762.6489</dst>
    </src>
    <src id="11">
      <dst id="12">424305.1911</dst>
      <dst id="13">4496.7289</dst>
      <dst id="19">169.8933</dst>
      <dst id="23">14.2667</dst>
      <dst id="8">306.8000</dst>
      <dst id="18">504.0267</dst>
      <dst id="4">16370.1778</dst>
      <dst id="1">588.7378</dst>
      <dst id="5">1863.6000</dst>
      <dst id="3">926.3911</dst>
      <dst id="22">2119.2533</dst>
      <dst id="7">802.0978</dst>
      <dst id="2">161186.6667</dst>
      <dst id="6">12.8000</dst>
      <dst id="16">2473.0133</dst>
      <dst id="14">34.9867</dst>
      <dst id="20">228.4356</dst>
      <dst id="11">1153.4578</dst>
      <dst id="9">4624.9511</dst>
      <dst id="17">147046.7378</dst>
      <dst id="21">1368.5956</dst>
      <dst id="15">379.1556</dst>
    </src>
    <src id="9">
      <dst id="12">413390.6311</dst>
      <dst id="13">8094.8889</dst>
      <dst id="19">197.6000</dst>
      <dst id="23">2382.6844</dst>
      <dst id="8">2684.8444</dst>
      <dst id="18">157.6889</dst>
      <dst id="4">11417.9111</dst>
      <dst id="1">1136.0000</dst>
      <dst id="5">4797.4578</dst>
      <dst id="3">95.0400</dst>
      <dst id="22">1726.5511</dst>
      <dst id="7">2584.7556</dst>
      <dst id="2">172078.7556</dst>
      <dst id="6">0.5156</dst>
      <dst id="16">705.4489</dst>
      <dst id="14">15.5200</dst>
      <dst id="20">3181.2267</dst>
      <dst id="11">3407.3156</dst>
      <dst id="9">888.7556</dst>
      <dst id="17">188447.7244</dst>
      <dst id="21">703.4578</dst>
      <dst id="15">5356.7556</dst>
    </src>
    <src id="17">
      <dst id="12">18381.1200</dst>
      <dst id="13">24264.8267</dst>
      <dst id="19">939.2267</dst>
      <dst id="23">487.1111</dst>
      <dst id="8">169879.3156</dst>
      <dst id="18">788.7733</dst>
      <dst id="4">141741.3422</dst>
      <dst id="1">1765.4311</dst>
      <dst id="5">227756.4800</dst>
      <dst id="3">10193.8667</dst>
      <dst id="22">16368.3911</dst>
      <dst id="7">10055.6622</dst>
      <dst id="2">34524.1422</dst>
      <dst id="6">62.8267</dst>
      <dst id="16">7694.0178</dst>
      <dst id="14">23680.9333</dst>
      <dst id="20">5025.0667</dst>
      <dst id="11">137400.8444</dst>
      <dst id="9">200659.9467</dst>
      <dst id="17">1197.9911</dst>
      <dst id="21">10091.4489</dst>
      <dst id="15">137.7600</dst>
    </src>
    <src id="21">
      <dst id="12">18810.4533</dst>
      <dst id="13">1385.1111</dst>
      <dst id="19">78.6133</dst>
      <dst id="23">114.8356</dst>
      <dst id="8">450.0356</dst>
      <dst id="18">944.8089</dst>
      <dst id="4">34544.4178</dst>
      <dst id="1">922.0000</dst>
      <dst id="5">646.8178</dst>
      <dst id="3">1358.2844</dst>
      <dst id="22">1334.0711</dst>
      <dst id="7">3717.6178</dst>
      <dst id="2">10683.4844</dst>
      <dst id="6">2.7911</dst>
      <dst id="16">456.5600</dst>
      <dst id="14">61.1556</dst>
      <dst id="20">5315.7067</dst>
      <dst id="11">566.0889</dst>
      <dst id="9">907.7067</dst>
      <dst id="17">14666.0711</dst>
      <dst id="21">3092.4711</dst>
      <dst id="15">33.3689</dst>
    </src>
    <src id="15">
      <dst id="12">3335.8489</dst>
      <dst id="13">1216.8000</dst>
      <dst id="19">13.7067</dst>
      <dst id="23">25.6356</dst>
      <dst id="8">520.3911</dst>
      <dst id="18">98.6667</dst>
      <dst id="4">5602.5600</dst>
      <dst id="1">506.1067</dst>
      <dst id="5">401.1733</dst>
      <dst id="3">11.4756</dst>
      <dst id="7">17.4222</dst>
      <dst id="2">336.3911</dst>
      <dst id="6">0.3378</dst>
      <dst id="11">408.4444</dst>
      <dst id="9">371.6000</dst>
      <dst id="17">133.7333</dst>
      <dst id="21">990.9067</dst>
    </src>
  </IntraTM>
</TrafficMatrixFile>
