<?xml version="1.0" encoding="UTF-8" standalone="yes"?>
<TrafficMatrixFile xmlns:xsi="http://www.w3.org/2001/XMLSchema-instance" xsi:noNamespaceSchemaLocation="http://totem.run.montefiore.ulg.ac.be/Schema/TrafficMatrix-v1_2.xsd">
  <info>
    <title>Intradomain traffic matrix generated by geant-TM-all.pl</title>
    <date>2005-01-05T01:30:00</date>
    <duration>900</duration>
    <author>Steve Uhlig</author>
    <units>
        <unit type="bandwidth" value="kbps"/>
    </units>
  </info>
  <IntraTM ASID="20965">
    <src id="12">
      <dst id="12">263672.4178</dst>
      <dst id="13">39286.4356</dst>
      <dst id="19">3512.2489</dst>
      <dst id="23">294.2844</dst>
      <dst id="8">1445.8756</dst>
      <dst id="18">910.1156</dst>
      <dst id="4">66957.8044</dst>
      <dst id="1">17393.8667</dst>
      <dst id="5">62775.5022</dst>
      <dst id="3">21326.2667</dst>
      <dst id="22">13879.1378</dst>
      <dst id="7">6995.8311</dst>
      <dst id="2">88199.6444</dst>
      <dst id="6">8.8889</dst>
      <dst id="16">9073.1378</dst>
      <dst id="14">249.0222</dst>
      <dst id="20">9992.5867</dst>
      <dst id="11">6063.1822</dst>
      <dst id="9">11725.7867</dst>
      <dst id="17">86426.5244</dst>
      <dst id="21">1749.9111</dst>
      <dst id="15">1699.3511</dst>
    </src>
    <src id="13">
      <dst id="12">50194.2489</dst>
      <dst id="19">5989.7333</dst>
      <dst id="23">125.2356</dst>
      <dst id="8">3148.4178</dst>
      <dst id="18">2118.4711</dst>
      <dst id="1">11692.5244</dst>
      <dst id="5">7704.0889</dst>
      <dst id="3">5156.6133</dst>
      <dst id="22">26626.3467</dst>
      <dst id="7">10703.6889</dst>
      <dst id="2">94578.8178</dst>
      <dst id="6">1086.9689</dst>
      <dst id="16">9211.7778</dst>
      <dst id="14">2567.8222</dst>
      <dst id="20">7453.3956</dst>
      <dst id="11">15945.8044</dst>
      <dst id="9">18820.0000</dst>
      <dst id="17">56954.8711</dst>
      <dst id="21">8216.4089</dst>
      <dst id="15">3094.4178</dst>
    </src>
    <src id="19">
      <dst id="12">12860.6222</dst>
      <dst id="13">215.9200</dst>
      <dst id="23">12.8444</dst>
      <dst id="8">16.4267</dst>
      <dst id="18">0.3911</dst>
      <dst id="4">15028.2044</dst>
      <dst id="1">611.4844</dst>
      <dst id="5">2.6489</dst>
      <dst id="3">26.3111</dst>
      <dst id="22">153.1289</dst>
      <dst id="7">5211.7778</dst>
      <dst id="2">8237.4044</dst>
      <dst id="6">108.6578</dst>
      <dst id="16">5330.0800</dst>
      <dst id="14">1.8222</dst>
      <dst id="20">442.0800</dst>
      <dst id="11">182.6756</dst>
      <dst id="9">37.4667</dst>
      <dst id="17">508.0444</dst>
      <dst id="21">560.1422</dst>
      <dst id="15">28.1600</dst>
    </src>
    <src id="23">
      <dst id="12">745.8578</dst>
      <dst id="13">169.6800</dst>
      <dst id="8">40.9689</dst>
      <dst id="18">13.0844</dst>
      <dst id="4">35.8844</dst>
      <dst id="1">62.5511</dst>
      <dst id="5">80.3556</dst>
      <dst id="3">191.0667</dst>
      <dst id="22">917.9822</dst>
      <dst id="7">1545.1822</dst>
      <dst id="2">28.9244</dst>
      <dst id="6">147.4844</dst>
      <dst id="16">79.6622</dst>
      <dst id="20">126.8267</dst>
      <dst id="11">42.5867</dst>
      <dst id="9">1103.7422</dst>
      <dst id="17">412.5600</dst>
      <dst id="21">96.9511</dst>
      <dst id="15">186.6667</dst>
    </src>
    <src id="8">
      <dst id="12">340154.8356</dst>
      <dst id="13">562.6400</dst>
      <dst id="19">646.0444</dst>
      <dst id="23">25.2444</dst>
      <dst id="18">33.5378</dst>
      <dst id="4">7120.8089</dst>
      <dst id="1">502.8800</dst>
      <dst id="5">10079.8667</dst>
      <dst id="3">38.7111</dst>
      <dst id="22">270.7822</dst>
      <dst id="7">14.5156</dst>
      <dst id="2">131509.8400</dst>
      <dst id="16">1232.5422</dst>
      <dst id="20">240.2933</dst>
      <dst id="11">690.8889</dst>
      <dst id="9">555.7333</dst>
      <dst id="17">128803.8311</dst>
      <dst id="21">169.8400</dst>
      <dst id="15">72.9511</dst>
    </src>
    <src id="18">
      <dst id="12">89813.2622</dst>
      <dst id="13">174.3022</dst>
      <dst id="19">3.7422</dst>
      <dst id="23">1.1200</dst>
      <dst id="8">82.9244</dst>
      <dst id="4">1165.4933</dst>
      <dst id="1">1310.3022</dst>
      <dst id="5">365.2178</dst>
      <dst id="3">8.3289</dst>
      <dst id="22">169.8756</dst>
      <dst id="7">1543.0756</dst>
      <dst id="2">34147.6356</dst>
      <dst id="16">36.4622</dst>
      <dst id="14">14.1156</dst>
      <dst id="20">7.0133</dst>
      <dst id="11">63.3600</dst>
      <dst id="9">77.6178</dst>
      <dst id="17">40518.4178</dst>
      <dst id="21">77.8933</dst>
      <dst id="15">0.3378</dst>
    </src>
    <src id="4">
      <dst id="12">16973.2978</dst>
      <dst id="19">15199.8933</dst>
      <dst id="8">625.9822</dst>
      <dst id="18">487.7067</dst>
      <dst id="4">3.5289</dst>
      <dst id="1">107658.0089</dst>
      <dst id="5">2609.7778</dst>
      <dst id="3">81.5378</dst>
      <dst id="22">3931.8756</dst>
      <dst id="7">35234.3556</dst>
      <dst id="2">73616.7911</dst>
      <dst id="6">1.4933</dst>
      <dst id="16">1923.5822</dst>
      <dst id="14">2127.6622</dst>
      <dst id="20">1621.1289</dst>
      <dst id="11">3910.8800</dst>
      <dst id="9">3028.6311</dst>
      <dst id="17">31998.2222</dst>
      <dst id="21">3385.4667</dst>
      <dst id="15">500.8800</dst>
    </src>
    <src id="1">
      <dst id="12">21489.2267</dst>
      <dst id="13">915.7156</dst>
      <dst id="19">197.2444</dst>
      <dst id="23">98.0533</dst>
      <dst id="8">125428.5689</dst>
      <dst id="18">13149.4667</dst>
      <dst id="4">16473.0044</dst>
      <dst id="1">5439.8578</dst>
      <dst id="5">222901.4222</dst>
      <dst id="3">68.6133</dst>
      <dst id="22">1571.2444</dst>
      <dst id="7">2185.6089</dst>
      <dst id="2">4004.8356</dst>
      <dst id="6">8264.0622</dst>
      <dst id="16">9212.0978</dst>
      <dst id="14">93.2444</dst>
      <dst id="20">667.0133</dst>
      <dst id="11">337.9467</dst>
      <dst id="9">227412.8356</dst>
      <dst id="17">4880.2667</dst>
      <dst id="21">2395.7511</dst>
      <dst id="15">114.8978</dst>
    </src>
    <src id="5">
      <dst id="12">336322.2400</dst>
      <dst id="13">7686.7733</dst>
      <dst id="19">23.3244</dst>
      <dst id="23">10.2933</dst>
      <dst id="8">4707.3067</dst>
      <dst id="18">1152.6489</dst>
      <dst id="4">5133.7511</dst>
      <dst id="1">493.3244</dst>
      <dst id="3">26.4889</dst>
      <dst id="22">4259.7778</dst>
      <dst id="7">207.5467</dst>
      <dst id="2">146148.0889</dst>
      <dst id="6">1.7600</dst>
      <dst id="16">459.3244</dst>
      <dst id="14">8.2311</dst>
      <dst id="20">408.3378</dst>
      <dst id="11">481.2533</dst>
      <dst id="9">658.8622</dst>
      <dst id="17">135704.0267</dst>
      <dst id="21">152.1600</dst>
      <dst id="15">233.2178</dst>
    </src>
    <src id="3">
      <dst id="12">14500.8000</dst>
      <dst id="13">904.0533</dst>
      <dst id="19">1468.8800</dst>
      <dst id="23">8081.2533</dst>
      <dst id="8">48.7644</dst>
      <dst id="18">55406.1333</dst>
      <dst id="4">47900.3733</dst>
      <dst id="1">5348.8089</dst>
      <dst id="5">218.4711</dst>
      <dst id="3">12063.1467</dst>
      <dst id="22">1013.3244</dst>
      <dst id="7">795.4756</dst>
      <dst id="2">19312.7644</dst>
      <dst id="6">4.4622</dst>
      <dst id="16">1065.0933</dst>
      <dst id="14">42116.7556</dst>
      <dst id="20">169.9911</dst>
      <dst id="11">140939.9111</dst>
      <dst id="9">302.5422</dst>
      <dst id="17">11657.5378</dst>
      <dst id="21">12474.0444</dst>
      <dst id="15">99.9111</dst>
    </src>
    <src id="10">
      <dst id="12">10619.3422</dst>
      <dst id="19">4767.7867</dst>
      <dst id="8">579.8578</dst>
      <dst id="18">3607.1911</dst>
      <dst id="1">2975.8311</dst>
      <dst id="5">1663.4222</dst>
      <dst id="3">1644.5244</dst>
      <dst id="22">5091.1289</dst>
      <dst id="7">8555.3422</dst>
      <dst id="2">24399.3333</dst>
      <dst id="6">7.4400</dst>
      <dst id="16">2636.4267</dst>
      <dst id="14">5217.1200</dst>
      <dst id="20">2106.6578</dst>
      <dst id="11">6021.0133</dst>
      <dst id="9">4610.9867</dst>
      <dst id="17">24064.1867</dst>
      <dst id="21">12895.2622</dst>
      <dst id="15">144.0978</dst>
    </src>
    <src id="22">
      <dst id="12">8186.2933</dst>
      <dst id="13">5360.7289</dst>
      <dst id="19">555.9289</dst>
      <dst id="23">4190.5244</dst>
      <dst id="8">548.0089</dst>
      <dst id="18">261.0667</dst>
      <dst id="4">15402.5333</dst>
      <dst id="1">318.5511</dst>
      <dst id="5">2846.4178</dst>
      <dst id="3">444.9600</dst>
      <dst id="7">4134.9778</dst>
      <dst id="2">2578.1156</dst>
      <dst id="6">13.3422</dst>
      <dst id="16">1.2622</dst>
      <dst id="14">222.5511</dst>
      <dst id="11">1370.3911</dst>
      <dst id="9">1877.9022</dst>
      <dst id="17">4505.4400</dst>
      <dst id="21">344.5156</dst>
    </src>
    <src id="7">
      <dst id="12">5034.3111</dst>
      <dst id="13">532.7378</dst>
      <dst id="19">4364.4267</dst>
      <dst id="23">127.5556</dst>
      <dst id="8">56.3556</dst>
      <dst id="18">122.9689</dst>
      <dst id="4">7298.6489</dst>
      <dst id="1">9724.5511</dst>
      <dst id="5">986.8533</dst>
      <dst id="3">127.4667</dst>
      <dst id="22">3374.7822</dst>
      <dst id="7">979.4756</dst>
      <dst id="2">7792.2844</dst>
      <dst id="6">16.1600</dst>
      <dst id="16">1429.0044</dst>
      <dst id="14">138.0711</dst>
      <dst id="20">78.3378</dst>
      <dst id="11">791.7956</dst>
      <dst id="9">569.7511</dst>
      <dst id="17">14890.7822</dst>
      <dst id="21">4160.9689</dst>
      <dst id="15">357.3600</dst>
    </src>
    <src id="2">
      <dst id="12">91206.4089</dst>
      <dst id="13">511295.2800</dst>
      <dst id="19">5036.5867</dst>
      <dst id="23">19.2622</dst>
      <dst id="8">508.8622</dst>
      <dst id="18">56310.5511</dst>
      <dst id="4">92592.6489</dst>
      <dst id="1">3880.6400</dst>
      <dst id="5">961.6356</dst>
      <dst id="3">301.6889</dst>
      <dst id="22">8478.1067</dst>
      <dst id="7">2421.3867</dst>
      <dst id="2">1425.3422</dst>
      <dst id="6">9816.2844</dst>
      <dst id="16">2170.3289</dst>
      <dst id="14">4989.1822</dst>
      <dst id="20">1788.8267</dst>
      <dst id="11">4104.1867</dst>
      <dst id="9">1377.6978</dst>
      <dst id="17">15179.3511</dst>
      <dst id="21">3685.5911</dst>
      <dst id="15">34.3467</dst>
    </src>
    <src id="6">
      <dst id="12">10947.8222</dst>
      <dst id="13">66.4533</dst>
      <dst id="19">3.1289</dst>
      <dst id="23">5.0489</dst>
      <dst id="18">11.4667</dst>
      <dst id="4">946.6756</dst>
      <dst id="1">6.8889</dst>
      <dst id="5">0.7822</dst>
      <dst id="22">1.5022</dst>
      <dst id="7">0.8178</dst>
      <dst id="2">2504.4711</dst>
      <dst id="16">51.2533</dst>
      <dst id="11">1.0489</dst>
      <dst id="9">12.6222</dst>
      <dst id="17">1550.1244</dst>
      <dst id="21">3.6178</dst>
    </src>
    <src id="16">
      <dst id="12">2144.5156</dst>
      <dst id="13">799.5467</dst>
      <dst id="19">4235.4133</dst>
      <dst id="23">125.1289</dst>
      <dst id="8">5398.7022</dst>
      <dst id="18">7.6533</dst>
      <dst id="4">3862.8800</dst>
      <dst id="1">13413.6533</dst>
      <dst id="5">4463.0933</dst>
      <dst id="3">3.1467</dst>
      <dst id="7">2409.1467</dst>
      <dst id="2">382.3911</dst>
      <dst id="6">2.5422</dst>
      <dst id="16">51.0311</dst>
      <dst id="14">300.1333</dst>
      <dst id="11">471.1556</dst>
      <dst id="9">8427.8578</dst>
      <dst id="17">1870.5333</dst>
      <dst id="21">2697.4489</dst>
    </src>
    <src id="14">
      <dst id="12">22776.7733</dst>
      <dst id="13">44.3022</dst>
      <dst id="19">7.8133</dst>
      <dst id="8">0.3556</dst>
      <dst id="18">2.0978</dst>
      <dst id="4">1984.6578</dst>
      <dst id="1">143.1556</dst>
      <dst id="5">13.6889</dst>
      <dst id="3">61.6533</dst>
      <dst id="22">69.8489</dst>
      <dst id="7">43.7244</dst>
      <dst id="2">7719.8311</dst>
      <dst id="16">74.6489</dst>
      <dst id="20">10.6667</dst>
      <dst id="11">30.2133</dst>
      <dst id="9">86.7378</dst>
      <dst id="17">9037.2267</dst>
      <dst id="21">67.2089</dst>
    </src>
    <src id="20">
      <dst id="12">1437.2622</dst>
      <dst id="13">12027.0756</dst>
      <dst id="19">25.7422</dst>
      <dst id="23">53.3689</dst>
      <dst id="8">222.2933</dst>
      <dst id="18">77.6533</dst>
      <dst id="4">10408.1689</dst>
      <dst id="1">86.3200</dst>
      <dst id="5">603.0044</dst>
      <dst id="3">190.8533</dst>
      <dst id="7">241.4222</dst>
      <dst id="2">3934.3111</dst>
      <dst id="14">12.8000</dst>
      <dst id="11">462.8622</dst>
      <dst id="9">3647.1022</dst>
      <dst id="17">4460.1333</dst>
      <dst id="21">233.4667</dst>
    </src>
    <src id="11">
      <dst id="12">388116.6222</dst>
      <dst id="13">4481.8311</dst>
      <dst id="19">86.9333</dst>
      <dst id="23">34.5333</dst>
      <dst id="8">748.4267</dst>
      <dst id="18">245.0667</dst>
      <dst id="4">12008.3111</dst>
      <dst id="1">753.1822</dst>
      <dst id="5">1097.6533</dst>
      <dst id="3">268.2133</dst>
      <dst id="22">1907.3867</dst>
      <dst id="7">133.0133</dst>
      <dst id="2">171996.6311</dst>
      <dst id="6">52.2933</dst>
      <dst id="16">232.9333</dst>
      <dst id="14">37.5378</dst>
      <dst id="20">1306.6933</dst>
      <dst id="11">3110.0622</dst>
      <dst id="9">2455.0311</dst>
      <dst id="17">180027.4311</dst>
      <dst id="21">559.6978</dst>
      <dst id="15">76.4000</dst>
    </src>
    <src id="9">
      <dst id="12">433623.2889</dst>
      <dst id="13">3098.9067</dst>
      <dst id="19">1022.8622</dst>
      <dst id="23">71.1822</dst>
      <dst id="8">132.5067</dst>
      <dst id="18">47.3067</dst>
      <dst id="4">8803.6000</dst>
      <dst id="1">993.0933</dst>
      <dst id="5">925.0844</dst>
      <dst id="3">112.5422</dst>
      <dst id="22">4793.4222</dst>
      <dst id="7">129.0400</dst>
      <dst id="2">161072.8978</dst>
      <dst id="16">719.0400</dst>
      <dst id="14">1816.0267</dst>
      <dst id="20">500.0267</dst>
      <dst id="11">1888.0622</dst>
      <dst id="9">504.6222</dst>
      <dst id="17">179107.6267</dst>
      <dst id="21">862.0889</dst>
      <dst id="15">2518.8622</dst>
    </src>
    <src id="17">
      <dst id="12">5718.0356</dst>
      <dst id="13">3554.0800</dst>
      <dst id="19">678.9689</dst>
      <dst id="23">63.8400</dst>
      <dst id="8">147871.2356</dst>
      <dst id="18">100.6222</dst>
      <dst id="4">35296.4178</dst>
      <dst id="1">727.6800</dst>
      <dst id="5">226646.1956</dst>
      <dst id="3">3567.9289</dst>
      <dst id="22">7839.9022</dst>
      <dst id="7">2944.1067</dst>
      <dst id="2">6451.9556</dst>
      <dst id="6">979.5111</dst>
      <dst id="16">6480.2133</dst>
      <dst id="14">48278.9867</dst>
      <dst id="20">8202.0622</dst>
      <dst id="11">118860.9689</dst>
      <dst id="9">170213.3689</dst>
      <dst id="17">2152.6933</dst>
      <dst id="21">11373.2533</dst>
      <dst id="15">119.4667</dst>
    </src>
    <src id="21">
      <dst id="12">15478.4089</dst>
      <dst id="13">1563.7956</dst>
      <dst id="19">336.3733</dst>
      <dst id="23">62.5067</dst>
      <dst id="8">21.8844</dst>
      <dst id="18">1716.5778</dst>
      <dst id="4">11612.2756</dst>
      <dst id="1">2457.4933</dst>
      <dst id="5">636.6756</dst>
      <dst id="3">577.2533</dst>
      <dst id="22">2218.5333</dst>
      <dst id="7">1150.1333</dst>
      <dst id="2">7677.9733</dst>
      <dst id="6">1.4489</dst>
      <dst id="16">484.0089</dst>
      <dst id="14">110.6311</dst>
      <dst id="20">585.5733</dst>
      <dst id="11">1874.9956</dst>
      <dst id="9">289.6267</dst>
      <dst id="17">4370.1511</dst>
      <dst id="21">491.5822</dst>
      <dst id="15">53.7067</dst>
    </src>
    <src id="15">
      <dst id="12">1570.1600</dst>
      <dst id="13">476.5956</dst>
      <dst id="19">13.7956</dst>
      <dst id="23">2.7022</dst>
      <dst id="8">70.1333</dst>
      <dst id="18">2.0978</dst>
      <dst id="4">744.0267</dst>
      <dst id="1">4588.9333</dst>
      <dst id="5">129.2000</dst>
      <dst id="3">29.5200</dst>
      <dst id="7">36.3911</dst>
      <dst id="2">20.6044</dst>
      <dst id="14">0.4267</dst>
      <dst id="11">211.8222</dst>
      <dst id="9">9719.4756</dst>
      <dst id="17">991.0222</dst>
      <dst id="21">89.4667</dst>
    </src>
  </IntraTM>
</TrafficMatrixFile>
