<?xml version="1.0" encoding="UTF-8" standalone="yes"?>
<TrafficMatrixFile xmlns:xsi="http://www.w3.org/2001/XMLSchema-instance" xsi:noNamespaceSchemaLocation="http://totem.run.montefiore.ulg.ac.be/Schema/TrafficMatrix-v1_2.xsd">
  <info>
    <title>Intradomain traffic matrix generated by geant-TM-all.pl</title>
    <date>2005-01-03T15:45:00</date>
    <duration>900</duration>
    <author>Steve Uhlig</author>
    <units>
        <unit type="bandwidth" value="kbps"/>
    </units>
  </info>
  <IntraTM ASID="20965">
    <src id="12">
      <dst id="12">171832.9156</dst>
      <dst id="13">19502.9511</dst>
      <dst id="19">3245.4933</dst>
      <dst id="23">171.3067</dst>
      <dst id="8">1192.3911</dst>
      <dst id="18">611.2444</dst>
      <dst id="4">70179.3778</dst>
      <dst id="1">6058.4889</dst>
      <dst id="5">1015.6089</dst>
      <dst id="3">3956.7200</dst>
      <dst id="22">4273.4756</dst>
      <dst id="7">1490.1244</dst>
      <dst id="2">57978.3378</dst>
      <dst id="6">1.1556</dst>
      <dst id="16">9069.3867</dst>
      <dst id="14">191.7778</dst>
      <dst id="20">1521.2178</dst>
      <dst id="11">6702.4711</dst>
      <dst id="9">1479.8756</dst>
      <dst id="17">62097.5733</dst>
      <dst id="21">1378.1778</dst>
      <dst id="15">498.8089</dst>
    </src>
    <src id="13">
      <dst id="12">34030.1778</dst>
      <dst id="19">4061.8844</dst>
      <dst id="23">15.3244</dst>
      <dst id="8">1069.8400</dst>
      <dst id="18">1762.7911</dst>
      <dst id="1">2401.5822</dst>
      <dst id="5">2883.3067</dst>
      <dst id="3">6084.2844</dst>
      <dst id="22">15321.3778</dst>
      <dst id="7">4866.1333</dst>
      <dst id="2">60468.6311</dst>
      <dst id="6">97.3956</dst>
      <dst id="16">26437.7956</dst>
      <dst id="14">1649.3867</dst>
      <dst id="20">2825.5556</dst>
      <dst id="11">11183.6622</dst>
      <dst id="9">7692.0178</dst>
      <dst id="17">27354.1333</dst>
      <dst id="21">6864.5956</dst>
      <dst id="15">1423.1733</dst>
    </src>
    <src id="19">
      <dst id="12">14510.6933</dst>
      <dst id="13">223.1644</dst>
      <dst id="23">0.6222</dst>
      <dst id="8">331.3422</dst>
      <dst id="18">0.7111</dst>
      <dst id="4">19185.0044</dst>
      <dst id="1">527.9556</dst>
      <dst id="5">3.5022</dst>
      <dst id="3">0.7111</dst>
      <dst id="22">4.1156</dst>
      <dst id="7">2847.8400</dst>
      <dst id="2">79.3067</dst>
      <dst id="6">218.6311</dst>
      <dst id="16">12090.8533</dst>
      <dst id="14">616.9244</dst>
      <dst id="20">1.7422</dst>
      <dst id="11">1963.3511</dst>
      <dst id="9">533.6000</dst>
      <dst id="17">1010.3556</dst>
      <dst id="21">72.4000</dst>
      <dst id="15">2.1333</dst>
    </src>
    <src id="23">
      <dst id="12">341.6178</dst>
      <dst id="13">32.3911</dst>
      <dst id="18">54.3378</dst>
      <dst id="4">25.8133</dst>
      <dst id="1">60.1333</dst>
      <dst id="5">0.5867</dst>
      <dst id="3">152.4978</dst>
      <dst id="22">94.5778</dst>
      <dst id="7">354.2667</dst>
      <dst id="2">0.9778</dst>
      <dst id="16">374.5333</dst>
      <dst id="11">14.1778</dst>
      <dst id="9">395.1200</dst>
      <dst id="17">96.5867</dst>
      <dst id="21">130.4533</dst>
    </src>
    <src id="8">
      <dst id="12">268001.7867</dst>
      <dst id="13">664.3644</dst>
      <dst id="19">13.2000</dst>
      <dst id="18">11.4844</dst>
      <dst id="4">7271.2978</dst>
      <dst id="1">29.5378</dst>
      <dst id="5">990.9156</dst>
      <dst id="3">13.7600</dst>
      <dst id="22">705.6444</dst>
      <dst id="7">0.8178</dst>
      <dst id="2">101314.7911</dst>
      <dst id="16">205.7333</dst>
      <dst id="20">716.9333</dst>
      <dst id="11">650.2844</dst>
      <dst id="9">140.4622</dst>
      <dst id="17">85221.1644</dst>
      <dst id="21">73.2711</dst>
      <dst id="15">50.4889</dst>
    </src>
    <src id="18">
      <dst id="12">98249.8844</dst>
      <dst id="13">136.9778</dst>
      <dst id="19">18.9333</dst>
      <dst id="23">5.8667</dst>
      <dst id="8">0.4622</dst>
      <dst id="4">1324.7022</dst>
      <dst id="1">624.1156</dst>
      <dst id="5">415.1200</dst>
      <dst id="3">40.3022</dst>
      <dst id="22">164.0000</dst>
      <dst id="7">42.6044</dst>
      <dst id="2">25589.4667</dst>
      <dst id="16">10.2400</dst>
      <dst id="14">13.3333</dst>
      <dst id="20">3.4933</dst>
      <dst id="11">98.4800</dst>
      <dst id="9">162.1689</dst>
      <dst id="17">36359.2356</dst>
      <dst id="21">395.8578</dst>
      <dst id="15">2.0800</dst>
    </src>
    <src id="4">
      <dst id="12">10228.7111</dst>
      <dst id="19">15212.9156</dst>
      <dst id="8">1209.0667</dst>
      <dst id="18">1362.4533</dst>
      <dst id="4">1.1467</dst>
      <dst id="1">9179.7244</dst>
      <dst id="5">1317.4933</dst>
      <dst id="3">47.5467</dst>
      <dst id="22">3846.0622</dst>
      <dst id="7">122972.4000</dst>
      <dst id="2">35849.2978</dst>
      <dst id="6">130.2044</dst>
      <dst id="16">650.0000</dst>
      <dst id="14">769.5200</dst>
      <dst id="20">290.2756</dst>
      <dst id="11">1906.2311</dst>
      <dst id="9">3138.0622</dst>
      <dst id="17">56498.8622</dst>
      <dst id="21">3213.7244</dst>
      <dst id="15">1240.3378</dst>
    </src>
    <src id="1">
      <dst id="12">21819.1822</dst>
      <dst id="13">1527.9911</dst>
      <dst id="19">19.4133</dst>
      <dst id="23">53.7689</dst>
      <dst id="8">70321.0400</dst>
      <dst id="18">12213.7689</dst>
      <dst id="4">6365.6711</dst>
      <dst id="1">47559.1378</dst>
      <dst id="5">126353.6978</dst>
      <dst id="3">61.6089</dst>
      <dst id="22">825.6089</dst>
      <dst id="7">930.3556</dst>
      <dst id="2">1915.7956</dst>
      <dst id="6">6181.8400</dst>
      <dst id="16">18763.1911</dst>
      <dst id="14">107.8933</dst>
      <dst id="20">64.4000</dst>
      <dst id="11">120.7556</dst>
      <dst id="9">139312.5600</dst>
      <dst id="17">2653.7244</dst>
      <dst id="21">1604.9689</dst>
      <dst id="15">133.0133</dst>
    </src>
    <src id="5">
      <dst id="12">227370.7644</dst>
      <dst id="13">5082.9689</dst>
      <dst id="19">19.9467</dst>
      <dst id="8">353.1289</dst>
      <dst id="18">113.1911</dst>
      <dst id="4">4414.5511</dst>
      <dst id="1">253.6711</dst>
      <dst id="3">1.0667</dst>
      <dst id="22">1362.4267</dst>
      <dst id="7">151.6711</dst>
      <dst id="2">77407.5733</dst>
      <dst id="6">0.3556</dst>
      <dst id="16">205.6444</dst>
      <dst id="14">2.0444</dst>
      <dst id="20">519.0311</dst>
      <dst id="11">857.0133</dst>
      <dst id="9">2986.5689</dst>
      <dst id="17">88122.7822</dst>
      <dst id="21">96.7911</dst>
      <dst id="15">361.5200</dst>
    </src>
    <src id="3">
      <dst id="12">11691.6800</dst>
      <dst id="13">753.0222</dst>
      <dst id="19">1308.2400</dst>
      <dst id="23">7622.8444</dst>
      <dst id="8">2.5333</dst>
      <dst id="18">50030.3378</dst>
      <dst id="4">18457.7600</dst>
      <dst id="1">23639.5733</dst>
      <dst id="5">259.5822</dst>
      <dst id="3">7132.3556</dst>
      <dst id="22">1687.4489</dst>
      <dst id="7">826.3911</dst>
      <dst id="2">2839.1733</dst>
      <dst id="16">765.0933</dst>
      <dst id="14">20194.4978</dst>
      <dst id="20">24.0089</dst>
      <dst id="11">88476.0000</dst>
      <dst id="9">110.3200</dst>
      <dst id="17">8698.6133</dst>
      <dst id="21">5647.2089</dst>
      <dst id="15">31.5289</dst>
    </src>
    <src id="10">
      <dst id="12">10216.1867</dst>
      <dst id="19">1010.2489</dst>
      <dst id="8">817.4667</dst>
      <dst id="18">920.9422</dst>
      <dst id="1">3089.7422</dst>
      <dst id="5">487.7600</dst>
      <dst id="3">12225.7511</dst>
      <dst id="22">5912.0978</dst>
      <dst id="7">52703.6978</dst>
      <dst id="2">31421.5733</dst>
      <dst id="6">30.3822</dst>
      <dst id="16">665.8133</dst>
      <dst id="14">505.4222</dst>
      <dst id="20">1487.8756</dst>
      <dst id="11">8760.4711</dst>
      <dst id="9">2138.4000</dst>
      <dst id="17">23755.4578</dst>
      <dst id="21">11760.9867</dst>
      <dst id="15">908.4089</dst>
    </src>
    <src id="22">
      <dst id="12">3298.7022</dst>
      <dst id="13">2004.2400</dst>
      <dst id="19">7.2533</dst>
      <dst id="23">7.9644</dst>
      <dst id="8">284.8444</dst>
      <dst id="18">324.6844</dst>
      <dst id="4">15002.5244</dst>
      <dst id="1">184.2667</dst>
      <dst id="5">2453.7333</dst>
      <dst id="3">332.2222</dst>
      <dst id="7">268.0444</dst>
      <dst id="2">2472.6578</dst>
      <dst id="6">0.7111</dst>
      <dst id="16">0.4622</dst>
      <dst id="14">2.1778</dst>
      <dst id="11">1914.5600</dst>
      <dst id="9">2735.8844</dst>
      <dst id="17">1447.6000</dst>
      <dst id="21">1816.9956</dst>
    </src>
    <src id="7">
      <dst id="12">6037.5022</dst>
      <dst id="13">2296.1511</dst>
      <dst id="19">68.2667</dst>
      <dst id="23">77.3867</dst>
      <dst id="8">149.1733</dst>
      <dst id="18">121.5733</dst>
      <dst id="4">13217.2356</dst>
      <dst id="1">815.8400</dst>
      <dst id="5">696.8000</dst>
      <dst id="3">169.8489</dst>
      <dst id="22">2615.1911</dst>
      <dst id="7">819.5200</dst>
      <dst id="2">6829.0133</dst>
      <dst id="6">25.7067</dst>
      <dst id="16">94.4178</dst>
      <dst id="14">42.3822</dst>
      <dst id="20">156.8889</dst>
      <dst id="11">694.0978</dst>
      <dst id="9">165.4133</dst>
      <dst id="17">9993.9467</dst>
      <dst id="21">1045.6622</dst>
      <dst id="15">132.6222</dst>
    </src>
    <src id="2">
      <dst id="12">60816.4444</dst>
      <dst id="13">510551.3067</dst>
      <dst id="19">1790.7556</dst>
      <dst id="23">0.6933</dst>
      <dst id="8">465.9733</dst>
      <dst id="18">37247.1378</dst>
      <dst id="4">59311.8311</dst>
      <dst id="1">10200.4889</dst>
      <dst id="5">1495.7689</dst>
      <dst id="3">45.6267</dst>
      <dst id="22">885.1556</dst>
      <dst id="7">4329.7867</dst>
      <dst id="2">341.3956</dst>
      <dst id="6">7841.0311</dst>
      <dst id="16">7126.4622</dst>
      <dst id="14">5297.4933</dst>
      <dst id="20">328.8622</dst>
      <dst id="11">2126.6578</dst>
      <dst id="9">825.8400</dst>
      <dst id="17">12358.6044</dst>
      <dst id="21">13981.3867</dst>
      <dst id="15">736.1778</dst>
    </src>
    <src id="6">
      <dst id="12">8673.8756</dst>
      <dst id="13">1.9111</dst>
      <dst id="19">7.7511</dst>
      <dst id="4">1018.9244</dst>
      <dst id="1">0.4978</dst>
      <dst id="3">2.7911</dst>
      <dst id="7">2.0178</dst>
      <dst id="2">1695.6444</dst>
      <dst id="11">0.9244</dst>
      <dst id="9">1.5644</dst>
      <dst id="17">1248.7200</dst>
      <dst id="21">0.5778</dst>
    </src>
    <src id="16">
      <dst id="12">2605.7689</dst>
      <dst id="13">86.6578</dst>
      <dst id="19">4434.5778</dst>
      <dst id="23">12.2667</dst>
      <dst id="8">2540.5689</dst>
      <dst id="18">3.1467</dst>
      <dst id="4">4715.8489</dst>
      <dst id="1">21698.4267</dst>
      <dst id="5">1855.8400</dst>
      <dst id="3">4.0089</dst>
      <dst id="7">1862.8622</dst>
      <dst id="2">350.5600</dst>
      <dst id="6">0.4267</dst>
      <dst id="16">18.3289</dst>
      <dst id="14">0.9778</dst>
      <dst id="11">127.7778</dst>
      <dst id="9">3465.1822</dst>
      <dst id="17">386.8089</dst>
      <dst id="21">1981.2000</dst>
    </src>
    <src id="14">
      <dst id="12">17012.7200</dst>
      <dst id="13">23.5378</dst>
      <dst id="19">9.5644</dst>
      <dst id="4">2045.4133</dst>
      <dst id="1">37.1200</dst>
      <dst id="5">1.4222</dst>
      <dst id="3">43.7244</dst>
      <dst id="22">7.5111</dst>
      <dst id="7">62.0089</dst>
      <dst id="2">3826.7378</dst>
      <dst id="20">6.1600</dst>
      <dst id="11">25.7244</dst>
      <dst id="9">13.3333</dst>
      <dst id="17">3986.5067</dst>
      <dst id="21">58.7378</dst>
    </src>
    <src id="20">
      <dst id="12">370.3556</dst>
      <dst id="13">535.1556</dst>
      <dst id="19">16.0800</dst>
      <dst id="8">1362.9067</dst>
      <dst id="18">14.0889</dst>
      <dst id="4">11092.6667</dst>
      <dst id="1">51.5733</dst>
      <dst id="5">301.3244</dst>
      <dst id="3">37.6089</dst>
      <dst id="7">169.1111</dst>
      <dst id="2">459.7422</dst>
      <dst id="14">3.5911</dst>
      <dst id="11">106.1511</dst>
      <dst id="9">3128.1867</dst>
      <dst id="17">561.6444</dst>
      <dst id="21">205.7333</dst>
    </src>
    <src id="11">
      <dst id="12">318946.8089</dst>
      <dst id="13">808.7200</dst>
      <dst id="19">82.8444</dst>
      <dst id="23">0.9867</dst>
      <dst id="8">649.4133</dst>
      <dst id="18">268.0000</dst>
      <dst id="4">9627.9467</dst>
      <dst id="1">462.4444</dst>
      <dst id="5">507.2800</dst>
      <dst id="3">204.4267</dst>
      <dst id="22">1198.4000</dst>
      <dst id="7">181.3156</dst>
      <dst id="2">102996.3644</dst>
      <dst id="6">3.6533</dst>
      <dst id="16">72.5244</dst>
      <dst id="14">35.6800</dst>
      <dst id="20">128.5778</dst>
      <dst id="11">507.9556</dst>
      <dst id="9">740.8889</dst>
      <dst id="17">98408.4444</dst>
      <dst id="21">507.1644</dst>
      <dst id="15">968.5156</dst>
    </src>
    <src id="9">
      <dst id="12">364688.8889</dst>
      <dst id="13">6301.5022</dst>
      <dst id="19">27.5467</dst>
      <dst id="23">15.5022</dst>
      <dst id="8">108.1956</dst>
      <dst id="18">177.5822</dst>
      <dst id="4">11792.4178</dst>
      <dst id="1">808.2400</dst>
      <dst id="5">1087.6711</dst>
      <dst id="3">31.7956</dst>
      <dst id="22">1554.1333</dst>
      <dst id="7">243.6711</dst>
      <dst id="2">112619.3867</dst>
      <dst id="6">0.3378</dst>
      <dst id="16">1211.4489</dst>
      <dst id="14">2.1867</dst>
      <dst id="20">1099.0489</dst>
      <dst id="11">402.2222</dst>
      <dst id="9">33.2533</dst>
      <dst id="17">150472.6133</dst>
      <dst id="21">435.5822</dst>
      <dst id="15">516.0356</dst>
    </src>
    <src id="17">
      <dst id="12">1708.9333</dst>
      <dst id="13">552.8978</dst>
      <dst id="19">244.9333</dst>
      <dst id="23">42.0800</dst>
      <dst id="8">100753.0311</dst>
      <dst id="18">111.8933</dst>
      <dst id="4">43094.3289</dst>
      <dst id="1">1968.4622</dst>
      <dst id="5">123348.8267</dst>
      <dst id="3">2914.7111</dst>
      <dst id="22">3875.1644</dst>
      <dst id="7">1564.5867</dst>
      <dst id="2">13351.2356</dst>
      <dst id="6">2.5156</dst>
      <dst id="16">3149.6711</dst>
      <dst id="14">12232.5333</dst>
      <dst id="20">433.6889</dst>
      <dst id="11">67651.2356</dst>
      <dst id="9">103474.1333</dst>
      <dst id="17">2294.5511</dst>
      <dst id="21">4303.1111</dst>
      <dst id="15">159.2889</dst>
    </src>
    <src id="21">
      <dst id="12">17445.5644</dst>
      <dst id="13">451.7156</dst>
      <dst id="19">71.8756</dst>
      <dst id="23">1.2800</dst>
      <dst id="8">67.4489</dst>
      <dst id="18">1748.0178</dst>
      <dst id="4">15852.9778</dst>
      <dst id="1">908.4444</dst>
      <dst id="5">312.1956</dst>
      <dst id="3">800.5333</dst>
      <dst id="22">716.9689</dst>
      <dst id="7">2729.4578</dst>
      <dst id="2">6097.3067</dst>
      <dst id="16">130.1778</dst>
      <dst id="14">66.8711</dst>
      <dst id="20">183.9289</dst>
      <dst id="11">442.4267</dst>
      <dst id="9">330.1956</dst>
      <dst id="17">2378.9867</dst>
      <dst id="21">733.2533</dst>
      <dst id="15">2.3467</dst>
    </src>
    <src id="15">
      <dst id="12">2373.7600</dst>
      <dst id="13">130.5067</dst>
      <dst id="19">7.6800</dst>
      <dst id="23">1.2089</dst>
      <dst id="8">10.2400</dst>
      <dst id="18">37.4400</dst>
      <dst id="4">2452.7822</dst>
      <dst id="1">523.8667</dst>
      <dst id="5">53.1733</dst>
      <dst id="3">7.1289</dst>
      <dst id="7">37.7867</dst>
      <dst id="2">178.0800</dst>
      <dst id="11">79.7956</dst>
      <dst id="9">242.1156</dst>
      <dst id="17">9237.4133</dst>
      <dst id="21">54.3289</dst>
    </src>
  </IntraTM>
</TrafficMatrixFile>
