<?xml version="1.0" encoding="UTF-8" standalone="yes"?>
<TrafficMatrixFile xmlns:xsi="http://www.w3.org/2001/XMLSchema-instance" xsi:noNamespaceSchemaLocation="http://totem.run.montefiore.ulg.ac.be/Schema/TrafficMatrix-v1_2.xsd">
  <info>
    <title>Intradomain traffic matrix generated by geant-TM-all.pl</title>
    <date>2005-01-02T23:30:00</date>
    <duration>900</duration>
    <author>Steve Uhlig</author>
    <units>
        <unit type="bandwidth" value="kbps"/>
    </units>
  </info>
  <IntraTM ASID="20965">
    <src id="12">
      <dst id="12">292890.5511</dst>
      <dst id="13">25735.6267</dst>
      <dst id="19">9108.6222</dst>
      <dst id="23">1315.8489</dst>
      <dst id="8">4678.0711</dst>
      <dst id="18">5624.4178</dst>
      <dst id="4">89750.2667</dst>
      <dst id="1">11775.6356</dst>
      <dst id="5">4992.1600</dst>
      <dst id="3">16725.7244</dst>
      <dst id="22">19750.3378</dst>
      <dst id="7">12027.5733</dst>
      <dst id="2">100562.3467</dst>
      <dst id="6">18.3911</dst>
      <dst id="16">7988.4800</dst>
      <dst id="14">563.1378</dst>
      <dst id="20">17136.3289</dst>
      <dst id="11">6726.7556</dst>
      <dst id="9">17672.3644</dst>
      <dst id="17">127925.8133</dst>
      <dst id="21">32977.8933</dst>
      <dst id="15">9265.7422</dst>
    </src>
    <src id="13">
      <dst id="12">81909.8133</dst>
      <dst id="19">27713.5200</dst>
      <dst id="23">402.5689</dst>
      <dst id="8">4317.0667</dst>
      <dst id="18">11288.1511</dst>
      <dst id="4">0.7111</dst>
      <dst id="1">9497.4667</dst>
      <dst id="5">8347.5200</dst>
      <dst id="3">22059.2178</dst>
      <dst id="22">34818.4267</dst>
      <dst id="7">25233.2533</dst>
      <dst id="2">123149.5200</dst>
      <dst id="6">255.8489</dst>
      <dst id="16">13881.1733</dst>
      <dst id="14">1824.8800</dst>
      <dst id="20">25180.8089</dst>
      <dst id="11">30061.2178</dst>
      <dst id="9">25583.0489</dst>
      <dst id="17">88955.5289</dst>
      <dst id="21">33784.5156</dst>
      <dst id="15">9090.1956</dst>
    </src>
    <src id="19">
      <dst id="12">16755.4667</dst>
      <dst id="13">945.9022</dst>
      <dst id="23">283.5022</dst>
      <dst id="8">18.0711</dst>
      <dst id="18">41.5111</dst>
      <dst id="4">20206.1422</dst>
      <dst id="1">3788.4267</dst>
      <dst id="5">80.5956</dst>
      <dst id="3">79.9289</dst>
      <dst id="22">124.4978</dst>
      <dst id="7">7191.7689</dst>
      <dst id="2">4432.9867</dst>
      <dst id="6">103.6356</dst>
      <dst id="16">6852.3467</dst>
      <dst id="14">0.9600</dst>
      <dst id="20">287.3244</dst>
      <dst id="11">107.3778</dst>
      <dst id="9">94.4267</dst>
      <dst id="17">5384.8711</dst>
      <dst id="21">3872.8889</dst>
      <dst id="15">8.1067</dst>
    </src>
    <src id="23">
      <dst id="12">1053.6711</dst>
      <dst id="13">521.7778</dst>
      <dst id="19">126.1333</dst>
      <dst id="8">106.6044</dst>
      <dst id="18">82.4444</dst>
      <dst id="4">19.7600</dst>
      <dst id="1">150.7644</dst>
      <dst id="5">723.0222</dst>
      <dst id="3">715.3067</dst>
      <dst id="22">1710.4711</dst>
      <dst id="7">951.4222</dst>
      <dst id="2">423.1289</dst>
      <dst id="6">12.6222</dst>
      <dst id="16">571.4400</dst>
      <dst id="14">13.6889</dst>
      <dst id="20">170.1156</dst>
      <dst id="11">2099.0933</dst>
      <dst id="9">222.8178</dst>
      <dst id="17">707.8044</dst>
      <dst id="21">826.1778</dst>
      <dst id="15">67.0222</dst>
    </src>
    <src id="8">
      <dst id="12">378369.1378</dst>
      <dst id="13">333.2356</dst>
      <dst id="19">80.8978</dst>
      <dst id="23">326.6844</dst>
      <dst id="18">168.1689</dst>
      <dst id="4">6125.4222</dst>
      <dst id="1">249.2356</dst>
      <dst id="5">1842.5689</dst>
      <dst id="3">947.9289</dst>
      <dst id="22">4338.0444</dst>
      <dst id="7">64.8800</dst>
      <dst id="2">161337.1911</dst>
      <dst id="16">423.6356</dst>
      <dst id="14">0.6933</dst>
      <dst id="20">7783.1022</dst>
      <dst id="11">844.1778</dst>
      <dst id="9">1539.2533</dst>
      <dst id="17">126393.2356</dst>
      <dst id="21">826.9067</dst>
      <dst id="15">114.5867</dst>
    </src>
    <src id="18">
      <dst id="12">133634.1244</dst>
      <dst id="13">505.7333</dst>
      <dst id="19">42.3289</dst>
      <dst id="23">9.1378</dst>
      <dst id="8">1555.7956</dst>
      <dst id="4">2942.0356</dst>
      <dst id="1">1965.4222</dst>
      <dst id="5">471.8133</dst>
      <dst id="3">272.0800</dst>
      <dst id="22">448.6578</dst>
      <dst id="7">336.7200</dst>
      <dst id="2">49843.0933</dst>
      <dst id="16">58.2044</dst>
      <dst id="14">0.4622</dst>
      <dst id="20">50.2578</dst>
      <dst id="11">504.8711</dst>
      <dst id="9">881.9733</dst>
      <dst id="17">45993.5200</dst>
      <dst id="21">2449.9467</dst>
      <dst id="15">2.3467</dst>
    </src>
    <src id="4">
      <dst id="12">51431.9378</dst>
      <dst id="19">7333.6622</dst>
      <dst id="8">3220.3111</dst>
      <dst id="18">3509.6178</dst>
      <dst id="4">1.3867</dst>
      <dst id="1">35027.7422</dst>
      <dst id="5">1939.4933</dst>
      <dst id="3">3238.6756</dst>
      <dst id="22">9382.6133</dst>
      <dst id="7">130366.6222</dst>
      <dst id="2">93762.0622</dst>
      <dst id="6">102.7556</dst>
      <dst id="16">4848.7289</dst>
      <dst id="14">1300.9956</dst>
      <dst id="20">1850.9422</dst>
      <dst id="11">9592.7822</dst>
      <dst id="9">5864.6222</dst>
      <dst id="17">119799.5733</dst>
      <dst id="21">10405.4844</dst>
      <dst id="15">635.9289</dst>
    </src>
    <src id="1">
      <dst id="12">31470.2400</dst>
      <dst id="13">9005.4756</dst>
      <dst id="19">1234.1600</dst>
      <dst id="23">186.8267</dst>
      <dst id="8">208944.4356</dst>
      <dst id="18">15773.6622</dst>
      <dst id="4">18407.2000</dst>
      <dst id="1">115671.7956</dst>
      <dst id="5">259041.6711</dst>
      <dst id="3">6384.5067</dst>
      <dst id="22">5169.7244</dst>
      <dst id="7">4584.4889</dst>
      <dst id="2">63620.6044</dst>
      <dst id="6">20156.5867</dst>
      <dst id="16">9519.1644</dst>
      <dst id="14">450.8000</dst>
      <dst id="20">880.9956</dst>
      <dst id="11">5569.6444</dst>
      <dst id="9">336584.0356</dst>
      <dst id="17">16446.2578</dst>
      <dst id="21">6373.0489</dst>
      <dst id="15">214.0800</dst>
    </src>
    <src id="5">
      <dst id="12">297703.3156</dst>
      <dst id="13">1729.9911</dst>
      <dst id="19">47.1733</dst>
      <dst id="23">42.8800</dst>
      <dst id="8">2514.8978</dst>
      <dst id="18">6389.2978</dst>
      <dst id="4">9075.1556</dst>
      <dst id="1">699.8844</dst>
      <dst id="3">168.0178</dst>
      <dst id="22">5009.6356</dst>
      <dst id="7">256.4533</dst>
      <dst id="2">122177.3867</dst>
      <dst id="6">36.3378</dst>
      <dst id="16">943.9556</dst>
      <dst id="14">1.5467</dst>
      <dst id="20">3533.2978</dst>
      <dst id="11">2624.9333</dst>
      <dst id="9">2455.4489</dst>
      <dst id="17">116681.8844</dst>
      <dst id="21">480.4356</dst>
      <dst id="15">394.8889</dst>
    </src>
    <src id="3">
      <dst id="12">14335.9289</dst>
      <dst id="13">2332.8711</dst>
      <dst id="19">4106.4800</dst>
      <dst id="23">237.5200</dst>
      <dst id="8">951.6889</dst>
      <dst id="18">229131.9822</dst>
      <dst id="4">76441.6089</dst>
      <dst id="1">11693.5378</dst>
      <dst id="5">591.9289</dst>
      <dst id="3">16859.3067</dst>
      <dst id="22">1561.7156</dst>
      <dst id="7">3718.8178</dst>
      <dst id="2">13668.9067</dst>
      <dst id="6">12.1600</dst>
      <dst id="16">6140.1867</dst>
      <dst id="14">44707.3333</dst>
      <dst id="20">5637.0844</dst>
      <dst id="11">239607.4222</dst>
      <dst id="9">1100.6044</dst>
      <dst id="17">30135.8667</dst>
      <dst id="21">10179.8933</dst>
      <dst id="15">38.1600</dst>
    </src>
    <src id="10">
      <dst id="12">25481.2889</dst>
      <dst id="19">2060.3111</dst>
      <dst id="8">2777.2889</dst>
      <dst id="18">4302.7822</dst>
      <dst id="1">6219.6978</dst>
      <dst id="5">829.2267</dst>
      <dst id="3">22021.6089</dst>
      <dst id="22">11548.3111</dst>
      <dst id="7">94397.5556</dst>
      <dst id="2">43782.7556</dst>
      <dst id="6">101.6533</dst>
      <dst id="16">2267.4222</dst>
      <dst id="14">1764.1067</dst>
      <dst id="20">2587.7422</dst>
      <dst id="11">15663.5733</dst>
      <dst id="9">3517.5644</dst>
      <dst id="17">15803.9289</dst>
      <dst id="21">14742.0711</dst>
      <dst id="15">3250.0622</dst>
    </src>
    <src id="22">
      <dst id="12">8669.3422</dst>
      <dst id="13">6001.5644</dst>
      <dst id="19">276.4444</dst>
      <dst id="23">71.5200</dst>
      <dst id="8">1163.5111</dst>
      <dst id="18">6956.7644</dst>
      <dst id="4">18794.1156</dst>
      <dst id="1">1448.3556</dst>
      <dst id="5">4884.8444</dst>
      <dst id="3">3479.1022</dst>
      <dst id="7">4057.4311</dst>
      <dst id="2">8758.2933</dst>
      <dst id="6">0.9778</dst>
      <dst id="16">2.1333</dst>
      <dst id="14">60.0889</dst>
      <dst id="11">3977.6622</dst>
      <dst id="9">3452.6044</dst>
      <dst id="17">10509.6800</dst>
      <dst id="21">1166.8089</dst>
    </src>
    <src id="7">
      <dst id="12">8389.7422</dst>
      <dst id="13">6010.2933</dst>
      <dst id="19">3534.4267</dst>
      <dst id="23">809.9822</dst>
      <dst id="8">663.7600</dst>
      <dst id="18">1785.3778</dst>
      <dst id="4">73737.5911</dst>
      <dst id="1">32310.8444</dst>
      <dst id="5">1033.0844</dst>
      <dst id="3">1884.6667</dst>
      <dst id="22">3843.1200</dst>
      <dst id="7">1025.5289</dst>
      <dst id="2">14579.7422</dst>
      <dst id="6">227.6800</dst>
      <dst id="16">1264.5956</dst>
      <dst id="14">170.2844</dst>
      <dst id="20">4277.5822</dst>
      <dst id="11">4960.9778</dst>
      <dst id="9">1714.9778</dst>
      <dst id="17">20708.0356</dst>
      <dst id="21">12918.4178</dst>
      <dst id="15">831.2978</dst>
    </src>
    <src id="2">
      <dst id="12">162488.4444</dst>
      <dst id="13">181584.8356</dst>
      <dst id="19">2407.1289</dst>
      <dst id="23">86.8711</dst>
      <dst id="8">1257.6800</dst>
      <dst id="18">166826.5244</dst>
      <dst id="4">107220.7378</dst>
      <dst id="1">9655.5289</dst>
      <dst id="5">2971.9556</dst>
      <dst id="3">571.9911</dst>
      <dst id="22">10443.4489</dst>
      <dst id="7">6658.0000</dst>
      <dst id="2">1170.0356</dst>
      <dst id="6">10927.3511</dst>
      <dst id="16">3338.4000</dst>
      <dst id="14">5669.7333</dst>
      <dst id="20">1628.7378</dst>
      <dst id="11">8443.3067</dst>
      <dst id="9">2842.9956</dst>
      <dst id="17">37052.2222</dst>
      <dst id="21">16560.8000</dst>
      <dst id="15">403.1911</dst>
    </src>
    <src id="6">
      <dst id="12">11665.3156</dst>
      <dst id="13">35.5200</dst>
      <dst id="19">4.7644</dst>
      <dst id="23">0.7733</dst>
      <dst id="18">22.9333</dst>
      <dst id="4">126.1244</dst>
      <dst id="1">187.7956</dst>
      <dst id="5">13.8667</dst>
      <dst id="22">24.3556</dst>
      <dst id="7">68.4622</dst>
      <dst id="2">3462.4356</dst>
      <dst id="16">12.1422</dst>
      <dst id="20">0.3556</dst>
      <dst id="11">117.2089</dst>
      <dst id="9">18.4622</dst>
      <dst id="17">2822.5778</dst>
      <dst id="21">24.2222</dst>
    </src>
    <src id="16">
      <dst id="12">3096.6400</dst>
      <dst id="13">1004.6933</dst>
      <dst id="19">3359.0933</dst>
      <dst id="23">21.1467</dst>
      <dst id="8">3699.5556</dst>
      <dst id="18">110.6311</dst>
      <dst id="4">8311.3156</dst>
      <dst id="1">24562.1244</dst>
      <dst id="5">4153.8489</dst>
      <dst id="3">103.6089</dst>
      <dst id="7">5452.7467</dst>
      <dst id="2">2778.6844</dst>
      <dst id="6">44.4000</dst>
      <dst id="16">45.8133</dst>
      <dst id="14">243.2978</dst>
      <dst id="11">244.0711</dst>
      <dst id="9">9213.1022</dst>
      <dst id="17">7824.5333</dst>
      <dst id="21">701.4844</dst>
    </src>
    <src id="14">
      <dst id="12">18730.5956</dst>
      <dst id="13">24.4444</dst>
      <dst id="19">34.8267</dst>
      <dst id="23">14.1511</dst>
      <dst id="18">9.4844</dst>
      <dst id="4">2668.9244</dst>
      <dst id="1">76.0622</dst>
      <dst id="5">30.6933</dst>
      <dst id="3">123.5378</dst>
      <dst id="22">192.8356</dst>
      <dst id="7">169.4489</dst>
      <dst id="2">6813.8222</dst>
      <dst id="16">102.3111</dst>
      <dst id="20">28.0089</dst>
      <dst id="11">136.2311</dst>
      <dst id="9">42.6667</dst>
      <dst id="17">8543.7333</dst>
      <dst id="21">86.8356</dst>
      <dst id="15">0.8889</dst>
    </src>
    <src id="20">
      <dst id="12">17544.8800</dst>
      <dst id="13">8062.0533</dst>
      <dst id="19">57.6800</dst>
      <dst id="23">4253.5289</dst>
      <dst id="8">1747.7778</dst>
      <dst id="18">76.7644</dst>
      <dst id="4">8193.5022</dst>
      <dst id="1">1082.2222</dst>
      <dst id="5">3767.7422</dst>
      <dst id="3">1654.4444</dst>
      <dst id="7">1456.6756</dst>
      <dst id="2">4008.9956</dst>
      <dst id="6">13.1556</dst>
      <dst id="16">3.4133</dst>
      <dst id="14">13.7600</dst>
      <dst id="11">3400.7644</dst>
      <dst id="9">4639.4400</dst>
      <dst id="17">2540.0444</dst>
      <dst id="21">1696.7822</dst>
    </src>
    <src id="11">
      <dst id="12">437182.0178</dst>
      <dst id="13">3142.4533</dst>
      <dst id="19">105.2622</dst>
      <dst id="23">103.7156</dst>
      <dst id="8">1501.8400</dst>
      <dst id="18">1256.1867</dst>
      <dst id="4">12712.3467</dst>
      <dst id="1">696.1511</dst>
      <dst id="5">1356.3911</dst>
      <dst id="3">1065.5822</dst>
      <dst id="22">4563.1822</dst>
      <dst id="7">2012.7289</dst>
      <dst id="2">178617.0756</dst>
      <dst id="6">3.6978</dst>
      <dst id="16">410.3733</dst>
      <dst id="14">70.6400</dst>
      <dst id="20">519.2444</dst>
      <dst id="11">3885.9200</dst>
      <dst id="9">2353.6000</dst>
      <dst id="17">156267.5378</dst>
      <dst id="21">3779.7156</dst>
      <dst id="15">450.5067</dst>
    </src>
    <src id="9">
      <dst id="12">445835.4844</dst>
      <dst id="13">3349.3067</dst>
      <dst id="19">45.0578</dst>
      <dst id="23">21.0311</dst>
      <dst id="8">2076.7200</dst>
      <dst id="18">502.4178</dst>
      <dst id="4">9832.4978</dst>
      <dst id="1">3627.7778</dst>
      <dst id="5">1768.0622</dst>
      <dst id="3">68.5689</dst>
      <dst id="22">6005.1911</dst>
      <dst id="7">1625.9911</dst>
      <dst id="2">164592.9956</dst>
      <dst id="6">4.7822</dst>
      <dst id="16">875.1289</dst>
      <dst id="14">23.6267</dst>
      <dst id="20">11616.5156</dst>
      <dst id="11">2532.7200</dst>
      <dst id="9">775.3244</dst>
      <dst id="17">190175.0489</dst>
      <dst id="21">1306.8711</dst>
      <dst id="15">10934.9600</dst>
    </src>
    <src id="17">
      <dst id="12">14363.0578</dst>
      <dst id="13">8477.0844</dst>
      <dst id="19">1712.0889</dst>
      <dst id="23">786.8800</dst>
      <dst id="8">224248.9333</dst>
      <dst id="18">1944.5333</dst>
      <dst id="4">63229.3600</dst>
      <dst id="1">5474.1956</dst>
      <dst id="5">249629.4133</dst>
      <dst id="3">22456.2311</dst>
      <dst id="22">15617.1289</dst>
      <dst id="7">35183.0311</dst>
      <dst id="2">100393.4489</dst>
      <dst id="6">74.5067</dst>
      <dst id="16">9310.9156</dst>
      <dst id="14">33977.8933</dst>
      <dst id="20">6661.6889</dst>
      <dst id="11">193265.8044</dst>
      <dst id="9">262950.5511</dst>
      <dst id="17">1589.6000</dst>
      <dst id="21">20776.0533</dst>
      <dst id="15">891.1022</dst>
    </src>
    <src id="21">
      <dst id="12">23374.3644</dst>
      <dst id="13">10389.8756</dst>
      <dst id="19">2511.9644</dst>
      <dst id="23">241.7333</dst>
      <dst id="8">143.6178</dst>
      <dst id="18">1797.8489</dst>
      <dst id="4">26266.4711</dst>
      <dst id="1">7568.6311</dst>
      <dst id="5">572.8622</dst>
      <dst id="3">4120.4622</dst>
      <dst id="22">4332.6311</dst>
      <dst id="7">4718.0444</dst>
      <dst id="2">26209.3867</dst>
      <dst id="6">9.4756</dst>
      <dst id="16">408.7556</dst>
      <dst id="14">148.3111</dst>
      <dst id="20">254.7467</dst>
      <dst id="11">1197.8400</dst>
      <dst id="9">1435.4933</dst>
      <dst id="17">6822.5600</dst>
      <dst id="21">4144.9778</dst>
      <dst id="15">738.4978</dst>
    </src>
    <src id="15">
      <dst id="12">3443.5289</dst>
      <dst id="13">2991.3422</dst>
      <dst id="19">13.3333</dst>
      <dst id="23">3.6711</dst>
      <dst id="8">121.2000</dst>
      <dst id="18">15.4667</dst>
      <dst id="4">1982.2756</dst>
      <dst id="1">778.4000</dst>
      <dst id="5">1109.5556</dst>
      <dst id="3">33.9822</dst>
      <dst id="7">998.9422</dst>
      <dst id="2">320.3733</dst>
      <dst id="11">360.5333</dst>
      <dst id="9">741.4489</dst>
      <dst id="17">659.7778</dst>
      <dst id="21">355.0667</dst>
    </src>
  </IntraTM>
</TrafficMatrixFile>
