<?xml version="1.0" encoding="UTF-8" standalone="yes"?>
<TrafficMatrixFile xmlns:xsi="http://www.w3.org/2001/XMLSchema-instance" xsi:noNamespaceSchemaLocation="http://totem.run.montefiore.ulg.ac.be/Schema/TrafficMatrix-v1_2.xsd">
  <info>
    <title>Intradomain traffic matrix generated by geant-TM-all.pl</title>
    <date>2005-01-03T05:45:00</date>
    <duration>900</duration>
    <author>Steve Uhlig</author>
    <units>
        <unit type="bandwidth" value="kbps"/>
    </units>
  </info>
  <IntraTM ASID="20965">
    <src id="12">
      <dst id="12">232156.7822</dst>
      <dst id="13">26910.7911</dst>
      <dst id="19">4607.1644</dst>
      <dst id="23">14679.4222</dst>
      <dst id="8">3066.9422</dst>
      <dst id="18">8741.3600</dst>
      <dst id="4">108438.6844</dst>
      <dst id="1">6567.3156</dst>
      <dst id="5">7658.8356</dst>
      <dst id="3">1534.5067</dst>
      <dst id="22">12602.0711</dst>
      <dst id="7">1612.2844</dst>
      <dst id="2">79890.9867</dst>
      <dst id="6">6.9778</dst>
      <dst id="16">10002.5244</dst>
      <dst id="14">171.9467</dst>
      <dst id="20">2882.6133</dst>
      <dst id="11">8552.5778</dst>
      <dst id="9">6477.0844</dst>
      <dst id="17">77531.7156</dst>
      <dst id="21">7888.4267</dst>
      <dst id="15">1823.4489</dst>
    </src>
    <src id="13">
      <dst id="12">64246.2578</dst>
      <dst id="19">29233.6089</dst>
      <dst id="23">47.0578</dst>
      <dst id="8">12295.6800</dst>
      <dst id="18">3811.0667</dst>
      <dst id="1">4556.7733</dst>
      <dst id="5">6104.0178</dst>
      <dst id="3">5761.2978</dst>
      <dst id="22">22131.8489</dst>
      <dst id="7">8667.8933</dst>
      <dst id="2">134814.1511</dst>
      <dst id="6">104.6311</dst>
      <dst id="16">8202.2044</dst>
      <dst id="14">4322.8622</dst>
      <dst id="20">14395.0222</dst>
      <dst id="11">17888.0800</dst>
      <dst id="9">26745.8756</dst>
      <dst id="17">242227.5022</dst>
      <dst id="21">23182.4533</dst>
      <dst id="15">10225.4756</dst>
    </src>
    <src id="19">
      <dst id="12">11648.5778</dst>
      <dst id="13">650.0711</dst>
      <dst id="23">2.9867</dst>
      <dst id="8">26.3111</dst>
      <dst id="18">36.9689</dst>
      <dst id="4">23014.5867</dst>
      <dst id="1">353.6889</dst>
      <dst id="5">29.1022</dst>
      <dst id="22">60.4444</dst>
      <dst id="7">2834.6044</dst>
      <dst id="2">194.6667</dst>
      <dst id="6">27.3244</dst>
      <dst id="16">5922.3733</dst>
      <dst id="14">2.4889</dst>
      <dst id="20">23.6267</dst>
      <dst id="11">33.1111</dst>
      <dst id="9">106.8800</dst>
      <dst id="17">8927.3956</dst>
      <dst id="21">243.2978</dst>
    </src>
    <src id="23">
      <dst id="12">662.3111</dst>
      <dst id="13">202.6311</dst>
      <dst id="19">120.0000</dst>
      <dst id="8">21.2444</dst>
      <dst id="18">12.9600</dst>
      <dst id="4">39.9911</dst>
      <dst id="1">68.3556</dst>
      <dst id="5">2.8444</dst>
      <dst id="3">217.0933</dst>
      <dst id="22">186.0711</dst>
      <dst id="7">249.4933</dst>
      <dst id="2">163.0578</dst>
      <dst id="6">0.4622</dst>
      <dst id="16">5.1289</dst>
      <dst id="14">1.0667</dst>
      <dst id="20">0.7111</dst>
      <dst id="11">31.8933</dst>
      <dst id="9">322.7733</dst>
      <dst id="17">996.1600</dst>
      <dst id="21">594.3733</dst>
      <dst id="15">0.3378</dst>
    </src>
    <src id="8">
      <dst id="12">367492.0800</dst>
      <dst id="13">2873.2444</dst>
      <dst id="19">76.4444</dst>
      <dst id="23">1458.2311</dst>
      <dst id="18">183.3778</dst>
      <dst id="4">7394.3289</dst>
      <dst id="1">14756.9600</dst>
      <dst id="5">8910.0089</dst>
      <dst id="3">179.4311</dst>
      <dst id="22">4901.8044</dst>
      <dst id="7">10.8800</dst>
      <dst id="2">142617.6089</dst>
      <dst id="6">0.3556</dst>
      <dst id="16">725.2533</dst>
      <dst id="20">7214.1511</dst>
      <dst id="11">845.1111</dst>
      <dst id="9">5336.1422</dst>
      <dst id="17">128621.6444</dst>
      <dst id="21">10115.2267</dst>
      <dst id="15">9226.4178</dst>
    </src>
    <src id="18">
      <dst id="12">119691.0222</dst>
      <dst id="13">101.3067</dst>
      <dst id="19">26.2578</dst>
      <dst id="23">0.8622</dst>
      <dst id="8">2.8089</dst>
      <dst id="4">1769.9289</dst>
      <dst id="1">721.1378</dst>
      <dst id="5">685.6622</dst>
      <dst id="3">50.2578</dst>
      <dst id="22">258.0889</dst>
      <dst id="7">96.2578</dst>
      <dst id="2">46679.9467</dst>
      <dst id="16">1169.7511</dst>
      <dst id="14">81.5289</dst>
      <dst id="20">1.9911</dst>
      <dst id="11">763.0578</dst>
      <dst id="9">297.7511</dst>
      <dst id="17">37321.8489</dst>
      <dst id="21">1185.0667</dst>
      <dst id="15">28.7022</dst>
    </src>
    <src id="4">
      <dst id="12">24726.0978</dst>
      <dst id="19">7138.0000</dst>
      <dst id="23">1.4133</dst>
      <dst id="8">1485.3156</dst>
      <dst id="18">2326.5689</dst>
      <dst id="4">1.8222</dst>
      <dst id="1">100709.1822</dst>
      <dst id="5">1960.0356</dst>
      <dst id="3">2350.9067</dst>
      <dst id="22">4820.1778</dst>
      <dst id="7">133586.0356</dst>
      <dst id="2">117986.3022</dst>
      <dst id="6">1.8578</dst>
      <dst id="16">3715.7689</dst>
      <dst id="14">1091.6800</dst>
      <dst id="20">945.0578</dst>
      <dst id="11">3840.5956</dst>
      <dst id="9">2373.5467</dst>
      <dst id="17">54683.6889</dst>
      <dst id="21">10165.4311</dst>
      <dst id="15">328.2400</dst>
    </src>
    <src id="1">
      <dst id="12">17906.7111</dst>
      <dst id="13">1694.2044</dst>
      <dst id="19">24.4622</dst>
      <dst id="23">33.7778</dst>
      <dst id="8">135938.8622</dst>
      <dst id="18">12081.2889</dst>
      <dst id="4">19642.7556</dst>
      <dst id="1">61800.6133</dst>
      <dst id="5">220062.7556</dst>
      <dst id="3">78.1867</dst>
      <dst id="22">5133.0400</dst>
      <dst id="7">1881.9378</dst>
      <dst id="2">16338.3556</dst>
      <dst id="6">8344.1867</dst>
      <dst id="16">12052.0533</dst>
      <dst id="14">58.1067</dst>
      <dst id="20">43.6711</dst>
      <dst id="11">260.2044</dst>
      <dst id="9">202082.8178</dst>
      <dst id="17">5231.8311</dst>
      <dst id="21">3242.6489</dst>
      <dst id="15">147.3956</dst>
    </src>
    <src id="5">
      <dst id="12">290149.8311</dst>
      <dst id="13">3157.2622</dst>
      <dst id="19">37.1378</dst>
      <dst id="23">110.6400</dst>
      <dst id="8">1090.6489</dst>
      <dst id="18">405.3511</dst>
      <dst id="4">8605.7689</dst>
      <dst id="1">513.4400</dst>
      <dst id="3">13.2356</dst>
      <dst id="22">6108.8711</dst>
      <dst id="7">308.7644</dst>
      <dst id="2">134851.8222</dst>
      <dst id="6">1.1289</dst>
      <dst id="16">1037.8844</dst>
      <dst id="14">51.0844</dst>
      <dst id="20">763.2089</dst>
      <dst id="11">4634.1956</dst>
      <dst id="9">4989.9556</dst>
      <dst id="17">111909.5911</dst>
      <dst id="21">216.4444</dst>
      <dst id="15">155.9644</dst>
    </src>
    <src id="3">
      <dst id="12">11084.2400</dst>
      <dst id="13">1449.5378</dst>
      <dst id="19">1258.1778</dst>
      <dst id="23">6776.6133</dst>
      <dst id="8">273.6444</dst>
      <dst id="18">85811.4400</dst>
      <dst id="4">35610.9067</dst>
      <dst id="1">39438.5422</dst>
      <dst id="5">521.7778</dst>
      <dst id="3">13229.8756</dst>
      <dst id="22">1928.9333</dst>
      <dst id="7">539.1911</dst>
      <dst id="2">14159.9289</dst>
      <dst id="16">940.2844</dst>
      <dst id="14">28637.7156</dst>
      <dst id="20">26.7822</dst>
      <dst id="11">157968.4178</dst>
      <dst id="9">247.8133</dst>
      <dst id="17">6823.8578</dst>
      <dst id="21">4507.5467</dst>
      <dst id="15">81.5822</dst>
    </src>
    <src id="10">
      <dst id="12">15039.9200</dst>
      <dst id="19">2667.0933</dst>
      <dst id="8">579.1822</dst>
      <dst id="18">1484.9333</dst>
      <dst id="1">748.7378</dst>
      <dst id="5">1211.2356</dst>
      <dst id="3">9711.8844</dst>
      <dst id="22">3918.2756</dst>
      <dst id="7">9854.3467</dst>
      <dst id="2">26433.9022</dst>
      <dst id="6">14.4711</dst>
      <dst id="16">2050.6400</dst>
      <dst id="14">532.7111</dst>
      <dst id="20">38971.1111</dst>
      <dst id="11">4332.7467</dst>
      <dst id="9">3963.5289</dst>
      <dst id="17">15578.8356</dst>
      <dst id="21">10168.5422</dst>
      <dst id="15">1201.4311</dst>
    </src>
    <src id="22">
      <dst id="12">15254.6133</dst>
      <dst id="13">5376.4089</dst>
      <dst id="19">371.3244</dst>
      <dst id="23">634.0267</dst>
      <dst id="8">1229.6533</dst>
      <dst id="18">1290.0356</dst>
      <dst id="4">22575.8756</dst>
      <dst id="1">167.2622</dst>
      <dst id="5">3177.0756</dst>
      <dst id="3">292.8622</dst>
      <dst id="7">588.0178</dst>
      <dst id="2">3927.3600</dst>
      <dst id="6">74.9511</dst>
      <dst id="16">24.0000</dst>
      <dst id="14">13.8489</dst>
      <dst id="11">3231.8756</dst>
      <dst id="9">3582.3822</dst>
      <dst id="17">4527.4222</dst>
      <dst id="21">1843.4933</dst>
    </src>
    <src id="7">
      <dst id="12">7651.5022</dst>
      <dst id="13">5873.7511</dst>
      <dst id="19">576.8444</dst>
      <dst id="23">169.1911</dst>
      <dst id="8">647.1200</dst>
      <dst id="18">356.8267</dst>
      <dst id="4">48432.2044</dst>
      <dst id="1">2611.3333</dst>
      <dst id="5">1351.2444</dst>
      <dst id="3">441.7156</dst>
      <dst id="22">5351.0667</dst>
      <dst id="7">718.5778</dst>
      <dst id="2">6806.0000</dst>
      <dst id="6">9.2444</dst>
      <dst id="16">1084.1333</dst>
      <dst id="14">98.3378</dst>
      <dst id="20">1122.2489</dst>
      <dst id="11">1198.0622</dst>
      <dst id="9">1207.2978</dst>
      <dst id="17">14923.3156</dst>
      <dst id="21">3405.9289</dst>
      <dst id="15">763.3600</dst>
    </src>
    <src id="2">
      <dst id="12">91615.1200</dst>
      <dst id="13">518154.3111</dst>
      <dst id="19">1019.4044</dst>
      <dst id="23">0.9244</dst>
      <dst id="8">820.1067</dst>
      <dst id="18">92265.2889</dst>
      <dst id="4">115047.5022</dst>
      <dst id="1">8217.5111</dst>
      <dst id="5">1768.3467</dst>
      <dst id="3">56.5600</dst>
      <dst id="22">3329.0222</dst>
      <dst id="7">3800.4356</dst>
      <dst id="2">1011.3778</dst>
      <dst id="6">9244.4444</dst>
      <dst id="16">2898.5778</dst>
      <dst id="14">114.7378</dst>
      <dst id="20">1023.1289</dst>
      <dst id="11">3086.8089</dst>
      <dst id="9">6734.4089</dst>
      <dst id="17">31307.5822</dst>
      <dst id="21">6828.1156</dst>
      <dst id="15">106.5689</dst>
    </src>
    <src id="6">
      <dst id="12">11626.0711</dst>
      <dst id="13">4.0267</dst>
      <dst id="19">1.0667</dst>
      <dst id="23">11.4667</dst>
      <dst id="18">0.3556</dst>
      <dst id="4">145.3956</dst>
      <dst id="1">1.3867</dst>
      <dst id="5">14.1333</dst>
      <dst id="22">3.8667</dst>
      <dst id="7">15.1911</dst>
      <dst id="2">2567.6711</dst>
      <dst id="16">13.6178</dst>
      <dst id="20">0.3556</dst>
      <dst id="9">1.5289</dst>
      <dst id="17">1492.6933</dst>
      <dst id="21">24.0178</dst>
    </src>
    <src id="16">
      <dst id="12">3596.2667</dst>
      <dst id="13">1353.4222</dst>
      <dst id="19">4463.8222</dst>
      <dst id="23">43.1644</dst>
      <dst id="8">6103.9822</dst>
      <dst id="18">98.0356</dst>
      <dst id="4">6405.7867</dst>
      <dst id="1">17226.6844</dst>
      <dst id="5">4215.3156</dst>
      <dst id="3">14.4089</dst>
      <dst id="7">5538.9778</dst>
      <dst id="2">1205.5733</dst>
      <dst id="6">0.4622</dst>
      <dst id="16">72.7289</dst>
      <dst id="14">600.3556</dst>
      <dst id="11">208.2044</dst>
      <dst id="9">3051.4844</dst>
      <dst id="17">2267.2444</dst>
      <dst id="21">1743.0044</dst>
    </src>
    <src id="14">
      <dst id="12">17015.5289</dst>
      <dst id="13">15.2711</dst>
      <dst id="19">41.3156</dst>
      <dst id="23">37.0044</dst>
      <dst id="18">1.2800</dst>
      <dst id="4">2984.9244</dst>
      <dst id="1">66.1689</dst>
      <dst id="5">21.8044</dst>
      <dst id="3">107.8489</dst>
      <dst id="22">4.2400</dst>
      <dst id="7">48.4622</dst>
      <dst id="2">5078.7378</dst>
      <dst id="16">50.8089</dst>
      <dst id="11">39.9467</dst>
      <dst id="9">119.7511</dst>
      <dst id="17">6354.1600</dst>
      <dst id="21">404.0800</dst>
    </src>
    <src id="20">
      <dst id="12">4148.5600</dst>
      <dst id="13">6366.0978</dst>
      <dst id="19">866.6667</dst>
      <dst id="23">16.6756</dst>
      <dst id="8">183.8311</dst>
      <dst id="4">30275.4400</dst>
      <dst id="1">204.4533</dst>
      <dst id="5">6458.2400</dst>
      <dst id="3">126.5422</dst>
      <dst id="22">0.3556</dst>
      <dst id="7">2016.0889</dst>
      <dst id="2">5175.5467</dst>
      <dst id="6">13.7333</dst>
      <dst id="11">5583.5378</dst>
      <dst id="9">13161.9289</dst>
      <dst id="17">2649.5289</dst>
      <dst id="21">350.2667</dst>
    </src>
    <src id="11">
      <dst id="12">392795.2178</dst>
      <dst id="13">3800.8889</dst>
      <dst id="19">6.3200</dst>
      <dst id="23">9.7956</dst>
      <dst id="8">218.8178</dst>
      <dst id="18">185.2800</dst>
      <dst id="4">15486.2400</dst>
      <dst id="1">547.2711</dst>
      <dst id="5">911.5556</dst>
      <dst id="3">964.6400</dst>
      <dst id="22">2475.2444</dst>
      <dst id="7">555.2444</dst>
      <dst id="2">152851.2000</dst>
      <dst id="6">0.3200</dst>
      <dst id="16">380.7289</dst>
      <dst id="14">81.3600</dst>
      <dst id="20">499.1556</dst>
      <dst id="11">772.5867</dst>
      <dst id="9">1681.8756</dst>
      <dst id="17">156627.9200</dst>
      <dst id="21">654.9067</dst>
      <dst id="15">157.7778</dst>
    </src>
    <src id="9">
      <dst id="12">473775.4933</dst>
      <dst id="13">6287.0844</dst>
      <dst id="19">64.1956</dst>
      <dst id="23">10.7111</dst>
      <dst id="8">1612.6933</dst>
      <dst id="18">383.7422</dst>
      <dst id="4">13076.9067</dst>
      <dst id="1">770.1867</dst>
      <dst id="5">4599.7244</dst>
      <dst id="3">1.5289</dst>
      <dst id="22">2416.6844</dst>
      <dst id="7">1137.2711</dst>
      <dst id="2">159669.6089</dst>
      <dst id="6">3.7600</dst>
      <dst id="16">1192.7911</dst>
      <dst id="14">0.8178</dst>
      <dst id="20">13133.9644</dst>
      <dst id="11">1795.6000</dst>
      <dst id="9">7133.1733</dst>
      <dst id="17">164064.7111</dst>
      <dst id="21">347.3511</dst>
      <dst id="15">6764.2756</dst>
    </src>
    <src id="17">
      <dst id="12">19970.1600</dst>
      <dst id="13">9020.7200</dst>
      <dst id="19">570.6578</dst>
      <dst id="23">336.3644</dst>
      <dst id="8">161419.5200</dst>
      <dst id="18">122.0800</dst>
      <dst id="4">167441.6356</dst>
      <dst id="1">1551.9644</dst>
      <dst id="5">209425.9467</dst>
      <dst id="3">5581.7067</dst>
      <dst id="22">12603.3156</dst>
      <dst id="7">1653.0578</dst>
      <dst id="2">19043.8756</dst>
      <dst id="6">268.8800</dst>
      <dst id="16">5938.6489</dst>
      <dst id="14">25880.6489</dst>
      <dst id="20">1333.4400</dst>
      <dst id="11">133963.8667</dst>
      <dst id="9">165977.9733</dst>
      <dst id="17">1873.7333</dst>
      <dst id="21">4178.0800</dst>
      <dst id="15">4834.0889</dst>
    </src>
    <src id="21">
      <dst id="12">21491.2533</dst>
      <dst id="13">2152.1956</dst>
      <dst id="19">216.2489</dst>
      <dst id="23">62.1244</dst>
      <dst id="8">352.2222</dst>
      <dst id="18">3502.7022</dst>
      <dst id="4">33408.8356</dst>
      <dst id="1">832.1244</dst>
      <dst id="5">600.9511</dst>
      <dst id="3">2210.2044</dst>
      <dst id="22">3883.0400</dst>
      <dst id="7">3697.0044</dst>
      <dst id="2">10305.9911</dst>
      <dst id="6">69.9556</dst>
      <dst id="16">397.5467</dst>
      <dst id="14">79.4667</dst>
      <dst id="20">5985.8933</dst>
      <dst id="11">383.1022</dst>
      <dst id="9">1070.3378</dst>
      <dst id="17">4336.2578</dst>
      <dst id="21">2205.2444</dst>
      <dst id="15">38.0267</dst>
    </src>
    <src id="15">
      <dst id="12">999.1644</dst>
      <dst id="13">519.6533</dst>
      <dst id="19">8.3733</dst>
      <dst id="8">172.9600</dst>
      <dst id="18">28.7644</dst>
      <dst id="4">5653.8044</dst>
      <dst id="1">485.8844</dst>
      <dst id="5">725.4400</dst>
      <dst id="3">11.2889</dst>
      <dst id="7">150.0622</dst>
      <dst id="2">355.7956</dst>
      <dst id="11">193.0133</dst>
      <dst id="9">907.8933</dst>
      <dst id="17">687.3244</dst>
      <dst id="21">28.5067</dst>
    </src>
  </IntraTM>
</TrafficMatrixFile>
