<?xml version="1.0" encoding="UTF-8" standalone="yes"?>
<TrafficMatrixFile xmlns:xsi="http://www.w3.org/2001/XMLSchema-instance" xsi:noNamespaceSchemaLocation="http://totem.run.montefiore.ulg.ac.be/Schema/TrafficMatrix-v1_2.xsd">
  <info>
    <title>Intradomain traffic matrix generated by geant-TM-all.pl</title>
    <date>2005-01-02T22:00:00</date>
    <duration>900</duration>
    <author>Steve Uhlig</author>
    <units>
        <unit type="bandwidth" value="kbps"/>
    </units>
  </info>
  <IntraTM ASID="20965">
    <src id="12">
      <dst id="12">305974.7200</dst>
      <dst id="13">20843.7511</dst>
      <dst id="19">5793.7511</dst>
      <dst id="23">262.3022</dst>
      <dst id="8">5804.4889</dst>
      <dst id="18">1875.0222</dst>
      <dst id="4">88072.0089</dst>
      <dst id="1">9214.5689</dst>
      <dst id="5">3729.9556</dst>
      <dst id="3">7914.3111</dst>
      <dst id="22">37953.4044</dst>
      <dst id="7">10011.9378</dst>
      <dst id="2">97722.3822</dst>
      <dst id="6">31.5733</dst>
      <dst id="16">8642.7733</dst>
      <dst id="14">312.6933</dst>
      <dst id="20">10790.8889</dst>
      <dst id="11">13183.0578</dst>
      <dst id="9">15136.3022</dst>
      <dst id="17">98090.2044</dst>
      <dst id="21">26500.9511</dst>
      <dst id="15">7596.3378</dst>
    </src>
    <src id="13">
      <dst id="12">67709.8133</dst>
      <dst id="19">7033.3511</dst>
      <dst id="23">1633.0044</dst>
      <dst id="8">7149.1200</dst>
      <dst id="18">7908.0978</dst>
      <dst id="1">18041.4044</dst>
      <dst id="5">10366.3467</dst>
      <dst id="3">24384.4800</dst>
      <dst id="22">32803.8222</dst>
      <dst id="7">18224.8533</dst>
      <dst id="2">133799.2889</dst>
      <dst id="6">125.5378</dst>
      <dst id="16">15785.6622</dst>
      <dst id="14">2671.7778</dst>
      <dst id="20">13991.6800</dst>
      <dst id="11">33619.2444</dst>
      <dst id="9">30749.1200</dst>
      <dst id="17">86613.4667</dst>
      <dst id="21">32190.8444</dst>
      <dst id="15">14045.7511</dst>
    </src>
    <src id="19">
      <dst id="12">22155.6267</dst>
      <dst id="13">4372.5867</dst>
      <dst id="23">26.6667</dst>
      <dst id="8">18.8800</dst>
      <dst id="18">163.4844</dst>
      <dst id="4">20303.0222</dst>
      <dst id="1">2082.9333</dst>
      <dst id="5">94.7289</dst>
      <dst id="3">221.6000</dst>
      <dst id="22">1182.6933</dst>
      <dst id="7">11461.6178</dst>
      <dst id="2">1998.1956</dst>
      <dst id="6">360.9156</dst>
      <dst id="16">4687.1911</dst>
      <dst id="14">0.4978</dst>
      <dst id="20">153.7156</dst>
      <dst id="11">8935.2533</dst>
      <dst id="9">36.3200</dst>
      <dst id="17">9622.3911</dst>
      <dst id="21">2461.3867</dst>
      <dst id="15">1.3867</dst>
    </src>
    <src id="23">
      <dst id="12">767.0844</dst>
      <dst id="13">409.4844</dst>
      <dst id="19">27.1289</dst>
      <dst id="18">23.2178</dst>
      <dst id="4">27.4044</dst>
      <dst id="1">262.2222</dst>
      <dst id="5">55.0844</dst>
      <dst id="3">1919.9733</dst>
      <dst id="22">679.7422</dst>
      <dst id="7">239.0489</dst>
      <dst id="2">391.8933</dst>
      <dst id="6">0.9600</dst>
      <dst id="16">80.8889</dst>
      <dst id="14">4.3111</dst>
      <dst id="20">41.0311</dst>
      <dst id="11">241.3244</dst>
      <dst id="9">215.3778</dst>
      <dst id="17">846.2933</dst>
      <dst id="21">2618.8889</dst>
      <dst id="15">120.3378</dst>
    </src>
    <src id="8">
      <dst id="12">396662.4000</dst>
      <dst id="13">3788.0267</dst>
      <dst id="19">295.8844</dst>
      <dst id="23">1.8044</dst>
      <dst id="18">319.0578</dst>
      <dst id="4">3759.2089</dst>
      <dst id="1">317.7600</dst>
      <dst id="5">1421.6533</dst>
      <dst id="3">96.6044</dst>
      <dst id="22">1824.0622</dst>
      <dst id="7">190.5244</dst>
      <dst id="2">168976.6667</dst>
      <dst id="6">0.3556</dst>
      <dst id="16">1359.0844</dst>
      <dst id="14">0.7822</dst>
      <dst id="20">14732.5511</dst>
      <dst id="11">3231.3867</dst>
      <dst id="9">1769.8489</dst>
      <dst id="17">151239.1911</dst>
      <dst id="21">499.7156</dst>
      <dst id="15">1214.1244</dst>
    </src>
    <src id="18">
      <dst id="12">125698.9067</dst>
      <dst id="13">606.5956</dst>
      <dst id="19">485.2800</dst>
      <dst id="23">1362.1156</dst>
      <dst id="8">341.8133</dst>
      <dst id="4">4704.1867</dst>
      <dst id="1">1142.7467</dst>
      <dst id="5">208.8444</dst>
      <dst id="3">234.3911</dst>
      <dst id="22">236.1067</dst>
      <dst id="7">227.1022</dst>
      <dst id="2">48825.7067</dst>
      <dst id="16">46.6844</dst>
      <dst id="20">15.3956</dst>
      <dst id="11">283.2444</dst>
      <dst id="9">141.6889</dst>
      <dst id="17">40737.3689</dst>
      <dst id="21">3023.8844</dst>
      <dst id="15">215.0578</dst>
    </src>
    <src id="4">
      <dst id="12">36945.1467</dst>
      <dst id="19">7843.5733</dst>
      <dst id="8">2631.2267</dst>
      <dst id="18">3761.3867</dst>
      <dst id="4">1.0311</dst>
      <dst id="1">21960.4356</dst>
      <dst id="5">1421.5289</dst>
      <dst id="3">3407.8933</dst>
      <dst id="22">8009.7156</dst>
      <dst id="7">157834.8711</dst>
      <dst id="2">113339.8667</dst>
      <dst id="6">61.4311</dst>
      <dst id="16">3600.9778</dst>
      <dst id="14">1780.2756</dst>
      <dst id="20">2463.8044</dst>
      <dst id="11">9030.1422</dst>
      <dst id="9">3449.4133</dst>
      <dst id="17">134990.0889</dst>
      <dst id="21">9681.8311</dst>
      <dst id="15">1300.0978</dst>
    </src>
    <src id="1">
      <dst id="12">22202.6400</dst>
      <dst id="13">2512.8267</dst>
      <dst id="19">1939.6444</dst>
      <dst id="23">71.0311</dst>
      <dst id="8">245243.3156</dst>
      <dst id="18">16892.6578</dst>
      <dst id="4">16720.3378</dst>
      <dst id="1">50033.8578</dst>
      <dst id="5">256692.3022</dst>
      <dst id="3">1739.2356</dst>
      <dst id="22">14929.4400</dst>
      <dst id="7">5298.9244</dst>
      <dst id="2">32003.2089</dst>
      <dst id="6">20459.3156</dst>
      <dst id="16">9091.1022</dst>
      <dst id="14">57.0133</dst>
      <dst id="20">443.0311</dst>
      <dst id="11">1923.2267</dst>
      <dst id="9">368150.8000</dst>
      <dst id="17">20123.4933</dst>
      <dst id="21">8255.4044</dst>
      <dst id="15">972.3644</dst>
    </src>
    <src id="5">
      <dst id="12">281444.9689</dst>
      <dst id="13">876.0889</dst>
      <dst id="19">54.2400</dst>
      <dst id="23">107.0222</dst>
      <dst id="8">2354.0889</dst>
      <dst id="18">215.6889</dst>
      <dst id="4">6107.6622</dst>
      <dst id="1">565.1644</dst>
      <dst id="3">245.6000</dst>
      <dst id="22">6592.4356</dst>
      <dst id="7">775.2533</dst>
      <dst id="2">115929.9022</dst>
      <dst id="6">5.6711</dst>
      <dst id="16">1696.7644</dst>
      <dst id="14">43.0933</dst>
      <dst id="20">13983.9289</dst>
      <dst id="11">816.7378</dst>
      <dst id="9">10172.8356</dst>
      <dst id="17">99276.9600</dst>
      <dst id="21">417.3333</dst>
      <dst id="15">339.8400</dst>
    </src>
    <src id="3">
      <dst id="12">9687.1111</dst>
      <dst id="13">1091.0844</dst>
      <dst id="19">913.0400</dst>
      <dst id="23">93.7689</dst>
      <dst id="8">229.2889</dst>
      <dst id="18">168259.7867</dst>
      <dst id="4">22071.1733</dst>
      <dst id="1">9775.5022</dst>
      <dst id="5">485.6000</dst>
      <dst id="3">20454.0089</dst>
      <dst id="22">2168.1956</dst>
      <dst id="7">6973.3156</dst>
      <dst id="2">6536.9422</dst>
      <dst id="6">2.9600</dst>
      <dst id="16">3411.2089</dst>
      <dst id="14">44555.8578</dst>
      <dst id="20">609.8311</dst>
      <dst id="11">262530.9867</dst>
      <dst id="9">706.3556</dst>
      <dst id="17">14082.0089</dst>
      <dst id="21">8706.2133</dst>
      <dst id="15">132.4444</dst>
    </src>
    <src id="10">
      <dst id="12">30596.0444</dst>
      <dst id="19">1926.1600</dst>
      <dst id="8">799.7511</dst>
      <dst id="18">3307.7511</dst>
      <dst id="1">6029.8044</dst>
      <dst id="5">1295.0044</dst>
      <dst id="3">16983.6444</dst>
      <dst id="22">8005.2978</dst>
      <dst id="7">70780.6222</dst>
      <dst id="2">45699.5200</dst>
      <dst id="6">44.9689</dst>
      <dst id="16">3317.5644</dst>
      <dst id="14">2923.7156</dst>
      <dst id="20">4005.0933</dst>
      <dst id="11">11415.6978</dst>
      <dst id="9">4739.6889</dst>
      <dst id="17">33633.0667</dst>
      <dst id="21">10838.5156</dst>
      <dst id="15">7266.9600</dst>
    </src>
    <src id="22">
      <dst id="12">36245.7156</dst>
      <dst id="13">6044.5689</dst>
      <dst id="19">146.1333</dst>
      <dst id="23">188.8711</dst>
      <dst id="8">1105.6978</dst>
      <dst id="18">292.3289</dst>
      <dst id="4">18116.7822</dst>
      <dst id="1">4486.7822</dst>
      <dst id="5">7371.6978</dst>
      <dst id="3">2024.7022</dst>
      <dst id="7">4267.2800</dst>
      <dst id="2">7722.4711</dst>
      <dst id="6">99.9467</dst>
      <dst id="14">22.8533</dst>
      <dst id="11">5098.5511</dst>
      <dst id="9">3348.0711</dst>
      <dst id="17">10005.4756</dst>
      <dst id="21">5835.7156</dst>
    </src>
    <src id="7">
      <dst id="12">10557.6533</dst>
      <dst id="13">520.8267</dst>
      <dst id="19">2254.8089</dst>
      <dst id="23">306.8800</dst>
      <dst id="8">800.9689</dst>
      <dst id="18">2227.3867</dst>
      <dst id="4">28357.0222</dst>
      <dst id="1">19007.2978</dst>
      <dst id="5">855.0844</dst>
      <dst id="3">4231.1467</dst>
      <dst id="22">5397.2622</dst>
      <dst id="7">868.8711</dst>
      <dst id="2">14392.3822</dst>
      <dst id="6">306.6578</dst>
      <dst id="16">1710.0622</dst>
      <dst id="14">63.5822</dst>
      <dst id="20">2595.6800</dst>
      <dst id="11">2092.9511</dst>
      <dst id="9">2886.5867</dst>
      <dst id="17">21162.9333</dst>
      <dst id="21">13652.3556</dst>
      <dst id="15">390.7911</dst>
    </src>
    <src id="2">
      <dst id="12">182393.9200</dst>
      <dst id="13">342772.2400</dst>
      <dst id="19">1691.5911</dst>
      <dst id="23">57.1200</dst>
      <dst id="8">3996.2044</dst>
      <dst id="18">152147.0489</dst>
      <dst id="4">87390.1778</dst>
      <dst id="1">10650.8444</dst>
      <dst id="5">3368.0267</dst>
      <dst id="3">664.3911</dst>
      <dst id="22">2559.3067</dst>
      <dst id="7">8999.5467</dst>
      <dst id="2">2091.2178</dst>
      <dst id="6">9844.4267</dst>
      <dst id="16">2709.9022</dst>
      <dst id="14">5687.0044</dst>
      <dst id="20">5766.0356</dst>
      <dst id="11">11828.9244</dst>
      <dst id="9">2358.4533</dst>
      <dst id="17">78564.6578</dst>
      <dst id="21">11071.6800</dst>
      <dst id="15">1212.8267</dst>
    </src>
    <src id="6">
      <dst id="12">11482.0711</dst>
      <dst id="13">20.4178</dst>
      <dst id="19">43.9911</dst>
      <dst id="8">11.8222</dst>
      <dst id="18">49.1733</dst>
      <dst id="4">33.4400</dst>
      <dst id="1">48.8267</dst>
      <dst id="5">48.7111</dst>
      <dst id="3">40.0000</dst>
      <dst id="22">24.6489</dst>
      <dst id="7">134.9778</dst>
      <dst id="2">3587.5467</dst>
      <dst id="16">11.8844</dst>
      <dst id="20">0.3556</dst>
      <dst id="11">14.3289</dst>
      <dst id="9">7.3867</dst>
      <dst id="17">2099.6533</dst>
      <dst id="21">25.7244</dst>
      <dst id="15">11.4667</dst>
    </src>
    <src id="16">
      <dst id="12">2361.5289</dst>
      <dst id="13">361.8133</dst>
      <dst id="19">3294.2844</dst>
      <dst id="23">301.8933</dst>
      <dst id="8">6529.9822</dst>
      <dst id="18">48.2489</dst>
      <dst id="4">7593.6622</dst>
      <dst id="1">15640.8889</dst>
      <dst id="5">12044.6578</dst>
      <dst id="3">156.9778</dst>
      <dst id="22">37.8667</dst>
      <dst id="7">2629.8044</dst>
      <dst id="2">2000.5778</dst>
      <dst id="6">7.4667</dst>
      <dst id="16">59.9556</dst>
      <dst id="14">363.4044</dst>
      <dst id="11">535.7156</dst>
      <dst id="9">14753.6267</dst>
      <dst id="17">7420.9511</dst>
      <dst id="21">984.6222</dst>
    </src>
    <src id="14">
      <dst id="12">17146.1067</dst>
      <dst id="13">25.7156</dst>
      <dst id="19">41.2800</dst>
      <dst id="23">14.7911</dst>
      <dst id="8">12.6222</dst>
      <dst id="4">1518.2489</dst>
      <dst id="1">171.3956</dst>
      <dst id="5">12.9156</dst>
      <dst id="3">250.2400</dst>
      <dst id="22">61.2800</dst>
      <dst id="7">215.4578</dst>
      <dst id="2">5408.9422</dst>
      <dst id="16">77.0933</dst>
      <dst id="20">41.7511</dst>
      <dst id="11">73.3511</dst>
      <dst id="9">37.1644</dst>
      <dst id="17">9508.6400</dst>
      <dst id="21">112.0889</dst>
      <dst id="15">0.4978</dst>
    </src>
    <src id="20">
      <dst id="12">15000.9333</dst>
      <dst id="13">1766.7467</dst>
      <dst id="19">1840.5689</dst>
      <dst id="23">28.4089</dst>
      <dst id="8">5459.5022</dst>
      <dst id="18">119.6000</dst>
      <dst id="4">7815.5911</dst>
      <dst id="1">1382.9422</dst>
      <dst id="5">13170.8800</dst>
      <dst id="3">7882.1333</dst>
      <dst id="7">514.5156</dst>
      <dst id="2">3672.0533</dst>
      <dst id="6">4.9244</dst>
      <dst id="16">0.4267</dst>
      <dst id="14">1.9467</dst>
      <dst id="11">1735.7511</dst>
      <dst id="9">14475.4933</dst>
      <dst id="17">3675.7956</dst>
      <dst id="21">2966.8533</dst>
    </src>
    <src id="11">
      <dst id="12">438540.8000</dst>
      <dst id="13">5956.8711</dst>
      <dst id="19">821.7689</dst>
      <dst id="23">14.9600</dst>
      <dst id="8">3470.7378</dst>
      <dst id="18">646.5067</dst>
      <dst id="4">12199.5289</dst>
      <dst id="1">867.2889</dst>
      <dst id="5">1426.4800</dst>
      <dst id="3">2306.7022</dst>
      <dst id="22">2888.6222</dst>
      <dst id="7">1818.4356</dst>
      <dst id="2">172743.4756</dst>
      <dst id="6">27.4400</dst>
      <dst id="16">374.5244</dst>
      <dst id="14">85.2000</dst>
      <dst id="20">895.0578</dst>
      <dst id="11">4040.9067</dst>
      <dst id="9">1618.7822</dst>
      <dst id="17">163213.3511</dst>
      <dst id="21">2555.8756</dst>
      <dst id="15">1406.6578</dst>
    </src>
    <src id="9">
      <dst id="12">491085.3067</dst>
      <dst id="13">9937.6267</dst>
      <dst id="19">99.7156</dst>
      <dst id="23">1542.3822</dst>
      <dst id="8">3059.2889</dst>
      <dst id="18">145.4222</dst>
      <dst id="4">8681.9378</dst>
      <dst id="1">1199.4667</dst>
      <dst id="5">2789.2622</dst>
      <dst id="3">41.6889</dst>
      <dst id="22">5577.2978</dst>
      <dst id="7">974.2400</dst>
      <dst id="2">175004.7733</dst>
      <dst id="6">3.2178</dst>
      <dst id="16">869.1556</dst>
      <dst id="14">5.8667</dst>
      <dst id="20">15402.9422</dst>
      <dst id="11">2259.6800</dst>
      <dst id="9">3398.9689</dst>
      <dst id="17">189926.9689</dst>
      <dst id="21">1190.2933</dst>
      <dst id="15">11692.4533</dst>
    </src>
    <src id="17">
      <dst id="12">16957.0933</dst>
      <dst id="13">12066.6222</dst>
      <dst id="19">860.1600</dst>
      <dst id="23">1807.0844</dst>
      <dst id="8">263685.9556</dst>
      <dst id="18">291.4311</dst>
      <dst id="4">64747.6800</dst>
      <dst id="1">7346.7289</dst>
      <dst id="5">246627.1822</dst>
      <dst id="3">20583.1289</dst>
      <dst id="22">15051.2533</dst>
      <dst id="7">20097.3778</dst>
      <dst id="2">43089.5644</dst>
      <dst id="6">136.2044</dst>
      <dst id="16">18370.4533</dst>
      <dst id="14">40095.2889</dst>
      <dst id="20">11141.0756</dst>
      <dst id="11">209800.3822</dst>
      <dst id="9">314144.5778</dst>
      <dst id="17">1638.9244</dst>
      <dst id="21">18329.7689</dst>
      <dst id="15">258.9600</dst>
    </src>
    <src id="21">
      <dst id="12">21809.1733</dst>
      <dst id="13">5439.0844</dst>
      <dst id="19">10517.0844</dst>
      <dst id="23">583.4222</dst>
      <dst id="8">402.3111</dst>
      <dst id="18">3371.3333</dst>
      <dst id="4">17420.1511</dst>
      <dst id="1">7095.3422</dst>
      <dst id="5">379.8756</dst>
      <dst id="3">4054.5867</dst>
      <dst id="22">1524.3822</dst>
      <dst id="7">2058.7556</dst>
      <dst id="2">20604.9156</dst>
      <dst id="6">31.8756</dst>
      <dst id="16">310.5422</dst>
      <dst id="14">95.8933</dst>
      <dst id="20">410.3022</dst>
      <dst id="11">2626.9244</dst>
      <dst id="9">498.2489</dst>
      <dst id="17">8606.5244</dst>
      <dst id="21">3625.2978</dst>
      <dst id="15">567.5733</dst>
    </src>
    <src id="15">
      <dst id="12">3506.3200</dst>
      <dst id="13">489.2622</dst>
      <dst id="19">16.0000</dst>
      <dst id="23">78.0978</dst>
      <dst id="8">1203.8844</dst>
      <dst id="18">5.0044</dst>
      <dst id="4">2872.7556</dst>
      <dst id="1">743.1911</dst>
      <dst id="5">221.5911</dst>
      <dst id="3">50.4178</dst>
      <dst id="7">107.0222</dst>
      <dst id="2">1089.6267</dst>
      <dst id="14">1.8489</dst>
      <dst id="11">270.4267</dst>
      <dst id="9">7314.5867</dst>
      <dst id="17">365.7867</dst>
      <dst id="21">9176.4978</dst>
    </src>
  </IntraTM>
</TrafficMatrixFile>
