<?xml version="1.0" encoding="UTF-8" standalone="yes"?>
<TrafficMatrixFile xmlns:xsi="http://www.w3.org/2001/XMLSchema-instance" xsi:noNamespaceSchemaLocation="http://totem.run.montefiore.ulg.ac.be/Schema/TrafficMatrix-v1_2.xsd">
  <info>
    <title>Intradomain traffic matrix generated by geant-TM-all.pl</title>
    <date>2005-01-05T13:30:00</date>
    <duration>900</duration>
    <author>Steve Uhlig</author>
    <units>
        <unit type="bandwidth" value="kbps"/>
    </units>
  </info>
  <IntraTM ASID="20965">
    <src id="12">
      <dst id="12">187287.6089</dst>
      <dst id="13">12746.0356</dst>
      <dst id="19">4092.9511</dst>
      <dst id="23">15.9911</dst>
      <dst id="8">530.6489</dst>
      <dst id="18">204.1867</dst>
      <dst id="4">94144.0089</dst>
      <dst id="1">17664.9956</dst>
      <dst id="5">1782.8711</dst>
      <dst id="3">1053.9644</dst>
      <dst id="22">10534.9600</dst>
      <dst id="7">2155.8222</dst>
      <dst id="2">57052.5600</dst>
      <dst id="6">5.1289</dst>
      <dst id="16">4342.3733</dst>
      <dst id="14">144.8444</dst>
      <dst id="20">4752.3289</dst>
      <dst id="11">1331.5200</dst>
      <dst id="9">1926.0444</dst>
      <dst id="17">56603.6533</dst>
      <dst id="21">630.1511</dst>
      <dst id="15">1428.4356</dst>
    </src>
    <src id="13">
      <dst id="12">28557.6711</dst>
      <dst id="19">4083.1200</dst>
      <dst id="23">32.2400</dst>
      <dst id="8">1907.5378</dst>
      <dst id="18">3180.6044</dst>
      <dst id="1">1228.1422</dst>
      <dst id="5">3209.4311</dst>
      <dst id="3">4270.4711</dst>
      <dst id="22">13814.4178</dst>
      <dst id="7">11619.6978</dst>
      <dst id="2">67166.6578</dst>
      <dst id="6">50.7733</dst>
      <dst id="16">3602.2489</dst>
      <dst id="14">1370.3911</dst>
      <dst id="20">5065.8933</dst>
      <dst id="11">4309.7244</dst>
      <dst id="9">12477.0933</dst>
      <dst id="17">29206.6667</dst>
      <dst id="21">11260.2933</dst>
      <dst id="15">1024.8889</dst>
    </src>
    <src id="19">
      <dst id="12">13905.8844</dst>
      <dst id="13">52.7733</dst>
      <dst id="23">1.0756</dst>
      <dst id="18">2.6844</dst>
      <dst id="4">21441.8400</dst>
      <dst id="1">213.7156</dst>
      <dst id="5">24.3467</dst>
      <dst id="22">53.9289</dst>
      <dst id="7">6549.9111</dst>
      <dst id="2">48.9156</dst>
      <dst id="6">11.5733</dst>
      <dst id="16">9064.8178</dst>
      <dst id="20">2.5067</dst>
      <dst id="11">2.0178</dst>
      <dst id="9">2.8267</dst>
      <dst id="17">196.1956</dst>
      <dst id="21">276.3733</dst>
      <dst id="15">14.5778</dst>
    </src>
    <src id="23">
      <dst id="12">106.4978</dst>
      <dst id="13">119.3600</dst>
      <dst id="8">12.6222</dst>
      <dst id="18">1.2178</dst>
      <dst id="4">78.7822</dst>
      <dst id="1">54.8356</dst>
      <dst id="3">217.9911</dst>
      <dst id="22">34.7556</dst>
      <dst id="7">31.6356</dst>
      <dst id="2">93.3156</dst>
      <dst id="6">0.4978</dst>
      <dst id="16">2.0800</dst>
      <dst id="20">12.6222</dst>
      <dst id="11">14.5156</dst>
      <dst id="9">965.5644</dst>
      <dst id="17">158.0978</dst>
      <dst id="21">416.9867</dst>
      <dst id="15">0.3378</dst>
    </src>
    <src id="8">
      <dst id="12">247352.3111</dst>
      <dst id="13">1079.1556</dst>
      <dst id="19">1.0311</dst>
      <dst id="23">0.3556</dst>
      <dst id="18">0.9867</dst>
      <dst id="4">10721.5111</dst>
      <dst id="1">286.7733</dst>
      <dst id="5">3917.5467</dst>
      <dst id="3">0.4178</dst>
      <dst id="22">547.2356</dst>
      <dst id="7">13.7511</dst>
      <dst id="2">91080.6044</dst>
      <dst id="16">595.3511</dst>
      <dst id="20">48.4267</dst>
      <dst id="11">118.8178</dst>
      <dst id="9">413.7422</dst>
      <dst id="17">86186.3200</dst>
      <dst id="21">233.3244</dst>
      <dst id="15">8.7467</dst>
    </src>
    <src id="18">
      <dst id="12">95647.9022</dst>
      <dst id="13">133.5022</dst>
      <dst id="19">4.1956</dst>
      <dst id="23">3.1556</dst>
      <dst id="8">16.4267</dst>
      <dst id="4">1687.3422</dst>
      <dst id="1">1576.3911</dst>
      <dst id="5">136.7822</dst>
      <dst id="3">8.2578</dst>
      <dst id="22">47.8667</dst>
      <dst id="7">33.1733</dst>
      <dst id="2">25187.0756</dst>
      <dst id="16">6.4622</dst>
      <dst id="14">2.4889</dst>
      <dst id="20">4.9333</dst>
      <dst id="11">124.1600</dst>
      <dst id="9">33.0311</dst>
      <dst id="17">33331.5556</dst>
      <dst id="21">34.6489</dst>
      <dst id="15">25.5556</dst>
    </src>
    <src id="4">
      <dst id="12">7959.1556</dst>
      <dst id="19">14475.7689</dst>
      <dst id="8">434.2489</dst>
      <dst id="18">399.7867</dst>
      <dst id="1">111190.9689</dst>
      <dst id="5">1104.4444</dst>
      <dst id="3">230.6400</dst>
      <dst id="22">2095.8844</dst>
      <dst id="7">32901.5111</dst>
      <dst id="2">48973.7333</dst>
      <dst id="6">1.9911</dst>
      <dst id="16">967.6178</dst>
      <dst id="14">622.3822</dst>
      <dst id="20">326.4533</dst>
      <dst id="11">1291.9289</dst>
      <dst id="9">2693.4844</dst>
      <dst id="17">13022.8978</dst>
      <dst id="21">7474.4356</dst>
      <dst id="15">70.9600</dst>
    </src>
    <src id="1">
      <dst id="12">21343.6622</dst>
      <dst id="13">2674.5156</dst>
      <dst id="19">2.7111</dst>
      <dst id="23">25.8667</dst>
      <dst id="8">50052.9422</dst>
      <dst id="18">13767.6800</dst>
      <dst id="4">8507.1200</dst>
      <dst id="1">12516.2133</dst>
      <dst id="5">117127.5378</dst>
      <dst id="3">138.9689</dst>
      <dst id="22">241.1644</dst>
      <dst id="7">1403.1556</dst>
      <dst id="2">17491.5556</dst>
      <dst id="6">2979.6444</dst>
      <dst id="16">14112.4178</dst>
      <dst id="14">31.1644</dst>
      <dst id="20">211.9467</dst>
      <dst id="11">383.5911</dst>
      <dst id="9">114735.7511</dst>
      <dst id="17">4966.5244</dst>
      <dst id="21">2764.8356</dst>
      <dst id="15">2596.2578</dst>
    </src>
    <src id="5">
      <dst id="12">239910.8178</dst>
      <dst id="13">1030.9689</dst>
      <dst id="19">27.1022</dst>
      <dst id="8">327.4489</dst>
      <dst id="18">581.6622</dst>
      <dst id="4">5330.0000</dst>
      <dst id="1">429.1467</dst>
      <dst id="3">5.6089</dst>
      <dst id="22">1922.9067</dst>
      <dst id="7">120.5689</dst>
      <dst id="2">87893.2000</dst>
      <dst id="6">1.2000</dst>
      <dst id="16">148.6311</dst>
      <dst id="14">17.4667</dst>
      <dst id="20">81.6000</dst>
      <dst id="11">312.1067</dst>
      <dst id="9">717.2267</dst>
      <dst id="17">82900.0089</dst>
      <dst id="21">167.2000</dst>
      <dst id="15">2721.8400</dst>
    </src>
    <src id="3">
      <dst id="12">14243.8222</dst>
      <dst id="13">8699.1644</dst>
      <dst id="19">1324.3378</dst>
      <dst id="23">8498.2756</dst>
      <dst id="8">4.7467</dst>
      <dst id="18">36046.4089</dst>
      <dst id="4">52131.8667</dst>
      <dst id="1">4362.5511</dst>
      <dst id="5">346.2756</dst>
      <dst id="3">5633.8844</dst>
      <dst id="22">3279.1556</dst>
      <dst id="7">3683.7244</dst>
      <dst id="2">19191.5200</dst>
      <dst id="6">0.3378</dst>
      <dst id="16">1387.3333</dst>
      <dst id="14">15128.4089</dst>
      <dst id="20">33.6267</dst>
      <dst id="11">78923.6444</dst>
      <dst id="9">454.6133</dst>
      <dst id="17">9012.2933</dst>
      <dst id="21">14277.8933</dst>
      <dst id="15">48.2578</dst>
    </src>
    <src id="10">
      <dst id="12">10107.4578</dst>
      <dst id="19">4036.4000</dst>
      <dst id="8">707.8044</dst>
      <dst id="18">4385.0667</dst>
      <dst id="4">1.0667</dst>
      <dst id="1">4492.6044</dst>
      <dst id="5">337.1111</dst>
      <dst id="3">435.1200</dst>
      <dst id="22">2154.1156</dst>
      <dst id="7">53620.1511</dst>
      <dst id="2">14304.1867</dst>
      <dst id="6">1.4578</dst>
      <dst id="16">2226.3556</dst>
      <dst id="14">885.6889</dst>
      <dst id="20">1931.6622</dst>
      <dst id="11">4874.6844</dst>
      <dst id="9">400.9067</dst>
      <dst id="17">24558.2667</dst>
      <dst id="21">12153.1111</dst>
      <dst id="15">610.0267</dst>
    </src>
    <src id="22">
      <dst id="12">8665.1911</dst>
      <dst id="13">2945.8400</dst>
      <dst id="19">74.5600</dst>
      <dst id="23">7.7600</dst>
      <dst id="8">231.3067</dst>
      <dst id="18">333.2444</dst>
      <dst id="4">16978.8978</dst>
      <dst id="1">84.4356</dst>
      <dst id="5">1882.4444</dst>
      <dst id="3">871.8489</dst>
      <dst id="7">1509.7778</dst>
      <dst id="2">3928.4622</dst>
      <dst id="6">40.0356</dst>
      <dst id="16">2.5422</dst>
      <dst id="14">14.8978</dst>
      <dst id="11">958.3022</dst>
      <dst id="9">1587.7600</dst>
      <dst id="17">731.4756</dst>
      <dst id="21">722.4089</dst>
    </src>
    <src id="7">
      <dst id="12">2488.2844</dst>
      <dst id="13">104.9867</dst>
      <dst id="19">301.1378</dst>
      <dst id="23">144.6400</dst>
      <dst id="8">5.8667</dst>
      <dst id="18">68.7289</dst>
      <dst id="4">20625.3511</dst>
      <dst id="1">1730.4178</dst>
      <dst id="5">751.0222</dst>
      <dst id="3">549.8578</dst>
      <dst id="22">5050.7733</dst>
      <dst id="7">755.5911</dst>
      <dst id="2">4415.5022</dst>
      <dst id="16">825.5911</dst>
      <dst id="14">45.6978</dst>
      <dst id="20">178.2044</dst>
      <dst id="11">377.6533</dst>
      <dst id="9">275.2267</dst>
      <dst id="17">2904.4622</dst>
      <dst id="21">714.9333</dst>
      <dst id="15">29.0578</dst>
    </src>
    <src id="2">
      <dst id="12">52110.6133</dst>
      <dst id="13">509182.6667</dst>
      <dst id="19">74.1956</dst>
      <dst id="8">65.5022</dst>
      <dst id="18">28855.5556</dst>
      <dst id="4">87156.2489</dst>
      <dst id="1">6364.7733</dst>
      <dst id="5">3433.4311</dst>
      <dst id="3">27.5289</dst>
      <dst id="22">1535.2444</dst>
      <dst id="7">10301.8578</dst>
      <dst id="2">404.5333</dst>
      <dst id="6">5263.3511</dst>
      <dst id="16">2023.3067</dst>
      <dst id="14">5574.4089</dst>
      <dst id="20">143.8311</dst>
      <dst id="11">1292.0800</dst>
      <dst id="9">489.2533</dst>
      <dst id="17">32507.8578</dst>
      <dst id="21">2956.3289</dst>
      <dst id="15">7.2978</dst>
    </src>
    <src id="6">
      <dst id="12">7097.7778</dst>
      <dst id="13">3.9822</dst>
      <dst id="4">1282.9156</dst>
      <dst id="1">1.9378</dst>
      <dst id="22">34.0533</dst>
      <dst id="7">2.1422</dst>
      <dst id="2">1617.8489</dst>
      <dst id="14">12.8000</dst>
      <dst id="20">0.4000</dst>
      <dst id="9">13.8311</dst>
      <dst id="17">1001.5822</dst>
    </src>
    <src id="16">
      <dst id="12">1577.1556</dst>
      <dst id="13">124.9689</dst>
      <dst id="19">4458.4089</dst>
      <dst id="23">1.9289</dst>
      <dst id="8">1300.2044</dst>
      <dst id="18">3.3333</dst>
      <dst id="4">5352.2578</dst>
      <dst id="1">22020.4444</dst>
      <dst id="5">1162.5956</dst>
      <dst id="3">0.9333</dst>
      <dst id="7">1190.8089</dst>
      <dst id="2">116.5511</dst>
      <dst id="16">13.5378</dst>
      <dst id="14">376.0711</dst>
      <dst id="11">457.5822</dst>
      <dst id="9">1412.0978</dst>
      <dst id="17">7228.3733</dst>
      <dst id="21">1948.8000</dst>
    </src>
    <src id="14">
      <dst id="12">20561.7333</dst>
      <dst id="13">9.5733</dst>
      <dst id="19">4.3378</dst>
      <dst id="18">11.4222</dst>
      <dst id="4">2320.1156</dst>
      <dst id="1">64.0800</dst>
      <dst id="5">0.4444</dst>
      <dst id="3">72.6933</dst>
      <dst id="22">102.3200</dst>
      <dst id="7">51.8756</dst>
      <dst id="2">5127.0400</dst>
      <dst id="6">0.3556</dst>
      <dst id="16">2706.5156</dst>
      <dst id="11">55.0311</dst>
      <dst id="9">13.3333</dst>
      <dst id="17">7033.5200</dst>
      <dst id="21">47.4311</dst>
      <dst id="15">4.0444</dst>
    </src>
    <src id="20">
      <dst id="12">10113.1467</dst>
      <dst id="13">1388.8444</dst>
      <dst id="19">1.8756</dst>
      <dst id="23">0.4000</dst>
      <dst id="8">40.7111</dst>
      <dst id="18">2.4444</dst>
      <dst id="4">6802.9600</dst>
      <dst id="1">53.7511</dst>
      <dst id="5">1363.2000</dst>
      <dst id="3">89.4844</dst>
      <dst id="7">3537.0311</dst>
      <dst id="2">3793.4400</dst>
      <dst id="14">0.3556</dst>
      <dst id="11">450.7733</dst>
      <dst id="9">1904.0089</dst>
      <dst id="17">497.5022</dst>
      <dst id="21">112.7111</dst>
    </src>
    <src id="11">
      <dst id="12">360515.0844</dst>
      <dst id="13">1233.3333</dst>
      <dst id="19">12.1422</dst>
      <dst id="23">6.0000</dst>
      <dst id="8">122.0978</dst>
      <dst id="18">61.2622</dst>
      <dst id="4">10601.7778</dst>
      <dst id="1">572.4000</dst>
      <dst id="5">455.1022</dst>
      <dst id="3">398.1156</dst>
      <dst id="22">4925.6711</dst>
      <dst id="7">550.3733</dst>
      <dst id="2">115911.1733</dst>
      <dst id="6">1.3067</dst>
      <dst id="16">314.4978</dst>
      <dst id="14">62.0800</dst>
      <dst id="20">1289.9022</dst>
      <dst id="11">1269.2000</dst>
      <dst id="9">463.4489</dst>
      <dst id="17">139960.1956</dst>
      <dst id="21">250.0356</dst>
      <dst id="15">209.5289</dst>
    </src>
    <src id="9">
      <dst id="12">399662.9067</dst>
      <dst id="13">1408.6222</dst>
      <dst id="19">4.5956</dst>
      <dst id="23">38.3111</dst>
      <dst id="8">152.4978</dst>
      <dst id="18">149.0400</dst>
      <dst id="4">12601.2711</dst>
      <dst id="1">753.5733</dst>
      <dst id="5">1725.6889</dst>
      <dst id="3">6.0178</dst>
      <dst id="22">737.9111</dst>
      <dst id="7">432.6400</dst>
      <dst id="2">129881.0844</dst>
      <dst id="6">2.5778</dst>
      <dst id="16">117.4222</dst>
      <dst id="14">71.2533</dst>
      <dst id="20">15853.4933</dst>
      <dst id="11">728.0889</dst>
      <dst id="9">820.4089</dst>
      <dst id="17">144097.9467</dst>
      <dst id="21">144.6400</dst>
      <dst id="15">591.2800</dst>
    </src>
    <src id="17">
      <dst id="12">2553.2089</dst>
      <dst id="13">30342.3200</dst>
      <dst id="19">83.8400</dst>
      <dst id="23">6.4622</dst>
      <dst id="8">65906.7289</dst>
      <dst id="18">49.8756</dst>
      <dst id="4">76675.0844</dst>
      <dst id="1">2901.5022</dst>
      <dst id="5">118629.3422</dst>
      <dst id="3">3325.8489</dst>
      <dst id="22">4185.5467</dst>
      <dst id="7">3043.6444</dst>
      <dst id="2">5443.3956</dst>
      <dst id="6">171.0044</dst>
      <dst id="16">2525.2444</dst>
      <dst id="14">11640.4178</dst>
      <dst id="20">116.4178</dst>
      <dst id="11">71762.9422</dst>
      <dst id="9">129469.8133</dst>
      <dst id="17">1028.1422</dst>
      <dst id="21">4254.5422</dst>
      <dst id="15">14.5067</dst>
    </src>
    <src id="21">
      <dst id="12">18275.4578</dst>
      <dst id="13">4817.3422</dst>
      <dst id="19">97.3156</dst>
      <dst id="23">3.0578</dst>
      <dst id="8">43.2089</dst>
      <dst id="18">404.7911</dst>
      <dst id="4">19500.8978</dst>
      <dst id="1">1685.9556</dst>
      <dst id="5">108.4000</dst>
      <dst id="3">7197.6267</dst>
      <dst id="22">2778.8356</dst>
      <dst id="7">4586.4267</dst>
      <dst id="2">11153.9556</dst>
      <dst id="6">16.7733</dst>
      <dst id="16">99.0489</dst>
      <dst id="14">74.7644</dst>
      <dst id="20">5152.2044</dst>
      <dst id="11">1633.2711</dst>
      <dst id="9">225.1644</dst>
      <dst id="17">3509.0400</dst>
      <dst id="21">943.3333</dst>
      <dst id="15">1222.9156</dst>
    </src>
    <src id="15">
      <dst id="12">148.3022</dst>
      <dst id="13">58.7556</dst>
      <dst id="19">11.0400</dst>
      <dst id="23">1.2089</dst>
      <dst id="8">147.0933</dst>
      <dst id="18">26.7111</dst>
      <dst id="4">1770.3111</dst>
      <dst id="1">735.0044</dst>
      <dst id="5">76.4533</dst>
      <dst id="7">1148.2311</dst>
      <dst id="2">8.3378</dst>
      <dst id="6">0.4711</dst>
      <dst id="11">68.2756</dst>
      <dst id="9">291.8311</dst>
      <dst id="17">202.5244</dst>
      <dst id="21">177.2711</dst>
    </src>
  </IntraTM>
</TrafficMatrixFile>
