<?xml version="1.0" encoding="UTF-8" standalone="yes"?>
<TrafficMatrixFile xmlns:xsi="http://www.w3.org/2001/XMLSchema-instance" xsi:noNamespaceSchemaLocation="http://totem.run.montefiore.ulg.ac.be/Schema/TrafficMatrix-v1_2.xsd">
  <info>
    <title>Intradomain traffic matrix generated by geant-TM-all.pl</title>
    <date>2005-01-05T11:15:00</date>
    <duration>900</duration>
    <author>Steve Uhlig</author>
    <units>
        <unit type="bandwidth" value="kbps"/>
    </units>
  </info>
  <IntraTM ASID="20965">
    <src id="12">
      <dst id="12">201984.9244</dst>
      <dst id="13">12876.8889</dst>
      <dst id="19">563.3689</dst>
      <dst id="23">6.0444</dst>
      <dst id="8">2012.6578</dst>
      <dst id="18">192.7289</dst>
      <dst id="4">88939.2711</dst>
      <dst id="1">13557.7600</dst>
      <dst id="5">1554.5778</dst>
      <dst id="3">5000.0800</dst>
      <dst id="22">6719.1378</dst>
      <dst id="7">1644.2311</dst>
      <dst id="2">67094.7822</dst>
      <dst id="6">3.5644</dst>
      <dst id="16">5866.8533</dst>
      <dst id="14">129.5822</dst>
      <dst id="20">4285.2267</dst>
      <dst id="11">2113.4400</dst>
      <dst id="9">3855.2267</dst>
      <dst id="17">57268.1600</dst>
      <dst id="21">1336.2756</dst>
      <dst id="15">971.0844</dst>
    </src>
    <src id="13">
      <dst id="12">31449.9733</dst>
      <dst id="19">22731.4400</dst>
      <dst id="23">1558.4800</dst>
      <dst id="8">1895.3156</dst>
      <dst id="18">1635.5200</dst>
      <dst id="1">1312.6933</dst>
      <dst id="5">12879.1644</dst>
      <dst id="3">10981.6800</dst>
      <dst id="22">19321.3956</dst>
      <dst id="7">8954.0533</dst>
      <dst id="2">94290.8356</dst>
      <dst id="6">101.9556</dst>
      <dst id="16">5975.1200</dst>
      <dst id="14">1488.2667</dst>
      <dst id="20">4568.1511</dst>
      <dst id="11">11767.0756</dst>
      <dst id="9">20021.3778</dst>
      <dst id="17">37671.9111</dst>
      <dst id="21">6509.2800</dst>
      <dst id="15">593.3067</dst>
    </src>
    <src id="19">
      <dst id="12">10644.5778</dst>
      <dst id="13">313.1911</dst>
      <dst id="8">0.4267</dst>
      <dst id="18">126.0178</dst>
      <dst id="4">21206.9333</dst>
      <dst id="1">304.6844</dst>
      <dst id="5">28.5511</dst>
      <dst id="3">13.3333</dst>
      <dst id="22">2091.2800</dst>
      <dst id="7">3030.2222</dst>
      <dst id="2">45.4400</dst>
      <dst id="6">24.6756</dst>
      <dst id="16">5499.3956</dst>
      <dst id="14">50.8444</dst>
      <dst id="20">2.8178</dst>
      <dst id="11">398.1333</dst>
      <dst id="9">128.4000</dst>
      <dst id="17">333.7333</dst>
      <dst id="21">158.4356</dst>
      <dst id="15">1.8133</dst>
    </src>
    <src id="23">
      <dst id="12">136.8000</dst>
      <dst id="13">129.9111</dst>
      <dst id="19">14.0622</dst>
      <dst id="8">12.6222</dst>
      <dst id="18">0.6311</dst>
      <dst id="4">29.4400</dst>
      <dst id="1">66.6133</dst>
      <dst id="5">348.4800</dst>
      <dst id="3">211.8933</dst>
      <dst id="22">207.2267</dst>
      <dst id="7">91.9111</dst>
      <dst id="2">0.8444</dst>
      <dst id="16">3879.4222</dst>
      <dst id="20">11.1289</dst>
      <dst id="11">72.4889</dst>
      <dst id="9">1517.9644</dst>
      <dst id="17">95.8400</dst>
      <dst id="21">39.7511</dst>
      <dst id="15">14.6400</dst>
    </src>
    <src id="8">
      <dst id="12">282338.2667</dst>
      <dst id="13">581.4756</dst>
      <dst id="19">1.1200</dst>
      <dst id="18">1.0667</dst>
      <dst id="4">5408.5244</dst>
      <dst id="1">436.6311</dst>
      <dst id="5">279.0578</dst>
      <dst id="3">13.7511</dst>
      <dst id="22">751.1644</dst>
      <dst id="7">30.2222</dst>
      <dst id="2">105951.0044</dst>
      <dst id="16">708.9600</dst>
      <dst id="20">42.8978</dst>
      <dst id="11">7.1733</dst>
      <dst id="9">459.6000</dst>
      <dst id="17">99758.2844</dst>
      <dst id="21">133.6089</dst>
      <dst id="15">129.8667</dst>
    </src>
    <src id="18">
      <dst id="12">91808.8178</dst>
      <dst id="13">204.5156</dst>
      <dst id="19">6.1689</dst>
      <dst id="8">31.2178</dst>
      <dst id="4">2146.1867</dst>
      <dst id="1">801.2356</dst>
      <dst id="5">147.2444</dst>
      <dst id="3">19.6889</dst>
      <dst id="22">396.4089</dst>
      <dst id="7">4.9867</dst>
      <dst id="2">26480.2844</dst>
      <dst id="16">5.1111</dst>
      <dst id="14">14.3378</dst>
      <dst id="20">2.8711</dst>
      <dst id="11">56.7556</dst>
      <dst id="9">8.4622</dst>
      <dst id="17">37074.3200</dst>
      <dst id="21">135.8844</dst>
      <dst id="15">13.6889</dst>
    </src>
    <src id="4">
      <dst id="12">12392.9689</dst>
      <dst id="19">15459.0222</dst>
      <dst id="8">1896.9156</dst>
      <dst id="18">614.0444</dst>
      <dst id="1">83454.4889</dst>
      <dst id="5">948.3733</dst>
      <dst id="3">309.9822</dst>
      <dst id="22">2167.3778</dst>
      <dst id="7">62589.1289</dst>
      <dst id="2">66115.2089</dst>
      <dst id="6">14.2756</dst>
      <dst id="16">1011.3244</dst>
      <dst id="14">1258.4622</dst>
      <dst id="20">726.0622</dst>
      <dst id="11">2324.1956</dst>
      <dst id="9">3464.5956</dst>
      <dst id="17">18437.3867</dst>
      <dst id="21">3895.4400</dst>
      <dst id="15">1214.0622</dst>
    </src>
    <src id="1">
      <dst id="12">16141.4133</dst>
      <dst id="13">337.6889</dst>
      <dst id="19">0.4622</dst>
      <dst id="23">9.1911</dst>
      <dst id="8">63929.7422</dst>
      <dst id="18">12715.2444</dst>
      <dst id="4">6219.8578</dst>
      <dst id="1">5262.7733</dst>
      <dst id="5">135903.5556</dst>
      <dst id="3">150.9689</dst>
      <dst id="22">2833.6356</dst>
      <dst id="7">1170.1156</dst>
      <dst id="2">21948.9244</dst>
      <dst id="6">2939.7600</dst>
      <dst id="16">9207.4044</dst>
      <dst id="14">41.2444</dst>
      <dst id="20">1652.8800</dst>
      <dst id="11">147.5200</dst>
      <dst id="9">137822.9600</dst>
      <dst id="17">4966.7378</dst>
      <dst id="21">3107.4311</dst>
      <dst id="15">158.3111</dst>
    </src>
    <src id="5">
      <dst id="12">271357.1111</dst>
      <dst id="13">405.9733</dst>
      <dst id="19">17.4578</dst>
      <dst id="23">6.0800</dst>
      <dst id="8">617.1378</dst>
      <dst id="18">387.2444</dst>
      <dst id="4">5091.8489</dst>
      <dst id="1">493.1289</dst>
      <dst id="3">3.6089</dst>
      <dst id="22">4538.7111</dst>
      <dst id="7">251.7511</dst>
      <dst id="2">103620.3022</dst>
      <dst id="6">60.2667</dst>
      <dst id="16">549.9556</dst>
      <dst id="14">16.5244</dst>
      <dst id="20">28219.9467</dst>
      <dst id="11">306.2044</dst>
      <dst id="9">1054.5156</dst>
      <dst id="17">103177.2800</dst>
      <dst id="21">392.8356</dst>
      <dst id="15">118.9600</dst>
    </src>
    <src id="3">
      <dst id="12">11313.7600</dst>
      <dst id="13">5327.5289</dst>
      <dst id="19">1074.5244</dst>
      <dst id="23">7709.1556</dst>
      <dst id="8">20.0889</dst>
      <dst id="18">42649.9822</dst>
      <dst id="4">22354.6667</dst>
      <dst id="1">17978.2667</dst>
      <dst id="5">738.2222</dst>
      <dst id="3">10175.9733</dst>
      <dst id="22">3540.6756</dst>
      <dst id="7">5221.4400</dst>
      <dst id="2">17958.7378</dst>
      <dst id="16">1122.5244</dst>
      <dst id="14">14079.0311</dst>
      <dst id="20">3177.4844</dst>
      <dst id="11">109576.8356</dst>
      <dst id="9">97.4400</dst>
      <dst id="17">11061.0044</dst>
      <dst id="21">11251.7511</dst>
      <dst id="15">97.3244</dst>
    </src>
    <src id="10">
      <dst id="12">9504.8178</dst>
      <dst id="19">4077.8844</dst>
      <dst id="8">607.2978</dst>
      <dst id="18">302.1956</dst>
      <dst id="1">3327.4222</dst>
      <dst id="5">593.1556</dst>
      <dst id="3">1060.1333</dst>
      <dst id="22">1911.6800</dst>
      <dst id="7">116066.8978</dst>
      <dst id="2">20593.8133</dst>
      <dst id="6">14.9689</dst>
      <dst id="16">2649.0311</dst>
      <dst id="14">3304.8978</dst>
      <dst id="20">411.6178</dst>
      <dst id="11">4988.4889</dst>
      <dst id="9">1185.8578</dst>
      <dst id="17">17352.8622</dst>
      <dst id="21">4940.6133</dst>
      <dst id="15">533.9644</dst>
    </src>
    <src id="22">
      <dst id="12">6988.4444</dst>
      <dst id="13">1900.1511</dst>
      <dst id="19">165.2444</dst>
      <dst id="23">8.5689</dst>
      <dst id="8">254.6844</dst>
      <dst id="18">409.5111</dst>
      <dst id="4">18698.4711</dst>
      <dst id="1">687.2978</dst>
      <dst id="5">2835.3689</dst>
      <dst id="3">798.4711</dst>
      <dst id="7">3262.6222</dst>
      <dst id="2">1161.3333</dst>
      <dst id="16">4.6400</dst>
      <dst id="14">12.4089</dst>
      <dst id="11">877.1467</dst>
      <dst id="9">4125.5111</dst>
      <dst id="17">1508.5689</dst>
      <dst id="21">656.4889</dst>
    </src>
    <src id="7">
      <dst id="12">2486.9156</dst>
      <dst id="13">358.5956</dst>
      <dst id="19">116.0711</dst>
      <dst id="23">5.8933</dst>
      <dst id="8">133.9378</dst>
      <dst id="18">133.9733</dst>
      <dst id="4">26004.6133</dst>
      <dst id="1">1718.3556</dst>
      <dst id="5">951.4400</dst>
      <dst id="3">51.0844</dst>
      <dst id="22">5536.8178</dst>
      <dst id="7">766.4356</dst>
      <dst id="2">6849.4311</dst>
      <dst id="6">13.7244</dst>
      <dst id="16">483.1733</dst>
      <dst id="14">84.3378</dst>
      <dst id="20">238.8978</dst>
      <dst id="11">2728.4089</dst>
      <dst id="9">254.3111</dst>
      <dst id="17">3522.9600</dst>
      <dst id="21">2742.5067</dst>
      <dst id="15">81.1733</dst>
    </src>
    <src id="2">
      <dst id="12">52922.4800</dst>
      <dst id="13">520889.6800</dst>
      <dst id="19">163.9911</dst>
      <dst id="23">4.6489</dst>
      <dst id="8">155.0044</dst>
      <dst id="18">32050.5511</dst>
      <dst id="4">94274.8444</dst>
      <dst id="1">12386.2756</dst>
      <dst id="5">1669.8756</dst>
      <dst id="3">47.8222</dst>
      <dst id="22">1548.8800</dst>
      <dst id="7">21217.4933</dst>
      <dst id="2">412.9600</dst>
      <dst id="6">5691.1111</dst>
      <dst id="16">2127.8933</dst>
      <dst id="14">5561.3689</dst>
      <dst id="20">186.8889</dst>
      <dst id="11">1001.3422</dst>
      <dst id="9">2634.8089</dst>
      <dst id="17">39374.9511</dst>
      <dst id="21">864.0444</dst>
      <dst id="15">71.1378</dst>
    </src>
    <src id="6">
      <dst id="12">6695.8844</dst>
      <dst id="13">1.3956</dst>
      <dst id="19">36.3733</dst>
      <dst id="4">1149.1289</dst>
      <dst id="1">0.3378</dst>
      <dst id="5">2.2400</dst>
      <dst id="22">0.9778</dst>
      <dst id="7">13.7867</dst>
      <dst id="2">1835.7956</dst>
      <dst id="11">11.4667</dst>
      <dst id="9">78.8444</dst>
      <dst id="17">1245.1378</dst>
    </src>
    <src id="16">
      <dst id="12">2431.6444</dst>
      <dst id="13">135.9733</dst>
      <dst id="19">4963.7511</dst>
      <dst id="23">59.1644</dst>
      <dst id="8">1190.8622</dst>
      <dst id="18">24.6578</dst>
      <dst id="4">4624.2489</dst>
      <dst id="1">26567.7689</dst>
      <dst id="5">1629.0578</dst>
      <dst id="3">0.4267</dst>
      <dst id="7">1316.4444</dst>
      <dst id="2">174.5244</dst>
      <dst id="16">19.6978</dst>
      <dst id="14">294.6311</dst>
      <dst id="11">20.2044</dst>
      <dst id="9">779.5111</dst>
      <dst id="17">1911.2000</dst>
      <dst id="21">1707.7867</dst>
    </src>
    <src id="14">
      <dst id="12">19896.8533</dst>
      <dst id="13">12.5956</dst>
      <dst id="19">6.0622</dst>
      <dst id="23">0.4978</dst>
      <dst id="18">1.5733</dst>
      <dst id="4">3002.1156</dst>
      <dst id="1">42.6756</dst>
      <dst id="5">91.4133</dst>
      <dst id="3">42.8711</dst>
      <dst id="22">9.5378</dst>
      <dst id="7">63.0400</dst>
      <dst id="2">3270.8533</dst>
      <dst id="16">3.4489</dst>
      <dst id="20">1.1822</dst>
      <dst id="11">49.5200</dst>
      <dst id="9">70.5067</dst>
      <dst id="17">8848.3200</dst>
      <dst id="21">35.6622</dst>
      <dst id="15">0.3556</dst>
    </src>
    <src id="20">
      <dst id="12">845.1733</dst>
      <dst id="13">4934.8356</dst>
      <dst id="19">63.1111</dst>
      <dst id="23">0.3556</dst>
      <dst id="8">17.2089</dst>
      <dst id="18">3.0311</dst>
      <dst id="4">7317.2889</dst>
      <dst id="1">122.9956</dst>
      <dst id="5">4682.9511</dst>
      <dst id="3">1563.7156</dst>
      <dst id="7">1718.3289</dst>
      <dst id="2">5413.6444</dst>
      <dst id="11">323.1733</dst>
      <dst id="9">928.6844</dst>
      <dst id="17">3726.5600</dst>
      <dst id="21">102.9422</dst>
    </src>
    <src id="11">
      <dst id="12">403742.7289</dst>
      <dst id="13">691.0311</dst>
      <dst id="19">14.2400</dst>
      <dst id="23">7.8578</dst>
      <dst id="8">86.4178</dst>
      <dst id="18">30.4444</dst>
      <dst id="4">6437.9467</dst>
      <dst id="1">639.7511</dst>
      <dst id="5">413.4578</dst>
      <dst id="3">288.6489</dst>
      <dst id="22">1680.9956</dst>
      <dst id="7">664.6311</dst>
      <dst id="2">137131.6000</dst>
      <dst id="6">0.3556</dst>
      <dst id="16">33.7956</dst>
      <dst id="14">45.4667</dst>
      <dst id="20">60.2400</dst>
      <dst id="11">1149.9733</dst>
      <dst id="9">219.2889</dst>
      <dst id="17">144446.6311</dst>
      <dst id="21">203.3067</dst>
      <dst id="15">120.3111</dst>
    </src>
    <src id="9">
      <dst id="12">429797.2711</dst>
      <dst id="13">1688.9956</dst>
      <dst id="19">12.2044</dst>
      <dst id="23">47.2533</dst>
      <dst id="8">67.8311</dst>
      <dst id="18">34.1689</dst>
      <dst id="4">8506.8089</dst>
      <dst id="1">941.9467</dst>
      <dst id="5">1022.6667</dst>
      <dst id="3">10.9600</dst>
      <dst id="22">1680.9778</dst>
      <dst id="7">91.9733</dst>
      <dst id="2">136540.6489</dst>
      <dst id="6">0.3378</dst>
      <dst id="16">173.4400</dst>
      <dst id="14">388.2133</dst>
      <dst id="20">2917.2889</dst>
      <dst id="11">1498.3200</dst>
      <dst id="9">1052.8356</dst>
      <dst id="17">167852.0533</dst>
      <dst id="21">169.0400</dst>
      <dst id="15">902.5067</dst>
    </src>
    <src id="17">
      <dst id="12">4284.4711</dst>
      <dst id="13">4817.2267</dst>
      <dst id="19">48.4356</dst>
      <dst id="23">8.5511</dst>
      <dst id="8">75504.8000</dst>
      <dst id="18">440.7644</dst>
      <dst id="4">165873.4667</dst>
      <dst id="1">3162.8889</dst>
      <dst id="5">186280.1867</dst>
      <dst id="3">8763.8933</dst>
      <dst id="22">2589.4489</dst>
      <dst id="7">2011.7511</dst>
      <dst id="2">10153.9022</dst>
      <dst id="6">11.5911</dst>
      <dst id="16">4598.2400</dst>
      <dst id="14">18196.1511</dst>
      <dst id="20">268.6667</dst>
      <dst id="11">74946.9333</dst>
      <dst id="9">129868.8711</dst>
      <dst id="17">1249.5289</dst>
      <dst id="21">3265.2356</dst>
      <dst id="15">43.6356</dst>
    </src>
    <src id="21">
      <dst id="12">11676.7822</dst>
      <dst id="13">1695.3333</dst>
      <dst id="19">306.0533</dst>
      <dst id="23">6.0711</dst>
      <dst id="8">21.0667</dst>
      <dst id="18">397.4756</dst>
      <dst id="4">20771.2089</dst>
      <dst id="1">6570.8533</dst>
      <dst id="5">80.9156</dst>
      <dst id="3">8936.9867</dst>
      <dst id="22">1475.1467</dst>
      <dst id="7">3365.4222</dst>
      <dst id="2">19092.4711</dst>
      <dst id="6">4.3467</dst>
      <dst id="16">201.2089</dst>
      <dst id="14">133.7956</dst>
      <dst id="20">1319.8756</dst>
      <dst id="11">480.5244</dst>
      <dst id="9">564.1600</dst>
      <dst id="17">2919.0489</dst>
      <dst id="21">969.8578</dst>
      <dst id="15">8.3911</dst>
    </src>
    <src id="15">
      <dst id="12">129.3867</dst>
      <dst id="13">215.4311</dst>
      <dst id="19">28.7378</dst>
      <dst id="23">5.1911</dst>
      <dst id="8">67.6622</dst>
      <dst id="18">13.9289</dst>
      <dst id="4">2590.7822</dst>
      <dst id="1">922.1600</dst>
      <dst id="5">19.2533</dst>
      <dst id="7">1040.7200</dst>
      <dst id="2">4334.3111</dst>
      <dst id="14">0.3556</dst>
      <dst id="11">351.1111</dst>
      <dst id="9">957.1378</dst>
      <dst id="17">2609.6267</dst>
      <dst id="21">109.6533</dst>
    </src>
  </IntraTM>
</TrafficMatrixFile>
