<?xml version="1.0" encoding="UTF-8" standalone="yes"?>
<TrafficMatrixFile xmlns:xsi="http://www.w3.org/2001/XMLSchema-instance" xsi:noNamespaceSchemaLocation="http://totem.run.montefiore.ulg.ac.be/Schema/TrafficMatrix-v1_2.xsd">
  <info>
    <title>Intradomain traffic matrix generated by geant-TM-all.pl</title>
    <date>2005-01-03T16:00:00</date>
    <duration>900</duration>
    <author>Steve Uhlig</author>
    <units>
        <unit type="bandwidth" value="kbps"/>
    </units>
  </info>
  <IntraTM ASID="20965">
    <src id="12">
      <dst id="12">174659.0489</dst>
      <dst id="13">13345.8222</dst>
      <dst id="19">3188.0178</dst>
      <dst id="23">15924.9422</dst>
      <dst id="8">1192.2400</dst>
      <dst id="18">683.2800</dst>
      <dst id="4">72892.3733</dst>
      <dst id="1">6965.7422</dst>
      <dst id="5">1451.2000</dst>
      <dst id="3">1136.7378</dst>
      <dst id="22">3170.3467</dst>
      <dst id="7">1603.6444</dst>
      <dst id="2">55004.5422</dst>
      <dst id="6">3.1378</dst>
      <dst id="16">6057.9378</dst>
      <dst id="14">125.3244</dst>
      <dst id="20">608.8889</dst>
      <dst id="11">10940.5956</dst>
      <dst id="9">2412.7200</dst>
      <dst id="17">57183.6089</dst>
      <dst id="21">3606.5778</dst>
      <dst id="15">320.4000</dst>
    </src>
    <src id="13">
      <dst id="12">30152.5156</dst>
      <dst id="19">3741.7244</dst>
      <dst id="23">12.4000</dst>
      <dst id="8">944.8622</dst>
      <dst id="18">1708.1778</dst>
      <dst id="1">2194.3644</dst>
      <dst id="5">3799.4400</dst>
      <dst id="3">5824.4622</dst>
      <dst id="22">18863.7244</dst>
      <dst id="7">4947.8222</dst>
      <dst id="2">56404.3822</dst>
      <dst id="6">272.8978</dst>
      <dst id="16">25785.4311</dst>
      <dst id="14">1788.9511</dst>
      <dst id="20">8164.8089</dst>
      <dst id="11">12432.9956</dst>
      <dst id="9">7277.9911</dst>
      <dst id="17">29512.9600</dst>
      <dst id="21">5168.1422</dst>
      <dst id="15">6454.7111</dst>
    </src>
    <src id="19">
      <dst id="12">14036.4889</dst>
      <dst id="13">29.4667</dst>
      <dst id="23">0.3378</dst>
      <dst id="8">0.6489</dst>
      <dst id="18">3.0933</dst>
      <dst id="4">18660.6311</dst>
      <dst id="1">191.3333</dst>
      <dst id="5">13.3333</dst>
      <dst id="3">14.7556</dst>
      <dst id="22">4.7467</dst>
      <dst id="7">3215.8489</dst>
      <dst id="2">81.5733</dst>
      <dst id="6">72.4267</dst>
      <dst id="16">10216.1067</dst>
      <dst id="20">0.8178</dst>
      <dst id="11">43.7689</dst>
      <dst id="9">11002.8889</dst>
      <dst id="17">1261.6444</dst>
      <dst id="21">46.4356</dst>
    </src>
    <src id="23">
      <dst id="12">325.3422</dst>
      <dst id="13">29.7067</dst>
      <dst id="8">40.0000</dst>
      <dst id="4">12.4978</dst>
      <dst id="1">41.9289</dst>
      <dst id="3">189.4756</dst>
      <dst id="22">314.3289</dst>
      <dst id="7">209.1467</dst>
      <dst id="2">1.9556</dst>
      <dst id="16">338.9600</dst>
      <dst id="11">1.1556</dst>
      <dst id="9">373.7067</dst>
      <dst id="17">64.3644</dst>
      <dst id="21">50.4889</dst>
    </src>
    <src id="8">
      <dst id="12">260986.4000</dst>
      <dst id="13">502.9867</dst>
      <dst id="19">2.5067</dst>
      <dst id="4">7031.3867</dst>
      <dst id="1">78.4978</dst>
      <dst id="5">1056.9511</dst>
      <dst id="3">54.5778</dst>
      <dst id="22">2438.2222</dst>
      <dst id="7">121.4222</dst>
      <dst id="2">99476.9244</dst>
      <dst id="16">164.4622</dst>
      <dst id="14">0.7111</dst>
      <dst id="20">719.9556</dst>
      <dst id="11">483.9378</dst>
      <dst id="9">95.2622</dst>
      <dst id="17">86152.8178</dst>
      <dst id="21">59.9200</dst>
      <dst id="15">24.2844</dst>
    </src>
    <src id="18">
      <dst id="12">97531.1911</dst>
      <dst id="13">123.3156</dst>
      <dst id="19">2.5422</dst>
      <dst id="23">0.7644</dst>
      <dst id="8">0.4356</dst>
      <dst id="4">1408.6844</dst>
      <dst id="1">740.6578</dst>
      <dst id="5">214.0800</dst>
      <dst id="3">94.2578</dst>
      <dst id="22">159.8400</dst>
      <dst id="7">41.2267</dst>
      <dst id="2">25765.7511</dst>
      <dst id="16">37.5556</dst>
      <dst id="20">0.3556</dst>
      <dst id="11">146.9067</dst>
      <dst id="9">72.8889</dst>
      <dst id="17">36045.7422</dst>
      <dst id="21">395.3067</dst>
      <dst id="15">4.8444</dst>
    </src>
    <src id="4">
      <dst id="12">10487.1289</dst>
      <dst id="19">15101.0400</dst>
      <dst id="23">0.4622</dst>
      <dst id="8">955.0222</dst>
      <dst id="18">1398.3733</dst>
      <dst id="4">2.4978</dst>
      <dst id="1">8280.2578</dst>
      <dst id="5">1645.1200</dst>
      <dst id="3">151.9822</dst>
      <dst id="22">3836.7556</dst>
      <dst id="7">135022.5422</dst>
      <dst id="2">41776.0178</dst>
      <dst id="6">162.1867</dst>
      <dst id="16">1644.9778</dst>
      <dst id="14">585.6267</dst>
      <dst id="20">848.3467</dst>
      <dst id="11">1581.5911</dst>
      <dst id="9">3312.2489</dst>
      <dst id="17">92775.3511</dst>
      <dst id="21">3134.0356</dst>
      <dst id="15">1972.5778</dst>
    </src>
    <src id="1">
      <dst id="12">21100.3200</dst>
      <dst id="13">422.1600</dst>
      <dst id="19">78.8978</dst>
      <dst id="23">40.6844</dst>
      <dst id="8">72071.9467</dst>
      <dst id="18">14206.3911</dst>
      <dst id="4">5472.2756</dst>
      <dst id="1">92670.8444</dst>
      <dst id="5">129309.0756</dst>
      <dst id="3">95.8667</dst>
      <dst id="22">986.9156</dst>
      <dst id="7">1155.0400</dst>
      <dst id="2">1816.2222</dst>
      <dst id="6">6105.6978</dst>
      <dst id="16">14875.3422</dst>
      <dst id="14">20.3289</dst>
      <dst id="20">64.3022</dst>
      <dst id="11">303.8222</dst>
      <dst id="9">152228.4356</dst>
      <dst id="17">2980.6400</dst>
      <dst id="21">1666.4000</dst>
      <dst id="15">98.7644</dst>
    </src>
    <src id="5">
      <dst id="12">231747.9022</dst>
      <dst id="13">9117.6000</dst>
      <dst id="19">0.3911</dst>
      <dst id="8">396.4444</dst>
      <dst id="18">58.4622</dst>
      <dst id="4">3966.7022</dst>
      <dst id="1">139.4756</dst>
      <dst id="3">0.8178</dst>
      <dst id="22">1580.8356</dst>
      <dst id="7">66.5333</dst>
      <dst id="2">75994.0178</dst>
      <dst id="6">0.8889</dst>
      <dst id="16">287.9733</dst>
      <dst id="20">189.4311</dst>
      <dst id="11">1159.0667</dst>
      <dst id="9">4552.1867</dst>
      <dst id="17">92561.4133</dst>
      <dst id="21">74.1156</dst>
      <dst id="15">18.0800</dst>
    </src>
    <src id="3">
      <dst id="12">17488.6133</dst>
      <dst id="13">1758.1778</dst>
      <dst id="19">1164.2489</dst>
      <dst id="23">8526.6311</dst>
      <dst id="8">9.0400</dst>
      <dst id="18">49701.5378</dst>
      <dst id="4">15592.0622</dst>
      <dst id="1">22546.9156</dst>
      <dst id="5">177.6622</dst>
      <dst id="3">6292.7022</dst>
      <dst id="22">160.6044</dst>
      <dst id="7">1368.1778</dst>
      <dst id="2">3063.3600</dst>
      <dst id="6">0.4622</dst>
      <dst id="16">1002.0978</dst>
      <dst id="14">19955.0578</dst>
      <dst id="20">13.7689</dst>
      <dst id="11">90998.4978</dst>
      <dst id="9">172.3644</dst>
      <dst id="17">3025.3333</dst>
      <dst id="21">9811.9022</dst>
      <dst id="15">35.3600</dst>
    </src>
    <src id="10">
      <dst id="12">9213.4044</dst>
      <dst id="19">845.3956</dst>
      <dst id="8">679.3067</dst>
      <dst id="18">371.5911</dst>
      <dst id="1">1736.3378</dst>
      <dst id="5">394.9511</dst>
      <dst id="3">14065.2444</dst>
      <dst id="22">5629.3600</dst>
      <dst id="7">57612.7911</dst>
      <dst id="2">23442.2667</dst>
      <dst id="6">1.1200</dst>
      <dst id="16">5285.5644</dst>
      <dst id="14">355.8044</dst>
      <dst id="20">1882.4178</dst>
      <dst id="11">6010.8089</dst>
      <dst id="9">2709.3333</dst>
      <dst id="17">22251.2356</dst>
      <dst id="21">11778.9511</dst>
      <dst id="15">266.6222</dst>
    </src>
    <src id="22">
      <dst id="12">3339.2533</dst>
      <dst id="13">1368.0356</dst>
      <dst id="19">17.8844</dst>
      <dst id="23">16.7378</dst>
      <dst id="8">426.1778</dst>
      <dst id="18">408.1156</dst>
      <dst id="4">18544.1600</dst>
      <dst id="1">76.2933</dst>
      <dst id="5">2420.8356</dst>
      <dst id="3">197.0756</dst>
      <dst id="7">575.7778</dst>
      <dst id="2">6987.2356</dst>
      <dst id="6">1.8133</dst>
      <dst id="16">0.3556</dst>
      <dst id="14">3.5822</dst>
      <dst id="11">1648.8978</dst>
      <dst id="9">1736.8267</dst>
      <dst id="17">3682.9067</dst>
      <dst id="21">1073.3333</dst>
    </src>
    <src id="7">
      <dst id="12">6023.1200</dst>
      <dst id="13">1312.8711</dst>
      <dst id="19">143.4222</dst>
      <dst id="23">55.1911</dst>
      <dst id="8">244.6044</dst>
      <dst id="18">106.6667</dst>
      <dst id="4">28628.6400</dst>
      <dst id="1">845.9822</dst>
      <dst id="5">839.6089</dst>
      <dst id="3">130.4711</dst>
      <dst id="22">2074.3556</dst>
      <dst id="7">794.6133</dst>
      <dst id="2">3206.2311</dst>
      <dst id="6">4.6133</dst>
      <dst id="16">128.5244</dst>
      <dst id="14">43.9200</dst>
      <dst id="20">131.9378</dst>
      <dst id="11">453.5556</dst>
      <dst id="9">338.9511</dst>
      <dst id="17">5041.7067</dst>
      <dst id="21">1657.5111</dst>
      <dst id="15">76.5333</dst>
    </src>
    <src id="2">
      <dst id="12">59306.3289</dst>
      <dst id="13">514020.4000</dst>
      <dst id="19">1159.2622</dst>
      <dst id="8">481.7422</dst>
      <dst id="18">36386.8889</dst>
      <dst id="4">56294.8356</dst>
      <dst id="1">11256.6756</dst>
      <dst id="5">1420.6222</dst>
      <dst id="3">32.2489</dst>
      <dst id="22">1130.6044</dst>
      <dst id="7">5517.9289</dst>
      <dst id="2">421.5200</dst>
      <dst id="6">10078.9689</dst>
      <dst id="16">5994.7022</dst>
      <dst id="14">5758.4267</dst>
      <dst id="20">416.8800</dst>
      <dst id="11">753.3956</dst>
      <dst id="9">1024.5244</dst>
      <dst id="17">14667.3156</dst>
      <dst id="21">14104.3822</dst>
      <dst id="15">158.3378</dst>
    </src>
    <src id="6">
      <dst id="12">8932.5956</dst>
      <dst id="13">18.4800</dst>
      <dst id="19">4.8711</dst>
      <dst id="4">1035.9822</dst>
      <dst id="1">13.6622</dst>
      <dst id="22">0.9511</dst>
      <dst id="7">53.0489</dst>
      <dst id="2">1575.3156</dst>
      <dst id="16">12.9778</dst>
      <dst id="20">1.2533</dst>
      <dst id="11">15.5289</dst>
      <dst id="17">926.1689</dst>
      <dst id="21">0.5156</dst>
    </src>
    <src id="16">
      <dst id="12">2059.5644</dst>
      <dst id="13">125.3333</dst>
      <dst id="19">3006.8000</dst>
      <dst id="23">15.3600</dst>
      <dst id="8">2756.1422</dst>
      <dst id="18">4.2400</dst>
      <dst id="4">5072.6756</dst>
      <dst id="1">20101.6711</dst>
      <dst id="5">2310.5867</dst>
      <dst id="3">0.7111</dst>
      <dst id="7">1957.8933</dst>
      <dst id="2">384.8000</dst>
      <dst id="6">0.3556</dst>
      <dst id="16">22.7200</dst>
      <dst id="11">42.0800</dst>
      <dst id="9">3577.7600</dst>
      <dst id="17">251.9822</dst>
      <dst id="21">2229.6711</dst>
    </src>
    <src id="14">
      <dst id="12">14122.7556</dst>
      <dst id="13">45.2533</dst>
      <dst id="19">6.3111</dst>
      <dst id="8">0.3556</dst>
      <dst id="4">1704.5956</dst>
      <dst id="1">46.1511</dst>
      <dst id="5">8.8356</dst>
      <dst id="3">49.6800</dst>
      <dst id="22">23.4933</dst>
      <dst id="7">27.3333</dst>
      <dst id="2">4084.5156</dst>
      <dst id="11">15.4578</dst>
      <dst id="9">1.0578</dst>
      <dst id="17">3389.4311</dst>
      <dst id="21">59.5911</dst>
    </src>
    <src id="20">
      <dst id="12">10068.8800</dst>
      <dst id="13">462.2044</dst>
      <dst id="19">2.4267</dst>
      <dst id="8">963.1378</dst>
      <dst id="18">0.6667</dst>
      <dst id="4">10802.0800</dst>
      <dst id="1">58.3378</dst>
      <dst id="5">213.8844</dst>
      <dst id="3">206.3911</dst>
      <dst id="7">218.7378</dst>
      <dst id="2">5439.0844</dst>
      <dst id="14">0.3556</dst>
      <dst id="11">24.2933</dst>
      <dst id="9">1479.5822</dst>
      <dst id="17">399.9022</dst>
      <dst id="21">161.6533</dst>
    </src>
    <src id="11">
      <dst id="12">326277.0489</dst>
      <dst id="13">622.0711</dst>
      <dst id="19">41.9111</dst>
      <dst id="23">1.5644</dst>
      <dst id="8">767.0489</dst>
      <dst id="18">477.9644</dst>
      <dst id="4">8710.9333</dst>
      <dst id="1">365.5467</dst>
      <dst id="5">483.8844</dst>
      <dst id="3">333.8667</dst>
      <dst id="22">1285.9200</dst>
      <dst id="7">482.6578</dst>
      <dst id="2">101187.3689</dst>
      <dst id="6">156.9600</dst>
      <dst id="16">31.2800</dst>
      <dst id="14">65.0044</dst>
      <dst id="20">92.4000</dst>
      <dst id="11">500.7022</dst>
      <dst id="9">704.2844</dst>
      <dst id="17">101185.7422</dst>
      <dst id="21">312.4889</dst>
      <dst id="15">210.9600</dst>
    </src>
    <src id="9">
      <dst id="12">360370.0800</dst>
      <dst id="13">7665.5822</dst>
      <dst id="19">411.4133</dst>
      <dst id="23">17.1911</dst>
      <dst id="8">132.3911</dst>
      <dst id="18">50.8356</dst>
      <dst id="4">11845.4133</dst>
      <dst id="1">932.9333</dst>
      <dst id="5">1284.5689</dst>
      <dst id="3">144.7556</dst>
      <dst id="22">4079.4044</dst>
      <dst id="7">253.8400</dst>
      <dst id="2">120881.1289</dst>
      <dst id="6">1.5644</dst>
      <dst id="16">1280.5778</dst>
      <dst id="14">4.1778</dst>
      <dst id="20">1615.3067</dst>
      <dst id="11">647.8667</dst>
      <dst id="9">75.0756</dst>
      <dst id="17">162059.2889</dst>
      <dst id="21">430.5244</dst>
      <dst id="15">447.3156</dst>
    </src>
    <src id="17">
      <dst id="12">1492.8356</dst>
      <dst id="13">441.8400</dst>
      <dst id="19">164.5867</dst>
      <dst id="23">3.2089</dst>
      <dst id="8">97472.2044</dst>
      <dst id="18">90.2311</dst>
      <dst id="4">41474.1244</dst>
      <dst id="1">1669.7956</dst>
      <dst id="5">125686.0178</dst>
      <dst id="3">4086.5600</dst>
      <dst id="22">2991.1200</dst>
      <dst id="7">842.1956</dst>
      <dst id="2">18517.4578</dst>
      <dst id="6">1.9111</dst>
      <dst id="16">2708.3378</dst>
      <dst id="14">12053.2622</dst>
      <dst id="20">5348.1956</dst>
      <dst id="11">68909.2444</dst>
      <dst id="9">115953.6800</dst>
      <dst id="17">1316.8089</dst>
      <dst id="21">3541.3956</dst>
      <dst id="15">114.4533</dst>
    </src>
    <src id="21">
      <dst id="12">17865.5556</dst>
      <dst id="13">477.3422</dst>
      <dst id="19">142.7556</dst>
      <dst id="23">1.5644</dst>
      <dst id="8">307.8667</dst>
      <dst id="18">1813.0311</dst>
      <dst id="4">15943.8400</dst>
      <dst id="1">942.8178</dst>
      <dst id="5">430.6311</dst>
      <dst id="3">1750.0800</dst>
      <dst id="22">1753.6711</dst>
      <dst id="7">1805.4222</dst>
      <dst id="2">5601.7689</dst>
      <dst id="16">190.9600</dst>
      <dst id="14">82.0978</dst>
      <dst id="20">60.3289</dst>
      <dst id="11">432.3111</dst>
      <dst id="9">1466.4356</dst>
      <dst id="17">2122.7200</dst>
      <dst id="21">782.9956</dst>
      <dst id="15">32.1778</dst>
    </src>
    <src id="15">
      <dst id="12">9786.8267</dst>
      <dst id="13">247.4311</dst>
      <dst id="19">11.5200</dst>
      <dst id="8">38.5422</dst>
      <dst id="18">1.3244</dst>
      <dst id="4">1981.5556</dst>
      <dst id="1">556.8711</dst>
      <dst id="5">64.7467</dst>
      <dst id="3">7.8844</dst>
      <dst id="7">40.7644</dst>
      <dst id="2">387.4756</dst>
      <dst id="14">0.6489</dst>
      <dst id="11">216.2933</dst>
      <dst id="9">226.2756</dst>
      <dst id="17">7588.3733</dst>
      <dst id="21">39.7956</dst>
    </src>
  </IntraTM>
</TrafficMatrixFile>
