<?xml version="1.0" encoding="UTF-8" standalone="yes"?>
<TrafficMatrixFile xmlns:xsi="http://www.w3.org/2001/XMLSchema-instance" xsi:noNamespaceSchemaLocation="http://totem.run.montefiore.ulg.ac.be/Schema/TrafficMatrix-v1_2.xsd">
  <info>
    <title>Intradomain traffic matrix generated by geant-TM-all.pl</title>
    <date>2005-01-05T12:00:00</date>
    <duration>900</duration>
    <author>Steve Uhlig</author>
    <units>
        <unit type="bandwidth" value="kbps"/>
    </units>
  </info>
  <IntraTM ASID="20965">
    <src id="12">
      <dst id="12">189903.3511</dst>
      <dst id="13">10980.0711</dst>
      <dst id="19">861.7778</dst>
      <dst id="23">76.1689</dst>
      <dst id="8">59.1022</dst>
      <dst id="18">331.2356</dst>
      <dst id="4">78820.1422</dst>
      <dst id="1">8566.6578</dst>
      <dst id="5">1933.8222</dst>
      <dst id="3">4790.7644</dst>
      <dst id="22">4543.8578</dst>
      <dst id="7">1384.2667</dst>
      <dst id="2">63522.2844</dst>
      <dst id="6">1.7956</dst>
      <dst id="16">4857.8222</dst>
      <dst id="14">256.0800</dst>
      <dst id="20">7243.4844</dst>
      <dst id="11">1665.4133</dst>
      <dst id="9">2019.9378</dst>
      <dst id="17">69522.1333</dst>
      <dst id="21">963.0667</dst>
      <dst id="15">806.7200</dst>
    </src>
    <src id="13">
      <dst id="12">40953.5289</dst>
      <dst id="19">25223.1111</dst>
      <dst id="23">190.9067</dst>
      <dst id="8">1632.8178</dst>
      <dst id="18">2098.7289</dst>
      <dst id="1">1833.4489</dst>
      <dst id="5">3714.2222</dst>
      <dst id="3">6163.8933</dst>
      <dst id="22">20123.6889</dst>
      <dst id="7">11241.4222</dst>
      <dst id="2">75142.4000</dst>
      <dst id="6">30.6844</dst>
      <dst id="16">7975.2889</dst>
      <dst id="14">7139.0311</dst>
      <dst id="20">6679.8222</dst>
      <dst id="11">8511.9378</dst>
      <dst id="9">16532.8978</dst>
      <dst id="17">35931.6089</dst>
      <dst id="21">11755.5911</dst>
      <dst id="15">1000.3733</dst>
    </src>
    <src id="19">
      <dst id="12">14584.7378</dst>
      <dst id="13">456.4267</dst>
      <dst id="23">0.4622</dst>
      <dst id="8">0.4978</dst>
      <dst id="18">225.7422</dst>
      <dst id="4">18980.9689</dst>
      <dst id="1">508.2667</dst>
      <dst id="5">66.9067</dst>
      <dst id="3">1.7867</dst>
      <dst id="22">57.4756</dst>
      <dst id="7">3709.5911</dst>
      <dst id="2">327.5289</dst>
      <dst id="6">2.4711</dst>
      <dst id="16">6186.3111</dst>
      <dst id="14">0.3556</dst>
      <dst id="20">0.4978</dst>
      <dst id="11">115.8311</dst>
      <dst id="9">1.1733</dst>
      <dst id="17">370.3378</dst>
      <dst id="21">401.5556</dst>
      <dst id="15">2.4889</dst>
    </src>
    <src id="23">
      <dst id="12">260.7378</dst>
      <dst id="13">54.0356</dst>
      <dst id="19">14.0089</dst>
      <dst id="18">0.4089</dst>
      <dst id="4">197.6889</dst>
      <dst id="1">29.0489</dst>
      <dst id="5">1.3156</dst>
      <dst id="3">241.4844</dst>
      <dst id="22">773.1733</dst>
      <dst id="7">66.1422</dst>
      <dst id="2">5.0667</dst>
      <dst id="16">13.9822</dst>
      <dst id="11">96.8978</dst>
      <dst id="9">869.1556</dst>
      <dst id="17">28.5156</dst>
      <dst id="21">56.6844</dst>
      <dst id="15">15.5822</dst>
    </src>
    <src id="8">
      <dst id="12">271103.0933</dst>
      <dst id="13">523.4133</dst>
      <dst id="18">63.5733</dst>
      <dst id="4">4553.9289</dst>
      <dst id="1">350.6311</dst>
      <dst id="5">382.3022</dst>
      <dst id="22">397.3067</dst>
      <dst id="7">5.1111</dst>
      <dst id="2">101781.6000</dst>
      <dst id="16">58.6489</dst>
      <dst id="14">0.8889</dst>
      <dst id="20">93.4400</dst>
      <dst id="11">82.6933</dst>
      <dst id="9">415.2800</dst>
      <dst id="17">91413.4844</dst>
      <dst id="21">201.4667</dst>
      <dst id="15">13.6533</dst>
    </src>
    <src id="18">
      <dst id="12">85529.9822</dst>
      <dst id="13">30.0622</dst>
      <dst id="19">16.2222</dst>
      <dst id="23">1.8489</dst>
      <dst id="8">78.1956</dst>
      <dst id="4">1673.1111</dst>
      <dst id="1">954.7556</dst>
      <dst id="5">125.7067</dst>
      <dst id="3">2.7556</dst>
      <dst id="22">82.4000</dst>
      <dst id="7">14.0178</dst>
      <dst id="2">22881.0133</dst>
      <dst id="16">34.0533</dst>
      <dst id="14">14.9244</dst>
      <dst id="20">1.0311</dst>
      <dst id="11">10.3467</dst>
      <dst id="9">338.7911</dst>
      <dst id="17">37819.9111</dst>
      <dst id="21">30.8089</dst>
      <dst id="15">32.7822</dst>
    </src>
    <src id="4">
      <dst id="12">9614.6044</dst>
      <dst id="19">15718.6933</dst>
      <dst id="8">807.1822</dst>
      <dst id="18">180.4267</dst>
      <dst id="4">2.0533</dst>
      <dst id="1">107025.4578</dst>
      <dst id="5">805.6889</dst>
      <dst id="3">1649.7422</dst>
      <dst id="22">2990.6222</dst>
      <dst id="7">25943.2089</dst>
      <dst id="2">50263.2533</dst>
      <dst id="6">1.3067</dst>
      <dst id="16">496.1867</dst>
      <dst id="14">1017.2978</dst>
      <dst id="20">660.6844</dst>
      <dst id="11">1563.3244</dst>
      <dst id="9">3640.8356</dst>
      <dst id="17">15271.1111</dst>
      <dst id="21">7767.1022</dst>
      <dst id="15">472.5067</dst>
    </src>
    <src id="1">
      <dst id="12">19829.6711</dst>
      <dst id="13">1859.0933</dst>
      <dst id="19">20.5778</dst>
      <dst id="23">22.8711</dst>
      <dst id="8">60891.0578</dst>
      <dst id="18">12241.4400</dst>
      <dst id="4">8946.8000</dst>
      <dst id="1">6969.3333</dst>
      <dst id="5">135315.2978</dst>
      <dst id="3">109.2267</dst>
      <dst id="22">1552.8089</dst>
      <dst id="7">5493.3156</dst>
      <dst id="2">21362.5511</dst>
      <dst id="6">3488.9867</dst>
      <dst id="16">9768.9867</dst>
      <dst id="14">71.4311</dst>
      <dst id="20">103.0222</dst>
      <dst id="11">279.4756</dst>
      <dst id="9">121345.6533</dst>
      <dst id="17">4324.1244</dst>
      <dst id="21">7455.0667</dst>
      <dst id="15">170.9333</dst>
    </src>
    <src id="5">
      <dst id="12">244212.1067</dst>
      <dst id="13">756.3022</dst>
      <dst id="19">25.4578</dst>
      <dst id="23">1.9911</dst>
      <dst id="8">525.3867</dst>
      <dst id="18">474.4800</dst>
      <dst id="4">5131.0667</dst>
      <dst id="1">217.7956</dst>
      <dst id="3">4.9689</dst>
      <dst id="22">4841.7778</dst>
      <dst id="7">297.9200</dst>
      <dst id="2">103866.9422</dst>
      <dst id="6">0.7111</dst>
      <dst id="16">500.3378</dst>
      <dst id="14">72.8533</dst>
      <dst id="20">145.7778</dst>
      <dst id="11">213.4222</dst>
      <dst id="9">508.2578</dst>
      <dst id="17">86766.3289</dst>
      <dst id="21">98.1156</dst>
      <dst id="15">57.0578</dst>
    </src>
    <src id="3">
      <dst id="12">14721.2889</dst>
      <dst id="13">2536.9067</dst>
      <dst id="19">1336.1956</dst>
      <dst id="23">8021.0667</dst>
      <dst id="8">73.3778</dst>
      <dst id="18">45836.5600</dst>
      <dst id="4">32168.0800</dst>
      <dst id="1">5225.0667</dst>
      <dst id="5">584.5156</dst>
      <dst id="3">8549.8400</dst>
      <dst id="22">3043.9822</dst>
      <dst id="7">3690.1422</dst>
      <dst id="2">9999.0844</dst>
      <dst id="6">15.3867</dst>
      <dst id="16">889.6356</dst>
      <dst id="14">13190.0356</dst>
      <dst id="20">970.8978</dst>
      <dst id="11">90462.2756</dst>
      <dst id="9">158.2933</dst>
      <dst id="17">11196.9156</dst>
      <dst id="21">12970.5067</dst>
      <dst id="15">847.2622</dst>
    </src>
    <src id="10">
      <dst id="12">11681.6356</dst>
      <dst id="19">2586.3378</dst>
      <dst id="8">266.7911</dst>
      <dst id="18">199.2089</dst>
      <dst id="4">0.7111</dst>
      <dst id="1">4850.2578</dst>
      <dst id="5">470.7556</dst>
      <dst id="3">576.0356</dst>
      <dst id="22">2683.5289</dst>
      <dst id="7">111082.8178</dst>
      <dst id="2">17829.6267</dst>
      <dst id="16">2600.0444</dst>
      <dst id="14">1195.8844</dst>
      <dst id="20">2520.2756</dst>
      <dst id="11">3144.7733</dst>
      <dst id="9">842.1244</dst>
      <dst id="17">22184.5333</dst>
      <dst id="21">4316.4444</dst>
      <dst id="15">858.7556</dst>
    </src>
    <src id="22">
      <dst id="12">8922.9156</dst>
      <dst id="13">6532.4089</dst>
      <dst id="19">58.3822</dst>
      <dst id="23">32.0444</dst>
      <dst id="8">157.8756</dst>
      <dst id="18">465.4667</dst>
      <dst id="4">16779.0400</dst>
      <dst id="1">1962.9067</dst>
      <dst id="5">2517.0933</dst>
      <dst id="3">472.7200</dst>
      <dst id="7">3239.7956</dst>
      <dst id="2">6167.4311</dst>
      <dst id="6">30.4533</dst>
      <dst id="16">4.0533</dst>
      <dst id="14">12.0267</dst>
      <dst id="11">1192.0178</dst>
      <dst id="9">2922.4622</dst>
      <dst id="17">4137.6444</dst>
      <dst id="21">557.6889</dst>
    </src>
    <src id="7">
      <dst id="12">2246.0267</dst>
      <dst id="13">251.7778</dst>
      <dst id="19">249.6444</dst>
      <dst id="23">7.6711</dst>
      <dst id="8">187.6000</dst>
      <dst id="18">192.0622</dst>
      <dst id="4">21996.6400</dst>
      <dst id="1">1205.8133</dst>
      <dst id="5">1137.4133</dst>
      <dst id="3">145.7422</dst>
      <dst id="22">6307.5200</dst>
      <dst id="7">866.6311</dst>
      <dst id="2">3794.0978</dst>
      <dst id="6">56.9778</dst>
      <dst id="16">632.3733</dst>
      <dst id="14">69.9822</dst>
      <dst id="20">199.1556</dst>
      <dst id="11">212.9156</dst>
      <dst id="9">370.7822</dst>
      <dst id="17">3421.5289</dst>
      <dst id="21">885.5111</dst>
      <dst id="15">58.0533</dst>
    </src>
    <src id="2">
      <dst id="12">52782.2133</dst>
      <dst id="13">509878.5600</dst>
      <dst id="19">531.7333</dst>
      <dst id="8">62.6044</dst>
      <dst id="18">33902.4444</dst>
      <dst id="4">100573.7422</dst>
      <dst id="1">11526.6489</dst>
      <dst id="5">2134.9244</dst>
      <dst id="3">36.1422</dst>
      <dst id="22">1511.4756</dst>
      <dst id="7">13383.1822</dst>
      <dst id="2">558.9956</dst>
      <dst id="6">5236.6044</dst>
      <dst id="16">4239.9733</dst>
      <dst id="14">5370.2400</dst>
      <dst id="20">314.0622</dst>
      <dst id="11">5538.0622</dst>
      <dst id="9">643.1911</dst>
      <dst id="17">35403.9733</dst>
      <dst id="21">722.5067</dst>
      <dst id="15">66.1067</dst>
    </src>
    <src id="6">
      <dst id="12">6208.1067</dst>
      <dst id="13">5.3067</dst>
      <dst id="19">126.2222</dst>
      <dst id="23">0.3378</dst>
      <dst id="4">817.9822</dst>
      <dst id="1">1.7244</dst>
      <dst id="5">3.1111</dst>
      <dst id="22">1.8133</dst>
      <dst id="7">0.3378</dst>
      <dst id="2">1638.7022</dst>
      <dst id="11">0.6933</dst>
      <dst id="17">1210.7911</dst>
      <dst id="21">0.4978</dst>
      <dst id="15">0.4178</dst>
    </src>
    <src id="16">
      <dst id="12">838.9067</dst>
      <dst id="13">165.6089</dst>
      <dst id="19">1819.0933</dst>
      <dst id="23">4.7378</dst>
      <dst id="8">865.6533</dst>
      <dst id="18">2.4889</dst>
      <dst id="4">4457.4578</dst>
      <dst id="1">14374.5778</dst>
      <dst id="5">1635.8400</dst>
      <dst id="7">1211.7244</dst>
      <dst id="2">779.4578</dst>
      <dst id="16">18.2400</dst>
      <dst id="14">267.5378</dst>
      <dst id="11">62.9956</dst>
      <dst id="9">1045.2533</dst>
      <dst id="17">2118.3911</dst>
      <dst id="21">2233.9289</dst>
    </src>
    <src id="14">
      <dst id="12">21520.1156</dst>
      <dst id="13">194.0444</dst>
      <dst id="19">12.1778</dst>
      <dst id="8">0.4178</dst>
      <dst id="18">1.7422</dst>
      <dst id="4">2622.7022</dst>
      <dst id="1">55.9022</dst>
      <dst id="5">6.5867</dst>
      <dst id="3">66.0800</dst>
      <dst id="22">0.9600</dst>
      <dst id="7">68.0444</dst>
      <dst id="2">4588.0533</dst>
      <dst id="16">4.3733</dst>
      <dst id="20">0.7111</dst>
      <dst id="11">31.5911</dst>
      <dst id="9">1.7778</dst>
      <dst id="17">7844.9244</dst>
      <dst id="21">67.0578</dst>
    </src>
    <src id="20">
      <dst id="12">1659.4578</dst>
      <dst id="13">1499.4133</dst>
      <dst id="19">4.1689</dst>
      <dst id="23">2.4267</dst>
      <dst id="8">39.0756</dst>
      <dst id="18">2.0800</dst>
      <dst id="4">5895.9467</dst>
      <dst id="1">16.2133</dst>
      <dst id="5">2157.3867</dst>
      <dst id="3">466.2578</dst>
      <dst id="7">3801.5200</dst>
      <dst id="2">5465.9822</dst>
      <dst id="11">325.0756</dst>
      <dst id="9">2338.3822</dst>
      <dst id="17">9014.7467</dst>
      <dst id="21">100.8978</dst>
    </src>
    <src id="11">
      <dst id="12">386674.4622</dst>
      <dst id="13">1682.5422</dst>
      <dst id="19">6.4622</dst>
      <dst id="23">7.2889</dst>
      <dst id="8">169.9467</dst>
      <dst id="18">35.1911</dst>
      <dst id="4">7765.2622</dst>
      <dst id="1">781.9467</dst>
      <dst id="5">525.3778</dst>
      <dst id="3">767.2444</dst>
      <dst id="22">1553.2711</dst>
      <dst id="7">785.7956</dst>
      <dst id="2">135048.8356</dst>
      <dst id="16">38.2578</dst>
      <dst id="14">42.1956</dst>
      <dst id="20">96.4800</dst>
      <dst id="11">1086.1600</dst>
      <dst id="9">312.7378</dst>
      <dst id="17">141351.6000</dst>
      <dst id="21">190.4978</dst>
      <dst id="15">153.7600</dst>
    </src>
    <src id="9">
      <dst id="12">408618.3022</dst>
      <dst id="13">4110.0444</dst>
      <dst id="19">3.2533</dst>
      <dst id="23">40.0000</dst>
      <dst id="8">70.2133</dst>
      <dst id="18">234.9511</dst>
      <dst id="4">17275.5022</dst>
      <dst id="1">3692.3378</dst>
      <dst id="5">1096.2311</dst>
      <dst id="3">9.2889</dst>
      <dst id="22">2729.6978</dst>
      <dst id="7">93.6800</dst>
      <dst id="2">127713.0844</dst>
      <dst id="6">2.8178</dst>
      <dst id="16">75.0933</dst>
      <dst id="14">74.7378</dst>
      <dst id="20">3722.6756</dst>
      <dst id="11">589.6089</dst>
      <dst id="9">2039.8044</dst>
      <dst id="17">158935.2089</dst>
      <dst id="21">217.2622</dst>
      <dst id="15">777.2711</dst>
    </src>
    <src id="17">
      <dst id="12">9077.5822</dst>
      <dst id="13">14839.3600</dst>
      <dst id="19">746.8356</dst>
      <dst id="23">4.1867</dst>
      <dst id="8">67459.6800</dst>
      <dst id="18">5460.6844</dst>
      <dst id="4">129916.3467</dst>
      <dst id="1">2833.1378</dst>
      <dst id="5">133459.7333</dst>
      <dst id="3">6958.5156</dst>
      <dst id="22">8113.1822</dst>
      <dst id="7">1132.6133</dst>
      <dst id="2">7564.7289</dst>
      <dst id="6">76.9067</dst>
      <dst id="16">4973.5289</dst>
      <dst id="14">10559.0133</dst>
      <dst id="20">398.3289</dst>
      <dst id="11">65933.8667</dst>
      <dst id="9">127689.4489</dst>
      <dst id="17">1255.4667</dst>
      <dst id="21">3503.6356</dst>
      <dst id="15">52.8000</dst>
    </src>
    <src id="21">
      <dst id="12">10978.0800</dst>
      <dst id="13">3404.2933</dst>
      <dst id="19">238.8800</dst>
      <dst id="23">15.8222</dst>
      <dst id="8">100.3822</dst>
      <dst id="18">195.1822</dst>
      <dst id="4">20917.0044</dst>
      <dst id="1">1760.0089</dst>
      <dst id="5">180.5156</dst>
      <dst id="3">10014.5333</dst>
      <dst id="22">1193.2622</dst>
      <dst id="7">4408.8533</dst>
      <dst id="2">10851.2089</dst>
      <dst id="16">230.6756</dst>
      <dst id="14">56.0267</dst>
      <dst id="20">1426.2844</dst>
      <dst id="11">324.5778</dst>
      <dst id="9">904.8178</dst>
      <dst id="17">2472.9778</dst>
      <dst id="21">901.4133</dst>
      <dst id="15">365.2444</dst>
    </src>
    <src id="15">
      <dst id="12">68.7111</dst>
      <dst id="13">158.1422</dst>
      <dst id="19">30.6667</dst>
      <dst id="23">0.9244</dst>
      <dst id="8">138.7911</dst>
      <dst id="18">18.3467</dst>
      <dst id="4">2059.3156</dst>
      <dst id="1">512.2578</dst>
      <dst id="5">25.4933</dst>
      <dst id="7">417.5200</dst>
      <dst id="2">3735.5644</dst>
      <dst id="11">303.5911</dst>
      <dst id="9">486.9244</dst>
      <dst id="17">104.3289</dst>
      <dst id="21">115.5644</dst>
    </src>
  </IntraTM>
</TrafficMatrixFile>
