<?xml version="1.0" encoding="UTF-8" standalone="yes"?>
<TrafficMatrixFile xmlns:xsi="http://www.w3.org/2001/XMLSchema-instance" xsi:noNamespaceSchemaLocation="http://totem.run.montefiore.ulg.ac.be/Schema/TrafficMatrix-v1_2.xsd">
  <info>
    <title>Intradomain traffic matrix generated by geant-TM-all.pl</title>
    <date>2005-01-02T17:45:00</date>
    <duration>900</duration>
    <author>Steve Uhlig</author>
    <units>
        <unit type="bandwidth" value="kbps"/>
    </units>
  </info>
  <IntraTM ASID="20965">
    <src id="12">
      <dst id="12">315757.8044</dst>
      <dst id="13">22507.6622</dst>
      <dst id="19">2330.3733</dst>
      <dst id="23">2310.4267</dst>
      <dst id="8">3038.6044</dst>
      <dst id="18">1413.7778</dst>
      <dst id="4">89326.0178</dst>
      <dst id="1">8364.2311</dst>
      <dst id="5">10172.0711</dst>
      <dst id="3">23131.0844</dst>
      <dst id="22">22383.5467</dst>
      <dst id="7">3611.8400</dst>
      <dst id="2">73019.5378</dst>
      <dst id="6">130.4356</dst>
      <dst id="16">10903.9200</dst>
      <dst id="14">249.1822</dst>
      <dst id="20">8577.0489</dst>
      <dst id="11">8788.0356</dst>
      <dst id="9">26906.4000</dst>
      <dst id="17">127196.2222</dst>
      <dst id="21">15915.0844</dst>
      <dst id="15">15502.5867</dst>
    </src>
    <src id="13">
      <dst id="12">61953.6356</dst>
      <dst id="19">7496.5422</dst>
      <dst id="23">1565.1289</dst>
      <dst id="8">5537.2889</dst>
      <dst id="18">6330.6933</dst>
      <dst id="4">1.0667</dst>
      <dst id="1">7638.4000</dst>
      <dst id="5">5594.5600</dst>
      <dst id="3">28703.7422</dst>
      <dst id="22">31585.3689</dst>
      <dst id="7">18675.9644</dst>
      <dst id="2">77620.2400</dst>
      <dst id="6">155.4489</dst>
      <dst id="16">9013.2267</dst>
      <dst id="14">3432.8089</dst>
      <dst id="20">19394.4267</dst>
      <dst id="11">25134.2311</dst>
      <dst id="9">19992.0533</dst>
      <dst id="17">51982.0978</dst>
      <dst id="21">25152.1867</dst>
      <dst id="15">7254.0267</dst>
    </src>
    <src id="19">
      <dst id="12">16502.6133</dst>
      <dst id="13">3379.4400</dst>
      <dst id="23">12.3822</dst>
      <dst id="8">66.3289</dst>
      <dst id="18">3786.0622</dst>
      <dst id="4">18227.2622</dst>
      <dst id="1">9540.0711</dst>
      <dst id="5">14.3644</dst>
      <dst id="3">83.3244</dst>
      <dst id="22">137.4489</dst>
      <dst id="7">8558.5689</dst>
      <dst id="2">3247.9289</dst>
      <dst id="6">204.0622</dst>
      <dst id="16">6571.2267</dst>
      <dst id="14">0.4800</dst>
      <dst id="20">10.0800</dst>
      <dst id="11">744.7822</dst>
      <dst id="9">9926.8711</dst>
      <dst id="17">3334.0444</dst>
      <dst id="21">2231.5556</dst>
      <dst id="15">19.1822</dst>
    </src>
    <src id="23">
      <dst id="12">2360.8889</dst>
      <dst id="13">341.9911</dst>
      <dst id="19">28.9511</dst>
      <dst id="8">34.2844</dst>
      <dst id="18">12.6222</dst>
      <dst id="4">55.8044</dst>
      <dst id="1">68.0356</dst>
      <dst id="3">436.8267</dst>
      <dst id="22">3343.1289</dst>
      <dst id="7">316.8356</dst>
      <dst id="2">97.1200</dst>
      <dst id="6">3.9644</dst>
      <dst id="16">54.4622</dst>
      <dst id="14">0.3556</dst>
      <dst id="20">162.8089</dst>
      <dst id="11">339.2711</dst>
      <dst id="9">520.0711</dst>
      <dst id="17">459.5644</dst>
      <dst id="21">510.4356</dst>
      <dst id="15">107.4844</dst>
    </src>
    <src id="8">
      <dst id="12">291130.1600</dst>
      <dst id="13">266.2044</dst>
      <dst id="19">21.8756</dst>
      <dst id="23">131.5556</dst>
      <dst id="18">33.0489</dst>
      <dst id="4">6277.6622</dst>
      <dst id="1">207.1556</dst>
      <dst id="5">3387.8667</dst>
      <dst id="3">26.3644</dst>
      <dst id="22">2370.2933</dst>
      <dst id="7">79.8756</dst>
      <dst id="2">114124.3644</dst>
      <dst id="6">5.0933</dst>
      <dst id="16">993.6800</dst>
      <dst id="20">222.5600</dst>
      <dst id="11">2386.0533</dst>
      <dst id="9">773.0222</dst>
      <dst id="17">115767.7244</dst>
      <dst id="21">278.1600</dst>
      <dst id="15">552.6844</dst>
    </src>
    <src id="18">
      <dst id="12">95206.0711</dst>
      <dst id="13">335.8044</dst>
      <dst id="19">1852.8444</dst>
      <dst id="8">281.5556</dst>
      <dst id="4">1679.8933</dst>
      <dst id="1">1073.5644</dst>
      <dst id="5">350.3022</dst>
      <dst id="3">180.4356</dst>
      <dst id="22">271.0756</dst>
      <dst id="7">130.4622</dst>
      <dst id="2">34975.3422</dst>
      <dst id="16">40.2844</dst>
      <dst id="14">116.6044</dst>
      <dst id="20">1.1378</dst>
      <dst id="11">101.2978</dst>
      <dst id="9">495.4756</dst>
      <dst id="17">30653.3067</dst>
      <dst id="21">437.5111</dst>
      <dst id="15">14.3467</dst>
    </src>
    <src id="4">
      <dst id="12">13563.6356</dst>
      <dst id="19">5340.8889</dst>
      <dst id="23">0.9422</dst>
      <dst id="8">1831.1111</dst>
      <dst id="18">1740.6489</dst>
      <dst id="1">73960.5422</dst>
      <dst id="5">1850.9333</dst>
      <dst id="3">776.3111</dst>
      <dst id="22">8358.1422</dst>
      <dst id="7">53644.0711</dst>
      <dst id="2">51365.0222</dst>
      <dst id="6">40.5511</dst>
      <dst id="16">1895.8844</dst>
      <dst id="14">903.6978</dst>
      <dst id="20">1632.1600</dst>
      <dst id="11">7992.5422</dst>
      <dst id="9">3338.0711</dst>
      <dst id="17">124495.4578</dst>
      <dst id="21">6501.2267</dst>
      <dst id="15">1331.8489</dst>
    </src>
    <src id="1">
      <dst id="12">22447.4667</dst>
      <dst id="13">430.8000</dst>
      <dst id="19">233.4756</dst>
      <dst id="23">123.4133</dst>
      <dst id="8">165060.1689</dst>
      <dst id="18">13395.9022</dst>
      <dst id="4">20196.6933</dst>
      <dst id="1">32218.0000</dst>
      <dst id="5">246729.3067</dst>
      <dst id="3">2136.2667</dst>
      <dst id="22">7727.6178</dst>
      <dst id="7">4107.0844</dst>
      <dst id="2">5000.4089</dst>
      <dst id="6">13137.2978</dst>
      <dst id="16">11510.7644</dst>
      <dst id="14">226.2044</dst>
      <dst id="20">505.9467</dst>
      <dst id="11">640.4089</dst>
      <dst id="9">349679.7067</dst>
      <dst id="17">16806.4889</dst>
      <dst id="21">25678.7911</dst>
      <dst id="15">326.9867</dst>
    </src>
    <src id="5">
      <dst id="12">247192.7556</dst>
      <dst id="13">2754.7467</dst>
      <dst id="19">220.8178</dst>
      <dst id="23">3.2356</dst>
      <dst id="8">1483.9822</dst>
      <dst id="18">992.1689</dst>
      <dst id="4">7089.3600</dst>
      <dst id="1">461.8667</dst>
      <dst id="3">234.3111</dst>
      <dst id="22">3881.1822</dst>
      <dst id="7">346.3200</dst>
      <dst id="2">105571.5556</dst>
      <dst id="6">0.5156</dst>
      <dst id="16">1129.2711</dst>
      <dst id="14">13.1556</dst>
      <dst id="20">8648.7733</dst>
      <dst id="11">885.2889</dst>
      <dst id="9">5127.8400</dst>
      <dst id="17">92220.8267</dst>
      <dst id="21">488.1867</dst>
      <dst id="15">132.0178</dst>
    </src>
    <src id="3">
      <dst id="12">10194.9156</dst>
      <dst id="13">870.4889</dst>
      <dst id="19">4340.2222</dst>
      <dst id="23">108.3289</dst>
      <dst id="8">294.6311</dst>
      <dst id="18">108537.6178</dst>
      <dst id="4">32396.2400</dst>
      <dst id="1">6925.7778</dst>
      <dst id="5">927.1022</dst>
      <dst id="3">13911.7956</dst>
      <dst id="22">1443.4133</dst>
      <dst id="7">1580.2756</dst>
      <dst id="2">3840.6400</dst>
      <dst id="6">13.1556</dst>
      <dst id="16">3991.8222</dst>
      <dst id="14">36948.4978</dst>
      <dst id="20">439.8133</dst>
      <dst id="11">219452.6667</dst>
      <dst id="9">743.2267</dst>
      <dst id="17">17298.9600</dst>
      <dst id="21">6149.9911</dst>
      <dst id="15">145.9467</dst>
    </src>
    <src id="10">
      <dst id="12">13934.7022</dst>
      <dst id="19">2395.9911</dst>
      <dst id="8">2087.2978</dst>
      <dst id="18">3648.8267</dst>
      <dst id="1">2623.9822</dst>
      <dst id="5">2031.8133</dst>
      <dst id="3">26846.3556</dst>
      <dst id="22">10073.2000</dst>
      <dst id="7">12949.0044</dst>
      <dst id="2">29612.2222</dst>
      <dst id="6">26.5778</dst>
      <dst id="16">2684.0533</dst>
      <dst id="14">397.5733</dst>
      <dst id="20">1644.9067</dst>
      <dst id="11">8647.8844</dst>
      <dst id="9">2433.2533</dst>
      <dst id="17">30188.8978</dst>
      <dst id="21">13748.6489</dst>
      <dst id="15">856.9778</dst>
    </src>
    <src id="22">
      <dst id="12">9046.1333</dst>
      <dst id="13">3351.4756</dst>
      <dst id="19">109.7956</dst>
      <dst id="23">82.1511</dst>
      <dst id="8">1654.9333</dst>
      <dst id="18">99.8756</dst>
      <dst id="4">19870.4356</dst>
      <dst id="1">1165.4756</dst>
      <dst id="5">3938.0533</dst>
      <dst id="3">738.3644</dst>
      <dst id="7">324.7378</dst>
      <dst id="2">3210.2044</dst>
      <dst id="6">816.2311</dst>
      <dst id="16">2.6933</dst>
      <dst id="14">7.4667</dst>
      <dst id="11">3564.6222</dst>
      <dst id="9">2250.9422</dst>
      <dst id="17">3849.2356</dst>
      <dst id="21">2040.5956</dst>
    </src>
    <src id="7">
      <dst id="12">3640.5956</dst>
      <dst id="13">1198.4089</dst>
      <dst id="19">1326.6133</dst>
      <dst id="23">163.2267</dst>
      <dst id="8">275.8756</dst>
      <dst id="18">575.2178</dst>
      <dst id="4">20036.9067</dst>
      <dst id="1">21195.6533</dst>
      <dst id="5">1059.2178</dst>
      <dst id="3">686.3200</dst>
      <dst id="22">5295.0044</dst>
      <dst id="7">621.3689</dst>
      <dst id="2">5861.4578</dst>
      <dst id="6">73.7956</dst>
      <dst id="16">956.5156</dst>
      <dst id="14">1527.9111</dst>
      <dst id="20">883.2800</dst>
      <dst id="11">1283.5556</dst>
      <dst id="9">1286.7822</dst>
      <dst id="17">9459.0756</dst>
      <dst id="21">3209.7600</dst>
      <dst id="15">438.2489</dst>
    </src>
    <src id="2">
      <dst id="12">177830.9778</dst>
      <dst id="13">7698.2044</dst>
      <dst id="19">679.1644</dst>
      <dst id="23">38.1689</dst>
      <dst id="8">2708.7378</dst>
      <dst id="18">79698.0978</dst>
      <dst id="4">82113.7511</dst>
      <dst id="1">15549.2800</dst>
      <dst id="5">907.6711</dst>
      <dst id="3">307.5378</dst>
      <dst id="22">1843.4489</dst>
      <dst id="7">4288.5689</dst>
      <dst id="2">1171.7244</dst>
      <dst id="6">11495.1733</dst>
      <dst id="16">2062.2311</dst>
      <dst id="14">5015.6711</dst>
      <dst id="20">1908.0533</dst>
      <dst id="11">5156.7467</dst>
      <dst id="9">1616.7111</dst>
      <dst id="17">30651.9200</dst>
      <dst id="21">4578.9511</dst>
      <dst id="15">247.5467</dst>
    </src>
    <src id="6">
      <dst id="12">10346.2489</dst>
      <dst id="13">36.7467</dst>
      <dst id="19">22.1244</dst>
      <dst id="23">82.6667</dst>
      <dst id="8">11.9289</dst>
      <dst id="4">40.7378</dst>
      <dst id="1">81.6800</dst>
      <dst id="5">0.7378</dst>
      <dst id="3">1.9822</dst>
      <dst id="22">177.4933</dst>
      <dst id="7">36.5689</dst>
      <dst id="2">2492.7378</dst>
      <dst id="16">16.9067</dst>
      <dst id="20">11.8222</dst>
      <dst id="11">144.6222</dst>
      <dst id="9">61.5378</dst>
      <dst id="17">1643.7422</dst>
      <dst id="21">30.4178</dst>
    </src>
    <src id="16">
      <dst id="12">3381.3689</dst>
      <dst id="13">2182.3556</dst>
      <dst id="19">3423.9022</dst>
      <dst id="23">27.4222</dst>
      <dst id="8">6530.2933</dst>
      <dst id="18">6.6756</dst>
      <dst id="4">15149.0489</dst>
      <dst id="1">23034.5867</dst>
      <dst id="5">8159.0311</dst>
      <dst id="3">7.9556</dst>
      <dst id="7">2400.2311</dst>
      <dst id="2">1618.7022</dst>
      <dst id="6">16.7822</dst>
      <dst id="16">30.3022</dst>
      <dst id="14">7.6711</dst>
      <dst id="11">835.8311</dst>
      <dst id="9">10857.8667</dst>
      <dst id="17">5432.8622</dst>
      <dst id="21">582.6756</dst>
    </src>
    <src id="14">
      <dst id="12">15899.0044</dst>
      <dst id="13">23.4222</dst>
      <dst id="19">20.0533</dst>
      <dst id="23">148.9778</dst>
      <dst id="8">0.5600</dst>
      <dst id="18">22.0267</dst>
      <dst id="4">1946.0622</dst>
      <dst id="1">68.3111</dst>
      <dst id="5">25.9556</dst>
      <dst id="3">145.1733</dst>
      <dst id="22">1.2800</dst>
      <dst id="7">198.8889</dst>
      <dst id="2">4588.9600</dst>
      <dst id="16">190.3200</dst>
      <dst id="11">49.9733</dst>
      <dst id="9">15.3333</dst>
      <dst id="17">5735.9733</dst>
      <dst id="21">53.1111</dst>
      <dst id="15">0.8533</dst>
    </src>
    <src id="20">
      <dst id="12">6908.7733</dst>
      <dst id="13">1462.5600</dst>
      <dst id="19">4.3644</dst>
      <dst id="23">17.0400</dst>
      <dst id="8">150.6311</dst>
      <dst id="18">67.7689</dst>
      <dst id="4">9924.6667</dst>
      <dst id="1">1830.9333</dst>
      <dst id="5">3708.0533</dst>
      <dst id="3">5381.6178</dst>
      <dst id="22">3.9911</dst>
      <dst id="7">335.6267</dst>
      <dst id="2">3477.4222</dst>
      <dst id="6">6.0178</dst>
      <dst id="14">0.4267</dst>
      <dst id="11">476.3911</dst>
      <dst id="9">8771.6267</dst>
      <dst id="17">6007.3422</dst>
      <dst id="21">989.2356</dst>
    </src>
    <src id="11">
      <dst id="12">398555.2978</dst>
      <dst id="13">8585.2267</dst>
      <dst id="19">233.1200</dst>
      <dst id="23">18.8000</dst>
      <dst id="8">874.4000</dst>
      <dst id="18">112.9689</dst>
      <dst id="4">17509.2178</dst>
      <dst id="1">497.9111</dst>
      <dst id="5">2626.9333</dst>
      <dst id="3">3639.9289</dst>
      <dst id="22">3470.5422</dst>
      <dst id="7">494.5422</dst>
      <dst id="2">149148.4444</dst>
      <dst id="6">35.6711</dst>
      <dst id="16">203.3333</dst>
      <dst id="14">24.0000</dst>
      <dst id="20">2948.4800</dst>
      <dst id="11">1696.5422</dst>
      <dst id="9">2092.4978</dst>
      <dst id="17">132177.0844</dst>
      <dst id="21">2119.4933</dst>
      <dst id="15">275.6000</dst>
    </src>
    <src id="9">
      <dst id="12">441249.7778</dst>
      <dst id="13">9385.3689</dst>
      <dst id="19">758.5867</dst>
      <dst id="23">16.7644</dst>
      <dst id="8">1726.6133</dst>
      <dst id="18">468.3200</dst>
      <dst id="4">15603.0133</dst>
      <dst id="1">3639.8489</dst>
      <dst id="5">1399.4844</dst>
      <dst id="3">257.3422</dst>
      <dst id="22">5084.3200</dst>
      <dst id="7">2257.4489</dst>
      <dst id="2">163693.7244</dst>
      <dst id="6">1.4667</dst>
      <dst id="16">2279.8667</dst>
      <dst id="14">55.7511</dst>
      <dst id="20">20720.0889</dst>
      <dst id="11">1270.9067</dst>
      <dst id="9">1402.7911</dst>
      <dst id="17">176215.0044</dst>
      <dst id="21">3126.0267</dst>
      <dst id="15">14523.2978</dst>
    </src>
    <src id="17">
      <dst id="12">17017.7689</dst>
      <dst id="13">36473.2711</dst>
      <dst id="19">3057.0756</dst>
      <dst id="23">77.9733</dst>
      <dst id="8">188464.4178</dst>
      <dst id="18">2055.0400</dst>
      <dst id="4">47085.8222</dst>
      <dst id="1">15317.8489</dst>
      <dst id="5">217036.8267</dst>
      <dst id="3">28572.8444</dst>
      <dst id="22">9187.6800</dst>
      <dst id="7">3205.3244</dst>
      <dst id="2">18083.4311</dst>
      <dst id="6">169.6533</dst>
      <dst id="16">7524.9511</dst>
      <dst id="14">29534.2133</dst>
      <dst id="20">2145.4667</dst>
      <dst id="11">157236.7822</dst>
      <dst id="9">290075.2356</dst>
      <dst id="17">1938.3733</dst>
      <dst id="21">16834.5778</dst>
      <dst id="15">2022.9689</dst>
    </src>
    <src id="21">
      <dst id="12">18710.0622</dst>
      <dst id="13">7196.1244</dst>
      <dst id="19">133.3333</dst>
      <dst id="23">89.1022</dst>
      <dst id="8">335.7867</dst>
      <dst id="18">1643.5200</dst>
      <dst id="4">24780.3467</dst>
      <dst id="1">4223.9289</dst>
      <dst id="5">1132.9867</dst>
      <dst id="3">1857.0400</dst>
      <dst id="22">2470.1156</dst>
      <dst id="7">2883.0667</dst>
      <dst id="2">8565.4044</dst>
      <dst id="6">27.8844</dst>
      <dst id="16">530.0711</dst>
      <dst id="14">72.7467</dst>
      <dst id="20">190.9422</dst>
      <dst id="11">7127.5289</dst>
      <dst id="9">1597.6978</dst>
      <dst id="17">3735.1822</dst>
      <dst id="21">2259.9200</dst>
      <dst id="15">580.2133</dst>
    </src>
    <src id="15">
      <dst id="12">1735.1556</dst>
      <dst id="13">187.8578</dst>
      <dst id="19">0.8178</dst>
      <dst id="23">6.0267</dst>
      <dst id="8">1253.9467</dst>
      <dst id="18">5.2622</dst>
      <dst id="4">8498.6489</dst>
      <dst id="1">810.5511</dst>
      <dst id="5">310.5244</dst>
      <dst id="3">999.3956</dst>
      <dst id="7">18.2667</dst>
      <dst id="2">516.3378</dst>
      <dst id="6">0.4267</dst>
      <dst id="16">0.6578</dst>
      <dst id="14">0.8533</dst>
      <dst id="11">1358.8622</dst>
      <dst id="9">876.8533</dst>
      <dst id="17">1017.5822</dst>
      <dst id="21">177.0311</dst>
    </src>
  </IntraTM>
</TrafficMatrixFile>
