<?xml version="1.0" encoding="UTF-8" standalone="yes"?>
<TrafficMatrixFile xmlns:xsi="http://www.w3.org/2001/XMLSchema-instance" xsi:noNamespaceSchemaLocation="http://totem.run.montefiore.ulg.ac.be/Schema/TrafficMatrix-v1_2.xsd">
  <info>
    <title>Intradomain traffic matrix generated by geant-TM-all.pl</title>
    <date>2005-01-02T16:30:00</date>
    <duration>900</duration>
    <author>Steve Uhlig</author>
    <units>
        <unit type="bandwidth" value="kbps"/>
    </units>
  </info>
  <IntraTM ASID="20965">
    <src id="12">
      <dst id="12">286917.9022</dst>
      <dst id="13">12655.0222</dst>
      <dst id="19">4368.7822</dst>
      <dst id="23">104.2667</dst>
      <dst id="8">1237.7333</dst>
      <dst id="18">1015.0667</dst>
      <dst id="4">86053.7600</dst>
      <dst id="1">6864.3200</dst>
      <dst id="5">6929.3067</dst>
      <dst id="3">2715.1378</dst>
      <dst id="22">22912.4267</dst>
      <dst id="7">6154.8978</dst>
      <dst id="2">64053.3600</dst>
      <dst id="6">54.2756</dst>
      <dst id="16">5144.6667</dst>
      <dst id="14">139.4933</dst>
      <dst id="20">7260.6311</dst>
      <dst id="11">7955.8578</dst>
      <dst id="9">9541.7689</dst>
      <dst id="17">68860.9956</dst>
      <dst id="21">12737.1111</dst>
      <dst id="15">15552.0889</dst>
    </src>
    <src id="13">
      <dst id="12">55171.6533</dst>
      <dst id="19">2885.5733</dst>
      <dst id="23">19.8667</dst>
      <dst id="8">3374.0533</dst>
      <dst id="18">2096.9067</dst>
      <dst id="1">4441.7422</dst>
      <dst id="5">5604.3733</dst>
      <dst id="3">10687.7067</dst>
      <dst id="22">24556.6311</dst>
      <dst id="7">18841.7867</dst>
      <dst id="2">54642.2044</dst>
      <dst id="6">56.5867</dst>
      <dst id="16">11034.6933</dst>
      <dst id="14">2334.6044</dst>
      <dst id="20">12290.5067</dst>
      <dst id="11">20178.4889</dst>
      <dst id="9">18532.9067</dst>
      <dst id="17">45045.5289</dst>
      <dst id="21">17843.8311</dst>
      <dst id="15">4077.6711</dst>
    </src>
    <src id="19">
      <dst id="12">14006.9244</dst>
      <dst id="13">273.2889</dst>
      <dst id="23">1.1822</dst>
      <dst id="18">62.5956</dst>
      <dst id="4">20270.3378</dst>
      <dst id="1">440.6311</dst>
      <dst id="5">12770.2489</dst>
      <dst id="3">139.9111</dst>
      <dst id="22">1755.1378</dst>
      <dst id="7">8069.3956</dst>
      <dst id="2">4377.5378</dst>
      <dst id="6">220.6044</dst>
      <dst id="16">10430.9333</dst>
      <dst id="14">13.7956</dst>
      <dst id="20">4721.5644</dst>
      <dst id="11">1060.5422</dst>
      <dst id="9">8865.9022</dst>
      <dst id="17">262.1600</dst>
      <dst id="21">772.9422</dst>
      <dst id="15">40.0000</dst>
    </src>
    <src id="23">
      <dst id="12">2136.7556</dst>
      <dst id="13">185.6800</dst>
      <dst id="19">0.4267</dst>
      <dst id="8">15.5022</dst>
      <dst id="18">0.4267</dst>
      <dst id="4">26.9511</dst>
      <dst id="1">136.9956</dst>
      <dst id="5">141.6889</dst>
      <dst id="3">567.6622</dst>
      <dst id="22">255.6800</dst>
      <dst id="7">1576.4622</dst>
      <dst id="2">4.5156</dst>
      <dst id="16">39.9467</dst>
      <dst id="20">0.3556</dst>
      <dst id="11">455.8578</dst>
      <dst id="9">383.9644</dst>
      <dst id="17">1725.1822</dst>
      <dst id="21">639.8133</dst>
      <dst id="15">62.6578</dst>
    </src>
    <src id="8">
      <dst id="12">251922.4356</dst>
      <dst id="13">1730.8267</dst>
      <dst id="19">6.4533</dst>
      <dst id="23">156.8000</dst>
      <dst id="18">16.0533</dst>
      <dst id="4">5634.9422</dst>
      <dst id="1">341.4756</dst>
      <dst id="5">13560.7822</dst>
      <dst id="3">25.2444</dst>
      <dst id="22">1436.6756</dst>
      <dst id="7">51.0311</dst>
      <dst id="2">87070.4533</dst>
      <dst id="16">1038.5067</dst>
      <dst id="20">264.5422</dst>
      <dst id="11">1985.4844</dst>
      <dst id="9">1983.6800</dst>
      <dst id="17">81938.0711</dst>
      <dst id="21">160.8889</dst>
      <dst id="15">42.9689</dst>
    </src>
    <src id="18">
      <dst id="12">92025.2978</dst>
      <dst id="13">146.1067</dst>
      <dst id="19">106.8089</dst>
      <dst id="23">1.3244</dst>
      <dst id="8">188.0978</dst>
      <dst id="4">2278.7822</dst>
      <dst id="1">1123.1733</dst>
      <dst id="5">251.6267</dst>
      <dst id="3">72.2400</dst>
      <dst id="22">170.4978</dst>
      <dst id="7">89.7067</dst>
      <dst id="2">31185.9022</dst>
      <dst id="16">94.0444</dst>
      <dst id="14">53.1911</dst>
      <dst id="20">7.8933</dst>
      <dst id="11">156.5422</dst>
      <dst id="9">298.3644</dst>
      <dst id="17">33254.0444</dst>
      <dst id="21">124.8711</dst>
      <dst id="15">2.5867</dst>
    </src>
    <src id="4">
      <dst id="12">15013.3867</dst>
      <dst id="19">6076.1333</dst>
      <dst id="23">0.4622</dst>
      <dst id="8">657.4667</dst>
      <dst id="18">1900.8978</dst>
      <dst id="4">1.0222</dst>
      <dst id="1">20904.1956</dst>
      <dst id="5">4574.0889</dst>
      <dst id="3">627.0667</dst>
      <dst id="22">3223.6978</dst>
      <dst id="7">52349.4133</dst>
      <dst id="2">47496.4356</dst>
      <dst id="6">37.5289</dst>
      <dst id="16">773.9200</dst>
      <dst id="14">771.9111</dst>
      <dst id="20">2416.8356</dst>
      <dst id="11">7187.9378</dst>
      <dst id="9">4743.6711</dst>
      <dst id="17">125933.8756</dst>
      <dst id="21">5641.6444</dst>
      <dst id="15">3064.4711</dst>
    </src>
    <src id="1">
      <dst id="12">18977.9733</dst>
      <dst id="13">175.3511</dst>
      <dst id="19">246.4000</dst>
      <dst id="23">36.8533</dst>
      <dst id="8">129432.3556</dst>
      <dst id="18">18840.1422</dst>
      <dst id="4">12398.9778</dst>
      <dst id="1">23832.8800</dst>
      <dst id="5">231746.4444</dst>
      <dst id="3">115.0222</dst>
      <dst id="22">3614.9244</dst>
      <dst id="7">2070.3378</dst>
      <dst id="2">1967.6444</dst>
      <dst id="6">5845.4933</dst>
      <dst id="16">16910.4178</dst>
      <dst id="14">68.0889</dst>
      <dst id="20">90.8978</dst>
      <dst id="11">1590.1244</dst>
      <dst id="9">306910.8267</dst>
      <dst id="17">8938.4356</dst>
      <dst id="21">19919.1467</dst>
      <dst id="15">577.0133</dst>
    </src>
    <src id="5">
      <dst id="12">231155.2533</dst>
      <dst id="13">3009.2178</dst>
      <dst id="19">257.1644</dst>
      <dst id="23">2.2844</dst>
      <dst id="8">725.9556</dst>
      <dst id="18">910.3467</dst>
      <dst id="4">6032.4978</dst>
      <dst id="1">192.4356</dst>
      <dst id="3">4.6133</dst>
      <dst id="22">2337.2444</dst>
      <dst id="7">67.0933</dst>
      <dst id="2">100755.3511</dst>
      <dst id="6">0.8711</dst>
      <dst id="16">629.6622</dst>
      <dst id="14">0.8622</dst>
      <dst id="20">1789.3600</dst>
      <dst id="11">1182.0533</dst>
      <dst id="9">1176.5067</dst>
      <dst id="17">89917.9111</dst>
      <dst id="21">402.3911</dst>
      <dst id="15">103.7156</dst>
    </src>
    <src id="3">
      <dst id="12">22533.7511</dst>
      <dst id="13">637.5911</dst>
      <dst id="19">523.6356</dst>
      <dst id="23">27.0578</dst>
      <dst id="8">158.0622</dst>
      <dst id="18">51102.5067</dst>
      <dst id="4">18104.7733</dst>
      <dst id="1">3934.1778</dst>
      <dst id="5">670.2933</dst>
      <dst id="3">14923.5644</dst>
      <dst id="22">1662.4089</dst>
      <dst id="7">1870.8267</dst>
      <dst id="2">4838.4978</dst>
      <dst id="6">3.1289</dst>
      <dst id="16">1262.0978</dst>
      <dst id="14">26553.9733</dst>
      <dst id="20">403.3067</dst>
      <dst id="11">160996.3022</dst>
      <dst id="9">522.9422</dst>
      <dst id="17">9878.8089</dst>
      <dst id="21">6056.7822</dst>
      <dst id="15">137.2000</dst>
    </src>
    <src id="10">
      <dst id="12">16518.4889</dst>
      <dst id="19">2171.6978</dst>
      <dst id="8">925.1111</dst>
      <dst id="18">241.3511</dst>
      <dst id="1">2427.1822</dst>
      <dst id="5">1185.3244</dst>
      <dst id="3">23044.0178</dst>
      <dst id="22">4386.3733</dst>
      <dst id="7">12748.9511</dst>
      <dst id="2">26024.5156</dst>
      <dst id="6">19.4311</dst>
      <dst id="16">4762.4267</dst>
      <dst id="14">550.2844</dst>
      <dst id="20">2517.2444</dst>
      <dst id="11">5874.7822</dst>
      <dst id="9">4412.4889</dst>
      <dst id="17">19934.0444</dst>
      <dst id="21">18612.0711</dst>
      <dst id="15">933.8844</dst>
    </src>
    <src id="22">
      <dst id="12">21304.8089</dst>
      <dst id="13">11316.2311</dst>
      <dst id="19">202.6667</dst>
      <dst id="23">12.2578</dst>
      <dst id="8">2633.3778</dst>
      <dst id="18">210.5867</dst>
      <dst id="4">19439.0933</dst>
      <dst id="1">196.3022</dst>
      <dst id="5">3432.8978</dst>
      <dst id="3">1274.2578</dst>
      <dst id="7">592.7378</dst>
      <dst id="2">1578.8267</dst>
      <dst id="6">85.1556</dst>
      <dst id="16">2.1778</dst>
      <dst id="14">4.1156</dst>
      <dst id="11">7987.0400</dst>
      <dst id="9">2139.2356</dst>
      <dst id="17">4378.7644</dst>
      <dst id="21">601.3244</dst>
    </src>
    <src id="7">
      <dst id="12">2790.5333</dst>
      <dst id="13">248.5689</dst>
      <dst id="19">977.6711</dst>
      <dst id="23">68.5956</dst>
      <dst id="8">472.0000</dst>
      <dst id="18">276.5511</dst>
      <dst id="4">72661.9111</dst>
      <dst id="1">3805.2800</dst>
      <dst id="5">747.5111</dst>
      <dst id="3">332.7822</dst>
      <dst id="22">4103.7244</dst>
      <dst id="7">832.6044</dst>
      <dst id="2">4705.3956</dst>
      <dst id="6">33.7511</dst>
      <dst id="16">758.9778</dst>
      <dst id="14">197.1733</dst>
      <dst id="20">1009.8311</dst>
      <dst id="11">930.5867</dst>
      <dst id="9">2769.9556</dst>
      <dst id="17">7357.6622</dst>
      <dst id="21">1718.9600</dst>
      <dst id="15">514.7200</dst>
    </src>
    <src id="2">
      <dst id="12">154673.3956</dst>
      <dst id="13">2902.4622</dst>
      <dst id="19">1033.9378</dst>
      <dst id="8">3105.2356</dst>
      <dst id="18">43552.0711</dst>
      <dst id="4">86462.1067</dst>
      <dst id="1">7694.0267</dst>
      <dst id="5">1716.0711</dst>
      <dst id="3">132.1600</dst>
      <dst id="22">4113.7511</dst>
      <dst id="7">4924.6133</dst>
      <dst id="2">1208.0000</dst>
      <dst id="6">5659.6267</dst>
      <dst id="16">3374.5956</dst>
      <dst id="14">5767.1556</dst>
      <dst id="20">12165.0667</dst>
      <dst id="11">3200.8444</dst>
      <dst id="9">1183.7511</dst>
      <dst id="17">18492.4978</dst>
      <dst id="21">4851.5022</dst>
      <dst id="15">314.5333</dst>
    </src>
    <src id="6">
      <dst id="12">9546.4444</dst>
      <dst id="13">16.3911</dst>
      <dst id="19">61.4044</dst>
      <dst id="4">116.6578</dst>
      <dst id="1">77.8133</dst>
      <dst id="5">0.7111</dst>
      <dst id="3">0.7111</dst>
      <dst id="22">45.3067</dst>
      <dst id="7">72.2933</dst>
      <dst id="2">1709.5911</dst>
      <dst id="16">4.9244</dst>
      <dst id="20">11.4667</dst>
      <dst id="11">11.4667</dst>
      <dst id="9">26.1867</dst>
      <dst id="17">1446.3644</dst>
      <dst id="21">82.3022</dst>
      <dst id="15">1.0844</dst>
    </src>
    <src id="16">
      <dst id="12">1689.9556</dst>
      <dst id="13">250.5689</dst>
      <dst id="19">3845.7867</dst>
      <dst id="23">4.0267</dst>
      <dst id="8">12662.5956</dst>
      <dst id="18">6.1422</dst>
      <dst id="4">6839.9733</dst>
      <dst id="1">31906.6844</dst>
      <dst id="5">6707.6889</dst>
      <dst id="3">1026.2044</dst>
      <dst id="7">2316.5156</dst>
      <dst id="2">374.9956</dst>
      <dst id="6">0.3556</dst>
      <dst id="16">26.6578</dst>
      <dst id="14">602.7111</dst>
      <dst id="11">175.9911</dst>
      <dst id="9">10190.8889</dst>
      <dst id="17">3358.9156</dst>
      <dst id="21">221.9022</dst>
    </src>
    <src id="14">
      <dst id="12">13448.6667</dst>
      <dst id="13">53.9111</dst>
      <dst id="19">4.4800</dst>
      <dst id="18">6.1067</dst>
      <dst id="4">2223.0844</dst>
      <dst id="1">89.7067</dst>
      <dst id="5">15.7511</dst>
      <dst id="3">259.0222</dst>
      <dst id="22">70.4267</dst>
      <dst id="7">79.4489</dst>
      <dst id="2">5623.1822</dst>
      <dst id="16">307.8756</dst>
      <dst id="20">494.8978</dst>
      <dst id="11">98.7911</dst>
      <dst id="9">15.9644</dst>
      <dst id="17">7978.7911</dst>
      <dst id="21">61.1467</dst>
      <dst id="15">50.4800</dst>
    </src>
    <src id="20">
      <dst id="12">4330.2400</dst>
      <dst id="13">3537.9467</dst>
      <dst id="19">729.8933</dst>
      <dst id="23">3.9733</dst>
      <dst id="8">594.7200</dst>
      <dst id="18">487.6800</dst>
      <dst id="4">14230.1333</dst>
      <dst id="1">84.6933</dst>
      <dst id="5">4584.3289</dst>
      <dst id="3">1331.8311</dst>
      <dst id="7">1102.0889</dst>
      <dst id="2">6997.4489</dst>
      <dst id="6">3.7422</dst>
      <dst id="14">10.8978</dst>
      <dst id="11">3806.9156</dst>
      <dst id="9">3092.3378</dst>
      <dst id="17">1402.3022</dst>
      <dst id="21">637.1911</dst>
    </src>
    <src id="11">
      <dst id="12">360051.3956</dst>
      <dst id="13">1041.1200</dst>
      <dst id="19">168.5156</dst>
      <dst id="23">23.6711</dst>
      <dst id="8">563.0133</dst>
      <dst id="18">129.2889</dst>
      <dst id="4">17377.1644</dst>
      <dst id="1">2732.5778</dst>
      <dst id="5">2749.0222</dst>
      <dst id="3">615.5911</dst>
      <dst id="22">1190.5600</dst>
      <dst id="7">584.4444</dst>
      <dst id="2">135689.7689</dst>
      <dst id="16">426.0267</dst>
      <dst id="14">37.0044</dst>
      <dst id="20">626.0089</dst>
      <dst id="11">2097.4844</dst>
      <dst id="9">3243.7511</dst>
      <dst id="17">123609.5289</dst>
      <dst id="21">578.6844</dst>
      <dst id="15">1047.4133</dst>
    </src>
    <src id="9">
      <dst id="12">428891.5733</dst>
      <dst id="13">961.7422</dst>
      <dst id="19">523.5911</dst>
      <dst id="23">14.2400</dst>
      <dst id="8">640.6667</dst>
      <dst id="18">308.1244</dst>
      <dst id="4">14962.9956</dst>
      <dst id="1">907.9733</dst>
      <dst id="5">2092.5422</dst>
      <dst id="3">212.1867</dst>
      <dst id="22">1990.0711</dst>
      <dst id="7">470.0444</dst>
      <dst id="2">143305.0311</dst>
      <dst id="6">5.3511</dst>
      <dst id="16">741.8578</dst>
      <dst id="14">1.1378</dst>
      <dst id="20">6255.7867</dst>
      <dst id="11">6186.6933</dst>
      <dst id="9">1576.8444</dst>
      <dst id="17">151378.5333</dst>
      <dst id="21">1478.1067</dst>
      <dst id="15">361.4756</dst>
    </src>
    <src id="17">
      <dst id="12">15512.0622</dst>
      <dst id="13">4622.0889</dst>
      <dst id="19">377.2800</dst>
      <dst id="23">108.2400</dst>
      <dst id="8">141133.6622</dst>
      <dst id="18">320.1067</dst>
      <dst id="4">36672.1600</dst>
      <dst id="1">14445.7600</dst>
      <dst id="5">203832.9156</dst>
      <dst id="3">20200.0800</dst>
      <dst id="22">5054.3467</dst>
      <dst id="7">3718.2311</dst>
      <dst id="2">4817.8489</dst>
      <dst id="6">19.0044</dst>
      <dst id="16">3383.2711</dst>
      <dst id="14">48386.6667</dst>
      <dst id="20">14585.1378</dst>
      <dst id="11">128345.3244</dst>
      <dst id="9">268252.2844</dst>
      <dst id="17">1582.7556</dst>
      <dst id="21">6606.6933</dst>
      <dst id="15">1089.9467</dst>
    </src>
    <src id="21">
      <dst id="12">19125.1733</dst>
      <dst id="13">1248.7733</dst>
      <dst id="19">200.2044</dst>
      <dst id="23">4.9422</dst>
      <dst id="8">215.5111</dst>
      <dst id="18">201.5733</dst>
      <dst id="4">19662.6489</dst>
      <dst id="1">956.7733</dst>
      <dst id="5">758.4356</dst>
      <dst id="3">1533.0667</dst>
      <dst id="22">1501.0222</dst>
      <dst id="7">3653.5822</dst>
      <dst id="2">7873.7689</dst>
      <dst id="6">29.7689</dst>
      <dst id="16">191.3244</dst>
      <dst id="14">81.6000</dst>
      <dst id="20">146.8000</dst>
      <dst id="11">603.0133</dst>
      <dst id="9">2685.4667</dst>
      <dst id="17">7813.3511</dst>
      <dst id="21">2755.2089</dst>
      <dst id="15">131.0667</dst>
    </src>
    <src id="15">
      <dst id="12">4408.7378</dst>
      <dst id="13">158.2667</dst>
      <dst id="19">62.3467</dst>
      <dst id="23">7.2444</dst>
      <dst id="8">16.8622</dst>
      <dst id="18">0.3378</dst>
      <dst id="4">7020.0267</dst>
      <dst id="1">778.7822</dst>
      <dst id="5">145.6089</dst>
      <dst id="3">17.0578</dst>
      <dst id="7">25.8756</dst>
      <dst id="2">1144.2933</dst>
      <dst id="6">2.4178</dst>
      <dst id="14">2.7378</dst>
      <dst id="11">872.4356</dst>
      <dst id="9">315.5289</dst>
      <dst id="17">160.1600</dst>
      <dst id="21">37.9733</dst>
    </src>
  </IntraTM>
</TrafficMatrixFile>
