<?xml version="1.0" encoding="UTF-8" standalone="yes"?>
<TrafficMatrixFile xmlns:xsi="http://www.w3.org/2001/XMLSchema-instance" xsi:noNamespaceSchemaLocation="http://totem.run.montefiore.ulg.ac.be/Schema/TrafficMatrix-v1_2.xsd">
  <info>
    <title>Intradomain traffic matrix generated by geant-TM-all.pl</title>
    <date>2005-01-03T22:45:00</date>
    <duration>900</duration>
    <author>Steve Uhlig</author>
    <units>
        <unit type="bandwidth" value="kbps"/>
    </units>
  </info>
  <IntraTM ASID="20965">
    <src id="12">
      <dst id="12">251809.0311</dst>
      <dst id="13">22380.2044</dst>
      <dst id="19">1350.7022</dst>
      <dst id="23">127.4933</dst>
      <dst id="8">6277.0844</dst>
      <dst id="18">1805.6711</dst>
      <dst id="4">59687.8844</dst>
      <dst id="1">6792.0356</dst>
      <dst id="5">3282.5778</dst>
      <dst id="3">6251.1644</dst>
      <dst id="22">11911.3867</dst>
      <dst id="7">1723.7333</dst>
      <dst id="2">85118.9867</dst>
      <dst id="6">20.2489</dst>
      <dst id="16">4197.4044</dst>
      <dst id="14">493.7689</dst>
      <dst id="20">4316.7467</dst>
      <dst id="11">3466.4889</dst>
      <dst id="9">5569.4311</dst>
      <dst id="17">109443.1556</dst>
      <dst id="21">6275.6356</dst>
      <dst id="15">9094.3111</dst>
    </src>
    <src id="13">
      <dst id="12">60172.9422</dst>
      <dst id="19">5126.4978</dst>
      <dst id="23">68.9422</dst>
      <dst id="8">6441.7156</dst>
      <dst id="18">2891.2800</dst>
      <dst id="1">2851.9111</dst>
      <dst id="5">13815.6000</dst>
      <dst id="3">7448.0533</dst>
      <dst id="22">20162.3378</dst>
      <dst id="7">6580.5689</dst>
      <dst id="2">89435.7956</dst>
      <dst id="6">221.3067</dst>
      <dst id="16">26966.0089</dst>
      <dst id="14">1151.3067</dst>
      <dst id="20">5131.2356</dst>
      <dst id="11">26902.2756</dst>
      <dst id="9">11982.2222</dst>
      <dst id="17">131901.4222</dst>
      <dst id="21">11505.2622</dst>
      <dst id="15">4464.4444</dst>
    </src>
    <src id="19">
      <dst id="12">16552.5333</dst>
      <dst id="13">1193.3067</dst>
      <dst id="23">184.4622</dst>
      <dst id="8">8.1422</dst>
      <dst id="18">52.2222</dst>
      <dst id="4">15785.0311</dst>
      <dst id="1">2064.7467</dst>
      <dst id="5">11.6178</dst>
      <dst id="3">16.0533</dst>
      <dst id="22">254.4800</dst>
      <dst id="7">5682.5156</dst>
      <dst id="2">1364.2044</dst>
      <dst id="6">765.0844</dst>
      <dst id="16">20673.2178</dst>
      <dst id="14">0.8889</dst>
      <dst id="20">31.6000</dst>
      <dst id="11">46.6311</dst>
      <dst id="9">144.8800</dst>
      <dst id="17">893.6444</dst>
      <dst id="21">251.2711</dst>
      <dst id="15">6.6489</dst>
    </src>
    <src id="23">
      <dst id="12">774.6311</dst>
      <dst id="13">100.1156</dst>
      <dst id="19">18.2667</dst>
      <dst id="8">303.5378</dst>
      <dst id="18">10.6933</dst>
      <dst id="4">3.8133</dst>
      <dst id="1">79.5911</dst>
      <dst id="5">40.3556</dst>
      <dst id="3">171.3600</dst>
      <dst id="22">244.3467</dst>
      <dst id="7">87.3156</dst>
      <dst id="2">41.7333</dst>
      <dst id="16">311.3156</dst>
      <dst id="14">1.7156</dst>
      <dst id="20">13.9200</dst>
      <dst id="11">39.7156</dst>
      <dst id="9">1182.9244</dst>
      <dst id="17">142.5778</dst>
      <dst id="21">151.0844</dst>
    </src>
    <src id="8">
      <dst id="12">316135.4489</dst>
      <dst id="13">1170.7822</dst>
      <dst id="23">164.1244</dst>
      <dst id="18">29.7244</dst>
      <dst id="4">5594.7378</dst>
      <dst id="1">166.9956</dst>
      <dst id="5">1816.2578</dst>
      <dst id="3">13.7511</dst>
      <dst id="22">2082.7644</dst>
      <dst id="7">226.0800</dst>
      <dst id="2">137752.1778</dst>
      <dst id="16">400.3911</dst>
      <dst id="14">1.6356</dst>
      <dst id="20">163.5911</dst>
      <dst id="11">374.7644</dst>
      <dst id="9">572.7467</dst>
      <dst id="17">124269.4756</dst>
      <dst id="21">71.2533</dst>
      <dst id="15">307.5911</dst>
    </src>
    <src id="18">
      <dst id="12">95354.8089</dst>
      <dst id="13">158.6667</dst>
      <dst id="19">18.7733</dst>
      <dst id="23">1.8311</dst>
      <dst id="8">1.5111</dst>
      <dst id="4">1221.4667</dst>
      <dst id="1">1201.8489</dst>
      <dst id="5">319.7156</dst>
      <dst id="3">98.8000</dst>
      <dst id="22">106.4356</dst>
      <dst id="7">75.9022</dst>
      <dst id="2">31894.5422</dst>
      <dst id="16">22.7644</dst>
      <dst id="14">0.6844</dst>
      <dst id="20">1.4578</dst>
      <dst id="11">52.2489</dst>
      <dst id="9">50.3733</dst>
      <dst id="17">33049.8756</dst>
      <dst id="21">426.3111</dst>
      <dst id="15">6.4267</dst>
    </src>
    <src id="4">
      <dst id="12">19117.1733</dst>
      <dst id="19">15149.6178</dst>
      <dst id="8">2295.9289</dst>
      <dst id="18">572.3733</dst>
      <dst id="4">3.1467</dst>
      <dst id="1">39638.6133</dst>
      <dst id="5">2319.2089</dst>
      <dst id="3">2088.9867</dst>
      <dst id="22">7160.5422</dst>
      <dst id="7">116223.3156</dst>
      <dst id="2">36484.5778</dst>
      <dst id="6">292.9867</dst>
      <dst id="16">1541.6444</dst>
      <dst id="14">1073.0578</dst>
      <dst id="20">2349.5200</dst>
      <dst id="11">6555.5200</dst>
      <dst id="9">1761.1733</dst>
      <dst id="17">102108.1600</dst>
      <dst id="21">4880.5422</dst>
      <dst id="15">1075.6444</dst>
    </src>
    <src id="1">
      <dst id="12">13589.5733</dst>
      <dst id="13">458.2667</dst>
      <dst id="19">175.1644</dst>
      <dst id="23">69.5022</dst>
      <dst id="8">122916.5867</dst>
      <dst id="18">14437.0844</dst>
      <dst id="4">3054.7467</dst>
      <dst id="1">9345.0400</dst>
      <dst id="5">240875.8756</dst>
      <dst id="3">102.1067</dst>
      <dst id="22">11435.6000</dst>
      <dst id="7">1049.2800</dst>
      <dst id="2">1998.3911</dst>
      <dst id="6">10441.0489</dst>
      <dst id="16">11537.3422</dst>
      <dst id="14">101.2089</dst>
      <dst id="20">121.6800</dst>
      <dst id="11">578.6222</dst>
      <dst id="9">205629.2444</dst>
      <dst id="17">1205.4667</dst>
      <dst id="21">5124.6933</dst>
      <dst id="15">134.7022</dst>
    </src>
    <src id="5">
      <dst id="12">325284.1956</dst>
      <dst id="13">5075.3956</dst>
      <dst id="19">42.4800</dst>
      <dst id="23">14.9333</dst>
      <dst id="8">624.8356</dst>
      <dst id="18">88.9422</dst>
      <dst id="4">8019.3511</dst>
      <dst id="1">327.9022</dst>
      <dst id="3">1.8933</dst>
      <dst id="22">13093.9911</dst>
      <dst id="7">255.0222</dst>
      <dst id="2">126880.0356</dst>
      <dst id="6">5.3511</dst>
      <dst id="16">704.7644</dst>
      <dst id="14">43.4133</dst>
      <dst id="20">11726.0889</dst>
      <dst id="11">2925.5200</dst>
      <dst id="9">3505.8844</dst>
      <dst id="17">123463.4044</dst>
      <dst id="21">250.0089</dst>
      <dst id="15">162.2933</dst>
    </src>
    <src id="3">
      <dst id="12">10144.3289</dst>
      <dst id="13">305.7511</dst>
      <dst id="19">1157.6978</dst>
      <dst id="23">7587.4756</dst>
      <dst id="8">52.6222</dst>
      <dst id="18">56826.9422</dst>
      <dst id="4">25862.8533</dst>
      <dst id="1">6178.9867</dst>
      <dst id="5">260.3644</dst>
      <dst id="3">16396.6311</dst>
      <dst id="22">337.8311</dst>
      <dst id="7">2311.3422</dst>
      <dst id="2">4490.4089</dst>
      <dst id="6">7.2356</dst>
      <dst id="16">832.5511</dst>
      <dst id="14">30653.0756</dst>
      <dst id="20">172.3822</dst>
      <dst id="11">148532.0622</dst>
      <dst id="9">53.5022</dst>
      <dst id="17">6420.0711</dst>
      <dst id="21">15767.4044</dst>
      <dst id="15">119.1378</dst>
    </src>
    <src id="10">
      <dst id="12">15223.0400</dst>
      <dst id="19">494.2133</dst>
      <dst id="8">423.9822</dst>
      <dst id="18">464.5244</dst>
      <dst id="1">2026.9333</dst>
      <dst id="5">1007.1289</dst>
      <dst id="3">8535.0133</dst>
      <dst id="22">12950.8800</dst>
      <dst id="7">3129.0222</dst>
      <dst id="2">16868.7289</dst>
      <dst id="6">0.7111</dst>
      <dst id="16">796.2222</dst>
      <dst id="14">705.7867</dst>
      <dst id="20">3875.7867</dst>
      <dst id="11">7396.7556</dst>
      <dst id="9">3118.2133</dst>
      <dst id="17">16430.8622</dst>
      <dst id="21">6546.2578</dst>
      <dst id="15">260.6667</dst>
    </src>
    <src id="22">
      <dst id="12">13693.6800</dst>
      <dst id="13">3368.2311</dst>
      <dst id="19">123.4578</dst>
      <dst id="23">655.7156</dst>
      <dst id="8">363.8489</dst>
      <dst id="18">388.0889</dst>
      <dst id="4">15092.4711</dst>
      <dst id="1">2445.9644</dst>
      <dst id="5">4941.5556</dst>
      <dst id="3">285.9733</dst>
      <dst id="7">751.4311</dst>
      <dst id="2">3462.9600</dst>
      <dst id="6">1.1733</dst>
      <dst id="16">36.9689</dst>
      <dst id="14">160.9333</dst>
      <dst id="11">1224.2044</dst>
      <dst id="9">11230.2400</dst>
      <dst id="17">3089.8311</dst>
      <dst id="21">779.5644</dst>
    </src>
    <src id="7">
      <dst id="12">7209.5911</dst>
      <dst id="13">516.3200</dst>
      <dst id="19">364.8533</dst>
      <dst id="23">202.7111</dst>
      <dst id="8">1130.4444</dst>
      <dst id="18">226.7911</dst>
      <dst id="4">17551.3956</dst>
      <dst id="1">4407.8400</dst>
      <dst id="5">2258.3911</dst>
      <dst id="3">556.0800</dst>
      <dst id="22">3233.9822</dst>
      <dst id="7">942.1511</dst>
      <dst id="2">10427.1733</dst>
      <dst id="6">28.1689</dst>
      <dst id="16">831.1289</dst>
      <dst id="14">63.3067</dst>
      <dst id="20">406.0000</dst>
      <dst id="11">1249.8756</dst>
      <dst id="9">1810.8711</dst>
      <dst id="17">8148.0711</dst>
      <dst id="21">4674.4622</dst>
      <dst id="15">735.9378</dst>
    </src>
    <src id="2">
      <dst id="12">130567.2089</dst>
      <dst id="13">518459.6800</dst>
      <dst id="19">237.5467</dst>
      <dst id="23">130.0622</dst>
      <dst id="8">561.1289</dst>
      <dst id="18">57255.0844</dst>
      <dst id="4">57083.8933</dst>
      <dst id="1">14607.3156</dst>
      <dst id="5">2434.8000</dst>
      <dst id="3">74.2044</dst>
      <dst id="22">5649.4222</dst>
      <dst id="7">3035.9111</dst>
      <dst id="2">767.5911</dst>
      <dst id="6">9265.9467</dst>
      <dst id="16">3366.2578</dst>
      <dst id="14">5490.8267</dst>
      <dst id="20">2583.9911</dst>
      <dst id="11">4621.3956</dst>
      <dst id="9">8089.6800</dst>
      <dst id="17">31782.7822</dst>
      <dst id="21">3281.8578</dst>
      <dst id="15">65.5200</dst>
    </src>
    <src id="6">
      <dst id="12">10852.9600</dst>
      <dst id="13">1.0933</dst>
      <dst id="19">32.6222</dst>
      <dst id="4">945.9200</dst>
      <dst id="1">1.8222</dst>
      <dst id="5">8.6756</dst>
      <dst id="3">11.4667</dst>
      <dst id="22">1.0044</dst>
      <dst id="7">20.0978</dst>
      <dst id="2">3059.8667</dst>
      <dst id="16">1.5733</dst>
      <dst id="20">5.2178</dst>
      <dst id="11">27.2000</dst>
      <dst id="9">11.6000</dst>
      <dst id="17">1628.4533</dst>
      <dst id="21">11.1733</dst>
    </src>
    <src id="16">
      <dst id="12">3041.8933</dst>
      <dst id="13">733.2622</dst>
      <dst id="19">5926.5244</dst>
      <dst id="23">61.7067</dst>
      <dst id="8">3710.4178</dst>
      <dst id="18">4.6044</dst>
      <dst id="4">3783.3156</dst>
      <dst id="1">22684.6667</dst>
      <dst id="5">3662.8622</dst>
      <dst id="3">6.5156</dst>
      <dst id="7">65.0844</dst>
      <dst id="2">920.1600</dst>
      <dst id="6">48.3556</dst>
      <dst id="16">53.7511</dst>
      <dst id="14">693.8311</dst>
      <dst id="11">535.5378</dst>
      <dst id="9">11674.7467</dst>
      <dst id="17">1802.3378</dst>
      <dst id="21">2854.7733</dst>
    </src>
    <src id="14">
      <dst id="12">16666.8622</dst>
      <dst id="13">73.9111</dst>
      <dst id="19">17.1022</dst>
      <dst id="23">3.0133</dst>
      <dst id="8">41.0667</dst>
      <dst id="4">1346.8533</dst>
      <dst id="1">53.6889</dst>
      <dst id="5">37.2622</dst>
      <dst id="3">68.7111</dst>
      <dst id="22">18.7644</dst>
      <dst id="7">35.8044</dst>
      <dst id="2">6406.8444</dst>
      <dst id="16">22.1867</dst>
      <dst id="11">29.9378</dst>
      <dst id="9">1.1022</dst>
      <dst id="17">6151.9822</dst>
      <dst id="21">67.1556</dst>
    </src>
    <src id="20">
      <dst id="12">6618.6933</dst>
      <dst id="13">7799.9200</dst>
      <dst id="19">140.8356</dst>
      <dst id="23">0.4622</dst>
      <dst id="8">96.4444</dst>
      <dst id="18">6.1422</dst>
      <dst id="4">6895.0311</dst>
      <dst id="1">129.3067</dst>
      <dst id="5">2370.7378</dst>
      <dst id="3">358.4889</dst>
      <dst id="7">1453.3244</dst>
      <dst id="2">2669.9644</dst>
      <dst id="6">13.3333</dst>
      <dst id="14">2.0089</dst>
      <dst id="11">336.5778</dst>
      <dst id="9">12655.9467</dst>
      <dst id="17">622.5867</dst>
      <dst id="21">502.3289</dst>
    </src>
    <src id="11">
      <dst id="12">368209.3867</dst>
      <dst id="13">4586.9778</dst>
      <dst id="19">100.2756</dst>
      <dst id="23">4.0444</dst>
      <dst id="8">371.6444</dst>
      <dst id="18">35.8933</dst>
      <dst id="4">5983.0844</dst>
      <dst id="1">393.7867</dst>
      <dst id="5">1004.2578</dst>
      <dst id="3">375.0756</dst>
      <dst id="22">2148.8978</dst>
      <dst id="7">256.9067</dst>
      <dst id="2">139882.8178</dst>
      <dst id="6">27.3422</dst>
      <dst id="16">446.7467</dst>
      <dst id="14">110.8089</dst>
      <dst id="20">1048.3467</dst>
      <dst id="11">2290.4089</dst>
      <dst id="9">723.4044</dst>
      <dst id="17">145082.2489</dst>
      <dst id="21">9390.0356</dst>
      <dst id="15">124.9333</dst>
    </src>
    <src id="9">
      <dst id="12">414476.3644</dst>
      <dst id="13">6996.4444</dst>
      <dst id="19">513.3156</dst>
      <dst id="23">1304.3200</dst>
      <dst id="8">1427.2978</dst>
      <dst id="18">70.4000</dst>
      <dst id="4">5546.6933</dst>
      <dst id="1">2507.3067</dst>
      <dst id="5">1269.3244</dst>
      <dst id="3">1.6000</dst>
      <dst id="22">13766.2667</dst>
      <dst id="7">354.5600</dst>
      <dst id="2">148205.3422</dst>
      <dst id="6">10.5511</dst>
      <dst id="16">933.9733</dst>
      <dst id="14">1.2978</dst>
      <dst id="20">835.5644</dst>
      <dst id="11">2199.4133</dst>
      <dst id="9">487.1289</dst>
      <dst id="17">195376.0444</dst>
      <dst id="21">3900.0000</dst>
      <dst id="15">868.1067</dst>
    </src>
    <src id="17">
      <dst id="12">12260.2133</dst>
      <dst id="13">3098.6133</dst>
      <dst id="19">305.1556</dst>
      <dst id="23">445.4489</dst>
      <dst id="8">131897.7333</dst>
      <dst id="18">119.0133</dst>
      <dst id="4">32904.4533</dst>
      <dst id="1">1178.0533</dst>
      <dst id="5">221933.2889</dst>
      <dst id="3">9787.3778</dst>
      <dst id="22">4504.1689</dst>
      <dst id="7">1139.9822</dst>
      <dst id="2">17683.6089</dst>
      <dst id="6">65.9467</dst>
      <dst id="16">5625.0222</dst>
      <dst id="14">23127.3244</dst>
      <dst id="20">9650.8622</dst>
      <dst id="11">118983.6267</dst>
      <dst id="9">201402.3556</dst>
      <dst id="17">1821.1289</dst>
      <dst id="21">12059.9200</dst>
      <dst id="15">106.5867</dst>
    </src>
    <src id="21">
      <dst id="12">19428.0356</dst>
      <dst id="13">425.5378</dst>
      <dst id="19">457.7867</dst>
      <dst id="23">20.7556</dst>
      <dst id="8">75.1644</dst>
      <dst id="18">461.7689</dst>
      <dst id="4">15520.0000</dst>
      <dst id="1">1195.2978</dst>
      <dst id="5">548.7911</dst>
      <dst id="3">475.8311</dst>
      <dst id="22">1543.4667</dst>
      <dst id="7">783.5378</dst>
      <dst id="2">12182.3733</dst>
      <dst id="16">144.3644</dst>
      <dst id="14">93.9467</dst>
      <dst id="20">68.0267</dst>
      <dst id="11">2005.3778</dst>
      <dst id="9">639.4578</dst>
      <dst id="17">6461.2089</dst>
      <dst id="21">910.3022</dst>
      <dst id="15">4.3644</dst>
    </src>
    <src id="15">
      <dst id="12">470.0533</dst>
      <dst id="13">423.3156</dst>
      <dst id="19">31.8756</dst>
      <dst id="23">0.6933</dst>
      <dst id="8">16.1689</dst>
      <dst id="18">0.7111</dst>
      <dst id="4">1159.2089</dst>
      <dst id="1">623.8844</dst>
      <dst id="5">51.8844</dst>
      <dst id="3">7.8400</dst>
      <dst id="7">18.0800</dst>
      <dst id="2">975.9467</dst>
      <dst id="11">63.8044</dst>
      <dst id="9">666.8444</dst>
      <dst id="17">897.0222</dst>
      <dst id="21">211.1022</dst>
    </src>
  </IntraTM>
</TrafficMatrixFile>
