<?xml version="1.0" encoding="UTF-8" standalone="yes"?>
<TrafficMatrixFile xmlns:xsi="http://www.w3.org/2001/XMLSchema-instance" xsi:noNamespaceSchemaLocation="http://totem.run.montefiore.ulg.ac.be/Schema/TrafficMatrix-v1_2.xsd">
  <info>
    <title>Intradomain traffic matrix generated by geant-TM-all.pl</title>
    <date>2005-01-02T07:15:00</date>
    <duration>900</duration>
    <author>Steve Uhlig</author>
    <units>
        <unit type="bandwidth" value="kbps"/>
    </units>
  </info>
  <IntraTM ASID="20965">
    <src id="12">
      <dst id="12">274133.8578</dst>
      <dst id="13">22145.9378</dst>
      <dst id="19">4213.2978</dst>
      <dst id="23">7173.4400</dst>
      <dst id="8">3769.8667</dst>
      <dst id="18">308.9156</dst>
      <dst id="4">112770.5244</dst>
      <dst id="1">8439.6533</dst>
      <dst id="5">3928.4622</dst>
      <dst id="3">6453.4311</dst>
      <dst id="22">22079.0933</dst>
      <dst id="7">2421.7956</dst>
      <dst id="2">96560.0711</dst>
      <dst id="6">3.4044</dst>
      <dst id="16">4618.2311</dst>
      <dst id="14">207.1911</dst>
      <dst id="20">7449.8222</dst>
      <dst id="11">3253.4489</dst>
      <dst id="9">9245.1644</dst>
      <dst id="17">77087.5289</dst>
      <dst id="21">11281.7778</dst>
      <dst id="15">5353.5556</dst>
    </src>
    <src id="13">
      <dst id="12">163615.9200</dst>
      <dst id="19">6531.3778</dst>
      <dst id="23">83.8222</dst>
      <dst id="8">1823.0578</dst>
      <dst id="18">5224.9778</dst>
      <dst id="4">43.7067</dst>
      <dst id="1">3110.3644</dst>
      <dst id="5">9880.9956</dst>
      <dst id="3">5239.7600</dst>
      <dst id="22">26629.5556</dst>
      <dst id="7">10050.0533</dst>
      <dst id="2">101568.9689</dst>
      <dst id="6">260.8800</dst>
      <dst id="16">8680.6489</dst>
      <dst id="14">1412.2044</dst>
      <dst id="20">20592.9600</dst>
      <dst id="11">10647.1467</dst>
      <dst id="9">14806.3733</dst>
      <dst id="17">103343.1644</dst>
      <dst id="21">15240.8267</dst>
      <dst id="15">2263.3778</dst>
    </src>
    <src id="19">
      <dst id="12">13331.2178</dst>
      <dst id="13">337.7511</dst>
      <dst id="23">26.3467</dst>
      <dst id="8">117.3867</dst>
      <dst id="18">3.4133</dst>
      <dst id="4">23153.5111</dst>
      <dst id="1">534.8178</dst>
      <dst id="5">976.8178</dst>
      <dst id="3">25.2444</dst>
      <dst id="22">890.3200</dst>
      <dst id="7">3337.5022</dst>
      <dst id="2">686.2667</dst>
      <dst id="6">106.3911</dst>
      <dst id="16">5026.8889</dst>
      <dst id="14">0.7911</dst>
      <dst id="20">56.2933</dst>
      <dst id="11">47.5200</dst>
      <dst id="9">116.8533</dst>
      <dst id="17">247.7067</dst>
      <dst id="21">726.7378</dst>
      <dst id="15">0.8889</dst>
    </src>
    <src id="23">
      <dst id="12">387.8133</dst>
      <dst id="13">48.8533</dst>
      <dst id="19">14.7911</dst>
      <dst id="8">78.9333</dst>
      <dst id="18">1.1200</dst>
      <dst id="4">558.5778</dst>
      <dst id="1">83.6267</dst>
      <dst id="5">0.7467</dst>
      <dst id="3">53.3333</dst>
      <dst id="22">1163.4756</dst>
      <dst id="7">99.3333</dst>
      <dst id="2">4.6756</dst>
      <dst id="6">1.0311</dst>
      <dst id="16">5.4667</dst>
      <dst id="20">12.6222</dst>
      <dst id="11">1266.7733</dst>
      <dst id="9">564.1422</dst>
      <dst id="17">120.5956</dst>
      <dst id="21">1179.7689</dst>
      <dst id="15">6760.0000</dst>
    </src>
    <src id="8">
      <dst id="12">329104.2044</dst>
      <dst id="13">269.5556</dst>
      <dst id="19">126.7289</dst>
      <dst id="23">1617.6000</dst>
      <dst id="18">29.4933</dst>
      <dst id="4">6984.9956</dst>
      <dst id="1">115.6622</dst>
      <dst id="5">2996.7111</dst>
      <dst id="3">3.3511</dst>
      <dst id="22">1086.2044</dst>
      <dst id="7">39.2889</dst>
      <dst id="2">128084.1422</dst>
      <dst id="6">45.9378</dst>
      <dst id="16">1017.4756</dst>
      <dst id="14">4.5867</dst>
      <dst id="20">249.2356</dst>
      <dst id="11">1369.9733</dst>
      <dst id="9">415.7244</dst>
      <dst id="17">119595.1111</dst>
      <dst id="21">541.1200</dst>
      <dst id="15">163.0133</dst>
    </src>
    <src id="18">
      <dst id="12">103074.9156</dst>
      <dst id="13">183.9644</dst>
      <dst id="19">44.9067</dst>
      <dst id="8">86.2489</dst>
      <dst id="4">3035.6711</dst>
      <dst id="1">668.1689</dst>
      <dst id="5">2942.8533</dst>
      <dst id="3">89.4133</dst>
      <dst id="22">619.5644</dst>
      <dst id="7">60.5956</dst>
      <dst id="2">32767.7156</dst>
      <dst id="16">15.2444</dst>
      <dst id="14">0.7111</dst>
      <dst id="20">42.1067</dst>
      <dst id="11">2323.4756</dst>
      <dst id="9">51.3867</dst>
      <dst id="17">38914.8444</dst>
      <dst id="21">1136.1956</dst>
    </src>
    <src id="4">
      <dst id="12">32427.0667</dst>
      <dst id="13">526.7822</dst>
      <dst id="19">6006.8800</dst>
      <dst id="8">1028.9422</dst>
      <dst id="18">1806.2222</dst>
      <dst id="1">10857.8133</dst>
      <dst id="5">2440.6578</dst>
      <dst id="3">160.0622</dst>
      <dst id="22">6260.5067</dst>
      <dst id="7">27926.4800</dst>
      <dst id="2">53749.2978</dst>
      <dst id="6">27.7333</dst>
      <dst id="16">3464.0622</dst>
      <dst id="14">1182.9244</dst>
      <dst id="20">11878.1333</dst>
      <dst id="11">6520.1156</dst>
      <dst id="9">3622.2133</dst>
      <dst id="17">34866.3289</dst>
      <dst id="21">7197.6711</dst>
      <dst id="15">794.2756</dst>
    </src>
    <src id="1">
      <dst id="12">13881.2444</dst>
      <dst id="13">1279.4667</dst>
      <dst id="19">58.5511</dst>
      <dst id="23">25.2622</dst>
      <dst id="8">165811.7511</dst>
      <dst id="18">12877.3333</dst>
      <dst id="4">18557.5378</dst>
      <dst id="1">9614.5422</dst>
      <dst id="5">224404.8089</dst>
      <dst id="3">19.5822</dst>
      <dst id="22">4938.5156</dst>
      <dst id="7">872.9956</dst>
      <dst id="2">2738.9778</dst>
      <dst id="6">10565.4400</dst>
      <dst id="16">7642.4267</dst>
      <dst id="14">56.1778</dst>
      <dst id="20">55.8044</dst>
      <dst id="11">169.4311</dst>
      <dst id="9">205959.4844</dst>
      <dst id="17">3827.2267</dst>
      <dst id="21">3057.0133</dst>
      <dst id="15">230.3111</dst>
    </src>
    <src id="5">
      <dst id="12">332192.9778</dst>
      <dst id="13">1335.1467</dst>
      <dst id="19">86.0178</dst>
      <dst id="23">54.2222</dst>
      <dst id="8">846.2933</dst>
      <dst id="18">145.5733</dst>
      <dst id="4">7659.4311</dst>
      <dst id="1">845.9111</dst>
      <dst id="3">43.0489</dst>
      <dst id="22">3611.5467</dst>
      <dst id="7">203.7956</dst>
      <dst id="2">130150.9867</dst>
      <dst id="6">20.3644</dst>
      <dst id="16">467.6978</dst>
      <dst id="14">27.2178</dst>
      <dst id="20">1873.2622</dst>
      <dst id="11">1268.4356</dst>
      <dst id="9">936.9156</dst>
      <dst id="17">118196.0889</dst>
      <dst id="21">445.5111</dst>
      <dst id="15">7661.3511</dst>
    </src>
    <src id="3">
      <dst id="12">9575.7956</dst>
      <dst id="13">546.7467</dst>
      <dst id="19">1605.6978</dst>
      <dst id="23">15.2444</dst>
      <dst id="8">127.6533</dst>
      <dst id="18">89177.1733</dst>
      <dst id="4">34151.2711</dst>
      <dst id="1">6429.0311</dst>
      <dst id="5">438.5244</dst>
      <dst id="3">10807.4222</dst>
      <dst id="22">996.9778</dst>
      <dst id="7">2319.3778</dst>
      <dst id="2">8904.0089</dst>
      <dst id="6">8.0089</dst>
      <dst id="16">1801.7867</dst>
      <dst id="14">33251.9022</dst>
      <dst id="20">277.0400</dst>
      <dst id="11">153104.2933</dst>
      <dst id="9">44.8089</dst>
      <dst id="17">18019.5022</dst>
      <dst id="21">7952.9244</dst>
      <dst id="15">93.6089</dst>
    </src>
    <src id="10">
      <dst id="12">11543.6356</dst>
      <dst id="19">993.5378</dst>
      <dst id="8">1021.2089</dst>
      <dst id="18">6054.4178</dst>
      <dst id="1">1229.4044</dst>
      <dst id="5">2234.8800</dst>
      <dst id="3">10963.2178</dst>
      <dst id="22">5825.6533</dst>
      <dst id="7">17131.3511</dst>
      <dst id="2">30306.8444</dst>
      <dst id="6">12.8000</dst>
      <dst id="16">1700.2489</dst>
      <dst id="14">3127.3600</dst>
      <dst id="20">4818.5867</dst>
      <dst id="11">3714.3822</dst>
      <dst id="9">7623.4933</dst>
      <dst id="17">32093.4844</dst>
      <dst id="21">14008.4356</dst>
      <dst id="15">738.2133</dst>
    </src>
    <src id="22">
      <dst id="12">9674.5244</dst>
      <dst id="13">4684.6044</dst>
      <dst id="19">1531.6889</dst>
      <dst id="23">37.9644</dst>
      <dst id="8">1486.8622</dst>
      <dst id="18">898.5689</dst>
      <dst id="4">18658.4622</dst>
      <dst id="1">1569.6711</dst>
      <dst id="5">13067.2800</dst>
      <dst id="3">1387.0133</dst>
      <dst id="7">806.5511</dst>
      <dst id="2">3500.6133</dst>
      <dst id="6">29.8844</dst>
      <dst id="16">41.1733</dst>
      <dst id="14">30.2667</dst>
      <dst id="11">3664.0622</dst>
      <dst id="9">2861.6800</dst>
      <dst id="17">3323.7244</dst>
      <dst id="21">3136.0533</dst>
    </src>
    <src id="7">
      <dst id="12">5150.4978</dst>
      <dst id="13">214.8533</dst>
      <dst id="19">1081.7244</dst>
      <dst id="23">72.4978</dst>
      <dst id="8">529.1467</dst>
      <dst id="18">218.8356</dst>
      <dst id="4">44839.5289</dst>
      <dst id="1">2404.4089</dst>
      <dst id="5">2007.9733</dst>
      <dst id="3">283.1378</dst>
      <dst id="22">5344.8622</dst>
      <dst id="7">723.0578</dst>
      <dst id="2">6258.2400</dst>
      <dst id="6">16.1156</dst>
      <dst id="16">841.2000</dst>
      <dst id="14">279.4933</dst>
      <dst id="20">1889.4578</dst>
      <dst id="11">2077.3156</dst>
      <dst id="9">1571.1644</dst>
      <dst id="17">11991.4667</dst>
      <dst id="21">10321.8400</dst>
      <dst id="15">308.3467</dst>
    </src>
    <src id="2">
      <dst id="12">110595.2178</dst>
      <dst id="13">15364.1778</dst>
      <dst id="19">8455.8311</dst>
      <dst id="8">3504.2578</dst>
      <dst id="18">72308.1600</dst>
      <dst id="4">118003.3511</dst>
      <dst id="1">2381.0311</dst>
      <dst id="5">2762.2933</dst>
      <dst id="3">35.5200</dst>
      <dst id="22">2336.0622</dst>
      <dst id="7">2876.6222</dst>
      <dst id="2">753.2000</dst>
      <dst id="6">7027.2800</dst>
      <dst id="16">4646.9333</dst>
      <dst id="14">6143.9111</dst>
      <dst id="20">1354.9956</dst>
      <dst id="11">3843.5911</dst>
      <dst id="9">1044.3733</dst>
      <dst id="17">52663.8578</dst>
      <dst id="21">4155.0489</dst>
      <dst id="15">39.9733</dst>
    </src>
    <src id="6">
      <dst id="12">8646.7644</dst>
      <dst id="13">6.7111</dst>
      <dst id="19">8.0711</dst>
      <dst id="23">16.2933</dst>
      <dst id="8">0.7111</dst>
      <dst id="4">378.9600</dst>
      <dst id="1">20.1067</dst>
      <dst id="22">2.5422</dst>
      <dst id="7">1.8844</dst>
      <dst id="2">1890.9067</dst>
      <dst id="16">58.2578</dst>
      <dst id="20">5.2089</dst>
      <dst id="11">3.6889</dst>
      <dst id="9">73.8756</dst>
      <dst id="17">1457.7067</dst>
      <dst id="21">2.0800</dst>
      <dst id="15">3.8489</dst>
    </src>
    <src id="16">
      <dst id="12">3854.4178</dst>
      <dst id="13">1264.9156</dst>
      <dst id="19">3575.2178</dst>
      <dst id="23">3.2533</dst>
      <dst id="8">5931.6800</dst>
      <dst id="18">4.2667</dst>
      <dst id="4">7391.2267</dst>
      <dst id="1">18219.8844</dst>
      <dst id="5">3176.0622</dst>
      <dst id="3">1.2978</dst>
      <dst id="22">22.2667</dst>
      <dst id="7">2726.9244</dst>
      <dst id="2">452.6400</dst>
      <dst id="6">2.3467</dst>
      <dst id="16">53.9200</dst>
      <dst id="14">305.2444</dst>
      <dst id="11">261.7867</dst>
      <dst id="9">4093.7867</dst>
      <dst id="17">1275.5467</dst>
      <dst id="21">401.0933</dst>
    </src>
    <src id="14">
      <dst id="12">22659.6267</dst>
      <dst id="13">73.2089</dst>
      <dst id="19">5.9733</dst>
      <dst id="8">1.0400</dst>
      <dst id="18">12.6222</dst>
      <dst id="4">2998.7111</dst>
      <dst id="1">72.6667</dst>
      <dst id="5">2.9600</dst>
      <dst id="3">67.4044</dst>
      <dst id="22">31.2178</dst>
      <dst id="7">50.0711</dst>
      <dst id="2">7329.9378</dst>
      <dst id="16">8.3200</dst>
      <dst id="20">2.0533</dst>
      <dst id="11">21.5200</dst>
      <dst id="9">4.6933</dst>
      <dst id="17">7753.9111</dst>
      <dst id="21">102.2756</dst>
      <dst id="15">0.4267</dst>
    </src>
    <src id="20">
      <dst id="12">9323.8133</dst>
      <dst id="13">1494.9867</dst>
      <dst id="19">118.7556</dst>
      <dst id="8">4492.2844</dst>
      <dst id="18">194.7556</dst>
      <dst id="4">14081.1289</dst>
      <dst id="1">364.3289</dst>
      <dst id="5">2692.1333</dst>
      <dst id="3">1375.9111</dst>
      <dst id="22">0.8533</dst>
      <dst id="7">113.9378</dst>
      <dst id="2">3252.5867</dst>
      <dst id="14">0.3556</dst>
      <dst id="11">511.1556</dst>
      <dst id="9">5521.2178</dst>
      <dst id="17">3266.8178</dst>
      <dst id="21">1236.1511</dst>
    </src>
    <src id="11">
      <dst id="12">434178.6044</dst>
      <dst id="13">1633.0133</dst>
      <dst id="19">35.3156</dst>
      <dst id="23">50.6578</dst>
      <dst id="8">2296.4533</dst>
      <dst id="18">378.3111</dst>
      <dst id="4">18305.2711</dst>
      <dst id="1">340.6756</dst>
      <dst id="5">2122.1511</dst>
      <dst id="3">319.3422</dst>
      <dst id="22">3150.1511</dst>
      <dst id="7">246.0711</dst>
      <dst id="2">187343.4222</dst>
      <dst id="6">75.0222</dst>
      <dst id="16">849.6089</dst>
      <dst id="14">85.5378</dst>
      <dst id="20">1597.8311</dst>
      <dst id="11">1481.8222</dst>
      <dst id="9">2015.2000</dst>
      <dst id="17">159634.3556</dst>
      <dst id="21">641.0844</dst>
      <dst id="15">158.1511</dst>
    </src>
    <src id="9">
      <dst id="12">459164.8444</dst>
      <dst id="13">1643.7067</dst>
      <dst id="19">9.3867</dst>
      <dst id="23">12.5511</dst>
      <dst id="8">305.8489</dst>
      <dst id="18">346.9333</dst>
      <dst id="4">16159.7156</dst>
      <dst id="1">253.6889</dst>
      <dst id="5">1237.9111</dst>
      <dst id="3">15.5733</dst>
      <dst id="22">3653.2178</dst>
      <dst id="7">126.8889</dst>
      <dst id="2">180061.7867</dst>
      <dst id="6">14.9511</dst>
      <dst id="16">499.0133</dst>
      <dst id="14">5.1822</dst>
      <dst id="20">788.6756</dst>
      <dst id="11">836.5333</dst>
      <dst id="9">534.6667</dst>
      <dst id="17">176471.0222</dst>
      <dst id="21">194.1333</dst>
      <dst id="15">97.3156</dst>
    </src>
    <src id="17">
      <dst id="12">8074.8622</dst>
      <dst id="13">14091.1644</dst>
      <dst id="19">3844.1956</dst>
      <dst id="23">24.4889</dst>
      <dst id="8">162545.1022</dst>
      <dst id="18">14458.4800</dst>
      <dst id="4">176667.4489</dst>
      <dst id="1">3409.3778</dst>
      <dst id="5">237169.6178</dst>
      <dst id="3">14382.2489</dst>
      <dst id="22">11601.5378</dst>
      <dst id="7">900.0978</dst>
      <dst id="2">15185.9111</dst>
      <dst id="6">84.7200</dst>
      <dst id="16">1973.3333</dst>
      <dst id="14">23622.2578</dst>
      <dst id="20">7131.8933</dst>
      <dst id="11">120522.1600</dst>
      <dst id="9">213006.6489</dst>
      <dst id="17">1425.3244</dst>
      <dst id="21">9257.6444</dst>
      <dst id="15">91.8133</dst>
    </src>
    <src id="21">
      <dst id="12">18883.2000</dst>
      <dst id="13">3028.6044</dst>
      <dst id="19">227.7867</dst>
      <dst id="23">16.0178</dst>
      <dst id="8">330.0978</dst>
      <dst id="18">252.6578</dst>
      <dst id="4">30409.4578</dst>
      <dst id="1">783.6800</dst>
      <dst id="5">648.8089</dst>
      <dst id="3">782.6756</dst>
      <dst id="22">4665.2533</dst>
      <dst id="7">2859.0489</dst>
      <dst id="2">9400.0800</dst>
      <dst id="6">1.2178</dst>
      <dst id="16">245.6089</dst>
      <dst id="14">56.2133</dst>
      <dst id="20">275.5556</dst>
      <dst id="11">1269.0756</dst>
      <dst id="9">525.0133</dst>
      <dst id="17">5652.7200</dst>
      <dst id="21">2340.3289</dst>
      <dst id="15">85.9556</dst>
    </src>
    <src id="15">
      <dst id="12">4334.9778</dst>
      <dst id="13">306.7111</dst>
      <dst id="19">0.8533</dst>
      <dst id="23">124.6311</dst>
      <dst id="8">32.1689</dst>
      <dst id="18">15.6089</dst>
      <dst id="4">3166.4889</dst>
      <dst id="1">806.7556</dst>
      <dst id="5">252.8889</dst>
      <dst id="3">17.5022</dst>
      <dst id="7">1993.9822</dst>
      <dst id="2">96.5867</dst>
      <dst id="6">52.0444</dst>
      <dst id="11">88.2933</dst>
      <dst id="9">1379.6800</dst>
      <dst id="17">198.5511</dst>
      <dst id="21">116.8267</dst>
    </src>
  </IntraTM>
</TrafficMatrixFile>
