<?xml version="1.0" encoding="UTF-8" standalone="yes"?>
<TrafficMatrixFile xmlns:xsi="http://www.w3.org/2001/XMLSchema-instance" xsi:noNamespaceSchemaLocation="http://totem.run.montefiore.ulg.ac.be/Schema/TrafficMatrix-v1_2.xsd">
  <info>
    <title>Intradomain traffic matrix generated by geant-TM-all.pl</title>
    <date>2005-01-06T01:30:00</date>
    <duration>900</duration>
    <author>Steve Uhlig</author>
    <units>
        <unit type="bandwidth" value="kbps"/>
    </units>
  </info>
  <IntraTM ASID="20965">
    <src id="12">
      <dst id="12">317285.1200</dst>
      <dst id="13">40995.7333</dst>
      <dst id="19">7790.8089</dst>
      <dst id="23">274.1778</dst>
      <dst id="8">3208.0267</dst>
      <dst id="18">6108.7822</dst>
      <dst id="4">105764.3200</dst>
      <dst id="1">12592.6667</dst>
      <dst id="5">6889.0933</dst>
      <dst id="3">19101.0667</dst>
      <dst id="22">25428.8267</dst>
      <dst id="7">9346.7467</dst>
      <dst id="2">114939.0311</dst>
      <dst id="6">123.7511</dst>
      <dst id="16">9603.2444</dst>
      <dst id="14">173.7333</dst>
      <dst id="20">23329.6889</dst>
      <dst id="11">9926.2844</dst>
      <dst id="9">10295.2089</dst>
      <dst id="17">127831.7867</dst>
      <dst id="21">24166.9778</dst>
      <dst id="15">8120.7911</dst>
    </src>
    <src id="13">
      <dst id="12">96329.5022</dst>
      <dst id="19">19240.7556</dst>
      <dst id="23">180.3022</dst>
      <dst id="8">5823.1289</dst>
      <dst id="18">12457.8400</dst>
      <dst id="1">11730.0800</dst>
      <dst id="5">9479.3333</dst>
      <dst id="3">31107.1378</dst>
      <dst id="22">29113.3689</dst>
      <dst id="7">51290.4889</dst>
      <dst id="2">137103.3867</dst>
      <dst id="6">310.4178</dst>
      <dst id="16">10798.0800</dst>
      <dst id="14">6018.1333</dst>
      <dst id="20">12218.4356</dst>
      <dst id="11">26003.0400</dst>
      <dst id="9">18368.8089</dst>
      <dst id="17">91366.9333</dst>
      <dst id="21">49008.9422</dst>
      <dst id="15">3482.1422</dst>
    </src>
    <src id="19">
      <dst id="12">24009.2711</dst>
      <dst id="13">2676.3289</dst>
      <dst id="23">233.5022</dst>
      <dst id="8">50.9244</dst>
      <dst id="18">1340.1067</dst>
      <dst id="4">15441.4222</dst>
      <dst id="1">3894.9600</dst>
      <dst id="5">201.0667</dst>
      <dst id="3">15.2089</dst>
      <dst id="22">1631.9733</dst>
      <dst id="7">10907.5289</dst>
      <dst id="2">3332.1778</dst>
      <dst id="6">172.4533</dst>
      <dst id="16">4980.9778</dst>
      <dst id="14">4.7111</dst>
      <dst id="20">13222.1156</dst>
      <dst id="11">378.6044</dst>
      <dst id="9">846.0089</dst>
      <dst id="17">17858.9333</dst>
      <dst id="21">2122.4089</dst>
      <dst id="15">95.2889</dst>
    </src>
    <src id="23">
      <dst id="12">854.0089</dst>
      <dst id="13">454.2044</dst>
      <dst id="19">276.2222</dst>
      <dst id="8">25.9556</dst>
      <dst id="18">115.0578</dst>
      <dst id="4">13.2978</dst>
      <dst id="1">394.1156</dst>
      <dst id="5">12.9778</dst>
      <dst id="3">1039.8489</dst>
      <dst id="22">2536.0444</dst>
      <dst id="7">758.1244</dst>
      <dst id="2">999.4222</dst>
      <dst id="6">0.4622</dst>
      <dst id="16">471.7689</dst>
      <dst id="14">38.5778</dst>
      <dst id="20">53.3600</dst>
      <dst id="11">157.0044</dst>
      <dst id="9">1622.0444</dst>
      <dst id="17">1681.9467</dst>
      <dst id="21">429.5556</dst>
      <dst id="15">13.0844</dst>
    </src>
    <src id="8">
      <dst id="12">343066.2311</dst>
      <dst id="13">2642.0444</dst>
      <dst id="19">717.7956</dst>
      <dst id="23">0.3556</dst>
      <dst id="18">861.6978</dst>
      <dst id="4">5961.2978</dst>
      <dst id="1">1241.6267</dst>
      <dst id="5">3277.5022</dst>
      <dst id="3">5.4667</dst>
      <dst id="22">1112.4889</dst>
      <dst id="7">39.5378</dst>
      <dst id="2">139202.5333</dst>
      <dst id="6">0.4178</dst>
      <dst id="16">832.8711</dst>
      <dst id="14">13.9289</dst>
      <dst id="20">542.7289</dst>
      <dst id="11">862.8889</dst>
      <dst id="9">743.6000</dst>
      <dst id="17">147993.2889</dst>
      <dst id="21">788.9333</dst>
      <dst id="15">990.8800</dst>
    </src>
    <src id="18">
      <dst id="12">143747.7956</dst>
      <dst id="13">664.8178</dst>
      <dst id="19">148.7556</dst>
      <dst id="23">29.1200</dst>
      <dst id="8">1143.9111</dst>
      <dst id="4">2253.4044</dst>
      <dst id="1">1373.0400</dst>
      <dst id="5">501.6622</dst>
      <dst id="3">406.0356</dst>
      <dst id="22">1312.2311</dst>
      <dst id="7">230.0889</dst>
      <dst id="2">50983.1289</dst>
      <dst id="16">484.2933</dst>
      <dst id="14">40.0000</dst>
      <dst id="20">64.2133</dst>
      <dst id="11">1136.1689</dst>
      <dst id="9">136.6489</dst>
      <dst id="17">57465.7244</dst>
      <dst id="21">1683.9556</dst>
      <dst id="15">7.6089</dst>
    </src>
    <src id="4">
      <dst id="12">26478.5067</dst>
      <dst id="19">5373.8133</dst>
      <dst id="8">2340.3378</dst>
      <dst id="18">5458.9778</dst>
      <dst id="4">0.9422</dst>
      <dst id="1">137211.4222</dst>
      <dst id="5">5161.4400</dst>
      <dst id="3">2323.3778</dst>
      <dst id="22">11469.7333</dst>
      <dst id="7">41723.9556</dst>
      <dst id="2">115613.2711</dst>
      <dst id="6">117.3689</dst>
      <dst id="16">3808.6222</dst>
      <dst id="14">1947.3244</dst>
      <dst id="20">6059.0667</dst>
      <dst id="11">7049.6533</dst>
      <dst id="9">5864.9867</dst>
      <dst id="17">33130.6489</dst>
      <dst id="21">14899.8756</dst>
      <dst id="15">1162.1600</dst>
    </src>
    <src id="1">
      <dst id="12">23604.0533</dst>
      <dst id="13">1258.9689</dst>
      <dst id="19">440.0267</dst>
      <dst id="23">169.4400</dst>
      <dst id="8">204235.1467</dst>
      <dst id="18">17142.8978</dst>
      <dst id="4">38629.8133</dst>
      <dst id="1">40892.1511</dst>
      <dst id="5">302773.2711</dst>
      <dst id="3">2325.3511</dst>
      <dst id="22">6473.8578</dst>
      <dst id="7">44067.2978</dst>
      <dst id="2">19421.8578</dst>
      <dst id="6">11803.2000</dst>
      <dst id="16">8883.5289</dst>
      <dst id="14">310.6222</dst>
      <dst id="20">12393.0222</dst>
      <dst id="11">2622.9333</dst>
      <dst id="9">337379.2444</dst>
      <dst id="17">40804.4622</dst>
      <dst id="21">26249.2178</dst>
      <dst id="15">278.0178</dst>
    </src>
    <src id="5">
      <dst id="12">380874.5067</dst>
      <dst id="13">5166.6844</dst>
      <dst id="19">98.2311</dst>
      <dst id="23">26.6667</dst>
      <dst id="8">28128.3644</dst>
      <dst id="18">209.6356</dst>
      <dst id="4">9272.1778</dst>
      <dst id="1">1488.7289</dst>
      <dst id="3">376.4444</dst>
      <dst id="22">6119.2622</dst>
      <dst id="7">390.6222</dst>
      <dst id="2">176230.8978</dst>
      <dst id="6">29.7333</dst>
      <dst id="16">2666.8000</dst>
      <dst id="14">13.5111</dst>
      <dst id="20">7565.9200</dst>
      <dst id="11">4259.8667</dst>
      <dst id="9">16916.2667</dst>
      <dst id="17">155967.0044</dst>
      <dst id="21">695.1289</dst>
      <dst id="15">849.7422</dst>
    </src>
    <src id="3">
      <dst id="12">21158.6044</dst>
      <dst id="13">10289.6356</dst>
      <dst id="19">2007.8489</dst>
      <dst id="23">6110.1244</dst>
      <dst id="8">287.5644</dst>
      <dst id="18">244417.1111</dst>
      <dst id="4">55418.9511</dst>
      <dst id="1">10499.6889</dst>
      <dst id="5">640.5956</dst>
      <dst id="3">20071.5556</dst>
      <dst id="22">1359.3689</dst>
      <dst id="7">49638.4178</dst>
      <dst id="2">21389.7956</dst>
      <dst id="6">6.2222</dst>
      <dst id="16">3320.0711</dst>
      <dst id="14">58740.9067</dst>
      <dst id="20">2898.1422</dst>
      <dst id="11">319029.0489</dst>
      <dst id="9">1622.7733</dst>
      <dst id="17">35512.9689</dst>
      <dst id="21">19665.2533</dst>
      <dst id="15">857.9644</dst>
    </src>
    <src id="10">
      <dst id="12">14830.0800</dst>
      <dst id="19">6299.9556</dst>
      <dst id="8">3050.8089</dst>
      <dst id="18">6839.6089</dst>
      <dst id="1">3629.2800</dst>
      <dst id="5">1677.6889</dst>
      <dst id="3">10423.8133</dst>
      <dst id="22">5834.8533</dst>
      <dst id="7">17566.9422</dst>
      <dst id="2">49744.2400</dst>
      <dst id="6">2.6667</dst>
      <dst id="16">6243.0667</dst>
      <dst id="14">2967.5200</dst>
      <dst id="20">2485.8933</dst>
      <dst id="11">3897.4222</dst>
      <dst id="9">3764.6311</dst>
      <dst id="17">33699.3244</dst>
      <dst id="21">26892.7911</dst>
      <dst id="15">394.3200</dst>
    </src>
    <src id="22">
      <dst id="12">10275.8756</dst>
      <dst id="13">5677.5289</dst>
      <dst id="19">288.5600</dst>
      <dst id="23">416.5956</dst>
      <dst id="8">307.9911</dst>
      <dst id="18">1690.2578</dst>
      <dst id="4">19302.7556</dst>
      <dst id="1">874.6400</dst>
      <dst id="5">3364.3022</dst>
      <dst id="3">6847.4844</dst>
      <dst id="7">1722.5511</dst>
      <dst id="2">9555.8311</dst>
      <dst id="6">65.1200</dst>
      <dst id="16">7.5378</dst>
      <dst id="14">269.0489</dst>
      <dst id="11">5499.7067</dst>
      <dst id="9">3153.4933</dst>
      <dst id="17">8027.7867</dst>
      <dst id="21">3129.3689</dst>
    </src>
    <src id="7">
      <dst id="12">5311.5733</dst>
      <dst id="13">6694.5778</dst>
      <dst id="19">2286.7733</dst>
      <dst id="23">311.4489</dst>
      <dst id="8">435.3156</dst>
      <dst id="18">646.6044</dst>
      <dst id="4">71567.0933</dst>
      <dst id="1">25836.2578</dst>
      <dst id="5">1366.1511</dst>
      <dst id="3">3539.7422</dst>
      <dst id="10">12.6222</dst>
      <dst id="22">6116.6578</dst>
      <dst id="7">793.6622</dst>
      <dst id="2">14489.3333</dst>
      <dst id="6">27.3067</dst>
      <dst id="16">4095.6622</dst>
      <dst id="14">259.8933</dst>
      <dst id="20">3872.0622</dst>
      <dst id="11">2547.0400</dst>
      <dst id="9">2531.3156</dst>
      <dst id="17">26449.1289</dst>
      <dst id="21">14503.1911</dst>
      <dst id="15">1238.8267</dst>
    </src>
    <src id="2">
      <dst id="12">141450.7822</dst>
      <dst id="13">531607.6178</dst>
      <dst id="19">3086.8356</dst>
      <dst id="23">71.5200</dst>
      <dst id="8">3096.4000</dst>
      <dst id="18">174093.5556</dst>
      <dst id="4">118208.8622</dst>
      <dst id="1">10255.7333</dst>
      <dst id="5">1764.0800</dst>
      <dst id="3">3888.9956</dst>
      <dst id="10">249.2089</dst>
      <dst id="22">3802.7111</dst>
      <dst id="7">19900.9867</dst>
      <dst id="2">1296.3022</dst>
      <dst id="6">9045.6444</dst>
      <dst id="16">3555.8933</dst>
      <dst id="14">3440.5689</dst>
      <dst id="20">2151.1200</dst>
      <dst id="11">7032.1600</dst>
      <dst id="9">3301.1822</dst>
      <dst id="17">43879.2800</dst>
      <dst id="21">16575.1822</dst>
      <dst id="15">123.1733</dst>
    </src>
    <src id="6">
      <dst id="12">12495.6444</dst>
      <dst id="13">39.6622</dst>
      <dst id="19">26.3022</dst>
      <dst id="23">28.5867</dst>
      <dst id="18">25.2444</dst>
      <dst id="4">327.5467</dst>
      <dst id="1">65.4044</dst>
      <dst id="5">3.3244</dst>
      <dst id="3">3.2356</dst>
      <dst id="22">1.6267</dst>
      <dst id="7">118.9244</dst>
      <dst id="2">3687.1556</dst>
      <dst id="16">1.3867</dst>
      <dst id="20">45.8844</dst>
      <dst id="11">102.8444</dst>
      <dst id="9">213.3333</dst>
      <dst id="17">2119.4044</dst>
      <dst id="21">37.7244</dst>
      <dst id="15">2.0356</dst>
    </src>
    <src id="16">
      <dst id="12">3682.9689</dst>
      <dst id="13">1439.9022</dst>
      <dst id="19">4618.1156</dst>
      <dst id="23">29.2622</dst>
      <dst id="8">10099.2622</dst>
      <dst id="18">229.1644</dst>
      <dst id="4">8104.8711</dst>
      <dst id="1">17215.7333</dst>
      <dst id="5">8653.2800</dst>
      <dst id="3">3058.8711</dst>
      <dst id="7">7081.3956</dst>
      <dst id="2">2008.8267</dst>
      <dst id="6">4.0356</dst>
      <dst id="16">60.2044</dst>
      <dst id="14">520.8889</dst>
      <dst id="11">417.1111</dst>
      <dst id="9">17095.9911</dst>
      <dst id="17">9658.1778</dst>
      <dst id="21">3214.5333</dst>
    </src>
    <src id="14">
      <dst id="12">22969.4844</dst>
      <dst id="13">63.8756</dst>
      <dst id="19">18.5067</dst>
      <dst id="23">1.4933</dst>
      <dst id="8">1.3867</dst>
      <dst id="4">3577.0578</dst>
      <dst id="1">125.5200</dst>
      <dst id="5">13.3333</dst>
      <dst id="3">169.9378</dst>
      <dst id="22">61.9556</dst>
      <dst id="7">249.8844</dst>
      <dst id="2">8292.5244</dst>
      <dst id="16">6.6667</dst>
      <dst id="20">2.2400</dst>
      <dst id="11">78.9511</dst>
      <dst id="9">2.2222</dst>
      <dst id="17">9891.8222</dst>
      <dst id="21">192.9511</dst>
      <dst id="15">1.2622</dst>
    </src>
    <src id="20">
      <dst id="12">6725.6089</dst>
      <dst id="13">8487.8133</dst>
      <dst id="19">3438.3644</dst>
      <dst id="23">654.6133</dst>
      <dst id="8">450.0267</dst>
      <dst id="18">489.1022</dst>
      <dst id="4">11443.6978</dst>
      <dst id="1">2586.5600</dst>
      <dst id="5">2838.3822</dst>
      <dst id="3">1325.7156</dst>
      <dst id="22">0.8444</dst>
      <dst id="7">746.1956</dst>
      <dst id="2">4262.4356</dst>
      <dst id="6">5.4222</dst>
      <dst id="14">0.7467</dst>
      <dst id="11">3647.7333</dst>
      <dst id="9">4724.4622</dst>
      <dst id="17">11952.7200</dst>
      <dst id="21">904.5956</dst>
    </src>
    <src id="11">
      <dst id="12">493184.7556</dst>
      <dst id="13">5521.7333</dst>
      <dst id="19">270.6756</dst>
      <dst id="23">67.7600</dst>
      <dst id="8">1471.8489</dst>
      <dst id="18">924.4000</dst>
      <dst id="4">12933.1378</dst>
      <dst id="1">1171.0933</dst>
      <dst id="5">2286.1067</dst>
      <dst id="3">1952.6044</dst>
      <dst id="22">4004.3733</dst>
      <dst id="7">2598.7556</dst>
      <dst id="2">203651.3689</dst>
      <dst id="6">620.8444</dst>
      <dst id="16">781.6444</dst>
      <dst id="14">568.4622</dst>
      <dst id="20">8457.4933</dst>
      <dst id="11">6188.1244</dst>
      <dst id="9">2317.5822</dst>
      <dst id="17">203454.3467</dst>
      <dst id="21">1293.0933</dst>
      <dst id="15">1123.4222</dst>
    </src>
    <src id="9">
      <dst id="12">449202.4178</dst>
      <dst id="13">8428.1689</dst>
      <dst id="19">72.1422</dst>
      <dst id="23">274.9867</dst>
      <dst id="8">6370.5422</dst>
      <dst id="18">259.3244</dst>
      <dst id="4">13270.6756</dst>
      <dst id="1">5533.8044</dst>
      <dst id="5">2936.3022</dst>
      <dst id="3">90.9156</dst>
      <dst id="22">2277.2800</dst>
      <dst id="7">1441.0133</dst>
      <dst id="2">194951.6533</dst>
      <dst id="6">8.8711</dst>
      <dst id="16">1802.4444</dst>
      <dst id="14">11.2800</dst>
      <dst id="20">1770.7378</dst>
      <dst id="11">786.8711</dst>
      <dst id="9">533.9111</dst>
      <dst id="17">194897.6178</dst>
      <dst id="21">2036.6844</dst>
      <dst id="15">4558.4622</dst>
    </src>
    <src id="17">
      <dst id="12">17988.4711</dst>
      <dst id="13">20382.3733</dst>
      <dst id="19">2143.2089</dst>
      <dst id="23">357.5644</dst>
      <dst id="8">238797.3778</dst>
      <dst id="18">3285.5200</dst>
      <dst id="4">182953.8756</dst>
      <dst id="1">6160.2400</dst>
      <dst id="5">290495.9200</dst>
      <dst id="3">32112.4356</dst>
      <dst id="22">9536.6400</dst>
      <dst id="7">13786.0889</dst>
      <dst id="2">30539.9822</dst>
      <dst id="6">230.2044</dst>
      <dst id="16">26408.3289</dst>
      <dst id="14">49186.0533</dst>
      <dst id="20">4328.3289</dst>
      <dst id="11">235200.7467</dst>
      <dst id="9">314667.1733</dst>
      <dst id="17">1952.3467</dst>
      <dst id="21">31993.2444</dst>
      <dst id="15">2643.2089</dst>
    </src>
    <src id="21">
      <dst id="12">24997.8400</dst>
      <dst id="13">3773.2800</dst>
      <dst id="19">762.5778</dst>
      <dst id="23">185.9822</dst>
      <dst id="8">133.3067</dst>
      <dst id="18">2637.1467</dst>
      <dst id="4">30753.9822</dst>
      <dst id="1">25150.9067</dst>
      <dst id="5">988.6756</dst>
      <dst id="3">20332.6400</dst>
      <dst id="10">13.3333</dst>
      <dst id="22">1313.0311</dst>
      <dst id="7">2548.3111</dst>
      <dst id="2">28100.1778</dst>
      <dst id="6">90.6311</dst>
      <dst id="16">1146.8267</dst>
      <dst id="14">70.8444</dst>
      <dst id="20">580.7111</dst>
      <dst id="11">800.3644</dst>
      <dst id="9">2083.2978</dst>
      <dst id="17">15803.1111</dst>
      <dst id="21">6736.6578</dst>
      <dst id="15">1049.4756</dst>
    </src>
    <src id="15">
      <dst id="12">5620.4622</dst>
      <dst id="13">343.6622</dst>
      <dst id="19">56.1067</dst>
      <dst id="23">0.4267</dst>
      <dst id="8">628.0356</dst>
      <dst id="18">115.9556</dst>
      <dst id="4">1070.0356</dst>
      <dst id="1">2615.5022</dst>
      <dst id="5">1179.6800</dst>
      <dst id="7">178.9600</dst>
      <dst id="2">442.6400</dst>
      <dst id="14">4.6933</dst>
      <dst id="11">379.5111</dst>
      <dst id="9">1702.0178</dst>
      <dst id="17">701.9200</dst>
      <dst id="21">3367.2178</dst>
    </src>
  </IntraTM>
</TrafficMatrixFile>
