<?xml version="1.0" encoding="UTF-8" standalone="yes"?>
<TrafficMatrixFile xmlns:xsi="http://www.w3.org/2001/XMLSchema-instance" xsi:noNamespaceSchemaLocation="http://totem.run.montefiore.ulg.ac.be/Schema/TrafficMatrix-v1_2.xsd">
  <info>
    <title>Intradomain traffic matrix generated by geant-TM-all.pl</title>
    <date>2005-01-05T14:45:00</date>
    <duration>900</duration>
    <author>Steve Uhlig</author>
    <units>
        <unit type="bandwidth" value="kbps"/>
    </units>
  </info>
  <IntraTM ASID="20965">
    <src id="12">
      <dst id="12">222091.3689</dst>
      <dst id="13">14213.1822</dst>
      <dst id="19">5240.5689</dst>
      <dst id="23">15.8489</dst>
      <dst id="8">372.2756</dst>
      <dst id="18">2542.9333</dst>
      <dst id="4">72229.9644</dst>
      <dst id="1">19590.5156</dst>
      <dst id="5">10724.4711</dst>
      <dst id="3">2775.5467</dst>
      <dst id="22">4475.0667</dst>
      <dst id="7">6753.9644</dst>
      <dst id="2">51132.7289</dst>
      <dst id="6">5.6178</dst>
      <dst id="16">5577.0844</dst>
      <dst id="14">159.8311</dst>
      <dst id="20">4200.3289</dst>
      <dst id="11">4269.9467</dst>
      <dst id="9">5212.9244</dst>
      <dst id="17">65771.2533</dst>
      <dst id="21">921.0044</dst>
      <dst id="15">566.8089</dst>
    </src>
    <src id="13">
      <dst id="12">30839.2089</dst>
      <dst id="19">4198.9422</dst>
      <dst id="23">34.9689</dst>
      <dst id="8">1085.5111</dst>
      <dst id="18">2577.9289</dst>
      <dst id="1">1523.8578</dst>
      <dst id="5">3518.6133</dst>
      <dst id="3">5710.8533</dst>
      <dst id="22">17008.8356</dst>
      <dst id="7">12737.8489</dst>
      <dst id="2">47280.8267</dst>
      <dst id="6">52.5956</dst>
      <dst id="16">5687.7422</dst>
      <dst id="14">1686.6756</dst>
      <dst id="20">7013.2533</dst>
      <dst id="11">14088.2667</dst>
      <dst id="9">8097.0400</dst>
      <dst id="17">30204.1422</dst>
      <dst id="21">10212.7022</dst>
      <dst id="15">2412.8444</dst>
    </src>
    <src id="19">
      <dst id="12">15827.1467</dst>
      <dst id="13">133.1022</dst>
      <dst id="23">26.9156</dst>
      <dst id="8">0.4267</dst>
      <dst id="4">18577.1467</dst>
      <dst id="1">687.6444</dst>
      <dst id="5">20.0356</dst>
      <dst id="3">1.5289</dst>
      <dst id="22">144.6044</dst>
      <dst id="7">3744.1067</dst>
      <dst id="2">1473.4667</dst>
      <dst id="6">75.5289</dst>
      <dst id="16">7659.8756</dst>
      <dst id="14">1.0933</dst>
      <dst id="20">71.6711</dst>
      <dst id="11">214.4356</dst>
      <dst id="9">12.3556</dst>
      <dst id="17">250.8889</dst>
      <dst id="21">238.5689</dst>
      <dst id="15">1.7600</dst>
    </src>
    <src id="23">
      <dst id="12">596.3733</dst>
      <dst id="13">40.7289</dst>
      <dst id="19">13.3333</dst>
      <dst id="18">40.6044</dst>
      <dst id="4">45.1733</dst>
      <dst id="1">43.4667</dst>
      <dst id="3">218.9156</dst>
      <dst id="22">17.9200</dst>
      <dst id="7">16.5867</dst>
      <dst id="2">132.5956</dst>
      <dst id="16">3.6356</dst>
      <dst id="14">19.3956</dst>
      <dst id="20">41.1378</dst>
      <dst id="11">29.6089</dst>
      <dst id="9">1287.2978</dst>
      <dst id="17">107.1911</dst>
      <dst id="21">41.2444</dst>
      <dst id="15">12.6222</dst>
    </src>
    <src id="8">
      <dst id="12">245031.1556</dst>
      <dst id="13">233.3244</dst>
      <dst id="19">0.4711</dst>
      <dst id="18">3.1200</dst>
      <dst id="4">3876.1689</dst>
      <dst id="1">417.6800</dst>
      <dst id="5">354.1244</dst>
      <dst id="3">12.9778</dst>
      <dst id="22">342.0533</dst>
      <dst id="7">4.7644</dst>
      <dst id="2">86837.2622</dst>
      <dst id="16">3334.1333</dst>
      <dst id="20">72.9422</dst>
      <dst id="11">98.7378</dst>
      <dst id="9">116.2578</dst>
      <dst id="17">80555.3689</dst>
      <dst id="21">56.5511</dst>
      <dst id="15">26.9867</dst>
    </src>
    <src id="18">
      <dst id="12">93114.4444</dst>
      <dst id="13">104.0089</dst>
      <dst id="19">0.8978</dst>
      <dst id="23">1.3511</dst>
      <dst id="8">162.6400</dst>
      <dst id="4">1160.9600</dst>
      <dst id="1">1523.4933</dst>
      <dst id="5">93.8311</dst>
      <dst id="3">15.1911</dst>
      <dst id="22">135.5733</dst>
      <dst id="7">3.7156</dst>
      <dst id="2">26209.1911</dst>
      <dst id="16">75.1822</dst>
      <dst id="14">4.9778</dst>
      <dst id="20">40.4622</dst>
      <dst id="11">24.2222</dst>
      <dst id="9">3.9200</dst>
      <dst id="17">32595.2978</dst>
      <dst id="21">83.6800</dst>
      <dst id="15">54.9067</dst>
    </src>
    <src id="4">
      <dst id="12">10834.4978</dst>
      <dst id="19">14807.5822</dst>
      <dst id="8">607.9911</dst>
      <dst id="18">211.8756</dst>
      <dst id="4">2.0267</dst>
      <dst id="1">47874.2578</dst>
      <dst id="5">829.1556</dst>
      <dst id="3">190.7556</dst>
      <dst id="22">2452.2933</dst>
      <dst id="7">29547.7689</dst>
      <dst id="2">57372.7200</dst>
      <dst id="6">15.7956</dst>
      <dst id="16">571.9556</dst>
      <dst id="14">937.5111</dst>
      <dst id="20">701.8844</dst>
      <dst id="11">2025.1200</dst>
      <dst id="9">2315.8756</dst>
      <dst id="17">12962.4356</dst>
      <dst id="21">4436.6044</dst>
      <dst id="15">76.7378</dst>
    </src>
    <src id="1">
      <dst id="12">18309.5556</dst>
      <dst id="13">4798.5244</dst>
      <dst id="19">3.6444</dst>
      <dst id="23">14.4711</dst>
      <dst id="8">46202.0000</dst>
      <dst id="18">12923.5111</dst>
      <dst id="4">5989.3956</dst>
      <dst id="1">3821.6533</dst>
      <dst id="5">137524.4711</dst>
      <dst id="3">170.8267</dst>
      <dst id="22">1130.1956</dst>
      <dst id="7">861.2267</dst>
      <dst id="2">11969.2622</dst>
      <dst id="6">4602.8800</dst>
      <dst id="16">14225.7600</dst>
      <dst id="14">34.3467</dst>
      <dst id="20">1561.6978</dst>
      <dst id="11">309.5733</dst>
      <dst id="9">162865.2267</dst>
      <dst id="17">2145.0489</dst>
      <dst id="21">3436.8622</dst>
      <dst id="15">1704.2222</dst>
    </src>
    <src id="5">
      <dst id="12">228928.7911</dst>
      <dst id="13">698.3733</dst>
      <dst id="19">58.5511</dst>
      <dst id="23">0.3911</dst>
      <dst id="8">230.4622</dst>
      <dst id="18">338.1156</dst>
      <dst id="4">5491.6267</dst>
      <dst id="1">601.4222</dst>
      <dst id="3">29.3600</dst>
      <dst id="22">1084.6756</dst>
      <dst id="7">94.0178</dst>
      <dst id="2">84157.0311</dst>
      <dst id="16">203.4667</dst>
      <dst id="14">14.0444</dst>
      <dst id="20">236.1067</dst>
      <dst id="11">485.3778</dst>
      <dst id="9">952.1156</dst>
      <dst id="17">72079.4311</dst>
      <dst id="21">55.9378</dst>
      <dst id="15">111.0400</dst>
    </src>
    <src id="3">
      <dst id="12">18487.8578</dst>
      <dst id="13">5066.4711</dst>
      <dst id="19">1309.8578</dst>
      <dst id="23">10034.5511</dst>
      <dst id="8">1.6444</dst>
      <dst id="18">37092.8000</dst>
      <dst id="4">45117.8044</dst>
      <dst id="1">4364.9600</dst>
      <dst id="5">438.9511</dst>
      <dst id="3">6884.8178</dst>
      <dst id="22">3359.8222</dst>
      <dst id="7">7722.1867</dst>
      <dst id="2">14767.6711</dst>
      <dst id="6">0.4978</dst>
      <dst id="16">1345.8133</dst>
      <dst id="14">31525.1644</dst>
      <dst id="20">2313.9556</dst>
      <dst id="11">101913.0044</dst>
      <dst id="9">180.1600</dst>
      <dst id="17">9146.5156</dst>
      <dst id="21">10338.3289</dst>
      <dst id="15">692.8089</dst>
    </src>
    <src id="10">
      <dst id="12">9351.6978</dst>
      <dst id="19">4867.0933</dst>
      <dst id="8">350.6667</dst>
      <dst id="18">2729.9467</dst>
      <dst id="1">714.7378</dst>
      <dst id="5">514.7733</dst>
      <dst id="3">2689.7600</dst>
      <dst id="22">2352.9511</dst>
      <dst id="7">45488.6667</dst>
      <dst id="2">12907.7778</dst>
      <dst id="6">1.2711</dst>
      <dst id="16">2423.7422</dst>
      <dst id="14">1600.6844</dst>
      <dst id="20">794.1956</dst>
      <dst id="11">4763.4489</dst>
      <dst id="9">3418.3378</dst>
      <dst id="17">7862.4533</dst>
      <dst id="21">6485.9289</dst>
      <dst id="15">535.1644</dst>
    </src>
    <src id="22">
      <dst id="12">7633.2533</dst>
      <dst id="13">3123.4311</dst>
      <dst id="19">71.1200</dst>
      <dst id="23">11.0133</dst>
      <dst id="8">190.5867</dst>
      <dst id="18">86.7111</dst>
      <dst id="4">20035.2356</dst>
      <dst id="1">132.2400</dst>
      <dst id="5">1565.1111</dst>
      <dst id="3">149.1200</dst>
      <dst id="7">1223.6267</dst>
      <dst id="2">4536.8267</dst>
      <dst id="6">41.2089</dst>
      <dst id="16">2.7556</dst>
      <dst id="14">21.2089</dst>
      <dst id="11">2419.3956</dst>
      <dst id="9">1200.1689</dst>
      <dst id="17">1295.3244</dst>
      <dst id="21">460.5600</dst>
    </src>
    <src id="7">
      <dst id="12">2643.4933</dst>
      <dst id="13">3168.7378</dst>
      <dst id="19">123.5733</dst>
      <dst id="23">28.9333</dst>
      <dst id="8">26.8178</dst>
      <dst id="18">100.9244</dst>
      <dst id="4">16388.9422</dst>
      <dst id="1">2772.0000</dst>
      <dst id="5">943.2356</dst>
      <dst id="3">1602.4889</dst>
      <dst id="22">4087.5378</dst>
      <dst id="7">557.4400</dst>
      <dst id="2">3571.2711</dst>
      <dst id="6">2.5333</dst>
      <dst id="16">299.1111</dst>
      <dst id="14">127.8933</dst>
      <dst id="20">1357.4311</dst>
      <dst id="11">244.6222</dst>
      <dst id="9">269.4222</dst>
      <dst id="17">8380.8622</dst>
      <dst id="21">1476.4356</dst>
      <dst id="15">179.4133</dst>
    </src>
    <src id="2">
      <dst id="12">75572.9511</dst>
      <dst id="13">510708.6400</dst>
      <dst id="19">295.8667</dst>
      <dst id="8">139.1111</dst>
      <dst id="18">25491.1022</dst>
      <dst id="4">83348.8978</dst>
      <dst id="1">3786.0089</dst>
      <dst id="5">2173.7511</dst>
      <dst id="3">21.4222</dst>
      <dst id="22">15724.6489</dst>
      <dst id="7">8595.7689</dst>
      <dst id="2">552.1689</dst>
      <dst id="6">5506.7911</dst>
      <dst id="16">1923.8044</dst>
      <dst id="14">5159.5733</dst>
      <dst id="20">258.9867</dst>
      <dst id="11">1211.9022</dst>
      <dst id="9">644.0533</dst>
      <dst id="17">14942.8356</dst>
      <dst id="21">3367.7156</dst>
      <dst id="15">3.7689</dst>
    </src>
    <src id="6">
      <dst id="12">6656.8533</dst>
      <dst id="13">5.2178</dst>
      <dst id="19">3.2356</dst>
      <dst id="23">1.8133</dst>
      <dst id="4">1185.1911</dst>
      <dst id="1">1.4933</dst>
      <dst id="5">38.4000</dst>
      <dst id="22">25.1111</dst>
      <dst id="7">1.3511</dst>
      <dst id="2">1588.7111</dst>
      <dst id="16">27.7156</dst>
      <dst id="11">0.3556</dst>
      <dst id="9">1.8133</dst>
      <dst id="17">1177.4133</dst>
      <dst id="21">12.0267</dst>
    </src>
    <src id="16">
      <dst id="12">1965.7511</dst>
      <dst id="13">219.1644</dst>
      <dst id="19">4791.8489</dst>
      <dst id="23">15.8311</dst>
      <dst id="8">2128.3644</dst>
      <dst id="18">21.4667</dst>
      <dst id="4">7376.7378</dst>
      <dst id="1">21243.0667</dst>
      <dst id="5">3000.5956</dst>
      <dst id="3">0.3556</dst>
      <dst id="7">2821.5644</dst>
      <dst id="2">163.1556</dst>
      <dst id="6">0.8178</dst>
      <dst id="16">25.1022</dst>
      <dst id="14">200.0000</dst>
      <dst id="11">547.9467</dst>
      <dst id="9">6933.5289</dst>
      <dst id="17">3086.4800</dst>
      <dst id="21">2115.0044</dst>
    </src>
    <src id="14">
      <dst id="12">19803.9822</dst>
      <dst id="13">4.4533</dst>
      <dst id="19">2.2400</dst>
      <dst id="23">1.4400</dst>
      <dst id="18">12.2844</dst>
      <dst id="4">1809.3156</dst>
      <dst id="1">56.0978</dst>
      <dst id="5">2.0178</dst>
      <dst id="3">119.2178</dst>
      <dst id="22">30.3022</dst>
      <dst id="7">90.7556</dst>
      <dst id="2">6486.3289</dst>
      <dst id="16">4.6578</dst>
      <dst id="20">1.9556</dst>
      <dst id="11">70.4178</dst>
      <dst id="9">14.6844</dst>
      <dst id="17">6908.4978</dst>
      <dst id="21">33.9556</dst>
    </src>
    <src id="20">
      <dst id="12">1652.6222</dst>
      <dst id="13">1694.8622</dst>
      <dst id="19">3811.7422</dst>
      <dst id="23">0.7111</dst>
      <dst id="8">54.4000</dst>
      <dst id="18">3.0756</dst>
      <dst id="4">4606.0444</dst>
      <dst id="1">115.8756</dst>
      <dst id="5">4354.3467</dst>
      <dst id="3">1076.6933</dst>
      <dst id="7">2251.9556</dst>
      <dst id="2">791.4133</dst>
      <dst id="14">0.8711</dst>
      <dst id="11">1039.1556</dst>
      <dst id="9">15096.3200</dst>
      <dst id="17">14358.1689</dst>
      <dst id="21">110.9333</dst>
    </src>
    <src id="11">
      <dst id="12">347498.2311</dst>
      <dst id="13">1346.3556</dst>
      <dst id="19">76.6311</dst>
      <dst id="23">17.9556</dst>
      <dst id="8">547.5111</dst>
      <dst id="18">7.6356</dst>
      <dst id="4">13030.8267</dst>
      <dst id="1">870.2133</dst>
      <dst id="5">565.2178</dst>
      <dst id="3">913.0489</dst>
      <dst id="22">5427.7422</dst>
      <dst id="7">651.9200</dst>
      <dst id="2">115560.6311</dst>
      <dst id="6">2.3911</dst>
      <dst id="16">352.2222</dst>
      <dst id="14">68.7289</dst>
      <dst id="20">78.4533</dst>
      <dst id="11">2837.8667</dst>
      <dst id="9">650.9156</dst>
      <dst id="17">133584.5956</dst>
      <dst id="21">605.4222</dst>
      <dst id="15">212.8000</dst>
    </src>
    <src id="9">
      <dst id="12">388554.5244</dst>
      <dst id="13">2210.5867</dst>
      <dst id="19">2.9600</dst>
      <dst id="23">34.9511</dst>
      <dst id="8">122.3556</dst>
      <dst id="18">84.0178</dst>
      <dst id="4">9929.9733</dst>
      <dst id="1">4124.0533</dst>
      <dst id="5">361.5822</dst>
      <dst id="3">2.1689</dst>
      <dst id="22">697.9911</dst>
      <dst id="7">168.1600</dst>
      <dst id="2">125467.1822</dst>
      <dst id="6">0.4978</dst>
      <dst id="16">395.3956</dst>
      <dst id="14">1056.4622</dst>
      <dst id="20">6403.2178</dst>
      <dst id="11">2639.0489</dst>
      <dst id="9">272.3733</dst>
      <dst id="17">151580.7556</dst>
      <dst id="21">144.7289</dst>
      <dst id="15">745.2622</dst>
    </src>
    <src id="17">
      <dst id="12">10729.1378</dst>
      <dst id="13">1024.0000</dst>
      <dst id="19">158.7378</dst>
      <dst id="23">33.6267</dst>
      <dst id="8">53794.1867</dst>
      <dst id="18">64.4000</dst>
      <dst id="4">66328.4978</dst>
      <dst id="1">4926.2489</dst>
      <dst id="5">128069.4044</dst>
      <dst id="3">3263.1378</dst>
      <dst id="22">3164.8622</dst>
      <dst id="7">8448.9689</dst>
      <dst id="2">9203.8933</dst>
      <dst id="6">200.9689</dst>
      <dst id="16">3916.4267</dst>
      <dst id="14">20877.6267</dst>
      <dst id="20">583.3689</dst>
      <dst id="11">78108.4800</dst>
      <dst id="9">145156.4089</dst>
      <dst id="17">1046.9244</dst>
      <dst id="21">4873.0133</dst>
      <dst id="15">11.9911</dst>
    </src>
    <src id="21">
      <dst id="12">10141.2533</dst>
      <dst id="13">3579.9111</dst>
      <dst id="19">313.1556</dst>
      <dst id="23">19.9556</dst>
      <dst id="8">27.8489</dst>
      <dst id="18">249.9378</dst>
      <dst id="4">13263.5467</dst>
      <dst id="1">1626.8089</dst>
      <dst id="5">93.4489</dst>
      <dst id="3">2919.1467</dst>
      <dst id="22">1592.1422</dst>
      <dst id="7">4352.3467</dst>
      <dst id="2">15571.2533</dst>
      <dst id="16">202.7556</dst>
      <dst id="14">98.3289</dst>
      <dst id="20">20.9778</dst>
      <dst id="11">1583.6533</dst>
      <dst id="9">705.7600</dst>
      <dst id="17">2947.5644</dst>
      <dst id="21">267.9822</dst>
      <dst id="15">6.8356</dst>
    </src>
    <src id="15">
      <dst id="12">129.4044</dst>
      <dst id="13">1625.2089</dst>
      <dst id="19">23.8044</dst>
      <dst id="23">0.6933</dst>
      <dst id="8">95.7867</dst>
      <dst id="18">16.9244</dst>
      <dst id="4">3214.4711</dst>
      <dst id="1">1067.2978</dst>
      <dst id="5">75.0489</dst>
      <dst id="3">0.4622</dst>
      <dst id="7">457.3511</dst>
      <dst id="2">58.2222</dst>
      <dst id="14">0.7289</dst>
      <dst id="11">153.2000</dst>
      <dst id="9">94.8978</dst>
      <dst id="17">117.3956</dst>
      <dst id="21">36.9333</dst>
    </src>
  </IntraTM>
</TrafficMatrixFile>
