<?xml version="1.0" encoding="UTF-8" standalone="yes"?>
<TrafficMatrixFile xmlns:xsi="http://www.w3.org/2001/XMLSchema-instance" xsi:noNamespaceSchemaLocation="http://totem.run.montefiore.ulg.ac.be/Schema/TrafficMatrix-v1_2.xsd">
  <info>
    <title>Intradomain traffic matrix generated by geant-TM-all.pl</title>
    <date>2005-01-04T11:15:00</date>
    <duration>900</duration>
    <author>Steve Uhlig</author>
    <units>
        <unit type="bandwidth" value="kbps"/>
    </units>
  </info>
  <IntraTM ASID="20965">
    <src id="12">
      <dst id="12">181958.7556</dst>
      <dst id="13">18012.7733</dst>
      <dst id="19">944.6400</dst>
      <dst id="23">4.7644</dst>
      <dst id="8">936.5244</dst>
      <dst id="18">520.8178</dst>
      <dst id="4">62766.0800</dst>
      <dst id="1">15905.5556</dst>
      <dst id="5">1707.7422</dst>
      <dst id="3">7899.3244</dst>
      <dst id="22">6188.4000</dst>
      <dst id="7">1262.9067</dst>
      <dst id="2">61128.5867</dst>
      <dst id="6">34.6400</dst>
      <dst id="16">4534.3467</dst>
      <dst id="14">137.5556</dst>
      <dst id="20">5536.0444</dst>
      <dst id="11">5107.5733</dst>
      <dst id="9">3323.5556</dst>
      <dst id="17">74753.2889</dst>
      <dst id="21">2494.2133</dst>
      <dst id="15">573.8133</dst>
    </src>
    <src id="13">
      <dst id="12">44759.3689</dst>
      <dst id="19">31084.0533</dst>
      <dst id="23">18.2400</dst>
      <dst id="8">813.9822</dst>
      <dst id="18">1698.4267</dst>
      <dst id="1">2555.4667</dst>
      <dst id="5">8836.3467</dst>
      <dst id="3">4674.3200</dst>
      <dst id="22">23140.9600</dst>
      <dst id="7">5363.5911</dst>
      <dst id="2">94991.4133</dst>
      <dst id="6">117.3867</dst>
      <dst id="16">9235.7600</dst>
      <dst id="14">3729.3689</dst>
      <dst id="20">4671.4933</dst>
      <dst id="11">9660.6756</dst>
      <dst id="9">7376.0178</dst>
      <dst id="17">40272.3378</dst>
      <dst id="21">9942.0000</dst>
      <dst id="15">343.5467</dst>
    </src>
    <src id="19">
      <dst id="12">9888.4089</dst>
      <dst id="13">498.9778</dst>
      <dst id="23">0.5956</dst>
      <dst id="8">13.3333</dst>
      <dst id="18">2.6311</dst>
      <dst id="4">22887.6889</dst>
      <dst id="1">177.2800</dst>
      <dst id="5">0.7111</dst>
      <dst id="22">1619.3333</dst>
      <dst id="7">2578.2667</dst>
      <dst id="2">75.6444</dst>
      <dst id="6">42.4711</dst>
      <dst id="16">9331.7244</dst>
      <dst id="14">0.9244</dst>
      <dst id="20">0.4267</dst>
      <dst id="11">2.3911</dst>
      <dst id="9">153.1022</dst>
      <dst id="17">394.3467</dst>
      <dst id="21">308.4000</dst>
    </src>
    <src id="23">
      <dst id="12">161.0489</dst>
      <dst id="13">184.5244</dst>
      <dst id="19">1.3156</dst>
      <dst id="18">0.9067</dst>
      <dst id="1">67.7689</dst>
      <dst id="3">162.4889</dst>
      <dst id="22">20.6933</dst>
      <dst id="7">67.5644</dst>
      <dst id="2">81.5022</dst>
      <dst id="16">1522.8889</dst>
      <dst id="20">11.8578</dst>
      <dst id="11">28.8533</dst>
      <dst id="9">394.0089</dst>
      <dst id="17">244.2756</dst>
      <dst id="21">31.6889</dst>
      <dst id="15">0.3378</dst>
    </src>
    <src id="8">
      <dst id="12">268912.8267</dst>
      <dst id="13">714.6400</dst>
      <dst id="19">0.4711</dst>
      <dst id="18">10.6044</dst>
      <dst id="4">4828.6044</dst>
      <dst id="1">50.7556</dst>
      <dst id="5">434.5244</dst>
      <dst id="3">197.8667</dst>
      <dst id="22">440.0978</dst>
      <dst id="7">292.1333</dst>
      <dst id="2">101529.4311</dst>
      <dst id="16">447.2711</dst>
      <dst id="14">0.6578</dst>
      <dst id="20">112.4178</dst>
      <dst id="11">77.7422</dst>
      <dst id="9">1065.2622</dst>
      <dst id="17">101414.2756</dst>
      <dst id="21">61.2356</dst>
      <dst id="15">31.6533</dst>
    </src>
    <src id="18">
      <dst id="12">83405.4756</dst>
      <dst id="13">112.0711</dst>
      <dst id="19">0.5244</dst>
      <dst id="8">88.3556</dst>
      <dst id="4">1411.3067</dst>
      <dst id="1">435.7244</dst>
      <dst id="5">116.6311</dst>
      <dst id="3">41.4844</dst>
      <dst id="22">38.0800</dst>
      <dst id="7">40.6044</dst>
      <dst id="2">23827.2000</dst>
      <dst id="16">169.8044</dst>
      <dst id="11">25.5911</dst>
      <dst id="9">7.1733</dst>
      <dst id="17">30604.4889</dst>
      <dst id="21">404.0356</dst>
      <dst id="15">4.2844</dst>
    </src>
    <src id="4">
      <dst id="12">9190.3289</dst>
      <dst id="19">15352.6044</dst>
      <dst id="23">0.4622</dst>
      <dst id="8">2264.0800</dst>
      <dst id="18">1576.6844</dst>
      <dst id="1">88430.2933</dst>
      <dst id="5">1249.1111</dst>
      <dst id="3">217.2089</dst>
      <dst id="22">2944.4444</dst>
      <dst id="7">115364.1422</dst>
      <dst id="2">78780.9156</dst>
      <dst id="6">110.6844</dst>
      <dst id="16">1547.2800</dst>
      <dst id="14">657.3511</dst>
      <dst id="20">553.5022</dst>
      <dst id="11">2994.0978</dst>
      <dst id="9">1754.7467</dst>
      <dst id="17">18664.3378</dst>
      <dst id="21">2607.1556</dst>
      <dst id="15">270.0000</dst>
    </src>
    <src id="1">
      <dst id="12">11636.0356</dst>
      <dst id="13">418.4178</dst>
      <dst id="19">202.5600</dst>
      <dst id="23">36.5511</dst>
      <dst id="8">86477.8667</dst>
      <dst id="18">13056.3022</dst>
      <dst id="4">8235.5556</dst>
      <dst id="1">3204.8000</dst>
      <dst id="5">119085.0044</dst>
      <dst id="3">116.5778</dst>
      <dst id="22">1946.3378</dst>
      <dst id="7">891.1822</dst>
      <dst id="2">14430.6933</dst>
      <dst id="6">4792.7200</dst>
      <dst id="16">14512.7911</dst>
      <dst id="14">92.7111</dst>
      <dst id="20">44.7644</dst>
      <dst id="11">217.1200</dst>
      <dst id="9">123170.7733</dst>
      <dst id="17">3037.2978</dst>
      <dst id="21">1198.5956</dst>
      <dst id="15">106.2133</dst>
    </src>
    <src id="5">
      <dst id="12">248783.2000</dst>
      <dst id="13">613.2444</dst>
      <dst id="19">58.9867</dst>
      <dst id="8">153.5733</dst>
      <dst id="18">529.8844</dst>
      <dst id="4">5496.4800</dst>
      <dst id="1">792.0356</dst>
      <dst id="3">46.2311</dst>
      <dst id="22">3024.6400</dst>
      <dst id="7">43.1289</dst>
      <dst id="2">85053.7422</dst>
      <dst id="6">43.8667</dst>
      <dst id="16">272.2311</dst>
      <dst id="14">0.7111</dst>
      <dst id="20">165.8844</dst>
      <dst id="11">1951.1556</dst>
      <dst id="9">460.0178</dst>
      <dst id="17">79092.9244</dst>
      <dst id="21">191.4578</dst>
      <dst id="15">2707.3067</dst>
    </src>
    <src id="3">
      <dst id="12">7708.1511</dst>
      <dst id="13">302.8267</dst>
      <dst id="19">799.6533</dst>
      <dst id="23">5158.6756</dst>
      <dst id="8">16.6667</dst>
      <dst id="18">44147.5644</dst>
      <dst id="4">18217.8667</dst>
      <dst id="1">4710.6400</dst>
      <dst id="5">159.5289</dst>
      <dst id="3">9908.6489</dst>
      <dst id="22">2346.2044</dst>
      <dst id="7">4802.9511</dst>
      <dst id="2">5458.9511</dst>
      <dst id="6">51.5022</dst>
      <dst id="16">715.7600</dst>
      <dst id="14">18257.8756</dst>
      <dst id="20">3.3689</dst>
      <dst id="11">97718.3378</dst>
      <dst id="9">71.7778</dst>
      <dst id="17">9913.2356</dst>
      <dst id="21">6881.5467</dst>
      <dst id="15">26.9511</dst>
    </src>
    <src id="10">
      <dst id="12">12242.8089</dst>
      <dst id="19">2668.6133</dst>
      <dst id="8">1032.5600</dst>
      <dst id="18">279.1556</dst>
      <dst id="1">1709.6444</dst>
      <dst id="5">435.4133</dst>
      <dst id="3">3914.8800</dst>
      <dst id="22">5497.8844</dst>
      <dst id="7">97886.5956</dst>
      <dst id="2">26199.8578</dst>
      <dst id="16">735.1644</dst>
      <dst id="14">543.4489</dst>
      <dst id="20">4383.7600</dst>
      <dst id="11">3344.0622</dst>
      <dst id="9">4487.1467</dst>
      <dst id="17">18706.9956</dst>
      <dst id="21">6226.5067</dst>
      <dst id="15">76.3289</dst>
    </src>
    <src id="22">
      <dst id="12">8429.5644</dst>
      <dst id="13">2053.9556</dst>
      <dst id="19">29.4222</dst>
      <dst id="23">6.9333</dst>
      <dst id="8">630.1778</dst>
      <dst id="18">429.4133</dst>
      <dst id="4">14769.9556</dst>
      <dst id="1">133.5467</dst>
      <dst id="5">4246.9422</dst>
      <dst id="3">372.9600</dst>
      <dst id="7">333.1289</dst>
      <dst id="2">1980.7467</dst>
      <dst id="6">1.6089</dst>
      <dst id="16">0.8178</dst>
      <dst id="14">62.4267</dst>
      <dst id="11">1240.1689</dst>
      <dst id="9">2562.9244</dst>
      <dst id="17">2658.1600</dst>
      <dst id="21">538.7911</dst>
    </src>
    <src id="7">
      <dst id="12">2138.9778</dst>
      <dst id="13">84.7733</dst>
      <dst id="19">19.7600</dst>
      <dst id="23">16.8711</dst>
      <dst id="8">356.8622</dst>
      <dst id="18">118.6756</dst>
      <dst id="4">35168.8978</dst>
      <dst id="1">1359.3778</dst>
      <dst id="5">1701.6178</dst>
      <dst id="3">252.1956</dst>
      <dst id="22">4228.1867</dst>
      <dst id="7">690.9156</dst>
      <dst id="2">7546.2489</dst>
      <dst id="6">18.1244</dst>
      <dst id="16">453.2889</dst>
      <dst id="14">46.2400</dst>
      <dst id="20">422.1067</dst>
      <dst id="11">114.1778</dst>
      <dst id="9">2069.1911</dst>
      <dst id="17">6779.5822</dst>
      <dst id="21">503.0044</dst>
      <dst id="15">52.3467</dst>
    </src>
    <src id="2">
      <dst id="12">52012.8622</dst>
      <dst id="13">513858.9956</dst>
      <dst id="19">81.9911</dst>
      <dst id="23">13.0844</dst>
      <dst id="8">105.6267</dst>
      <dst id="18">40413.5200</dst>
      <dst id="4">79522.2844</dst>
      <dst id="1">1241.9378</dst>
      <dst id="5">3328.0000</dst>
      <dst id="3">6.5689</dst>
      <dst id="22">1564.4800</dst>
      <dst id="7">2497.3956</dst>
      <dst id="2">489.4844</dst>
      <dst id="6">5856.4089</dst>
      <dst id="16">3813.4933</dst>
      <dst id="14">5419.7422</dst>
      <dst id="20">177.1022</dst>
      <dst id="11">1389.4311</dst>
      <dst id="9">5394.8178</dst>
      <dst id="17">39943.1200</dst>
      <dst id="21">746.4356</dst>
      <dst id="15">137.3511</dst>
    </src>
    <src id="6">
      <dst id="12">7017.2444</dst>
      <dst id="13">68.8800</dst>
      <dst id="19">28.1867</dst>
      <dst id="23">0.3378</dst>
      <dst id="18">1.3778</dst>
      <dst id="4">1350.6756</dst>
      <dst id="1">3.7156</dst>
      <dst id="5">0.7111</dst>
      <dst id="22">12.2844</dst>
      <dst id="7">15.1822</dst>
      <dst id="2">2192.4622</dst>
      <dst id="11">36.0356</dst>
      <dst id="9">1.1644</dst>
      <dst id="17">1271.9822</dst>
      <dst id="21">1.7689</dst>
    </src>
    <src id="16">
      <dst id="12">2374.2311</dst>
      <dst id="13">185.4133</dst>
      <dst id="19">4875.2800</dst>
      <dst id="23">29.4400</dst>
      <dst id="8">2318.7644</dst>
      <dst id="18">18.8889</dst>
      <dst id="4">5320.6044</dst>
      <dst id="1">24033.3067</dst>
      <dst id="5">802.2489</dst>
      <dst id="3">0.7822</dst>
      <dst id="7">70.1156</dst>
      <dst id="2">647.6356</dst>
      <dst id="6">1.6089</dst>
      <dst id="16">18.5244</dst>
      <dst id="14">0.4267</dst>
      <dst id="11">57.6000</dst>
      <dst id="9">3235.0133</dst>
      <dst id="17">2381.8667</dst>
      <dst id="21">1970.3733</dst>
    </src>
    <src id="14">
      <dst id="12">14633.1289</dst>
      <dst id="13">11.0222</dst>
      <dst id="19">5.9733</dst>
      <dst id="18">1.3067</dst>
      <dst id="4">3192.1244</dst>
      <dst id="1">37.0133</dst>
      <dst id="5">50.0178</dst>
      <dst id="3">69.3511</dst>
      <dst id="22">4.0889</dst>
      <dst id="7">67.9644</dst>
      <dst id="2">2951.0578</dst>
      <dst id="20">0.6578</dst>
      <dst id="11">31.2800</dst>
      <dst id="9">0.9778</dst>
      <dst id="17">4890.1867</dst>
      <dst id="21">53.1556</dst>
    </src>
    <src id="20">
      <dst id="12">2770.9244</dst>
      <dst id="13">4674.2933</dst>
      <dst id="19">2.1778</dst>
      <dst id="23">0.4622</dst>
      <dst id="8">199.6800</dst>
      <dst id="18">2.3200</dst>
      <dst id="4">6232.3911</dst>
      <dst id="1">73.2533</dst>
      <dst id="5">457.8933</dst>
      <dst id="3">32.7556</dst>
      <dst id="7">4643.3600</dst>
      <dst id="2">1761.7067</dst>
      <dst id="11">159.8133</dst>
      <dst id="9">273.8133</dst>
      <dst id="17">242.2933</dst>
      <dst id="21">525.1289</dst>
    </src>
    <src id="11">
      <dst id="12">371038.9689</dst>
      <dst id="13">2031.9911</dst>
      <dst id="19">7.9556</dst>
      <dst id="23">2.4533</dst>
      <dst id="8">205.2978</dst>
      <dst id="18">261.0844</dst>
      <dst id="4">11677.7333</dst>
      <dst id="1">4980.3556</dst>
      <dst id="5">661.0133</dst>
      <dst id="3">504.8356</dst>
      <dst id="22">2386.6578</dst>
      <dst id="7">218.9956</dst>
      <dst id="2">138020.8978</dst>
      <dst id="6">52.6933</dst>
      <dst id="16">251.0933</dst>
      <dst id="14">64.8178</dst>
      <dst id="20">62.8000</dst>
      <dst id="11">1630.2222</dst>
      <dst id="9">729.6533</dst>
      <dst id="17">153748.5422</dst>
      <dst id="21">385.9022</dst>
      <dst id="15">96.1867</dst>
    </src>
    <src id="9">
      <dst id="12">414887.6356</dst>
      <dst id="13">1501.8489</dst>
      <dst id="19">952.8178</dst>
      <dst id="23">8.4267</dst>
      <dst id="8">391.6533</dst>
      <dst id="18">178.7200</dst>
      <dst id="4">9544.7644</dst>
      <dst id="1">757.1556</dst>
      <dst id="5">800.8889</dst>
      <dst id="3">0.4622</dst>
      <dst id="22">1616.8444</dst>
      <dst id="7">179.6533</dst>
      <dst id="2">129266.6400</dst>
      <dst id="16">145.6178</dst>
      <dst id="14">13.3600</dst>
      <dst id="20">449.3333</dst>
      <dst id="11">413.5022</dst>
      <dst id="9">47.6711</dst>
      <dst id="17">152780.8711</dst>
      <dst id="21">225.5378</dst>
      <dst id="15">112.6311</dst>
    </src>
    <src id="17">
      <dst id="12">8987.3244</dst>
      <dst id="13">6986.2044</dst>
      <dst id="19">653.6533</dst>
      <dst id="23">16.0711</dst>
      <dst id="8">90230.3467</dst>
      <dst id="18">111.4578</dst>
      <dst id="4">120184.6578</dst>
      <dst id="1">367.5822</dst>
      <dst id="5">125384.2222</dst>
      <dst id="3">3338.8444</dst>
      <dst id="22">4301.8578</dst>
      <dst id="7">2098.5867</dst>
      <dst id="2">5666.7911</dst>
      <dst id="6">51.5289</dst>
      <dst id="16">1915.7067</dst>
      <dst id="14">9813.9111</dst>
      <dst id="20">255.9556</dst>
      <dst id="11">84898.5422</dst>
      <dst id="9">147963.2533</dst>
      <dst id="17">1557.0578</dst>
      <dst id="21">2389.5200</dst>
      <dst id="15">5590.6222</dst>
    </src>
    <src id="21">
      <dst id="12">14278.8622</dst>
      <dst id="13">220.2311</dst>
      <dst id="19">95.5822</dst>
      <dst id="23">0.4622</dst>
      <dst id="8">282.8978</dst>
      <dst id="18">601.2533</dst>
      <dst id="4">12523.5822</dst>
      <dst id="1">1789.2356</dst>
      <dst id="5">124.5778</dst>
      <dst id="3">2314.9689</dst>
      <dst id="22">833.2889</dst>
      <dst id="7">1351.9022</dst>
      <dst id="2">9135.7600</dst>
      <dst id="6">92.1689</dst>
      <dst id="16">228.0622</dst>
      <dst id="14">115.0578</dst>
      <dst id="20">19.1911</dst>
      <dst id="11">1452.7644</dst>
      <dst id="9">193.4578</dst>
      <dst id="17">3150.3200</dst>
      <dst id="21">594.9511</dst>
      <dst id="15">38.5422</dst>
    </src>
    <src id="15">
      <dst id="12">2392.1156</dst>
      <dst id="13">298.3733</dst>
      <dst id="19">0.4622</dst>
      <dst id="8">303.1911</dst>
      <dst id="18">58.2489</dst>
      <dst id="4">2314.1778</dst>
      <dst id="1">494.3911</dst>
      <dst id="5">223.8400</dst>
      <dst id="3">15.2533</dst>
      <dst id="7">1.3156</dst>
      <dst id="2">2782.0178</dst>
      <dst id="11">304.2844</dst>
      <dst id="9">122.8889</dst>
      <dst id="17">482.8533</dst>
      <dst id="21">111.5644</dst>
    </src>
  </IntraTM>
</TrafficMatrixFile>
