<?xml version="1.0" encoding="UTF-8" standalone="yes"?>
<TrafficMatrixFile xmlns:xsi="http://www.w3.org/2001/XMLSchema-instance" xsi:noNamespaceSchemaLocation="http://totem.run.montefiore.ulg.ac.be/Schema/TrafficMatrix-v1_2.xsd">
  <info>
    <title>Intradomain traffic matrix generated by geant-TM-all.pl</title>
    <date>2005-01-06T00:00:00</date>
    <duration>900</duration>
    <author>Steve Uhlig</author>
    <units>
        <unit type="bandwidth" value="kbps"/>
    </units>
  </info>
  <IntraTM ASID="20965">
    <src id="12">
      <dst id="12">319502.9600</dst>
      <dst id="13">44215.1200</dst>
      <dst id="19">14089.5289</dst>
      <dst id="23">1716.4444</dst>
      <dst id="8">9887.4667</dst>
      <dst id="18">14335.6089</dst>
      <dst id="4">101601.2889</dst>
      <dst id="1">15548.9778</dst>
      <dst id="5">10693.1733</dst>
      <dst id="3">20782.0889</dst>
      <dst id="22">21631.6356</dst>
      <dst id="7">19354.9956</dst>
      <dst id="2">122819.8844</dst>
      <dst id="6">35.2711</dst>
      <dst id="16">8412.7556</dst>
      <dst id="14">380.7556</dst>
      <dst id="20">19414.9511</dst>
      <dst id="11">9774.8533</dst>
      <dst id="9">15640.2222</dst>
      <dst id="17">117157.0311</dst>
      <dst id="21">29625.7156</dst>
      <dst id="15">5519.7778</dst>
    </src>
    <src id="13">
      <dst id="12">90684.1689</dst>
      <dst id="19">27698.0000</dst>
      <dst id="23">2269.3244</dst>
      <dst id="8">14817.9556</dst>
      <dst id="18">10321.9911</dst>
      <dst id="4">4.9778</dst>
      <dst id="1">13043.9822</dst>
      <dst id="5">11441.5733</dst>
      <dst id="3">33907.5378</dst>
      <dst id="22">25398.7022</dst>
      <dst id="7">44280.8089</dst>
      <dst id="2">147254.5156</dst>
      <dst id="6">237.1378</dst>
      <dst id="16">14883.8578</dst>
      <dst id="14">6399.7689</dst>
      <dst id="20">28391.4133</dst>
      <dst id="11">34340.2844</dst>
      <dst id="9">19368.2933</dst>
      <dst id="17">121851.4933</dst>
      <dst id="21">54953.2267</dst>
      <dst id="15">14802.2311</dst>
    </src>
    <src id="19">
      <dst id="12">21218.0267</dst>
      <dst id="13">6304.5244</dst>
      <dst id="23">297.5289</dst>
      <dst id="8">52.5689</dst>
      <dst id="18">72.3289</dst>
      <dst id="4">19649.5822</dst>
      <dst id="1">6813.2178</dst>
      <dst id="5">360.7378</dst>
      <dst id="3">85.3867</dst>
      <dst id="22">914.4889</dst>
      <dst id="7">15564.4178</dst>
      <dst id="2">3846.8533</dst>
      <dst id="6">213.8667</dst>
      <dst id="16">3930.8178</dst>
      <dst id="14">1679.0311</dst>
      <dst id="20">41.4667</dst>
      <dst id="11">770.8089</dst>
      <dst id="9">230.3022</dst>
      <dst id="17">18343.2889</dst>
      <dst id="21">1779.3156</dst>
      <dst id="15">4.0000</dst>
    </src>
    <src id="23">
      <dst id="12">5121.6533</dst>
      <dst id="13">914.7378</dst>
      <dst id="19">287.8400</dst>
      <dst id="8">613.3333</dst>
      <dst id="18">82.9511</dst>
      <dst id="4">83.9911</dst>
      <dst id="1">139.2800</dst>
      <dst id="5">37.2178</dst>
      <dst id="3">953.8667</dst>
      <dst id="22">464.8267</dst>
      <dst id="7">2923.6889</dst>
      <dst id="2">252.6311</dst>
      <dst id="6">0.9244</dst>
      <dst id="16">595.8222</dst>
      <dst id="14">15.7333</dst>
      <dst id="20">221.5289</dst>
      <dst id="11">514.7822</dst>
      <dst id="9">1317.9644</dst>
      <dst id="17">3201.4133</dst>
      <dst id="21">1099.9644</dst>
      <dst id="15">40.0000</dst>
    </src>
    <src id="8">
      <dst id="12">374424.6667</dst>
      <dst id="13">1856.6667</dst>
      <dst id="19">725.4400</dst>
      <dst id="23">11.9111</dst>
      <dst id="18">3441.0667</dst>
      <dst id="4">4057.8133</dst>
      <dst id="1">1301.6444</dst>
      <dst id="5">7778.7289</dst>
      <dst id="3">31.2533</dst>
      <dst id="22">1944.5867</dst>
      <dst id="7">252.4267</dst>
      <dst id="2">157629.6978</dst>
      <dst id="16">1988.9333</dst>
      <dst id="14">20.8800</dst>
      <dst id="20">10548.9956</dst>
      <dst id="11">737.7689</dst>
      <dst id="9">437.0489</dst>
      <dst id="17">152213.0400</dst>
      <dst id="21">624.6667</dst>
      <dst id="15">3273.8400</dst>
    </src>
    <src id="18">
      <dst id="12">137210.3644</dst>
      <dst id="13">320.4444</dst>
      <dst id="19">35.6356</dst>
      <dst id="23">120.0622</dst>
      <dst id="8">1721.4400</dst>
      <dst id="4">2975.9822</dst>
      <dst id="1">1358.1067</dst>
      <dst id="5">881.6267</dst>
      <dst id="3">353.7511</dst>
      <dst id="22">210.5600</dst>
      <dst id="7">162.1689</dst>
      <dst id="2">46015.4933</dst>
      <dst id="16">111.3778</dst>
      <dst id="14">28.8622</dst>
      <dst id="20">54.1511</dst>
      <dst id="11">896.1244</dst>
      <dst id="9">1042.5511</dst>
      <dst id="17">58484.6756</dst>
      <dst id="21">1573.0489</dst>
      <dst id="15">489.0311</dst>
    </src>
    <src id="4">
      <dst id="12">35755.4844</dst>
      <dst id="19">14099.7689</dst>
      <dst id="23">0.8889</dst>
      <dst id="8">2573.5556</dst>
      <dst id="18">1879.4844</dst>
      <dst id="4">1.0222</dst>
      <dst id="1">47244.1422</dst>
      <dst id="5">2885.5200</dst>
      <dst id="3">2703.9111</dst>
      <dst id="22">13059.0756</dst>
      <dst id="7">42312.7289</dst>
      <dst id="2">115595.1644</dst>
      <dst id="6">17.9644</dst>
      <dst id="16">5624.9600</dst>
      <dst id="14">4061.6711</dst>
      <dst id="20">3224.3911</dst>
      <dst id="11">7155.3689</dst>
      <dst id="9">5568.4800</dst>
      <dst id="17">42086.0267</dst>
      <dst id="21">13050.6044</dst>
      <dst id="15">1053.2978</dst>
    </src>
    <src id="1">
      <dst id="12">24140.2844</dst>
      <dst id="13">15667.6444</dst>
      <dst id="19">4250.8800</dst>
      <dst id="23">33.9289</dst>
      <dst id="8">199330.6667</dst>
      <dst id="18">21717.6889</dst>
      <dst id="4">24767.2800</dst>
      <dst id="1">62086.0356</dst>
      <dst id="5">306059.2444</dst>
      <dst id="3">708.0800</dst>
      <dst id="22">15267.3156</dst>
      <dst id="7">41199.1733</dst>
      <dst id="2">19778.4089</dst>
      <dst id="6">24446.5156</dst>
      <dst id="16">10031.9467</dst>
      <dst id="14">116.9867</dst>
      <dst id="20">3113.0311</dst>
      <dst id="11">2556.4978</dst>
      <dst id="9">391584.6311</dst>
      <dst id="17">47298.8622</dst>
      <dst id="21">21235.1911</dst>
      <dst id="15">500.1067</dst>
    </src>
    <src id="5">
      <dst id="12">348412.5689</dst>
      <dst id="13">1249.7067</dst>
      <dst id="19">186.5600</dst>
      <dst id="23">15.2178</dst>
      <dst id="8">8133.4489</dst>
      <dst id="18">811.2800</dst>
      <dst id="4">8813.1022</dst>
      <dst id="1">14509.2000</dst>
      <dst id="3">55.0311</dst>
      <dst id="22">5768.4000</dst>
      <dst id="7">1529.8756</dst>
      <dst id="2">169351.1467</dst>
      <dst id="6">38.0711</dst>
      <dst id="16">2187.0667</dst>
      <dst id="14">17.1733</dst>
      <dst id="20">16607.7956</dst>
      <dst id="11">4121.0489</dst>
      <dst id="9">21207.4844</dst>
      <dst id="17">133951.1022</dst>
      <dst id="21">589.8756</dst>
      <dst id="15">12887.0400</dst>
    </src>
    <src id="3">
      <dst id="12">14095.6889</dst>
      <dst id="13">7069.2889</dst>
      <dst id="19">2133.3956</dst>
      <dst id="23">5702.0444</dst>
      <dst id="8">601.7778</dst>
      <dst id="18">249993.5556</dst>
      <dst id="4">49661.2622</dst>
      <dst id="1">25669.6622</dst>
      <dst id="5">1116.1422</dst>
      <dst id="3">18698.3822</dst>
      <dst id="22">2799.8489</dst>
      <dst id="7">52490.4711</dst>
      <dst id="2">15072.0622</dst>
      <dst id="6">34.0089</dst>
      <dst id="16">2230.3111</dst>
      <dst id="14">61740.2489</dst>
      <dst id="20">1752.4444</dst>
      <dst id="11">351490.1244</dst>
      <dst id="9">6976.4800</dst>
      <dst id="17">22919.5644</dst>
      <dst id="21">17337.1822</dst>
      <dst id="15">3311.7867</dst>
    </src>
    <src id="10">
      <dst id="12">19489.9822</dst>
      <dst id="19">9313.2000</dst>
      <dst id="23">0.4267</dst>
      <dst id="8">2989.4311</dst>
      <dst id="18">4805.9200</dst>
      <dst id="1">5652.0444</dst>
      <dst id="5">1607.7600</dst>
      <dst id="3">12215.2267</dst>
      <dst id="22">4933.5556</dst>
      <dst id="7">21419.1733</dst>
      <dst id="2">54520.1956</dst>
      <dst id="6">16.6933</dst>
      <dst id="16">13560.2933</dst>
      <dst id="14">3175.0133</dst>
      <dst id="20">1762.6222</dst>
      <dst id="11">9766.6489</dst>
      <dst id="9">3399.6000</dst>
      <dst id="17">34392.0444</dst>
      <dst id="21">14986.0267</dst>
      <dst id="15">287.9822</dst>
    </src>
    <src id="22">
      <dst id="12">13202.7556</dst>
      <dst id="13">5341.6711</dst>
      <dst id="19">2585.7067</dst>
      <dst id="23">47.8844</dst>
      <dst id="8">998.1333</dst>
      <dst id="18">788.1156</dst>
      <dst id="4">21923.0667</dst>
      <dst id="1">3637.2978</dst>
      <dst id="5">4235.4756</dst>
      <dst id="3">1903.1378</dst>
      <dst id="7">3175.5556</dst>
      <dst id="2">5635.5111</dst>
      <dst id="6">2.5244</dst>
      <dst id="16">1.4222</dst>
      <dst id="14">81.3956</dst>
      <dst id="11">4442.4711</dst>
      <dst id="9">2037.6178</dst>
      <dst id="17">8541.4667</dst>
      <dst id="21">2589.2711</dst>
    </src>
    <src id="7">
      <dst id="12">6139.8222</dst>
      <dst id="13">5868.2756</dst>
      <dst id="19">3068.6844</dst>
      <dst id="23">406.2400</dst>
      <dst id="8">716.5422</dst>
      <dst id="18">1722.9511</dst>
      <dst id="4">29828.2578</dst>
      <dst id="1">35627.3867</dst>
      <dst id="5">1474.3467</dst>
      <dst id="3">8718.5867</dst>
      <dst id="22">5118.8889</dst>
      <dst id="7">682.3111</dst>
      <dst id="2">25591.7778</dst>
      <dst id="6">218.4800</dst>
      <dst id="16">4137.4756</dst>
      <dst id="14">1728.0356</dst>
      <dst id="20">3091.8133</dst>
      <dst id="11">6824.8622</dst>
      <dst id="9">3105.2000</dst>
      <dst id="17">21343.7511</dst>
      <dst id="21">35467.5556</dst>
      <dst id="15">1219.7422</dst>
    </src>
    <src id="2">
      <dst id="12">171093.3689</dst>
      <dst id="13">539005.0400</dst>
      <dst id="19">15217.1378</dst>
      <dst id="23">165.2622</dst>
      <dst id="8">4740.2756</dst>
      <dst id="18">180524.1156</dst>
      <dst id="4">108557.3333</dst>
      <dst id="1">18733.5289</dst>
      <dst id="5">2162.3378</dst>
      <dst id="3">3300.3822</dst>
      <dst id="22">4502.1778</dst>
      <dst id="7">28223.0756</dst>
      <dst id="2">1150.1422</dst>
      <dst id="6">13096.6844</dst>
      <dst id="16">4071.9822</dst>
      <dst id="14">4919.1111</dst>
      <dst id="20">1652.9778</dst>
      <dst id="11">7101.1644</dst>
      <dst id="9">4405.2533</dst>
      <dst id="17">38093.0844</dst>
      <dst id="21">13002.3556</dst>
      <dst id="15">661.0933</dst>
    </src>
    <src id="6">
      <dst id="12">12546.3289</dst>
      <dst id="13">76.5956</dst>
      <dst id="19">20.2222</dst>
      <dst id="23">21.6089</dst>
      <dst id="18">62.8444</dst>
      <dst id="4">633.6533</dst>
      <dst id="1">132.9422</dst>
      <dst id="5">6.7467</dst>
      <dst id="3">28.9956</dst>
      <dst id="22">86.8178</dst>
      <dst id="7">233.9556</dst>
      <dst id="2">2833.3244</dst>
      <dst id="16">93.2267</dst>
      <dst id="14">1.3156</dst>
      <dst id="20">11.8222</dst>
      <dst id="11">56.7200</dst>
      <dst id="9">23.6533</dst>
      <dst id="17">2471.9822</dst>
      <dst id="21">131.9733</dst>
      <dst id="15">11.8222</dst>
    </src>
    <src id="16">
      <dst id="12">3929.9556</dst>
      <dst id="13">1008.1867</dst>
      <dst id="19">4743.4400</dst>
      <dst id="23">243.2444</dst>
      <dst id="8">10222.0267</dst>
      <dst id="18">37.1822</dst>
      <dst id="4">9092.5422</dst>
      <dst id="1">21231.0489</dst>
      <dst id="5">7385.4311</dst>
      <dst id="3">307.8400</dst>
      <dst id="7">7849.7511</dst>
      <dst id="2">4138.6133</dst>
      <dst id="6">76.0800</dst>
      <dst id="16">82.6400</dst>
      <dst id="14">581.2622</dst>
      <dst id="11">878.4444</dst>
      <dst id="9">14181.5556</dst>
      <dst id="17">17766.3022</dst>
      <dst id="21">2312.6311</dst>
    </src>
    <src id="14">
      <dst id="12">25649.6800</dst>
      <dst id="13">101.7600</dst>
      <dst id="19">65.7956</dst>
      <dst id="23">52.6844</dst>
      <dst id="8">2.9511</dst>
      <dst id="18">25.2444</dst>
      <dst id="4">4565.5111</dst>
      <dst id="1">195.9111</dst>
      <dst id="5">12.0533</dst>
      <dst id="3">467.1911</dst>
      <dst id="22">24.7822</dst>
      <dst id="7">391.0044</dst>
      <dst id="2">7112.5244</dst>
      <dst id="16">105.0311</dst>
      <dst id="20">15.9200</dst>
      <dst id="11">236.5511</dst>
      <dst id="9">55.8933</dst>
      <dst id="17">8443.4400</dst>
      <dst id="21">186.6133</dst>
    </src>
    <src id="20">
      <dst id="12">12959.3778</dst>
      <dst id="13">17285.4933</dst>
      <dst id="19">1386.1067</dst>
      <dst id="23">237.4044</dst>
      <dst id="8">677.1111</dst>
      <dst id="18">6.5422</dst>
      <dst id="4">6653.5822</dst>
      <dst id="1">233.2356</dst>
      <dst id="5">6760.0622</dst>
      <dst id="3">1819.4133</dst>
      <dst id="7">1255.0311</dst>
      <dst id="2">10686.7822</dst>
      <dst id="6">14.1778</dst>
      <dst id="14">1.1733</dst>
      <dst id="11">739.2178</dst>
      <dst id="9">19129.6711</dst>
      <dst id="17">9652.9867</dst>
      <dst id="21">416.4622</dst>
    </src>
    <src id="11">
      <dst id="12">490853.1289</dst>
      <dst id="13">12111.9911</dst>
      <dst id="19">2130.2578</dst>
      <dst id="23">11873.0222</dst>
      <dst id="8">1374.2044</dst>
      <dst id="18">2299.3244</dst>
      <dst id="4">15258.9422</dst>
      <dst id="1">1548.9156</dst>
      <dst id="5">2630.4089</dst>
      <dst id="3">1846.6400</dst>
      <dst id="22">6153.5733</dst>
      <dst id="7">10583.6178</dst>
      <dst id="2">209550.7822</dst>
      <dst id="6">800.8356</dst>
      <dst id="16">284.5067</dst>
      <dst id="14">5532.0444</dst>
      <dst id="20">13771.4400</dst>
      <dst id="11">3076.6489</dst>
      <dst id="9">3344.5689</dst>
      <dst id="17">202648.1867</dst>
      <dst id="21">1364.8889</dst>
      <dst id="15">159.5111</dst>
    </src>
    <src id="9">
      <dst id="12">510919.6889</dst>
      <dst id="13">8063.6356</dst>
      <dst id="19">354.9156</dst>
      <dst id="23">99.1911</dst>
      <dst id="8">2937.2267</dst>
      <dst id="18">3296.6044</dst>
      <dst id="4">12094.2756</dst>
      <dst id="1">16747.3867</dst>
      <dst id="5">2028.8711</dst>
      <dst id="3">230.9067</dst>
      <dst id="22">3480.2311</dst>
      <dst id="7">2335.1467</dst>
      <dst id="2">215567.6000</dst>
      <dst id="6">21.8400</dst>
      <dst id="16">7371.2356</dst>
      <dst id="14">22.9867</dst>
      <dst id="20">5658.5067</dst>
      <dst id="11">2662.7378</dst>
      <dst id="9">1819.6089</dst>
      <dst id="17">302643.3778</dst>
      <dst id="21">2824.8622</dst>
      <dst id="15">5953.6444</dst>
    </src>
    <src id="17">
      <dst id="12">13374.1422</dst>
      <dst id="13">15622.1422</dst>
      <dst id="19">4332.9333</dst>
      <dst id="23">411.5911</dst>
      <dst id="8">224323.8133</dst>
      <dst id="18">2436.2400</dst>
      <dst id="4">139345.9467</dst>
      <dst id="1">11527.2711</dst>
      <dst id="5">284806.9244</dst>
      <dst id="3">25350.1067</dst>
      <dst id="22">9576.7022</dst>
      <dst id="7">9401.0756</dst>
      <dst id="2">19270.6400</dst>
      <dst id="6">468.9067</dst>
      <dst id="16">15544.7644</dst>
      <dst id="14">44679.6000</dst>
      <dst id="20">15755.3156</dst>
      <dst id="11">251772.2222</dst>
      <dst id="9">330548.7556</dst>
      <dst id="17">2844.2756</dst>
      <dst id="21">23236.6222</dst>
      <dst id="15">2916.8889</dst>
    </src>
    <src id="21">
      <dst id="12">21698.0533</dst>
      <dst id="13">4592.1689</dst>
      <dst id="19">997.5467</dst>
      <dst id="23">199.1556</dst>
      <dst id="8">119.8933</dst>
      <dst id="18">16804.1067</dst>
      <dst id="4">26088.2844</dst>
      <dst id="1">27187.5467</dst>
      <dst id="5">610.3111</dst>
      <dst id="3">27948.5689</dst>
      <dst id="22">1543.4133</dst>
      <dst id="7">5171.5644</dst>
      <dst id="2">27103.8489</dst>
      <dst id="6">35.6800</dst>
      <dst id="16">648.4000</dst>
      <dst id="14">128.6933</dst>
      <dst id="20">1533.3689</dst>
      <dst id="11">981.5467</dst>
      <dst id="9">4491.8844</dst>
      <dst id="17">12630.6311</dst>
      <dst id="21">4812.0267</dst>
      <dst id="15">923.8222</dst>
    </src>
    <src id="15">
      <dst id="12">4162.1067</dst>
      <dst id="13">989.1822</dst>
      <dst id="19">28.4356</dst>
      <dst id="23">1.6000</dst>
      <dst id="8">957.8844</dst>
      <dst id="18">111.3156</dst>
      <dst id="4">2544.8711</dst>
      <dst id="1">1314.6133</dst>
      <dst id="5">486.7200</dst>
      <dst id="3">28.3378</dst>
      <dst id="7">404.2756</dst>
      <dst id="2">467.3778</dst>
      <dst id="6">1.5289</dst>
      <dst id="16">0.3556</dst>
      <dst id="14">0.4267</dst>
      <dst id="11">1247.9733</dst>
      <dst id="9">3446.3733</dst>
      <dst id="17">1346.0356</dst>
      <dst id="21">333.1556</dst>
    </src>
  </IntraTM>
</TrafficMatrixFile>
