<?xml version="1.0" encoding="UTF-8" standalone="yes"?>
<TrafficMatrixFile xmlns:xsi="http://www.w3.org/2001/XMLSchema-instance" xsi:noNamespaceSchemaLocation="http://totem.run.montefiore.ulg.ac.be/Schema/TrafficMatrix-v1_2.xsd">
  <info>
    <title>Intradomain traffic matrix generated by geant-TM-all.pl</title>
    <date>2005-01-02T21:15:00</date>
    <duration>900</duration>
    <author>Steve Uhlig</author>
    <units>
        <unit type="bandwidth" value="kbps"/>
    </units>
  </info>
  <IntraTM ASID="20965">
    <src id="12">
      <dst id="12">313746.2756</dst>
      <dst id="13">27853.8578</dst>
      <dst id="19">4239.0489</dst>
      <dst id="23">2952.3644</dst>
      <dst id="8">5886.8622</dst>
      <dst id="18">1843.1378</dst>
      <dst id="4">75696.3467</dst>
      <dst id="1">11163.9467</dst>
      <dst id="5">5385.7422</dst>
      <dst id="3">10996.6844</dst>
      <dst id="22">25725.5733</dst>
      <dst id="7">6570.4889</dst>
      <dst id="2">101804.0356</dst>
      <dst id="6">48.6133</dst>
      <dst id="16">14013.7600</dst>
      <dst id="14">165.9200</dst>
      <dst id="20">10860.7644</dst>
      <dst id="11">4270.4889</dst>
      <dst id="9">23223.1467</dst>
      <dst id="17">116305.5022</dst>
      <dst id="21">34964.4444</dst>
      <dst id="15">1905.9733</dst>
    </src>
    <src id="13">
      <dst id="12">84738.0178</dst>
      <dst id="19">8258.6044</dst>
      <dst id="23">924.4800</dst>
      <dst id="8">6541.0400</dst>
      <dst id="18">9571.9467</dst>
      <dst id="4">0.3556</dst>
      <dst id="1">14822.5422</dst>
      <dst id="5">8644.4356</dst>
      <dst id="3">33618.1867</dst>
      <dst id="22">47594.7644</dst>
      <dst id="7">16956.3733</dst>
      <dst id="2">128716.9600</dst>
      <dst id="6">70.1511</dst>
      <dst id="16">14724.3289</dst>
      <dst id="14">1778.3822</dst>
      <dst id="20">22443.0578</dst>
      <dst id="11">35625.5467</dst>
      <dst id="9">23416.2667</dst>
      <dst id="17">102609.5822</dst>
      <dst id="21">34985.3600</dst>
      <dst id="15">3646.2400</dst>
    </src>
    <src id="19">
      <dst id="12">17933.9644</dst>
      <dst id="13">9688.4267</dst>
      <dst id="23">136.7467</dst>
      <dst id="8">49.8133</dst>
      <dst id="18">175.4578</dst>
      <dst id="4">19073.4222</dst>
      <dst id="1">2873.9644</dst>
      <dst id="5">58.6489</dst>
      <dst id="3">101.6622</dst>
      <dst id="22">193.1911</dst>
      <dst id="7">5252.5244</dst>
      <dst id="2">7615.5822</dst>
      <dst id="6">89.1911</dst>
      <dst id="16">6159.0400</dst>
      <dst id="14">0.3556</dst>
      <dst id="20">61.6978</dst>
      <dst id="11">916.0533</dst>
      <dst id="9">903.8222</dst>
      <dst id="17">3915.4311</dst>
      <dst id="21">1792.7200</dst>
      <dst id="15">312.2844</dst>
    </src>
    <src id="23">
      <dst id="12">2910.1867</dst>
      <dst id="13">205.9911</dst>
      <dst id="19">15.5378</dst>
      <dst id="8">3.2356</dst>
      <dst id="18">305.6800</dst>
      <dst id="4">14.2578</dst>
      <dst id="1">79.5111</dst>
      <dst id="5">63.1822</dst>
      <dst id="3">225.1556</dst>
      <dst id="22">1314.6311</dst>
      <dst id="7">204.9689</dst>
      <dst id="2">309.4044</dst>
      <dst id="6">0.3556</dst>
      <dst id="16">77.1556</dst>
      <dst id="20">253.5822</dst>
      <dst id="11">236.1867</dst>
      <dst id="9">605.4756</dst>
      <dst id="17">5470.7644</dst>
      <dst id="21">2169.7689</dst>
      <dst id="15">107.0933</dst>
    </src>
    <src id="8">
      <dst id="12">393710.8622</dst>
      <dst id="13">1183.0400</dst>
      <dst id="19">417.2622</dst>
      <dst id="23">347.4578</dst>
      <dst id="18">242.3200</dst>
      <dst id="4">3237.3689</dst>
      <dst id="1">196.9778</dst>
      <dst id="5">3310.5156</dst>
      <dst id="3">71.0578</dst>
      <dst id="22">2991.8578</dst>
      <dst id="7">196.1067</dst>
      <dst id="2">174517.5556</dst>
      <dst id="6">40.8622</dst>
      <dst id="16">3366.6222</dst>
      <dst id="14">0.3556</dst>
      <dst id="20">13646.1778</dst>
      <dst id="11">689.4489</dst>
      <dst id="9">1527.8044</dst>
      <dst id="17">136857.9200</dst>
      <dst id="21">731.2711</dst>
      <dst id="15">2383.2800</dst>
    </src>
    <src id="18">
      <dst id="12">117525.2533</dst>
      <dst id="13">225.5111</dst>
      <dst id="19">967.8133</dst>
      <dst id="23">6.8267</dst>
      <dst id="8">240.5689</dst>
      <dst id="4">2886.3022</dst>
      <dst id="1">973.2711</dst>
      <dst id="5">95.0844</dst>
      <dst id="3">3668.4800</dst>
      <dst id="22">353.7511</dst>
      <dst id="7">304.1689</dst>
      <dst id="2">51236.9956</dst>
      <dst id="16">57.7067</dst>
      <dst id="14">0.9956</dst>
      <dst id="20">166.9511</dst>
      <dst id="11">240.3733</dst>
      <dst id="9">161.9111</dst>
      <dst id="17">40946.5867</dst>
      <dst id="21">3121.6711</dst>
      <dst id="15">521.4489</dst>
    </src>
    <src id="4">
      <dst id="12">32317.5467</dst>
      <dst id="19">7196.7733</dst>
      <dst id="23">0.4622</dst>
      <dst id="8">1683.4044</dst>
      <dst id="18">3453.9822</dst>
      <dst id="1">69724.2222</dst>
      <dst id="5">2231.8667</dst>
      <dst id="3">2478.2844</dst>
      <dst id="22">8323.9022</dst>
      <dst id="7">180258.9156</dst>
      <dst id="2">126722.9244</dst>
      <dst id="6">36.9067</dst>
      <dst id="16">3458.5156</dst>
      <dst id="14">801.2889</dst>
      <dst id="20">3915.6444</dst>
      <dst id="11">8064.9778</dst>
      <dst id="9">4039.4044</dst>
      <dst id="17">118954.8889</dst>
      <dst id="21">9253.8133</dst>
      <dst id="15">2207.6889</dst>
    </src>
    <src id="1">
      <dst id="12">16894.6844</dst>
      <dst id="13">2490.1689</dst>
      <dst id="19">5914.8889</dst>
      <dst id="23">33.5111</dst>
      <dst id="8">246723.6356</dst>
      <dst id="18">16041.8667</dst>
      <dst id="4">16489.9556</dst>
      <dst id="1">40170.5956</dst>
      <dst id="5">270276.2933</dst>
      <dst id="3">453.8578</dst>
      <dst id="22">7569.9822</dst>
      <dst id="7">11817.4400</dst>
      <dst id="2">21622.6489</dst>
      <dst id="6">12631.4400</dst>
      <dst id="16">10852.5244</dst>
      <dst id="14">58.7289</dst>
      <dst id="20">11686.4444</dst>
      <dst id="11">1213.9111</dst>
      <dst id="9">400898.0711</dst>
      <dst id="17">28805.8667</dst>
      <dst id="21">12341.4844</dst>
      <dst id="15">1782.9244</dst>
    </src>
    <src id="5">
      <dst id="12">296162.3644</dst>
      <dst id="13">928.1333</dst>
      <dst id="19">389.9467</dst>
      <dst id="23">94.1511</dst>
      <dst id="8">4316.9689</dst>
      <dst id="18">132.4089</dst>
      <dst id="4">6051.6356</dst>
      <dst id="1">499.9644</dst>
      <dst id="3">767.3422</dst>
      <dst id="22">4734.1600</dst>
      <dst id="7">1482.2756</dst>
      <dst id="2">125115.4044</dst>
      <dst id="6">15.8933</dst>
      <dst id="16">1874.2044</dst>
      <dst id="14">3.0578</dst>
      <dst id="20">11981.9467</dst>
      <dst id="11">1720.2844</dst>
      <dst id="9">1713.8311</dst>
      <dst id="17">105317.2356</dst>
      <dst id="21">3803.5644</dst>
      <dst id="15">792.8978</dst>
    </src>
    <src id="3">
      <dst id="12">10526.2311</dst>
      <dst id="13">2757.0489</dst>
      <dst id="19">1441.9022</dst>
      <dst id="23">172.5244</dst>
      <dst id="8">311.7067</dst>
      <dst id="18">192326.5600</dst>
      <dst id="4">28133.8489</dst>
      <dst id="1">5216.4533</dst>
      <dst id="5">821.9911</dst>
      <dst id="3">20140.9867</dst>
      <dst id="22">1489.1289</dst>
      <dst id="7">2697.3600</dst>
      <dst id="2">6187.9022</dst>
      <dst id="6">7.7067</dst>
      <dst id="16">2025.1556</dst>
      <dst id="14">36901.8311</dst>
      <dst id="20">3572.0356</dst>
      <dst id="11">244664.7556</dst>
      <dst id="9">790.8000</dst>
      <dst id="17">27792.5156</dst>
      <dst id="21">11942.1156</dst>
      <dst id="15">152.5956</dst>
    </src>
    <src id="10">
      <dst id="12">23501.5467</dst>
      <dst id="19">3310.8267</dst>
      <dst id="8">829.5556</dst>
      <dst id="18">1598.2222</dst>
      <dst id="1">2941.1289</dst>
      <dst id="5">1077.6711</dst>
      <dst id="3">18068.0000</dst>
      <dst id="22">15106.4889</dst>
      <dst id="7">61459.9911</dst>
      <dst id="2">58278.6133</dst>
      <dst id="6">54.8000</dst>
      <dst id="16">2174.6489</dst>
      <dst id="14">821.2978</dst>
      <dst id="20">4772.0178</dst>
      <dst id="11">8712.5778</dst>
      <dst id="9">9150.7911</dst>
      <dst id="17">30612.8000</dst>
      <dst id="21">17394.6222</dst>
      <dst id="15">4094.5689</dst>
    </src>
    <src id="22">
      <dst id="12">14528.4978</dst>
      <dst id="13">4231.1644</dst>
      <dst id="19">231.9378</dst>
      <dst id="23">193.6533</dst>
      <dst id="8">2355.8844</dst>
      <dst id="18">1045.6533</dst>
      <dst id="4">18000.5689</dst>
      <dst id="1">2862.7467</dst>
      <dst id="5">6107.8844</dst>
      <dst id="3">1566.6844</dst>
      <dst id="7">3828.5156</dst>
      <dst id="2">6660.4622</dst>
      <dst id="6">202.0178</dst>
      <dst id="16">16.4711</dst>
      <dst id="14">148.0089</dst>
      <dst id="11">4507.3778</dst>
      <dst id="9">8481.4133</dst>
      <dst id="17">7972.6756</dst>
      <dst id="21">1595.6356</dst>
    </src>
    <src id="7">
      <dst id="12">7594.6844</dst>
      <dst id="13">3451.6444</dst>
      <dst id="19">1021.5022</dst>
      <dst id="23">695.9111</dst>
      <dst id="8">2382.1422</dst>
      <dst id="18">3110.4178</dst>
      <dst id="4">14890.3644</dst>
      <dst id="1">20612.5956</dst>
      <dst id="5">1302.8000</dst>
      <dst id="3">1776.3644</dst>
      <dst id="22">3503.5289</dst>
      <dst id="7">757.3244</dst>
      <dst id="2">13904.2844</dst>
      <dst id="6">122.8000</dst>
      <dst id="16">2275.0933</dst>
      <dst id="14">88.5511</dst>
      <dst id="20">1748.6933</dst>
      <dst id="11">4206.0889</dst>
      <dst id="9">3578.3111</dst>
      <dst id="17">16147.1556</dst>
      <dst id="21">18561.6533</dst>
      <dst id="15">437.5556</dst>
    </src>
    <src id="2">
      <dst id="12">170553.9644</dst>
      <dst id="13">16933.0578</dst>
      <dst id="19">1820.7467</dst>
      <dst id="23">26.6933</dst>
      <dst id="8">900.0089</dst>
      <dst id="18">155105.1911</dst>
      <dst id="4">91303.0222</dst>
      <dst id="1">9174.5422</dst>
      <dst id="5">3015.0578</dst>
      <dst id="3">477.6356</dst>
      <dst id="22">4687.0756</dst>
      <dst id="7">5983.8489</dst>
      <dst id="2">979.7867</dst>
      <dst id="6">11345.3956</dst>
      <dst id="16">3986.0267</dst>
      <dst id="14">5773.2444</dst>
      <dst id="20">4393.1733</dst>
      <dst id="11">6652.4889</dst>
      <dst id="9">3512.4978</dst>
      <dst id="17">68812.6667</dst>
      <dst id="21">10285.6444</dst>
      <dst id="15">248.9956</dst>
    </src>
    <src id="6">
      <dst id="12">13489.0222</dst>
      <dst id="13">4.8533</dst>
      <dst id="19">41.8667</dst>
      <dst id="23">11.9289</dst>
      <dst id="8">0.7111</dst>
      <dst id="18">36.1778</dst>
      <dst id="4">31.7867</dst>
      <dst id="1">71.6178</dst>
      <dst id="5">13.5111</dst>
      <dst id="3">57.6889</dst>
      <dst id="22">72.0089</dst>
      <dst id="7">65.4667</dst>
      <dst id="2">3120.2578</dst>
      <dst id="16">14.2667</dst>
      <dst id="20">23.5022</dst>
      <dst id="11">0.3556</dst>
      <dst id="9">3.1111</dst>
      <dst id="17">1680.1867</dst>
      <dst id="21">137.4756</dst>
      <dst id="15">1.9378</dst>
    </src>
    <src id="16">
      <dst id="12">2907.2267</dst>
      <dst id="13">1469.3422</dst>
      <dst id="19">3779.5911</dst>
      <dst id="23">370.8444</dst>
      <dst id="8">7393.5467</dst>
      <dst id="18">277.0044</dst>
      <dst id="4">5764.9422</dst>
      <dst id="1">20846.1689</dst>
      <dst id="5">7828.9956</dst>
      <dst id="3">22.4356</dst>
      <dst id="7">2769.9733</dst>
      <dst id="2">3248.6578</dst>
      <dst id="6">10.5422</dst>
      <dst id="16">50.2578</dst>
      <dst id="14">282.4800</dst>
      <dst id="11">686.5422</dst>
      <dst id="9">14126.4889</dst>
      <dst id="17">9817.9111</dst>
      <dst id="21">1046.0978</dst>
    </src>
    <src id="14">
      <dst id="12">17147.0756</dst>
      <dst id="13">54.0978</dst>
      <dst id="19">2.9867</dst>
      <dst id="8">0.3556</dst>
      <dst id="18">0.6400</dst>
      <dst id="4">2071.5733</dst>
      <dst id="1">72.3467</dst>
      <dst id="5">0.5600</dst>
      <dst id="3">81.7422</dst>
      <dst id="22">38.6933</dst>
      <dst id="7">53.8222</dst>
      <dst id="2">4622.4444</dst>
      <dst id="6">5.8222</dst>
      <dst id="16">48.5333</dst>
      <dst id="20">2.3467</dst>
      <dst id="11">91.4311</dst>
      <dst id="9">93.3333</dst>
      <dst id="17">8670.0800</dst>
      <dst id="21">77.9378</dst>
      <dst id="15">1.3333</dst>
    </src>
    <src id="20">
      <dst id="12">12213.4311</dst>
      <dst id="13">9856.6489</dst>
      <dst id="19">383.2978</dst>
      <dst id="23">46.5067</dst>
      <dst id="8">1176.6044</dst>
      <dst id="18">62.3733</dst>
      <dst id="4">7197.5378</dst>
      <dst id="1">2258.7289</dst>
      <dst id="5">3223.3156</dst>
      <dst id="3">7927.8133</dst>
      <dst id="7">310.1511</dst>
      <dst id="2">22712.2311</dst>
      <dst id="6">14.1689</dst>
      <dst id="14">86.3111</dst>
      <dst id="11">5958.4356</dst>
      <dst id="9">24268.7289</dst>
      <dst id="17">4744.0711</dst>
      <dst id="21">11720.4889</dst>
    </src>
    <src id="11">
      <dst id="12">411442.9600</dst>
      <dst id="13">9180.4444</dst>
      <dst id="19">447.7778</dst>
      <dst id="23">68.4889</dst>
      <dst id="8">6885.2267</dst>
      <dst id="18">832.1956</dst>
      <dst id="4">11835.5556</dst>
      <dst id="1">459.8311</dst>
      <dst id="5">2147.2356</dst>
      <dst id="3">3229.3511</dst>
      <dst id="22">2992.9867</dst>
      <dst id="7">386.0267</dst>
      <dst id="2">182040.9689</dst>
      <dst id="6">4.8444</dst>
      <dst id="16">534.5689</dst>
      <dst id="14">126.5156</dst>
      <dst id="20">2177.4578</dst>
      <dst id="11">5020.0267</dst>
      <dst id="9">2588.6133</dst>
      <dst id="17">152338.7200</dst>
      <dst id="21">2292.7378</dst>
      <dst id="15">2633.2622</dst>
    </src>
    <src id="9">
      <dst id="12">504121.5644</dst>
      <dst id="13">12848.4267</dst>
      <dst id="19">760.8089</dst>
      <dst id="23">2529.3600</dst>
      <dst id="8">3189.5022</dst>
      <dst id="18">599.4133</dst>
      <dst id="4">9523.0933</dst>
      <dst id="1">2938.0178</dst>
      <dst id="5">4810.0444</dst>
      <dst id="3">227.3600</dst>
      <dst id="22">4117.1022</dst>
      <dst id="7">1449.9822</dst>
      <dst id="2">175369.1822</dst>
      <dst id="6">19.6533</dst>
      <dst id="16">1808.9156</dst>
      <dst id="14">4.7289</dst>
      <dst id="20">10035.6800</dst>
      <dst id="11">2281.8489</dst>
      <dst id="9">2212.5156</dst>
      <dst id="17">197864.1422</dst>
      <dst id="21">2005.4578</dst>
      <dst id="15">9732.7022</dst>
    </src>
    <src id="17">
      <dst id="12">22773.4044</dst>
      <dst id="13">9028.5511</dst>
      <dst id="19">1031.3956</dst>
      <dst id="23">1859.6000</dst>
      <dst id="8">266812.3822</dst>
      <dst id="18">1493.3689</dst>
      <dst id="4">62808.3200</dst>
      <dst id="1">7140.6133</dst>
      <dst id="5">242419.9289</dst>
      <dst id="3">25529.7511</dst>
      <dst id="22">13800.0356</dst>
      <dst id="7">13393.4133</dst>
      <dst id="2">40415.0756</dst>
      <dst id="6">91.0844</dst>
      <dst id="16">5767.3867</dst>
      <dst id="14">36743.7156</dst>
      <dst id="20">5307.3067</dst>
      <dst id="11">220015.9378</dst>
      <dst id="9">330989.3333</dst>
      <dst id="17">1086.6400</dst>
      <dst id="21">10834.7111</dst>
      <dst id="15">256.5067</dst>
    </src>
    <src id="21">
      <dst id="12">22493.8489</dst>
      <dst id="13">4372.2133</dst>
      <dst id="19">473.7422</dst>
      <dst id="23">174.9067</dst>
      <dst id="8">651.2978</dst>
      <dst id="18">5107.1200</dst>
      <dst id="4">19739.4933</dst>
      <dst id="1">7729.1911</dst>
      <dst id="5">619.2889</dst>
      <dst id="3">2897.1111</dst>
      <dst id="22">1504.4800</dst>
      <dst id="7">1900.0978</dst>
      <dst id="2">11335.4844</dst>
      <dst id="6">32.0711</dst>
      <dst id="16">586.9156</dst>
      <dst id="14">84.4356</dst>
      <dst id="20">404.8444</dst>
      <dst id="11">7580.1244</dst>
      <dst id="9">6032.3644</dst>
      <dst id="17">6451.9822</dst>
      <dst id="21">5176.5867</dst>
      <dst id="15">3213.9378</dst>
    </src>
    <src id="15">
      <dst id="12">6475.4311</dst>
      <dst id="13">5042.7111</dst>
      <dst id="19">2154.3289</dst>
      <dst id="23">3.1289</dst>
      <dst id="8">4368.1333</dst>
      <dst id="18">463.0044</dst>
      <dst id="4">2386.7556</dst>
      <dst id="1">1239.6800</dst>
      <dst id="5">243.2889</dst>
      <dst id="3">25.5022</dst>
      <dst id="7">206.6311</dst>
      <dst id="2">468.0267</dst>
      <dst id="6">0.4267</dst>
      <dst id="16">1.9733</dst>
      <dst id="14">1.2800</dst>
      <dst id="11">405.0667</dst>
      <dst id="9">9660.8533</dst>
      <dst id="17">219.2178</dst>
      <dst id="21">2286.7467</dst>
    </src>
  </IntraTM>
</TrafficMatrixFile>
