<?xml version="1.0" encoding="UTF-8" standalone="yes"?>
<TrafficMatrixFile xmlns:xsi="http://www.w3.org/2001/XMLSchema-instance" xsi:noNamespaceSchemaLocation="http://totem.run.montefiore.ulg.ac.be/Schema/TrafficMatrix-v1_2.xsd">
  <info>
    <title>Intradomain traffic matrix generated by geant-TM-all.pl</title>
    <date>2005-01-03T14:00:00</date>
    <duration>900</duration>
    <author>Steve Uhlig</author>
    <units>
        <unit type="bandwidth" value="kbps"/>
    </units>
  </info>
  <IntraTM ASID="20965">
    <src id="12">
      <dst id="12">172766.9422</dst>
      <dst id="13">13570.4444</dst>
      <dst id="19">3286.6044</dst>
      <dst id="23">3.9822</dst>
      <dst id="8">778.6222</dst>
      <dst id="18">3775.4311</dst>
      <dst id="4">69694.0978</dst>
      <dst id="1">6251.6267</dst>
      <dst id="5">1217.4933</dst>
      <dst id="3">4331.0489</dst>
      <dst id="22">10915.3689</dst>
      <dst id="7">6863.5022</dst>
      <dst id="2">57213.3156</dst>
      <dst id="6">2.6133</dst>
      <dst id="16">5540.6044</dst>
      <dst id="14">444.6756</dst>
      <dst id="20">6349.7689</dst>
      <dst id="11">5396.1600</dst>
      <dst id="9">2786.4178</dst>
      <dst id="17">57357.7600</dst>
      <dst id="21">6072.7200</dst>
      <dst id="15">133.0222</dst>
    </src>
    <src id="13">
      <dst id="12">37094.9244</dst>
      <dst id="19">28896.6578</dst>
      <dst id="23">15.2711</dst>
      <dst id="8">4491.5644</dst>
      <dst id="18">1193.3067</dst>
      <dst id="4">0.3556</dst>
      <dst id="1">1319.5822</dst>
      <dst id="5">3159.4400</dst>
      <dst id="3">6839.6178</dst>
      <dst id="22">14610.0889</dst>
      <dst id="7">9288.9689</dst>
      <dst id="2">63540.9689</dst>
      <dst id="6">59.0578</dst>
      <dst id="16">5522.0444</dst>
      <dst id="14">1568.1956</dst>
      <dst id="20">4584.1956</dst>
      <dst id="11">5924.2133</dst>
      <dst id="9">8185.6356</dst>
      <dst id="17">27046.5956</dst>
      <dst id="21">7916.3022</dst>
      <dst id="15">4352.7644</dst>
    </src>
    <src id="19">
      <dst id="12">14525.7778</dst>
      <dst id="13">94.0800</dst>
      <dst id="23">0.9244</dst>
      <dst id="18">63.0133</dst>
      <dst id="4">20735.5200</dst>
      <dst id="1">701.9911</dst>
      <dst id="3">0.8889</dst>
      <dst id="22">31.5378</dst>
      <dst id="7">2892.5244</dst>
      <dst id="2">12.4089</dst>
      <dst id="6">66.8000</dst>
      <dst id="16">8248.9867</dst>
      <dst id="14">1.7067</dst>
      <dst id="20">4.0089</dst>
      <dst id="11">15.0578</dst>
      <dst id="9">1497.9556</dst>
      <dst id="17">88.0622</dst>
      <dst id="21">97.3067</dst>
    </src>
    <src id="23">
      <dst id="12">81.3956</dst>
      <dst id="13">16.7822</dst>
      <dst id="19">0.4711</dst>
      <dst id="18">25.9556</dst>
      <dst id="4">45.9733</dst>
      <dst id="1">46.1244</dst>
      <dst id="5">88.9067</dst>
      <dst id="3">228.8711</dst>
      <dst id="22">183.9822</dst>
      <dst id="7">1.7244</dst>
      <dst id="2">17.0311</dst>
      <dst id="16">8.7378</dst>
      <dst id="14">1.7067</dst>
      <dst id="11">25.2444</dst>
      <dst id="9">440.1600</dst>
      <dst id="17">120.9244</dst>
      <dst id="21">36.7733</dst>
    </src>
    <src id="8">
      <dst id="12">271027.2622</dst>
      <dst id="13">268.7911</dst>
      <dst id="18">22.2044</dst>
      <dst id="4">5517.2089</dst>
      <dst id="1">29.4756</dst>
      <dst id="5">536.7644</dst>
      <dst id="3">0.3556</dst>
      <dst id="22">451.7689</dst>
      <dst id="7">97.0844</dst>
      <dst id="2">94945.6533</dst>
      <dst id="6">12.8000</dst>
      <dst id="16">244.7378</dst>
      <dst id="20">135.9200</dst>
      <dst id="11">334.9244</dst>
      <dst id="9">433.8933</dst>
      <dst id="17">90684.7556</dst>
      <dst id="21">378.3200</dst>
      <dst id="15">1.1733</dst>
    </src>
    <src id="18">
      <dst id="12">97468.3733</dst>
      <dst id="13">166.7022</dst>
      <dst id="19">1.3867</dst>
      <dst id="23">0.8000</dst>
      <dst id="8">25.6800</dst>
      <dst id="4">1390.7289</dst>
      <dst id="1">504.5956</dst>
      <dst id="5">168.5244</dst>
      <dst id="3">216.4267</dst>
      <dst id="22">203.2267</dst>
      <dst id="7">47.3244</dst>
      <dst id="2">25035.0222</dst>
      <dst id="16">11.7333</dst>
      <dst id="20">219.9111</dst>
      <dst id="11">243.2356</dst>
      <dst id="9">173.2178</dst>
      <dst id="17">33966.2400</dst>
      <dst id="21">190.8622</dst>
    </src>
    <src id="4">
      <dst id="12">9780.2044</dst>
      <dst id="19">14587.4222</dst>
      <dst id="23">13.4044</dst>
      <dst id="8">2412.8800</dst>
      <dst id="18">1034.7733</dst>
      <dst id="4">1.7778</dst>
      <dst id="1">80095.9111</dst>
      <dst id="5">1606.8089</dst>
      <dst id="3">117.8667</dst>
      <dst id="22">1998.4178</dst>
      <dst id="7">117694.6667</dst>
      <dst id="2">33442.8800</dst>
      <dst id="6">13.8756</dst>
      <dst id="16">337.2622</dst>
      <dst id="14">1158.1778</dst>
      <dst id="20">393.8489</dst>
      <dst id="11">1353.2622</dst>
      <dst id="9">3101.1644</dst>
      <dst id="17">95577.6267</dst>
      <dst id="21">4278.8533</dst>
      <dst id="15">371.0400</dst>
    </src>
    <src id="1">
      <dst id="12">17866.3644</dst>
      <dst id="13">334.8711</dst>
      <dst id="19">7.1644</dst>
      <dst id="23">56.8178</dst>
      <dst id="8">67084.2489</dst>
      <dst id="18">13756.3733</dst>
      <dst id="4">2122.4356</dst>
      <dst id="1">17775.2089</dst>
      <dst id="5">118340.5156</dst>
      <dst id="3">74.5422</dst>
      <dst id="22">3109.4578</dst>
      <dst id="7">1027.8756</dst>
      <dst id="2">6092.4444</dst>
      <dst id="6">5286.2933</dst>
      <dst id="16">13148.9511</dst>
      <dst id="14">39.7956</dst>
      <dst id="20">92.1867</dst>
      <dst id="11">266.8800</dst>
      <dst id="9">117659.6533</dst>
      <dst id="17">1565.9289</dst>
      <dst id="21">2448.8178</dst>
      <dst id="15">211.3600</dst>
    </src>
    <src id="5">
      <dst id="12">227811.7689</dst>
      <dst id="13">802.0089</dst>
      <dst id="19">0.7467</dst>
      <dst id="23">0.5244</dst>
      <dst id="8">798.8178</dst>
      <dst id="18">991.4222</dst>
      <dst id="4">5717.4578</dst>
      <dst id="1">431.4933</dst>
      <dst id="3">14.2756</dst>
      <dst id="22">2913.4933</dst>
      <dst id="7">87.6000</dst>
      <dst id="2">70160.5333</dst>
      <dst id="16">267.5556</dst>
      <dst id="14">14.1600</dst>
      <dst id="20">160.8711</dst>
      <dst id="11">728.7644</dst>
      <dst id="9">485.5644</dst>
      <dst id="17">80722.6222</dst>
      <dst id="21">232.4000</dst>
      <dst id="15">581.6889</dst>
    </src>
    <src id="3">
      <dst id="12">9239.6533</dst>
      <dst id="13">1647.5644</dst>
      <dst id="19">862.4889</dst>
      <dst id="23">9841.9378</dst>
      <dst id="8">213.8489</dst>
      <dst id="18">50775.3689</dst>
      <dst id="4">16701.4933</dst>
      <dst id="1">12717.1111</dst>
      <dst id="5">261.7511</dst>
      <dst id="3">6526.8000</dst>
      <dst id="22">684.6844</dst>
      <dst id="7">265.7067</dst>
      <dst id="2">3738.7200</dst>
      <dst id="16">488.7378</dst>
      <dst id="14">14807.2356</dst>
      <dst id="20">57.2267</dst>
      <dst id="11">97801.2267</dst>
      <dst id="9">119.1022</dst>
      <dst id="17">6063.5822</dst>
      <dst id="21">8432.2756</dst>
      <dst id="15">67.4044</dst>
    </src>
    <src id="10">
      <dst id="12">13776.0889</dst>
      <dst id="19">1703.5022</dst>
      <dst id="8">701.1733</dst>
      <dst id="18">3860.6311</dst>
      <dst id="1">2574.9511</dst>
      <dst id="5">454.0000</dst>
      <dst id="3">10604.2222</dst>
      <dst id="22">5431.9289</dst>
      <dst id="7">46766.7022</dst>
      <dst id="2">14284.8444</dst>
      <dst id="6">0.7111</dst>
      <dst id="16">561.4578</dst>
      <dst id="14">421.9022</dst>
      <dst id="20">1002.1511</dst>
      <dst id="11">11050.2667</dst>
      <dst id="9">821.3333</dst>
      <dst id="17">35609.5467</dst>
      <dst id="21">14764.7556</dst>
      <dst id="15">206.1333</dst>
    </src>
    <src id="22">
      <dst id="12">4331.5200</dst>
      <dst id="13">1493.9556</dst>
      <dst id="19">2.8089</dst>
      <dst id="23">526.9956</dst>
      <dst id="8">4405.8400</dst>
      <dst id="18">230.3822</dst>
      <dst id="4">21141.7600</dst>
      <dst id="1">461.1556</dst>
      <dst id="5">2222.2222</dst>
      <dst id="3">559.6178</dst>
      <dst id="7">808.0533</dst>
      <dst id="2">2140.1600</dst>
      <dst id="6">1.4222</dst>
      <dst id="16">5.9556</dst>
      <dst id="14">35.1289</dst>
      <dst id="11">843.3867</dst>
      <dst id="9">7638.2578</dst>
      <dst id="17">1397.8133</dst>
      <dst id="21">1578.0533</dst>
    </src>
    <src id="7">
      <dst id="12">6495.0044</dst>
      <dst id="13">2683.1911</dst>
      <dst id="19">51.6711</dst>
      <dst id="23">34.2667</dst>
      <dst id="8">368.1689</dst>
      <dst id="18">306.0089</dst>
      <dst id="4">14648.7022</dst>
      <dst id="1">941.3244</dst>
      <dst id="5">717.1822</dst>
      <dst id="3">180.7378</dst>
      <dst id="22">3804.8800</dst>
      <dst id="7">757.8311</dst>
      <dst id="2">2831.4933</dst>
      <dst id="6">23.0044</dst>
      <dst id="16">183.5289</dst>
      <dst id="14">40.4356</dst>
      <dst id="20">32.2667</dst>
      <dst id="11">550.4622</dst>
      <dst id="9">201.5467</dst>
      <dst id="17">11724.3467</dst>
      <dst id="21">592.8000</dst>
      <dst id="15">130.0356</dst>
    </src>
    <src id="2">
      <dst id="12">47058.0622</dst>
      <dst id="13">507381.7067</dst>
      <dst id="19">110.8889</dst>
      <dst id="8">217.0933</dst>
      <dst id="18">42475.5022</dst>
      <dst id="4">68029.3244</dst>
      <dst id="1">9246.2133</dst>
      <dst id="5">1181.3867</dst>
      <dst id="3">68.5511</dst>
      <dst id="22">789.2622</dst>
      <dst id="7">4607.4489</dst>
      <dst id="2">395.3867</dst>
      <dst id="6">6569.6978</dst>
      <dst id="16">7634.1956</dst>
      <dst id="14">5435.2000</dst>
      <dst id="20">496.9600</dst>
      <dst id="11">708.4533</dst>
      <dst id="9">569.6267</dst>
      <dst id="17">35774.8533</dst>
      <dst id="21">3981.6711</dst>
      <dst id="15">7.9111</dst>
    </src>
    <src id="6">
      <dst id="12">7368.5956</dst>
      <dst id="13">3.7156</dst>
      <dst id="19">3.8578</dst>
      <dst id="8">0.3556</dst>
      <dst id="4">1007.4489</dst>
      <dst id="1">0.3378</dst>
      <dst id="5">0.9778</dst>
      <dst id="22">77.1200</dst>
      <dst id="7">1.7244</dst>
      <dst id="2">2453.6356</dst>
      <dst id="14">0.6489</dst>
      <dst id="11">13.1556</dst>
      <dst id="9">0.3378</dst>
      <dst id="17">1244.7022</dst>
      <dst id="21">1.2711</dst>
    </src>
    <src id="16">
      <dst id="12">2421.8133</dst>
      <dst id="13">88.9867</dst>
      <dst id="19">3914.9511</dst>
      <dst id="23">45.2711</dst>
      <dst id="8">1775.1022</dst>
      <dst id="18">3.7156</dst>
      <dst id="4">6059.5378</dst>
      <dst id="1">19269.4933</dst>
      <dst id="5">742.1956</dst>
      <dst id="3">53.6889</dst>
      <dst id="7">2255.4489</dst>
      <dst id="2">667.6089</dst>
      <dst id="6">13.4933</dst>
      <dst id="16">16.2578</dst>
      <dst id="14">1.4044</dst>
      <dst id="11">133.0756</dst>
      <dst id="9">3447.6711</dst>
      <dst id="17">2965.5200</dst>
      <dst id="21">3006.4444</dst>
    </src>
    <src id="14">
      <dst id="12">13237.4578</dst>
      <dst id="13">22.7467</dst>
      <dst id="19">6.6667</dst>
      <dst id="4">1364.9244</dst>
      <dst id="1">34.4889</dst>
      <dst id="5">0.7111</dst>
      <dst id="3">56.6400</dst>
      <dst id="22">1.6267</dst>
      <dst id="7">74.8711</dst>
      <dst id="2">2884.4711</dst>
      <dst id="20">0.3556</dst>
      <dst id="11">28.4267</dst>
      <dst id="17">5023.7156</dst>
      <dst id="21">54.5244</dst>
    </src>
    <src id="20">
      <dst id="12">687.8933</dst>
      <dst id="13">5379.1733</dst>
      <dst id="19">3.2533</dst>
      <dst id="8">115.8133</dst>
      <dst id="18">57.1022</dst>
      <dst id="4">19663.3778</dst>
      <dst id="1">78.4533</dst>
      <dst id="5">827.4222</dst>
      <dst id="3">53.8933</dst>
      <dst id="7">37.1378</dst>
      <dst id="2">1439.7511</dst>
      <dst id="16">0.4089</dst>
      <dst id="14">12.6222</dst>
      <dst id="11">73.4667</dst>
      <dst id="9">830.5511</dst>
      <dst id="17">126.7733</dst>
      <dst id="21">118.7556</dst>
    </src>
    <src id="11">
      <dst id="12">365181.5822</dst>
      <dst id="13">1828.0889</dst>
      <dst id="19">4.2400</dst>
      <dst id="23">0.8000</dst>
      <dst id="8">303.5556</dst>
      <dst id="18">286.1156</dst>
      <dst id="4">6743.4489</dst>
      <dst id="1">343.4400</dst>
      <dst id="5">448.1867</dst>
      <dst id="3">337.3244</dst>
      <dst id="22">2007.4933</dst>
      <dst id="7">148.0089</dst>
      <dst id="2">109424.2489</dst>
      <dst id="6">0.5244</dst>
      <dst id="16">57.5822</dst>
      <dst id="14">139.6444</dst>
      <dst id="20">96.5600</dst>
      <dst id="11">607.5111</dst>
      <dst id="9">3565.7689</dst>
      <dst id="17">130668.4267</dst>
      <dst id="21">503.8578</dst>
      <dst id="15">88.4444</dst>
    </src>
    <src id="9">
      <dst id="12">353968.1689</dst>
      <dst id="13">2005.4667</dst>
      <dst id="19">167.6000</dst>
      <dst id="23">15.2178</dst>
      <dst id="8">252.0622</dst>
      <dst id="18">164.3022</dst>
      <dst id="4">15975.6000</dst>
      <dst id="1">956.7822</dst>
      <dst id="5">9804.7911</dst>
      <dst id="3">0.3556</dst>
      <dst id="22">2259.2978</dst>
      <dst id="7">61.0133</dst>
      <dst id="2">119903.8578</dst>
      <dst id="6">2.0711</dst>
      <dst id="16">868.3556</dst>
      <dst id="14">1.2356</dst>
      <dst id="20">28936.0267</dst>
      <dst id="11">465.8578</dst>
      <dst id="9">16.4089</dst>
      <dst id="17">162744.7556</dst>
      <dst id="21">274.8622</dst>
      <dst id="15">568.5867</dst>
    </src>
    <src id="17">
      <dst id="12">3500.5244</dst>
      <dst id="13">40580.4533</dst>
      <dst id="19">166.4622</dst>
      <dst id="23">5.6800</dst>
      <dst id="8">88395.8489</dst>
      <dst id="18">2641.0400</dst>
      <dst id="4">48909.9289</dst>
      <dst id="1">2278.6756</dst>
      <dst id="5">114829.8933</dst>
      <dst id="3">2737.4667</dst>
      <dst id="22">3059.0133</dst>
      <dst id="7">8635.0844</dst>
      <dst id="2">18393.8578</dst>
      <dst id="6">1.9111</dst>
      <dst id="16">7657.7422</dst>
      <dst id="14">9123.5556</dst>
      <dst id="20">289.9733</dst>
      <dst id="11">72974.5156</dst>
      <dst id="9">92198.4711</dst>
      <dst id="17">1274.5956</dst>
      <dst id="21">4654.3022</dst>
      <dst id="15">110.7644</dst>
    </src>
    <src id="21">
      <dst id="12">18110.4978</dst>
      <dst id="13">290.1778</dst>
      <dst id="19">65.3689</dst>
      <dst id="23">4.0444</dst>
      <dst id="8">38.9689</dst>
      <dst id="18">1549.4578</dst>
      <dst id="4">14894.7644</dst>
      <dst id="1">15427.5467</dst>
      <dst id="5">464.5956</dst>
      <dst id="3">2260.2222</dst>
      <dst id="22">852.8267</dst>
      <dst id="7">4244.0444</dst>
      <dst id="2">5927.7244</dst>
      <dst id="6">0.4444</dst>
      <dst id="16">117.8933</dst>
      <dst id="14">61.3867</dst>
      <dst id="20">142.4178</dst>
      <dst id="11">656.8356</dst>
      <dst id="9">246.4800</dst>
      <dst id="17">2861.5111</dst>
      <dst id="21">906.2311</dst>
      <dst id="15">17.3511</dst>
    </src>
    <src id="15">
      <dst id="12">115.8400</dst>
      <dst id="13">248.9778</dst>
      <dst id="8">21.5467</dst>
      <dst id="18">2.4267</dst>
      <dst id="4">3159.2356</dst>
      <dst id="1">577.0844</dst>
      <dst id="5">132.3822</dst>
      <dst id="3">11.8044</dst>
      <dst id="7">135.0044</dst>
      <dst id="2">231.4489</dst>
      <dst id="14">0.4622</dst>
      <dst id="11">120.7200</dst>
      <dst id="9">200.7822</dst>
      <dst id="17">3180.3022</dst>
      <dst id="21">83.8400</dst>
    </src>
  </IntraTM>
</TrafficMatrixFile>
