<?xml version="1.0" encoding="UTF-8" standalone="yes"?>
<TrafficMatrixFile xmlns:xsi="http://www.w3.org/2001/XMLSchema-instance" xsi:noNamespaceSchemaLocation="http://totem.run.montefiore.ulg.ac.be/Schema/TrafficMatrix-v1_2.xsd">
  <info>
    <title>Intradomain traffic matrix generated by geant-TM-all.pl</title>
    <date>2005-01-05T06:45:00</date>
    <duration>900</duration>
    <author>Steve Uhlig</author>
    <units>
        <unit type="bandwidth" value="kbps"/>
    </units>
  </info>
  <IntraTM ASID="20965">
    <src id="12">
      <dst id="12">257256.8444</dst>
      <dst id="13">28250.6044</dst>
      <dst id="19">3694.1778</dst>
      <dst id="23">111.3333</dst>
      <dst id="8">8261.6978</dst>
      <dst id="18">622.6578</dst>
      <dst id="4">96348.0533</dst>
      <dst id="1">19281.2622</dst>
      <dst id="5">118217.5644</dst>
      <dst id="3">5154.4178</dst>
      <dst id="22">7954.4000</dst>
      <dst id="7">9113.0756</dst>
      <dst id="2">85823.9733</dst>
      <dst id="6">0.3378</dst>
      <dst id="16">5527.8133</dst>
      <dst id="14">544.3378</dst>
      <dst id="20">8623.8578</dst>
      <dst id="11">2668.3200</dst>
      <dst id="9">8733.9644</dst>
      <dst id="17">106710.2222</dst>
      <dst id="21">1140.9511</dst>
      <dst id="15">1264.3378</dst>
    </src>
    <src id="13">
      <dst id="12">52994.8178</dst>
      <dst id="19">21160.5689</dst>
      <dst id="23">175.0489</dst>
      <dst id="8">4602.1956</dst>
      <dst id="18">3963.4667</dst>
      <dst id="4">0.7111</dst>
      <dst id="1">3736.9956</dst>
      <dst id="5">5349.6978</dst>
      <dst id="3">6188.2311</dst>
      <dst id="22">24535.0489</dst>
      <dst id="7">14704.6222</dst>
      <dst id="2">117990.4444</dst>
      <dst id="6">88.7556</dst>
      <dst id="16">9753.4400</dst>
      <dst id="14">2558.0356</dst>
      <dst id="20">12720.3644</dst>
      <dst id="11">13712.2844</dst>
      <dst id="9">26229.8844</dst>
      <dst id="17">55612.3556</dst>
      <dst id="21">7139.1022</dst>
      <dst id="15">9243.5022</dst>
    </src>
    <src id="19">
      <dst id="12">14892.9422</dst>
      <dst id="13">9211.0933</dst>
      <dst id="23">10.0889</dst>
      <dst id="8">1.0933</dst>
      <dst id="18">2273.7333</dst>
      <dst id="4">18719.1289</dst>
      <dst id="1">614.2489</dst>
      <dst id="5">89.3067</dst>
      <dst id="3">14.4711</dst>
      <dst id="22">373.2000</dst>
      <dst id="7">3244.4800</dst>
      <dst id="2">394.1778</dst>
      <dst id="6">29.8578</dst>
      <dst id="16">6801.7244</dst>
      <dst id="14">0.4622</dst>
      <dst id="20">16.9067</dst>
      <dst id="11">360.0356</dst>
      <dst id="9">194.0356</dst>
      <dst id="17">567.7156</dst>
      <dst id="21">110.4800</dst>
      <dst id="15">127.5378</dst>
    </src>
    <src id="23">
      <dst id="12">448.2133</dst>
      <dst id="13">790.4089</dst>
      <dst id="19">13.7956</dst>
      <dst id="8">26.6667</dst>
      <dst id="18">0.3556</dst>
      <dst id="4">33.8756</dst>
      <dst id="1">18.3733</dst>
      <dst id="3">214.3289</dst>
      <dst id="22">290.6222</dst>
      <dst id="7">42.6844</dst>
      <dst id="2">4.8000</dst>
      <dst id="16">15.0489</dst>
      <dst id="14">17.4222</dst>
      <dst id="20">66.6667</dst>
      <dst id="11">1414.4711</dst>
      <dst id="9">2452.3022</dst>
      <dst id="17">169.4400</dst>
      <dst id="21">227.7511</dst>
      <dst id="15">41.6533</dst>
    </src>
    <src id="8">
      <dst id="12">330829.4933</dst>
      <dst id="13">983.1289</dst>
      <dst id="19">2.5067</dst>
      <dst id="23">0.3556</dst>
      <dst id="18">22.6844</dst>
      <dst id="4">9550.4178</dst>
      <dst id="1">1462.6844</dst>
      <dst id="5">9203.4844</dst>
      <dst id="22">3752.7911</dst>
      <dst id="7">3.4489</dst>
      <dst id="2">132967.9822</dst>
      <dst id="6">1.0133</dst>
      <dst id="16">670.4711</dst>
      <dst id="14">0.3556</dst>
      <dst id="20">239.0400</dst>
      <dst id="11">288.3378</dst>
      <dst id="9">181.9467</dst>
      <dst id="17">135578.9156</dst>
      <dst id="21">317.9733</dst>
      <dst id="15">736.8178</dst>
    </src>
    <src id="18">
      <dst id="12">99390.8800</dst>
      <dst id="13">788.9867</dst>
      <dst id="19">61.7867</dst>
      <dst id="23">2.1956</dst>
      <dst id="8">135.3956</dst>
      <dst id="4">1084.6489</dst>
      <dst id="1">1705.6267</dst>
      <dst id="5">376.4711</dst>
      <dst id="3">18.9600</dst>
      <dst id="22">156.1867</dst>
      <dst id="7">16.9244</dst>
      <dst id="2">31663.8489</dst>
      <dst id="16">38.6756</dst>
      <dst id="14">13.7956</dst>
      <dst id="20">1322.1422</dst>
      <dst id="11">234.6489</dst>
      <dst id="9">8.0356</dst>
      <dst id="17">36161.4222</dst>
      <dst id="21">219.2444</dst>
      <dst id="15">2.6844</dst>
    </src>
    <src id="4">
      <dst id="12">16386.5867</dst>
      <dst id="19">14979.1200</dst>
      <dst id="8">1540.6044</dst>
      <dst id="18">158.4000</dst>
      <dst id="1">44528.0267</dst>
      <dst id="5">2433.5556</dst>
      <dst id="3">118.6311</dst>
      <dst id="22">4662.9511</dst>
      <dst id="7">29956.4356</dst>
      <dst id="2">76155.3156</dst>
      <dst id="6">15.3600</dst>
      <dst id="16">1880.6933</dst>
      <dst id="14">1169.8667</dst>
      <dst id="20">3387.3067</dst>
      <dst id="11">2340.2667</dst>
      <dst id="9">3495.1378</dst>
      <dst id="17">19482.7911</dst>
      <dst id="21">5407.0133</dst>
      <dst id="15">462.7733</dst>
    </src>
    <src id="1">
      <dst id="12">17282.1156</dst>
      <dst id="13">358.8178</dst>
      <dst id="19">67.8578</dst>
      <dst id="23">23.7600</dst>
      <dst id="8">116602.4800</dst>
      <dst id="18">12891.9200</dst>
      <dst id="4">10995.1556</dst>
      <dst id="1">6140.4267</dst>
      <dst id="5">237323.4400</dst>
      <dst id="3">165.8222</dst>
      <dst id="22">1578.3822</dst>
      <dst id="7">1192.7378</dst>
      <dst id="2">21849.4222</dst>
      <dst id="6">8034.5511</dst>
      <dst id="16">11019.8844</dst>
      <dst id="14">826.5867</dst>
      <dst id="20">3040.8622</dst>
      <dst id="11">1576.8089</dst>
      <dst id="9">218098.9422</dst>
      <dst id="17">6844.3644</dst>
      <dst id="21">5083.5200</dst>
      <dst id="15">449.7067</dst>
    </src>
    <src id="5">
      <dst id="12">308405.1022</dst>
      <dst id="13">2450.5333</dst>
      <dst id="19">4567.9467</dst>
      <dst id="8">705.6089</dst>
      <dst id="18">406.8178</dst>
      <dst id="4">5532.4978</dst>
      <dst id="1">498.7822</dst>
      <dst id="3">89.5556</dst>
      <dst id="22">3597.5111</dst>
      <dst id="7">1489.0578</dst>
      <dst id="2">137386.8711</dst>
      <dst id="6">4.4978</dst>
      <dst id="16">561.6267</dst>
      <dst id="14">10.8444</dst>
      <dst id="20">1796.9600</dst>
      <dst id="11">717.6178</dst>
      <dst id="9">5332.6578</dst>
      <dst id="17">107062.8889</dst>
      <dst id="21">272.6756</dst>
      <dst id="15">764.1422</dst>
    </src>
    <src id="3">
      <dst id="12">10657.2000</dst>
      <dst id="13">6146.9867</dst>
      <dst id="19">812.4533</dst>
      <dst id="23">10427.3511</dst>
      <dst id="8">39.8133</dst>
      <dst id="18">53571.6356</dst>
      <dst id="4">28372.2222</dst>
      <dst id="1">4989.6978</dst>
      <dst id="5">283.6622</dst>
      <dst id="3">7766.8000</dst>
      <dst id="22">2809.9733</dst>
      <dst id="7">5394.6844</dst>
      <dst id="2">16921.5556</dst>
      <dst id="6">13.9022</dst>
      <dst id="16">871.8578</dst>
      <dst id="14">35783.8222</dst>
      <dst id="20">1512.8267</dst>
      <dst id="11">129469.3956</dst>
      <dst id="9">687.1022</dst>
      <dst id="17">17286.5244</dst>
      <dst id="21">13410.7822</dst>
      <dst id="15">3212.8889</dst>
    </src>
    <src id="10">
      <dst id="12">12542.4267</dst>
      <dst id="19">1907.2089</dst>
      <dst id="8">894.3289</dst>
      <dst id="18">440.5333</dst>
      <dst id="1">2427.9200</dst>
      <dst id="5">1765.0133</dst>
      <dst id="3">933.6356</dst>
      <dst id="22">5136.6844</dst>
      <dst id="7">6182.5867</dst>
      <dst id="2">22509.8044</dst>
      <dst id="6">2.0267</dst>
      <dst id="16">2614.9156</dst>
      <dst id="14">7270.3200</dst>
      <dst id="20">1138.3022</dst>
      <dst id="11">4404.6311</dst>
      <dst id="9">5018.1333</dst>
      <dst id="17">25972.0711</dst>
      <dst id="21">3653.2800</dst>
      <dst id="15">166.4178</dst>
    </src>
    <src id="22">
      <dst id="12">17056.6044</dst>
      <dst id="13">3009.0222</dst>
      <dst id="19">339.4311</dst>
      <dst id="23">522.5778</dst>
      <dst id="8">688.6222</dst>
      <dst id="18">187.8667</dst>
      <dst id="4">17915.0667</dst>
      <dst id="1">1228.7378</dst>
      <dst id="5">2543.7600</dst>
      <dst id="3">2770.8000</dst>
      <dst id="7">2467.9111</dst>
      <dst id="2">7132.7200</dst>
      <dst id="6">17.4400</dst>
      <dst id="16">0.9244</dst>
      <dst id="14">73.6356</dst>
      <dst id="11">3565.5644</dst>
      <dst id="9">4792.2133</dst>
      <dst id="17">6124.6400</dst>
      <dst id="21">590.9422</dst>
    </src>
    <src id="7">
      <dst id="12">3406.4267</dst>
      <dst id="13">321.8489</dst>
      <dst id="19">1551.2444</dst>
      <dst id="23">18.7644</dst>
      <dst id="8">101.8400</dst>
      <dst id="18">216.9244</dst>
      <dst id="4">31190.3111</dst>
      <dst id="1">2928.0444</dst>
      <dst id="5">1519.0933</dst>
      <dst id="3">132.6400</dst>
      <dst id="22">4419.0844</dst>
      <dst id="7">779.5200</dst>
      <dst id="2">7648.0356</dst>
      <dst id="6">13.4044</dst>
      <dst id="16">683.9733</dst>
      <dst id="14">274.2578</dst>
      <dst id="20">165.1111</dst>
      <dst id="11">866.6133</dst>
      <dst id="9">803.3244</dst>
      <dst id="17">7893.9822</dst>
      <dst id="21">651.9911</dst>
      <dst id="15">282.9067</dst>
    </src>
    <src id="2">
      <dst id="12">79809.0667</dst>
      <dst id="13">511956.0711</dst>
      <dst id="19">634.2400</dst>
      <dst id="23">71.2711</dst>
      <dst id="8">1858.0356</dst>
      <dst id="18">41274.2133</dst>
      <dst id="4">81093.6356</dst>
      <dst id="1">5932.4267</dst>
      <dst id="5">2765.7067</dst>
      <dst id="3">108.5333</dst>
      <dst id="22">3302.6489</dst>
      <dst id="7">6291.7067</dst>
      <dst id="2">828.7467</dst>
      <dst id="6">7554.3644</dst>
      <dst id="16">3396.4889</dst>
      <dst id="14">937.8844</dst>
      <dst id="20">1682.7378</dst>
      <dst id="11">2276.0178</dst>
      <dst id="9">5950.3733</dst>
      <dst id="17">23690.2756</dst>
      <dst id="21">6379.8489</dst>
      <dst id="15">3653.5289</dst>
    </src>
    <src id="6">
      <dst id="12">9488.5956</dst>
      <dst id="13">32.6311</dst>
      <dst id="19">28.4089</dst>
      <dst id="4">1341.2000</dst>
      <dst id="1">10.9156</dst>
      <dst id="5">7.5378</dst>
      <dst id="22">1.1733</dst>
      <dst id="7">0.8622</dst>
      <dst id="2">2787.5022</dst>
      <dst id="16">0.7111</dst>
      <dst id="20">1.1289</dst>
      <dst id="11">9.2622</dst>
      <dst id="9">1.0222</dst>
      <dst id="17">1560.0978</dst>
      <dst id="21">1.7333</dst>
    </src>
    <src id="16">
      <dst id="12">1483.0578</dst>
      <dst id="13">642.2756</dst>
      <dst id="19">3945.5644</dst>
      <dst id="23">4.8356</dst>
      <dst id="8">3935.4933</dst>
      <dst id="18">499.9911</dst>
      <dst id="4">3512.2044</dst>
      <dst id="1">17869.6267</dst>
      <dst id="5">3904.4711</dst>
      <dst id="3">26.2311</dst>
      <dst id="7">2972.4978</dst>
      <dst id="2">364.8622</dst>
      <dst id="6">4.0000</dst>
      <dst id="16">61.2356</dst>
      <dst id="14">519.0044</dst>
      <dst id="11">219.1644</dst>
      <dst id="9">4418.2400</dst>
      <dst id="17">4127.2444</dst>
      <dst id="21">2047.1911</dst>
    </src>
    <src id="14">
      <dst id="12">23606.3467</dst>
      <dst id="13">54.1778</dst>
      <dst id="19">3.7333</dst>
      <dst id="23">3.8489</dst>
      <dst id="18">2.1422</dst>
      <dst id="4">2095.0844</dst>
      <dst id="1">75.8044</dst>
      <dst id="5">28.7289</dst>
      <dst id="3">50.2756</dst>
      <dst id="22">110.5333</dst>
      <dst id="7">89.4578</dst>
      <dst id="2">6721.3244</dst>
      <dst id="16">10.5511</dst>
      <dst id="20">14.7911</dst>
      <dst id="11">54.5689</dst>
      <dst id="9">0.7022</dst>
      <dst id="17">10262.3111</dst>
      <dst id="21">103.1378</dst>
      <dst id="15">0.3556</dst>
    </src>
    <src id="20">
      <dst id="12">15873.0133</dst>
      <dst id="13">2308.9778</dst>
      <dst id="19">196.1600</dst>
      <dst id="23">0.3556</dst>
      <dst id="8">158.6756</dst>
      <dst id="18">33.6889</dst>
      <dst id="4">6847.8044</dst>
      <dst id="1">313.9378</dst>
      <dst id="5">1485.2978</dst>
      <dst id="3">1802.5600</dst>
      <dst id="7">1497.9467</dst>
      <dst id="2">5726.2756</dst>
      <dst id="6">13.2622</dst>
      <dst id="14">812.8889</dst>
      <dst id="11">2014.8444</dst>
      <dst id="9">5545.3422</dst>
      <dst id="17">5054.5956</dst>
      <dst id="21">207.1289</dst>
    </src>
    <src id="11">
      <dst id="12">401732.9511</dst>
      <dst id="13">4941.1022</dst>
      <dst id="19">127.3333</dst>
      <dst id="23">26.1067</dst>
      <dst id="8">216.0889</dst>
      <dst id="18">84.1067</dst>
      <dst id="4">7315.4489</dst>
      <dst id="1">621.2800</dst>
      <dst id="5">4292.3200</dst>
      <dst id="3">1983.7689</dst>
      <dst id="22">1802.4178</dst>
      <dst id="7">1108.2844</dst>
      <dst id="2">156817.4311</dst>
      <dst id="16">66.9244</dst>
      <dst id="14">80.8356</dst>
      <dst id="20">5277.2978</dst>
      <dst id="11">1874.5156</dst>
      <dst id="9">670.1156</dst>
      <dst id="17">163877.4578</dst>
      <dst id="21">267.0311</dst>
      <dst id="15">617.5022</dst>
    </src>
    <src id="9">
      <dst id="12">470482.5156</dst>
      <dst id="13">12711.5822</dst>
      <dst id="19">474.7200</dst>
      <dst id="23">164.2133</dst>
      <dst id="8">232.1511</dst>
      <dst id="18">77.5467</dst>
      <dst id="4">8550.6667</dst>
      <dst id="1">3693.7422</dst>
      <dst id="5">2611.7600</dst>
      <dst id="3">13.5378</dst>
      <dst id="22">1130.8711</dst>
      <dst id="7">259.9289</dst>
      <dst id="2">169182.8444</dst>
      <dst id="6">0.6756</dst>
      <dst id="16">935.6000</dst>
      <dst id="14">0.8178</dst>
      <dst id="20">10242.5511</dst>
      <dst id="11">530.7111</dst>
      <dst id="9">2861.8667</dst>
      <dst id="17">178913.8578</dst>
      <dst id="21">87.9733</dst>
      <dst id="15">2044.7733</dst>
    </src>
    <src id="17">
      <dst id="12">4810.2489</dst>
      <dst id="13">4952.2756</dst>
      <dst id="19">194.8622</dst>
      <dst id="23">426.7289</dst>
      <dst id="8">129617.8756</dst>
      <dst id="18">330.0356</dst>
      <dst id="4">37193.0756</dst>
      <dst id="1">3398.8444</dst>
      <dst id="5">216586.8178</dst>
      <dst id="3">5589.1289</dst>
      <dst id="22">6068.3200</dst>
      <dst id="7">4937.7600</dst>
      <dst id="2">7837.8222</dst>
      <dst id="6">381.4311</dst>
      <dst id="16">6742.9689</dst>
      <dst id="14">23268.6311</dst>
      <dst id="20">891.0844</dst>
      <dst id="11">105716.4622</dst>
      <dst id="9">215699.2356</dst>
      <dst id="17">2396.7467</dst>
      <dst id="21">4564.2044</dst>
      <dst id="15">127.5911</dst>
    </src>
    <src id="21">
      <dst id="12">17031.4222</dst>
      <dst id="13">3382.8089</dst>
      <dst id="19">181.2356</dst>
      <dst id="23">44.0622</dst>
      <dst id="8">70.3733</dst>
      <dst id="18">280.4711</dst>
      <dst id="4">14628.3289</dst>
      <dst id="1">2611.0222</dst>
      <dst id="5">208.9244</dst>
      <dst id="3">8061.3067</dst>
      <dst id="22">2320.4533</dst>
      <dst id="7">4930.4089</dst>
      <dst id="2">16033.3156</dst>
      <dst id="6">4.7822</dst>
      <dst id="16">480.9867</dst>
      <dst id="14">148.8089</dst>
      <dst id="20">263.7333</dst>
      <dst id="11">418.7289</dst>
      <dst id="9">412.7111</dst>
      <dst id="17">2795.8933</dst>
      <dst id="21">429.3244</dst>
      <dst id="15">40.6489</dst>
    </src>
    <src id="15">
      <dst id="12">1084.4978</dst>
      <dst id="13">541.0578</dst>
      <dst id="19">3736.9689</dst>
      <dst id="23">2.3467</dst>
      <dst id="8">133.9200</dst>
      <dst id="18">59.8933</dst>
      <dst id="4">2822.3733</dst>
      <dst id="1">2048.2844</dst>
      <dst id="5">266.3556</dst>
      <dst id="3">46.9689</dst>
      <dst id="7">525.8311</dst>
      <dst id="2">522.7911</dst>
      <dst id="11">291.1111</dst>
      <dst id="9">2854.6844</dst>
      <dst id="17">249.8933</dst>
      <dst id="21">118.4178</dst>
    </src>
  </IntraTM>
</TrafficMatrixFile>
