<?xml version="1.0" encoding="UTF-8" standalone="yes"?>
<TrafficMatrixFile xmlns:xsi="http://www.w3.org/2001/XMLSchema-instance" xsi:noNamespaceSchemaLocation="http://totem.run.montefiore.ulg.ac.be/Schema/TrafficMatrix-v1_2.xsd">
  <info>
    <title>Intradomain traffic matrix generated by geant-TM-all.pl</title>
    <date>2005-01-05T10:45:00</date>
    <duration>900</duration>
    <author>Steve Uhlig</author>
    <units>
        <unit type="bandwidth" value="kbps"/>
    </units>
  </info>
  <IntraTM ASID="20965">
    <src id="12">
      <dst id="12">223470.9333</dst>
      <dst id="13">10783.4489</dst>
      <dst id="19">958.8444</dst>
      <dst id="23">44.9600</dst>
      <dst id="8">1794.5156</dst>
      <dst id="18">284.6311</dst>
      <dst id="4">77193.7067</dst>
      <dst id="1">13946.7289</dst>
      <dst id="5">6024.8533</dst>
      <dst id="3">5050.7556</dst>
      <dst id="22">7243.5378</dst>
      <dst id="7">1817.3689</dst>
      <dst id="2">78992.5689</dst>
      <dst id="6">7.3333</dst>
      <dst id="16">5935.7600</dst>
      <dst id="14">151.3156</dst>
      <dst id="20">2691.6622</dst>
      <dst id="11">2223.0133</dst>
      <dst id="9">5557.8933</dst>
      <dst id="17">65077.2178</dst>
      <dst id="21">2341.9911</dst>
      <dst id="15">1416.5689</dst>
    </src>
    <src id="13">
      <dst id="12">37341.2622</dst>
      <dst id="19">23581.4311</dst>
      <dst id="23">912.7733</dst>
      <dst id="8">2029.5022</dst>
      <dst id="18">2756.9956</dst>
      <dst id="1">3757.5556</dst>
      <dst id="5">4483.6356</dst>
      <dst id="3">5593.3422</dst>
      <dst id="22">22213.8400</dst>
      <dst id="7">9372.5422</dst>
      <dst id="2">80185.8222</dst>
      <dst id="6">74.4711</dst>
      <dst id="16">6048.3644</dst>
      <dst id="14">1366.5422</dst>
      <dst id="20">6029.3689</dst>
      <dst id="11">13649.6978</dst>
      <dst id="9">15743.3511</dst>
      <dst id="17">45980.5778</dst>
      <dst id="21">11386.8444</dst>
      <dst id="15">628.7111</dst>
    </src>
    <src id="19">
      <dst id="12">15385.1022</dst>
      <dst id="13">376.9867</dst>
      <dst id="23">0.3378</dst>
      <dst id="18">119.2711</dst>
      <dst id="4">21248.3822</dst>
      <dst id="1">1431.5289</dst>
      <dst id="5">28.4444</dst>
      <dst id="22">25.0044</dst>
      <dst id="7">3139.2978</dst>
      <dst id="2">236.5511</dst>
      <dst id="6">15.2267</dst>
      <dst id="16">5186.2578</dst>
      <dst id="14">0.4622</dst>
      <dst id="20">5.5556</dst>
      <dst id="11">149.4844</dst>
      <dst id="9">13.3333</dst>
      <dst id="17">456.4089</dst>
      <dst id="21">40.0178</dst>
      <dst id="15">0.3556</dst>
    </src>
    <src id="23">
      <dst id="12">1259.3689</dst>
      <dst id="13">68.1778</dst>
      <dst id="19">1.2711</dst>
      <dst id="18">63.6889</dst>
      <dst id="4">31.6444</dst>
      <dst id="1">66.2844</dst>
      <dst id="5">106.8089</dst>
      <dst id="3">210.9867</dst>
      <dst id="22">80.1600</dst>
      <dst id="7">41.5022</dst>
      <dst id="2">2.5067</dst>
      <dst id="6">17.2622</dst>
      <dst id="16">18.7378</dst>
      <dst id="14">2.2756</dst>
      <dst id="11">122.8711</dst>
      <dst id="9">3919.8756</dst>
      <dst id="17">186.2844</dst>
      <dst id="21">40.1778</dst>
      <dst id="15">7.3511</dst>
    </src>
    <src id="8">
      <dst id="12">283098.6222</dst>
      <dst id="13">380.8889</dst>
      <dst id="19">0.4711</dst>
      <dst id="18">7.4844</dst>
      <dst id="4">6915.3244</dst>
      <dst id="1">2069.9289</dst>
      <dst id="5">276.6933</dst>
      <dst id="3">1.3067</dst>
      <dst id="22">545.9022</dst>
      <dst id="7">94.7378</dst>
      <dst id="2">103511.7778</dst>
      <dst id="16">573.4667</dst>
      <dst id="20">78.1067</dst>
      <dst id="11">35.2356</dst>
      <dst id="9">145.6711</dst>
      <dst id="17">101636.4356</dst>
      <dst id="21">179.9733</dst>
      <dst id="15">12.8800</dst>
    </src>
    <src id="18">
      <dst id="12">86874.7378</dst>
      <dst id="13">276.6578</dst>
      <dst id="19">4.7289</dst>
      <dst id="23">30.0089</dst>
      <dst id="8">331.4311</dst>
      <dst id="4">2272.6133</dst>
      <dst id="1">718.4533</dst>
      <dst id="5">122.3733</dst>
      <dst id="3">16.1778</dst>
      <dst id="22">425.3778</dst>
      <dst id="7">11.4311</dst>
      <dst id="2">30193.5556</dst>
      <dst id="16">8.7467</dst>
      <dst id="14">1.1289</dst>
      <dst id="20">27.3422</dst>
      <dst id="11">4.8089</dst>
      <dst id="9">4.9778</dst>
      <dst id="17">37644.4978</dst>
      <dst id="21">1535.0578</dst>
      <dst id="15">13.4756</dst>
    </src>
    <src id="4">
      <dst id="12">15030.8978</dst>
      <dst id="19">15703.2089</dst>
      <dst id="8">369.5556</dst>
      <dst id="18">395.6533</dst>
      <dst id="4">7.1911</dst>
      <dst id="1">39346.7200</dst>
      <dst id="5">1210.8267</dst>
      <dst id="3">440.4178</dst>
      <dst id="22">3779.8400</dst>
      <dst id="7">62928.7378</dst>
      <dst id="2">49611.9822</dst>
      <dst id="6">3.3067</dst>
      <dst id="16">865.4844</dst>
      <dst id="14">1230.7467</dst>
      <dst id="20">822.8711</dst>
      <dst id="11">2103.8844</dst>
      <dst id="9">2688.1956</dst>
      <dst id="17">23698.6133</dst>
      <dst id="21">4454.2844</dst>
      <dst id="15">544.1689</dst>
    </src>
    <src id="1">
      <dst id="12">17412.1244</dst>
      <dst id="13">529.2178</dst>
      <dst id="19">3.0667</dst>
      <dst id="23">22.4711</dst>
      <dst id="8">64955.8756</dst>
      <dst id="18">13415.4756</dst>
      <dst id="4">7537.2178</dst>
      <dst id="1">16696.9600</dst>
      <dst id="5">139058.3822</dst>
      <dst id="3">157.6089</dst>
      <dst id="22">481.4311</dst>
      <dst id="7">1112.4533</dst>
      <dst id="2">17833.6622</dst>
      <dst id="6">3182.8800</dst>
      <dst id="16">9051.2711</dst>
      <dst id="14">154.1600</dst>
      <dst id="20">6831.9911</dst>
      <dst id="11">267.9911</dst>
      <dst id="9">142667.5644</dst>
      <dst id="17">10484.6489</dst>
      <dst id="21">7342.4800</dst>
      <dst id="15">1368.6844</dst>
    </src>
    <src id="5">
      <dst id="12">236997.3067</dst>
      <dst id="13">733.5467</dst>
      <dst id="19">2.0889</dst>
      <dst id="23">2.9156</dst>
      <dst id="8">1264.2756</dst>
      <dst id="18">42.9333</dst>
      <dst id="4">9005.8756</dst>
      <dst id="1">318.3378</dst>
      <dst id="3">2.8444</dst>
      <dst id="22">8830.4889</dst>
      <dst id="7">66.9867</dst>
      <dst id="2">108234.7733</dst>
      <dst id="6">49.9556</dst>
      <dst id="16">1073.1644</dst>
      <dst id="14">19.4489</dst>
      <dst id="20">251.8844</dst>
      <dst id="11">237.6711</dst>
      <dst id="9">9561.6178</dst>
      <dst id="17">107676.3644</dst>
      <dst id="21">374.3733</dst>
      <dst id="15">18.3644</dst>
    </src>
    <src id="3">
      <dst id="12">10379.5200</dst>
      <dst id="13">6596.2044</dst>
      <dst id="19">1027.3156</dst>
      <dst id="23">8413.4844</dst>
      <dst id="8">46.3644</dst>
      <dst id="18">46865.8578</dst>
      <dst id="4">26247.2622</dst>
      <dst id="1">4941.7600</dst>
      <dst id="5">841.8844</dst>
      <dst id="3">9516.3200</dst>
      <dst id="22">6055.1022</dst>
      <dst id="7">4232.2311</dst>
      <dst id="2">24602.8622</dst>
      <dst id="16">703.2089</dst>
      <dst id="14">20225.2978</dst>
      <dst id="20">1469.9022</dst>
      <dst id="11">107742.7111</dst>
      <dst id="9">64.0889</dst>
      <dst id="17">11673.9644</dst>
      <dst id="21">13665.6889</dst>
      <dst id="15">1281.2178</dst>
    </src>
    <src id="10">
      <dst id="12">10222.2489</dst>
      <dst id="19">3851.6444</dst>
      <dst id="8">618.1867</dst>
      <dst id="18">756.5422</dst>
      <dst id="1">3507.8133</dst>
      <dst id="5">1010.1600</dst>
      <dst id="3">1219.2178</dst>
      <dst id="22">3921.5111</dst>
      <dst id="7">33532.0356</dst>
      <dst id="2">17538.9333</dst>
      <dst id="16">2499.2978</dst>
      <dst id="14">3100.0089</dst>
      <dst id="20">306.3111</dst>
      <dst id="11">3951.2089</dst>
      <dst id="9">2246.2222</dst>
      <dst id="17">18508.4978</dst>
      <dst id="21">7783.1289</dst>
      <dst id="15">1016.0178</dst>
    </src>
    <src id="22">
      <dst id="12">5449.7511</dst>
      <dst id="13">1241.0756</dst>
      <dst id="19">43.5111</dst>
      <dst id="23">10.2044</dst>
      <dst id="8">380.1956</dst>
      <dst id="18">238.9689</dst>
      <dst id="4">19631.9200</dst>
      <dst id="1">355.0844</dst>
      <dst id="5">1817.1733</dst>
      <dst id="3">621.5467</dst>
      <dst id="7">3800.7378</dst>
      <dst id="2">1674.2667</dst>
      <dst id="6">24.9244</dst>
      <dst id="16">11.1822</dst>
      <dst id="14">21.0933</dst>
      <dst id="11">1618.7556</dst>
      <dst id="9">5214.5778</dst>
      <dst id="17">3335.2089</dst>
      <dst id="21">482.0889</dst>
    </src>
    <src id="7">
      <dst id="12">3189.2978</dst>
      <dst id="13">312.9422</dst>
      <dst id="19">113.1289</dst>
      <dst id="23">18.4267</dst>
      <dst id="8">41.6089</dst>
      <dst id="18">160.6311</dst>
      <dst id="4">21271.1378</dst>
      <dst id="1">1867.6533</dst>
      <dst id="5">1187.1200</dst>
      <dst id="3">69.5111</dst>
      <dst id="22">5156.7644</dst>
      <dst id="7">621.3689</dst>
      <dst id="2">9744.1156</dst>
      <dst id="6">30.9600</dst>
      <dst id="16">468.5956</dst>
      <dst id="14">43.2089</dst>
      <dst id="20">1635.2622</dst>
      <dst id="11">2694.3911</dst>
      <dst id="9">187.7333</dst>
      <dst id="17">4121.7422</dst>
      <dst id="21">833.3511</dst>
      <dst id="15">266.2667</dst>
    </src>
    <src id="2">
      <dst id="12">57026.9422</dst>
      <dst id="13">511700.5956</dst>
      <dst id="19">3340.9956</dst>
      <dst id="23">53.3689</dst>
      <dst id="8">697.1200</dst>
      <dst id="18">45516.1689</dst>
      <dst id="4">94606.3378</dst>
      <dst id="1">12612.3200</dst>
      <dst id="5">1548.1867</dst>
      <dst id="3">3.6089</dst>
      <dst id="22">1546.7556</dst>
      <dst id="7">14747.0667</dst>
      <dst id="2">480.9867</dst>
      <dst id="6">5495.7156</dst>
      <dst id="16">2032.1511</dst>
      <dst id="14">5179.2178</dst>
      <dst id="20">289.3867</dst>
      <dst id="11">2709.2889</dst>
      <dst id="9">2594.7289</dst>
      <dst id="17">46899.4222</dst>
      <dst id="21">2956.8356</dst>
      <dst id="15">41.1733</dst>
    </src>
    <src id="6">
      <dst id="12">6386.7467</dst>
      <dst id="13">2.4533</dst>
      <dst id="19">13.4400</dst>
      <dst id="23">0.4622</dst>
      <dst id="4">1171.9644</dst>
      <dst id="1">0.8622</dst>
      <dst id="5">12.7644</dst>
      <dst id="22">22.9333</dst>
      <dst id="7">27.4489</dst>
      <dst id="2">1150.0800</dst>
      <dst id="16">0.3378</dst>
      <dst id="14">0.6489</dst>
      <dst id="9">48.5333</dst>
      <dst id="17">1094.4711</dst>
      <dst id="21">14.2222</dst>
    </src>
    <src id="16">
      <dst id="12">1574.6044</dst>
      <dst id="13">235.7333</dst>
      <dst id="19">4671.0844</dst>
      <dst id="23">2.5244</dst>
      <dst id="8">954.2400</dst>
      <dst id="18">24.8978</dst>
      <dst id="4">2568.4800</dst>
      <dst id="1">24923.6178</dst>
      <dst id="5">1383.2978</dst>
      <dst id="3">0.7733</dst>
      <dst id="7">1402.0178</dst>
      <dst id="2">958.8267</dst>
      <dst id="6">1.5644</dst>
      <dst id="16">34.5511</dst>
      <dst id="14">254.6844</dst>
      <dst id="11">220.0800</dst>
      <dst id="9">766.2578</dst>
      <dst id="17">1688.5689</dst>
      <dst id="21">1861.9644</dst>
    </src>
    <src id="14">
      <dst id="12">19137.3867</dst>
      <dst id="13">28.3200</dst>
      <dst id="19">4.3911</dst>
      <dst id="23">5.7422</dst>
      <dst id="18">1.3511</dst>
      <dst id="4">2323.7956</dst>
      <dst id="1">50.9244</dst>
      <dst id="5">301.5911</dst>
      <dst id="3">52.9867</dst>
      <dst id="22">33.8667</dst>
      <dst id="7">54.5956</dst>
      <dst id="2">3991.2178</dst>
      <dst id="16">31.1467</dst>
      <dst id="11">38.0800</dst>
      <dst id="9">15.7778</dst>
      <dst id="17">10559.7422</dst>
      <dst id="21">59.6622</dst>
    </src>
    <src id="20">
      <dst id="12">863.2711</dst>
      <dst id="13">18532.1867</dst>
      <dst id="19">42.4178</dst>
      <dst id="8">9.6000</dst>
      <dst id="18">4.8178</dst>
      <dst id="4">9040.8533</dst>
      <dst id="1">228.8178</dst>
      <dst id="5">5534.4000</dst>
      <dst id="3">2027.0222</dst>
      <dst id="7">2023.5111</dst>
      <dst id="2">2382.5778</dst>
      <dst id="14">0.4267</dst>
      <dst id="11">1702.6578</dst>
      <dst id="9">596.4178</dst>
      <dst id="17">764.0889</dst>
      <dst id="21">107.9289</dst>
    </src>
    <src id="11">
      <dst id="12">403113.6444</dst>
      <dst id="13">1166.2756</dst>
      <dst id="19">6.9156</dst>
      <dst id="23">12.0178</dst>
      <dst id="8">121.8400</dst>
      <dst id="18">32.4711</dst>
      <dst id="4">8727.6711</dst>
      <dst id="1">619.7511</dst>
      <dst id="5">697.6622</dst>
      <dst id="3">525.6000</dst>
      <dst id="22">1673.6622</dst>
      <dst id="7">658.4978</dst>
      <dst id="2">144491.9200</dst>
      <dst id="16">159.1644</dst>
      <dst id="14">39.8222</dst>
      <dst id="20">110.1333</dst>
      <dst id="11">1021.8756</dst>
      <dst id="9">312.2756</dst>
      <dst id="17">137772.4800</dst>
      <dst id="21">285.2889</dst>
      <dst id="15">192.5156</dst>
    </src>
    <src id="9">
      <dst id="12">438125.9467</dst>
      <dst id="13">13076.2311</dst>
      <dst id="19">0.4267</dst>
      <dst id="23">81.3511</dst>
      <dst id="8">324.8000</dst>
      <dst id="18">114.2667</dst>
      <dst id="4">7720.5511</dst>
      <dst id="1">665.4133</dst>
      <dst id="5">1538.1600</dst>
      <dst id="3">1.2356</dst>
      <dst id="22">3052.0800</dst>
      <dst id="7">574.6844</dst>
      <dst id="2">135102.4711</dst>
      <dst id="6">0.3378</dst>
      <dst id="16">209.5289</dst>
      <dst id="14">468.2489</dst>
      <dst id="20">3646.4800</dst>
      <dst id="11">233.6000</dst>
      <dst id="9">1034.9600</dst>
      <dst id="17">155063.2000</dst>
      <dst id="21">216.4711</dst>
      <dst id="15">891.3867</dst>
    </src>
    <src id="17">
      <dst id="12">5293.6622</dst>
      <dst id="13">10872.0089</dst>
      <dst id="19">134.7111</dst>
      <dst id="23">23.6267</dst>
      <dst id="8">83410.7556</dst>
      <dst id="18">468.9067</dst>
      <dst id="4">168822.4978</dst>
      <dst id="1">3088.1689</dst>
      <dst id="5">156126.7822</dst>
      <dst id="3">8045.2356</dst>
      <dst id="22">4337.6711</dst>
      <dst id="7">8709.3600</dst>
      <dst id="2">11575.3689</dst>
      <dst id="6">1.2800</dst>
      <dst id="16">4808.8356</dst>
      <dst id="14">17082.9244</dst>
      <dst id="20">328.0533</dst>
      <dst id="11">71305.4578</dst>
      <dst id="9">131616.2222</dst>
      <dst id="17">1457.6889</dst>
      <dst id="21">3248.6667</dst>
      <dst id="15">65.8667</dst>
    </src>
    <src id="21">
      <dst id="12">13089.1378</dst>
      <dst id="13">4576.7911</dst>
      <dst id="19">309.1467</dst>
      <dst id="8">37.3422</dst>
      <dst id="18">185.3956</dst>
      <dst id="4">18443.1200</dst>
      <dst id="1">1800.7111</dst>
      <dst id="5">135.4933</dst>
      <dst id="3">9587.1644</dst>
      <dst id="22">1337.0933</dst>
      <dst id="7">7133.1378</dst>
      <dst id="2">9705.0578</dst>
      <dst id="6">11.3600</dst>
      <dst id="16">89.3244</dst>
      <dst id="14">92.8178</dst>
      <dst id="20">61.0133</dst>
      <dst id="11">740.5689</dst>
      <dst id="9">371.4933</dst>
      <dst id="17">3504.9244</dst>
      <dst id="21">926.6489</dst>
      <dst id="15">40.5778</dst>
    </src>
    <src id="15">
      <dst id="12">290.8533</dst>
      <dst id="13">27.2800</dst>
      <dst id="19">7.9644</dst>
      <dst id="23">1.8489</dst>
      <dst id="8">35.6622</dst>
      <dst id="18">19.3600</dst>
      <dst id="4">4054.4178</dst>
      <dst id="1">1271.9022</dst>
      <dst id="5">20.6489</dst>
      <dst id="3">0.8267</dst>
      <dst id="7">459.3244</dst>
      <dst id="2">435.9289</dst>
      <dst id="6">0.3378</dst>
      <dst id="14">1.5467</dst>
      <dst id="11">198.0889</dst>
      <dst id="9">1272.4444</dst>
      <dst id="17">358.8444</dst>
      <dst id="21">96.2400</dst>
    </src>
  </IntraTM>
</TrafficMatrixFile>
