<?xml version="1.0" encoding="UTF-8" standalone="yes"?>
<TrafficMatrixFile xmlns:xsi="http://www.w3.org/2001/XMLSchema-instance" xsi:noNamespaceSchemaLocation="http://totem.run.montefiore.ulg.ac.be/Schema/TrafficMatrix-v1_2.xsd">
  <info>
    <title>Intradomain traffic matrix generated by geant-TM-all.pl</title>
    <date>2005-01-04T14:45:00</date>
    <duration>900</duration>
    <author>Steve Uhlig</author>
    <units>
        <unit type="bandwidth" value="kbps"/>
    </units>
  </info>
  <IntraTM ASID="20965">
    <src id="12">
      <dst id="12">167855.2622</dst>
      <dst id="13">12883.6000</dst>
      <dst id="19">2788.6400</dst>
      <dst id="23">64.6756</dst>
      <dst id="8">833.4133</dst>
      <dst id="18">217.9644</dst>
      <dst id="4">58469.0044</dst>
      <dst id="1">9102.6044</dst>
      <dst id="5">921.3600</dst>
      <dst id="3">2710.2578</dst>
      <dst id="22">1642.1689</dst>
      <dst id="7">17286.6044</dst>
      <dst id="2">58403.5378</dst>
      <dst id="6">6.4533</dst>
      <dst id="16">4870.4000</dst>
      <dst id="14">101.4756</dst>
      <dst id="20">3609.9289</dst>
      <dst id="11">1770.9689</dst>
      <dst id="9">2296.4889</dst>
      <dst id="17">53896.9956</dst>
      <dst id="21">4443.5378</dst>
      <dst id="15">466.5867</dst>
    </src>
    <src id="13">
      <dst id="12">29436.7022</dst>
      <dst id="19">28410.7378</dst>
      <dst id="23">11.1911</dst>
      <dst id="8">2907.7244</dst>
      <dst id="18">2279.7244</dst>
      <dst id="1">1223.4044</dst>
      <dst id="5">3792.7200</dst>
      <dst id="3">8601.7067</dst>
      <dst id="22">10986.7111</dst>
      <dst id="7">5882.8178</dst>
      <dst id="2">62519.3867</dst>
      <dst id="6">115.3600</dst>
      <dst id="16">7185.8844</dst>
      <dst id="14">6259.4133</dst>
      <dst id="20">7220.5422</dst>
      <dst id="11">9569.2889</dst>
      <dst id="9">7751.5111</dst>
      <dst id="17">26850.7556</dst>
      <dst id="21">11127.5644</dst>
      <dst id="15">568.9333</dst>
    </src>
    <src id="19">
      <dst id="12">19493.5467</dst>
      <dst id="13">468.0800</dst>
      <dst id="8">13.3333</dst>
      <dst id="18">1.9289</dst>
      <dst id="4">19645.7244</dst>
      <dst id="1">918.1778</dst>
      <dst id="5">18.9956</dst>
      <dst id="3">0.3556</dst>
      <dst id="22">93.0044</dst>
      <dst id="7">2716.5244</dst>
      <dst id="2">24.6400</dst>
      <dst id="6">133.6889</dst>
      <dst id="16">10448.0622</dst>
      <dst id="14">1.5289</dst>
      <dst id="20">58.3200</dst>
      <dst id="11">10.6311</dst>
      <dst id="9">1645.8400</dst>
      <dst id="17">103.3511</dst>
      <dst id="21">333.2267</dst>
    </src>
    <src id="23">
      <dst id="12">409.3333</dst>
      <dst id="13">15.2000</dst>
      <dst id="8">0.3556</dst>
      <dst id="18">0.4978</dst>
      <dst id="4">58.0978</dst>
      <dst id="1">56.4356</dst>
      <dst id="5">0.4978</dst>
      <dst id="3">292.4800</dst>
      <dst id="22">50.6489</dst>
      <dst id="7">23.3156</dst>
      <dst id="2">228.1956</dst>
      <dst id="16">2.0000</dst>
      <dst id="14">117.5467</dst>
      <dst id="11">145.9556</dst>
      <dst id="9">1066.1333</dst>
      <dst id="17">83.2356</dst>
      <dst id="21">253.5111</dst>
      <dst id="15">1.1733</dst>
    </src>
    <src id="8">
      <dst id="12">254361.4133</dst>
      <dst id="13">647.3778</dst>
      <dst id="23">0.7200</dst>
      <dst id="18">2.2222</dst>
      <dst id="4">5121.0133</dst>
      <dst id="1">1535.1022</dst>
      <dst id="5">250.7911</dst>
      <dst id="3">26.1422</dst>
      <dst id="22">713.0844</dst>
      <dst id="7">996.2667</dst>
      <dst id="2">71024.1600</dst>
      <dst id="16">21.9644</dst>
      <dst id="20">32.5156</dst>
      <dst id="11">129.9556</dst>
      <dst id="9">161.0400</dst>
      <dst id="17">86654.8533</dst>
      <dst id="21">207.2267</dst>
      <dst id="15">68.3289</dst>
    </src>
    <src id="18">
      <dst id="12">98383.7244</dst>
      <dst id="13">106.7644</dst>
      <dst id="19">20.5778</dst>
      <dst id="8">0.8533</dst>
      <dst id="4">2595.8578</dst>
      <dst id="1">1383.7067</dst>
      <dst id="5">92.8622</dst>
      <dst id="3">6.1956</dst>
      <dst id="22">139.5467</dst>
      <dst id="7">73.1378</dst>
      <dst id="2">21953.8400</dst>
      <dst id="16">16.7822</dst>
      <dst id="14">0.5600</dst>
      <dst id="11">69.7778</dst>
      <dst id="9">45.1911</dst>
      <dst id="17">31938.2844</dst>
      <dst id="21">115.2356</dst>
      <dst id="15">1.8489</dst>
    </src>
    <src id="4">
      <dst id="12">8482.2311</dst>
      <dst id="19">14377.8667</dst>
      <dst id="23">2.8533</dst>
      <dst id="8">2422.6044</dst>
      <dst id="18">2244.6489</dst>
      <dst id="4">2.5067</dst>
      <dst id="1">54128.0800</dst>
      <dst id="5">1228.5422</dst>
      <dst id="3">15.7778</dst>
      <dst id="22">2511.7333</dst>
      <dst id="7">125328.3644</dst>
      <dst id="2">80842.9600</dst>
      <dst id="6">50.8444</dst>
      <dst id="16">691.7778</dst>
      <dst id="14">1302.3911</dst>
      <dst id="20">133.8400</dst>
      <dst id="11">2229.9822</dst>
      <dst id="9">2624.3467</dst>
      <dst id="17">21529.5911</dst>
      <dst id="21">3155.5467</dst>
      <dst id="15">248.1244</dst>
    </src>
    <src id="1">
      <dst id="12">25100.3911</dst>
      <dst id="13">348.1600</dst>
      <dst id="19">164.2756</dst>
      <dst id="23">31.7689</dst>
      <dst id="8">50270.8267</dst>
      <dst id="18">13007.2444</dst>
      <dst id="4">9706.9422</dst>
      <dst id="1">6362.1511</dst>
      <dst id="5">113002.3822</dst>
      <dst id="3">155.6000</dst>
      <dst id="22">725.6533</dst>
      <dst id="7">743.2356</dst>
      <dst id="2">1615.7867</dst>
      <dst id="6">4436.3111</dst>
      <dst id="16">14772.8711</dst>
      <dst id="14">101.0222</dst>
      <dst id="20">74.3289</dst>
      <dst id="11">188.4000</dst>
      <dst id="9">107382.7111</dst>
      <dst id="17">1892.6489</dst>
      <dst id="21">1785.5556</dst>
      <dst id="15">147.4756</dst>
    </src>
    <src id="5">
      <dst id="12">201660.1689</dst>
      <dst id="13">372.5600</dst>
      <dst id="19">3.7422</dst>
      <dst id="8">82.2844</dst>
      <dst id="18">975.6089</dst>
      <dst id="4">8668.0000</dst>
      <dst id="1">1979.3689</dst>
      <dst id="3">1.4933</dst>
      <dst id="22">1867.6800</dst>
      <dst id="7">173.6622</dst>
      <dst id="2">72515.2267</dst>
      <dst id="6">0.4178</dst>
      <dst id="16">64.5867</dst>
      <dst id="14">40.8089</dst>
      <dst id="20">159.2178</dst>
      <dst id="11">299.7156</dst>
      <dst id="9">3126.5156</dst>
      <dst id="17">82279.3333</dst>
      <dst id="21">289.5289</dst>
      <dst id="15">139.1200</dst>
    </src>
    <src id="3">
      <dst id="12">10260.9956</dst>
      <dst id="13">348.1867</dst>
      <dst id="19">597.3600</dst>
      <dst id="23">11043.4578</dst>
      <dst id="8">3.0311</dst>
      <dst id="18">45207.2978</dst>
      <dst id="4">14454.7911</dst>
      <dst id="1">3537.9733</dst>
      <dst id="5">135.3689</dst>
      <dst id="3">7734.9422</dst>
      <dst id="22">893.1556</dst>
      <dst id="7">1572.8000</dst>
      <dst id="2">6511.8667</dst>
      <dst id="6">1.3244</dst>
      <dst id="16">488.6133</dst>
      <dst id="14">33871.5644</dst>
      <dst id="20">11.4044</dst>
      <dst id="11">76146.9600</dst>
      <dst id="9">157.8844</dst>
      <dst id="17">5022.3467</dst>
      <dst id="21">3951.7333</dst>
      <dst id="15">41.0133</dst>
    </src>
    <src id="10">
      <dst id="12">10944.8800</dst>
      <dst id="19">6604.6578</dst>
      <dst id="8">151.0133</dst>
      <dst id="18">2623.6178</dst>
      <dst id="4">1.4222</dst>
      <dst id="1">2476.4089</dst>
      <dst id="5">221.8578</dst>
      <dst id="3">3340.4978</dst>
      <dst id="22">3997.6089</dst>
      <dst id="7">22767.2889</dst>
      <dst id="2">19719.5022</dst>
      <dst id="6">0.3556</dst>
      <dst id="16">144.4089</dst>
      <dst id="14">532.1422</dst>
      <dst id="20">4187.5467</dst>
      <dst id="11">4680.3022</dst>
      <dst id="9">6296.3289</dst>
      <dst id="17">9481.2000</dst>
      <dst id="21">10658.9333</dst>
      <dst id="15">77.8844</dst>
    </src>
    <src id="22">
      <dst id="12">10307.8489</dst>
      <dst id="13">577.6622</dst>
      <dst id="19">71.4756</dst>
      <dst id="23">5.8133</dst>
      <dst id="8">2044.2667</dst>
      <dst id="18">138.1511</dst>
      <dst id="4">17425.8311</dst>
      <dst id="1">66.5511</dst>
      <dst id="5">1075.5822</dst>
      <dst id="3">388.4178</dst>
      <dst id="7">109.1733</dst>
      <dst id="2">2826.0711</dst>
      <dst id="6">25.1644</dst>
      <dst id="16">0.6578</dst>
      <dst id="14">2.6844</dst>
      <dst id="11">1112.2489</dst>
      <dst id="9">2735.4311</dst>
      <dst id="17">1965.8756</dst>
      <dst id="21">557.8222</dst>
    </src>
    <src id="7">
      <dst id="12">1761.5467</dst>
      <dst id="13">37.3156</dst>
      <dst id="19">42.6578</dst>
      <dst id="23">56.6667</dst>
      <dst id="8">48.7556</dst>
      <dst id="18">130.8444</dst>
      <dst id="4">25578.3733</dst>
      <dst id="1">1063.2089</dst>
      <dst id="5">955.4667</dst>
      <dst id="3">253.7778</dst>
      <dst id="22">2867.2000</dst>
      <dst id="7">818.0267</dst>
      <dst id="2">7361.5911</dst>
      <dst id="6">13.4311</dst>
      <dst id="16">246.4711</dst>
      <dst id="14">118.1244</dst>
      <dst id="20">209.9200</dst>
      <dst id="11">481.6089</dst>
      <dst id="9">205.7067</dst>
      <dst id="17">4534.0978</dst>
      <dst id="21">822.3911</dst>
      <dst id="15">39.2089</dst>
    </src>
    <src id="2">
      <dst id="12">54188.3111</dst>
      <dst id="13">508041.6800</dst>
      <dst id="19">245.0933</dst>
      <dst id="23">3.2356</dst>
      <dst id="8">94.0711</dst>
      <dst id="18">30383.8133</dst>
      <dst id="4">71889.7333</dst>
      <dst id="1">1380.9778</dst>
      <dst id="5">2615.9022</dst>
      <dst id="3">46.1067</dst>
      <dst id="22">694.3111</dst>
      <dst id="7">2403.7067</dst>
      <dst id="2">354.5689</dst>
      <dst id="6">5885.5911</dst>
      <dst id="16">2079.4133</dst>
      <dst id="14">5478.6489</dst>
      <dst id="20">3428.2667</dst>
      <dst id="11">1325.8578</dst>
      <dst id="9">363.0400</dst>
      <dst id="17">32669.3956</dst>
      <dst id="21">4948.9511</dst>
      <dst id="15">10.4444</dst>
    </src>
    <src id="6">
      <dst id="12">7716.0356</dst>
      <dst id="13">1.2800</dst>
      <dst id="19">6.1689</dst>
      <dst id="23">0.4267</dst>
      <dst id="4">1084.4000</dst>
      <dst id="1">0.6933</dst>
      <dst id="5">0.3556</dst>
      <dst id="22">35.2889</dst>
      <dst id="7">1.3867</dst>
      <dst id="2">1497.3600</dst>
      <dst id="16">110.2844</dst>
      <dst id="9">0.3556</dst>
      <dst id="17">1258.9244</dst>
      <dst id="21">3.2000</dst>
    </src>
    <src id="16">
      <dst id="12">1599.7067</dst>
      <dst id="13">174.0356</dst>
      <dst id="19">4212.0622</dst>
      <dst id="23">1.7778</dst>
      <dst id="8">602.4622</dst>
      <dst id="18">2.2400</dst>
      <dst id="4">5425.4578</dst>
      <dst id="1">20315.0133</dst>
      <dst id="5">878.9511</dst>
      <dst id="7">1976.5600</dst>
      <dst id="2">146.7556</dst>
      <dst id="6">39.0400</dst>
      <dst id="16">17.2267</dst>
      <dst id="11">8.2578</dst>
      <dst id="9">1281.7333</dst>
      <dst id="17">793.9822</dst>
      <dst id="21">2014.7111</dst>
    </src>
    <src id="14">
      <dst id="12">18572.2311</dst>
      <dst id="13">97.7689</dst>
      <dst id="19">4.4800</dst>
      <dst id="23">5.1111</dst>
      <dst id="18">0.3733</dst>
      <dst id="4">1138.6756</dst>
      <dst id="1">71.6622</dst>
      <dst id="5">12.4622</dst>
      <dst id="3">70.1867</dst>
      <dst id="22">0.8889</dst>
      <dst id="7">51.1289</dst>
      <dst id="2">5666.1689</dst>
      <dst id="16">0.7111</dst>
      <dst id="20">1.8578</dst>
      <dst id="11">33.8044</dst>
      <dst id="9">1.7600</dst>
      <dst id="17">5444.4622</dst>
      <dst id="21">100.0356</dst>
      <dst id="15">20.0533</dst>
    </src>
    <src id="20">
      <dst id="12">1771.8933</dst>
      <dst id="13">584.8089</dst>
      <dst id="19">4498.1867</dst>
      <dst id="23">0.9956</dst>
      <dst id="8">71.9644</dst>
      <dst id="18">2.4267</dst>
      <dst id="4">5935.2089</dst>
      <dst id="1">122.4356</dst>
      <dst id="5">260.7556</dst>
      <dst id="3">41.7511</dst>
      <dst id="7">3610.9600</dst>
      <dst id="2">1068.7022</dst>
      <dst id="14">0.3556</dst>
      <dst id="11">89.5378</dst>
      <dst id="9">308.8089</dst>
      <dst id="17">237.8222</dst>
      <dst id="21">763.1200</dst>
    </src>
    <src id="11">
      <dst id="12">339530.7289</dst>
      <dst id="13">2095.4133</dst>
      <dst id="19">6.5244</dst>
      <dst id="23">4.6578</dst>
      <dst id="8">109.6089</dst>
      <dst id="18">114.2489</dst>
      <dst id="4">12953.7689</dst>
      <dst id="1">6582.2578</dst>
      <dst id="5">688.8356</dst>
      <dst id="3">420.1422</dst>
      <dst id="22">1474.3111</dst>
      <dst id="7">128.1333</dst>
      <dst id="2">118255.3156</dst>
      <dst id="16">175.2444</dst>
      <dst id="14">108.2044</dst>
      <dst id="20">62.3822</dst>
      <dst id="11">2099.4489</dst>
      <dst id="9">592.3822</dst>
      <dst id="17">121576.5956</dst>
      <dst id="21">263.9378</dst>
      <dst id="15">144.6044</dst>
    </src>
    <src id="9">
      <dst id="12">363324.3022</dst>
      <dst id="13">746.0444</dst>
      <dst id="19">45.4044</dst>
      <dst id="23">31.5022</dst>
      <dst id="8">94.7644</dst>
      <dst id="18">113.4044</dst>
      <dst id="4">10219.3156</dst>
      <dst id="1">908.5333</dst>
      <dst id="5">1252.1244</dst>
      <dst id="3">29.5911</dst>
      <dst id="22">849.1022</dst>
      <dst id="7">57.4133</dst>
      <dst id="2">98619.4578</dst>
      <dst id="6">1.6711</dst>
      <dst id="16">60.0711</dst>
      <dst id="14">14.5511</dst>
      <dst id="20">571.4756</dst>
      <dst id="11">855.4933</dst>
      <dst id="9">17.9022</dst>
      <dst id="17">127813.6000</dst>
      <dst id="21">88.4622</dst>
      <dst id="15">216.4978</dst>
    </src>
    <src id="17">
      <dst id="12">8426.5511</dst>
      <dst id="13">527.6356</dst>
      <dst id="19">130.8444</dst>
      <dst id="23">64.1244</dst>
      <dst id="8">56812.1867</dst>
      <dst id="18">75.1289</dst>
      <dst id="4">33043.7689</dst>
      <dst id="1">568.9244</dst>
      <dst id="5">111942.8622</dst>
      <dst id="3">7077.1644</dst>
      <dst id="22">2100.4889</dst>
      <dst id="7">1240.5067</dst>
      <dst id="2">9357.6178</dst>
      <dst id="6">47.0222</dst>
      <dst id="16">4236.7911</dst>
      <dst id="14">24980.9067</dst>
      <dst id="20">321.6356</dst>
      <dst id="11">59230.9156</dst>
      <dst id="9">85524.0178</dst>
      <dst id="17">616.7467</dst>
      <dst id="21">8331.2800</dst>
      <dst id="15">213.8133</dst>
    </src>
    <src id="21">
      <dst id="12">13886.6667</dst>
      <dst id="13">189.6622</dst>
      <dst id="19">25.8578</dst>
      <dst id="23">6.5067</dst>
      <dst id="8">89.5467</dst>
      <dst id="18">183.9911</dst>
      <dst id="4">10772.0267</dst>
      <dst id="1">2154.0000</dst>
      <dst id="5">81.6000</dst>
      <dst id="3">713.4933</dst>
      <dst id="22">1207.4933</dst>
      <dst id="7">1115.5289</dst>
      <dst id="2">7236.6311</dst>
      <dst id="6">27.5733</dst>
      <dst id="16">172.3289</dst>
      <dst id="14">106.8711</dst>
      <dst id="20">1489.9733</dst>
      <dst id="11">1481.5556</dst>
      <dst id="9">334.3022</dst>
      <dst id="17">2932.0000</dst>
      <dst id="21">497.7067</dst>
      <dst id="15">204.7911</dst>
    </src>
    <src id="15">
      <dst id="12">2308.5422</dst>
      <dst id="13">66.6933</dst>
      <dst id="19">54.3378</dst>
      <dst id="8">26.3644</dst>
      <dst id="18">0.6400</dst>
      <dst id="4">4293.8578</dst>
      <dst id="1">676.9778</dst>
      <dst id="5">92.2222</dst>
      <dst id="3">21.7600</dst>
      <dst id="7">1.8667</dst>
      <dst id="2">38.7022</dst>
      <dst id="14">3.2000</dst>
      <dst id="11">13.9733</dst>
      <dst id="9">51.1467</dst>
      <dst id="17">13981.2622</dst>
      <dst id="21">94.8533</dst>
    </src>
  </IntraTM>
</TrafficMatrixFile>
