<?xml version="1.0" encoding="UTF-8" standalone="yes"?>
<TrafficMatrixFile xmlns:xsi="http://www.w3.org/2001/XMLSchema-instance" xsi:noNamespaceSchemaLocation="http://totem.run.montefiore.ulg.ac.be/Schema/TrafficMatrix-v1_2.xsd">
  <info>
    <title>Intradomain traffic matrix generated by geant-TM-all.pl</title>
    <date>2005-01-04T06:30:00</date>
    <duration>900</duration>
    <author>Steve Uhlig</author>
    <units>
        <unit type="bandwidth" value="kbps"/>
    </units>
  </info>
  <IntraTM ASID="20965">
    <src id="12">
      <dst id="12">231458.1600</dst>
      <dst id="13">29676.0000</dst>
      <dst id="19">1204.9511</dst>
      <dst id="23">179.2711</dst>
      <dst id="8">926.5333</dst>
      <dst id="18">683.2978</dst>
      <dst id="4">92119.0578</dst>
      <dst id="1">15681.3689</dst>
      <dst id="5">8334.8356</dst>
      <dst id="3">17032.9511</dst>
      <dst id="22">17639.5733</dst>
      <dst id="7">4978.5333</dst>
      <dst id="2">71582.9244</dst>
      <dst id="6">17.1378</dst>
      <dst id="16">5077.9644</dst>
      <dst id="14">881.9644</dst>
      <dst id="20">14483.2978</dst>
      <dst id="11">3688.8889</dst>
      <dst id="9">6037.5378</dst>
      <dst id="17">66720.1867</dst>
      <dst id="21">2475.6178</dst>
      <dst id="15">8133.4133</dst>
    </src>
    <src id="13">
      <dst id="12">59504.3200</dst>
      <dst id="19">9463.4844</dst>
      <dst id="23">35.5911</dst>
      <dst id="8">3855.8756</dst>
      <dst id="18">3638.3644</dst>
      <dst id="1">1962.6578</dst>
      <dst id="5">29009.9822</dst>
      <dst id="3">2327.5111</dst>
      <dst id="22">20301.7956</dst>
      <dst id="7">9532.8000</dst>
      <dst id="2">131405.3689</dst>
      <dst id="6">135.2622</dst>
      <dst id="16">10728.5600</dst>
      <dst id="14">2967.1289</dst>
      <dst id="20">11778.9600</dst>
      <dst id="11">10753.8133</dst>
      <dst id="9">12154.7022</dst>
      <dst id="17">38244.3289</dst>
      <dst id="21">9940.7644</dst>
      <dst id="15">1226.6578</dst>
    </src>
    <src id="19">
      <dst id="12">11192.0711</dst>
      <dst id="13">4023.8044</dst>
      <dst id="23">4.6489</dst>
      <dst id="8">54.1867</dst>
      <dst id="18">33.6000</dst>
      <dst id="4">19629.6533</dst>
      <dst id="1">301.3422</dst>
      <dst id="5">2.1333</dst>
      <dst id="3">13.8667</dst>
      <dst id="22">217.6089</dst>
      <dst id="7">2793.1022</dst>
      <dst id="2">3132.5511</dst>
      <dst id="6">37.4756</dst>
      <dst id="16">8721.4133</dst>
      <dst id="14">201.3156</dst>
      <dst id="20">15.8756</dst>
      <dst id="11">34.4533</dst>
      <dst id="9">268.9600</dst>
      <dst id="17">296.9244</dst>
      <dst id="21">128.4000</dst>
      <dst id="15">69.3333</dst>
    </src>
    <src id="23">
      <dst id="12">966.9156</dst>
      <dst id="13">114.4800</dst>
      <dst id="19">28.8356</dst>
      <dst id="8">18.9156</dst>
      <dst id="18">54.6933</dst>
      <dst id="4">17.2089</dst>
      <dst id="1">59.3422</dst>
      <dst id="5">13.0489</dst>
      <dst id="3">221.0489</dst>
      <dst id="22">186.6311</dst>
      <dst id="7">16.8978</dst>
      <dst id="2">33.3778</dst>
      <dst id="6">1.1378</dst>
      <dst id="16">1578.8178</dst>
      <dst id="14">12.6222</dst>
      <dst id="20">0.4622</dst>
      <dst id="11">2286.8267</dst>
      <dst id="9">493.9378</dst>
      <dst id="17">219.3600</dst>
      <dst id="21">14.4000</dst>
      <dst id="15">13.3333</dst>
    </src>
    <src id="8">
      <dst id="12">357486.4356</dst>
      <dst id="13">1076.6311</dst>
      <dst id="19">0.9333</dst>
      <dst id="23">1.7778</dst>
      <dst id="18">8.9511</dst>
      <dst id="4">6564.3289</dst>
      <dst id="1">299.4400</dst>
      <dst id="5">1378.1689</dst>
      <dst id="3">13.4044</dst>
      <dst id="22">1075.0667</dst>
      <dst id="7">826.3822</dst>
      <dst id="2">133962.8622</dst>
      <dst id="16">782.1689</dst>
      <dst id="20">58.9778</dst>
      <dst id="11">161.6978</dst>
      <dst id="9">627.5378</dst>
      <dst id="17">131021.5111</dst>
      <dst id="21">223.5644</dst>
      <dst id="15">97.1822</dst>
    </src>
    <src id="18">
      <dst id="12">102399.0578</dst>
      <dst id="13">13.3244</dst>
      <dst id="19">22.8800</dst>
      <dst id="23">2.4267</dst>
      <dst id="8">15.7600</dst>
      <dst id="4">1447.7156</dst>
      <dst id="1">1258.0178</dst>
      <dst id="5">113.5644</dst>
      <dst id="3">203.9733</dst>
      <dst id="22">173.4044</dst>
      <dst id="7">58.8711</dst>
      <dst id="2">28026.5956</dst>
      <dst id="16">9.7333</dst>
      <dst id="14">52.6933</dst>
      <dst id="20">0.4711</dst>
      <dst id="11">17.7511</dst>
      <dst id="9">68.8889</dst>
      <dst id="17">36753.5467</dst>
      <dst id="21">212.5511</dst>
      <dst id="15">0.6933</dst>
    </src>
    <src id="4">
      <dst id="12">16350.6844</dst>
      <dst id="19">17014.6756</dst>
      <dst id="8">670.5156</dst>
      <dst id="18">773.5644</dst>
      <dst id="4">0.7111</dst>
      <dst id="1">12517.5111</dst>
      <dst id="5">6431.5556</dst>
      <dst id="3">456.7289</dst>
      <dst id="22">6996.4178</dst>
      <dst id="7">132686.6667</dst>
      <dst id="2">98629.4578</dst>
      <dst id="6">14.3911</dst>
      <dst id="16">2049.3511</dst>
      <dst id="14">1236.5511</dst>
      <dst id="20">2444.8622</dst>
      <dst id="11">2726.8711</dst>
      <dst id="9">2688.5511</dst>
      <dst id="17">38944.5511</dst>
      <dst id="21">4173.2444</dst>
      <dst id="15">629.4133</dst>
    </src>
    <src id="1">
      <dst id="12">12419.6356</dst>
      <dst id="13">480.6311</dst>
      <dst id="19">149.9911</dst>
      <dst id="23">43.7689</dst>
      <dst id="8">106416.9333</dst>
      <dst id="18">13260.2578</dst>
      <dst id="4">8576.2578</dst>
      <dst id="1">8297.6711</dst>
      <dst id="5">185706.5067</dst>
      <dst id="3">49.1022</dst>
      <dst id="22">4467.1644</dst>
      <dst id="7">1235.3511</dst>
      <dst id="2">2042.2933</dst>
      <dst id="6">8798.4800</dst>
      <dst id="16">14680.8711</dst>
      <dst id="14">385.6444</dst>
      <dst id="20">87.5111</dst>
      <dst id="11">98.3378</dst>
      <dst id="9">180360.2400</dst>
      <dst id="17">4617.8311</dst>
      <dst id="21">1848.1333</dst>
      <dst id="15">157.1200</dst>
    </src>
    <src id="5">
      <dst id="12">283695.3333</dst>
      <dst id="13">2666.3289</dst>
      <dst id="19">0.3911</dst>
      <dst id="23">28.9600</dst>
      <dst id="8">229.4844</dst>
      <dst id="18">165.4044</dst>
      <dst id="4">4076.0267</dst>
      <dst id="1">370.1778</dst>
      <dst id="3">31.9911</dst>
      <dst id="22">7002.2933</dst>
      <dst id="7">142.3378</dst>
      <dst id="2">122459.4044</dst>
      <dst id="6">82.6133</dst>
      <dst id="16">492.2044</dst>
      <dst id="14">2.5778</dst>
      <dst id="20">2669.0756</dst>
      <dst id="11">2760.5778</dst>
      <dst id="9">3897.8844</dst>
      <dst id="17">112097.5911</dst>
      <dst id="21">274.6133</dst>
      <dst id="15">154.0444</dst>
    </src>
    <src id="3">
      <dst id="12">10012.9600</dst>
      <dst id="13">492.4178</dst>
      <dst id="19">1084.9956</dst>
      <dst id="23">8068.0533</dst>
      <dst id="8">52.4356</dst>
      <dst id="18">59598.6756</dst>
      <dst id="4">21492.3378</dst>
      <dst id="1">7546.3378</dst>
      <dst id="5">257.6267</dst>
      <dst id="3">11369.7156</dst>
      <dst id="22">1585.2889</dst>
      <dst id="7">1245.3244</dst>
      <dst id="2">5528.4978</dst>
      <dst id="6">1.6089</dst>
      <dst id="16">981.8933</dst>
      <dst id="14">43648.7200</dst>
      <dst id="20">269.7867</dst>
      <dst id="11">127413.4400</dst>
      <dst id="9">514.1511</dst>
      <dst id="17">6764.4356</dst>
      <dst id="21">11298.6222</dst>
      <dst id="15">58.0267</dst>
    </src>
    <src id="10">
      <dst id="12">16539.5644</dst>
      <dst id="19">123.5467</dst>
      <dst id="8">336.4622</dst>
      <dst id="18">1618.8356</dst>
      <dst id="1">1877.4133</dst>
      <dst id="5">755.2356</dst>
      <dst id="3">3671.9644</dst>
      <dst id="22">8222.7200</dst>
      <dst id="7">5409.8222</dst>
      <dst id="2">19349.9378</dst>
      <dst id="6">158.1689</dst>
      <dst id="16">933.8489</dst>
      <dst id="14">789.5022</dst>
      <dst id="20">2940.5778</dst>
      <dst id="11">5364.8000</dst>
      <dst id="9">2847.5733</dst>
      <dst id="17">10249.7956</dst>
      <dst id="21">7021.6178</dst>
      <dst id="15">678.3378</dst>
    </src>
    <src id="22">
      <dst id="12">14373.9022</dst>
      <dst id="13">5106.8533</dst>
      <dst id="19">52.6756</dst>
      <dst id="23">17.5556</dst>
      <dst id="8">488.9244</dst>
      <dst id="18">854.7556</dst>
      <dst id="4">20601.1111</dst>
      <dst id="1">370.0622</dst>
      <dst id="5">3773.9467</dst>
      <dst id="3">264.9244</dst>
      <dst id="7">1304.2222</dst>
      <dst id="2">11982.2133</dst>
      <dst id="6">111.9556</dst>
      <dst id="16">22.5067</dst>
      <dst id="14">12.6222</dst>
      <dst id="11">2466.1333</dst>
      <dst id="9">1922.4800</dst>
      <dst id="17">7515.0933</dst>
      <dst id="21">849.9378</dst>
    </src>
    <src id="7">
      <dst id="12">4927.8311</dst>
      <dst id="13">168.7022</dst>
      <dst id="19">139.1289</dst>
      <dst id="23">3.4933</dst>
      <dst id="8">202.3911</dst>
      <dst id="18">107.8844</dst>
      <dst id="4">11641.2711</dst>
      <dst id="1">3407.7511</dst>
      <dst id="5">1278.4533</dst>
      <dst id="3">15377.4578</dst>
      <dst id="22">3025.3156</dst>
      <dst id="7">706.2400</dst>
      <dst id="2">6282.4178</dst>
      <dst id="6">4.1511</dst>
      <dst id="16">592.4978</dst>
      <dst id="14">1245.3689</dst>
      <dst id="20">476.6756</dst>
      <dst id="11">1904.0356</dst>
      <dst id="9">996.8889</dst>
      <dst id="17">14678.3733</dst>
      <dst id="21">2097.5822</dst>
      <dst id="15">1321.5200</dst>
    </src>
    <src id="2">
      <dst id="12">74218.2044</dst>
      <dst id="13">515417.0311</dst>
      <dst id="19">482.0444</dst>
      <dst id="23">0.8178</dst>
      <dst id="8">687.6978</dst>
      <dst id="18">47567.3600</dst>
      <dst id="4">101164.0000</dst>
      <dst id="1">3838.7022</dst>
      <dst id="5">2844.7378</dst>
      <dst id="3">21.1111</dst>
      <dst id="22">2753.6356</dst>
      <dst id="7">1914.5956</dst>
      <dst id="2">602.0622</dst>
      <dst id="6">7688.1422</dst>
      <dst id="16">2666.3733</dst>
      <dst id="14">170.9778</dst>
      <dst id="20">1018.7822</dst>
      <dst id="11">1566.9956</dst>
      <dst id="9">3461.4844</dst>
      <dst id="17">30053.4756</dst>
      <dst id="21">4943.0844</dst>
      <dst id="15">24.3467</dst>
    </src>
    <src id="6">
      <dst id="12">12319.9556</dst>
      <dst id="13">6.8000</dst>
      <dst id="19">3.0844</dst>
      <dst id="23">1.4756</dst>
      <dst id="4">1110.4356</dst>
      <dst id="1">5.4489</dst>
      <dst id="5">3.5733</dst>
      <dst id="22">92.6489</dst>
      <dst id="7">57.6178</dst>
      <dst id="2">2467.5733</dst>
      <dst id="16">29.6356</dst>
      <dst id="20">0.4178</dst>
      <dst id="11">1.3689</dst>
      <dst id="17">1469.1289</dst>
      <dst id="21">36.9778</dst>
    </src>
    <src id="16">
      <dst id="12">2641.8933</dst>
      <dst id="13">520.5422</dst>
      <dst id="19">4345.0578</dst>
      <dst id="23">41.7778</dst>
      <dst id="8">4677.7422</dst>
      <dst id="18">3.0133</dst>
      <dst id="4">4772.2756</dst>
      <dst id="1">20732.0622</dst>
      <dst id="5">3556.5956</dst>
      <dst id="3">0.3556</dst>
      <dst id="7">608.4178</dst>
      <dst id="2">892.3378</dst>
      <dst id="6">2.4089</dst>
      <dst id="16">68.7733</dst>
      <dst id="14">0.6578</dst>
      <dst id="11">194.5244</dst>
      <dst id="9">6163.5200</dst>
      <dst id="17">5558.0089</dst>
      <dst id="21">1779.9378</dst>
    </src>
    <src id="14">
      <dst id="12">22347.8667</dst>
      <dst id="13">45.9022</dst>
      <dst id="19">12.6578</dst>
      <dst id="23">0.4622</dst>
      <dst id="18">0.9956</dst>
      <dst id="4">1417.1378</dst>
      <dst id="1">215.3778</dst>
      <dst id="5">14.6844</dst>
      <dst id="3">39.6711</dst>
      <dst id="22">11.6889</dst>
      <dst id="7">53.5733</dst>
      <dst id="2">5689.0400</dst>
      <dst id="16">14.8356</dst>
      <dst id="20">0.7822</dst>
      <dst id="11">17.5911</dst>
      <dst id="9">41.6889</dst>
      <dst id="17">7353.9733</dst>
      <dst id="21">91.6000</dst>
    </src>
    <src id="20">
      <dst id="12">5028.7911</dst>
      <dst id="13">2500.8000</dst>
      <dst id="19">11.0133</dst>
      <dst id="23">40.0000</dst>
      <dst id="8">449.3778</dst>
      <dst id="18">26.7822</dst>
      <dst id="4">12181.6444</dst>
      <dst id="1">224.9600</dst>
      <dst id="5">5839.2800</dst>
      <dst id="3">9323.5111</dst>
      <dst id="7">3858.6311</dst>
      <dst id="2">9023.2444</dst>
      <dst id="14">5.3333</dst>
      <dst id="11">198.9689</dst>
      <dst id="9">1700.5422</dst>
      <dst id="17">796.6133</dst>
      <dst id="21">143.1467</dst>
    </src>
    <src id="11">
      <dst id="12">441572.6400</dst>
      <dst id="13">1971.6978</dst>
      <dst id="19">11.8400</dst>
      <dst id="23">45.2800</dst>
      <dst id="8">214.7911</dst>
      <dst id="18">17.9111</dst>
      <dst id="4">11174.6044</dst>
      <dst id="1">266.3911</dst>
      <dst id="5">908.5156</dst>
      <dst id="3">355.5200</dst>
      <dst id="22">4096.5244</dst>
      <dst id="7">1061.6000</dst>
      <dst id="2">178907.5200</dst>
      <dst id="6">0.4267</dst>
      <dst id="16">1615.4844</dst>
      <dst id="14">47.4489</dst>
      <dst id="20">726.5778</dst>
      <dst id="11">1258.7200</dst>
      <dst id="9">825.5289</dst>
      <dst id="17">156348.1689</dst>
      <dst id="21">816.2133</dst>
      <dst id="15">27.6178</dst>
    </src>
    <src id="9">
      <dst id="12">420157.9022</dst>
      <dst id="13">2995.7422</dst>
      <dst id="19">2172.3911</dst>
      <dst id="23">18.4356</dst>
      <dst id="8">540.7200</dst>
      <dst id="18">418.0800</dst>
      <dst id="4">11329.9556</dst>
      <dst id="1">1222.4356</dst>
      <dst id="5">2986.4267</dst>
      <dst id="3">7.7867</dst>
      <dst id="22">1324.8800</dst>
      <dst id="7">69.5911</dst>
      <dst id="2">161206.8089</dst>
      <dst id="16">749.4222</dst>
      <dst id="14">2.9244</dst>
      <dst id="20">1020.1244</dst>
      <dst id="11">296.1867</dst>
      <dst id="9">428.0356</dst>
      <dst id="17">169784.7556</dst>
      <dst id="21">381.8222</dst>
      <dst id="15">1840.7733</dst>
    </src>
    <src id="17">
      <dst id="12">5112.2311</dst>
      <dst id="13">4531.1644</dst>
      <dst id="19">332.7378</dst>
      <dst id="23">37.0667</dst>
      <dst id="8">134564.5778</dst>
      <dst id="18">146.9600</dst>
      <dst id="4">195061.3422</dst>
      <dst id="1">727.0311</dst>
      <dst id="5">179596.9511</dst>
      <dst id="3">3755.7244</dst>
      <dst id="22">6409.2711</dst>
      <dst id="7">1331.3867</dst>
      <dst id="2">13190.3911</dst>
      <dst id="6">25.6089</dst>
      <dst id="16">4409.4133</dst>
      <dst id="14">22857.5022</dst>
      <dst id="20">442.7289</dst>
      <dst id="11">98243.6533</dst>
      <dst id="9">155486.5244</dst>
      <dst id="17">2360.0000</dst>
      <dst id="21">6865.3156</dst>
      <dst id="15">134.6133</dst>
    </src>
    <src id="21">
      <dst id="12">34427.1289</dst>
      <dst id="13">3217.0222</dst>
      <dst id="19">72.8978</dst>
      <dst id="23">65.7067</dst>
      <dst id="8">171.5289</dst>
      <dst id="18">139.2622</dst>
      <dst id="4">9344.7822</dst>
      <dst id="1">2075.0844</dst>
      <dst id="5">288.5333</dst>
      <dst id="3">1063.1289</dst>
      <dst id="22">849.7689</dst>
      <dst id="7">916.3289</dst>
      <dst id="2">12450.5067</dst>
      <dst id="6">5.3422</dst>
      <dst id="16">298.8711</dst>
      <dst id="14">41.7244</dst>
      <dst id="20">360.5511</dst>
      <dst id="11">396.4444</dst>
      <dst id="9">164.1067</dst>
      <dst id="17">6715.2533</dst>
      <dst id="21">641.7867</dst>
      <dst id="15">79.2711</dst>
    </src>
    <src id="15">
      <dst id="12">725.1467</dst>
      <dst id="13">826.5778</dst>
      <dst id="19">3341.3689</dst>
      <dst id="8">79.1022</dst>
      <dst id="18">0.6400</dst>
      <dst id="4">2512.5689</dst>
      <dst id="1">681.0844</dst>
      <dst id="5">158.8444</dst>
      <dst id="3">18.3378</dst>
      <dst id="7">56.8978</dst>
      <dst id="2">476.1333</dst>
      <dst id="11">123.0311</dst>
      <dst id="9">235.9644</dst>
      <dst id="17">491.8844</dst>
      <dst id="21">145.0844</dst>
    </src>
  </IntraTM>
</TrafficMatrixFile>
