<?xml version="1.0" encoding="UTF-8" standalone="yes"?>
<TrafficMatrixFile xmlns:xsi="http://www.w3.org/2001/XMLSchema-instance" xsi:noNamespaceSchemaLocation="http://totem.run.montefiore.ulg.ac.be/Schema/TrafficMatrix-v1_2.xsd">
  <info>
    <title>Intradomain traffic matrix generated by geant-TM-all.pl</title>
    <date>2005-01-01T08:30:00</date>
    <duration>900</duration>
    <author>Steve Uhlig</author>
    <units>
        <unit type="bandwidth" value="kbps"/>
    </units>
  </info>
  <IntraTM ASID="20965">
    <src id="12">
      <dst id="12">255686.8000</dst>
      <dst id="13">26655.9200</dst>
      <dst id="19">1073.1822</dst>
      <dst id="23">2278.0889</dst>
      <dst id="8">4317.0578</dst>
      <dst id="18">2711.5733</dst>
      <dst id="4">117702.4000</dst>
      <dst id="1">8375.7867</dst>
      <dst id="5">7199.3600</dst>
      <dst id="3">5308.2489</dst>
      <dst id="22">16358.2844</dst>
      <dst id="7">9541.6978</dst>
      <dst id="2">89628.9511</dst>
      <dst id="6">609.8578</dst>
      <dst id="16">6811.7244</dst>
      <dst id="14">1894.5067</dst>
      <dst id="20">17857.9733</dst>
      <dst id="11">7174.3467</dst>
      <dst id="9">7778.0356</dst>
      <dst id="17">60236.0444</dst>
      <dst id="21">17704.3556</dst>
      <dst id="15">2624.4800</dst>
    </src>
    <src id="13">
      <dst id="12">60861.4844</dst>
      <dst id="19">6525.6622</dst>
      <dst id="23">81.5022</dst>
      <dst id="8">4171.0667</dst>
      <dst id="18">2627.8044</dst>
      <dst id="4">1.0667</dst>
      <dst id="1">1949.2622</dst>
      <dst id="5">10252.8978</dst>
      <dst id="3">7600.9867</dst>
      <dst id="22">27460.9333</dst>
      <dst id="7">8240.0089</dst>
      <dst id="2">114472.8000</dst>
      <dst id="6">174.8533</dst>
      <dst id="16">10670.3378</dst>
      <dst id="14">2253.5644</dst>
      <dst id="20">10068.6844</dst>
      <dst id="11">15145.5022</dst>
      <dst id="9">23838.0622</dst>
      <dst id="17">80665.0667</dst>
      <dst id="21">17724.7111</dst>
      <dst id="15">5220.0178</dst>
    </src>
    <src id="19">
      <dst id="12">21121.0578</dst>
      <dst id="13">1320.0978</dst>
      <dst id="8">18.0000</dst>
      <dst id="18">30.4444</dst>
      <dst id="4">20369.9822</dst>
      <dst id="1">144.6133</dst>
      <dst id="5">42.1333</dst>
      <dst id="3">384.1422</dst>
      <dst id="22">6892.1600</dst>
      <dst id="7">2949.4222</dst>
      <dst id="2">515.4044</dst>
      <dst id="6">61.1733</dst>
      <dst id="16">7877.5556</dst>
      <dst id="14">1.6267</dst>
      <dst id="20">2.2489</dst>
      <dst id="11">732.5511</dst>
      <dst id="9">738.4533</dst>
      <dst id="17">880.3556</dst>
      <dst id="21">589.6889</dst>
      <dst id="15">961.3778</dst>
    </src>
    <src id="23">
      <dst id="12">592.6844</dst>
      <dst id="13">298.7556</dst>
      <dst id="19">1.1289</dst>
      <dst id="8">69.6000</dst>
      <dst id="18">0.4267</dst>
      <dst id="4">73.5111</dst>
      <dst id="1">19.4844</dst>
      <dst id="5">35.9644</dst>
      <dst id="3">13.6711</dst>
      <dst id="22">217.0844</dst>
      <dst id="7">48.4178</dst>
      <dst id="2">18.2311</dst>
      <dst id="16">16.7556</dst>
      <dst id="14">12.6222</dst>
      <dst id="20">13.3333</dst>
      <dst id="11">4500.9600</dst>
      <dst id="9">336.5333</dst>
      <dst id="17">77.8311</dst>
      <dst id="21">2506.4356</dst>
      <dst id="15">1.4933</dst>
    </src>
    <src id="8">
      <dst id="12">323017.2622</dst>
      <dst id="13">970.9689</dst>
      <dst id="19">2.0800</dst>
      <dst id="23">53.3333</dst>
      <dst id="18">33.8578</dst>
      <dst id="4">11914.1244</dst>
      <dst id="1">83.7244</dst>
      <dst id="5">1044.0800</dst>
      <dst id="3">34.2222</dst>
      <dst id="22">663.2178</dst>
      <dst id="7">129.9200</dst>
      <dst id="2">106448.0267</dst>
      <dst id="16">460.8356</dst>
      <dst id="14">2.7733</dst>
      <dst id="20">395.7867</dst>
      <dst id="11">152.6311</dst>
      <dst id="9">709.7600</dst>
      <dst id="17">76068.1956</dst>
      <dst id="21">96.9156</dst>
      <dst id="15">1158.8533</dst>
    </src>
    <src id="18">
      <dst id="12">135859.9022</dst>
      <dst id="13">244.3289</dst>
      <dst id="19">120.3556</dst>
      <dst id="8">15.8933</dst>
      <dst id="4">2464.7556</dst>
      <dst id="1">983.9733</dst>
      <dst id="5">178.9067</dst>
      <dst id="3">93.2711</dst>
      <dst id="22">638.4356</dst>
      <dst id="7">16.7733</dst>
      <dst id="2">38514.1511</dst>
      <dst id="16">101.1378</dst>
      <dst id="14">13.3333</dst>
      <dst id="20">37.2000</dst>
      <dst id="11">60.2044</dst>
      <dst id="9">576.1867</dst>
      <dst id="17">32115.0844</dst>
      <dst id="21">521.3689</dst>
      <dst id="15">52.0089</dst>
    </src>
    <src id="4">
      <dst id="12">89240.9867</dst>
      <dst id="19">10390.6844</dst>
      <dst id="23">9.7333</dst>
      <dst id="8">586.4800</dst>
      <dst id="18">2597.4489</dst>
      <dst id="4">1.0578</dst>
      <dst id="1">3063.9822</dst>
      <dst id="5">1222.1956</dst>
      <dst id="3">6836.3822</dst>
      <dst id="22">6261.0400</dst>
      <dst id="7">53303.0489</dst>
      <dst id="2">39834.5600</dst>
      <dst id="6">29.7778</dst>
      <dst id="16">1098.8356</dst>
      <dst id="14">3243.9733</dst>
      <dst id="20">2181.7244</dst>
      <dst id="11">6860.7111</dst>
      <dst id="9">2136.9156</dst>
      <dst id="17">74352.8000</dst>
      <dst id="21">5816.0000</dst>
      <dst id="15">1069.0133</dst>
    </src>
    <src id="1">
      <dst id="12">15928.7822</dst>
      <dst id="13">488.4622</dst>
      <dst id="19">2487.2089</dst>
      <dst id="23">50.8444</dst>
      <dst id="8">108064.7289</dst>
      <dst id="18">11447.0489</dst>
      <dst id="4">13316.7644</dst>
      <dst id="1">88.9778</dst>
      <dst id="5">180680.7644</dst>
      <dst id="3">36829.8133</dst>
      <dst id="22">4708.7111</dst>
      <dst id="7">14303.1644</dst>
      <dst id="2">3378.4178</dst>
      <dst id="6">9013.8311</dst>
      <dst id="16">13933.1822</dst>
      <dst id="14">236.7378</dst>
      <dst id="20">129.8578</dst>
      <dst id="11">1530.2933</dst>
      <dst id="9">194988.5333</dst>
      <dst id="17">2508.6133</dst>
      <dst id="21">5714.5422</dst>
      <dst id="15">115.1822</dst>
    </src>
    <src id="5">
      <dst id="12">359177.9200</dst>
      <dst id="13">2433.3511</dst>
      <dst id="19">797.1644</dst>
      <dst id="23">53.7422</dst>
      <dst id="8">1664.0267</dst>
      <dst id="18">137.8844</dst>
      <dst id="4">7829.8844</dst>
      <dst id="1">130.6756</dst>
      <dst id="3">208.7822</dst>
      <dst id="22">6957.5289</dst>
      <dst id="7">142.3111</dst>
      <dst id="2">146952.1600</dst>
      <dst id="6">29.4133</dst>
      <dst id="16">486.1067</dst>
      <dst id="14">207.3156</dst>
      <dst id="20">4056.3378</dst>
      <dst id="11">2020.4622</dst>
      <dst id="9">2351.2178</dst>
      <dst id="17">83868.8800</dst>
      <dst id="21">439.9378</dst>
      <dst id="15">463.2978</dst>
    </src>
    <src id="3">
      <dst id="12">14667.7156</dst>
      <dst id="13">2082.7022</dst>
      <dst id="19">5205.0133</dst>
      <dst id="23">0.4622</dst>
      <dst id="8">189.0044</dst>
      <dst id="18">87997.4844</dst>
      <dst id="4">65645.6978</dst>
      <dst id="1">42758.4089</dst>
      <dst id="5">293.1644</dst>
      <dst id="3">14453.6622</dst>
      <dst id="22">736.7111</dst>
      <dst id="7">2594.1511</dst>
      <dst id="2">3626.7556</dst>
      <dst id="6">1.6000</dst>
      <dst id="16">1181.4400</dst>
      <dst id="14">33516.5422</dst>
      <dst id="20">1507.1022</dst>
      <dst id="11">129766.3644</dst>
      <dst id="9">116.8356</dst>
      <dst id="17">4127.9378</dst>
      <dst id="21">9133.9911</dst>
      <dst id="15">131.9822</dst>
    </src>
    <src id="10">
      <dst id="12">16839.3867</dst>
      <dst id="19">1083.1200</dst>
      <dst id="8">1245.3422</dst>
      <dst id="18">4721.2711</dst>
      <dst id="1">1056.2222</dst>
      <dst id="5">2443.3600</dst>
      <dst id="3">2800.0800</dst>
      <dst id="22">7148.4800</dst>
      <dst id="7">5831.8489</dst>
      <dst id="2">22594.0089</dst>
      <dst id="16">7693.2711</dst>
      <dst id="14">3126.5511</dst>
      <dst id="20">2749.0133</dst>
      <dst id="11">5099.0311</dst>
      <dst id="9">5296.5600</dst>
      <dst id="17">24444.7022</dst>
      <dst id="21">18157.0222</dst>
      <dst id="15">1118.5422</dst>
    </src>
    <src id="22">
      <dst id="12">13212.8267</dst>
      <dst id="13">2582.1156</dst>
      <dst id="19">226.6044</dst>
      <dst id="23">193.1644</dst>
      <dst id="8">602.6578</dst>
      <dst id="18">2867.0844</dst>
      <dst id="4">26441.9556</dst>
      <dst id="1">336.4089</dst>
      <dst id="5">2781.9378</dst>
      <dst id="3">1749.8667</dst>
      <dst id="7">1661.6800</dst>
      <dst id="2">2322.6222</dst>
      <dst id="6">0.4178</dst>
      <dst id="16">0.3022</dst>
      <dst id="14">211.5911</dst>
      <dst id="11">4969.6000</dst>
      <dst id="9">1712.0089</dst>
      <dst id="17">3821.9556</dst>
      <dst id="21">1477.8400</dst>
    </src>
    <src id="7">
      <dst id="12">5980.4533</dst>
      <dst id="13">285.3333</dst>
      <dst id="19">428.9600</dst>
      <dst id="23">93.4933</dst>
      <dst id="8">738.8178</dst>
      <dst id="18">1610.5067</dst>
      <dst id="4">68275.9111</dst>
      <dst id="1">14665.6800</dst>
      <dst id="5">1533.5733</dst>
      <dst id="3">9692.4978</dst>
      <dst id="22">7482.1511</dst>
      <dst id="7">609.7778</dst>
      <dst id="2">8892.0889</dst>
      <dst id="16">702.9511</dst>
      <dst id="14">80.0622</dst>
      <dst id="20">1543.4133</dst>
      <dst id="11">953.2089</dst>
      <dst id="9">539.0222</dst>
      <dst id="17">21002.1422</dst>
      <dst id="21">4764.6311</dst>
      <dst id="15">102.8356</dst>
    </src>
    <src id="2">
      <dst id="12">89754.4444</dst>
      <dst id="13">19758.6756</dst>
      <dst id="19">1088.0444</dst>
      <dst id="23">13.3333</dst>
      <dst id="8">1182.1244</dst>
      <dst id="18">81812.8978</dst>
      <dst id="4">121400.8889</dst>
      <dst id="1">1262.4800</dst>
      <dst id="5">1327.3422</dst>
      <dst id="3">4714.6400</dst>
      <dst id="22">2292.2400</dst>
      <dst id="7">2034.8533</dst>
      <dst id="2">1343.0400</dst>
      <dst id="6">6377.1556</dst>
      <dst id="16">4173.4933</dst>
      <dst id="14">178.4178</dst>
      <dst id="20">1371.6000</dst>
      <dst id="11">3071.7511</dst>
      <dst id="9">1157.3778</dst>
      <dst id="17">17343.8489</dst>
      <dst id="21">3346.4533</dst>
      <dst id="15">559.2089</dst>
    </src>
    <src id="6">
      <dst id="12">9987.9644</dst>
      <dst id="13">43.3511</dst>
      <dst id="19">2.8622</dst>
      <dst id="8">0.3556</dst>
      <dst id="4">102.1422</dst>
      <dst id="1">0.8800</dst>
      <dst id="5">1.1200</dst>
      <dst id="3">13.6889</dst>
      <dst id="22">1.2444</dst>
      <dst id="2">2009.0133</dst>
      <dst id="11">14.3467</dst>
      <dst id="9">34.4000</dst>
      <dst id="17">1172.0622</dst>
      <dst id="21">46.1867</dst>
    </src>
    <src id="16">
      <dst id="12">4467.2356</dst>
      <dst id="13">468.7467</dst>
      <dst id="19">4695.5556</dst>
      <dst id="23">4.1956</dst>
      <dst id="8">6598.8000</dst>
      <dst id="18">64.0533</dst>
      <dst id="4">7264.7911</dst>
      <dst id="1">12123.0933</dst>
      <dst id="5">1276.1511</dst>
      <dst id="3">1862.6667</dst>
      <dst id="7">2204.6844</dst>
      <dst id="2">703.4311</dst>
      <dst id="6">11.9289</dst>
      <dst id="16">42.2667</dst>
      <dst id="11">555.5556</dst>
      <dst id="9">3416.5067</dst>
      <dst id="17">2241.1822</dst>
      <dst id="21">251.9378</dst>
    </src>
    <src id="14">
      <dst id="12">20684.8533</dst>
      <dst id="13">63.1911</dst>
      <dst id="19">7.3333</dst>
      <dst id="23">0.8178</dst>
      <dst id="8">0.4267</dst>
      <dst id="18">0.4622</dst>
      <dst id="4">3031.0400</dst>
      <dst id="1">59.5733</dst>
      <dst id="5">1.7422</dst>
      <dst id="3">116.7556</dst>
      <dst id="22">16.7911</dst>
      <dst id="7">78.7378</dst>
      <dst id="2">5949.8756</dst>
      <dst id="16">10.0267</dst>
      <dst id="20">47.4489</dst>
      <dst id="11">25.1911</dst>
      <dst id="9">17.2978</dst>
      <dst id="17">4760.8178</dst>
      <dst id="21">76.9600</dst>
    </src>
    <src id="20">
      <dst id="12">5200.1067</dst>
      <dst id="13">2751.2711</dst>
      <dst id="19">3.1733</dst>
      <dst id="23">1.0667</dst>
      <dst id="8">7943.2533</dst>
      <dst id="18">110.0089</dst>
      <dst id="4">13116.5244</dst>
      <dst id="1">92.4622</dst>
      <dst id="5">1669.4489</dst>
      <dst id="3">7714.8800</dst>
      <dst id="7">335.8844</dst>
      <dst id="2">6146.2578</dst>
      <dst id="14">4.9244</dst>
      <dst id="11">1425.5556</dst>
      <dst id="9">1306.9067</dst>
      <dst id="17">4440.5156</dst>
      <dst id="21">758.9156</dst>
    </src>
    <src id="11">
      <dst id="12">420989.3689</dst>
      <dst id="13">2097.7600</dst>
      <dst id="19">100.0711</dst>
      <dst id="23">1745.3156</dst>
      <dst id="8">88.4711</dst>
      <dst id="18">322.4356</dst>
      <dst id="4">16671.4044</dst>
      <dst id="1">1299.6356</dst>
      <dst id="5">496.9511</dst>
      <dst id="3">1850.9778</dst>
      <dst id="22">6952.1422</dst>
      <dst id="7">230.4978</dst>
      <dst id="2">157992.0533</dst>
      <dst id="6">0.3556</dst>
      <dst id="16">1697.1911</dst>
      <dst id="14">33.3600</dst>
      <dst id="20">1441.4311</dst>
      <dst id="11">1359.6622</dst>
      <dst id="9">996.5244</dst>
      <dst id="17">93017.5022</dst>
      <dst id="21">1075.6622</dst>
      <dst id="15">394.7022</dst>
    </src>
    <src id="9">
      <dst id="12">521167.5467</dst>
      <dst id="13">2954.5511</dst>
      <dst id="19">58.5156</dst>
      <dst id="23">15.9644</dst>
      <dst id="8">296.0089</dst>
      <dst id="18">3851.8044</dst>
      <dst id="4">16431.9200</dst>
      <dst id="1">240.5067</dst>
      <dst id="5">6692.6756</dst>
      <dst id="3">109.9733</dst>
      <dst id="22">9627.5200</dst>
      <dst id="7">853.2533</dst>
      <dst id="2">156082.9956</dst>
      <dst id="6">1.0311</dst>
      <dst id="16">346.4800</dst>
      <dst id="14">15.6444</dst>
      <dst id="20">879.4489</dst>
      <dst id="11">356.5689</dst>
      <dst id="9">566.5867</dst>
      <dst id="17">131493.4844</dst>
      <dst id="21">548.1244</dst>
      <dst id="15">535.0400</dst>
    </src>
    <src id="17">
      <dst id="12">19139.3600</dst>
      <dst id="13">11836.5333</dst>
      <dst id="19">19896.8622</dst>
      <dst id="23">108.8800</dst>
      <dst id="8">109758.4000</dst>
      <dst id="18">1099.0578</dst>
      <dst id="4">84226.2400</dst>
      <dst id="1">2455.0400</dst>
      <dst id="5">174986.7733</dst>
      <dst id="3">24145.2089</dst>
      <dst id="22">4685.7689</dst>
      <dst id="7">32943.0222</dst>
      <dst id="2">17165.6000</dst>
      <dst id="6">18.5778</dst>
      <dst id="16">5571.1822</dst>
      <dst id="14">19412.7289</dst>
      <dst id="20">3046.2044</dst>
      <dst id="11">103239.0311</dst>
      <dst id="9">178582.5156</dst>
      <dst id="17">1240.3200</dst>
      <dst id="21">6841.7333</dst>
      <dst id="15">54.4711</dst>
    </src>
    <src id="21">
      <dst id="12">23767.7600</dst>
      <dst id="13">1203.7689</dst>
      <dst id="19">93.6000</dst>
      <dst id="23">90.1333</dst>
      <dst id="8">142.4267</dst>
      <dst id="18">1141.2533</dst>
      <dst id="4">28215.1378</dst>
      <dst id="1">1614.3556</dst>
      <dst id="5">604.9067</dst>
      <dst id="3">1103.1733</dst>
      <dst id="22">1620.2400</dst>
      <dst id="7">661.5733</dst>
      <dst id="2">12135.1467</dst>
      <dst id="16">133.8933</dst>
      <dst id="14">250.7911</dst>
      <dst id="20">314.1156</dst>
      <dst id="11">4437.8578</dst>
      <dst id="9">379.3956</dst>
      <dst id="17">3556.5956</dst>
      <dst id="21">2142.7556</dst>
      <dst id="15">16.8267</dst>
    </src>
    <src id="15">
      <dst id="12">2884.4978</dst>
      <dst id="13">243.2622</dst>
      <dst id="19">3705.4578</dst>
      <dst id="23">0.3378</dst>
      <dst id="8">255.0489</dst>
      <dst id="18">21.9467</dst>
      <dst id="4">3380.4800</dst>
      <dst id="1">76.6578</dst>
      <dst id="5">3855.1556</dst>
      <dst id="3">486.4622</dst>
      <dst id="7">30.6933</dst>
      <dst id="2">511.5200</dst>
      <dst id="6">0.3556</dst>
      <dst id="11">280.8800</dst>
      <dst id="9">467.2000</dst>
      <dst id="17">602.1600</dst>
      <dst id="21">135.2267</dst>
    </src>
  </IntraTM>
</TrafficMatrixFile>
