<?xml version="1.0" encoding="UTF-8" standalone="yes"?>
<TrafficMatrixFile xmlns:xsi="http://www.w3.org/2001/XMLSchema-instance" xsi:noNamespaceSchemaLocation="http://totem.run.montefiore.ulg.ac.be/Schema/TrafficMatrix-v1_2.xsd">
  <info>
    <title>Intradomain traffic matrix generated by geant-TM-all.pl</title>
    <date>2005-01-03T22:00:00</date>
    <duration>900</duration>
    <author>Steve Uhlig</author>
    <units>
        <unit type="bandwidth" value="kbps"/>
    </units>
  </info>
  <IntraTM ASID="20965">
    <src id="12">
      <dst id="12">260436.4000</dst>
      <dst id="13">22072.5244</dst>
      <dst id="19">3449.9733</dst>
      <dst id="23">16933.4756</dst>
      <dst id="8">1796.1067</dst>
      <dst id="18">1630.9600</dst>
      <dst id="4">57710.9867</dst>
      <dst id="1">14544.8000</dst>
      <dst id="5">4335.5378</dst>
      <dst id="3">5745.0133</dst>
      <dst id="22">17519.8222</dst>
      <dst id="7">1848.9600</dst>
      <dst id="2">84704.7556</dst>
      <dst id="6">4.6311</dst>
      <dst id="16">6447.4489</dst>
      <dst id="14">467.0311</dst>
      <dst id="20">6099.5022</dst>
      <dst id="11">6180.8444</dst>
      <dst id="9">4992.9956</dst>
      <dst id="17">99404.3378</dst>
      <dst id="21">5413.4756</dst>
      <dst id="15">6022.9156</dst>
    </src>
    <src id="13">
      <dst id="12">53032.9067</dst>
      <dst id="19">7441.7600</dst>
      <dst id="23">285.9822</dst>
      <dst id="8">3706.9778</dst>
      <dst id="18">1553.9733</dst>
      <dst id="1">3024.6400</dst>
      <dst id="5">6872.9689</dst>
      <dst id="3">3966.2844</dst>
      <dst id="22">19080.5422</dst>
      <dst id="7">7807.9644</dst>
      <dst id="2">69038.1778</dst>
      <dst id="6">106.3378</dst>
      <dst id="16">31794.1156</dst>
      <dst id="14">1714.9956</dst>
      <dst id="20">7115.7067</dst>
      <dst id="11">12167.4044</dst>
      <dst id="9">10398.3111</dst>
      <dst id="17">52831.7600</dst>
      <dst id="21">13257.6800</dst>
      <dst id="15">17025.3511</dst>
    </src>
    <src id="19">
      <dst id="12">17724.6311</dst>
      <dst id="13">13923.6533</dst>
      <dst id="23">91.1822</dst>
      <dst id="8">26.7289</dst>
      <dst id="18">1.3600</dst>
      <dst id="4">15943.5822</dst>
      <dst id="1">2074.1600</dst>
      <dst id="5">27.6533</dst>
      <dst id="3">13.3956</dst>
      <dst id="22">266.7111</dst>
      <dst id="7">3443.5378</dst>
      <dst id="2">475.0400</dst>
      <dst id="6">23.6356</dst>
      <dst id="16">7856.4178</dst>
      <dst id="14">0.3733</dst>
      <dst id="20">730.4356</dst>
      <dst id="11">1.9733</dst>
      <dst id="9">53.1111</dst>
      <dst id="17">18496.3289</dst>
      <dst id="21">228.5778</dst>
      <dst id="15">61.0844</dst>
    </src>
    <src id="23">
      <dst id="12">690.1333</dst>
      <dst id="13">212.4711</dst>
      <dst id="19">2.4889</dst>
      <dst id="8">5.5822</dst>
      <dst id="18">1734.2578</dst>
      <dst id="4">133.7956</dst>
      <dst id="1">54.5067</dst>
      <dst id="5">174.6133</dst>
      <dst id="3">189.4222</dst>
      <dst id="22">477.5111</dst>
      <dst id="7">21.1289</dst>
      <dst id="2">42.4000</dst>
      <dst id="6">1.0489</dst>
      <dst id="16">331.7778</dst>
      <dst id="20">17.5644</dst>
      <dst id="11">36.9244</dst>
      <dst id="9">915.9378</dst>
      <dst id="17">104.3022</dst>
      <dst id="21">25.9733</dst>
      <dst id="15">93.6889</dst>
    </src>
    <src id="8">
      <dst id="12">315869.1556</dst>
      <dst id="13">415.7244</dst>
      <dst id="19">3374.6311</dst>
      <dst id="23">12.6222</dst>
      <dst id="18">84.1956</dst>
      <dst id="4">3502.1244</dst>
      <dst id="1">404.9156</dst>
      <dst id="5">23425.1822</dst>
      <dst id="3">35.6444</dst>
      <dst id="22">1595.0844</dst>
      <dst id="7">648.4978</dst>
      <dst id="2">133340.7644</dst>
      <dst id="16">430.3289</dst>
      <dst id="20">331.7244</dst>
      <dst id="11">769.3511</dst>
      <dst id="9">1463.4756</dst>
      <dst id="17">119144.6667</dst>
      <dst id="21">68.5422</dst>
      <dst id="15">42.0889</dst>
    </src>
    <src id="18">
      <dst id="12">100808.5067</dst>
      <dst id="13">33.6267</dst>
      <dst id="19">1.7156</dst>
      <dst id="23">7.5022</dst>
      <dst id="8">0.3556</dst>
      <dst id="4">1330.8267</dst>
      <dst id="1">1269.1556</dst>
      <dst id="5">403.1822</dst>
      <dst id="3">61.7422</dst>
      <dst id="22">220.4444</dst>
      <dst id="7">21.2089</dst>
      <dst id="2">31448.7378</dst>
      <dst id="16">4.5600</dst>
      <dst id="14">0.3556</dst>
      <dst id="20">0.4622</dst>
      <dst id="11">23.6000</dst>
      <dst id="9">4.7378</dst>
      <dst id="17">33494.1867</dst>
      <dst id="21">389.6978</dst>
      <dst id="15">0.6400</dst>
    </src>
    <src id="4">
      <dst id="12">16603.1111</dst>
      <dst id="19">14813.5822</dst>
      <dst id="23">0.4622</dst>
      <dst id="8">1943.0044</dst>
      <dst id="18">660.2489</dst>
      <dst id="4">3.1111</dst>
      <dst id="1">13551.9822</dst>
      <dst id="5">1057.8489</dst>
      <dst id="3">2038.3022</dst>
      <dst id="22">6784.7822</dst>
      <dst id="7">118065.4133</dst>
      <dst id="2">55958.3467</dst>
      <dst id="6">13.2622</dst>
      <dst id="16">1273.6889</dst>
      <dst id="14">1203.5467</dst>
      <dst id="20">573.0933</dst>
      <dst id="11">2943.7511</dst>
      <dst id="9">2198.3733</dst>
      <dst id="17">51362.8089</dst>
      <dst id="21">5943.0311</dst>
      <dst id="15">900.7467</dst>
    </src>
    <src id="1">
      <dst id="12">20077.5822</dst>
      <dst id="13">582.0800</dst>
      <dst id="19">180.3733</dst>
      <dst id="23">21.4133</dst>
      <dst id="8">123669.5556</dst>
      <dst id="18">15046.7911</dst>
      <dst id="4">7186.9422</dst>
      <dst id="1">10887.7422</dst>
      <dst id="5">212290.5689</dst>
      <dst id="3">88.7022</dst>
      <dst id="22">3989.3156</dst>
      <dst id="7">3322.2044</dst>
      <dst id="2">3999.5644</dst>
      <dst id="6">10360.2578</dst>
      <dst id="16">10956.9156</dst>
      <dst id="14">28.9156</dst>
      <dst id="20">11678.4978</dst>
      <dst id="11">181.3511</dst>
      <dst id="9">210854.1333</dst>
      <dst id="17">4732.9956</dst>
      <dst id="21">11725.2800</dst>
      <dst id="15">97.0222</dst>
    </src>
    <src id="5">
      <dst id="12">300797.3511</dst>
      <dst id="13">5629.3422</dst>
      <dst id="19">28.6578</dst>
      <dst id="23">17.2800</dst>
      <dst id="8">2959.8400</dst>
      <dst id="18">155.5467</dst>
      <dst id="4">6766.7111</dst>
      <dst id="1">183.0222</dst>
      <dst id="3">176.8267</dst>
      <dst id="22">12635.3778</dst>
      <dst id="7">155.0133</dst>
      <dst id="2">118570.1244</dst>
      <dst id="6">43.9733</dst>
      <dst id="16">707.3956</dst>
      <dst id="14">76.8089</dst>
      <dst id="20">11564.7022</dst>
      <dst id="11">3145.3333</dst>
      <dst id="9">1195.9289</dst>
      <dst id="17">119258.0978</dst>
      <dst id="21">284.6133</dst>
      <dst id="15">343.7867</dst>
    </src>
    <src id="3">
      <dst id="12">11462.3644</dst>
      <dst id="13">2645.2178</dst>
      <dst id="19">897.2711</dst>
      <dst id="23">7240.1244</dst>
      <dst id="8">107.0311</dst>
      <dst id="18">60465.0311</dst>
      <dst id="4">9945.8756</dst>
      <dst id="1">5924.0444</dst>
      <dst id="5">438.5156</dst>
      <dst id="3">17123.8311</dst>
      <dst id="22">592.2844</dst>
      <dst id="7">1505.6356</dst>
      <dst id="2">4751.4489</dst>
      <dst id="6">21.6444</dst>
      <dst id="16">719.4756</dst>
      <dst id="14">27969.6000</dst>
      <dst id="20">63.9111</dst>
      <dst id="11">135789.6711</dst>
      <dst id="9">88.5067</dst>
      <dst id="17">10677.9467</dst>
      <dst id="21">13229.7778</dst>
      <dst id="15">51.8311</dst>
    </src>
    <src id="10">
      <dst id="12">17165.9911</dst>
      <dst id="19">550.0356</dst>
      <dst id="8">458.0178</dst>
      <dst id="18">1926.9956</dst>
      <dst id="1">2500.5689</dst>
      <dst id="5">802.7022</dst>
      <dst id="3">4882.0000</dst>
      <dst id="22">9137.3333</dst>
      <dst id="7">3456.4711</dst>
      <dst id="2">17446.5511</dst>
      <dst id="6">59.9111</dst>
      <dst id="16">787.4311</dst>
      <dst id="14">1492.5422</dst>
      <dst id="20">2391.5289</dst>
      <dst id="11">8107.1022</dst>
      <dst id="9">4161.0844</dst>
      <dst id="17">19734.6844</dst>
      <dst id="21">9705.0844</dst>
      <dst id="15">269.2711</dst>
    </src>
    <src id="22">
      <dst id="12">8372.0711</dst>
      <dst id="13">2133.9022</dst>
      <dst id="19">210.1333</dst>
      <dst id="23">666.2400</dst>
      <dst id="8">1051.8844</dst>
      <dst id="18">377.5911</dst>
      <dst id="4">17247.2711</dst>
      <dst id="1">2833.1022</dst>
      <dst id="5">2900.2489</dst>
      <dst id="3">444.5778</dst>
      <dst id="7">981.8311</dst>
      <dst id="2">3548.3111</dst>
      <dst id="6">0.4178</dst>
      <dst id="16">21.3867</dst>
      <dst id="14">730.7289</dst>
      <dst id="11">1643.6000</dst>
      <dst id="9">2181.4222</dst>
      <dst id="17">4075.1111</dst>
      <dst id="21">1343.9733</dst>
    </src>
    <src id="7">
      <dst id="12">6921.0311</dst>
      <dst id="13">246.1778</dst>
      <dst id="19">693.5822</dst>
      <dst id="23">173.9822</dst>
      <dst id="8">1005.0844</dst>
      <dst id="18">299.1467</dst>
      <dst id="4">23020.5689</dst>
      <dst id="1">6098.5689</dst>
      <dst id="5">1980.7289</dst>
      <dst id="3">1011.9822</dst>
      <dst id="22">3148.3378</dst>
      <dst id="7">569.7778</dst>
      <dst id="2">5255.9644</dst>
      <dst id="6">24.7467</dst>
      <dst id="16">622.0444</dst>
      <dst id="14">54.5511</dst>
      <dst id="20">481.8578</dst>
      <dst id="11">607.6356</dst>
      <dst id="9">707.8044</dst>
      <dst id="17">13414.8533</dst>
      <dst id="21">5192.0533</dst>
      <dst id="15">1820.9600</dst>
    </src>
    <src id="2">
      <dst id="12">146603.6089</dst>
      <dst id="13">514338.0711</dst>
      <dst id="19">219.6356</dst>
      <dst id="23">13.3333</dst>
      <dst id="8">201.8933</dst>
      <dst id="18">53550.2578</dst>
      <dst id="4">59733.9289</dst>
      <dst id="1">8480.9156</dst>
      <dst id="5">1476.0000</dst>
      <dst id="3">187.1022</dst>
      <dst id="22">3812.3022</dst>
      <dst id="7">3792.9067</dst>
      <dst id="2">765.7333</dst>
      <dst id="6">9803.7511</dst>
      <dst id="16">4132.1511</dst>
      <dst id="14">5494.7733</dst>
      <dst id="20">568.5689</dst>
      <dst id="11">7010.7822</dst>
      <dst id="9">704.7556</dst>
      <dst id="17">40147.5378</dst>
      <dst id="21">4895.0044</dst>
      <dst id="15">148.6756</dst>
    </src>
    <src id="6">
      <dst id="12">10333.7422</dst>
      <dst id="13">3.5644</dst>
      <dst id="19">87.6089</dst>
      <dst id="4">1082.6044</dst>
      <dst id="1">5.3244</dst>
      <dst id="5">24.8978</dst>
      <dst id="3">49.5556</dst>
      <dst id="22">0.7111</dst>
      <dst id="2">2601.1111</dst>
      <dst id="16">1.9378</dst>
      <dst id="20">12.6222</dst>
      <dst id="11">11.0222</dst>
      <dst id="9">74.0711</dst>
      <dst id="17">2136.2222</dst>
      <dst id="21">4.8978</dst>
    </src>
    <src id="16">
      <dst id="12">3080.6756</dst>
      <dst id="13">821.4667</dst>
      <dst id="19">4450.4444</dst>
      <dst id="23">72.3467</dst>
      <dst id="8">4242.1689</dst>
      <dst id="18">1.5911</dst>
      <dst id="4">3708.7111</dst>
      <dst id="1">13242.3200</dst>
      <dst id="5">3761.1467</dst>
      <dst id="3">215.4311</dst>
      <dst id="7">76.4356</dst>
      <dst id="2">1178.4889</dst>
      <dst id="6">1.2622</dst>
      <dst id="16">46.0711</dst>
      <dst id="14">719.1733</dst>
      <dst id="11">484.8800</dst>
      <dst id="9">5771.9733</dst>
      <dst id="17">1965.1911</dst>
      <dst id="21">2720.8178</dst>
    </src>
    <src id="14">
      <dst id="12">13906.0267</dst>
      <dst id="13">77.1378</dst>
      <dst id="19">17.7778</dst>
      <dst id="23">0.6578</dst>
      <dst id="18">14.6133</dst>
      <dst id="4">1482.6756</dst>
      <dst id="1">107.6889</dst>
      <dst id="5">40.8267</dst>
      <dst id="3">50.4800</dst>
      <dst id="22">64.4089</dst>
      <dst id="7">52.5422</dst>
      <dst id="2">4692.3911</dst>
      <dst id="16">20.4089</dst>
      <dst id="20">25.4044</dst>
      <dst id="11">64.4089</dst>
      <dst id="9">20.4267</dst>
      <dst id="17">5325.2267</dst>
      <dst id="21">79.1378</dst>
      <dst id="15">0.6578</dst>
    </src>
    <src id="20">
      <dst id="12">2397.7333</dst>
      <dst id="13">15687.6267</dst>
      <dst id="19">883.0222</dst>
      <dst id="23">84.0622</dst>
      <dst id="8">313.4222</dst>
      <dst id="18">1.4667</dst>
      <dst id="4">5846.8622</dst>
      <dst id="1">292.5778</dst>
      <dst id="5">951.7867</dst>
      <dst id="3">114.3467</dst>
      <dst id="7">1095.3778</dst>
      <dst id="2">1263.7689</dst>
      <dst id="6">0.5511</dst>
      <dst id="14">1506.6667</dst>
      <dst id="11">729.6089</dst>
      <dst id="9">2181.2800</dst>
      <dst id="17">723.2356</dst>
      <dst id="21">76.3822</dst>
    </src>
    <src id="11">
      <dst id="12">383153.5378</dst>
      <dst id="13">4399.2800</dst>
      <dst id="19">9.2444</dst>
      <dst id="23">4.6222</dst>
      <dst id="8">682.3733</dst>
      <dst id="18">8.3822</dst>
      <dst id="4">5028.2222</dst>
      <dst id="1">337.3511</dst>
      <dst id="5">4678.2133</dst>
      <dst id="3">313.1289</dst>
      <dst id="22">4677.9733</dst>
      <dst id="7">1131.5644</dst>
      <dst id="2">148210.9333</dst>
      <dst id="6">0.7111</dst>
      <dst id="16">598.3378</dst>
      <dst id="14">53.4222</dst>
      <dst id="20">1045.6533</dst>
      <dst id="11">1872.0711</dst>
      <dst id="9">1088.0622</dst>
      <dst id="17">151222.8533</dst>
      <dst id="21">4621.0044</dst>
      <dst id="15">400.6578</dst>
    </src>
    <src id="9">
      <dst id="12">414805.6356</dst>
      <dst id="13">17838.3822</dst>
      <dst id="19">78.1333</dst>
      <dst id="23">26.0622</dst>
      <dst id="8">2791.4489</dst>
      <dst id="18">70.5600</dst>
      <dst id="4">6071.1022</dst>
      <dst id="1">2029.4844</dst>
      <dst id="5">1028.8889</dst>
      <dst id="22">8600.6933</dst>
      <dst id="7">2066.6133</dst>
      <dst id="2">163913.7333</dst>
      <dst id="6">17.5911</dst>
      <dst id="16">623.4133</dst>
      <dst id="14">59.3422</dst>
      <dst id="20">1818.6044</dst>
      <dst id="11">2103.2356</dst>
      <dst id="9">1916.5689</dst>
      <dst id="17">205623.9644</dst>
      <dst id="21">3657.4311</dst>
      <dst id="15">884.9600</dst>
    </src>
    <src id="17">
      <dst id="12">6489.2978</dst>
      <dst id="13">1288.2667</dst>
      <dst id="19">304.9778</dst>
      <dst id="23">861.6356</dst>
      <dst id="8">128061.0311</dst>
      <dst id="18">124.7644</dst>
      <dst id="4">38035.5733</dst>
      <dst id="1">1234.0889</dst>
      <dst id="5">209126.7200</dst>
      <dst id="3">9073.3778</dst>
      <dst id="22">8593.6889</dst>
      <dst id="7">3646.2489</dst>
      <dst id="2">21490.7911</dst>
      <dst id="6">179.7956</dst>
      <dst id="16">4980.4000</dst>
      <dst id="14">27452.1067</dst>
      <dst id="20">1706.1867</dst>
      <dst id="11">107568.8711</dst>
      <dst id="9">180835.9289</dst>
      <dst id="17">1433.3867</dst>
      <dst id="21">13543.3511</dst>
      <dst id="15">497.1378</dst>
    </src>
    <src id="21">
      <dst id="12">20825.9467</dst>
      <dst id="13">2109.5733</dst>
      <dst id="19">186.6222</dst>
      <dst id="23">27.3422</dst>
      <dst id="8">122.2844</dst>
      <dst id="18">483.6889</dst>
      <dst id="4">14293.8133</dst>
      <dst id="1">1457.5111</dst>
      <dst id="5">611.6178</dst>
      <dst id="3">701.1733</dst>
      <dst id="22">1252.6400</dst>
      <dst id="7">2560.6311</dst>
      <dst id="2">11737.5289</dst>
      <dst id="6">6.7467</dst>
      <dst id="16">257.8133</dst>
      <dst id="14">102.0000</dst>
      <dst id="20">90.6578</dst>
      <dst id="11">3800.1867</dst>
      <dst id="9">993.9556</dst>
      <dst id="17">3996.8444</dst>
      <dst id="21">1024.3822</dst>
      <dst id="15">5.3244</dst>
    </src>
    <src id="15">
      <dst id="12">3147.2000</dst>
      <dst id="13">4339.0044</dst>
      <dst id="19">60.1244</dst>
      <dst id="23">17.7156</dst>
      <dst id="8">28.8711</dst>
      <dst id="18">12.0444</dst>
      <dst id="4">2387.3511</dst>
      <dst id="1">801.9822</dst>
      <dst id="5">283.3511</dst>
      <dst id="3">25.1378</dst>
      <dst id="7">112.7200</dst>
      <dst id="2">155.8044</dst>
      <dst id="11">192.0622</dst>
      <dst id="9">613.4756</dst>
      <dst id="17">797.6267</dst>
      <dst id="21">9.0044</dst>
    </src>
  </IntraTM>
</TrafficMatrixFile>
