<?xml version="1.0" encoding="UTF-8" standalone="yes"?>
<TrafficMatrixFile xmlns:xsi="http://www.w3.org/2001/XMLSchema-instance" xsi:noNamespaceSchemaLocation="http://totem.run.montefiore.ulg.ac.be/Schema/TrafficMatrix-v1_2.xsd">
  <info>
    <title>Intradomain traffic matrix generated by geant-TM-all.pl</title>
    <date>2005-01-05T22:00:00</date>
    <duration>900</duration>
    <author>Steve Uhlig</author>
    <units>
        <unit type="bandwidth" value="kbps"/>
    </units>
  </info>
  <IntraTM ASID="20965">
    <src id="12">
      <dst id="12">341955.6622</dst>
      <dst id="13">38682.1333</dst>
      <dst id="19">10131.1467</dst>
      <dst id="23">11094.5244</dst>
      <dst id="8">10195.3867</dst>
      <dst id="18">12476.1244</dst>
      <dst id="4">78333.7422</dst>
      <dst id="1">10571.3067</dst>
      <dst id="5">12417.3422</dst>
      <dst id="3">10139.3244</dst>
      <dst id="22">27148.8089</dst>
      <dst id="7">24110.4267</dst>
      <dst id="2">149975.6267</dst>
      <dst id="6">116.4622</dst>
      <dst id="16">10817.8578</dst>
      <dst id="14">2153.3511</dst>
      <dst id="20">25931.4044</dst>
      <dst id="11">11975.2622</dst>
      <dst id="9">15744.8178</dst>
      <dst id="17">160823.8933</dst>
      <dst id="21">20672.8444</dst>
      <dst id="15">2347.8044</dst>
    </src>
    <src id="13">
      <dst id="12">99603.0489</dst>
      <dst id="19">27321.4400</dst>
      <dst id="23">2477.1556</dst>
      <dst id="8">19398.7378</dst>
      <dst id="18">9555.2533</dst>
      <dst id="1">15249.0489</dst>
      <dst id="5">9363.5022</dst>
      <dst id="3">38580.4800</dst>
      <dst id="22">28737.9911</dst>
      <dst id="7">35612.2222</dst>
      <dst id="2">130934.3733</dst>
      <dst id="6">458.9511</dst>
      <dst id="16">16355.6978</dst>
      <dst id="14">6668.0889</dst>
      <dst id="20">60767.7867</dst>
      <dst id="11">26414.7200</dst>
      <dst id="9">23046.3733</dst>
      <dst id="17">126352.0978</dst>
      <dst id="21">38667.2978</dst>
      <dst id="15">8499.9911</dst>
    </src>
    <src id="19">
      <dst id="12">19071.1378</dst>
      <dst id="13">8254.1422</dst>
      <dst id="23">151.3867</dst>
      <dst id="8">223.9200</dst>
      <dst id="18">1661.5467</dst>
      <dst id="4">20710.7822</dst>
      <dst id="1">2279.1467</dst>
      <dst id="5">245.0489</dst>
      <dst id="3">261.0222</dst>
      <dst id="22">907.2533</dst>
      <dst id="7">27203.6444</dst>
      <dst id="2">5417.3689</dst>
      <dst id="6">192.8089</dst>
      <dst id="16">9985.4578</dst>
      <dst id="14">23.5733</dst>
      <dst id="20">160.2844</dst>
      <dst id="11">939.0933</dst>
      <dst id="9">268.4000</dst>
      <dst id="17">11656.6933</dst>
      <dst id="21">3246.8978</dst>
      <dst id="15">32.6222</dst>
    </src>
    <src id="23">
      <dst id="12">2508.6489</dst>
      <dst id="13">288.8267</dst>
      <dst id="19">189.0133</dst>
      <dst id="8">26.6667</dst>
      <dst id="18">40.3556</dst>
      <dst id="4">33.7689</dst>
      <dst id="1">1035.4844</dst>
      <dst id="5">48.1956</dst>
      <dst id="3">1185.4133</dst>
      <dst id="22">1124.8711</dst>
      <dst id="7">5682.5778</dst>
      <dst id="2">331.7511</dst>
      <dst id="6">1.2800</dst>
      <dst id="16">531.0133</dst>
      <dst id="14">61.6089</dst>
      <dst id="20">54.9689</dst>
      <dst id="11">119.5822</dst>
      <dst id="9">3141.4578</dst>
      <dst id="17">3207.0133</dst>
      <dst id="21">1582.2044</dst>
      <dst id="15">533.3333</dst>
    </src>
    <src id="8">
      <dst id="12">362048.0711</dst>
      <dst id="13">4955.7689</dst>
      <dst id="19">678.2756</dst>
      <dst id="23">0.3556</dst>
      <dst id="18">79.0489</dst>
      <dst id="4">5778.2933</dst>
      <dst id="1">1126.2933</dst>
      <dst id="5">4175.2000</dst>
      <dst id="3">396.1333</dst>
      <dst id="22">2255.8400</dst>
      <dst id="7">1232.2400</dst>
      <dst id="2">149228.6489</dst>
      <dst id="6">0.4178</dst>
      <dst id="16">1094.1333</dst>
      <dst id="14">25.1378</dst>
      <dst id="20">3509.8044</dst>
      <dst id="11">2952.0089</dst>
      <dst id="9">732.1156</dst>
      <dst id="17">155921.9289</dst>
      <dst id="21">1960.9689</dst>
      <dst id="15">112.3822</dst>
    </src>
    <src id="18">
      <dst id="12">124126.9156</dst>
      <dst id="13">1312.0978</dst>
      <dst id="19">55.5467</dst>
      <dst id="23">6.6578</dst>
      <dst id="8">136.9956</dst>
      <dst id="4">1933.6000</dst>
      <dst id="1">1554.6044</dst>
      <dst id="5">150.5956</dst>
      <dst id="3">179.3511</dst>
      <dst id="22">574.2844</dst>
      <dst id="7">281.3422</dst>
      <dst id="2">35500.9956</dst>
      <dst id="16">124.6133</dst>
      <dst id="14">10.7289</dst>
      <dst id="20">167.1556</dst>
      <dst id="11">498.9244</dst>
      <dst id="9">128.1244</dst>
      <dst id="17">46961.2711</dst>
      <dst id="21">733.2889</dst>
      <dst id="15">170.7022</dst>
    </src>
    <src id="4">
      <dst id="12">23341.1822</dst>
      <dst id="19">62588.7556</dst>
      <dst id="23">0.2844</dst>
      <dst id="8">3611.1378</dst>
      <dst id="18">1123.4756</dst>
      <dst id="4">1.0756</dst>
      <dst id="1">36460.1867</dst>
      <dst id="5">3021.7333</dst>
      <dst id="3">1406.6844</dst>
      <dst id="22">5836.8089</dst>
      <dst id="7">73154.7822</dst>
      <dst id="2">89538.4533</dst>
      <dst id="6">98.1333</dst>
      <dst id="16">5410.5867</dst>
      <dst id="14">2966.4000</dst>
      <dst id="20">4884.3733</dst>
      <dst id="11">5544.2756</dst>
      <dst id="9">6512.7911</dst>
      <dst id="17">52870.0000</dst>
      <dst id="21">14591.4844</dst>
      <dst id="15">809.0133</dst>
    </src>
    <src id="1">
      <dst id="12">17255.9822</dst>
      <dst id="13">14810.7556</dst>
      <dst id="19">24949.3511</dst>
      <dst id="23">121.5556</dst>
      <dst id="8">235033.0756</dst>
      <dst id="18">13914.3733</dst>
      <dst id="4">17721.7244</dst>
      <dst id="1">13573.1111</dst>
      <dst id="5">305646.4444</dst>
      <dst id="3">13496.3733</dst>
      <dst id="22">15060.1333</dst>
      <dst id="7">46013.0933</dst>
      <dst id="2">13314.7289</dst>
      <dst id="6">23275.0844</dst>
      <dst id="16">12223.8222</dst>
      <dst id="14">4655.6444</dst>
      <dst id="20">2321.4756</dst>
      <dst id="11">2255.5200</dst>
      <dst id="9">412095.4667</dst>
      <dst id="17">47386.5956</dst>
      <dst id="21">11283.5911</dst>
      <dst id="15">6265.3156</dst>
    </src>
    <src id="5">
      <dst id="12">326284.2667</dst>
      <dst id="13">20486.8889</dst>
      <dst id="19">8722.6489</dst>
      <dst id="23">27.7956</dst>
      <dst id="8">14981.4844</dst>
      <dst id="18">920.2222</dst>
      <dst id="4">12605.9111</dst>
      <dst id="1">5833.8667</dst>
      <dst id="3">50.5689</dst>
      <dst id="22">5638.5511</dst>
      <dst id="7">725.6267</dst>
      <dst id="2">155956.3378</dst>
      <dst id="6">39.6178</dst>
      <dst id="16">1810.9511</dst>
      <dst id="14">47.2622</dst>
      <dst id="20">9598.8178</dst>
      <dst id="11">2755.0222</dst>
      <dst id="9">1437.0578</dst>
      <dst id="17">133078.7911</dst>
      <dst id="21">589.5289</dst>
      <dst id="15">1342.7644</dst>
    </src>
    <src id="3">
      <dst id="12">19505.9822</dst>
      <dst id="13">4244.4533</dst>
      <dst id="19">2766.3200</dst>
      <dst id="23">7419.1911</dst>
      <dst id="8">853.8667</dst>
      <dst id="18">185650.5778</dst>
      <dst id="4">26735.0400</dst>
      <dst id="1">31669.4489</dst>
      <dst id="5">490.7289</dst>
      <dst id="3">19565.4844</dst>
      <dst id="22">1731.7689</dst>
      <dst id="7">67419.9111</dst>
      <dst id="2">20947.7511</dst>
      <dst id="6">9.8133</dst>
      <dst id="16">1864.7911</dst>
      <dst id="14">65054.1867</dst>
      <dst id="20">4355.1467</dst>
      <dst id="11">373815.2711</dst>
      <dst id="9">1389.5556</dst>
      <dst id="17">19572.7911</dst>
      <dst id="21">22801.3156</dst>
      <dst id="15">2972.0000</dst>
    </src>
    <src id="10">
      <dst id="12">39125.5644</dst>
      <dst id="19">5690.1067</dst>
      <dst id="8">4074.4178</dst>
      <dst id="18">3915.1733</dst>
      <dst id="1">2997.5733</dst>
      <dst id="5">1848.9067</dst>
      <dst id="3">15480.1067</dst>
      <dst id="22">8746.3822</dst>
      <dst id="7">18407.8844</dst>
      <dst id="2">62497.7956</dst>
      <dst id="6">416.0711</dst>
      <dst id="16">4729.8222</dst>
      <dst id="14">2871.2711</dst>
      <dst id="20">1673.6978</dst>
      <dst id="11">8376.0800</dst>
      <dst id="9">6724.7111</dst>
      <dst id="17">52959.2978</dst>
      <dst id="21">17190.3822</dst>
      <dst id="15">385.8133</dst>
    </src>
    <src id="22">
      <dst id="12">10973.8311</dst>
      <dst id="13">4476.9689</dst>
      <dst id="19">2636.0533</dst>
      <dst id="23">48.4533</dst>
      <dst id="8">2012.7733</dst>
      <dst id="18">612.2844</dst>
      <dst id="4">20937.9556</dst>
      <dst id="1">3650.0622</dst>
      <dst id="5">9144.7200</dst>
      <dst id="3">1352.4800</dst>
      <dst id="7">3154.7289</dst>
      <dst id="2">7558.4356</dst>
      <dst id="6">59.6178</dst>
      <dst id="16">5.0844</dst>
      <dst id="14">104.5156</dst>
      <dst id="11">4300.5956</dst>
      <dst id="9">3445.4578</dst>
      <dst id="17">15460.1333</dst>
      <dst id="21">1626.5778</dst>
    </src>
    <src id="7">
      <dst id="12">8612.6933</dst>
      <dst id="13">2651.7156</dst>
      <dst id="19">8571.4400</dst>
      <dst id="23">277.1200</dst>
      <dst id="8">728.0889</dst>
      <dst id="18">860.0533</dst>
      <dst id="4">26562.0622</dst>
      <dst id="1">15666.0444</dst>
      <dst id="5">1786.3733</dst>
      <dst id="3">4397.9378</dst>
      <dst id="22">4575.7600</dst>
      <dst id="7">791.3333</dst>
      <dst id="2">24546.3733</dst>
      <dst id="6">86.5422</dst>
      <dst id="16">6827.2444</dst>
      <dst id="14">115.2178</dst>
      <dst id="20">3828.0356</dst>
      <dst id="11">4668.6756</dst>
      <dst id="9">3819.4933</dst>
      <dst id="17">18836.2933</dst>
      <dst id="21">8940.4444</dst>
      <dst id="15">1000.1956</dst>
    </src>
    <src id="2">
      <dst id="12">178116.6933</dst>
      <dst id="13">595558.4089</dst>
      <dst id="19">1973.0756</dst>
      <dst id="23">42.3467</dst>
      <dst id="8">3570.3644</dst>
      <dst id="18">145837.2889</dst>
      <dst id="4">79937.4489</dst>
      <dst id="1">16358.3911</dst>
      <dst id="5">11115.4400</dst>
      <dst id="3">848.7556</dst>
      <dst id="22">2441.8667</dst>
      <dst id="7">16002.5067</dst>
      <dst id="2">1497.2889</dst>
      <dst id="6">16666.2400</dst>
      <dst id="16">1862.4267</dst>
      <dst id="14">5596.4711</dst>
      <dst id="20">49648.9244</dst>
      <dst id="11">9523.9556</dst>
      <dst id="9">3912.2933</dst>
      <dst id="17">66125.1111</dst>
      <dst id="21">9040.3644</dst>
      <dst id="15">241.2978</dst>
    </src>
    <src id="6">
      <dst id="12">14025.6533</dst>
      <dst id="13">371.5644</dst>
      <dst id="19">54.8178</dst>
      <dst id="4">1409.6800</dst>
      <dst id="1">92.4356</dst>
      <dst id="5">36.3289</dst>
      <dst id="22">75.9556</dst>
      <dst id="7">388.7911</dst>
      <dst id="2">3115.4578</dst>
      <dst id="16">27.9644</dst>
      <dst id="14">0.9244</dst>
      <dst id="20">19.5111</dst>
      <dst id="11">104.5689</dst>
      <dst id="9">95.9644</dst>
      <dst id="17">3712.0356</dst>
      <dst id="21">261.9289</dst>
      <dst id="15">7.7156</dst>
    </src>
    <src id="16">
      <dst id="12">2798.8711</dst>
      <dst id="13">1596.7200</dst>
      <dst id="19">4439.6978</dst>
      <dst id="23">94.5511</dst>
      <dst id="8">10109.7333</dst>
      <dst id="18">226.4356</dst>
      <dst id="4">7665.5911</dst>
      <dst id="1">21097.9644</dst>
      <dst id="5">10345.4489</dst>
      <dst id="3">40.3556</dst>
      <dst id="7">6383.0311</dst>
      <dst id="2">3934.6400</dst>
      <dst id="6">132.5333</dst>
      <dst id="16">56.7644</dst>
      <dst id="14">776.0711</dst>
      <dst id="11">3382.8178</dst>
      <dst id="9">12699.9111</dst>
      <dst id="17">8571.1467</dst>
      <dst id="21">6419.5467</dst>
    </src>
    <src id="14">
      <dst id="12">24591.4400</dst>
      <dst id="13">122.2222</dst>
      <dst id="19">6.0089</dst>
      <dst id="23">12.6222</dst>
      <dst id="8">1.3333</dst>
      <dst id="18">17.6000</dst>
      <dst id="4">2865.3422</dst>
      <dst id="1">700.3289</dst>
      <dst id="5">15.7956</dst>
      <dst id="3">455.2800</dst>
      <dst id="22">56.5422</dst>
      <dst id="7">180.2578</dst>
      <dst id="2">10056.8622</dst>
      <dst id="6">31.6800</dst>
      <dst id="16">21.9911</dst>
      <dst id="20">2.1689</dst>
      <dst id="11">101.1733</dst>
      <dst id="9">113.5467</dst>
      <dst id="17">13216.6844</dst>
      <dst id="21">202.4711</dst>
      <dst id="15">0.4622</dst>
    </src>
    <src id="20">
      <dst id="12">9716.7289</dst>
      <dst id="13">17569.7333</dst>
      <dst id="19">160.2133</dst>
      <dst id="23">73.6978</dst>
      <dst id="8">2092.8978</dst>
      <dst id="18">1145.6711</dst>
      <dst id="4">8787.7244</dst>
      <dst id="1">1937.6889</dst>
      <dst id="5">4189.8222</dst>
      <dst id="3">5168.9778</dst>
      <dst id="7">3465.4222</dst>
      <dst id="2">21849.4844</dst>
      <dst id="6">252.6044</dst>
      <dst id="14">26.3911</dst>
      <dst id="11">2847.0844</dst>
      <dst id="9">8756.2044</dst>
      <dst id="17">4662.9422</dst>
      <dst id="21">737.1822</dst>
    </src>
    <src id="11">
      <dst id="12">476832.5333</dst>
      <dst id="13">4768.4889</dst>
      <dst id="19">831.5200</dst>
      <dst id="23">38.5600</dst>
      <dst id="8">1889.8311</dst>
      <dst id="18">611.5911</dst>
      <dst id="4">14267.9022</dst>
      <dst id="1">1041.7067</dst>
      <dst id="5">2733.4222</dst>
      <dst id="3">2714.4178</dst>
      <dst id="22">2601.7956</dst>
      <dst id="7">2446.6133</dst>
      <dst id="2">210574.4267</dst>
      <dst id="6">523.3244</dst>
      <dst id="16">730.5689</dst>
      <dst id="14">832.1689</dst>
      <dst id="20">5127.1644</dst>
      <dst id="11">4188.4800</dst>
      <dst id="9">1809.2533</dst>
      <dst id="17">212438.4444</dst>
      <dst id="21">1257.4044</dst>
      <dst id="15">403.6178</dst>
    </src>
    <src id="9">
      <dst id="12">493329.6978</dst>
      <dst id="13">7641.1911</dst>
      <dst id="19">139.5822</dst>
      <dst id="23">809.6178</dst>
      <dst id="8">6322.4356</dst>
      <dst id="18">235.2533</dst>
      <dst id="4">10359.6178</dst>
      <dst id="1">11434.8533</dst>
      <dst id="5">1749.5556</dst>
      <dst id="3">23.4489</dst>
      <dst id="22">13008.4267</dst>
      <dst id="7">3201.3067</dst>
      <dst id="2">210568.6044</dst>
      <dst id="6">4.2667</dst>
      <dst id="16">1016.9333</dst>
      <dst id="14">3566.3822</dst>
      <dst id="20">6379.8400</dst>
      <dst id="11">2425.3156</dst>
      <dst id="9">4586.9600</dst>
      <dst id="17">222155.6889</dst>
      <dst id="21">5997.4311</dst>
      <dst id="15">11049.2000</dst>
    </src>
    <src id="17">
      <dst id="12">20072.5956</dst>
      <dst id="13">6348.1956</dst>
      <dst id="19">12324.4356</dst>
      <dst id="23">878.1511</dst>
      <dst id="8">250536.6844</dst>
      <dst id="18">1930.7200</dst>
      <dst id="4">93285.4489</dst>
      <dst id="1">7499.8311</dst>
      <dst id="5">287476.6044</dst>
      <dst id="3">18079.2178</dst>
      <dst id="22">19637.1289</dst>
      <dst id="7">13152.1867</dst>
      <dst id="2">15990.2133</dst>
      <dst id="6">2108.6133</dst>
      <dst id="16">15452.3378</dst>
      <dst id="14">52833.4489</dst>
      <dst id="20">3997.6533</dst>
      <dst id="11">274802.4533</dst>
      <dst id="9">383601.0044</dst>
      <dst id="17">2488.8711</dst>
      <dst id="21">30793.2978</dst>
      <dst id="15">1035.6622</dst>
    </src>
    <src id="21">
      <dst id="12">24751.1200</dst>
      <dst id="13">15302.1156</dst>
      <dst id="19">1365.2711</dst>
      <dst id="23">80.8356</dst>
      <dst id="8">681.8667</dst>
      <dst id="18">1277.3600</dst>
      <dst id="4">24347.2622</dst>
      <dst id="1">9628.8444</dst>
      <dst id="5">224.4711</dst>
      <dst id="3">29505.8400</dst>
      <dst id="22">5883.4133</dst>
      <dst id="7">12455.1911</dst>
      <dst id="2">25620.5867</dst>
      <dst id="6">19.8667</dst>
      <dst id="16">3672.3022</dst>
      <dst id="14">393.4667</dst>
      <dst id="20">2347.4044</dst>
      <dst id="11">2931.7956</dst>
      <dst id="9">1336.1956</dst>
      <dst id="17">19491.1111</dst>
      <dst id="21">3132.8889</dst>
      <dst id="15">2220.2578</dst>
    </src>
    <src id="15">
      <dst id="12">7679.8044</dst>
      <dst id="13">1654.9156</dst>
      <dst id="19">265.2356</dst>
      <dst id="23">12.0178</dst>
      <dst id="8">378.5867</dst>
      <dst id="18">105.7511</dst>
      <dst id="4">1686.4089</dst>
      <dst id="1">2919.1467</dst>
      <dst id="5">144.5511</dst>
      <dst id="3">86.5422</dst>
      <dst id="7">1074.5778</dst>
      <dst id="2">175.4844</dst>
      <dst id="6">1.1911</dst>
      <dst id="14">26.4533</dst>
      <dst id="11">911.3067</dst>
      <dst id="9">2365.3956</dst>
      <dst id="17">3391.0133</dst>
      <dst id="21">172.6044</dst>
    </src>
  </IntraTM>
</TrafficMatrixFile>
