<?xml version="1.0" encoding="UTF-8" standalone="yes"?>
<TrafficMatrixFile xmlns:xsi="http://www.w3.org/2001/XMLSchema-instance" xsi:noNamespaceSchemaLocation="http://totem.run.montefiore.ulg.ac.be/Schema/TrafficMatrix-v1_2.xsd">
  <info>
    <title>Intradomain traffic matrix generated by geant-TM-all.pl</title>
    <date>2005-01-03T15:15:00</date>
    <duration>900</duration>
    <author>Steve Uhlig</author>
    <units>
        <unit type="bandwidth" value="kbps"/>
    </units>
  </info>
  <IntraTM ASID="20965">
    <src id="12">
      <dst id="12">171692.7556</dst>
      <dst id="13">28286.9333</dst>
      <dst id="19">3030.5511</dst>
      <dst id="23">13.1111</dst>
      <dst id="8">511.3600</dst>
      <dst id="18">849.8578</dst>
      <dst id="4">74424.0978</dst>
      <dst id="1">8104.6933</dst>
      <dst id="5">736.7467</dst>
      <dst id="3">555.1378</dst>
      <dst id="22">3784.4533</dst>
      <dst id="7">2055.6889</dst>
      <dst id="2">64635.3778</dst>
      <dst id="6">3.9822</dst>
      <dst id="16">6439.1822</dst>
      <dst id="14">173.4222</dst>
      <dst id="20">4815.2089</dst>
      <dst id="11">4597.7511</dst>
      <dst id="9">1684.5689</dst>
      <dst id="17">60378.5067</dst>
      <dst id="21">956.7822</dst>
      <dst id="15">368.9600</dst>
    </src>
    <src id="13">
      <dst id="12">31648.8356</dst>
      <dst id="19">6482.8800</dst>
      <dst id="23">15.4756</dst>
      <dst id="8">4335.9644</dst>
      <dst id="18">2059.2267</dst>
      <dst id="1">1590.1778</dst>
      <dst id="5">3108.7556</dst>
      <dst id="3">5034.1422</dst>
      <dst id="22">13194.5067</dst>
      <dst id="7">4646.9244</dst>
      <dst id="2">56114.4889</dst>
      <dst id="6">242.9422</dst>
      <dst id="16">5943.2622</dst>
      <dst id="14">2233.3156</dst>
      <dst id="20">2346.6844</dst>
      <dst id="11">5568.9600</dst>
      <dst id="9">7118.9067</dst>
      <dst id="17">25641.4844</dst>
      <dst id="21">6812.2133</dst>
      <dst id="15">746.6933</dst>
    </src>
    <src id="19">
      <dst id="12">14521.3244</dst>
      <dst id="13">83.1467</dst>
      <dst id="23">0.4978</dst>
      <dst id="4">18570.0533</dst>
      <dst id="1">583.0400</dst>
      <dst id="5">16.0800</dst>
      <dst id="3">1.0667</dst>
      <dst id="22">33.3956</dst>
      <dst id="7">3337.0311</dst>
      <dst id="2">40.1956</dst>
      <dst id="6">26.6667</dst>
      <dst id="16">8486.9867</dst>
      <dst id="20">1.4400</dst>
      <dst id="11">5.3600</dst>
      <dst id="9">0.5156</dst>
      <dst id="17">1638.6133</dst>
      <dst id="21">97.5467</dst>
      <dst id="15">0.3378</dst>
    </src>
    <src id="23">
      <dst id="12">101.7600</dst>
      <dst id="13">71.5644</dst>
      <dst id="4">9.7422</dst>
      <dst id="1">49.2356</dst>
      <dst id="5">79.2889</dst>
      <dst id="3">192.0889</dst>
      <dst id="22">270.6133</dst>
      <dst id="7">44.3200</dst>
      <dst id="2">216.3378</dst>
      <dst id="6">0.4978</dst>
      <dst id="16">12.1867</dst>
      <dst id="20">63.1111</dst>
      <dst id="11">0.5867</dst>
      <dst id="9">439.9556</dst>
      <dst id="17">1.1822</dst>
      <dst id="21">63.6800</dst>
      <dst id="15">13.3333</dst>
    </src>
    <src id="8">
      <dst id="12">265189.2622</dst>
      <dst id="13">353.4756</dst>
      <dst id="19">0.5689</dst>
      <dst id="18">41.4578</dst>
      <dst id="4">8924.1333</dst>
      <dst id="1">170.7911</dst>
      <dst id="5">490.5511</dst>
      <dst id="3">39.7867</dst>
      <dst id="22">592.3200</dst>
      <dst id="7">42.0622</dst>
      <dst id="2">97353.7422</dst>
      <dst id="16">76.1689</dst>
      <dst id="20">46.8000</dst>
      <dst id="11">312.8178</dst>
      <dst id="9">206.4089</dst>
      <dst id="17">83365.8756</dst>
      <dst id="21">73.7600</dst>
      <dst id="15">148.6222</dst>
    </src>
    <src id="18">
      <dst id="12">97836.4711</dst>
      <dst id="13">77.3956</dst>
      <dst id="19">15.5200</dst>
      <dst id="23">0.8889</dst>
      <dst id="8">7.0400</dst>
      <dst id="4">1126.8267</dst>
      <dst id="1">611.0044</dst>
      <dst id="5">64.4889</dst>
      <dst id="3">182.4000</dst>
      <dst id="22">120.4889</dst>
      <dst id="7">70.7022</dst>
      <dst id="2">23101.9911</dst>
      <dst id="16">5.3333</dst>
      <dst id="20">0.5244</dst>
      <dst id="11">127.3244</dst>
      <dst id="9">110.8178</dst>
      <dst id="17">33282.9067</dst>
      <dst id="21">246.8978</dst>
    </src>
    <src id="4">
      <dst id="12">10633.9467</dst>
      <dst id="19">15136.2578</dst>
      <dst id="8">489.9200</dst>
      <dst id="18">1516.1511</dst>
      <dst id="4">1.1378</dst>
      <dst id="1">130819.9822</dst>
      <dst id="5">1398.0444</dst>
      <dst id="3">130.8089</dst>
      <dst id="22">4570.9600</dst>
      <dst id="7">138112.2933</dst>
      <dst id="2">49885.3156</dst>
      <dst id="6">26.6667</dst>
      <dst id="16">467.8933</dst>
      <dst id="14">839.1200</dst>
      <dst id="20">330.4622</dst>
      <dst id="11">1854.8889</dst>
      <dst id="9">2418.6222</dst>
      <dst id="17">94353.6178</dst>
      <dst id="21">2520.1067</dst>
      <dst id="15">394.6400</dst>
    </src>
    <src id="1">
      <dst id="12">24874.6489</dst>
      <dst id="13">591.9289</dst>
      <dst id="19">14.7733</dst>
      <dst id="23">13.7244</dst>
      <dst id="8">63850.8356</dst>
      <dst id="18">13616.5511</dst>
      <dst id="4">4943.0311</dst>
      <dst id="1">91606.6133</dst>
      <dst id="5">120519.7600</dst>
      <dst id="3">70.1244</dst>
      <dst id="22">1057.2711</dst>
      <dst id="7">884.3289</dst>
      <dst id="2">1116.1778</dst>
      <dst id="6">5640.0267</dst>
      <dst id="16">13382.0978</dst>
      <dst id="14">79.2444</dst>
      <dst id="20">82.0444</dst>
      <dst id="11">111.9911</dst>
      <dst id="9">123994.4000</dst>
      <dst id="17">5337.0756</dst>
      <dst id="21">1771.9289</dst>
      <dst id="15">31.5911</dst>
    </src>
    <src id="5">
      <dst id="12">222054.3022</dst>
      <dst id="13">802.5956</dst>
      <dst id="19">0.4267</dst>
      <dst id="23">1.6356</dst>
      <dst id="8">822.7289</dst>
      <dst id="18">91.3156</dst>
      <dst id="4">4129.3511</dst>
      <dst id="1">147.0489</dst>
      <dst id="3">1.0578</dst>
      <dst id="22">2509.0400</dst>
      <dst id="7">118.6222</dst>
      <dst id="2">85616.6667</dst>
      <dst id="16">167.8400</dst>
      <dst id="14">13.6444</dst>
      <dst id="20">708.7289</dst>
      <dst id="11">491.7244</dst>
      <dst id="9">1893.2711</dst>
      <dst id="17">77957.7956</dst>
      <dst id="21">302.0978</dst>
      <dst id="15">139.1289</dst>
    </src>
    <src id="3">
      <dst id="12">8254.2844</dst>
      <dst id="13">587.4133</dst>
      <dst id="19">1332.7822</dst>
      <dst id="23">6993.8933</dst>
      <dst id="8">33.2533</dst>
      <dst id="18">49008.8889</dst>
      <dst id="4">20152.3556</dst>
      <dst id="1">17045.5022</dst>
      <dst id="5">776.5778</dst>
      <dst id="3">6171.5289</dst>
      <dst id="22">511.6711</dst>
      <dst id="7">322.9156</dst>
      <dst id="2">3033.1644</dst>
      <dst id="6">1.0578</dst>
      <dst id="16">1023.9733</dst>
      <dst id="14">17423.0489</dst>
      <dst id="20">28.9422</dst>
      <dst id="11">91829.9467</dst>
      <dst id="9">69.2356</dst>
      <dst id="17">9468.2044</dst>
      <dst id="21">2421.4667</dst>
      <dst id="15">32.3200</dst>
    </src>
    <src id="10">
      <dst id="12">9257.3778</dst>
      <dst id="19">2414.7822</dst>
      <dst id="8">617.3422</dst>
      <dst id="18">490.5511</dst>
      <dst id="1">2000.7822</dst>
      <dst id="5">460.8622</dst>
      <dst id="3">9657.2178</dst>
      <dst id="22">5425.4400</dst>
      <dst id="7">58182.4000</dst>
      <dst id="2">29129.6711</dst>
      <dst id="6">0.6756</dst>
      <dst id="16">553.6178</dst>
      <dst id="14">1131.6711</dst>
      <dst id="20">1098.1600</dst>
      <dst id="11">5198.9156</dst>
      <dst id="9">1290.5867</dst>
      <dst id="17">27632.7378</dst>
      <dst id="21">9371.4667</dst>
      <dst id="15">501.2178</dst>
    </src>
    <src id="22">
      <dst id="12">5104.8533</dst>
      <dst id="13">1304.7556</dst>
      <dst id="19">95.6978</dst>
      <dst id="23">11.3511</dst>
      <dst id="8">453.9111</dst>
      <dst id="18">242.1156</dst>
      <dst id="4">18149.7689</dst>
      <dst id="1">107.4933</dst>
      <dst id="5">2051.4222</dst>
      <dst id="3">244.3467</dst>
      <dst id="7">451.3333</dst>
      <dst id="2">1629.4222</dst>
      <dst id="6">72.9511</dst>
      <dst id="16">0.4089</dst>
      <dst id="14">9.0667</dst>
      <dst id="11">1266.8978</dst>
      <dst id="9">1732.4889</dst>
      <dst id="17">883.2622</dst>
      <dst id="21">1314.0089</dst>
    </src>
    <src id="7">
      <dst id="12">6879.1467</dst>
      <dst id="13">1845.3156</dst>
      <dst id="19">68.9956</dst>
      <dst id="23">42.4978</dst>
      <dst id="8">192.0889</dst>
      <dst id="18">252.7200</dst>
      <dst id="4">14082.6667</dst>
      <dst id="1">564.5778</dst>
      <dst id="5">927.2089</dst>
      <dst id="3">506.0889</dst>
      <dst id="22">2336.4533</dst>
      <dst id="7">757.0844</dst>
      <dst id="2">3300.7111</dst>
      <dst id="16">449.0400</dst>
      <dst id="14">42.7378</dst>
      <dst id="20">38.6933</dst>
      <dst id="11">656.1422</dst>
      <dst id="9">471.0133</dst>
      <dst id="17">11639.3067</dst>
      <dst id="21">968.2756</dst>
      <dst id="15">49.0667</dst>
    </src>
    <src id="2">
      <dst id="12">54481.9644</dst>
      <dst id="13">511908.5422</dst>
      <dst id="19">61.0844</dst>
      <dst id="23">3.6978</dst>
      <dst id="8">442.5067</dst>
      <dst id="18">42282.1244</dst>
      <dst id="4">63748.1956</dst>
      <dst id="1">7499.4756</dst>
      <dst id="5">1390.1600</dst>
      <dst id="3">1.2444</dst>
      <dst id="22">827.1378</dst>
      <dst id="7">2467.7333</dst>
      <dst id="2">282.9778</dst>
      <dst id="6">6776.5689</dst>
      <dst id="16">7313.5556</dst>
      <dst id="14">5294.7200</dst>
      <dst id="20">352.9422</dst>
      <dst id="11">554.7200</dst>
      <dst id="9">785.0222</dst>
      <dst id="17">5915.4667</dst>
      <dst id="21">3675.1289</dst>
      <dst id="15">18.5778</dst>
    </src>
    <src id="6">
      <dst id="12">8143.3600</dst>
      <dst id="13">1.2000</dst>
      <dst id="19">1.3956</dst>
      <dst id="23">0.4978</dst>
      <dst id="18">1.0667</dst>
      <dst id="4">1143.4667</dst>
      <dst id="22">11.8933</dst>
      <dst id="7">1.8133</dst>
      <dst id="2">2007.2533</dst>
      <dst id="20">1.3600</dst>
      <dst id="11">0.8089</dst>
      <dst id="17">819.5289</dst>
      <dst id="21">0.5600</dst>
      <dst id="15">12.8000</dst>
    </src>
    <src id="16">
      <dst id="12">2924.4178</dst>
      <dst id="13">71.1378</dst>
      <dst id="19">4089.5200</dst>
      <dst id="23">18.1689</dst>
      <dst id="8">1893.4311</dst>
      <dst id="18">5.0133</dst>
      <dst id="4">5334.1689</dst>
      <dst id="1">24500.4444</dst>
      <dst id="5">997.9289</dst>
      <dst id="3">2.4089</dst>
      <dst id="7">2247.6800</dst>
      <dst id="2">479.8844</dst>
      <dst id="6">0.5244</dst>
      <dst id="16">26.9956</dst>
      <dst id="11">110.0356</dst>
      <dst id="9">3557.4844</dst>
      <dst id="17">397.2356</dst>
      <dst id="21">2215.9556</dst>
    </src>
    <src id="14">
      <dst id="12">15682.6311</dst>
      <dst id="13">34.4800</dst>
      <dst id="19">7.3778</dst>
      <dst id="8">11.5556</dst>
      <dst id="4">1243.9733</dst>
      <dst id="1">68.4622</dst>
      <dst id="5">12.8000</dst>
      <dst id="3">22.2311</dst>
      <dst id="22">0.5689</dst>
      <dst id="7">66.0000</dst>
      <dst id="2">3427.9822</dst>
      <dst id="20">0.6578</dst>
      <dst id="11">57.2711</dst>
      <dst id="17">4767.0044</dst>
      <dst id="21">74.9244</dst>
    </src>
    <src id="20">
      <dst id="12">750.0267</dst>
      <dst id="13">748.9956</dst>
      <dst id="19">3.5556</dst>
      <dst id="23">3.2356</dst>
      <dst id="8">92.9778</dst>
      <dst id="18">13.1556</dst>
      <dst id="4">11602.0356</dst>
      <dst id="1">25.4844</dst>
      <dst id="5">420.3822</dst>
      <dst id="3">9.8222</dst>
      <dst id="7">246.6044</dst>
      <dst id="2">1896.8000</dst>
      <dst id="6">0.6578</dst>
      <dst id="11">764.2311</dst>
      <dst id="9">501.9111</dst>
      <dst id="17">461.0311</dst>
      <dst id="21">90.4533</dst>
    </src>
    <src id="11">
      <dst id="12">331425.1289</dst>
      <dst id="13">1012.3822</dst>
      <dst id="19">9.9200</dst>
      <dst id="23">1.3156</dst>
      <dst id="8">845.5556</dst>
      <dst id="18">347.5822</dst>
      <dst id="4">10017.2711</dst>
      <dst id="1">280.9956</dst>
      <dst id="5">518.0622</dst>
      <dst id="3">380.1333</dst>
      <dst id="22">1239.4044</dst>
      <dst id="7">235.2356</dst>
      <dst id="2">104829.4844</dst>
      <dst id="16">50.3822</dst>
      <dst id="14">41.3422</dst>
      <dst id="20">119.0844</dst>
      <dst id="11">446.4089</dst>
      <dst id="9">1395.9111</dst>
      <dst id="17">106302.2489</dst>
      <dst id="21">582.1067</dst>
      <dst id="15">73.3511</dst>
    </src>
    <src id="9">
      <dst id="12">351969.8222</dst>
      <dst id="13">2712.1244</dst>
      <dst id="19">2.8889</dst>
      <dst id="23">22.8978</dst>
      <dst id="8">144.7200</dst>
      <dst id="18">58.0800</dst>
      <dst id="4">12768.1600</dst>
      <dst id="1">1054.2400</dst>
      <dst id="5">4378.2133</dst>
      <dst id="3">0.3556</dst>
      <dst id="22">9256.2667</dst>
      <dst id="7">249.9644</dst>
      <dst id="2">106835.9022</dst>
      <dst id="6">0.3289</dst>
      <dst id="16">1059.9556</dst>
      <dst id="20">2467.3244</dst>
      <dst id="11">587.2800</dst>
      <dst id="9">32.3556</dst>
      <dst id="17">147536.7022</dst>
      <dst id="21">387.7689</dst>
      <dst id="15">589.4489</dst>
    </src>
    <src id="17">
      <dst id="12">1489.2000</dst>
      <dst id="13">557.3867</dst>
      <dst id="19">69.7511</dst>
      <dst id="23">0.3556</dst>
      <dst id="8">75195.1733</dst>
      <dst id="18">250.7644</dst>
      <dst id="4">45349.0400</dst>
      <dst id="1">2342.4356</dst>
      <dst id="5">112589.9822</dst>
      <dst id="3">14866.8800</dst>
      <dst id="22">2768.1956</dst>
      <dst id="7">2028.2667</dst>
      <dst id="2">26985.8667</dst>
      <dst id="6">77.5556</dst>
      <dst id="16">3449.1022</dst>
      <dst id="14">11054.3289</dst>
      <dst id="20">132.5244</dst>
      <dst id="11">66474.9778</dst>
      <dst id="9">92827.2267</dst>
      <dst id="17">1505.6622</dst>
      <dst id="21">3580.3200</dst>
      <dst id="15">66.0178</dst>
    </src>
    <src id="21">
      <dst id="12">18246.9689</dst>
      <dst id="13">649.0133</dst>
      <dst id="19">14.9156</dst>
      <dst id="23">5.2356</dst>
      <dst id="8">74.8178</dst>
      <dst id="18">6334.0800</dst>
      <dst id="4">15792.6844</dst>
      <dst id="1">928.6667</dst>
      <dst id="5">612.8622</dst>
      <dst id="3">1086.7733</dst>
      <dst id="22">1632.9600</dst>
      <dst id="7">2743.9022</dst>
      <dst id="2">5984.5067</dst>
      <dst id="6">1.1911</dst>
      <dst id="16">114.6400</dst>
      <dst id="14">102.9244</dst>
      <dst id="20">118.8089</dst>
      <dst id="11">469.0400</dst>
      <dst id="9">573.1467</dst>
      <dst id="17">2501.4133</dst>
      <dst id="21">779.3333</dst>
      <dst id="15">3.1022</dst>
    </src>
    <src id="15">
      <dst id="12">137.4222</dst>
      <dst id="13">114.4444</dst>
      <dst id="19">2.9867</dst>
      <dst id="23">0.4622</dst>
      <dst id="8">11.3422</dst>
      <dst id="18">1.2800</dst>
      <dst id="4">2934.5244</dst>
      <dst id="1">674.5244</dst>
      <dst id="5">20.0356</dst>
      <dst id="3">23.5467</dst>
      <dst id="7">47.8311</dst>
      <dst id="2">294.4978</dst>
      <dst id="16">0.3022</dst>
      <dst id="14">0.4267</dst>
      <dst id="11">28.6578</dst>
      <dst id="9">215.9733</dst>
      <dst id="17">163.7244</dst>
      <dst id="21">71.6622</dst>
    </src>
  </IntraTM>
</TrafficMatrixFile>
