<?xml version="1.0" encoding="UTF-8" standalone="yes"?>
<TrafficMatrixFile xmlns:xsi="http://www.w3.org/2001/XMLSchema-instance" xsi:noNamespaceSchemaLocation="http://totem.run.montefiore.ulg.ac.be/Schema/TrafficMatrix-v1_2.xsd">
  <info>
    <title>Intradomain traffic matrix generated by geant-TM-all.pl</title>
    <date>2005-01-05T23:15:00</date>
    <duration>900</duration>
    <author>Steve Uhlig</author>
    <units>
        <unit type="bandwidth" value="kbps"/>
    </units>
  </info>
  <IntraTM ASID="20965">
    <src id="12">
      <dst id="12">342187.4489</dst>
      <dst id="13">34308.5511</dst>
      <dst id="19">11781.6444</dst>
      <dst id="23">496.9511</dst>
      <dst id="8">10911.0667</dst>
      <dst id="18">7868.6311</dst>
      <dst id="4">94214.9156</dst>
      <dst id="1">20258.5600</dst>
      <dst id="5">10390.1067</dst>
      <dst id="3">11628.9244</dst>
      <dst id="22">22119.7867</dst>
      <dst id="7">14913.7778</dst>
      <dst id="2">126437.1644</dst>
      <dst id="6">43.9289</dst>
      <dst id="16">14946.3467</dst>
      <dst id="14">409.8756</dst>
      <dst id="20">17718.6400</dst>
      <dst id="11">14710.0889</dst>
      <dst id="9">7674.7733</dst>
      <dst id="17">118253.7333</dst>
      <dst id="21">16610.0000</dst>
      <dst id="15">5678.7733</dst>
    </src>
    <src id="13">
      <dst id="12">86438.7200</dst>
      <dst id="19">31003.6000</dst>
      <dst id="23">964.9956</dst>
      <dst id="8">11708.6489</dst>
      <dst id="18">7206.1511</dst>
      <dst id="1">15254.2933</dst>
      <dst id="5">13970.7556</dst>
      <dst id="3">34028.8000</dst>
      <dst id="22">32992.6756</dst>
      <dst id="7">47957.4933</dst>
      <dst id="2">134623.2622</dst>
      <dst id="6">329.6800</dst>
      <dst id="16">14643.4133</dst>
      <dst id="14">4583.7689</dst>
      <dst id="20">17486.6844</dst>
      <dst id="11">34039.0667</dst>
      <dst id="9">23396.4978</dst>
      <dst id="17">148883.2711</dst>
      <dst id="21">45020.1422</dst>
      <dst id="15">16661.8400</dst>
    </src>
    <src id="19">
      <dst id="12">19034.8444</dst>
      <dst id="13">3335.0578</dst>
      <dst id="23">328.4267</dst>
      <dst id="8">207.0133</dst>
      <dst id="18">185.5289</dst>
      <dst id="4">23351.9467</dst>
      <dst id="1">2899.2356</dst>
      <dst id="5">193.6889</dst>
      <dst id="3">896.0267</dst>
      <dst id="22">907.1733</dst>
      <dst id="7">15607.2089</dst>
      <dst id="2">3838.2400</dst>
      <dst id="6">1108.4622</dst>
      <dst id="16">4834.3911</dst>
      <dst id="14">4026.8889</dst>
      <dst id="20">123.5022</dst>
      <dst id="11">611.6356</dst>
      <dst id="9">657.9822</dst>
      <dst id="17">46797.9289</dst>
      <dst id="21">2288.8978</dst>
      <dst id="15">416.2844</dst>
    </src>
    <src id="23">
      <dst id="12">1457.0044</dst>
      <dst id="13">1010.0089</dst>
      <dst id="19">628.2311</dst>
      <dst id="8">66.6667</dst>
      <dst id="18">309.7156</dst>
      <dst id="4">31.1822</dst>
      <dst id="1">129.1556</dst>
      <dst id="5">63.8756</dst>
      <dst id="3">593.6178</dst>
      <dst id="22">1688.7022</dst>
      <dst id="7">1683.5644</dst>
      <dst id="2">208.2489</dst>
      <dst id="6">4.2489</dst>
      <dst id="16">2775.6089</dst>
      <dst id="14">29.9911</dst>
      <dst id="20">255.8933</dst>
      <dst id="11">587.2089</dst>
      <dst id="9">1259.2889</dst>
      <dst id="17">3459.0489</dst>
      <dst id="21">1137.4844</dst>
      <dst id="15">360.0000</dst>
    </src>
    <src id="8">
      <dst id="12">385056.1067</dst>
      <dst id="13">3738.3911</dst>
      <dst id="19">47.6978</dst>
      <dst id="23">23.7067</dst>
      <dst id="18">2157.8222</dst>
      <dst id="4">5673.1378</dst>
      <dst id="1">6551.0489</dst>
      <dst id="5">7823.0133</dst>
      <dst id="3">71.1911</dst>
      <dst id="22">1898.4000</dst>
      <dst id="7">1355.9111</dst>
      <dst id="2">162608.3378</dst>
      <dst id="16">1352.1867</dst>
      <dst id="14">15.8222</dst>
      <dst id="20">1805.3689</dst>
      <dst id="11">2175.0044</dst>
      <dst id="9">1576.8622</dst>
      <dst id="17">152371.7333</dst>
      <dst id="21">1822.3556</dst>
      <dst id="15">163.0311</dst>
    </src>
    <src id="18">
      <dst id="12">132259.9733</dst>
      <dst id="13">643.0667</dst>
      <dst id="19">26.8533</dst>
      <dst id="23">12.1689</dst>
      <dst id="8">543.3156</dst>
      <dst id="4">1829.4933</dst>
      <dst id="1">1269.8044</dst>
      <dst id="5">2300.8978</dst>
      <dst id="3">251.2178</dst>
      <dst id="22">489.5911</dst>
      <dst id="7">485.4844</dst>
      <dst id="2">56436.4356</dst>
      <dst id="16">333.7956</dst>
      <dst id="20">48.1600</dst>
      <dst id="11">549.3244</dst>
      <dst id="9">539.7778</dst>
      <dst id="17">48393.0933</dst>
      <dst id="21">4292.5156</dst>
      <dst id="15">44.3822</dst>
    </src>
    <src id="4">
      <dst id="12">26444.8178</dst>
      <dst id="19">62252.8711</dst>
      <dst id="23">84.6222</dst>
      <dst id="8">3413.8311</dst>
      <dst id="18">2570.4533</dst>
      <dst id="4">11.1378</dst>
      <dst id="1">111043.5822</dst>
      <dst id="5">3285.8133</dst>
      <dst id="3">2283.9911</dst>
      <dst id="22">11732.3289</dst>
      <dst id="7">88370.7556</dst>
      <dst id="2">107885.4578</dst>
      <dst id="6">868.0711</dst>
      <dst id="16">4639.2889</dst>
      <dst id="14">2393.2711</dst>
      <dst id="20">5010.0889</dst>
      <dst id="11">16098.6044</dst>
      <dst id="9">9862.7556</dst>
      <dst id="17">49258.4889</dst>
      <dst id="21">15053.1289</dst>
      <dst id="15">890.1244</dst>
    </src>
    <src id="1">
      <dst id="12">21612.3733</dst>
      <dst id="13">8432.2044</dst>
      <dst id="19">4850.5156</dst>
      <dst id="23">109.4667</dst>
      <dst id="8">225861.0044</dst>
      <dst id="18">16258.1244</dst>
      <dst id="4">16831.1911</dst>
      <dst id="1">29130.7733</dst>
      <dst id="5">308952.6133</dst>
      <dst id="3">810.1067</dst>
      <dst id="22">20230.4356</dst>
      <dst id="7">53253.4044</dst>
      <dst id="2">21370.4711</dst>
      <dst id="6">23250.1156</dst>
      <dst id="16">11735.1289</dst>
      <dst id="14">3439.8667</dst>
      <dst id="20">7826.2933</dst>
      <dst id="11">3982.7200</dst>
      <dst id="9">417570.3022</dst>
      <dst id="17">45287.8578</dst>
      <dst id="21">25402.3022</dst>
      <dst id="15">411.2444</dst>
    </src>
    <src id="5">
      <dst id="12">326561.3600</dst>
      <dst id="13">1296.5778</dst>
      <dst id="19">332.9422</dst>
      <dst id="23">0.9244</dst>
      <dst id="8">35135.7244</dst>
      <dst id="18">490.8978</dst>
      <dst id="4">10315.9733</dst>
      <dst id="1">4185.5378</dst>
      <dst id="3">242.3822</dst>
      <dst id="22">5393.2356</dst>
      <dst id="7">2249.8044</dst>
      <dst id="2">155816.2133</dst>
      <dst id="6">1.0844</dst>
      <dst id="16">1786.7644</dst>
      <dst id="14">0.8089</dst>
      <dst id="20">9109.0578</dst>
      <dst id="11">2461.7689</dst>
      <dst id="9">2426.3644</dst>
      <dst id="17">120777.9911</dst>
      <dst id="21">3819.0222</dst>
      <dst id="15">705.5733</dst>
    </src>
    <src id="3">
      <dst id="12">16028.3911</dst>
      <dst id="13">3367.8489</dst>
      <dst id="19">959.8578</dst>
      <dst id="23">4863.6444</dst>
      <dst id="8">3826.6578</dst>
      <dst id="18">252373.4489</dst>
      <dst id="4">28131.3422</dst>
      <dst id="1">27243.1289</dst>
      <dst id="5">2135.4133</dst>
      <dst id="3">17033.6889</dst>
      <dst id="22">1042.6133</dst>
      <dst id="7">70413.4222</dst>
      <dst id="2">21523.2800</dst>
      <dst id="6">70.0178</dst>
      <dst id="16">1800.0444</dst>
      <dst id="14">66174.5156</dst>
      <dst id="20">3212.8178</dst>
      <dst id="11">356468.6489</dst>
      <dst id="9">748.0000</dst>
      <dst id="17">26855.8133</dst>
      <dst id="21">21738.7200</dst>
      <dst id="15">231.2178</dst>
    </src>
    <src id="10">
      <dst id="12">35796.6578</dst>
      <dst id="19">9019.9733</dst>
      <dst id="23">0.3911</dst>
      <dst id="8">3809.5467</dst>
      <dst id="18">3323.2444</dst>
      <dst id="1">8541.3689</dst>
      <dst id="5">2544.0178</dst>
      <dst id="3">13573.6711</dst>
      <dst id="22">5862.2400</dst>
      <dst id="7">15999.2089</dst>
      <dst id="2">65536.4356</dst>
      <dst id="6">40.1067</dst>
      <dst id="16">12996.8533</dst>
      <dst id="14">2357.5556</dst>
      <dst id="20">2323.1644</dst>
      <dst id="11">8558.0089</dst>
      <dst id="9">3567.7244</dst>
      <dst id="17">51757.5200</dst>
      <dst id="21">16127.4133</dst>
      <dst id="15">999.7867</dst>
    </src>
    <src id="22">
      <dst id="12">11036.8178</dst>
      <dst id="13">3385.3778</dst>
      <dst id="19">1569.8489</dst>
      <dst id="23">487.9289</dst>
      <dst id="8">1588.6756</dst>
      <dst id="18">795.2356</dst>
      <dst id="4">19639.6356</dst>
      <dst id="1">3305.0222</dst>
      <dst id="5">5968.3822</dst>
      <dst id="3">1471.6267</dst>
      <dst id="7">5433.7867</dst>
      <dst id="2">4458.8178</dst>
      <dst id="6">2.6844</dst>
      <dst id="14">88.7022</dst>
      <dst id="11">5369.0756</dst>
      <dst id="9">3034.7111</dst>
      <dst id="17">16534.7111</dst>
      <dst id="21">2399.4578</dst>
    </src>
    <src id="7">
      <dst id="12">5182.6311</dst>
      <dst id="13">3420.1333</dst>
      <dst id="19">7537.7867</dst>
      <dst id="23">350.0800</dst>
      <dst id="8">773.5467</dst>
      <dst id="18">677.6000</dst>
      <dst id="4">36038.0533</dst>
      <dst id="1">27593.0578</dst>
      <dst id="5">1535.4667</dst>
      <dst id="3">7844.7644</dst>
      <dst id="22">5080.8889</dst>
      <dst id="7">705.4933</dst>
      <dst id="2">19983.7067</dst>
      <dst id="6">323.2000</dst>
      <dst id="16">6963.7422</dst>
      <dst id="14">804.7289</dst>
      <dst id="20">2972.8089</dst>
      <dst id="11">2272.1867</dst>
      <dst id="9">2469.0578</dst>
      <dst id="17">15738.2756</dst>
      <dst id="21">19341.1822</dst>
      <dst id="15">1391.4933</dst>
    </src>
    <src id="2">
      <dst id="12">160755.3422</dst>
      <dst id="13">514232.0711</dst>
      <dst id="19">2156.3911</dst>
      <dst id="23">368.6400</dst>
      <dst id="8">1499.2089</dst>
      <dst id="18">185657.2089</dst>
      <dst id="4">85088.6489</dst>
      <dst id="1">20003.3689</dst>
      <dst id="5">1978.5422</dst>
      <dst id="3">1282.4089</dst>
      <dst id="22">2919.0311</dst>
      <dst id="7">45091.0311</dst>
      <dst id="2">1238.2756</dst>
      <dst id="6">15489.7956</dst>
      <dst id="16">4340.7822</dst>
      <dst id="14">4717.6622</dst>
      <dst id="20">5026.2756</dst>
      <dst id="11">10461.9378</dst>
      <dst id="9">2964.0533</dst>
      <dst id="17">48814.9244</dst>
      <dst id="21">6204.8178</dst>
      <dst id="15">782.6578</dst>
    </src>
    <src id="6">
      <dst id="12">12793.0133</dst>
      <dst id="13">113.5644</dst>
      <dst id="19">80.0622</dst>
      <dst id="23">25.8222</dst>
      <dst id="18">25.8667</dst>
      <dst id="4">1378.0533</dst>
      <dst id="1">156.7111</dst>
      <dst id="5">31.3244</dst>
      <dst id="3">18.8356</dst>
      <dst id="22">70.0356</dst>
      <dst id="7">397.3511</dst>
      <dst id="2">3211.9911</dst>
      <dst id="16">32.4178</dst>
      <dst id="11">43.5911</dst>
      <dst id="9">29.9022</dst>
      <dst id="17">2831.5822</dst>
      <dst id="21">61.4044</dst>
      <dst id="15">1.8844</dst>
    </src>
    <src id="16">
      <dst id="12">3809.7244</dst>
      <dst id="13">997.4933</dst>
      <dst id="19">4861.7422</dst>
      <dst id="23">294.5333</dst>
      <dst id="8">7505.4578</dst>
      <dst id="18">629.1556</dst>
      <dst id="4">6635.3333</dst>
      <dst id="1">26650.3467</dst>
      <dst id="5">7997.8311</dst>
      <dst id="3">314.3200</dst>
      <dst id="7">6617.6000</dst>
      <dst id="2">2179.6356</dst>
      <dst id="6">57.1556</dst>
      <dst id="16">66.6133</dst>
      <dst id="14">487.5911</dst>
      <dst id="11">1366.3556</dst>
      <dst id="9">18755.2267</dst>
      <dst id="17">10412.0800</dst>
      <dst id="21">3869.5733</dst>
    </src>
    <src id="14">
      <dst id="12">24048.6222</dst>
      <dst id="13">672.8978</dst>
      <dst id="19">107.6444</dst>
      <dst id="23">63.1111</dst>
      <dst id="8">0.8711</dst>
      <dst id="18">0.4622</dst>
      <dst id="4">3994.7022</dst>
      <dst id="1">327.8311</dst>
      <dst id="5">57.9467</dst>
      <dst id="3">336.3289</dst>
      <dst id="22">11.4667</dst>
      <dst id="7">235.6533</dst>
      <dst id="2">7600.9244</dst>
      <dst id="16">47.9467</dst>
      <dst id="20">17.5022</dst>
      <dst id="11">46.2222</dst>
      <dst id="9">22.6578</dst>
      <dst id="17">10064.7733</dst>
      <dst id="21">127.0044</dst>
    </src>
    <src id="20">
      <dst id="12">14332.1867</dst>
      <dst id="13">6124.0089</dst>
      <dst id="19">85.0311</dst>
      <dst id="23">71.6000</dst>
      <dst id="8">524.5244</dst>
      <dst id="18">23.3067</dst>
      <dst id="4">13416.8978</dst>
      <dst id="1">1404.9956</dst>
      <dst id="5">5314.9867</dst>
      <dst id="3">8755.2533</dst>
      <dst id="7">374.0000</dst>
      <dst id="2">4306.3467</dst>
      <dst id="6">0.3556</dst>
      <dst id="14">55.2356</dst>
      <dst id="11">1674.7467</dst>
      <dst id="9">5432.3200</dst>
      <dst id="17">8991.5200</dst>
      <dst id="21">698.9422</dst>
    </src>
    <src id="11">
      <dst id="12">485482.3911</dst>
      <dst id="13">3533.7511</dst>
      <dst id="19">758.5867</dst>
      <dst id="23">33.9822</dst>
      <dst id="8">1664.4622</dst>
      <dst id="18">574.3467</dst>
      <dst id="4">12882.4356</dst>
      <dst id="1">5049.6178</dst>
      <dst id="5">999.0667</dst>
      <dst id="3">2057.0578</dst>
      <dst id="22">5664.9511</dst>
      <dst id="7">2198.9867</dst>
      <dst id="2">193715.4044</dst>
      <dst id="6">886.5333</dst>
      <dst id="16">432.1244</dst>
      <dst id="14">688.6578</dst>
      <dst id="20">7569.2178</dst>
      <dst id="11">3111.9556</dst>
      <dst id="9">3293.2089</dst>
      <dst id="17">205787.5467</dst>
      <dst id="21">859.8933</dst>
      <dst id="15">788.6400</dst>
    </src>
    <src id="9">
      <dst id="12">508931.2889</dst>
      <dst id="13">16687.1200</dst>
      <dst id="19">206.2933</dst>
      <dst id="23">68.4889</dst>
      <dst id="8">1790.6489</dst>
      <dst id="18">267.7778</dst>
      <dst id="4">12948.9067</dst>
      <dst id="1">6357.7422</dst>
      <dst id="5">1961.0311</dst>
      <dst id="3">497.2711</dst>
      <dst id="22">3166.4089</dst>
      <dst id="7">1926.0178</dst>
      <dst id="2">218896.1067</dst>
      <dst id="6">30.2489</dst>
      <dst id="16">1517.1289</dst>
      <dst id="14">48.8178</dst>
      <dst id="20">5659.2800</dst>
      <dst id="11">2792.4178</dst>
      <dst id="9">1114.5867</dst>
      <dst id="17">209181.0578</dst>
      <dst id="21">1477.5289</dst>
      <dst id="15">6255.3778</dst>
    </src>
    <src id="17">
      <dst id="12">13779.3067</dst>
      <dst id="13">23845.2533</dst>
      <dst id="19">14078.8533</dst>
      <dst id="23">470.1689</dst>
      <dst id="8">253304.3111</dst>
      <dst id="18">1920.3556</dst>
      <dst id="4">143297.3511</dst>
      <dst id="1">9194.7200</dst>
      <dst id="5">286721.8222</dst>
      <dst id="3">24357.2267</dst>
      <dst id="22">15575.9644</dst>
      <dst id="7">11830.4889</dst>
      <dst id="2">26288.5867</dst>
      <dst id="6">302.8089</dst>
      <dst id="16">11393.1289</dst>
      <dst id="14">44633.0578</dst>
      <dst id="20">7690.1600</dst>
      <dst id="11">278414.9333</dst>
      <dst id="9">384816.4622</dst>
      <dst id="17">2588.7289</dst>
      <dst id="21">27976.0178</dst>
      <dst id="15">627.2444</dst>
    </src>
    <src id="21">
      <dst id="12">21387.3867</dst>
      <dst id="13">3859.4044</dst>
      <dst id="19">1797.7511</dst>
      <dst id="23">79.7067</dst>
      <dst id="8">523.0133</dst>
      <dst id="18">6173.4400</dst>
      <dst id="4">24661.5556</dst>
      <dst id="1">250835.1733</dst>
      <dst id="5">329.4844</dst>
      <dst id="3">13973.8933</dst>
      <dst id="22">3787.5733</dst>
      <dst id="7">7551.9200</dst>
      <dst id="2">25993.9556</dst>
      <dst id="6">68.0889</dst>
      <dst id="16">407.5111</dst>
      <dst id="14">132.0889</dst>
      <dst id="20">228.0000</dst>
      <dst id="11">2862.9600</dst>
      <dst id="9">1556.1156</dst>
      <dst id="17">9267.4400</dst>
      <dst id="21">3474.9422</dst>
      <dst id="15">744.5867</dst>
    </src>
    <src id="15">
      <dst id="12">4062.5956</dst>
      <dst id="13">632.7644</dst>
      <dst id="19">27.0489</dst>
      <dst id="23">12.7644</dst>
      <dst id="8">1573.3867</dst>
      <dst id="18">967.3244</dst>
      <dst id="4">3217.1644</dst>
      <dst id="1">1345.0044</dst>
      <dst id="5">3487.2267</dst>
      <dst id="3">5.5111</dst>
      <dst id="7">2294.3822</dst>
      <dst id="2">701.0756</dst>
      <dst id="6">64.0000</dst>
      <dst id="14">0.7378</dst>
      <dst id="11">1396.2489</dst>
      <dst id="9">2719.7600</dst>
      <dst id="17">1531.6444</dst>
      <dst id="21">297.1200</dst>
    </src>
  </IntraTM>
</TrafficMatrixFile>
