<?xml version="1.0" encoding="UTF-8" standalone="yes"?>
<TrafficMatrixFile xmlns:xsi="http://www.w3.org/2001/XMLSchema-instance" xsi:noNamespaceSchemaLocation="http://totem.run.montefiore.ulg.ac.be/Schema/TrafficMatrix-v1_2.xsd">
  <info>
    <title>Intradomain traffic matrix generated by geant-TM-all.pl</title>
    <date>2005-01-04T16:45:00</date>
    <duration>900</duration>
    <author>Steve Uhlig</author>
    <units>
        <unit type="bandwidth" value="kbps"/>
    </units>
  </info>
  <IntraTM ASID="20965">
    <src id="12">
      <dst id="12">197398.2667</dst>
      <dst id="13">13805.9111</dst>
      <dst id="19">3706.4533</dst>
      <dst id="23">13.0667</dst>
      <dst id="8">729.0044</dst>
      <dst id="18">262.6133</dst>
      <dst id="4">61142.2844</dst>
      <dst id="1">18855.8489</dst>
      <dst id="5">29865.2178</dst>
      <dst id="3">2662.4978</dst>
      <dst id="22">4337.2000</dst>
      <dst id="7">15024.1244</dst>
      <dst id="2">52940.8000</dst>
      <dst id="6">20.3200</dst>
      <dst id="16">4586.1244</dst>
      <dst id="14">377.9200</dst>
      <dst id="20">3317.0044</dst>
      <dst id="11">2365.8222</dst>
      <dst id="9">7820.7289</dst>
      <dst id="17">47288.8356</dst>
      <dst id="21">3312.0267</dst>
      <dst id="15">1008.6400</dst>
    </src>
    <src id="13">
      <dst id="12">27511.4844</dst>
      <dst id="19">4106.6222</dst>
      <dst id="23">8.8267</dst>
      <dst id="8">2754.3200</dst>
      <dst id="18">3191.1022</dst>
      <dst id="1">2375.7867</dst>
      <dst id="5">3208.5956</dst>
      <dst id="3">7618.0978</dst>
      <dst id="22">10676.4622</dst>
      <dst id="7">11139.0667</dst>
      <dst id="2">43963.5378</dst>
      <dst id="6">150.8800</dst>
      <dst id="16">5537.3867</dst>
      <dst id="14">6944.6933</dst>
      <dst id="20">5934.9600</dst>
      <dst id="11">5443.9822</dst>
      <dst id="9">9457.8756</dst>
      <dst id="17">31191.7956</dst>
      <dst id="21">5947.6000</dst>
      <dst id="15">8260.0533</dst>
    </src>
    <src id="19">
      <dst id="12">14052.5067</dst>
      <dst id="13">307.9644</dst>
      <dst id="23">0.5689</dst>
      <dst id="4">18076.8978</dst>
      <dst id="1">261.4578</dst>
      <dst id="5">72.3911</dst>
      <dst id="3">0.5600</dst>
      <dst id="22">45.9022</dst>
      <dst id="7">2974.8622</dst>
      <dst id="2">171.1022</dst>
      <dst id="6">0.3289</dst>
      <dst id="16">9566.5689</dst>
      <dst id="14">25.5644</dst>
      <dst id="20">1.6800</dst>
      <dst id="11">41.7067</dst>
      <dst id="9">240.0000</dst>
      <dst id="17">113.9467</dst>
      <dst id="21">141.7333</dst>
      <dst id="15">1.2267</dst>
    </src>
    <src id="23">
      <dst id="12">466.5244</dst>
      <dst id="13">10.7378</dst>
      <dst id="19">1.2000</dst>
      <dst id="8">0.4356</dst>
      <dst id="18">0.3822</dst>
      <dst id="4">8.4533</dst>
      <dst id="1">65.0133</dst>
      <dst id="5">52.6222</dst>
      <dst id="3">223.6800</dst>
      <dst id="22">185.8044</dst>
      <dst id="7">28.8178</dst>
      <dst id="2">4.0711</dst>
      <dst id="6">0.3378</dst>
      <dst id="16">16.7911</dst>
      <dst id="14">227.0222</dst>
      <dst id="20">26.6667</dst>
      <dst id="11">60.9867</dst>
      <dst id="9">1031.0044</dst>
      <dst id="17">99.6178</dst>
      <dst id="21">588.1156</dst>
    </src>
    <src id="8">
      <dst id="12">240931.5556</dst>
      <dst id="13">1607.5467</dst>
      <dst id="18">42.2578</dst>
      <dst id="4">5580.3022</dst>
      <dst id="1">480.9333</dst>
      <dst id="5">353.7956</dst>
      <dst id="3">0.3556</dst>
      <dst id="22">914.9422</dst>
      <dst id="7">455.6800</dst>
      <dst id="2">87541.0222</dst>
      <dst id="16">73.4933</dst>
      <dst id="14">26.6667</dst>
      <dst id="20">16.9600</dst>
      <dst id="11">153.6533</dst>
      <dst id="9">80.2578</dst>
      <dst id="17">91088.0444</dst>
      <dst id="21">134.1067</dst>
      <dst id="15">211.6444</dst>
    </src>
    <src id="18">
      <dst id="12">87014.2222</dst>
      <dst id="13">160.8267</dst>
      <dst id="19">4.6044</dst>
      <dst id="8">1.8133</dst>
      <dst id="4">3170.2844</dst>
      <dst id="1">1128.2133</dst>
      <dst id="5">151.5022</dst>
      <dst id="3">15.2267</dst>
      <dst id="22">509.3067</dst>
      <dst id="7">239.0044</dst>
      <dst id="2">26968.0356</dst>
      <dst id="16">16.5956</dst>
      <dst id="14">13.3333</dst>
      <dst id="20">1.2444</dst>
      <dst id="11">132.4267</dst>
      <dst id="9">1.6356</dst>
      <dst id="17">29309.0044</dst>
      <dst id="21">77.8400</dst>
      <dst id="15">11.3067</dst>
    </src>
    <src id="4">
      <dst id="12">8183.1556</dst>
      <dst id="19">15033.6267</dst>
      <dst id="23">0.8889</dst>
      <dst id="8">1196.4178</dst>
      <dst id="18">690.3289</dst>
      <dst id="1">44801.5822</dst>
      <dst id="5">1237.4667</dst>
      <dst id="3">38.7644</dst>
      <dst id="22">2462.6044</dst>
      <dst id="7">44870.5600</dst>
      <dst id="2">59802.3644</dst>
      <dst id="6">0.8178</dst>
      <dst id="16">462.6311</dst>
      <dst id="14">3536.0356</dst>
      <dst id="20">2208.8622</dst>
      <dst id="11">1435.7867</dst>
      <dst id="9">2762.0444</dst>
      <dst id="17">15998.7822</dst>
      <dst id="21">2837.9022</dst>
      <dst id="15">2267.7778</dst>
    </src>
    <src id="1">
      <dst id="12">15318.8178</dst>
      <dst id="13">391.3067</dst>
      <dst id="19">10.7200</dst>
      <dst id="23">38.6133</dst>
      <dst id="8">55170.6578</dst>
      <dst id="18">11484.6400</dst>
      <dst id="4">9858.6311</dst>
      <dst id="1">3542.8622</dst>
      <dst id="5">128259.6356</dst>
      <dst id="3">96.3644</dst>
      <dst id="22">722.4622</dst>
      <dst id="7">1206.8711</dst>
      <dst id="2">1682.6578</dst>
      <dst id="6">5650.9867</dst>
      <dst id="16">13807.3956</dst>
      <dst id="14">184.0800</dst>
      <dst id="20">86.6133</dst>
      <dst id="11">364.7200</dst>
      <dst id="9">130957.8933</dst>
      <dst id="17">4616.7200</dst>
      <dst id="21">1904.3644</dst>
      <dst id="15">180.7644</dst>
    </src>
    <src id="5">
      <dst id="12">232281.7867</dst>
      <dst id="13">757.9733</dst>
      <dst id="19">1.8489</dst>
      <dst id="23">0.8178</dst>
      <dst id="8">362.4000</dst>
      <dst id="18">1189.8222</dst>
      <dst id="4">3582.4622</dst>
      <dst id="1">581.0578</dst>
      <dst id="3">2.4622</dst>
      <dst id="22">1064.1689</dst>
      <dst id="7">61.6622</dst>
      <dst id="2">80049.6533</dst>
      <dst id="6">1.8844</dst>
      <dst id="16">236.1867</dst>
      <dst id="14">2.0622</dst>
      <dst id="20">390.8356</dst>
      <dst id="11">367.0400</dst>
      <dst id="9">310.7022</dst>
      <dst id="17">80274.2578</dst>
      <dst id="21">202.1689</dst>
      <dst id="15">211.8756</dst>
    </src>
    <src id="3">
      <dst id="12">12660.4978</dst>
      <dst id="13">130.9067</dst>
      <dst id="19">770.6933</dst>
      <dst id="23">7634.8800</dst>
      <dst id="8">2088.0267</dst>
      <dst id="18">40927.0400</dst>
      <dst id="4">15921.0044</dst>
      <dst id="1">6052.2844</dst>
      <dst id="5">190.5689</dst>
      <dst id="3">9758.0889</dst>
      <dst id="22">326.2044</dst>
      <dst id="7">1619.4578</dst>
      <dst id="2">9245.7333</dst>
      <dst id="6">1.2267</dst>
      <dst id="16">831.7956</dst>
      <dst id="14">59584.0267</dst>
      <dst id="20">19.5911</dst>
      <dst id="11">97327.8044</dst>
      <dst id="9">331.2889</dst>
      <dst id="17">4732.3822</dst>
      <dst id="21">7999.5378</dst>
      <dst id="15">45.4044</dst>
    </src>
    <src id="10">
      <dst id="12">10946.9956</dst>
      <dst id="19">6047.9022</dst>
      <dst id="8">172.5244</dst>
      <dst id="18">3165.9822</dst>
      <dst id="1">2066.2044</dst>
      <dst id="5">396.3556</dst>
      <dst id="3">1883.3600</dst>
      <dst id="22">7047.3422</dst>
      <dst id="7">97276.4178</dst>
      <dst id="2">17603.5378</dst>
      <dst id="6">0.6933</dst>
      <dst id="16">314.3022</dst>
      <dst id="14">2112.4622</dst>
      <dst id="20">3970.0978</dst>
      <dst id="11">2157.5733</dst>
      <dst id="9">3605.9022</dst>
      <dst id="17">11806.3289</dst>
      <dst id="21">17214.0444</dst>
      <dst id="15">535.5911</dst>
    </src>
    <src id="22">
      <dst id="12">7748.3111</dst>
      <dst id="13">1149.6356</dst>
      <dst id="19">18.4711</dst>
      <dst id="23">118.2578</dst>
      <dst id="8">5546.3378</dst>
      <dst id="18">459.0756</dst>
      <dst id="4">14980.3111</dst>
      <dst id="1">559.0933</dst>
      <dst id="5">2362.7289</dst>
      <dst id="3">1036.2133</dst>
      <dst id="7">182.2844</dst>
      <dst id="2">3465.4756</dst>
      <dst id="6">1.3778</dst>
      <dst id="14">111.6800</dst>
      <dst id="11">2185.0222</dst>
      <dst id="9">1168.4711</dst>
      <dst id="17">1542.8800</dst>
      <dst id="21">919.2978</dst>
    </src>
    <src id="7">
      <dst id="12">2887.8667</dst>
      <dst id="13">126.2667</dst>
      <dst id="19">95.3689</dst>
      <dst id="23">42.0178</dst>
      <dst id="8">155.4400</dst>
      <dst id="18">343.1200</dst>
      <dst id="4">28545.4844</dst>
      <dst id="1">771.0133</dst>
      <dst id="5">775.0222</dst>
      <dst id="3">271.5822</dst>
      <dst id="22">2163.2444</dst>
      <dst id="7">645.2978</dst>
      <dst id="2">5407.3422</dst>
      <dst id="6">88.5422</dst>
      <dst id="16">560.0178</dst>
      <dst id="14">211.1822</dst>
      <dst id="20">198.0356</dst>
      <dst id="11">334.2222</dst>
      <dst id="9">1810.5333</dst>
      <dst id="17">3915.4311</dst>
      <dst id="21">1195.1022</dst>
      <dst id="15">304.1600</dst>
    </src>
    <src id="2">
      <dst id="12">91554.7644</dst>
      <dst id="13">507973.9467</dst>
      <dst id="19">474.6667</dst>
      <dst id="23">13.6889</dst>
      <dst id="8">69.8933</dst>
      <dst id="18">28189.8311</dst>
      <dst id="4">71562.2222</dst>
      <dst id="1">2357.2444</dst>
      <dst id="5">1494.2044</dst>
      <dst id="3">31.5822</dst>
      <dst id="22">695.5200</dst>
      <dst id="7">2504.1067</dst>
      <dst id="2">749.8489</dst>
      <dst id="6">6771.8578</dst>
      <dst id="16">2811.0756</dst>
      <dst id="14">5563.6711</dst>
      <dst id="20">168.5600</dst>
      <dst id="11">1026.4000</dst>
      <dst id="9">170.1689</dst>
      <dst id="17">19042.0978</dst>
      <dst id="21">917.2444</dst>
      <dst id="15">426.2133</dst>
    </src>
    <src id="6">
      <dst id="12">8401.9556</dst>
      <dst id="13">3.1200</dst>
      <dst id="19">5.2444</dst>
      <dst id="23">0.3378</dst>
      <dst id="8">0.3556</dst>
      <dst id="18">1.5733</dst>
      <dst id="4">1409.0667</dst>
      <dst id="1">1.0489</dst>
      <dst id="5">62.4000</dst>
      <dst id="3">11.8222</dst>
      <dst id="22">1.9467</dst>
      <dst id="7">1.1733</dst>
      <dst id="2">1562.7556</dst>
      <dst id="14">22.9333</dst>
      <dst id="20">1.8844</dst>
      <dst id="11">0.3378</dst>
      <dst id="9">1.0222</dst>
      <dst id="17">1991.5556</dst>
      <dst id="21">2.0000</dst>
    </src>
    <src id="16">
      <dst id="12">1500.6222</dst>
      <dst id="13">146.0711</dst>
      <dst id="19">4317.9200</dst>
      <dst id="23">3.7511</dst>
      <dst id="8">1378.6222</dst>
      <dst id="18">16.3911</dst>
      <dst id="4">3145.4489</dst>
      <dst id="1">26818.2400</dst>
      <dst id="5">2014.3289</dst>
      <dst id="3">1.7422</dst>
      <dst id="7">353.9556</dst>
      <dst id="2">148.2844</dst>
      <dst id="6">8.0622</dst>
      <dst id="16">27.5200</dst>
      <dst id="14">519.2889</dst>
      <dst id="11">55.4844</dst>
      <dst id="9">4053.0667</dst>
      <dst id="17">1315.0667</dst>
      <dst id="21">1780.6044</dst>
    </src>
    <src id="14">
      <dst id="12">19833.5467</dst>
      <dst id="13">45.1822</dst>
      <dst id="19">10.4356</dst>
      <dst id="23">16.0000</dst>
      <dst id="8">0.4622</dst>
      <dst id="4">2203.0578</dst>
      <dst id="1">80.8267</dst>
      <dst id="5">4.7822</dst>
      <dst id="3">152.5956</dst>
      <dst id="22">4.9333</dst>
      <dst id="7">66.0978</dst>
      <dst id="2">6709.5289</dst>
      <dst id="6">0.7111</dst>
      <dst id="16">9.1022</dst>
      <dst id="20">1.5556</dst>
      <dst id="11">50.8711</dst>
      <dst id="9">13.4844</dst>
      <dst id="17">8475.5733</dst>
      <dst id="21">90.7822</dst>
    </src>
    <src id="20">
      <dst id="12">771.6978</dst>
      <dst id="13">9100.5778</dst>
      <dst id="19">0.4622</dst>
      <dst id="23">0.7111</dst>
      <dst id="8">67.1111</dst>
      <dst id="18">0.5333</dst>
      <dst id="4">7046.9778</dst>
      <dst id="1">85.3244</dst>
      <dst id="5">491.3778</dst>
      <dst id="3">120.5956</dst>
      <dst id="7">89.7600</dst>
      <dst id="2">1057.5556</dst>
      <dst id="6">49.7778</dst>
      <dst id="14">3.0578</dst>
      <dst id="11">60.6133</dst>
      <dst id="9">925.4667</dst>
      <dst id="17">3066.4178</dst>
      <dst id="21">82.5867</dst>
    </src>
    <src id="11">
      <dst id="12">345150.6933</dst>
      <dst id="13">2114.2578</dst>
      <dst id="19">5.6533</dst>
      <dst id="23">1.7156</dst>
      <dst id="8">303.0489</dst>
      <dst id="18">85.2089</dst>
      <dst id="4">8909.7511</dst>
      <dst id="1">740.4711</dst>
      <dst id="5">1168.9600</dst>
      <dst id="3">253.2356</dst>
      <dst id="22">881.4133</dst>
      <dst id="7">135.4222</dst>
      <dst id="2">115325.5822</dst>
      <dst id="16">118.8622</dst>
      <dst id="14">31.2978</dst>
      <dst id="20">63.0578</dst>
      <dst id="11">2730.4533</dst>
      <dst id="9">842.2400</dst>
      <dst id="17">121516.9511</dst>
      <dst id="21">351.6356</dst>
      <dst id="15">52.6400</dst>
    </src>
    <src id="9">
      <dst id="12">309376.4444</dst>
      <dst id="13">3255.3511</dst>
      <dst id="19">7.9378</dst>
      <dst id="23">43.9111</dst>
      <dst id="8">35.6711</dst>
      <dst id="18">22.3200</dst>
      <dst id="4">9329.1467</dst>
      <dst id="1">718.6489</dst>
      <dst id="5">972.8978</dst>
      <dst id="3">0.3556</dst>
      <dst id="22">8452.8444</dst>
      <dst id="7">65.4667</dst>
      <dst id="2">106235.2800</dst>
      <dst id="6">0.3289</dst>
      <dst id="16">224.8800</dst>
      <dst id="14">0.8889</dst>
      <dst id="20">573.7244</dst>
      <dst id="11">1296.4711</dst>
      <dst id="9">295.3867</dst>
      <dst id="17">124327.4756</dst>
      <dst id="21">188.7289</dst>
      <dst id="15">858.6489</dst>
    </src>
    <src id="17">
      <dst id="12">7200.6044</dst>
      <dst id="13">2722.7378</dst>
      <dst id="19">218.0178</dst>
      <dst id="23">43.8578</dst>
      <dst id="8">79344.3467</dst>
      <dst id="18">31.0311</dst>
      <dst id="4">24341.4933</dst>
      <dst id="1">523.5911</dst>
      <dst id="5">124375.3867</dst>
      <dst id="3">3360.1156</dst>
      <dst id="22">2547.6622</dst>
      <dst id="7">738.7644</dst>
      <dst id="2">9369.7333</dst>
      <dst id="6">12.8622</dst>
      <dst id="16">1896.1333</dst>
      <dst id="14">52769.0311</dst>
      <dst id="20">361.4044</dst>
      <dst id="11">66890.9511</dst>
      <dst id="9">109889.7244</dst>
      <dst id="17">1266.1244</dst>
      <dst id="21">13043.3422</dst>
      <dst id="15">34.0267</dst>
    </src>
    <src id="21">
      <dst id="12">16623.2089</dst>
      <dst id="13">337.4222</dst>
      <dst id="19">31.8044</dst>
      <dst id="23">63.6178</dst>
      <dst id="8">19.3600</dst>
      <dst id="18">328.2578</dst>
      <dst id="4">10202.1600</dst>
      <dst id="1">1665.1822</dst>
      <dst id="5">220.5778</dst>
      <dst id="3">611.6000</dst>
      <dst id="22">599.7333</dst>
      <dst id="7">1137.5644</dst>
      <dst id="2">6198.7911</dst>
      <dst id="6">14.4800</dst>
      <dst id="16">191.1111</dst>
      <dst id="14">317.3867</dst>
      <dst id="20">171.4311</dst>
      <dst id="11">274.1067</dst>
      <dst id="9">586.0622</dst>
      <dst id="17">3650.6489</dst>
      <dst id="21">641.1644</dst>
      <dst id="15">362.4267</dst>
    </src>
    <src id="15">
      <dst id="12">359.5200</dst>
      <dst id="13">1536.6222</dst>
      <dst id="19">28.3289</dst>
      <dst id="23">0.6400</dst>
      <dst id="8">148.0000</dst>
      <dst id="18">28.5867</dst>
      <dst id="4">1936.1867</dst>
      <dst id="1">707.4667</dst>
      <dst id="5">125.4667</dst>
      <dst id="3">10.0533</dst>
      <dst id="7">20.1956</dst>
      <dst id="2">403.8844</dst>
      <dst id="14">0.6400</dst>
      <dst id="11">8.2222</dst>
      <dst id="9">84.2844</dst>
      <dst id="17">253.9022</dst>
      <dst id="21">50.5333</dst>
    </src>
  </IntraTM>
</TrafficMatrixFile>
