<?xml version="1.0" encoding="UTF-8" standalone="yes"?>
<TrafficMatrixFile xmlns:xsi="http://www.w3.org/2001/XMLSchema-instance" xsi:noNamespaceSchemaLocation="http://totem.run.montefiore.ulg.ac.be/Schema/TrafficMatrix-v1_2.xsd">
  <info>
    <title>Intradomain traffic matrix generated by geant-TM-all.pl</title>
    <date>2005-01-03T00:00:00</date>
    <duration>900</duration>
    <author>Steve Uhlig</author>
    <units>
        <unit type="bandwidth" value="kbps"/>
    </units>
  </info>
  <IntraTM ASID="20965">
    <src id="12">
      <dst id="12">294730.8356</dst>
      <dst id="13">31931.4933</dst>
      <dst id="19">4159.2978</dst>
      <dst id="23">2072.5867</dst>
      <dst id="8">4473.1467</dst>
      <dst id="18">6834.2933</dst>
      <dst id="4">91352.3822</dst>
      <dst id="1">9900.9067</dst>
      <dst id="5">3138.2133</dst>
      <dst id="3">19821.4222</dst>
      <dst id="22">23902.4267</dst>
      <dst id="7">8923.1200</dst>
      <dst id="2">96174.4978</dst>
      <dst id="6">39.9644</dst>
      <dst id="16">7549.1200</dst>
      <dst id="14">342.9778</dst>
      <dst id="20">10502.0178</dst>
      <dst id="11">7064.7111</dst>
      <dst id="9">12379.0667</dst>
      <dst id="17">125875.1556</dst>
      <dst id="21">24941.9200</dst>
      <dst id="15">6871.3689</dst>
    </src>
    <src id="13">
      <dst id="12">79748.6133</dst>
      <dst id="19">38123.2444</dst>
      <dst id="23">199.3067</dst>
      <dst id="8">3672.6756</dst>
      <dst id="18">9842.8089</dst>
      <dst id="1">26615.1644</dst>
      <dst id="5">5329.5289</dst>
      <dst id="3">25324.9600</dst>
      <dst id="22">39035.1289</dst>
      <dst id="7">22209.7244</dst>
      <dst id="2">138738.3289</dst>
      <dst id="6">146.1156</dst>
      <dst id="16">13111.8222</dst>
      <dst id="14">3204.4533</dst>
      <dst id="20">13967.2356</dst>
      <dst id="11">29477.4578</dst>
      <dst id="9">17392.4444</dst>
      <dst id="17">87638.2756</dst>
      <dst id="21">32937.7067</dst>
      <dst id="15">9011.3600</dst>
    </src>
    <src id="19">
      <dst id="12">16552.9956</dst>
      <dst id="13">857.5200</dst>
      <dst id="23">215.8578</dst>
      <dst id="8">46.7733</dst>
      <dst id="18">334.9422</dst>
      <dst id="4">21832.1422</dst>
      <dst id="1">1958.8889</dst>
      <dst id="5">112.5689</dst>
      <dst id="3">32.2133</dst>
      <dst id="22">205.0311</dst>
      <dst id="7">8708.8267</dst>
      <dst id="2">7784.6578</dst>
      <dst id="6">93.3333</dst>
      <dst id="16">5164.1511</dst>
      <dst id="14">0.3556</dst>
      <dst id="20">62.4978</dst>
      <dst id="11">1069.0489</dst>
      <dst id="9">1822.4089</dst>
      <dst id="17">6759.3333</dst>
      <dst id="21">5626.8978</dst>
      <dst id="15">29.1911</dst>
    </src>
    <src id="23">
      <dst id="12">1146.0800</dst>
      <dst id="13">206.3467</dst>
      <dst id="19">157.2000</dst>
      <dst id="8">13.3333</dst>
      <dst id="18">121.3156</dst>
      <dst id="4">14.6133</dst>
      <dst id="1">95.1022</dst>
      <dst id="5">920.0711</dst>
      <dst id="3">419.5289</dst>
      <dst id="22">872.0711</dst>
      <dst id="7">617.1467</dst>
      <dst id="2">755.8311</dst>
      <dst id="6">0.4178</dst>
      <dst id="16">414.5778</dst>
      <dst id="14">12.6222</dst>
      <dst id="20">165.5822</dst>
      <dst id="11">620.0622</dst>
      <dst id="9">3019.0133</dst>
      <dst id="17">1189.6089</dst>
      <dst id="21">1082.0178</dst>
      <dst id="15">999.6800</dst>
    </src>
    <src id="8">
      <dst id="12">391792.1333</dst>
      <dst id="13">3990.5156</dst>
      <dst id="19">1.2978</dst>
      <dst id="23">0.8178</dst>
      <dst id="18">1215.1556</dst>
      <dst id="4">8903.0044</dst>
      <dst id="1">1852.2844</dst>
      <dst id="5">1652.1156</dst>
      <dst id="3">22.4978</dst>
      <dst id="22">4916.4711</dst>
      <dst id="7">161.3600</dst>
      <dst id="2">157282.5244</dst>
      <dst id="6">0.4178</dst>
      <dst id="16">502.8000</dst>
      <dst id="14">82.8444</dst>
      <dst id="20">2353.0133</dst>
      <dst id="11">949.4133</dst>
      <dst id="9">4425.3956</dst>
      <dst id="17">128826.5156</dst>
      <dst id="21">1246.8533</dst>
      <dst id="15">14.9511</dst>
    </src>
    <src id="18">
      <dst id="12">136718.4356</dst>
      <dst id="13">449.5378</dst>
      <dst id="19">104.6311</dst>
      <dst id="23">5.1644</dst>
      <dst id="8">1199.9822</dst>
      <dst id="4">2711.0133</dst>
      <dst id="1">1834.0622</dst>
      <dst id="5">173.5378</dst>
      <dst id="3">345.6533</dst>
      <dst id="22">511.4044</dst>
      <dst id="7">404.1156</dst>
      <dst id="2">54728.1067</dst>
      <dst id="16">13.2889</dst>
      <dst id="14">1.4222</dst>
      <dst id="20">90.4889</dst>
      <dst id="11">494.4978</dst>
      <dst id="9">1089.1467</dst>
      <dst id="17">47894.1867</dst>
      <dst id="21">922.3911</dst>
      <dst id="15">234.8889</dst>
    </src>
    <src id="4">
      <dst id="12">59645.4044</dst>
      <dst id="19">8803.3067</dst>
      <dst id="8">2151.9111</dst>
      <dst id="18">2452.5422</dst>
      <dst id="4">2.1422</dst>
      <dst id="1">155306.2578</dst>
      <dst id="5">1748.2933</dst>
      <dst id="3">2549.5822</dst>
      <dst id="22">7727.5644</dst>
      <dst id="7">134649.7067</dst>
      <dst id="2">116822.6044</dst>
      <dst id="6">51.2356</dst>
      <dst id="16">3886.6933</dst>
      <dst id="14">1953.9289</dst>
      <dst id="20">1271.7778</dst>
      <dst id="11">8566.4089</dst>
      <dst id="9">5556.3467</dst>
      <dst id="17">128976.0444</dst>
      <dst id="21">14688.3644</dst>
      <dst id="15">834.5689</dst>
    </src>
    <src id="1">
      <dst id="12">17892.5867</dst>
      <dst id="13">31095.9644</dst>
      <dst id="19">1609.0756</dst>
      <dst id="23">47.9733</dst>
      <dst id="8">196290.0711</dst>
      <dst id="18">17492.5244</dst>
      <dst id="4">21771.4844</dst>
      <dst id="1">33120.0711</dst>
      <dst id="5">251153.0311</dst>
      <dst id="3">2455.1911</dst>
      <dst id="22">6544.9244</dst>
      <dst id="7">6892.5333</dst>
      <dst id="2">36471.2178</dst>
      <dst id="6">14266.6311</dst>
      <dst id="16">9678.7733</dst>
      <dst id="14">51.3689</dst>
      <dst id="20">893.2889</dst>
      <dst id="11">3346.0800</dst>
      <dst id="9">307330.0622</dst>
      <dst id="17">11320.3200</dst>
      <dst id="21">6130.5511</dst>
      <dst id="15">380.1689</dst>
    </src>
    <src id="5">
      <dst id="12">315782.9422</dst>
      <dst id="13">1571.3956</dst>
      <dst id="19">70.3289</dst>
      <dst id="23">105.4044</dst>
      <dst id="8">4494.5778</dst>
      <dst id="18">282.5511</dst>
      <dst id="4">8153.6800</dst>
      <dst id="1">513.6089</dst>
      <dst id="3">66.0000</dst>
      <dst id="22">4362.7822</dst>
      <dst id="7">240.4978</dst>
      <dst id="2">124063.6000</dst>
      <dst id="6">5.8933</dst>
      <dst id="16">919.8400</dst>
      <dst id="14">1.7956</dst>
      <dst id="20">1858.4356</dst>
      <dst id="11">3551.0044</dst>
      <dst id="9">5351.1378</dst>
      <dst id="17">103338.9156</dst>
      <dst id="21">617.0044</dst>
      <dst id="15">307.3689</dst>
    </src>
    <src id="3">
      <dst id="12">17698.9156</dst>
      <dst id="13">1050.0978</dst>
      <dst id="19">5846.6844</dst>
      <dst id="23">318.0267</dst>
      <dst id="8">2096.1600</dst>
      <dst id="18">214243.8311</dst>
      <dst id="4">36986.5867</dst>
      <dst id="1">7772.2489</dst>
      <dst id="5">1067.0667</dst>
      <dst id="3">16367.4844</dst>
      <dst id="22">1777.1022</dst>
      <dst id="7">5679.6533</dst>
      <dst id="2">7298.8356</dst>
      <dst id="6">35.8578</dst>
      <dst id="16">4858.0889</dst>
      <dst id="14">42290.9333</dst>
      <dst id="20">1228.1689</dst>
      <dst id="11">231415.0667</dst>
      <dst id="9">1830.0000</dst>
      <dst id="17">13746.2578</dst>
      <dst id="21">10988.7733</dst>
      <dst id="15">206.4444</dst>
    </src>
    <src id="10">
      <dst id="12">22836.7289</dst>
      <dst id="19">2055.1467</dst>
      <dst id="23">0.4267</dst>
      <dst id="8">2548.6933</dst>
      <dst id="18">5887.9289</dst>
      <dst id="1">5370.2222</dst>
      <dst id="5">1315.5467</dst>
      <dst id="3">25477.2444</dst>
      <dst id="22">9363.8311</dst>
      <dst id="7">16704.1067</dst>
      <dst id="2">39295.6711</dst>
      <dst id="6">31.4578</dst>
      <dst id="16">1922.8178</dst>
      <dst id="14">1623.7956</dst>
      <dst id="20">11578.0089</dst>
      <dst id="11">10539.9200</dst>
      <dst id="9">2776.7556</dst>
      <dst id="17">19632.0267</dst>
      <dst id="21">17138.1333</dst>
      <dst id="15">6007.5556</dst>
    </src>
    <src id="22">
      <dst id="12">7482.0444</dst>
      <dst id="13">2287.4756</dst>
      <dst id="19">181.4933</dst>
      <dst id="23">108.8889</dst>
      <dst id="8">1304.1333</dst>
      <dst id="18">7979.3511</dst>
      <dst id="4">15721.1200</dst>
      <dst id="1">705.0222</dst>
      <dst id="5">4837.8133</dst>
      <dst id="3">1946.9956</dst>
      <dst id="7">4949.6889</dst>
      <dst id="2">10169.4311</dst>
      <dst id="6">0.8178</dst>
      <dst id="16">1.3333</dst>
      <dst id="14">15.1200</dst>
      <dst id="11">4211.8844</dst>
      <dst id="9">4810.7467</dst>
      <dst id="17">9059.1289</dst>
      <dst id="21">1844.1867</dst>
    </src>
    <src id="7">
      <dst id="12">6500.4711</dst>
      <dst id="13">749.4133</dst>
      <dst id="19">1345.4311</dst>
      <dst id="23">501.6533</dst>
      <dst id="8">1343.1822</dst>
      <dst id="18">6115.6267</dst>
      <dst id="4">17521.0489</dst>
      <dst id="1">32596.0267</dst>
      <dst id="5">1065.9467</dst>
      <dst id="3">1968.3911</dst>
      <dst id="22">4588.5156</dst>
      <dst id="7">692.4089</dst>
      <dst id="2">15653.4844</dst>
      <dst id="6">218.3200</dst>
      <dst id="16">1384.0178</dst>
      <dst id="14">120.6844</dst>
      <dst id="20">2775.7600</dst>
      <dst id="11">2889.8578</dst>
      <dst id="9">1726.3467</dst>
      <dst id="17">21655.9822</dst>
      <dst id="21">14075.7422</dst>
      <dst id="15">536.4889</dst>
    </src>
    <src id="2">
      <dst id="12">125698.3378</dst>
      <dst id="13">160498.6756</dst>
      <dst id="19">2437.8756</dst>
      <dst id="23">103.1911</dst>
      <dst id="8">1987.7689</dst>
      <dst id="18">159247.0400</dst>
      <dst id="4">106742.9511</dst>
      <dst id="1">14378.1689</dst>
      <dst id="5">3693.1733</dst>
      <dst id="3">727.9111</dst>
      <dst id="22">10546.9422</dst>
      <dst id="7">8761.8489</dst>
      <dst id="2">1480.1067</dst>
      <dst id="6">10881.9111</dst>
      <dst id="16">4136.1956</dst>
      <dst id="14">5127.6800</dst>
      <dst id="20">1538.0800</dst>
      <dst id="11">4611.7956</dst>
      <dst id="9">2720.6311</dst>
      <dst id="17">75399.7956</dst>
      <dst id="21">15678.3200</dst>
      <dst id="15">161.4044</dst>
    </src>
    <src id="6">
      <dst id="12">11013.8311</dst>
      <dst id="13">36.9956</dst>
      <dst id="19">3.0222</dst>
      <dst id="23">1.5556</dst>
      <dst id="18">1.2622</dst>
      <dst id="4">106.3467</dst>
      <dst id="1">196.5956</dst>
      <dst id="5">2.0089</dst>
      <dst id="3">16.0622</dst>
      <dst id="22">31.9200</dst>
      <dst id="7">111.6889</dst>
      <dst id="2">2771.6000</dst>
      <dst id="16">0.3556</dst>
      <dst id="20">8.7200</dst>
      <dst id="11">23.7156</dst>
      <dst id="9">22.4800</dst>
      <dst id="17">2512.2311</dst>
      <dst id="21">305.4933</dst>
      <dst id="15">0.6667</dst>
    </src>
    <src id="16">
      <dst id="12">3234.6044</dst>
      <dst id="13">1021.6800</dst>
      <dst id="19">2333.6356</dst>
      <dst id="23">119.9822</dst>
      <dst id="8">4800.3644</dst>
      <dst id="18">115.0489</dst>
      <dst id="4">8833.4667</dst>
      <dst id="1">17924.3378</dst>
      <dst id="5">5902.8711</dst>
      <dst id="3">53.0667</dst>
      <dst id="7">6178.0356</dst>
      <dst id="2">1345.4933</dst>
      <dst id="6">1.2089</dst>
      <dst id="16">47.3156</dst>
      <dst id="14">256.6844</dst>
      <dst id="11">243.4400</dst>
      <dst id="9">8278.1600</dst>
      <dst id="17">5234.2044</dst>
      <dst id="21">1081.6444</dst>
    </src>
    <src id="14">
      <dst id="12">18803.6800</dst>
      <dst id="13">12.8000</dst>
      <dst id="19">5.6533</dst>
      <dst id="23">52.9956</dst>
      <dst id="8">529.7511</dst>
      <dst id="18">54.0711</dst>
      <dst id="4">2269.1200</dst>
      <dst id="1">241.7067</dst>
      <dst id="5">13.9378</dst>
      <dst id="3">57.6000</dst>
      <dst id="22">44.2667</dst>
      <dst id="7">161.3067</dst>
      <dst id="2">6494.3200</dst>
      <dst id="16">54.2933</dst>
      <dst id="20">67.0844</dst>
      <dst id="11">77.3067</dst>
      <dst id="9">44.5333</dst>
      <dst id="17">6804.7111</dst>
      <dst id="21">138.8267</dst>
    </src>
    <src id="20">
      <dst id="12">3988.5067</dst>
      <dst id="13">3872.9511</dst>
      <dst id="19">29.8311</dst>
      <dst id="23">4058.4089</dst>
      <dst id="8">1307.1822</dst>
      <dst id="18">20.0444</dst>
      <dst id="4">10426.1156</dst>
      <dst id="1">472.2400</dst>
      <dst id="5">1298.5333</dst>
      <dst id="3">731.5644</dst>
      <dst id="7">288.3378</dst>
      <dst id="2">4661.2978</dst>
      <dst id="6">6.5422</dst>
      <dst id="14">2.2756</dst>
      <dst id="11">3271.6889</dst>
      <dst id="9">7041.9822</dst>
      <dst id="17">2040.3378</dst>
      <dst id="21">4258.8622</dst>
    </src>
    <src id="11">
      <dst id="12">425761.4756</dst>
      <dst id="13">4429.7600</dst>
      <dst id="19">189.2889</dst>
      <dst id="23">184.5511</dst>
      <dst id="8">1422.3644</dst>
      <dst id="18">339.9111</dst>
      <dst id="4">13977.9733</dst>
      <dst id="1">538.6933</dst>
      <dst id="5">1435.5911</dst>
      <dst id="3">2054.4889</dst>
      <dst id="22">2558.2756</dst>
      <dst id="7">2007.6800</dst>
      <dst id="2">178700.7200</dst>
      <dst id="6">20.3911</dst>
      <dst id="16">725.5822</dst>
      <dst id="14">28.0267</dst>
      <dst id="20">473.9378</dst>
      <dst id="11">2063.9111</dst>
      <dst id="9">5188.1244</dst>
      <dst id="17">160157.5289</dst>
      <dst id="21">4545.5644</dst>
      <dst id="15">219.5022</dst>
    </src>
    <src id="9">
      <dst id="12">443712.0978</dst>
      <dst id="13">1687.0756</dst>
      <dst id="19">196.9422</dst>
      <dst id="23">82.6133</dst>
      <dst id="8">3181.0756</dst>
      <dst id="18">537.6356</dst>
      <dst id="4">9276.9067</dst>
      <dst id="1">1426.1956</dst>
      <dst id="5">1557.1289</dst>
      <dst id="3">44.4622</dst>
      <dst id="22">4474.1511</dst>
      <dst id="7">2679.8400</dst>
      <dst id="2">177581.0133</dst>
      <dst id="6">4.8267</dst>
      <dst id="16">1100.9956</dst>
      <dst id="14">1.2978</dst>
      <dst id="20">7508.4711</dst>
      <dst id="11">1905.1556</dst>
      <dst id="9">1012.6756</dst>
      <dst id="17">183782.4444</dst>
      <dst id="21">2296.4533</dst>
      <dst id="15">7096.9600</dst>
    </src>
    <src id="17">
      <dst id="12">19078.7556</dst>
      <dst id="13">15699.5822</dst>
      <dst id="19">3118.0089</dst>
      <dst id="23">464.0444</dst>
      <dst id="8">202119.3067</dst>
      <dst id="18">1905.7689</dst>
      <dst id="4">80144.0178</dst>
      <dst id="1">8039.0578</dst>
      <dst id="5">234754.4089</dst>
      <dst id="3">16039.1556</dst>
      <dst id="22">19263.3333</dst>
      <dst id="7">19324.8622</dst>
      <dst id="2">168193.5022</dst>
      <dst id="6">188.2311</dst>
      <dst id="16">11683.2267</dst>
      <dst id="14">25054.4444</dst>
      <dst id="20">5140.9689</dst>
      <dst id="11">191734.3733</dst>
      <dst id="9">260905.6533</dst>
      <dst id="17">1815.3956</dst>
      <dst id="21">18529.1644</dst>
      <dst id="15">250.2044</dst>
    </src>
    <src id="21">
      <dst id="12">23374.4622</dst>
      <dst id="13">1829.2444</dst>
      <dst id="19">367.6000</dst>
      <dst id="23">62.4267</dst>
      <dst id="8">196.2222</dst>
      <dst id="18">3149.0578</dst>
      <dst id="4">29316.1067</dst>
      <dst id="1">4561.7689</dst>
      <dst id="5">600.2578</dst>
      <dst id="3">4788.2844</dst>
      <dst id="22">1989.2889</dst>
      <dst id="7">3784.6222</dst>
      <dst id="2">17910.0889</dst>
      <dst id="6">31.6533</dst>
      <dst id="16">982.7467</dst>
      <dst id="14">78.1422</dst>
      <dst id="20">832.3200</dst>
      <dst id="11">666.1156</dst>
      <dst id="9">1064.5778</dst>
      <dst id="17">7309.3244</dst>
      <dst id="21">2844.5422</dst>
      <dst id="15">713.9467</dst>
    </src>
    <src id="15">
      <dst id="12">4354.0356</dst>
      <dst id="13">1797.8756</dst>
      <dst id="19">1.3689</dst>
      <dst id="23">12.2667</dst>
      <dst id="8">27.9200</dst>
      <dst id="18">462.0444</dst>
      <dst id="4">2485.8222</dst>
      <dst id="1">630.8711</dst>
      <dst id="5">178.8356</dst>
      <dst id="3">50.0800</dst>
      <dst id="7">28.2756</dst>
      <dst id="2">449.8578</dst>
      <dst id="11">586.4889</dst>
      <dst id="9">616.4711</dst>
      <dst id="17">234.1333</dst>
      <dst id="21">323.5022</dst>
    </src>
  </IntraTM>
</TrafficMatrixFile>
