<?xml version="1.0" encoding="UTF-8" standalone="yes"?>
<TrafficMatrixFile xmlns:xsi="http://www.w3.org/2001/XMLSchema-instance" xsi:noNamespaceSchemaLocation="http://totem.run.montefiore.ulg.ac.be/Schema/TrafficMatrix-v1_2.xsd">
  <info>
    <title>Intradomain traffic matrix generated by geant-TM-all.pl</title>
    <date>2005-01-01T19:00:00</date>
    <duration>900</duration>
    <author>Steve Uhlig</author>
    <units>
        <unit type="bandwidth" value="kbps"/>
    </units>
  </info>
  <IntraTM ASID="20965">
    <src id="12">
      <dst id="12">379438.9333</dst>
      <dst id="13">20257.4578</dst>
      <dst id="19">7274.8267</dst>
      <dst id="23">7681.7156</dst>
      <dst id="8">2942.8533</dst>
      <dst id="18">1468.4978</dst>
      <dst id="4">84783.6800</dst>
      <dst id="1">8721.4756</dst>
      <dst id="5">3923.8667</dst>
      <dst id="3">14464.8267</dst>
      <dst id="22">27073.8578</dst>
      <dst id="7">1660.5422</dst>
      <dst id="2">98595.2444</dst>
      <dst id="6">19.8400</dst>
      <dst id="16">6015.0400</dst>
      <dst id="14">3993.6622</dst>
      <dst id="20">8471.9733</dst>
      <dst id="11">4897.5556</dst>
      <dst id="9">42222.1689</dst>
      <dst id="17">82834.3556</dst>
      <dst id="21">22769.8489</dst>
      <dst id="15">8175.9378</dst>
    </src>
    <src id="13">
      <dst id="12">67844.2489</dst>
      <dst id="19">6450.2133</dst>
      <dst id="23">381.0578</dst>
      <dst id="8">3923.7689</dst>
      <dst id="18">8503.9289</dst>
      <dst id="1">8273.5200</dst>
      <dst id="5">13363.8667</dst>
      <dst id="3">34644.9244</dst>
      <dst id="22">37819.1733</dst>
      <dst id="7">13175.1733</dst>
      <dst id="2">98913.8933</dst>
      <dst id="6">81.2356</dst>
      <dst id="16">7995.8578</dst>
      <dst id="14">8587.6711</dst>
      <dst id="20">19808.9156</dst>
      <dst id="11">31063.7156</dst>
      <dst id="9">13656.9600</dst>
      <dst id="17">62485.7067</dst>
      <dst id="21">38114.7556</dst>
      <dst id="15">6904.3822</dst>
    </src>
    <src id="19">
      <dst id="12">16969.9467</dst>
      <dst id="13">1338.1867</dst>
      <dst id="8">44.6578</dst>
      <dst id="18">21.5822</dst>
      <dst id="4">17368.8178</dst>
      <dst id="1">31.6267</dst>
      <dst id="5">29.9289</dst>
      <dst id="3">8057.5289</dst>
      <dst id="22">2069.5200</dst>
      <dst id="7">4489.2356</dst>
      <dst id="2">796.0178</dst>
      <dst id="6">353.0044</dst>
      <dst id="16">8285.8400</dst>
      <dst id="14">27.4844</dst>
      <dst id="20">120.9778</dst>
      <dst id="11">157.2889</dst>
      <dst id="9">197.6444</dst>
      <dst id="17">445.2533</dst>
      <dst id="21">3257.5111</dst>
      <dst id="15">26.8089</dst>
    </src>
    <src id="23">
      <dst id="12">881.2000</dst>
      <dst id="13">195.2711</dst>
      <dst id="19">0.9867</dst>
      <dst id="8">51.8044</dst>
      <dst id="18">38.3289</dst>
      <dst id="4">47.6444</dst>
      <dst id="1">97.4222</dst>
      <dst id="5">115.6178</dst>
      <dst id="3">321.3422</dst>
      <dst id="22">205.3689</dst>
      <dst id="7">425.3778</dst>
      <dst id="2">232.7111</dst>
      <dst id="16">25.8222</dst>
      <dst id="14">14.4000</dst>
      <dst id="20">105.2711</dst>
      <dst id="11">358.2489</dst>
      <dst id="9">1913.9022</dst>
      <dst id="17">474.4711</dst>
      <dst id="21">612.3289</dst>
      <dst id="15">81.2000</dst>
    </src>
    <src id="8">
      <dst id="12">399794.0978</dst>
      <dst id="13">439.4222</dst>
      <dst id="19">155.2000</dst>
      <dst id="23">159.8578</dst>
      <dst id="18">1180.3111</dst>
      <dst id="4">7447.1733</dst>
      <dst id="1">293.4667</dst>
      <dst id="5">3442.8267</dst>
      <dst id="3">340.4267</dst>
      <dst id="22">2183.6000</dst>
      <dst id="7">24.1333</dst>
      <dst id="2">140673.5556</dst>
      <dst id="16">832.9156</dst>
      <dst id="14">13.0044</dst>
      <dst id="20">6690.3378</dst>
      <dst id="11">3777.6622</dst>
      <dst id="9">1080.7200</dst>
      <dst id="17">85380.7378</dst>
      <dst id="21">1637.6978</dst>
      <dst id="15">259.0756</dst>
    </src>
    <src id="18">
      <dst id="12">135132.4800</dst>
      <dst id="13">541.8667</dst>
      <dst id="19">864.4978</dst>
      <dst id="23">22.7733</dst>
      <dst id="8">120.8000</dst>
      <dst id="4">2361.4933</dst>
      <dst id="1">1522.7822</dst>
      <dst id="5">407.5644</dst>
      <dst id="3">225.3689</dst>
      <dst id="22">290.7022</dst>
      <dst id="7">93.4311</dst>
      <dst id="2">37889.6356</dst>
      <dst id="16">34.0178</dst>
      <dst id="14">24.8267</dst>
      <dst id="20">73.8667</dst>
      <dst id="11">182.9244</dst>
      <dst id="9">20.2133</dst>
      <dst id="17">33129.3333</dst>
      <dst id="21">1239.1644</dst>
      <dst id="15">1000.7644</dst>
    </src>
    <src id="4">
      <dst id="12">24441.0933</dst>
      <dst id="19">16182.5600</dst>
      <dst id="23">12.6222</dst>
      <dst id="8">3045.9289</dst>
      <dst id="18">2398.2311</dst>
      <dst id="4">2.6044</dst>
      <dst id="1">3413.1022</dst>
      <dst id="5">2287.4667</dst>
      <dst id="3">78676.0800</dst>
      <dst id="22">8862.8444</dst>
      <dst id="7">23070.9956</dst>
      <dst id="2">82441.1289</dst>
      <dst id="6">15.4400</dst>
      <dst id="16">1970.4267</dst>
      <dst id="14">16096.1867</dst>
      <dst id="20">8414.6578</dst>
      <dst id="11">10581.5733</dst>
      <dst id="9">4223.7067</dst>
      <dst id="17">20079.7156</dst>
      <dst id="21">9238.2133</dst>
      <dst id="15">776.7822</dst>
    </src>
    <src id="1">
      <dst id="12">21246.2044</dst>
      <dst id="13">580.7644</dst>
      <dst id="19">64.4356</dst>
      <dst id="23">137.0578</dst>
      <dst id="8">232019.2089</dst>
      <dst id="18">12620.2667</dst>
      <dst id="4">7210.8622</dst>
      <dst id="1">62.6311</dst>
      <dst id="5">281162.8267</dst>
      <dst id="3">176840.7200</dst>
      <dst id="22">7032.1333</dst>
      <dst id="7">9164.7111</dst>
      <dst id="2">6316.4533</dst>
      <dst id="6">8086.9689</dst>
      <dst id="16">12349.6356</dst>
      <dst id="14">1846.2044</dst>
      <dst id="20">12535.1556</dst>
      <dst id="11">1055.8667</dst>
      <dst id="9">426617.4222</dst>
      <dst id="17">5636.6667</dst>
      <dst id="21">21705.5289</dst>
      <dst id="15">1192.1244</dst>
    </src>
    <src id="5">
      <dst id="12">348690.5333</dst>
      <dst id="13">1670.6222</dst>
      <dst id="19">47.1822</dst>
      <dst id="23">349.6267</dst>
      <dst id="8">31527.0489</dst>
      <dst id="18">327.8578</dst>
      <dst id="4">7508.6933</dst>
      <dst id="1">69.9911</dst>
      <dst id="3">1537.6978</dst>
      <dst id="22">3487.5733</dst>
      <dst id="7">131.0933</dst>
      <dst id="2">156910.4444</dst>
      <dst id="6">1.5822</dst>
      <dst id="16">1898.6933</dst>
      <dst id="14">2.8356</dst>
      <dst id="20">6313.9644</dst>
      <dst id="11">2574.3467</dst>
      <dst id="9">2506.6311</dst>
      <dst id="17">89869.4756</dst>
      <dst id="21">521.1022</dst>
      <dst id="15">480.9956</dst>
    </src>
    <src id="3">
      <dst id="12">12467.3689</dst>
      <dst id="13">1762.8889</dst>
      <dst id="19">1506.3200</dst>
      <dst id="23">20.4356</dst>
      <dst id="8">194.1422</dst>
      <dst id="18">163354.7022</dst>
      <dst id="4">48912.6489</dst>
      <dst id="1">6582.3911</dst>
      <dst id="5">883.3689</dst>
      <dst id="3">24453.4133</dst>
      <dst id="22">2463.3600</dst>
      <dst id="7">2262.2667</dst>
      <dst id="2">5649.5822</dst>
      <dst id="6">28.6400</dst>
      <dst id="16">1480.6222</dst>
      <dst id="14">61672.2133</dst>
      <dst id="20">4270.5156</dst>
      <dst id="11">264846.5956</dst>
      <dst id="9">440.0800</dst>
      <dst id="17">4082.3111</dst>
      <dst id="21">10836.0356</dst>
      <dst id="15">137.1556</dst>
    </src>
    <src id="10">
      <dst id="12">20936.3200</dst>
      <dst id="19">1068.1333</dst>
      <dst id="8">3246.2489</dst>
      <dst id="18">6021.2889</dst>
      <dst id="1">1930.8000</dst>
      <dst id="5">2230.6133</dst>
      <dst id="3">28027.1200</dst>
      <dst id="22">12459.5111</dst>
      <dst id="7">2520.7111</dst>
      <dst id="2">37375.3422</dst>
      <dst id="6">20.1244</dst>
      <dst id="16">2417.3244</dst>
      <dst id="14">7108.0533</dst>
      <dst id="20">8120.7467</dst>
      <dst id="11">5835.9556</dst>
      <dst id="9">3350.6933</dst>
      <dst id="17">23581.8489</dst>
      <dst id="21">22396.2400</dst>
      <dst id="15">1372.6667</dst>
    </src>
    <src id="22">
      <dst id="12">12318.8622</dst>
      <dst id="13">5260.8800</dst>
      <dst id="19">87.7689</dst>
      <dst id="23">181.8133</dst>
      <dst id="8">1072.8533</dst>
      <dst id="18">2014.4800</dst>
      <dst id="4">19252.1778</dst>
      <dst id="1">280.5600</dst>
      <dst id="5">7298.5956</dst>
      <dst id="3">1537.5378</dst>
      <dst id="7">1355.9911</dst>
      <dst id="2">7924.3378</dst>
      <dst id="6">16.8978</dst>
      <dst id="16">14.5778</dst>
      <dst id="14">42.6133</dst>
      <dst id="11">5683.1822</dst>
      <dst id="9">3057.1644</dst>
      <dst id="17">10221.1644</dst>
      <dst id="21">1888.6400</dst>
    </src>
    <src id="7">
      <dst id="12">5050.1422</dst>
      <dst id="13">276.0356</dst>
      <dst id="19">1345.3778</dst>
      <dst id="23">663.8222</dst>
      <dst id="8">277.3422</dst>
      <dst id="18">752.5244</dst>
      <dst id="4">35798.8178</dst>
      <dst id="1">1395.2000</dst>
      <dst id="5">1696.3911</dst>
      <dst id="3">10818.2756</dst>
      <dst id="22">9254.8800</dst>
      <dst id="7">374.6133</dst>
      <dst id="2">10635.8578</dst>
      <dst id="6">219.0044</dst>
      <dst id="16">1490.8267</dst>
      <dst id="14">1038.2933</dst>
      <dst id="20">5259.1911</dst>
      <dst id="11">1542.2400</dst>
      <dst id="9">2079.6622</dst>
      <dst id="17">4532.9867</dst>
      <dst id="21">6968.0533</dst>
      <dst id="15">374.7733</dst>
    </src>
    <src id="2">
      <dst id="12">185964.8089</dst>
      <dst id="13">4288.1600</dst>
      <dst id="19">2535.1022</dst>
      <dst id="23">2.7022</dst>
      <dst id="8">1472.2933</dst>
      <dst id="18">125934.8533</dst>
      <dst id="4">86844.8178</dst>
      <dst id="1">1916.0089</dst>
      <dst id="5">2729.7867</dst>
      <dst id="3">6431.4044</dst>
      <dst id="22">3887.5022</dst>
      <dst id="7">3479.4489</dst>
      <dst id="2">1954.4889</dst>
      <dst id="6">7183.9644</dst>
      <dst id="16">2687.2622</dst>
      <dst id="14">565.7956</dst>
      <dst id="20">1085.2622</dst>
      <dst id="11">13738.8356</dst>
      <dst id="9">1800.3733</dst>
      <dst id="17">25918.9244</dst>
      <dst id="21">10490.1689</dst>
      <dst id="15">357.6800</dst>
    </src>
    <src id="6">
      <dst id="12">9000.3378</dst>
      <dst id="13">4.1156</dst>
      <dst id="19">23.4844</dst>
      <dst id="8">0.4622</dst>
      <dst id="18">1.2356</dst>
      <dst id="4">25.0222</dst>
      <dst id="1">1.0400</dst>
      <dst id="5">40.0000</dst>
      <dst id="3">170.6489</dst>
      <dst id="22">72.4267</dst>
      <dst id="7">7.1556</dst>
      <dst id="2">2047.3067</dst>
      <dst id="14">1.3511</dst>
      <dst id="20">46.8622</dst>
      <dst id="11">55.3422</dst>
      <dst id="9">25.6800</dst>
      <dst id="17">1245.8133</dst>
      <dst id="21">159.7244</dst>
      <dst id="15">35.8400</dst>
    </src>
    <src id="16">
      <dst id="12">3686.6133</dst>
      <dst id="13">417.0311</dst>
      <dst id="19">3865.8844</dst>
      <dst id="23">30.7644</dst>
      <dst id="8">8868.4711</dst>
      <dst id="18">16.2222</dst>
      <dst id="4">4075.2533</dst>
      <dst id="1">20635.8222</dst>
      <dst id="5">10011.2178</dst>
      <dst id="3">2722.8800</dst>
      <dst id="7">1459.2622</dst>
      <dst id="2">902.4178</dst>
      <dst id="6">0.5689</dst>
      <dst id="16">43.4044</dst>
      <dst id="14">388.5956</dst>
      <dst id="11">536.7822</dst>
      <dst id="9">13429.3511</dst>
      <dst id="17">5360.7378</dst>
      <dst id="21">569.3867</dst>
    </src>
    <src id="14">
      <dst id="12">32145.9556</dst>
      <dst id="13">32.8356</dst>
      <dst id="19">6.1156</dst>
      <dst id="23">25.2444</dst>
      <dst id="8">12.9778</dst>
      <dst id="4">2788.8267</dst>
      <dst id="1">404.8444</dst>
      <dst id="5">3.5644</dst>
      <dst id="3">155.7422</dst>
      <dst id="22">514.2933</dst>
      <dst id="7">190.6933</dst>
      <dst id="2">9615.6978</dst>
      <dst id="6">40.3556</dst>
      <dst id="16">23.0133</dst>
      <dst id="20">102.0978</dst>
      <dst id="11">294.4978</dst>
      <dst id="9">17.8400</dst>
      <dst id="17">6676.7733</dst>
      <dst id="21">171.2178</dst>
      <dst id="15">23.3422</dst>
    </src>
    <src id="20">
      <dst id="12">8099.2000</dst>
      <dst id="13">12303.2089</dst>
      <dst id="19">78.7111</dst>
      <dst id="23">54.6667</dst>
      <dst id="8">2861.8489</dst>
      <dst id="18">961.4400</dst>
      <dst id="4">12286.7644</dst>
      <dst id="1">279.1378</dst>
      <dst id="5">1874.6756</dst>
      <dst id="3">6530.9067</dst>
      <dst id="7">7245.8933</dst>
      <dst id="2">7916.3022</dst>
      <dst id="6">34.9956</dst>
      <dst id="14">20.0978</dst>
      <dst id="11">6280.6756</dst>
      <dst id="9">6903.1200</dst>
      <dst id="17">14169.5022</dst>
      <dst id="21">278.6222</dst>
    </src>
    <src id="11">
      <dst id="12">429980.2844</dst>
      <dst id="13">1370.7378</dst>
      <dst id="19">478.7378</dst>
      <dst id="23">75.5111</dst>
      <dst id="8">2855.0489</dst>
      <dst id="18">616.4356</dst>
      <dst id="4">14116.0178</dst>
      <dst id="1">728.1067</dst>
      <dst id="5">1652.1778</dst>
      <dst id="3">2224.7111</dst>
      <dst id="22">6713.6267</dst>
      <dst id="7">510.8356</dst>
      <dst id="2">163841.7778</dst>
      <dst id="6">79.3867</dst>
      <dst id="16">436.2489</dst>
      <dst id="14">74.0000</dst>
      <dst id="20">4250.5778</dst>
      <dst id="11">2036.8889</dst>
      <dst id="9">953.4933</dst>
      <dst id="17">91537.7333</dst>
      <dst id="21">3252.4356</dst>
      <dst id="15">1136.7733</dst>
    </src>
    <src id="9">
      <dst id="12">579225.3156</dst>
      <dst id="13">14791.8311</dst>
      <dst id="19">115.0844</dst>
      <dst id="23">37.4044</dst>
      <dst id="8">2897.3244</dst>
      <dst id="18">141.7689</dst>
      <dst id="4">15625.0222</dst>
      <dst id="1">10283.0133</dst>
      <dst id="5">4847.2178</dst>
      <dst id="3">1427.2000</dst>
      <dst id="22">8638.2044</dst>
      <dst id="7">264.1511</dst>
      <dst id="2">194371.3333</dst>
      <dst id="6">27.0933</dst>
      <dst id="16">1008.6222</dst>
      <dst id="14">14.3733</dst>
      <dst id="20">11958.5778</dst>
      <dst id="11">1653.9022</dst>
      <dst id="9">6031.5556</dst>
      <dst id="17">150832.2489</dst>
      <dst id="21">1019.4222</dst>
      <dst id="15">1642.6400</dst>
    </src>
    <src id="17">
      <dst id="12">15525.5644</dst>
      <dst id="13">4405.8400</dst>
      <dst id="19">7816.8089</dst>
      <dst id="23">519.1467</dst>
      <dst id="8">213043.8578</dst>
      <dst id="18">1451.9467</dst>
      <dst id="4">73333.8756</dst>
      <dst id="1">8340.5867</dst>
      <dst id="5">264151.9022</dst>
      <dst id="3">29370.5422</dst>
      <dst id="22">19928.1511</dst>
      <dst id="7">17178.2222</dst>
      <dst id="2">19144.5689</dst>
      <dst id="6">298.7200</dst>
      <dst id="16">2086.4089</dst>
      <dst id="14">43894.8889</dst>
      <dst id="20">6197.1289</dst>
      <dst id="11">190810.3200</dst>
      <dst id="9">337349.2533</dst>
      <dst id="17">1721.8044</dst>
      <dst id="21">25795.3867</dst>
      <dst id="15">1156.4444</dst>
    </src>
    <src id="21">
      <dst id="12">25511.0044</dst>
      <dst id="13">1215.3867</dst>
      <dst id="19">1304.2311</dst>
      <dst id="23">2496.8000</dst>
      <dst id="8">1176.2222</dst>
      <dst id="18">1142.8800</dst>
      <dst id="4">23860.7556</dst>
      <dst id="1">1503.0933</dst>
      <dst id="5">1019.5200</dst>
      <dst id="3">9863.7867</dst>
      <dst id="22">2081.5911</dst>
      <dst id="7">3371.3422</dst>
      <dst id="2">12972.0178</dst>
      <dst id="6">47.1911</dst>
      <dst id="16">1061.3067</dst>
      <dst id="14">144.4000</dst>
      <dst id="20">463.3867</dst>
      <dst id="11">3004.3822</dst>
      <dst id="9">1696.6222</dst>
      <dst id="17">7051.4933</dst>
      <dst id="21">3828.6400</dst>
      <dst id="15">4211.1733</dst>
    </src>
    <src id="15">
      <dst id="12">5023.2444</dst>
      <dst id="13">628.5956</dst>
      <dst id="19">407.8222</dst>
      <dst id="23">1.8489</dst>
      <dst id="8">210.6933</dst>
      <dst id="18">24.9422</dst>
      <dst id="4">2735.5467</dst>
      <dst id="1">232.8800</dst>
      <dst id="5">350.8800</dst>
      <dst id="3">2430.7200</dst>
      <dst id="7">22.6489</dst>
      <dst id="2">331.7067</dst>
      <dst id="14">0.3556</dst>
      <dst id="11">1284.6311</dst>
      <dst id="9">4468.6133</dst>
      <dst id="17">459.6622</dst>
      <dst id="21">263.5644</dst>
    </src>
  </IntraTM>
</TrafficMatrixFile>
