<?xml version="1.0" encoding="UTF-8" standalone="yes"?>
<TrafficMatrixFile xmlns:xsi="http://www.w3.org/2001/XMLSchema-instance" xsi:noNamespaceSchemaLocation="http://totem.run.montefiore.ulg.ac.be/Schema/TrafficMatrix-v1_2.xsd">
  <info>
    <title>Intradomain traffic matrix generated by geant-TM-all.pl</title>
    <date>2005-01-03T02:30:00</date>
    <duration>900</duration>
    <author>Steve Uhlig</author>
    <units>
        <unit type="bandwidth" value="kbps"/>
    </units>
  </info>
  <IntraTM ASID="20965">
    <src id="12">
      <dst id="12">265206.6044</dst>
      <dst id="13">49480.2489</dst>
      <dst id="19">4624.5867</dst>
      <dst id="23">649.6889</dst>
      <dst id="8">8544.0178</dst>
      <dst id="18">1988.2844</dst>
      <dst id="4">119505.7067</dst>
      <dst id="1">9147.0933</dst>
      <dst id="5">3755.8489</dst>
      <dst id="3">4387.1644</dst>
      <dst id="22">23405.9467</dst>
      <dst id="7">3655.4222</dst>
      <dst id="2">92877.4489</dst>
      <dst id="6">68.3467</dst>
      <dst id="16">8070.7911</dst>
      <dst id="14">336.0622</dst>
      <dst id="20">4831.4133</dst>
      <dst id="11">5348.1244</dst>
      <dst id="9">6892.0178</dst>
      <dst id="17">72792.5867</dst>
      <dst id="21">21701.0044</dst>
      <dst id="15">1273.5733</dst>
    </src>
    <src id="13">
      <dst id="12">55114.7022</dst>
      <dst id="19">33338.2044</dst>
      <dst id="23">215.4133</dst>
      <dst id="8">2907.2533</dst>
      <dst id="18">8184.0000</dst>
      <dst id="1">8560.9778</dst>
      <dst id="5">14328.4444</dst>
      <dst id="3">16787.3156</dst>
      <dst id="22">26816.5067</dst>
      <dst id="7">21224.7644</dst>
      <dst id="2">112604.5244</dst>
      <dst id="6">45.2800</dst>
      <dst id="16">8141.7689</dst>
      <dst id="14">4972.1067</dst>
      <dst id="20">10888.8089</dst>
      <dst id="11">19632.8889</dst>
      <dst id="9">14415.7600</dst>
      <dst id="17">63153.9200</dst>
      <dst id="21">28396.9156</dst>
      <dst id="15">5097.5911</dst>
    </src>
    <src id="19">
      <dst id="12">14118.3289</dst>
      <dst id="13">5190.8889</dst>
      <dst id="23">181.2622</dst>
      <dst id="8">98.6311</dst>
      <dst id="18">54.8533</dst>
      <dst id="4">20974.4356</dst>
      <dst id="1">1348.4089</dst>
      <dst id="5">37.1378</dst>
      <dst id="3">153.1022</dst>
      <dst id="22">139.5111</dst>
      <dst id="7">4158.8978</dst>
      <dst id="2">2182.0444</dst>
      <dst id="6">62.4622</dst>
      <dst id="16">4722.8889</dst>
      <dst id="14">1.6978</dst>
      <dst id="20">187.3244</dst>
      <dst id="11">31.7067</dst>
      <dst id="9">88.4800</dst>
      <dst id="17">6561.4756</dst>
      <dst id="21">2276.0800</dst>
      <dst id="15">1.2356</dst>
    </src>
    <src id="23">
      <dst id="12">386.0711</dst>
      <dst id="13">158.0800</dst>
      <dst id="19">39.7511</dst>
      <dst id="8">103.9644</dst>
      <dst id="18">14.1156</dst>
      <dst id="4">55.3778</dst>
      <dst id="1">59.2978</dst>
      <dst id="5">130.7644</dst>
      <dst id="3">177.5644</dst>
      <dst id="22">1040.8889</dst>
      <dst id="7">289.6444</dst>
      <dst id="2">79.3333</dst>
      <dst id="6">6.0533</dst>
      <dst id="16">5.2978</dst>
      <dst id="14">0.7111</dst>
      <dst id="20">114.9156</dst>
      <dst id="11">1081.8311</dst>
      <dst id="9">530.4533</dst>
      <dst id="17">263.1822</dst>
      <dst id="21">800.8978</dst>
      <dst id="15">0.4622</dst>
    </src>
    <src id="8">
      <dst id="12">375894.9067</dst>
      <dst id="13">343.5467</dst>
      <dst id="19">1230.9689</dst>
      <dst id="23">783.3956</dst>
      <dst id="18">1262.7022</dst>
      <dst id="4">6217.4311</dst>
      <dst id="1">295.5644</dst>
      <dst id="5">10161.5911</dst>
      <dst id="3">66.8444</dst>
      <dst id="22">1701.6800</dst>
      <dst id="7">129.6267</dst>
      <dst id="2">153504.3911</dst>
      <dst id="6">0.5511</dst>
      <dst id="16">1724.3111</dst>
      <dst id="20">3348.8711</dst>
      <dst id="11">1993.9733</dst>
      <dst id="9">3077.0311</dst>
      <dst id="17">152732.5333</dst>
      <dst id="21">339.6978</dst>
      <dst id="15">1785.9822</dst>
    </src>
    <src id="18">
      <dst id="12">135048.9067</dst>
      <dst id="13">240.2311</dst>
      <dst id="19">9.6267</dst>
      <dst id="23">3.3867</dst>
      <dst id="8">1219.9378</dst>
      <dst id="4">3290.2844</dst>
      <dst id="1">1439.2000</dst>
      <dst id="5">497.2267</dst>
      <dst id="3">116.3200</dst>
      <dst id="22">500.7022</dst>
      <dst id="7">286.0978</dst>
      <dst id="2">54087.2978</dst>
      <dst id="16">108.3733</dst>
      <dst id="14">2.8711</dst>
      <dst id="20">9.8311</dst>
      <dst id="11">430.0889</dst>
      <dst id="9">286.1511</dst>
      <dst id="17">45558.5867</dst>
      <dst id="21">1000.4000</dst>
      <dst id="15">5.5111</dst>
    </src>
    <src id="4">
      <dst id="12">54938.1333</dst>
      <dst id="19">7985.3511</dst>
      <dst id="23">1.4933</dst>
      <dst id="8">936.1244</dst>
      <dst id="18">4844.5867</dst>
      <dst id="4">1.0311</dst>
      <dst id="1">35380.4889</dst>
      <dst id="5">1524.4178</dst>
      <dst id="3">2242.5156</dst>
      <dst id="22">7353.5289</dst>
      <dst id="7">172081.0489</dst>
      <dst id="2">116805.3244</dst>
      <dst id="6">28.4800</dst>
      <dst id="16">3352.4444</dst>
      <dst id="14">1302.4178</dst>
      <dst id="20">1910.6311</dst>
      <dst id="11">12795.9022</dst>
      <dst id="9">3762.2044</dst>
      <dst id="17">139405.9467</dst>
      <dst id="21">10204.1689</dst>
      <dst id="15">129.3067</dst>
    </src>
    <src id="1">
      <dst id="12">14166.7289</dst>
      <dst id="13">436.9244</dst>
      <dst id="19">126.6578</dst>
      <dst id="23">139.3511</dst>
      <dst id="8">173167.3422</dst>
      <dst id="18">15891.2889</dst>
      <dst id="4">15397.4133</dst>
      <dst id="1">111464.7289</dst>
      <dst id="5">251485.6089</dst>
      <dst id="3">768.8889</dst>
      <dst id="22">8028.1422</dst>
      <dst id="7">1468.3289</dst>
      <dst id="2">29108.5511</dst>
      <dst id="6">10053.1733</dst>
      <dst id="16">7561.7689</dst>
      <dst id="14">57.5644</dst>
      <dst id="20">1668.5867</dst>
      <dst id="11">335.7778</dst>
      <dst id="9">245754.8978</dst>
      <dst id="17">4552.0533</dst>
      <dst id="21">9635.1111</dst>
      <dst id="15">2129.8756</dst>
    </src>
    <src id="5">
      <dst id="12">330899.9556</dst>
      <dst id="13">5322.0889</dst>
      <dst id="19">19.5733</dst>
      <dst id="23">17.4044</dst>
      <dst id="8">26628.8800</dst>
      <dst id="18">652.3111</dst>
      <dst id="4">9919.7422</dst>
      <dst id="1">512.9511</dst>
      <dst id="3">13.5111</dst>
      <dst id="22">13146.8800</dst>
      <dst id="7">177.3689</dst>
      <dst id="2">142525.7956</dst>
      <dst id="6">26.9067</dst>
      <dst id="16">1513.3778</dst>
      <dst id="14">0.3556</dst>
      <dst id="20">3123.0756</dst>
      <dst id="11">3222.7289</dst>
      <dst id="9">1466.3644</dst>
      <dst id="17">114264.4089</dst>
      <dst id="21">475.4578</dst>
      <dst id="15">76.3911</dst>
    </src>
    <src id="3">
      <dst id="12">12746.6489</dst>
      <dst id="13">1757.7156</dst>
      <dst id="19">1777.1556</dst>
      <dst id="23">53.2267</dst>
      <dst id="8">127.5022</dst>
      <dst id="18">167495.2089</dst>
      <dst id="4">59681.0667</dst>
      <dst id="1">43481.8311</dst>
      <dst id="5">4135.6622</dst>
      <dst id="3">20475.5378</dst>
      <dst id="22">956.3644</dst>
      <dst id="7">3752.6578</dst>
      <dst id="2">6462.9156</dst>
      <dst id="6">3.4222</dst>
      <dst id="16">944.0533</dst>
      <dst id="14">30818.1778</dst>
      <dst id="20">21.3778</dst>
      <dst id="11">194395.6889</dst>
      <dst id="9">226.5778</dst>
      <dst id="17">9771.0489</dst>
      <dst id="21">11227.2356</dst>
      <dst id="15">109.4844</dst>
    </src>
    <src id="10">
      <dst id="12">26590.8533</dst>
      <dst id="19">1164.5867</dst>
      <dst id="8">1278.7644</dst>
      <dst id="18">16487.1733</dst>
      <dst id="1">3299.1289</dst>
      <dst id="5">1444.6844</dst>
      <dst id="3">19429.6889</dst>
      <dst id="22">7251.5467</dst>
      <dst id="7">12589.5822</dst>
      <dst id="2">28966.8533</dst>
      <dst id="6">212.9689</dst>
      <dst id="16">3296.8089</dst>
      <dst id="14">1060.9600</dst>
      <dst id="20">1179.1289</dst>
      <dst id="11">6630.9244</dst>
      <dst id="9">2716.4889</dst>
      <dst id="17">17656.3733</dst>
      <dst id="21">20867.4400</dst>
      <dst id="15">780.5422</dst>
    </src>
    <src id="22">
      <dst id="12">9456.0711</dst>
      <dst id="13">11202.5867</dst>
      <dst id="19">276.7644</dst>
      <dst id="23">624.8267</dst>
      <dst id="8">782.7200</dst>
      <dst id="18">1926.2844</dst>
      <dst id="4">21966.4622</dst>
      <dst id="1">2265.5644</dst>
      <dst id="5">5074.9067</dst>
      <dst id="3">1091.0222</dst>
      <dst id="7">1495.3156</dst>
      <dst id="2">3785.9644</dst>
      <dst id="6">1.7422</dst>
      <dst id="16">1.0133</dst>
      <dst id="14">17.0933</dst>
      <dst id="11">3137.5378</dst>
      <dst id="9">2714.7467</dst>
      <dst id="17">7387.8756</dst>
      <dst id="21">1375.7244</dst>
    </src>
    <src id="7">
      <dst id="12">8786.1956</dst>
      <dst id="13">389.7067</dst>
      <dst id="19">840.5244</dst>
      <dst id="23">335.7333</dst>
      <dst id="8">907.0489</dst>
      <dst id="18">376.4356</dst>
      <dst id="4">97431.0400</dst>
      <dst id="1">8801.8044</dst>
      <dst id="5">1214.8533</dst>
      <dst id="3">1229.5022</dst>
      <dst id="22">3910.2133</dst>
      <dst id="7">892.8000</dst>
      <dst id="2">9344.0178</dst>
      <dst id="6">29.9378</dst>
      <dst id="16">1530.9600</dst>
      <dst id="14">147.5111</dst>
      <dst id="20">1008.3200</dst>
      <dst id="11">4709.7600</dst>
      <dst id="9">771.1111</dst>
      <dst id="17">20207.7333</dst>
      <dst id="21">10113.9378</dst>
      <dst id="15">310.5511</dst>
    </src>
    <src id="2">
      <dst id="12">110323.1200</dst>
      <dst id="13">524527.3689</dst>
      <dst id="19">432.8000</dst>
      <dst id="23">13.4400</dst>
      <dst id="8">488.2133</dst>
      <dst id="18">125835.2178</dst>
      <dst id="4">128941.9733</dst>
      <dst id="1">8507.2089</dst>
      <dst id="5">2801.8133</dst>
      <dst id="3">77.7333</dst>
      <dst id="22">4403.1556</dst>
      <dst id="7">7872.5067</dst>
      <dst id="2">816.0978</dst>
      <dst id="6">9848.8800</dst>
      <dst id="16">4471.8400</dst>
      <dst id="14">3433.7511</dst>
      <dst id="20">6822.4356</dst>
      <dst id="11">4195.6711</dst>
      <dst id="9">1382.5333</dst>
      <dst id="17">73390.8178</dst>
      <dst id="21">13353.0044</dst>
      <dst id="15">77.8311</dst>
    </src>
    <src id="6">
      <dst id="12">9701.4667</dst>
      <dst id="13">10.8889</dst>
      <dst id="19">2.7822</dst>
      <dst id="23">23.9822</dst>
      <dst id="18">11.8222</dst>
      <dst id="4">62.8267</dst>
      <dst id="1">15.1289</dst>
      <dst id="5">13.1556</dst>
      <dst id="22">13.1378</dst>
      <dst id="7">28.0978</dst>
      <dst id="2">3215.6889</dst>
      <dst id="16">9.0578</dst>
      <dst id="20">2.1689</dst>
      <dst id="11">10.7022</dst>
      <dst id="9">15.1911</dst>
      <dst id="17">1672.7022</dst>
      <dst id="21">106.7556</dst>
    </src>
    <src id="16">
      <dst id="12">2568.2756</dst>
      <dst id="13">891.0578</dst>
      <dst id="19">3655.5378</dst>
      <dst id="23">76.2489</dst>
      <dst id="8">4686.2756</dst>
      <dst id="18">245.6622</dst>
      <dst id="4">10227.4578</dst>
      <dst id="1">14666.4711</dst>
      <dst id="5">4884.8089</dst>
      <dst id="3">161.8844</dst>
      <dst id="7">5820.3644</dst>
      <dst id="2">5110.2222</dst>
      <dst id="6">0.4622</dst>
      <dst id="16">43.6622</dst>
      <dst id="14">213.3333</dst>
      <dst id="11">399.5467</dst>
      <dst id="9">8786.0533</dst>
      <dst id="17">3992.6222</dst>
      <dst id="21">1104.6844</dst>
    </src>
    <src id="14">
      <dst id="12">17226.8622</dst>
      <dst id="13">64.1511</dst>
      <dst id="19">31.8933</dst>
      <dst id="23">48.7467</dst>
      <dst id="8">13.0489</dst>
      <dst id="18">64.9067</dst>
      <dst id="4">3694.9778</dst>
      <dst id="1">41.4222</dst>
      <dst id="5">13.6889</dst>
      <dst id="3">93.2178</dst>
      <dst id="22">56.7911</dst>
      <dst id="7">62.8533</dst>
      <dst id="2">4800.4800</dst>
      <dst id="16">7.0756</dst>
      <dst id="20">2.1067</dst>
      <dst id="11">51.3244</dst>
      <dst id="9">149.6444</dst>
      <dst id="17">7713.7956</dst>
      <dst id="21">350.1867</dst>
    </src>
    <src id="20">
      <dst id="12">6411.2533</dst>
      <dst id="13">6806.4889</dst>
      <dst id="19">732.3556</dst>
      <dst id="23">2754.7733</dst>
      <dst id="8">379.1111</dst>
      <dst id="18">58.2044</dst>
      <dst id="4">13999.5378</dst>
      <dst id="1">243.4667</dst>
      <dst id="5">4520.8889</dst>
      <dst id="3">103.0756</dst>
      <dst id="22">0.3556</dst>
      <dst id="7">273.4578</dst>
      <dst id="2">5279.3956</dst>
      <dst id="6">14.5867</dst>
      <dst id="11">223.4044</dst>
      <dst id="9">3232.6667</dst>
      <dst id="17">5426.8978</dst>
      <dst id="21">1480.8356</dst>
    </src>
    <src id="11">
      <dst id="12">444034.8800</dst>
      <dst id="13">3374.8889</dst>
      <dst id="19">80.5067</dst>
      <dst id="23">85.0756</dst>
      <dst id="8">637.1822</dst>
      <dst id="18">806.4978</dst>
      <dst id="4">14562.7644</dst>
      <dst id="1">548.4444</dst>
      <dst id="5">2191.7600</dst>
      <dst id="3">889.4667</dst>
      <dst id="22">2672.4356</dst>
      <dst id="7">509.3156</dst>
      <dst id="2">162442.8178</dst>
      <dst id="6">65.5111</dst>
      <dst id="16">767.5378</dst>
      <dst id="14">32.7733</dst>
      <dst id="20">444.1333</dst>
      <dst id="11">1342.5956</dst>
      <dst id="9">8274.5600</dst>
      <dst id="17">169669.9556</dst>
      <dst id="21">1846.0533</dst>
      <dst id="15">184.8267</dst>
    </src>
    <src id="9">
      <dst id="12">392937.6622</dst>
      <dst id="13">8468.4622</dst>
      <dst id="19">152.4267</dst>
      <dst id="23">62.1511</dst>
      <dst id="8">10619.7156</dst>
      <dst id="18">333.0311</dst>
      <dst id="4">12961.4578</dst>
      <dst id="1">2685.0933</dst>
      <dst id="5">2278.9689</dst>
      <dst id="3">13.3333</dst>
      <dst id="22">5909.5022</dst>
      <dst id="7">4509.3333</dst>
      <dst id="2">159696.4622</dst>
      <dst id="16">678.0978</dst>
      <dst id="14">16.4978</dst>
      <dst id="20">3911.3689</dst>
      <dst id="11">4093.6978</dst>
      <dst id="9">1146.1067</dst>
      <dst id="17">191889.6444</dst>
      <dst id="21">1765.1733</dst>
      <dst id="15">9796.5778</dst>
    </src>
    <src id="17">
      <dst id="12">10092.2489</dst>
      <dst id="13">8770.8978</dst>
      <dst id="19">238.5689</dst>
      <dst id="23">195.5378</dst>
      <dst id="8">156555.1111</dst>
      <dst id="18">1930.9244</dst>
      <dst id="4">59474.3911</dst>
      <dst id="1">2040.2400</dst>
      <dst id="5">214838.7378</dst>
      <dst id="3">11215.6533</dst>
      <dst id="22">12182.1600</dst>
      <dst id="7">2734.1956</dst>
      <dst id="2">32628.4089</dst>
      <dst id="6">21.8844</dst>
      <dst id="16">6577.5022</dst>
      <dst id="14">18444.1511</dst>
      <dst id="20">758.8533</dst>
      <dst id="11">134921.3511</dst>
      <dst id="9">191825.0489</dst>
      <dst id="17">1350.6844</dst>
      <dst id="21">10680.0089</dst>
      <dst id="15">56.2844</dst>
    </src>
    <src id="21">
      <dst id="12">19130.1333</dst>
      <dst id="13">4512.4267</dst>
      <dst id="19">253.9200</dst>
      <dst id="23">103.9911</dst>
      <dst id="8">425.6711</dst>
      <dst id="18">1126.1244</dst>
      <dst id="4">34720.7733</dst>
      <dst id="1">1072.3556</dst>
      <dst id="5">953.5733</dst>
      <dst id="3">1357.8756</dst>
      <dst id="22">1078.1333</dst>
      <dst id="7">4583.0222</dst>
      <dst id="2">11038.5956</dst>
      <dst id="6">9.5111</dst>
      <dst id="16">355.6800</dst>
      <dst id="14">69.5111</dst>
      <dst id="20">316.5422</dst>
      <dst id="11">817.8400</dst>
      <dst id="9">716.7289</dst>
      <dst id="17">6537.9467</dst>
      <dst id="21">3016.9156</dst>
      <dst id="15">103.9022</dst>
    </src>
    <src id="15">
      <dst id="12">5319.9200</dst>
      <dst id="13">901.6889</dst>
      <dst id="19">0.3378</dst>
      <dst id="23">0.4622</dst>
      <dst id="8">1386.8178</dst>
      <dst id="18">87.2978</dst>
      <dst id="4">5892.1867</dst>
      <dst id="1">896.0089</dst>
      <dst id="5">355.4844</dst>
      <dst id="3">10.4711</dst>
      <dst id="7">78.1067</dst>
      <dst id="2">212.8267</dst>
      <dst id="16">4.6756</dst>
      <dst id="11">257.9111</dst>
      <dst id="9">3218.1778</dst>
      <dst id="17">1732.8000</dst>
      <dst id="21">116.4622</dst>
    </src>
  </IntraTM>
</TrafficMatrixFile>
