<?xml version="1.0" encoding="UTF-8" standalone="yes"?>
<TrafficMatrixFile xmlns:xsi="http://www.w3.org/2001/XMLSchema-instance" xsi:noNamespaceSchemaLocation="http://totem.run.montefiore.ulg.ac.be/Schema/TrafficMatrix-v1_2.xsd">
  <info>
    <title>Intradomain traffic matrix generated by geant-TM-all.pl</title>
    <date>2005-01-02T06:30:00</date>
    <duration>900</duration>
    <author>Steve Uhlig</author>
    <units>
        <unit type="bandwidth" value="kbps"/>
    </units>
  </info>
  <IntraTM ASID="20965">
    <src id="12">
      <dst id="12">262318.3378</dst>
      <dst id="13">35742.3200</dst>
      <dst id="19">6807.6622</dst>
      <dst id="23">139.6622</dst>
      <dst id="8">4991.3244</dst>
      <dst id="18">239.6267</dst>
      <dst id="4">132119.1022</dst>
      <dst id="1">10498.7111</dst>
      <dst id="5">5399.4400</dst>
      <dst id="3">3130.5067</dst>
      <dst id="22">12173.6800</dst>
      <dst id="7">2816.9156</dst>
      <dst id="2">106385.2711</dst>
      <dst id="6">6.1956</dst>
      <dst id="16">5152.1244</dst>
      <dst id="14">289.3156</dst>
      <dst id="20">21110.6578</dst>
      <dst id="11">2670.2222</dst>
      <dst id="9">12534.3378</dst>
      <dst id="17">71516.7467</dst>
      <dst id="21">11325.0311</dst>
      <dst id="15">1715.3333</dst>
    </src>
    <src id="13">
      <dst id="12">172078.6844</dst>
      <dst id="19">4657.1911</dst>
      <dst id="23">126.6489</dst>
      <dst id="8">3206.9956</dst>
      <dst id="18">11136.5422</dst>
      <dst id="1">5731.0844</dst>
      <dst id="5">8818.7200</dst>
      <dst id="3">9295.0133</dst>
      <dst id="22">27857.6089</dst>
      <dst id="7">7579.8489</dst>
      <dst id="2">133007.3778</dst>
      <dst id="6">153.3333</dst>
      <dst id="16">8923.1733</dst>
      <dst id="14">1496.0800</dst>
      <dst id="20">16783.0222</dst>
      <dst id="11">13479.1022</dst>
      <dst id="9">16257.8667</dst>
      <dst id="17">294709.0133</dst>
      <dst id="21">21900.1867</dst>
      <dst id="15">3507.6889</dst>
    </src>
    <src id="19">
      <dst id="12">16119.8311</dst>
      <dst id="13">13977.9200</dst>
      <dst id="23">25.9556</dst>
      <dst id="8">48.9244</dst>
      <dst id="18">2.9156</dst>
      <dst id="4">26895.8044</dst>
      <dst id="1">885.2889</dst>
      <dst id="5">27.3511</dst>
      <dst id="22">1041.7511</dst>
      <dst id="7">3319.2711</dst>
      <dst id="2">577.8578</dst>
      <dst id="6">340.1156</dst>
      <dst id="16">7751.2267</dst>
      <dst id="14">0.3556</dst>
      <dst id="20">62.0978</dst>
      <dst id="11">51.3333</dst>
      <dst id="9">149.8400</dst>
      <dst id="17">273.6089</dst>
      <dst id="21">914.6222</dst>
      <dst id="15">124.6578</dst>
    </src>
    <src id="23">
      <dst id="12">182.8267</dst>
      <dst id="13">106.6667</dst>
      <dst id="19">0.3556</dst>
      <dst id="8">67.7244</dst>
      <dst id="18">28.1511</dst>
      <dst id="4">813.3333</dst>
      <dst id="1">81.3156</dst>
      <dst id="5">14.0444</dst>
      <dst id="3">68.3467</dst>
      <dst id="22">264.6578</dst>
      <dst id="7">49.6800</dst>
      <dst id="2">1.1644</dst>
      <dst id="16">6.8978</dst>
      <dst id="14">0.3556</dst>
      <dst id="20">33.2444</dst>
      <dst id="11">825.9644</dst>
      <dst id="9">886.4978</dst>
      <dst id="17">58.0978</dst>
      <dst id="21">1068.2133</dst>
    </src>
    <src id="8">
      <dst id="12">319374.7200</dst>
      <dst id="13">1761.8844</dst>
      <dst id="19">149.9200</dst>
      <dst id="23">129.4222</dst>
      <dst id="18">78.7556</dst>
      <dst id="4">7093.8311</dst>
      <dst id="1">631.1556</dst>
      <dst id="5">2114.4356</dst>
      <dst id="3">12.6222</dst>
      <dst id="22">728.9867</dst>
      <dst id="7">943.3333</dst>
      <dst id="2">124826.8089</dst>
      <dst id="6">0.3556</dst>
      <dst id="16">862.4800</dst>
      <dst id="20">543.3778</dst>
      <dst id="11">5720.6578</dst>
      <dst id="9">359.1911</dst>
      <dst id="17">118646.0533</dst>
      <dst id="21">760.6222</dst>
      <dst id="15">90.0267</dst>
    </src>
    <src id="18">
      <dst id="12">104948.6044</dst>
      <dst id="13">414.1333</dst>
      <dst id="19">110.1511</dst>
      <dst id="23">109.7067</dst>
      <dst id="8">157.6444</dst>
      <dst id="4">5182.6222</dst>
      <dst id="1">604.8178</dst>
      <dst id="5">513.7511</dst>
      <dst id="3">29.3867</dst>
      <dst id="22">640.5778</dst>
      <dst id="7">533.5022</dst>
      <dst id="2">35868.0000</dst>
      <dst id="16">4.3467</dst>
      <dst id="14">0.5333</dst>
      <dst id="20">59.7422</dst>
      <dst id="11">616.9244</dst>
      <dst id="9">1254.8889</dst>
      <dst id="17">46072.1333</dst>
      <dst id="21">1031.9467</dst>
      <dst id="15">68.8356</dst>
    </src>
    <src id="4">
      <dst id="12">16050.4444</dst>
      <dst id="19">5641.9200</dst>
      <dst id="23">0.9244</dst>
      <dst id="8">1358.0178</dst>
      <dst id="18">1582.8533</dst>
      <dst id="4">0.9778</dst>
      <dst id="1">9572.7022</dst>
      <dst id="5">1964.7289</dst>
      <dst id="3">110.0533</dst>
      <dst id="22">4295.7511</dst>
      <dst id="7">17754.0800</dst>
      <dst id="2">47957.9022</dst>
      <dst id="6">3.9644</dst>
      <dst id="16">2942.7467</dst>
      <dst id="14">1647.3156</dst>
      <dst id="20">1868.2311</dst>
      <dst id="11">5324.2667</dst>
      <dst id="9">2220.7644</dst>
      <dst id="17">39162.6400</dst>
      <dst id="21">5979.0578</dst>
      <dst id="15">4005.6889</dst>
    </src>
    <src id="1">
      <dst id="12">17402.9422</dst>
      <dst id="13">1440.3022</dst>
      <dst id="19">50.6578</dst>
      <dst id="23">29.6978</dst>
      <dst id="8">171425.6800</dst>
      <dst id="18">12171.2978</dst>
      <dst id="4">23761.2000</dst>
      <dst id="1">17016.5067</dst>
      <dst id="5">243846.2756</dst>
      <dst id="3">109.0222</dst>
      <dst id="22">4721.7156</dst>
      <dst id="7">975.3600</dst>
      <dst id="2">3091.6533</dst>
      <dst id="6">9264.9244</dst>
      <dst id="16">11987.7511</dst>
      <dst id="14">89.2533</dst>
      <dst id="20">572.8356</dst>
      <dst id="11">805.7244</dst>
      <dst id="9">234995.9556</dst>
      <dst id="17">6988.1867</dst>
      <dst id="21">6798.5956</dst>
      <dst id="15">101.8133</dst>
    </src>
    <src id="5">
      <dst id="12">349180.9067</dst>
      <dst id="13">4669.9378</dst>
      <dst id="19">65.2444</dst>
      <dst id="23">95.2178</dst>
      <dst id="8">1493.5111</dst>
      <dst id="18">368.3378</dst>
      <dst id="4">12900.3022</dst>
      <dst id="1">7066.3644</dst>
      <dst id="3">647.0311</dst>
      <dst id="22">17338.8711</dst>
      <dst id="7">226.9511</dst>
      <dst id="2">145934.4356</dst>
      <dst id="6">49.1556</dst>
      <dst id="16">1163.2889</dst>
      <dst id="14">18.9867</dst>
      <dst id="20">2831.6444</dst>
      <dst id="11">740.4356</dst>
      <dst id="9">2371.5467</dst>
      <dst id="17">136160.3111</dst>
      <dst id="21">427.4489</dst>
      <dst id="15">242.8444</dst>
    </src>
    <src id="3">
      <dst id="12">9673.4933</dst>
      <dst id="13">776.2667</dst>
      <dst id="19">1829.2444</dst>
      <dst id="8">168.0533</dst>
      <dst id="18">90370.3644</dst>
      <dst id="4">46422.8178</dst>
      <dst id="1">11677.5822</dst>
      <dst id="5">2198.5156</dst>
      <dst id="3">12111.4311</dst>
      <dst id="22">9803.3778</dst>
      <dst id="7">1331.3422</dst>
      <dst id="2">6433.0578</dst>
      <dst id="6">5.3600</dst>
      <dst id="16">1785.9644</dst>
      <dst id="14">42241.1378</dst>
      <dst id="20">844.9956</dst>
      <dst id="11">167066.4267</dst>
      <dst id="9">170.0089</dst>
      <dst id="17">16113.7333</dst>
      <dst id="21">7383.8133</dst>
      <dst id="15">132.4000</dst>
    </src>
    <src id="10">
      <dst id="12">14305.3156</dst>
      <dst id="19">1314.7111</dst>
      <dst id="8">1034.6489</dst>
      <dst id="18">3340.7467</dst>
      <dst id="4">2.5956</dst>
      <dst id="1">2859.5200</dst>
      <dst id="5">2284.1778</dst>
      <dst id="3">13558.5778</dst>
      <dst id="22">5896.4000</dst>
      <dst id="7">21547.0489</dst>
      <dst id="2">28935.7867</dst>
      <dst id="6">45.7511</dst>
      <dst id="16">1128.1422</dst>
      <dst id="14">595.1467</dst>
      <dst id="20">3517.0489</dst>
      <dst id="11">1965.9822</dst>
      <dst id="9">1976.2933</dst>
      <dst id="17">12785.5111</dst>
      <dst id="21">20605.1467</dst>
      <dst id="15">4822.0800</dst>
    </src>
    <src id="22">
    </src>
    <src id="7">
      <dst id="12">4272.6133</dst>
      <dst id="13">622.8533</dst>
      <dst id="19">757.4222</dst>
      <dst id="23">87.7778</dst>
      <dst id="8">485.0933</dst>
      <dst id="18">309.5467</dst>
      <dst id="4">33761.7600</dst>
      <dst id="1">3970.1067</dst>
      <dst id="5">1419.8933</dst>
      <dst id="3">139.5111</dst>
      <dst id="22">4304.1422</dst>
      <dst id="7">660.1867</dst>
      <dst id="2">8009.6356</dst>
      <dst id="6">1.0933</dst>
      <dst id="16">582.5867</dst>
      <dst id="14">222.5244</dst>
      <dst id="20">1886.1244</dst>
      <dst id="11">1675.5911</dst>
      <dst id="9">927.1200</dst>
      <dst id="17">5132.8533</dst>
      <dst id="21">11270.0622</dst>
      <dst id="15">210.5778</dst>
    </src>
    <src id="2">
      <dst id="12">113164.2222</dst>
      <dst id="13">11034.0533</dst>
      <dst id="19">8083.1733</dst>
      <dst id="23">25.4400</dst>
      <dst id="8">948.0000</dst>
      <dst id="18">83842.9422</dst>
      <dst id="4">125676.5511</dst>
      <dst id="1">2786.2133</dst>
      <dst id="5">1205.3867</dst>
      <dst id="3">147.5022</dst>
      <dst id="22">5487.1733</dst>
      <dst id="7">4196.9689</dst>
      <dst id="2">1067.2711</dst>
      <dst id="6">7039.9022</dst>
      <dst id="16">3733.6356</dst>
      <dst id="14">1140.0711</dst>
      <dst id="20">561.6533</dst>
      <dst id="11">3605.5644</dst>
      <dst id="9">1186.7556</dst>
      <dst id="17">42986.1689</dst>
      <dst id="21">4131.7511</dst>
      <dst id="15">163.1733</dst>
    </src>
    <src id="6">
      <dst id="12">10030.5067</dst>
      <dst id="13">4.7022</dst>
      <dst id="19">8.4800</dst>
      <dst id="8">40.6933</dst>
      <dst id="18">0.9244</dst>
      <dst id="4">143.8489</dst>
      <dst id="1">49.7600</dst>
      <dst id="5">3.9644</dst>
      <dst id="22">1.1733</dst>
      <dst id="2">2072.5867</dst>
      <dst id="16">12.4089</dst>
      <dst id="20">1.4044</dst>
      <dst id="11">1.5289</dst>
      <dst id="9">1.6000</dst>
      <dst id="17">1317.5022</dst>
      <dst id="21">16.9422</dst>
    </src>
    <src id="16">
      <dst id="12">7082.1867</dst>
      <dst id="13">285.5822</dst>
      <dst id="19">3944.2933</dst>
      <dst id="23">2.4178</dst>
      <dst id="8">4610.0178</dst>
      <dst id="18">2.0978</dst>
      <dst id="4">7815.3778</dst>
      <dst id="1">18024.1511</dst>
      <dst id="5">3546.3644</dst>
      <dst id="3">5.2978</dst>
      <dst id="7">3552.9511</dst>
      <dst id="2">794.6844</dst>
      <dst id="6">1.2800</dst>
      <dst id="16">50.3911</dst>
      <dst id="14">290.2311</dst>
      <dst id="11">368.5867</dst>
      <dst id="9">8924.1778</dst>
      <dst id="17">1693.1556</dst>
      <dst id="21">448.1422</dst>
    </src>
    <src id="14">
      <dst id="12">19566.9689</dst>
      <dst id="13">44.3644</dst>
      <dst id="19">5.8667</dst>
      <dst id="23">1.2089</dst>
      <dst id="18">12.6222</dst>
      <dst id="4">2929.8400</dst>
      <dst id="1">26.6311</dst>
      <dst id="5">261.6000</dst>
      <dst id="3">65.2800</dst>
      <dst id="22">12.2222</dst>
      <dst id="7">184.1867</dst>
      <dst id="2">6060.2044</dst>
      <dst id="16">8.3556</dst>
      <dst id="20">2.3111</dst>
      <dst id="11">54.9244</dst>
      <dst id="9">0.4622</dst>
      <dst id="17">8109.4844</dst>
      <dst id="21">99.5111</dst>
    </src>
    <src id="20">
      <dst id="12">8462.3200</dst>
      <dst id="13">25842.8622</dst>
      <dst id="19">585.1822</dst>
      <dst id="23">94.2667</dst>
      <dst id="8">3469.4667</dst>
      <dst id="18">794.1689</dst>
      <dst id="4">13640.4533</dst>
      <dst id="1">240.4711</dst>
      <dst id="5">2604.6311</dst>
      <dst id="3">3858.7467</dst>
      <dst id="7">504.8178</dst>
      <dst id="2">2802.8267</dst>
      <dst id="14">2.4800</dst>
      <dst id="11">1657.0311</dst>
      <dst id="9">5820.7200</dst>
      <dst id="17">4784.9778</dst>
      <dst id="21">865.3244</dst>
    </src>
    <src id="11">
      <dst id="12">443727.9200</dst>
      <dst id="13">2010.7200</dst>
      <dst id="19">73.0667</dst>
      <dst id="23">762.8000</dst>
      <dst id="8">2596.2133</dst>
      <dst id="18">581.2356</dst>
      <dst id="4">18167.9111</dst>
      <dst id="1">654.1689</dst>
      <dst id="5">1993.7689</dst>
      <dst id="3">486.9778</dst>
      <dst id="22">2752.9067</dst>
      <dst id="7">145.6800</dst>
      <dst id="2">180498.5956</dst>
      <dst id="6">142.1778</dst>
      <dst id="16">369.8044</dst>
      <dst id="14">24.3111</dst>
      <dst id="20">1659.1644</dst>
      <dst id="11">2284.2756</dst>
      <dst id="9">1622.0889</dst>
      <dst id="17">163731.2000</dst>
      <dst id="21">871.7156</dst>
      <dst id="15">293.7778</dst>
    </src>
    <src id="9">
      <dst id="12">490921.2889</dst>
      <dst id="13">27050.2578</dst>
      <dst id="19">29.5556</dst>
      <dst id="23">32.2311</dst>
      <dst id="8">461.8578</dst>
      <dst id="18">1072.1156</dst>
      <dst id="4">19244.7111</dst>
      <dst id="1">577.7422</dst>
      <dst id="5">12145.3244</dst>
      <dst id="3">26.0178</dst>
      <dst id="22">7674.9600</dst>
      <dst id="7">434.7200</dst>
      <dst id="2">176867.5111</dst>
      <dst id="6">12.6222</dst>
      <dst id="16">722.8267</dst>
      <dst id="14">0.5333</dst>
      <dst id="20">4390.8711</dst>
      <dst id="11">2064.3644</dst>
      <dst id="9">421.3778</dst>
      <dst id="17">203604.6400</dst>
      <dst id="21">821.7333</dst>
      <dst id="15">1294.1689</dst>
    </src>
    <src id="17">
      <dst id="12">10453.7422</dst>
      <dst id="13">23005.2356</dst>
      <dst id="19">230.3378</dst>
      <dst id="23">30.8533</dst>
      <dst id="8">167884.2489</dst>
      <dst id="18">13948.9867</dst>
      <dst id="4">165816.1067</dst>
      <dst id="1">3372.8267</dst>
      <dst id="5">234987.3956</dst>
      <dst id="3">14943.4578</dst>
      <dst id="22">16641.6889</dst>
      <dst id="7">2498.6400</dst>
      <dst id="2">16970.4444</dst>
      <dst id="6">62.2933</dst>
      <dst id="16">1865.9111</dst>
      <dst id="14">30808.4267</dst>
      <dst id="20">1979.9111</dst>
      <dst id="11">117954.9956</dst>
      <dst id="9">216664.7822</dst>
      <dst id="17">1931.1822</dst>
      <dst id="21">16514.7733</dst>
      <dst id="15">240.4978</dst>
    </src>
    <src id="21">
      <dst id="12">17886.2400</dst>
      <dst id="13">2231.0933</dst>
      <dst id="19">146.5333</dst>
      <dst id="23">42.4533</dst>
      <dst id="8">459.1200</dst>
      <dst id="18">947.5022</dst>
      <dst id="4">34674.5067</dst>
      <dst id="1">1247.7956</dst>
      <dst id="5">645.8667</dst>
      <dst id="3">1073.2444</dst>
      <dst id="22">2860.5778</dst>
      <dst id="7">4761.9378</dst>
      <dst id="2">10078.0889</dst>
      <dst id="6">0.5689</dst>
      <dst id="16">90.3022</dst>
      <dst id="14">74.9156</dst>
      <dst id="20">236.7822</dst>
      <dst id="11">1074.4622</dst>
      <dst id="9">699.2089</dst>
      <dst id="17">11627.2178</dst>
      <dst id="21">2458.8978</dst>
      <dst id="15">334.0444</dst>
    </src>
    <src id="15">
      <dst id="12">3995.8489</dst>
      <dst id="13">623.0311</dst>
      <dst id="19">5868.6933</dst>
      <dst id="8">26.4978</dst>
      <dst id="18">4.5600</dst>
      <dst id="4">9754.6933</dst>
      <dst id="1">957.6000</dst>
      <dst id="5">263.6000</dst>
      <dst id="3">4.4178</dst>
      <dst id="7">27.0400</dst>
      <dst id="2">2117.8933</dst>
      <dst id="14">0.8533</dst>
      <dst id="11">120.0089</dst>
      <dst id="9">1718.6044</dst>
      <dst id="17">90.4978</dst>
      <dst id="21">177.2978</dst>
    </src>
  </IntraTM>
</TrafficMatrixFile>
