<?xml version="1.0" encoding="UTF-8" standalone="yes"?>
<TrafficMatrixFile xmlns:xsi="http://www.w3.org/2001/XMLSchema-instance" xsi:noNamespaceSchemaLocation="http://totem.run.montefiore.ulg.ac.be/Schema/TrafficMatrix-v1_2.xsd">
  <info>
    <title>Intradomain traffic matrix generated by geant-TM-all.pl</title>
    <date>2005-01-05T07:45:00</date>
    <duration>900</duration>
    <author>Steve Uhlig</author>
    <units>
        <unit type="bandwidth" value="kbps"/>
    </units>
  </info>
  <IntraTM ASID="20965">
    <src id="12">
      <dst id="12">238119.7156</dst>
      <dst id="13">28580.4622</dst>
      <dst id="19">1998.8889</dst>
      <dst id="23">166.5956</dst>
      <dst id="8">4054.2667</dst>
      <dst id="18">747.5911</dst>
      <dst id="4">89980.9422</dst>
      <dst id="1">15023.2444</dst>
      <dst id="5">5362.3911</dst>
      <dst id="3">1617.5733</dst>
      <dst id="22">11717.6533</dst>
      <dst id="7">2091.8133</dst>
      <dst id="2">84842.4889</dst>
      <dst id="6">6.4533</dst>
      <dst id="16">4024.4711</dst>
      <dst id="14">180.1600</dst>
      <dst id="20">3045.4311</dst>
      <dst id="11">2547.6711</dst>
      <dst id="9">8136.5956</dst>
      <dst id="17">74285.9911</dst>
      <dst id="21">1431.2533</dst>
      <dst id="15">1472.0800</dst>
    </src>
    <src id="13">
      <dst id="12">45838.9333</dst>
      <dst id="19">9335.4222</dst>
      <dst id="23">59.5822</dst>
      <dst id="8">4350.6044</dst>
      <dst id="18">2001.4044</dst>
      <dst id="1">4615.2889</dst>
      <dst id="5">11300.9867</dst>
      <dst id="3">5620.2667</dst>
      <dst id="22">25764.4444</dst>
      <dst id="7">14301.6978</dst>
      <dst id="2">118019.5022</dst>
      <dst id="6">104.9333</dst>
      <dst id="16">7057.1200</dst>
      <dst id="14">10041.5556</dst>
      <dst id="20">9228.6844</dst>
      <dst id="11">13232.8444</dst>
      <dst id="9">12947.6267</dst>
      <dst id="17">52606.1778</dst>
      <dst id="21">8125.8311</dst>
      <dst id="15">5966.6311</dst>
    </src>
    <src id="19">
      <dst id="12">16379.8044</dst>
      <dst id="13">3620.1956</dst>
      <dst id="23">1.9200</dst>
      <dst id="8">1547.8044</dst>
      <dst id="18">2056.0978</dst>
      <dst id="4">18275.0133</dst>
      <dst id="1">420.7378</dst>
      <dst id="5">29.8933</dst>
      <dst id="22">1057.9822</dst>
      <dst id="7">2406.3289</dst>
      <dst id="2">469.4667</dst>
      <dst id="6">30.2667</dst>
      <dst id="16">6213.3867</dst>
      <dst id="14">2.1422</dst>
      <dst id="20">31.6533</dst>
      <dst id="11">226.9244</dst>
      <dst id="9">88.6756</dst>
      <dst id="17">398.0889</dst>
      <dst id="21">27.9822</dst>
      <dst id="15">228.2844</dst>
    </src>
    <src id="23">
      <dst id="12">198.4444</dst>
      <dst id="13">203.4133</dst>
      <dst id="19">27.1644</dst>
      <dst id="8">13.3333</dst>
      <dst id="18">8586.6667</dst>
      <dst id="4">40.4622</dst>
      <dst id="1">32.0089</dst>
      <dst id="3">166.3644</dst>
      <dst id="22">189.6978</dst>
      <dst id="7">37.8578</dst>
      <dst id="2">4.0356</dst>
      <dst id="6">24.6756</dst>
      <dst id="16">800.3822</dst>
      <dst id="14">39.5822</dst>
      <dst id="20">53.9378</dst>
      <dst id="11">36.1956</dst>
      <dst id="9">1862.8800</dst>
      <dst id="17">367.4756</dst>
      <dst id="21">127.6178</dst>
      <dst id="15">80.0000</dst>
    </src>
    <src id="8">
      <dst id="12">318908.2044</dst>
      <dst id="13">951.5200</dst>
      <dst id="19">42.5778</dst>
      <dst id="23">5.7422</dst>
      <dst id="18">30.3289</dst>
      <dst id="4">12081.2800</dst>
      <dst id="1">877.5733</dst>
      <dst id="5">2982.3111</dst>
      <dst id="3">113.6000</dst>
      <dst id="22">740.5956</dst>
      <dst id="7">8.4800</dst>
      <dst id="2">125919.6000</dst>
      <dst id="16">860.7644</dst>
      <dst id="20">47.5556</dst>
      <dst id="11">165.1289</dst>
      <dst id="9">423.9822</dst>
      <dst id="17">133069.5911</dst>
      <dst id="21">383.0933</dst>
      <dst id="15">50.0089</dst>
    </src>
    <src id="18">
      <dst id="12">100247.9556</dst>
      <dst id="13">719.1200</dst>
      <dst id="19">42.3822</dst>
      <dst id="23">146.8889</dst>
      <dst id="8">386.1689</dst>
      <dst id="4">793.7511</dst>
      <dst id="1">966.0444</dst>
      <dst id="5">345.9022</dst>
      <dst id="3">2.0711</dst>
      <dst id="22">666.7822</dst>
      <dst id="7">36.5867</dst>
      <dst id="2">33395.4933</dst>
      <dst id="16">21.8756</dst>
      <dst id="14">27.2356</dst>
      <dst id="20">2.5244</dst>
      <dst id="11">78.6489</dst>
      <dst id="9">66.7556</dst>
      <dst id="17">39187.2622</dst>
      <dst id="21">846.0711</dst>
      <dst id="15">2.0267</dst>
    </src>
    <src id="4">
      <dst id="12">22927.6267</dst>
      <dst id="19">15514.9422</dst>
      <dst id="23">0.3556</dst>
      <dst id="8">3521.8489</dst>
      <dst id="18">196.3378</dst>
      <dst id="4">2.0978</dst>
      <dst id="1">35126.1422</dst>
      <dst id="5">1712.4889</dst>
      <dst id="3">36.0000</dst>
      <dst id="22">3247.6000</dst>
      <dst id="7">70220.3289</dst>
      <dst id="2">86838.8711</dst>
      <dst id="6">20.5956</dst>
      <dst id="16">1801.3333</dst>
      <dst id="14">667.9911</dst>
      <dst id="20">1861.1111</dst>
      <dst id="11">3442.2133</dst>
      <dst id="9">2660.2222</dst>
      <dst id="17">18552.3733</dst>
      <dst id="21">5223.9556</dst>
      <dst id="15">404.5778</dst>
    </src>
    <src id="1">
      <dst id="12">15707.2533</dst>
      <dst id="13">2435.9467</dst>
      <dst id="19">62.5867</dst>
      <dst id="23">43.6444</dst>
      <dst id="8">112191.5467</dst>
      <dst id="18">11187.4667</dst>
      <dst id="4">7766.2844</dst>
      <dst id="1">56852.5244</dst>
      <dst id="5">207782.4800</dst>
      <dst id="3">113.1822</dst>
      <dst id="22">5943.6089</dst>
      <dst id="7">2751.3422</dst>
      <dst id="2">19585.7333</dst>
      <dst id="6">11377.3689</dst>
      <dst id="16">8375.5022</dst>
      <dst id="14">58.8800</dst>
      <dst id="20">1365.6000</dst>
      <dst id="11">2793.3689</dst>
      <dst id="9">206938.0000</dst>
      <dst id="17">4941.2622</dst>
      <dst id="21">9022.1511</dst>
      <dst id="15">262.8178</dst>
    </src>
    <src id="5">
      <dst id="12">296202.8267</dst>
      <dst id="13">2044.1511</dst>
      <dst id="19">26.8889</dst>
      <dst id="8">3027.7867</dst>
      <dst id="18">574.3111</dst>
      <dst id="4">6962.7111</dst>
      <dst id="1">420.3022</dst>
      <dst id="3">24.0978</dst>
      <dst id="22">4609.6178</dst>
      <dst id="7">1527.4578</dst>
      <dst id="2">133383.8578</dst>
      <dst id="6">55.3867</dst>
      <dst id="16">684.6400</dst>
      <dst id="14">43.3956</dst>
      <dst id="20">7136.3111</dst>
      <dst id="11">579.3333</dst>
      <dst id="9">4443.3689</dst>
      <dst id="17">106274.8978</dst>
      <dst id="21">210.4622</dst>
      <dst id="15">355.8311</dst>
    </src>
    <src id="3">
      <dst id="12">10979.3867</dst>
      <dst id="13">6654.0089</dst>
      <dst id="19">4374.8533</dst>
      <dst id="23">6859.1467</dst>
      <dst id="8">32.5867</dst>
      <dst id="18">53299.7867</dst>
      <dst id="4">26188.5422</dst>
      <dst id="1">7696.0711</dst>
      <dst id="5">506.4978</dst>
      <dst id="3">9311.9467</dst>
      <dst id="22">7039.7156</dst>
      <dst id="7">9096.3289</dst>
      <dst id="2">23756.4000</dst>
      <dst id="6">1.0489</dst>
      <dst id="16">731.7956</dst>
      <dst id="14">30191.1556</dst>
      <dst id="20">1793.6089</dst>
      <dst id="11">122194.2044</dst>
      <dst id="9">867.2533</dst>
      <dst id="17">11587.5200</dst>
      <dst id="21">15974.4178</dst>
      <dst id="15">2769.5733</dst>
    </src>
    <src id="10">
      <dst id="12">13006.6667</dst>
      <dst id="19">1248.1422</dst>
      <dst id="8">617.7778</dst>
      <dst id="18">10009.8489</dst>
      <dst id="1">2440.8444</dst>
      <dst id="5">1545.3422</dst>
      <dst id="3">2853.5289</dst>
      <dst id="22">5838.6667</dst>
      <dst id="7">4842.9778</dst>
      <dst id="2">20662.5689</dst>
      <dst id="6">140.1689</dst>
      <dst id="16">2789.9022</dst>
      <dst id="14">1802.9067</dst>
      <dst id="20">1332.6311</dst>
      <dst id="11">7149.8489</dst>
      <dst id="9">4965.8311</dst>
      <dst id="17">29313.7778</dst>
      <dst id="21">6250.6844</dst>
      <dst id="15">267.7600</dst>
    </src>
    <src id="22">
      <dst id="12">8085.8044</dst>
      <dst id="13">6180.1333</dst>
      <dst id="19">759.5111</dst>
      <dst id="23">691.0933</dst>
      <dst id="8">563.8844</dst>
      <dst id="18">399.6089</dst>
      <dst id="4">16579.0667</dst>
      <dst id="1">148.3911</dst>
      <dst id="5">3828.8267</dst>
      <dst id="3">1905.5200</dst>
      <dst id="7">2423.2089</dst>
      <dst id="2">6044.3378</dst>
      <dst id="6">27.1289</dst>
      <dst id="16">6.8622</dst>
      <dst id="14">1.9556</dst>
      <dst id="11">3632.3200</dst>
      <dst id="9">1329.8400</dst>
      <dst id="17">6491.8133</dst>
      <dst id="21">535.7600</dst>
    </src>
    <src id="7">
      <dst id="12">4245.3333</dst>
      <dst id="13">648.4356</dst>
      <dst id="19">1270.1600</dst>
      <dst id="23">53.8311</dst>
      <dst id="8">395.2622</dst>
      <dst id="18">355.2178</dst>
      <dst id="4">18013.5378</dst>
      <dst id="1">6582.1600</dst>
      <dst id="5">1153.2267</dst>
      <dst id="3">192.8978</dst>
      <dst id="22">6426.5333</dst>
      <dst id="7">659.1289</dst>
      <dst id="2">9281.6356</dst>
      <dst id="6">12.9067</dst>
      <dst id="16">1097.5022</dst>
      <dst id="14">1258.4533</dst>
      <dst id="20">772.4889</dst>
      <dst id="11">1719.9644</dst>
      <dst id="9">418.2400</dst>
      <dst id="17">6259.5111</dst>
      <dst id="21">974.3289</dst>
      <dst id="15">220.3289</dst>
    </src>
    <src id="2">
      <dst id="12">73139.9022</dst>
      <dst id="13">531916.2844</dst>
      <dst id="19">1655.0044</dst>
      <dst id="23">117.3422</dst>
      <dst id="8">130.6578</dst>
      <dst id="18">43372.0267</dst>
      <dst id="4">83723.5200</dst>
      <dst id="1">10888.8889</dst>
      <dst id="5">3187.5378</dst>
      <dst id="3">14.4267</dst>
      <dst id="22">2372.6311</dst>
      <dst id="7">10782.6667</dst>
      <dst id="2">768.3556</dst>
      <dst id="6">5705.8578</dst>
      <dst id="16">2054.5422</dst>
      <dst id="14">4949.7422</dst>
      <dst id="20">979.6533</dst>
      <dst id="11">2603.7511</dst>
      <dst id="9">1089.6800</dst>
      <dst id="17">20690.6044</dst>
      <dst id="21">4135.9644</dst>
      <dst id="15">3101.0933</dst>
    </src>
    <src id="6">
      <dst id="12">8194.1422</dst>
      <dst id="13">21.4933</dst>
      <dst id="19">2.2044</dst>
      <dst id="23">2.7911</dst>
      <dst id="8">2.8800</dst>
      <dst id="4">1356.8711</dst>
      <dst id="1">2.8711</dst>
      <dst id="5">5.9733</dst>
      <dst id="22">15.7689</dst>
      <dst id="7">1.0133</dst>
      <dst id="2">2014.4089</dst>
      <dst id="16">0.3378</dst>
      <dst id="20">0.4622</dst>
      <dst id="11">0.5600</dst>
      <dst id="9">0.3378</dst>
      <dst id="17">1580.0978</dst>
      <dst id="21">7.6711</dst>
    </src>
    <src id="16">
      <dst id="12">1371.1022</dst>
      <dst id="13">1126.9778</dst>
      <dst id="19">4049.0578</dst>
      <dst id="23">42.3111</dst>
      <dst id="8">2583.4667</dst>
      <dst id="18">259.2089</dst>
      <dst id="4">3751.7333</dst>
      <dst id="1">12663.0489</dst>
      <dst id="5">3681.9822</dst>
      <dst id="3">1.3778</dst>
      <dst id="7">2869.9200</dst>
      <dst id="2">1304.7200</dst>
      <dst id="6">0.4267</dst>
      <dst id="16">58.6933</dst>
      <dst id="14">223.8578</dst>
      <dst id="11">276.8978</dst>
      <dst id="9">4863.6178</dst>
      <dst id="17">3294.7111</dst>
      <dst id="21">1702.3467</dst>
    </src>
    <src id="14">
      <dst id="12">22075.5644</dst>
      <dst id="13">123.1200</dst>
      <dst id="19">3.5022</dst>
      <dst id="18">10.4178</dst>
      <dst id="4">2218.7822</dst>
      <dst id="1">60.8978</dst>
      <dst id="5">11.9111</dst>
      <dst id="3">76.5067</dst>
      <dst id="22">12.9600</dst>
      <dst id="7">100.6756</dst>
      <dst id="2">9211.7333</dst>
      <dst id="16">4.3733</dst>
      <dst id="20">13.3333</dst>
      <dst id="11">40.5511</dst>
      <dst id="9">11.8489</dst>
      <dst id="17">7853.5022</dst>
      <dst id="21">132.6044</dst>
      <dst id="15">13.3867</dst>
    </src>
    <src id="20">
      <dst id="12">9785.7156</dst>
      <dst id="13">6399.0756</dst>
      <dst id="19">42.3556</dst>
      <dst id="23">2.3822</dst>
      <dst id="8">206.8267</dst>
      <dst id="18">53.0222</dst>
      <dst id="4">5067.3156</dst>
      <dst id="1">280.4711</dst>
      <dst id="5">7708.6667</dst>
      <dst id="3">550.0267</dst>
      <dst id="7">1159.5822</dst>
      <dst id="2">1661.5378</dst>
      <dst id="6">55.0667</dst>
      <dst id="14">813.5378</dst>
      <dst id="11">1739.1467</dst>
      <dst id="9">3691.9022</dst>
      <dst id="17">559.0222</dst>
      <dst id="21">1449.2533</dst>
    </src>
    <src id="11">
      <dst id="12">402682.4178</dst>
      <dst id="13">3313.5289</dst>
      <dst id="19">95.8133</dst>
      <dst id="23">20.8800</dst>
      <dst id="8">267.9467</dst>
      <dst id="18">63.6000</dst>
      <dst id="4">7964.8000</dst>
      <dst id="1">1066.0978</dst>
      <dst id="5">2994.2578</dst>
      <dst id="3">887.2978</dst>
      <dst id="22">5488.5244</dst>
      <dst id="7">412.6222</dst>
      <dst id="2">159628.0711</dst>
      <dst id="6">10.5600</dst>
      <dst id="16">384.1067</dst>
      <dst id="14">64.5067</dst>
      <dst id="20">85.5644</dst>
      <dst id="11">1409.7422</dst>
      <dst id="9">1117.8756</dst>
      <dst id="17">156137.7422</dst>
      <dst id="21">391.5022</dst>
      <dst id="15">506.5867</dst>
    </src>
    <src id="9">
      <dst id="12">489739.2711</dst>
      <dst id="13">7934.0178</dst>
      <dst id="19">15.3689</dst>
      <dst id="23">87.7333</dst>
      <dst id="8">138.1689</dst>
      <dst id="18">648.6044</dst>
      <dst id="4">13337.9911</dst>
      <dst id="1">556.6044</dst>
      <dst id="5">3122.8267</dst>
      <dst id="3">16.0978</dst>
      <dst id="22">2644.0089</dst>
      <dst id="7">44.0089</dst>
      <dst id="2">184814.9778</dst>
      <dst id="16">527.1467</dst>
      <dst id="14">1.8311</dst>
      <dst id="20">10289.4222</dst>
      <dst id="11">814.5422</dst>
      <dst id="9">481.0844</dst>
      <dst id="17">160221.4489</dst>
      <dst id="21">228.1244</dst>
      <dst id="15">1360.3289</dst>
    </src>
    <src id="17">
      <dst id="12">6758.9333</dst>
      <dst id="13">2827.1289</dst>
      <dst id="19">1175.9111</dst>
      <dst id="23">120.3644</dst>
      <dst id="8">118353.0133</dst>
      <dst id="18">248.9067</dst>
      <dst id="4">80587.1911</dst>
      <dst id="1">4429.0133</dst>
      <dst id="5">185148.7378</dst>
      <dst id="3">7748.9067</dst>
      <dst id="22">4244.4089</dst>
      <dst id="7">3065.3956</dst>
      <dst id="2">10076.1867</dst>
      <dst id="6">147.4844</dst>
      <dst id="16">5142.5333</dst>
      <dst id="14">29341.2178</dst>
      <dst id="20">13277.4222</dst>
      <dst id="11">91924.9867</dst>
      <dst id="9">190086.5778</dst>
      <dst id="17">1606.4178</dst>
      <dst id="21">4500.9156</dst>
      <dst id="15">889.6000</dst>
    </src>
    <src id="21">
      <dst id="12">16103.2000</dst>
      <dst id="13">3925.3778</dst>
      <dst id="19">676.6756</dst>
      <dst id="23">21.4489</dst>
      <dst id="8">44.2933</dst>
      <dst id="18">832.3911</dst>
      <dst id="4">18866.4444</dst>
      <dst id="1">2527.4044</dst>
      <dst id="5">465.4756</dst>
      <dst id="3">7773.4222</dst>
      <dst id="22">2336.4978</dst>
      <dst id="7">2927.2711</dst>
      <dst id="2">20065.2000</dst>
      <dst id="6">49.0667</dst>
      <dst id="16">421.4756</dst>
      <dst id="14">120.5511</dst>
      <dst id="20">2922.6756</dst>
      <dst id="11">2104.6844</dst>
      <dst id="9">520.2933</dst>
      <dst id="17">5441.2533</dst>
      <dst id="21">596.9511</dst>
      <dst id="15">801.7333</dst>
    </src>
    <src id="15">
      <dst id="12">3890.4533</dst>
      <dst id="13">701.5289</dst>
      <dst id="19">13.3067</dst>
      <dst id="23">16.4000</dst>
      <dst id="8">117.6000</dst>
      <dst id="18">29.1733</dst>
      <dst id="4">2066.1867</dst>
      <dst id="1">745.4489</dst>
      <dst id="5">674.3467</dst>
      <dst id="3">9.7600</dst>
      <dst id="7">556.4444</dst>
      <dst id="2">447.8578</dst>
      <dst id="14">0.8889</dst>
      <dst id="11">142.6400</dst>
      <dst id="9">1415.8756</dst>
      <dst id="17">390.7733</dst>
      <dst id="21">134.4622</dst>
    </src>
  </IntraTM>
</TrafficMatrixFile>
