<?xml version="1.0" encoding="UTF-8" standalone="yes"?>
<TrafficMatrixFile xmlns:xsi="http://www.w3.org/2001/XMLSchema-instance" xsi:noNamespaceSchemaLocation="http://totem.run.montefiore.ulg.ac.be/Schema/TrafficMatrix-v1_2.xsd">
  <info>
    <title>Intradomain traffic matrix generated by geant-TM-all.pl</title>
    <date>2005-01-05T17:15:00</date>
    <duration>900</duration>
    <author>Steve Uhlig</author>
    <units>
        <unit type="bandwidth" value="kbps"/>
    </units>
  </info>
  <IntraTM ASID="20965">
    <src id="12">
      <dst id="12">309271.7422</dst>
      <dst id="13">38417.4933</dst>
      <dst id="19">16121.4578</dst>
      <dst id="23">192.7111</dst>
      <dst id="8">8725.7422</dst>
      <dst id="18">1257.8578</dst>
      <dst id="4">76635.3600</dst>
      <dst id="1">12644.1422</dst>
      <dst id="5">4122.9333</dst>
      <dst id="3">5298.6844</dst>
      <dst id="22">37877.2000</dst>
      <dst id="7">8436.1333</dst>
      <dst id="2">76920.5511</dst>
      <dst id="6">23.0133</dst>
      <dst id="16">11514.7822</dst>
      <dst id="14">293.6267</dst>
      <dst id="20">8018.4800</dst>
      <dst id="11">2901.8044</dst>
      <dst id="9">18243.9822</dst>
      <dst id="17">95619.6711</dst>
      <dst id="21">4338.2400</dst>
      <dst id="15">1307.6178</dst>
    </src>
    <src id="13">
      <dst id="12">96073.8222</dst>
      <dst id="19">64025.7244</dst>
      <dst id="23">45.8044</dst>
      <dst id="8">5005.9733</dst>
      <dst id="18">7635.6089</dst>
      <dst id="1">10189.0044</dst>
      <dst id="5">7302.4889</dst>
      <dst id="3">24595.5289</dst>
      <dst id="22">21633.3156</dst>
      <dst id="7">34443.5733</dst>
      <dst id="2">70882.4267</dst>
      <dst id="6">111.1378</dst>
      <dst id="16">15972.1689</dst>
      <dst id="14">3920.2489</dst>
      <dst id="20">15546.8444</dst>
      <dst id="11">23995.5378</dst>
      <dst id="9">21129.2089</dst>
      <dst id="17">245225.8044</dst>
      <dst id="21">20344.3556</dst>
      <dst id="15">18120.0178</dst>
    </src>
    <src id="19">
      <dst id="12">15196.3111</dst>
      <dst id="13">2986.4356</dst>
      <dst id="23">41.8933</dst>
      <dst id="8">82.2578</dst>
      <dst id="18">53.4489</dst>
      <dst id="4">24930.0622</dst>
      <dst id="1">877.9289</dst>
      <dst id="5">507.2889</dst>
      <dst id="3">944.7022</dst>
      <dst id="22">2583.0044</dst>
      <dst id="7">10358.5422</dst>
      <dst id="2">710.8444</dst>
      <dst id="6">740.4444</dst>
      <dst id="16">7389.8044</dst>
      <dst id="14">26.9600</dst>
      <dst id="20">68.9511</dst>
      <dst id="11">256.5156</dst>
      <dst id="9">2300.1244</dst>
      <dst id="17">9691.1289</dst>
      <dst id="21">835.4133</dst>
      <dst id="15">15.8222</dst>
    </src>
    <src id="23">
      <dst id="12">3163.6889</dst>
      <dst id="13">432.1689</dst>
      <dst id="19">191.5822</dst>
      <dst id="8">40.0000</dst>
      <dst id="18">1.5200</dst>
      <dst id="4">38.8978</dst>
      <dst id="1">106.1867</dst>
      <dst id="5">40.3556</dst>
      <dst id="3">892.6844</dst>
      <dst id="22">340.5778</dst>
      <dst id="7">1043.5467</dst>
      <dst id="2">1736.2489</dst>
      <dst id="6">144.8889</dst>
      <dst id="16">381.5022</dst>
      <dst id="14">40.0000</dst>
      <dst id="20">198.1422</dst>
      <dst id="11">273.8667</dst>
      <dst id="9">1772.8533</dst>
      <dst id="17">1591.3067</dst>
      <dst id="21">1872.7022</dst>
      <dst id="15">25.7067</dst>
    </src>
    <src id="8">
      <dst id="12">276372.9333</dst>
      <dst id="13">3114.8800</dst>
      <dst id="19">6.3556</dst>
      <dst id="23">0.4622</dst>
      <dst id="18">24.7111</dst>
      <dst id="4">7009.4667</dst>
      <dst id="1">2099.0222</dst>
      <dst id="5">2145.9022</dst>
      <dst id="3">27.4844</dst>
      <dst id="22">1285.9911</dst>
      <dst id="7">38.3022</dst>
      <dst id="2">113431.5111</dst>
      <dst id="6">2.6133</dst>
      <dst id="16">1801.3511</dst>
      <dst id="20">593.6089</dst>
      <dst id="11">3130.0000</dst>
      <dst id="9">1613.4489</dst>
      <dst id="17">114417.7244</dst>
      <dst id="21">291.1733</dst>
      <dst id="15">3708.4356</dst>
    </src>
    <src id="18">
      <dst id="12">93276.8000</dst>
      <dst id="13">163.9289</dst>
      <dst id="19">42.7200</dst>
      <dst id="23">0.3556</dst>
      <dst id="8">2.6756</dst>
      <dst id="4">2099.8578</dst>
      <dst id="1">940.2311</dst>
      <dst id="5">174.8889</dst>
      <dst id="3">143.1911</dst>
      <dst id="22">212.3378</dst>
      <dst id="7">181.9378</dst>
      <dst id="2">27594.3378</dst>
      <dst id="16">11.8578</dst>
      <dst id="14">0.4622</dst>
      <dst id="20">83.8667</dst>
      <dst id="11">180.3644</dst>
      <dst id="9">269.3422</dst>
      <dst id="17">32526.7556</dst>
      <dst id="21">1010.7111</dst>
      <dst id="15">29.2444</dst>
    </src>
    <src id="4">
      <dst id="12">22963.4222</dst>
      <dst id="19">16193.5111</dst>
      <dst id="23">0.4622</dst>
      <dst id="8">1337.7333</dst>
      <dst id="18">699.6000</dst>
      <dst id="4">41.3778</dst>
      <dst id="1">121095.4311</dst>
      <dst id="5">3535.6711</dst>
      <dst id="3">1828.0267</dst>
      <dst id="22">6237.8844</dst>
      <dst id="7">217376.0711</dst>
      <dst id="2">79743.7867</dst>
      <dst id="6">154.7911</dst>
      <dst id="16">4746.9956</dst>
      <dst id="14">2023.8844</dst>
      <dst id="20">2596.3733</dst>
      <dst id="11">6778.5689</dst>
      <dst id="9">3892.5156</dst>
      <dst id="17">39440.3911</dst>
      <dst id="21">10918.0978</dst>
      <dst id="15">3073.1022</dst>
    </src>
    <src id="1">
      <dst id="12">16170.0267</dst>
      <dst id="13">3045.4222</dst>
      <dst id="19">3693.6711</dst>
      <dst id="23">185.1467</dst>
      <dst id="8">168592.6844</dst>
      <dst id="18">13220.5067</dst>
      <dst id="4">17328.7822</dst>
      <dst id="1">20503.4667</dst>
      <dst id="5">255311.0311</dst>
      <dst id="3">4603.0578</dst>
      <dst id="22">5045.1289</dst>
      <dst id="7">34942.7022</dst>
      <dst id="2">16700.0622</dst>
      <dst id="6">25800.9778</dst>
      <dst id="16">12750.8800</dst>
      <dst id="14">87.5022</dst>
      <dst id="20">1652.4533</dst>
      <dst id="11">1681.4133</dst>
      <dst id="9">353857.8400</dst>
      <dst id="17">6698.6578</dst>
      <dst id="21">21234.0356</dst>
      <dst id="15">293.5733</dst>
    </src>
    <src id="5">
      <dst id="12">306889.6622</dst>
      <dst id="13">4731.3956</dst>
      <dst id="19">6512.5156</dst>
      <dst id="23">1.2800</dst>
      <dst id="8">9873.5200</dst>
      <dst id="18">654.1778</dst>
      <dst id="4">5918.0178</dst>
      <dst id="1">4859.4044</dst>
      <dst id="3">3224.9956</dst>
      <dst id="22">8408.3111</dst>
      <dst id="7">446.9867</dst>
      <dst id="2">108657.4578</dst>
      <dst id="6">2.4178</dst>
      <dst id="16">1468.4889</dst>
      <dst id="14">146.0622</dst>
      <dst id="20">811.6000</dst>
      <dst id="11">2972.8089</dst>
      <dst id="9">765.9289</dst>
      <dst id="17">105855.0667</dst>
      <dst id="21">382.7911</dst>
      <dst id="15">490.5156</dst>
    </src>
    <src id="3">
      <dst id="12">12312.4533</dst>
      <dst id="13">3215.2267</dst>
      <dst id="19">2095.3778</dst>
      <dst id="23">9232.3200</dst>
      <dst id="8">178.2756</dst>
      <dst id="18">77394.1422</dst>
      <dst id="4">28772.7111</dst>
      <dst id="1">4952.1422</dst>
      <dst id="5">294.0800</dst>
      <dst id="3">13398.5600</dst>
      <dst id="22">2652.0978</dst>
      <dst id="7">10224.5689</dst>
      <dst id="2">27170.9244</dst>
      <dst id="6">66.3733</dst>
      <dst id="16">4873.8933</dst>
      <dst id="14">59887.1289</dst>
      <dst id="20">1120.9956</dst>
      <dst id="11">299215.9911</dst>
      <dst id="9">587.2178</dst>
      <dst id="17">21898.0978</dst>
      <dst id="21">20911.8756</dst>
      <dst id="15">1281.4044</dst>
    </src>
    <src id="10">
      <dst id="12">14403.0222</dst>
      <dst id="19">8000.5067</dst>
      <dst id="8">3438.8178</dst>
      <dst id="18">1809.7689</dst>
      <dst id="1">3364.0889</dst>
      <dst id="5">1137.1733</dst>
      <dst id="3">9941.5111</dst>
      <dst id="22">8830.4267</dst>
      <dst id="7">133285.6089</dst>
      <dst id="2">28750.8444</dst>
      <dst id="6">51.9022</dst>
      <dst id="16">5883.7600</dst>
      <dst id="14">2552.3733</dst>
      <dst id="20">2021.6711</dst>
      <dst id="11">10024.3556</dst>
      <dst id="9">2666.7822</dst>
      <dst id="17">29174.1778</dst>
      <dst id="21">15755.3333</dst>
      <dst id="15">1421.8578</dst>
    </src>
    <src id="22">
      <dst id="12">12925.8400</dst>
      <dst id="13">3188.2844</dst>
      <dst id="19">1451.8489</dst>
      <dst id="23">24.8444</dst>
      <dst id="8">2165.6089</dst>
      <dst id="18">507.6089</dst>
      <dst id="4">17141.1556</dst>
      <dst id="1">324.2933</dst>
      <dst id="5">3565.5200</dst>
      <dst id="3">15542.6489</dst>
      <dst id="7">2707.7244</dst>
      <dst id="2">3147.9200</dst>
      <dst id="6">86.2400</dst>
      <dst id="16">1.6800</dst>
      <dst id="14">35.1378</dst>
      <dst id="11">4222.0800</dst>
      <dst id="9">1939.4222</dst>
      <dst id="17">6335.0222</dst>
      <dst id="21">1147.3689</dst>
    </src>
    <src id="7">
      <dst id="12">5104.1333</dst>
      <dst id="13">874.1244</dst>
      <dst id="19">2842.0089</dst>
      <dst id="23">147.4578</dst>
      <dst id="8">215.9911</dst>
      <dst id="18">139.3600</dst>
      <dst id="4">92682.9600</dst>
      <dst id="1">11165.3956</dst>
      <dst id="5">1691.6800</dst>
      <dst id="3">16132.6933</dst>
      <dst id="22">5315.6978</dst>
      <dst id="7">794.0978</dst>
      <dst id="2">4060.5689</dst>
      <dst id="6">331.1378</dst>
      <dst id="16">3205.2000</dst>
      <dst id="14">318.4089</dst>
      <dst id="20">1739.9289</dst>
      <dst id="11">755.5733</dst>
      <dst id="9">7812.9778</dst>
      <dst id="17">15274.2489</dst>
      <dst id="21">5816.6044</dst>
      <dst id="15">304.8889</dst>
    </src>
    <src id="2">
      <dst id="12">151766.1778</dst>
      <dst id="13">546458.8267</dst>
      <dst id="19">996.9867</dst>
      <dst id="23">40.0800</dst>
      <dst id="8">590.7200</dst>
      <dst id="18">74853.6000</dst>
      <dst id="4">69659.8044</dst>
      <dst id="1">12083.9556</dst>
      <dst id="5">1504.1156</dst>
      <dst id="3">282.5156</dst>
      <dst id="22">8486.4089</dst>
      <dst id="7">13327.7511</dst>
      <dst id="2">990.0711</dst>
      <dst id="6">14762.6133</dst>
      <dst id="16">2580.4089</dst>
      <dst id="14">6608.9244</dst>
      <dst id="20">15148.5422</dst>
      <dst id="11">9498.7911</dst>
      <dst id="9">1656.6756</dst>
      <dst id="17">27737.9111</dst>
      <dst id="21">5154.5600</dst>
      <dst id="15">267.0844</dst>
    </src>
    <src id="6">
      <dst id="12">10812.9778</dst>
      <dst id="13">36.7733</dst>
      <dst id="19">133.2711</dst>
      <dst id="23">6.7022</dst>
      <dst id="8">85.1289</dst>
      <dst id="4">1474.6133</dst>
      <dst id="1">255.1644</dst>
      <dst id="5">1.9289</dst>
      <dst id="3">11.4667</dst>
      <dst id="22">53.8489</dst>
      <dst id="7">161.2800</dst>
      <dst id="2">2233.3778</dst>
      <dst id="16">77.9822</dst>
      <dst id="20">0.9156</dst>
      <dst id="11">39.9911</dst>
      <dst id="9">26.2311</dst>
      <dst id="17">2193.7067</dst>
      <dst id="21">99.7778</dst>
      <dst id="15">13.4133</dst>
    </src>
    <src id="16">
      <dst id="12">2488.4711</dst>
      <dst id="13">772.4889</dst>
      <dst id="19">4750.9244</dst>
      <dst id="23">41.1467</dst>
      <dst id="8">6768.2044</dst>
      <dst id="18">17.0222</dst>
      <dst id="4">6258.3556</dst>
      <dst id="1">31916.2311</dst>
      <dst id="5">9676.8356</dst>
      <dst id="3">2596.1867</dst>
      <dst id="7">3158.0356</dst>
      <dst id="2">646.8711</dst>
      <dst id="6">155.7333</dst>
      <dst id="16">136.7556</dst>
      <dst id="14">521.1289</dst>
      <dst id="11">1395.9733</dst>
      <dst id="9">16229.2889</dst>
      <dst id="17">7592.0000</dst>
      <dst id="21">2900.9867</dst>
    </src>
    <src id="14">
      <dst id="12">22929.5467</dst>
      <dst id="13">39.5911</dst>
      <dst id="19">10.0978</dst>
      <dst id="23">0.4622</dst>
      <dst id="18">1.0311</dst>
      <dst id="4">3052.2844</dst>
      <dst id="1">1822.1778</dst>
      <dst id="5">16.7911</dst>
      <dst id="3">66.9333</dst>
      <dst id="22">331.5200</dst>
      <dst id="7">121.8844</dst>
      <dst id="2">8386.8711</dst>
      <dst id="16">33.1733</dst>
      <dst id="20">43.3867</dst>
      <dst id="11">362.2844</dst>
      <dst id="9">11.6267</dst>
      <dst id="17">7814.9956</dst>
      <dst id="21">72.3556</dst>
    </src>
    <src id="20">
      <dst id="12">5265.3333</dst>
      <dst id="13">13637.2178</dst>
      <dst id="19">2367.0667</dst>
      <dst id="23">7.9289</dst>
      <dst id="8">730.2222</dst>
      <dst id="18">3.9289</dst>
      <dst id="4">5379.7067</dst>
      <dst id="1">301.4578</dst>
      <dst id="5">1965.7156</dst>
      <dst id="3">947.5822</dst>
      <dst id="7">10197.3333</dst>
      <dst id="2">1304.5422</dst>
      <dst id="6">0.8444</dst>
      <dst id="14">57.9556</dst>
      <dst id="11">5193.0756</dst>
      <dst id="9">2138.1067</dst>
      <dst id="17">9310.8444</dst>
      <dst id="21">226.7378</dst>
    </src>
    <src id="11">
      <dst id="12">404349.1822</dst>
      <dst id="13">5280.3289</dst>
      <dst id="19">21.7778</dst>
      <dst id="23">57.0222</dst>
      <dst id="8">1965.8667</dst>
      <dst id="18">1316.4089</dst>
      <dst id="4">15143.3600</dst>
      <dst id="1">784.8978</dst>
      <dst id="5">5298.7378</dst>
      <dst id="3">1695.7156</dst>
      <dst id="22">1870.7733</dst>
      <dst id="7">1490.6667</dst>
      <dst id="2">156220.3111</dst>
      <dst id="6">412.7200</dst>
      <dst id="16">891.5022</dst>
      <dst id="14">72.4978</dst>
      <dst id="20">1472.7022</dst>
      <dst id="11">5626.6489</dst>
      <dst id="9">729.9022</dst>
      <dst id="17">151994.7378</dst>
      <dst id="21">920.7911</dst>
      <dst id="15">313.0311</dst>
    </src>
    <src id="9">
      <dst id="12">436582.4444</dst>
      <dst id="13">14737.1467</dst>
      <dst id="19">114.6400</dst>
      <dst id="23">206.6844</dst>
      <dst id="8">1911.2800</dst>
      <dst id="18">73.1200</dst>
      <dst id="4">13227.0578</dst>
      <dst id="1">5793.1378</dst>
      <dst id="5">797.3778</dst>
      <dst id="3">16.3200</dst>
      <dst id="22">6545.9644</dst>
      <dst id="7">4478.6489</dst>
      <dst id="2">139504.2044</dst>
      <dst id="6">11.9733</dst>
      <dst id="16">1172.8267</dst>
      <dst id="14">829.9733</dst>
      <dst id="20">5086.0000</dst>
      <dst id="11">1692.5067</dst>
      <dst id="9">601.1733</dst>
      <dst id="17">287260.0444</dst>
      <dst id="21">191.8133</dst>
      <dst id="15">615.3067</dst>
    </src>
    <src id="17">
      <dst id="12">13791.4489</dst>
      <dst id="13">11572.7289</dst>
      <dst id="19">996.8978</dst>
      <dst id="23">114.6222</dst>
      <dst id="8">160337.1289</dst>
      <dst id="18">199.5822</dst>
      <dst id="4">104445.0578</dst>
      <dst id="1">11142.4356</dst>
      <dst id="5">232502.2311</dst>
      <dst id="3">24649.1644</dst>
      <dst id="22">4114.4267</dst>
      <dst id="7">36496.2578</dst>
      <dst id="2">6258.9156</dst>
      <dst id="6">415.2533</dst>
      <dst id="16">13400.3022</dst>
      <dst id="14">39818.1244</dst>
      <dst id="20">1339.5378</dst>
      <dst id="11">205417.4578</dst>
      <dst id="9">290216.5778</dst>
      <dst id="17">1296.1422</dst>
      <dst id="21">17313.5378</dst>
      <dst id="15">3056.1867</dst>
    </src>
    <src id="21">
      <dst id="12">16008.1156</dst>
      <dst id="13">5390.4889</dst>
      <dst id="19">465.5911</dst>
      <dst id="23">47.0756</dst>
      <dst id="8">92.9244</dst>
      <dst id="18">210.1689</dst>
      <dst id="4">21624.3111</dst>
      <dst id="1">2249.0667</dst>
      <dst id="5">125.2711</dst>
      <dst id="3">5799.5911</dst>
      <dst id="22">2283.5822</dst>
      <dst id="7">14260.5778</dst>
      <dst id="2">26422.1511</dst>
      <dst id="6">95.6178</dst>
      <dst id="16">1195.1467</dst>
      <dst id="14">147.2089</dst>
      <dst id="20">2757.9467</dst>
      <dst id="11">1946.7911</dst>
      <dst id="9">1367.9911</dst>
      <dst id="17">5275.2978</dst>
      <dst id="21">1947.8311</dst>
      <dst id="15">88.4000</dst>
    </src>
    <src id="15">
      <dst id="12">872.8978</dst>
      <dst id="13">611.8222</dst>
      <dst id="19">63.8844</dst>
      <dst id="23">25.5911</dst>
      <dst id="8">172.2133</dst>
      <dst id="18">4.6933</dst>
      <dst id="4">1823.3511</dst>
      <dst id="1">1494.3822</dst>
      <dst id="5">521.0844</dst>
      <dst id="3">18.4533</dst>
      <dst id="7">724.2400</dst>
      <dst id="2">170.2044</dst>
      <dst id="6">69.1378</dst>
      <dst id="16">0.3556</dst>
      <dst id="14">0.3911</dst>
      <dst id="11">244.2933</dst>
      <dst id="9">3165.2622</dst>
      <dst id="17">349.7600</dst>
      <dst id="21">26.0622</dst>
    </src>
  </IntraTM>
</TrafficMatrixFile>
