<?xml version="1.0" encoding="UTF-8" standalone="yes"?>
<TrafficMatrixFile xmlns:xsi="http://www.w3.org/2001/XMLSchema-instance" xsi:noNamespaceSchemaLocation="http://totem.run.montefiore.ulg.ac.be/Schema/TrafficMatrix-v1_2.xsd">
  <info>
    <title>Intradomain traffic matrix generated by geant-TM-all.pl</title>
    <date>2005-01-03T08:30:00</date>
    <duration>900</duration>
    <author>Steve Uhlig</author>
    <units>
        <unit type="bandwidth" value="kbps"/>
    </units>
  </info>
  <IntraTM ASID="20965">
    <src id="12">
      <dst id="12">197472.3822</dst>
      <dst id="13">23317.9378</dst>
      <dst id="19">1120.4533</dst>
      <dst id="23">6148.3378</dst>
      <dst id="8">1621.9111</dst>
      <dst id="18">5426.0000</dst>
      <dst id="4">83644.8267</dst>
      <dst id="1">6012.8711</dst>
      <dst id="5">2716.8178</dst>
      <dst id="3">1330.0178</dst>
      <dst id="22">28404.6044</dst>
      <dst id="7">9089.7867</dst>
      <dst id="2">71700.4444</dst>
      <dst id="6">18.4711</dst>
      <dst id="16">4972.7022</dst>
      <dst id="14">189.2800</dst>
      <dst id="20">1742.7822</dst>
      <dst id="11">5430.2044</dst>
      <dst id="9">12048.9511</dst>
      <dst id="17">65407.9467</dst>
      <dst id="21">6651.6178</dst>
      <dst id="15">272.4267</dst>
    </src>
    <src id="13">
      <dst id="12">43962.3556</dst>
      <dst id="19">35633.4578</dst>
      <dst id="23">480.8356</dst>
      <dst id="8">1807.9200</dst>
      <dst id="18">2374.2044</dst>
      <dst id="4">9.9378</dst>
      <dst id="1">3063.5733</dst>
      <dst id="5">28476.8889</dst>
      <dst id="3">4519.0667</dst>
      <dst id="22">36704.9956</dst>
      <dst id="7">7885.7511</dst>
      <dst id="2">129710.2933</dst>
      <dst id="6">198.2400</dst>
      <dst id="16">6294.2311</dst>
      <dst id="14">2157.3244</dst>
      <dst id="20">20393.7600</dst>
      <dst id="11">12871.8756</dst>
      <dst id="9">22295.5822</dst>
      <dst id="17">40520.3378</dst>
      <dst id="21">20690.9156</dst>
      <dst id="15">3449.8756</dst>
    </src>
    <src id="19">
      <dst id="12">12656.7111</dst>
      <dst id="13">2004.9156</dst>
      <dst id="23">1.0311</dst>
      <dst id="8">14.1778</dst>
      <dst id="18">27.5289</dst>
      <dst id="4">23216.3733</dst>
      <dst id="1">664.7200</dst>
      <dst id="5">27.3778</dst>
      <dst id="3">587.8044</dst>
      <dst id="22">127.8311</dst>
      <dst id="7">3157.5289</dst>
      <dst id="2">188.2400</dst>
      <dst id="6">15.1467</dst>
      <dst id="16">6628.3467</dst>
      <dst id="20">307.3511</dst>
      <dst id="11">56.9156</dst>
      <dst id="9">1012.6133</dst>
      <dst id="17">160.9156</dst>
      <dst id="21">680.4444</dst>
      <dst id="15">110.2222</dst>
    </src>
    <src id="23">
      <dst id="12">424.7822</dst>
      <dst id="13">57.8400</dst>
      <dst id="19">2.4889</dst>
      <dst id="8">24.2844</dst>
      <dst id="18">13.3333</dst>
      <dst id="4">120.3378</dst>
      <dst id="1">144.9689</dst>
      <dst id="5">54.0444</dst>
      <dst id="3">161.9022</dst>
      <dst id="22">265.6978</dst>
      <dst id="7">109.7867</dst>
      <dst id="2">215.1911</dst>
      <dst id="16">2.3378</dst>
      <dst id="20">4.1156</dst>
      <dst id="11">15.2711</dst>
      <dst id="9">501.0844</dst>
      <dst id="17">188.6578</dst>
      <dst id="21">186.1778</dst>
    </src>
    <src id="8">
      <dst id="12">339950.3378</dst>
      <dst id="13">312.4978</dst>
      <dst id="19">380.7822</dst>
      <dst id="23">2465.2444</dst>
      <dst id="18">247.2978</dst>
      <dst id="4">9850.9422</dst>
      <dst id="1">490.7822</dst>
      <dst id="5">2419.9378</dst>
      <dst id="3">49.8222</dst>
      <dst id="22">854.4889</dst>
      <dst id="7">2.2044</dst>
      <dst id="2">126944.0711</dst>
      <dst id="16">519.9822</dst>
      <dst id="20">114.3378</dst>
      <dst id="11">859.0844</dst>
      <dst id="9">723.9378</dst>
      <dst id="17">127784.7200</dst>
      <dst id="21">237.4578</dst>
      <dst id="15">9.9022</dst>
    </src>
    <src id="18">
      <dst id="12">104412.9600</dst>
      <dst id="13">334.2133</dst>
      <dst id="19">1.5556</dst>
      <dst id="23">0.5156</dst>
      <dst id="8">5.6889</dst>
      <dst id="4">3097.3156</dst>
      <dst id="1">1202.1333</dst>
      <dst id="5">217.7956</dst>
      <dst id="3">112.1333</dst>
      <dst id="22">291.2178</dst>
      <dst id="7">77.9200</dst>
      <dst id="2">31517.1022</dst>
      <dst id="16">42.7378</dst>
      <dst id="20">11.0133</dst>
      <dst id="11">740.0622</dst>
      <dst id="9">162.3378</dst>
      <dst id="17">42734.8622</dst>
      <dst id="21">391.1467</dst>
      <dst id="15">38.8267</dst>
    </src>
    <src id="4">
      <dst id="12">13232.1067</dst>
      <dst id="19">8064.3644</dst>
      <dst id="23">1.2800</dst>
      <dst id="8">3042.3200</dst>
      <dst id="18">2833.6800</dst>
      <dst id="1">21718.2578</dst>
      <dst id="5">1910.0356</dst>
      <dst id="3">71.1911</dst>
      <dst id="22">8626.3911</dst>
      <dst id="7">122602.6044</dst>
      <dst id="2">81297.7422</dst>
      <dst id="6">3.0400</dst>
      <dst id="16">1535.4844</dst>
      <dst id="14">835.9022</dst>
      <dst id="20">282.6667</dst>
      <dst id="11">3465.1467</dst>
      <dst id="9">3598.3200</dst>
      <dst id="17">68408.1067</dst>
      <dst id="21">5700.6756</dst>
      <dst id="15">309.6089</dst>
    </src>
    <src id="1">
      <dst id="12">20494.8178</dst>
      <dst id="13">1529.8667</dst>
      <dst id="19">43.4844</dst>
      <dst id="23">44.2400</dst>
      <dst id="8">116545.5822</dst>
      <dst id="18">13037.6178</dst>
      <dst id="4">10310.9156</dst>
      <dst id="1">19870.9422</dst>
      <dst id="5">165714.2578</dst>
      <dst id="3">122.1244</dst>
      <dst id="22">2094.9867</dst>
      <dst id="7">1214.9867</dst>
      <dst id="2">2614.8089</dst>
      <dst id="6">11463.5911</dst>
      <dst id="16">12319.9111</dst>
      <dst id="14">116.7911</dst>
      <dst id="20">77.3244</dst>
      <dst id="11">291.8844</dst>
      <dst id="9">182102.4622</dst>
      <dst id="17">2815.2800</dst>
      <dst id="21">2702.1244</dst>
      <dst id="15">209.6800</dst>
    </src>
    <src id="5">
      <dst id="12">280103.9111</dst>
      <dst id="13">1660.5422</dst>
      <dst id="19">1.1378</dst>
      <dst id="23">3.2356</dst>
      <dst id="8">1134.8178</dst>
      <dst id="18">409.8667</dst>
      <dst id="4">6266.6133</dst>
      <dst id="1">198.8622</dst>
      <dst id="22">4675.0311</dst>
      <dst id="7">162.6133</dst>
      <dst id="2">116103.5911</dst>
      <dst id="6">57.2444</dst>
      <dst id="16">277.5111</dst>
      <dst id="14">14.4356</dst>
      <dst id="20">2000.4000</dst>
      <dst id="11">2488.0800</dst>
      <dst id="9">1612.0089</dst>
      <dst id="17">115842.4356</dst>
      <dst id="21">295.6889</dst>
      <dst id="15">217.9644</dst>
    </src>
    <src id="3">
      <dst id="12">16343.4933</dst>
      <dst id="13">1931.5911</dst>
      <dst id="19">5151.0844</dst>
      <dst id="23">5851.3600</dst>
      <dst id="8">27.1644</dst>
      <dst id="18">73237.2178</dst>
      <dst id="4">42202.7644</dst>
      <dst id="1">8202.9067</dst>
      <dst id="5">531.9733</dst>
      <dst id="3">9778.0978</dst>
      <dst id="22">3245.2000</dst>
      <dst id="7">1761.0311</dst>
      <dst id="2">6918.4178</dst>
      <dst id="6">27.1467</dst>
      <dst id="16">1422.0533</dst>
      <dst id="14">22212.1333</dst>
      <dst id="20">1238.0533</dst>
      <dst id="11">131961.4311</dst>
      <dst id="9">2232.5422</dst>
      <dst id="17">8858.1956</dst>
      <dst id="21">4123.0222</dst>
      <dst id="15">38.5600</dst>
    </src>
    <src id="10">
      <dst id="12">14778.9689</dst>
      <dst id="19">321.6089</dst>
      <dst id="8">590.7467</dst>
      <dst id="18">3710.2578</dst>
      <dst id="1">414.6133</dst>
      <dst id="5">500.3111</dst>
      <dst id="3">7859.5822</dst>
      <dst id="22">4187.5822</dst>
      <dst id="7">15439.7689</dst>
      <dst id="2">19552.8356</dst>
      <dst id="6">3.1111</dst>
      <dst id="16">2897.2978</dst>
      <dst id="14">3797.5733</dst>
      <dst id="20">3987.6711</dst>
      <dst id="11">4221.7511</dst>
      <dst id="9">6404.9333</dst>
      <dst id="17">25205.7333</dst>
      <dst id="21">5059.3778</dst>
      <dst id="15">633.1822</dst>
    </src>
    <src id="22">
      <dst id="12">8087.6978</dst>
      <dst id="13">4392.8711</dst>
      <dst id="19">62.0711</dst>
      <dst id="23">875.9733</dst>
      <dst id="8">487.1200</dst>
      <dst id="18">841.0400</dst>
      <dst id="4">17980.8089</dst>
      <dst id="1">216.4444</dst>
      <dst id="5">12346.6311</dst>
      <dst id="3">275.4489</dst>
      <dst id="7">1028.2489</dst>
      <dst id="2">2913.4133</dst>
      <dst id="6">33.8400</dst>
      <dst id="16">8.7556</dst>
      <dst id="14">1.4044</dst>
      <dst id="11">3055.5556</dst>
      <dst id="9">7327.8933</dst>
      <dst id="17">3032.1067</dst>
      <dst id="21">1890.5156</dst>
    </src>
    <src id="7">
      <dst id="12">6993.9911</dst>
      <dst id="13">234.8178</dst>
      <dst id="19">47.9111</dst>
      <dst id="23">94.9956</dst>
      <dst id="8">329.7244</dst>
      <dst id="18">111.6089</dst>
      <dst id="4">43921.7778</dst>
      <dst id="1">3224.5600</dst>
      <dst id="5">1866.9511</dst>
      <dst id="3">352.4889</dst>
      <dst id="22">5987.7689</dst>
      <dst id="7">557.4400</dst>
      <dst id="2">5194.6844</dst>
      <dst id="6">38.1244</dst>
      <dst id="16">435.7956</dst>
      <dst id="14">88.6844</dst>
      <dst id="20">747.3689</dst>
      <dst id="11">1260.5600</dst>
      <dst id="9">1282.0711</dst>
      <dst id="17">8523.5556</dst>
      <dst id="21">3407.7956</dst>
      <dst id="15">91.1111</dst>
    </src>
    <src id="2">
      <dst id="12">72140.8267</dst>
      <dst id="13">517912.7822</dst>
      <dst id="19">88.2222</dst>
      <dst id="23">5.0844</dst>
      <dst id="8">403.6178</dst>
      <dst id="18">62518.2311</dst>
      <dst id="4">112737.5467</dst>
      <dst id="1">10423.0756</dst>
      <dst id="5">835.8222</dst>
      <dst id="3">30.6222</dst>
      <dst id="22">1436.4000</dst>
      <dst id="7">2891.5733</dst>
      <dst id="2">831.7333</dst>
      <dst id="6">8648.8711</dst>
      <dst id="16">2338.3111</dst>
      <dst id="14">5196.4178</dst>
      <dst id="20">824.0089</dst>
      <dst id="11">3179.3778</dst>
      <dst id="9">606.4267</dst>
      <dst id="17">40403.5911</dst>
      <dst id="21">5584.2667</dst>
      <dst id="15">12331.4578</dst>
    </src>
    <src id="6">
      <dst id="12">8545.7067</dst>
      <dst id="13">17.2178</dst>
      <dst id="19">3.3689</dst>
      <dst id="18">0.3556</dst>
      <dst id="4">1233.3511</dst>
      <dst id="1">15.1289</dst>
      <dst id="5">1.0667</dst>
      <dst id="3">0.7111</dst>
      <dst id="22">4.6400</dst>
      <dst id="7">13.6711</dst>
      <dst id="2">2812.4533</dst>
      <dst id="16">0.5511</dst>
      <dst id="11">0.4267</dst>
      <dst id="9">1.1378</dst>
      <dst id="17">1255.5822</dst>
      <dst id="21">46.8800</dst>
    </src>
    <src id="16">
      <dst id="12">2852.6578</dst>
      <dst id="13">133.1556</dst>
      <dst id="19">3148.4800</dst>
      <dst id="23">3.3067</dst>
      <dst id="8">2795.2533</dst>
      <dst id="18">36.5956</dst>
      <dst id="4">4890.0978</dst>
      <dst id="1">12816.1867</dst>
      <dst id="5">1927.1289</dst>
      <dst id="3">0.9156</dst>
      <dst id="7">3147.7156</dst>
      <dst id="2">447.8400</dst>
      <dst id="6">1.8400</dst>
      <dst id="16">36.5956</dst>
      <dst id="14">335.2089</dst>
      <dst id="11">156.4356</dst>
      <dst id="9">1780.0889</dst>
      <dst id="17">771.1378</dst>
      <dst id="21">2025.4044</dst>
    </src>
    <src id="14">
      <dst id="12">14222.6133</dst>
      <dst id="13">12.1867</dst>
      <dst id="19">7.0578</dst>
      <dst id="8">0.5333</dst>
      <dst id="18">2.2400</dst>
      <dst id="4">2008.1600</dst>
      <dst id="1">88.4533</dst>
      <dst id="5">1.4044</dst>
      <dst id="3">85.7511</dst>
      <dst id="22">32.7378</dst>
      <dst id="7">64.3644</dst>
      <dst id="2">5386.1511</dst>
      <dst id="16">111.2444</dst>
      <dst id="20">57.5289</dst>
      <dst id="11">57.3689</dst>
      <dst id="17">5466.3467</dst>
      <dst id="21">61.1289</dst>
    </src>
    <src id="20">
      <dst id="12">6234.9778</dst>
      <dst id="13">7690.4356</dst>
      <dst id="19">4.5867</dst>
      <dst id="23">16.8800</dst>
      <dst id="8">119.8933</dst>
      <dst id="18">2.6756</dst>
      <dst id="4">16501.0756</dst>
      <dst id="1">127.0133</dst>
      <dst id="5">3351.4756</dst>
      <dst id="3">148.0533</dst>
      <dst id="7">347.9911</dst>
      <dst id="2">5569.2000</dst>
      <dst id="6">2.5511</dst>
      <dst id="14">81.0311</dst>
      <dst id="11">615.4489</dst>
      <dst id="9">1561.8756</dst>
      <dst id="17">921.0044</dst>
      <dst id="21">3035.9644</dst>
    </src>
    <src id="11">
      <dst id="12">379458.1511</dst>
      <dst id="13">4387.4578</dst>
      <dst id="19">45.7156</dst>
      <dst id="23">20.1600</dst>
      <dst id="8">189.7956</dst>
      <dst id="18">64.5067</dst>
      <dst id="4">13539.2978</dst>
      <dst id="1">440.5778</dst>
      <dst id="5">882.5422</dst>
      <dst id="3">386.2311</dst>
      <dst id="22">2380.1333</dst>
      <dst id="7">381.4133</dst>
      <dst id="2">148913.6711</dst>
      <dst id="6">3.9200</dst>
      <dst id="16">568.5689</dst>
      <dst id="14">30.4533</dst>
      <dst id="20">337.2533</dst>
      <dst id="11">1799.5378</dst>
      <dst id="9">2632.1600</dst>
      <dst id="17">161216.8889</dst>
      <dst id="21">1065.0133</dst>
      <dst id="15">73.1378</dst>
    </src>
    <src id="9">
      <dst id="12">395813.5111</dst>
      <dst id="13">1814.8978</dst>
      <dst id="19">28.9778</dst>
      <dst id="23">11.4133</dst>
      <dst id="8">1521.9644</dst>
      <dst id="18">371.7689</dst>
      <dst id="4">17983.7067</dst>
      <dst id="1">723.7511</dst>
      <dst id="5">1298.0089</dst>
      <dst id="3">0.5067</dst>
      <dst id="22">15247.3867</dst>
      <dst id="7">551.2267</dst>
      <dst id="2">152178.2400</dst>
      <dst id="6">9.6889</dst>
      <dst id="16">593.3956</dst>
      <dst id="14">0.5333</dst>
      <dst id="20">1555.6356</dst>
      <dst id="11">700.8000</dst>
      <dst id="9">29.0489</dst>
      <dst id="17">173836.6844</dst>
      <dst id="21">374.4889</dst>
      <dst id="15">1354.4978</dst>
    </src>
    <src id="17">
      <dst id="12">15996.9867</dst>
      <dst id="13">3599.4578</dst>
      <dst id="19">266.0000</dst>
      <dst id="23">23.1111</dst>
      <dst id="8">133032.7733</dst>
      <dst id="18">173.2711</dst>
      <dst id="4">166061.4400</dst>
      <dst id="1">1592.1422</dst>
      <dst id="5">171704.4178</dst>
      <dst id="3">5246.3556</dst>
      <dst id="22">6415.8311</dst>
      <dst id="7">2758.7733</dst>
      <dst id="2">22244.2844</dst>
      <dst id="6">106.2667</dst>
      <dst id="16">3251.0400</dst>
      <dst id="14">18442.2578</dst>
      <dst id="20">253.1111</dst>
      <dst id="11">114188.1067</dst>
      <dst id="9">175826.6222</dst>
      <dst id="17">2385.5644</dst>
      <dst id="21">4075.7600</dst>
      <dst id="15">75.8311</dst>
    </src>
    <src id="21">
      <dst id="12">17873.6089</dst>
      <dst id="13">1577.0489</dst>
      <dst id="19">65.4756</dst>
      <dst id="23">68.8800</dst>
      <dst id="8">161.6711</dst>
      <dst id="18">1122.6222</dst>
      <dst id="4">24972.9244</dst>
      <dst id="1">1117.3333</dst>
      <dst id="5">256.2667</dst>
      <dst id="3">964.5067</dst>
      <dst id="22">2241.2622</dst>
      <dst id="7">4365.9200</dst>
      <dst id="2">7062.0178</dst>
      <dst id="6">5.6089</dst>
      <dst id="16">416.3378</dst>
      <dst id="14">121.0667</dst>
      <dst id="20">250.5333</dst>
      <dst id="11">767.6622</dst>
      <dst id="9">1136.6667</dst>
      <dst id="17">2897.3244</dst>
      <dst id="21">1647.9200</dst>
      <dst id="15">44.3200</dst>
    </src>
    <src id="15">
      <dst id="12">26.8533</dst>
      <dst id="13">395.4667</dst>
      <dst id="19">4995.5644</dst>
      <dst id="8">21.7067</dst>
      <dst id="18">23.0667</dst>
      <dst id="4">2378.4800</dst>
      <dst id="1">522.8267</dst>
      <dst id="5">253.7867</dst>
      <dst id="3">19.8578</dst>
      <dst id="7">101.6356</dst>
      <dst id="2">255.7067</dst>
      <dst id="6">0.4267</dst>
      <dst id="11">25.7778</dst>
      <dst id="9">1244.4000</dst>
      <dst id="17">2286.1333</dst>
      <dst id="21">100.0978</dst>
    </src>
  </IntraTM>
</TrafficMatrixFile>
