<?xml version="1.0" encoding="UTF-8" standalone="yes"?>
<TrafficMatrixFile xmlns:xsi="http://www.w3.org/2001/XMLSchema-instance" xsi:noNamespaceSchemaLocation="http://totem.run.montefiore.ulg.ac.be/Schema/TrafficMatrix-v1_2.xsd">
  <info>
    <title>Intradomain traffic matrix generated by geant-TM-all.pl</title>
    <date>2005-01-01T23:30:00</date>
    <duration>900</duration>
    <author>Steve Uhlig</author>
    <units>
        <unit type="bandwidth" value="kbps"/>
    </units>
  </info>
  <IntraTM ASID="20965">
    <src id="12">
      <dst id="12">344633.5733</dst>
      <dst id="13">36749.1911</dst>
      <dst id="19">3756.1867</dst>
      <dst id="23">2158.9333</dst>
      <dst id="8">3416.4356</dst>
      <dst id="18">2845.4400</dst>
      <dst id="4">109071.8933</dst>
      <dst id="1">12800.8622</dst>
      <dst id="5">4233.4489</dst>
      <dst id="3">12470.2400</dst>
      <dst id="22">62012.7200</dst>
      <dst id="7">8340.3022</dst>
      <dst id="2">98915.2178</dst>
      <dst id="6">126.5156</dst>
      <dst id="16">6060.4356</dst>
      <dst id="14">2311.0578</dst>
      <dst id="20">17221.9556</dst>
      <dst id="11">9325.9911</dst>
      <dst id="9">30242.1956</dst>
      <dst id="17">69364.1956</dst>
      <dst id="21">30300.4800</dst>
      <dst id="15">14003.3156</dst>
    </src>
    <src id="13">
      <dst id="12">74760.6578</dst>
      <dst id="19">10046.3911</dst>
      <dst id="23">5715.3067</dst>
      <dst id="8">15252.9778</dst>
      <dst id="18">13925.1111</dst>
      <dst id="1">4861.7333</dst>
      <dst id="5">15300.1422</dst>
      <dst id="3">30766.6756</dst>
      <dst id="22">30395.4667</dst>
      <dst id="7">14156.3467</dst>
      <dst id="2">147262.9689</dst>
      <dst id="6">452.4356</dst>
      <dst id="16">6227.6533</dst>
      <dst id="14">11240.2844</dst>
      <dst id="20">23903.4844</dst>
      <dst id="11">28973.7333</dst>
      <dst id="9">31656.7378</dst>
      <dst id="17">393753.4133</dst>
      <dst id="21">33257.9822</dst>
      <dst id="15">7970.4178</dst>
    </src>
    <src id="19">
      <dst id="12">18312.0800</dst>
      <dst id="13">3507.9644</dst>
      <dst id="23">203.7689</dst>
      <dst id="8">274.3022</dst>
      <dst id="18">1469.1200</dst>
      <dst id="4">18373.8578</dst>
      <dst id="1">340.1956</dst>
      <dst id="5">66.5422</dst>
      <dst id="3">5164.3467</dst>
      <dst id="22">1886.9689</dst>
      <dst id="7">3968.7022</dst>
      <dst id="2">3458.8178</dst>
      <dst id="6">88.5156</dst>
      <dst id="16">12233.5022</dst>
      <dst id="14">42.5422</dst>
      <dst id="20">126.2044</dst>
      <dst id="11">40.6400</dst>
      <dst id="9">156.8889</dst>
      <dst id="17">1213.3333</dst>
      <dst id="21">1794.7644</dst>
      <dst id="15">25.7422</dst>
    </src>
    <src id="23">
      <dst id="12">1013.2800</dst>
      <dst id="13">252.3111</dst>
      <dst id="19">96.5067</dst>
      <dst id="8">135.2178</dst>
      <dst id="18">66.3822</dst>
      <dst id="4">75.0222</dst>
      <dst id="1">294.2933</dst>
      <dst id="5">51.7156</dst>
      <dst id="3">7184.7733</dst>
      <dst id="22">370.9956</dst>
      <dst id="7">115.5289</dst>
      <dst id="2">141.9200</dst>
      <dst id="6">2.1333</dst>
      <dst id="16">592.5067</dst>
      <dst id="14">147.3956</dst>
      <dst id="20">171.0933</dst>
      <dst id="11">256.5333</dst>
      <dst id="9">3092.9156</dst>
      <dst id="17">293.2089</dst>
      <dst id="21">1659.9200</dst>
      <dst id="15">13.3333</dst>
    </src>
    <src id="8">
      <dst id="12">433627.9022</dst>
      <dst id="13">1087.5467</dst>
      <dst id="19">185.1467</dst>
      <dst id="23">93.0489</dst>
      <dst id="18">829.1378</dst>
      <dst id="4">14985.0933</dst>
      <dst id="1">18.9600</dst>
      <dst id="5">4719.7511</dst>
      <dst id="3">823.1467</dst>
      <dst id="22">4509.3689</dst>
      <dst id="7">19.7422</dst>
      <dst id="2">164784.7822</dst>
      <dst id="6">320.7111</dst>
      <dst id="16">413.0667</dst>
      <dst id="14">284.3022</dst>
      <dst id="20">297.5200</dst>
      <dst id="11">865.6267</dst>
      <dst id="9">3405.1556</dst>
      <dst id="17">97308.0889</dst>
      <dst id="21">597.2089</dst>
      <dst id="15">162.1600</dst>
    </src>
    <src id="18">
      <dst id="12">158370.0978</dst>
      <dst id="13">384.0711</dst>
      <dst id="19">657.7600</dst>
      <dst id="23">52.5689</dst>
      <dst id="8">502.5333</dst>
      <dst id="4">2414.0978</dst>
      <dst id="1">833.0756</dst>
      <dst id="5">662.8533</dst>
      <dst id="3">935.0489</dst>
      <dst id="22">346.8711</dst>
      <dst id="7">48.2933</dst>
      <dst id="2">47348.7644</dst>
      <dst id="16">88.9244</dst>
      <dst id="14">16.4533</dst>
      <dst id="20">103.6800</dst>
      <dst id="11">1508.4000</dst>
      <dst id="9">310.9956</dst>
      <dst id="17">38078.9511</dst>
      <dst id="21">2519.4222</dst>
      <dst id="15">16.6756</dst>
    </src>
    <src id="4">
      <dst id="12">30776.9156</dst>
      <dst id="19">5627.9289</dst>
      <dst id="23">0.9244</dst>
      <dst id="8">4479.2444</dst>
      <dst id="18">2201.2889</dst>
      <dst id="4">1.0311</dst>
      <dst id="1">2262.8622</dst>
      <dst id="5">2597.0933</dst>
      <dst id="3">32159.0489</dst>
      <dst id="22">11414.3111</dst>
      <dst id="7">92537.6711</dst>
      <dst id="2">78109.6356</dst>
      <dst id="6">0.3556</dst>
      <dst id="16">3080.9244</dst>
      <dst id="14">2191.6889</dst>
      <dst id="20">3539.6178</dst>
      <dst id="11">12037.8311</dst>
      <dst id="9">4461.1644</dst>
      <dst id="17">78213.6178</dst>
      <dst id="21">14482.1422</dst>
      <dst id="15">1551.4756</dst>
    </src>
    <src id="1">
      <dst id="12">18085.8133</dst>
      <dst id="13">2040.9244</dst>
      <dst id="19">83.7067</dst>
      <dst id="23">1028.7822</dst>
      <dst id="8">240439.7956</dst>
      <dst id="18">16357.4667</dst>
      <dst id="4">16026.4711</dst>
      <dst id="1">72.6311</dst>
      <dst id="5">302415.9822</dst>
      <dst id="3">44942.7733</dst>
      <dst id="22">9289.7067</dst>
      <dst id="7">19303.6178</dst>
      <dst id="2">15003.5467</dst>
      <dst id="6">10524.4267</dst>
      <dst id="16">11414.7644</dst>
      <dst id="14">466.2578</dst>
      <dst id="20">660.1867</dst>
      <dst id="11">1545.5111</dst>
      <dst id="9">381907.4222</dst>
      <dst id="17">3809.4489</dst>
      <dst id="21">24267.5289</dst>
      <dst id="15">679.5644</dst>
    </src>
    <src id="5">
      <dst id="12">390864.0711</dst>
      <dst id="13">4990.5511</dst>
      <dst id="19">49.2000</dst>
      <dst id="23">86.6933</dst>
      <dst id="8">24632.4089</dst>
      <dst id="18">333.0933</dst>
      <dst id="4">8748.3911</dst>
      <dst id="1">192.0533</dst>
      <dst id="3">2965.2444</dst>
      <dst id="22">6026.5511</dst>
      <dst id="7">1010.5244</dst>
      <dst id="2">157117.5200</dst>
      <dst id="6">4.6933</dst>
      <dst id="16">1748.7111</dst>
      <dst id="14">124.8000</dst>
      <dst id="20">2629.5467</dst>
      <dst id="11">7390.1067</dst>
      <dst id="9">3626.3467</dst>
      <dst id="17">105803.9733</dst>
      <dst id="21">1164.7556</dst>
      <dst id="15">1642.7467</dst>
    </src>
    <src id="3">
      <dst id="12">17072.0356</dst>
      <dst id="13">3143.8400</dst>
      <dst id="19">1939.5289</dst>
      <dst id="23">74.0622</dst>
      <dst id="8">213.1200</dst>
      <dst id="18">229005.9289</dst>
      <dst id="4">49941.9378</dst>
      <dst id="1">5665.2000</dst>
      <dst id="5">1652.8622</dst>
      <dst id="3">21002.3822</dst>
      <dst id="22">3734.2667</dst>
      <dst id="7">3450.8622</dst>
      <dst id="2">10281.4400</dst>
      <dst id="6">68.9333</dst>
      <dst id="16">1904.3733</dst>
      <dst id="14">63581.9822</dst>
      <dst id="20">1581.7867</dst>
      <dst id="11">240084.2044</dst>
      <dst id="9">1141.0667</dst>
      <dst id="17">16608.0533</dst>
      <dst id="21">12300.6311</dst>
      <dst id="15">268.5244</dst>
    </src>
    <src id="10">
      <dst id="12">19093.1733</dst>
      <dst id="19">1715.4578</dst>
      <dst id="8">1691.3956</dst>
      <dst id="18">8065.6711</dst>
      <dst id="1">1889.1644</dst>
      <dst id="5">2238.5689</dst>
      <dst id="3">25162.1244</dst>
      <dst id="22">8394.9244</dst>
      <dst id="7">8941.4578</dst>
      <dst id="2">48804.2133</dst>
      <dst id="6">7.2356</dst>
      <dst id="16">3937.1911</dst>
      <dst id="14">1178.2044</dst>
      <dst id="20">2619.8311</dst>
      <dst id="11">9389.2089</dst>
      <dst id="9">10045.6089</dst>
      <dst id="17">12908.7644</dst>
      <dst id="21">18366.3200</dst>
      <dst id="15">1473.1467</dst>
    </src>
    <src id="22">
      <dst id="12">22472.3467</dst>
      <dst id="13">6684.6844</dst>
      <dst id="19">183.5556</dst>
      <dst id="23">24.0978</dst>
      <dst id="8">2455.7867</dst>
      <dst id="18">828.6489</dst>
      <dst id="4">21539.3156</dst>
      <dst id="1">416.7556</dst>
      <dst id="5">4791.9467</dst>
      <dst id="3">2816.6844</dst>
      <dst id="7">1867.2978</dst>
      <dst id="2">4421.0400</dst>
      <dst id="6">7.4933</dst>
      <dst id="16">11.0933</dst>
      <dst id="14">272.5867</dst>
      <dst id="11">4921.9467</dst>
      <dst id="9">13282.7644</dst>
      <dst id="17">3042.8978</dst>
      <dst id="21">3285.1467</dst>
    </src>
    <src id="7">
      <dst id="12">8976.1244</dst>
      <dst id="13">6963.6178</dst>
      <dst id="19">794.7289</dst>
      <dst id="23">1176.5067</dst>
      <dst id="8">501.4311</dst>
      <dst id="18">841.2000</dst>
      <dst id="4">44131.2356</dst>
      <dst id="1">16411.1022</dst>
      <dst id="5">815.3422</dst>
      <dst id="3">11300.3733</dst>
      <dst id="22">9887.4400</dst>
      <dst id="7">881.2089</dst>
      <dst id="2">9137.2622</dst>
      <dst id="6">141.2267</dst>
      <dst id="16">862.6489</dst>
      <dst id="14">139.9911</dst>
      <dst id="20">1524.4267</dst>
      <dst id="11">2766.9600</dst>
      <dst id="9">2076.5422</dst>
      <dst id="17">3708.6400</dst>
      <dst id="21">8811.8756</dst>
      <dst id="15">397.2533</dst>
    </src>
    <src id="2">
      <dst id="12">140775.2622</dst>
      <dst id="13">8464.5422</dst>
      <dst id="19">16422.3289</dst>
      <dst id="23">40.1422</dst>
      <dst id="8">1948.9689</dst>
      <dst id="18">167004.6933</dst>
      <dst id="4">102089.1022</dst>
      <dst id="1">2963.1556</dst>
      <dst id="5">1116.8622</dst>
      <dst id="3">10628.8000</dst>
      <dst id="22">1839.0578</dst>
      <dst id="7">3660.7556</dst>
      <dst id="2">1981.4489</dst>
      <dst id="6">8019.2267</dst>
      <dst id="16">1801.0489</dst>
      <dst id="14">444.7911</dst>
      <dst id="20">6631.0756</dst>
      <dst id="11">7721.2356</dst>
      <dst id="9">5539.2356</dst>
      <dst id="17">16561.0667</dst>
      <dst id="21">13261.5289</dst>
      <dst id="15">297.0578</dst>
    </src>
    <src id="6">
      <dst id="12">11878.1422</dst>
      <dst id="13">4.5511</dst>
      <dst id="19">17.2889</dst>
      <dst id="23">24.9067</dst>
      <dst id="8">6.7911</dst>
      <dst id="18">1.6978</dst>
      <dst id="4">84.1778</dst>
      <dst id="5">18.0711</dst>
      <dst id="3">122.3733</dst>
      <dst id="22">29.4400</dst>
      <dst id="7">33.8578</dst>
      <dst id="2">2143.4844</dst>
      <dst id="20">17.3333</dst>
      <dst id="11">13.7244</dst>
      <dst id="9">40.0000</dst>
      <dst id="17">1384.6578</dst>
      <dst id="21">74.9867</dst>
      <dst id="15">34.4000</dst>
    </src>
    <src id="16">
      <dst id="12">3258.2756</dst>
      <dst id="13">546.4178</dst>
      <dst id="19">4752.5689</dst>
      <dst id="23">93.1911</dst>
      <dst id="8">5012.8444</dst>
      <dst id="18">84.6400</dst>
      <dst id="4">4479.0933</dst>
      <dst id="1">20811.7156</dst>
      <dst id="5">5872.0533</dst>
      <dst id="3">1121.8578</dst>
      <dst id="7">1493.9467</dst>
      <dst id="2">1001.7422</dst>
      <dst id="6">3.2089</dst>
      <dst id="16">50.8178</dst>
      <dst id="14">468.4533</dst>
      <dst id="11">251.8400</dst>
      <dst id="9">12143.6000</dst>
      <dst id="17">2692.2667</dst>
      <dst id="21">814.1778</dst>
    </src>
    <src id="14">
      <dst id="12">29785.3333</dst>
      <dst id="13">320.1600</dst>
      <dst id="19">27.8311</dst>
      <dst id="23">14.9689</dst>
      <dst id="8">9.4844</dst>
      <dst id="18">1.2800</dst>
      <dst id="4">2648.7556</dst>
      <dst id="1">66.5422</dst>
      <dst id="5">9.3511</dst>
      <dst id="3">72.7378</dst>
      <dst id="22">88.4622</dst>
      <dst id="7">102.5867</dst>
      <dst id="2">7784.0800</dst>
      <dst id="6">0.5689</dst>
      <dst id="16">12.9689</dst>
      <dst id="20">20.3911</dst>
      <dst id="11">73.1200</dst>
      <dst id="9">13.2800</dst>
      <dst id="17">10006.2667</dst>
      <dst id="21">461.8844</dst>
      <dst id="15">9.1378</dst>
    </src>
    <src id="20">
      <dst id="12">15893.4222</dst>
      <dst id="13">9734.2578</dst>
      <dst id="19">23.8667</dst>
      <dst id="23">2017.6533</dst>
      <dst id="8">850.1333</dst>
      <dst id="18">1030.1689</dst>
      <dst id="4">10051.8756</dst>
      <dst id="1">394.1244</dst>
      <dst id="5">4190.1600</dst>
      <dst id="3">2276.0711</dst>
      <dst id="7">230.3467</dst>
      <dst id="2">13913.9111</dst>
      <dst id="6">16.4800</dst>
      <dst id="14">1.9644</dst>
      <dst id="11">11004.3022</dst>
      <dst id="9">6084.1067</dst>
      <dst id="17">7140.3289</dst>
      <dst id="21">494.4889</dst>
    </src>
    <src id="11">
      <dst id="12">455909.5556</dst>
      <dst id="13">6023.6267</dst>
      <dst id="19">72.4089</dst>
      <dst id="23">1373.4756</dst>
      <dst id="8">809.9644</dst>
      <dst id="18">568.6044</dst>
      <dst id="4">11793.0489</dst>
      <dst id="1">2306.8000</dst>
      <dst id="5">2007.9022</dst>
      <dst id="3">1873.6000</dst>
      <dst id="22">2908.3022</dst>
      <dst id="7">377.5378</dst>
      <dst id="2">166386.7022</dst>
      <dst id="6">0.3556</dst>
      <dst id="16">252.3200</dst>
      <dst id="14">227.5378</dst>
      <dst id="20">928.4711</dst>
      <dst id="11">2067.9644</dst>
      <dst id="9">1205.7867</dst>
      <dst id="17">100993.0311</dst>
      <dst id="21">2619.5111</dst>
      <dst id="15">225.7956</dst>
    </src>
    <src id="9">
      <dst id="12">597734.9867</dst>
      <dst id="13">8413.5289</dst>
      <dst id="19">765.8933</dst>
      <dst id="23">30.9422</dst>
      <dst id="8">1763.2622</dst>
      <dst id="18">1186.2133</dst>
      <dst id="4">9271.6711</dst>
      <dst id="1">376.3111</dst>
      <dst id="5">2097.7156</dst>
      <dst id="3">3146.6667</dst>
      <dst id="22">5210.3822</dst>
      <dst id="7">307.6267</dst>
      <dst id="2">225891.4844</dst>
      <dst id="6">12.0356</dst>
      <dst id="16">1204.7378</dst>
      <dst id="14">58.0711</dst>
      <dst id="20">7703.9289</dst>
      <dst id="11">985.8311</dst>
      <dst id="9">3391.9644</dst>
      <dst id="17">145552.3822</dst>
      <dst id="21">2558.6933</dst>
      <dst id="15">55095.6800</dst>
    </src>
    <src id="17">
      <dst id="12">15161.8756</dst>
      <dst id="13">12387.1022</dst>
      <dst id="19">785.6089</dst>
      <dst id="23">247.0933</dst>
      <dst id="8">243209.5200</dst>
      <dst id="18">2418.4356</dst>
      <dst id="4">55768.8800</dst>
      <dst id="1">1373.5644</dst>
      <dst id="5">291387.6178</dst>
      <dst id="3">30065.3689</dst>
      <dst id="22">18307.6622</dst>
      <dst id="7">16457.2889</dst>
      <dst id="2">15176.5600</dst>
      <dst id="6">61.6889</dst>
      <dst id="16">3223.2267</dst>
      <dst id="14">41426.5956</dst>
      <dst id="20">3405.1200</dst>
      <dst id="11">185969.8933</dst>
      <dst id="9">336825.9111</dst>
      <dst id="17">2002.9956</dst>
      <dst id="21">25440.1333</dst>
      <dst id="15">548.8000</dst>
    </src>
    <src id="21">
      <dst id="12">23044.4444</dst>
      <dst id="13">1742.7022</dst>
      <dst id="19">1087.3511</dst>
      <dst id="23">301.6800</dst>
      <dst id="8">476.7467</dst>
      <dst id="18">4353.3511</dst>
      <dst id="4">38177.4311</dst>
      <dst id="1">3974.1244</dst>
      <dst id="5">807.5289</dst>
      <dst id="3">3752.9600</dst>
      <dst id="22">2188.7733</dst>
      <dst id="7">1603.0667</dst>
      <dst id="2">12792.8889</dst>
      <dst id="6">23.7600</dst>
      <dst id="16">533.2889</dst>
      <dst id="14">118.0711</dst>
      <dst id="20">569.7689</dst>
      <dst id="11">1551.1378</dst>
      <dst id="9">2522.2489</dst>
      <dst id="17">5834.8444</dst>
      <dst id="21">3354.7289</dst>
      <dst id="15">892.0267</dst>
    </src>
    <src id="15">
      <dst id="12">4224.4889</dst>
      <dst id="13">2114.4533</dst>
      <dst id="19">135.0133</dst>
      <dst id="23">15.3956</dst>
      <dst id="8">1483.4667</dst>
      <dst id="18">53.6356</dst>
      <dst id="4">3133.9556</dst>
      <dst id="1">69.5556</dst>
      <dst id="5">385.7244</dst>
      <dst id="3">1047.6622</dst>
      <dst id="7">33.6533</dst>
      <dst id="2">340.5600</dst>
      <dst id="6">0.7111</dst>
      <dst id="16">0.8356</dst>
      <dst id="14">0.6933</dst>
      <dst id="11">855.7867</dst>
      <dst id="9">3958.1156</dst>
      <dst id="17">7660.7378</dst>
      <dst id="21">124.4000</dst>
    </src>
  </IntraTM>
</TrafficMatrixFile>
