<?xml version="1.0" encoding="UTF-8" standalone="yes"?>
<TrafficMatrixFile xmlns:xsi="http://www.w3.org/2001/XMLSchema-instance" xsi:noNamespaceSchemaLocation="http://totem.run.montefiore.ulg.ac.be/Schema/TrafficMatrix-v1_2.xsd">
  <info>
    <title>Intradomain traffic matrix generated by geant-TM-all.pl</title>
    <date>2005-01-03T19:30:00</date>
    <duration>900</duration>
    <author>Steve Uhlig</author>
    <units>
        <unit type="bandwidth" value="kbps"/>
    </units>
  </info>
  <IntraTM ASID="20965">
    <src id="12">
      <dst id="12">265208.3022</dst>
      <dst id="13">18124.4444</dst>
      <dst id="19">3738.7644</dst>
      <dst id="23">27.2356</dst>
      <dst id="8">7958.3822</dst>
      <dst id="18">1470.0978</dst>
      <dst id="4">59577.6444</dst>
      <dst id="1">12565.7067</dst>
      <dst id="5">3481.9822</dst>
      <dst id="3">2385.1022</dst>
      <dst id="22">12055.5289</dst>
      <dst id="7">6980.7467</dst>
      <dst id="2">74437.2800</dst>
      <dst id="6">5.3156</dst>
      <dst id="16">8990.5067</dst>
      <dst id="14">161.1289</dst>
      <dst id="20">6040.4889</dst>
      <dst id="11">6660.5156</dst>
      <dst id="9">6082.3467</dst>
      <dst id="17">92018.6844</dst>
      <dst id="21">2763.5822</dst>
      <dst id="15">5759.6622</dst>
    </src>
    <src id="13">
      <dst id="12">58423.0933</dst>
      <dst id="19">4445.8756</dst>
      <dst id="23">3924.3733</dst>
      <dst id="8">2210.6667</dst>
      <dst id="18">1306.3289</dst>
      <dst id="4">0.3556</dst>
      <dst id="1">2250.2311</dst>
      <dst id="5">15532.1244</dst>
      <dst id="3">7469.5378</dst>
      <dst id="22">27548.5422</dst>
      <dst id="7">11238.8178</dst>
      <dst id="2">73687.4311</dst>
      <dst id="6">86.9956</dst>
      <dst id="16">33707.6267</dst>
      <dst id="14">1721.0844</dst>
      <dst id="20">4422.1956</dst>
      <dst id="11">11528.5600</dst>
      <dst id="9">12086.3556</dst>
      <dst id="17">293263.9022</dst>
      <dst id="21">7344.4889</dst>
      <dst id="15">22371.1467</dst>
    </src>
    <src id="19">
      <dst id="12">15866.5156</dst>
      <dst id="13">247.1200</dst>
      <dst id="23">0.6667</dst>
      <dst id="8">1.5644</dst>
      <dst id="18">335.7244</dst>
      <dst id="4">17092.3022</dst>
      <dst id="1">649.4044</dst>
      <dst id="5">3.5822</dst>
      <dst id="3">2.1689</dst>
      <dst id="22">169.0133</dst>
      <dst id="7">3790.4711</dst>
      <dst id="2">185.5911</dst>
      <dst id="6">92.5156</dst>
      <dst id="16">7309.5111</dst>
      <dst id="14">4.2756</dst>
      <dst id="20">118.7022</dst>
      <dst id="11">29.0133</dst>
      <dst id="9">45.8133</dst>
      <dst id="17">3281.6356</dst>
      <dst id="21">832.9689</dst>
      <dst id="15">0.4267</dst>
    </src>
    <src id="23">
      <dst id="12">370.6844</dst>
      <dst id="13">128.5422</dst>
      <dst id="19">14.4444</dst>
      <dst id="8">10.1689</dst>
      <dst id="18">1.8489</dst>
      <dst id="4">30.1156</dst>
      <dst id="1">57.6089</dst>
      <dst id="5">13.3333</dst>
      <dst id="3">241.5556</dst>
      <dst id="22">1115.8933</dst>
      <dst id="7">33.9289</dst>
      <dst id="2">24.2489</dst>
      <dst id="6">1.1378</dst>
      <dst id="16">528.1422</dst>
      <dst id="14">0.3556</dst>
      <dst id="20">89.2800</dst>
      <dst id="11">120.4889</dst>
      <dst id="9">375.3867</dst>
      <dst id="17">202.4444</dst>
      <dst id="21">80.5333</dst>
    </src>
    <src id="8">
      <dst id="12">279845.9556</dst>
      <dst id="13">350.0889</dst>
      <dst id="19">26.1244</dst>
      <dst id="23">1453.3333</dst>
      <dst id="4">3614.1067</dst>
      <dst id="1">71.3422</dst>
      <dst id="5">897.6711</dst>
      <dst id="3">23.7956</dst>
      <dst id="22">1199.6267</dst>
      <dst id="7">97.4489</dst>
      <dst id="2">100792.1244</dst>
      <dst id="6">0.8356</dst>
      <dst id="16">484.1511</dst>
      <dst id="14">13.8489</dst>
      <dst id="20">73.1200</dst>
      <dst id="11">1236.7467</dst>
      <dst id="9">861.1022</dst>
      <dst id="17">106838.7200</dst>
      <dst id="21">60.4267</dst>
      <dst id="15">145.1022</dst>
    </src>
    <src id="18">
      <dst id="12">91094.8267</dst>
      <dst id="13">234.7556</dst>
      <dst id="19">7.2178</dst>
      <dst id="23">0.7289</dst>
      <dst id="8">0.3200</dst>
      <dst id="4">845.0044</dst>
      <dst id="1">880.3378</dst>
      <dst id="5">185.7600</dst>
      <dst id="3">125.5467</dst>
      <dst id="22">141.9378</dst>
      <dst id="7">73.1378</dst>
      <dst id="2">30426.1244</dst>
      <dst id="16">7.6000</dst>
      <dst id="20">0.4267</dst>
      <dst id="11">80.9067</dst>
      <dst id="9">82.0622</dst>
      <dst id="17">32661.6978</dst>
      <dst id="21">288.7911</dst>
      <dst id="15">4.9244</dst>
    </src>
    <src id="4">
      <dst id="12">21619.0222</dst>
      <dst id="19">15137.4311</dst>
      <dst id="8">4056.6667</dst>
      <dst id="18">1141.2356</dst>
      <dst id="4">3.2622</dst>
      <dst id="1">12249.1289</dst>
      <dst id="5">1685.7956</dst>
      <dst id="3">137.4933</dst>
      <dst id="22">5863.8044</dst>
      <dst id="7">119520.3022</dst>
      <dst id="2">31907.9200</dst>
      <dst id="6">2.5067</dst>
      <dst id="16">770.4800</dst>
      <dst id="14">1637.4044</dst>
      <dst id="20">1068.4089</dst>
      <dst id="11">8320.7111</dst>
      <dst id="9">3430.4267</dst>
      <dst id="17">55720.8978</dst>
      <dst id="21">7970.8089</dst>
      <dst id="15">733.1911</dst>
    </src>
    <src id="1">
      <dst id="12">17843.7156</dst>
      <dst id="13">496.5333</dst>
      <dst id="19">76.6489</dst>
      <dst id="23">74.4178</dst>
      <dst id="8">108929.3778</dst>
      <dst id="18">16137.7956</dst>
      <dst id="4">2307.0489</dst>
      <dst id="1">16006.5244</dst>
      <dst id="5">206579.1822</dst>
      <dst id="3">108.8711</dst>
      <dst id="22">10951.4311</dst>
      <dst id="7">16473.2978</dst>
      <dst id="2">8216.3733</dst>
      <dst id="6">7804.2489</dst>
      <dst id="16">12175.3689</dst>
      <dst id="14">80.5156</dst>
      <dst id="20">38.1600</dst>
      <dst id="11">135.1556</dst>
      <dst id="9">227199.0133</dst>
      <dst id="17">932.0533</dst>
      <dst id="21">3705.9378</dst>
      <dst id="15">131.2000</dst>
    </src>
    <src id="5">
      <dst id="12">295191.6711</dst>
      <dst id="13">1548.9956</dst>
      <dst id="19">109.8756</dst>
      <dst id="8">2029.7867</dst>
      <dst id="18">169.3067</dst>
      <dst id="4">7406.0356</dst>
      <dst id="1">312.3378</dst>
      <dst id="3">2.9333</dst>
      <dst id="22">7016.8800</dst>
      <dst id="7">1633.3689</dst>
      <dst id="2">126130.8000</dst>
      <dst id="6">7.5022</dst>
      <dst id="16">948.7022</dst>
      <dst id="14">19.6978</dst>
      <dst id="20">2767.4844</dst>
      <dst id="11">2351.3867</dst>
      <dst id="9">3059.6089</dst>
      <dst id="17">111042.9422</dst>
      <dst id="21">279.9556</dst>
      <dst id="15">196.6489</dst>
    </src>
    <src id="3">
      <dst id="12">10310.6933</dst>
      <dst id="13">397.5733</dst>
      <dst id="19">1328.7022</dst>
      <dst id="23">12240.0800</dst>
      <dst id="8">8.2489</dst>
      <dst id="18">63250.3911</dst>
      <dst id="4">26230.0178</dst>
      <dst id="1">14925.5556</dst>
      <dst id="5">245.4756</dst>
      <dst id="3">11468.4533</dst>
      <dst id="22">784.8533</dst>
      <dst id="7">1897.5644</dst>
      <dst id="2">3782.6311</dst>
      <dst id="6">2.9689</dst>
      <dst id="16">1457.8222</dst>
      <dst id="14">30249.7600</dst>
      <dst id="20">60.0089</dst>
      <dst id="11">132633.7689</dst>
      <dst id="9">254.9422</dst>
      <dst id="17">5950.3289</dst>
      <dst id="21">15700.9422</dst>
      <dst id="15">46.7822</dst>
    </src>
    <src id="10">
      <dst id="12">13933.5556</dst>
      <dst id="19">1148.5778</dst>
      <dst id="8">808.1689</dst>
      <dst id="18">5032.6489</dst>
      <dst id="1">2157.4756</dst>
      <dst id="5">1014.9956</dst>
      <dst id="3">7249.8133</dst>
      <dst id="22">9979.2356</dst>
      <dst id="7">4666.6578</dst>
      <dst id="2">24819.0489</dst>
      <dst id="6">86.0533</dst>
      <dst id="16">1785.1733</dst>
      <dst id="14">890.1244</dst>
      <dst id="20">4338.8711</dst>
      <dst id="11">6173.7156</dst>
      <dst id="9">1714.2311</dst>
      <dst id="17">23466.8356</dst>
      <dst id="21">13922.8533</dst>
      <dst id="15">620.2133</dst>
    </src>
    <src id="22">
      <dst id="12">16813.8311</dst>
      <dst id="13">2427.3956</dst>
      <dst id="19">267.9200</dst>
      <dst id="23">34.6667</dst>
      <dst id="8">897.6267</dst>
      <dst id="18">154.3467</dst>
      <dst id="4">16021.8044</dst>
      <dst id="1">276.8089</dst>
      <dst id="5">3308.3289</dst>
      <dst id="3">771.0133</dst>
      <dst id="7">803.9022</dst>
      <dst id="2">2868.3022</dst>
      <dst id="6">161.9556</dst>
      <dst id="16">38.0800</dst>
      <dst id="14">117.2533</dst>
      <dst id="11">1824.0711</dst>
      <dst id="9">9397.6622</dst>
      <dst id="17">2763.1111</dst>
      <dst id="21">1360.3822</dst>
    </src>
    <src id="7">
      <dst id="12">4513.4400</dst>
      <dst id="13">112.1867</dst>
      <dst id="19">217.0667</dst>
      <dst id="23">58.4800</dst>
      <dst id="8">4772.5867</dst>
      <dst id="18">417.5644</dst>
      <dst id="4">15842.0711</dst>
      <dst id="1">7967.5022</dst>
      <dst id="5">924.5511</dst>
      <dst id="3">526.2756</dst>
      <dst id="22">4607.0311</dst>
      <dst id="7">621.3689</dst>
      <dst id="2">4690.5422</dst>
      <dst id="6">67.6267</dst>
      <dst id="16">555.5022</dst>
      <dst id="14">175.1556</dst>
      <dst id="20">1028.4533</dst>
      <dst id="11">3616.3822</dst>
      <dst id="9">850.9511</dst>
      <dst id="17">23691.2356</dst>
      <dst id="21">3791.7689</dst>
      <dst id="15">85.1200</dst>
    </src>
    <src id="2">
      <dst id="12">138060.2578</dst>
      <dst id="13">525747.6800</dst>
      <dst id="19">39.0756</dst>
      <dst id="23">84.0356</dst>
      <dst id="8">140.4533</dst>
      <dst id="18">55981.8044</dst>
      <dst id="4">56333.0756</dst>
      <dst id="1">13941.0044</dst>
      <dst id="5">846.7111</dst>
      <dst id="3">104.1511</dst>
      <dst id="22">3616.9422</dst>
      <dst id="7">2247.5289</dst>
      <dst id="2">925.6356</dst>
      <dst id="6">9016.9778</dst>
      <dst id="16">3578.5333</dst>
      <dst id="14">5277.4222</dst>
      <dst id="20">9438.2667</dst>
      <dst id="11">6935.3867</dst>
      <dst id="9">950.5422</dst>
      <dst id="17">44878.9600</dst>
      <dst id="21">1716.6400</dst>
      <dst id="15">152.0267</dst>
    </src>
    <src id="6">
      <dst id="12">11472.9600</dst>
      <dst id="13">5.3689</dst>
      <dst id="19">13.6889</dst>
      <dst id="23">0.3378</dst>
      <dst id="8">0.3556</dst>
      <dst id="18">0.7822</dst>
      <dst id="4">944.3378</dst>
      <dst id="1">19.5911</dst>
      <dst id="5">1.6089</dst>
      <dst id="22">16.5156</dst>
      <dst id="7">12.4089</dst>
      <dst id="2">2642.3556</dst>
      <dst id="16">24.8889</dst>
      <dst id="20">11.8222</dst>
      <dst id="11">6.7911</dst>
      <dst id="9">1.2267</dst>
      <dst id="17">1715.4311</dst>
      <dst id="21">45.9644</dst>
    </src>
    <src id="16">
      <dst id="12">3724.8622</dst>
      <dst id="13">153.6533</dst>
      <dst id="19">4922.5600</dst>
      <dst id="23">13.3956</dst>
      <dst id="8">8731.1022</dst>
      <dst id="18">3.5733</dst>
      <dst id="4">4387.8400</dst>
      <dst id="1">30316.1156</dst>
      <dst id="5">4155.9289</dst>
      <dst id="3">18.0978</dst>
      <dst id="7">223.8756</dst>
      <dst id="2">835.2444</dst>
      <dst id="6">0.7111</dst>
      <dst id="16">48.3733</dst>
      <dst id="14">312.6667</dst>
      <dst id="11">171.6533</dst>
      <dst id="9">4994.7556</dst>
      <dst id="17">1397.6533</dst>
      <dst id="21">2696.6222</dst>
    </src>
    <src id="14">
      <dst id="12">17665.0044</dst>
      <dst id="13">58.9244</dst>
      <dst id="19">7.9644</dst>
      <dst id="23">13.0844</dst>
      <dst id="8">0.8800</dst>
      <dst id="18">0.6044</dst>
      <dst id="4">2073.6178</dst>
      <dst id="1">220.4000</dst>
      <dst id="5">14.7556</dst>
      <dst id="3">63.6800</dst>
      <dst id="22">9.2000</dst>
      <dst id="7">102.2667</dst>
      <dst id="2">4881.2444</dst>
      <dst id="16">29.3778</dst>
      <dst id="11">39.8311</dst>
      <dst id="9">13.3333</dst>
      <dst id="17">4646.1244</dst>
      <dst id="21">55.6622</dst>
    </src>
    <src id="20">
      <dst id="12">9101.8667</dst>
      <dst id="13">1535.9733</dst>
      <dst id="19">115.8311</dst>
      <dst id="23">17.1733</dst>
      <dst id="8">52.4800</dst>
      <dst id="18">1.2356</dst>
      <dst id="4">9956.5956</dst>
      <dst id="1">189.6978</dst>
      <dst id="5">2344.9956</dst>
      <dst id="3">1484.3556</dst>
      <dst id="22">0.8444</dst>
      <dst id="7">375.8400</dst>
      <dst id="2">9619.7422</dst>
      <dst id="14">0.4267</dst>
      <dst id="11">372.5778</dst>
      <dst id="9">1700.4356</dst>
      <dst id="17">2147.5822</dst>
      <dst id="21">385.9200</dst>
    </src>
    <src id="11">
      <dst id="12">354120.1333</dst>
      <dst id="13">2198.1956</dst>
      <dst id="19">11.2089</dst>
      <dst id="23">6.5511</dst>
      <dst id="8">267.4133</dst>
      <dst id="18">87.0578</dst>
      <dst id="4">5852.4533</dst>
      <dst id="1">340.4711</dst>
      <dst id="5">1298.6756</dst>
      <dst id="3">366.5689</dst>
      <dst id="22">2987.7689</dst>
      <dst id="7">227.9467</dst>
      <dst id="2">145430.8889</dst>
      <dst id="6">10.7822</dst>
      <dst id="16">174.2933</dst>
      <dst id="14">60.8089</dst>
      <dst id="20">7081.2178</dst>
      <dst id="11">2066.5689</dst>
      <dst id="9">1411.8933</dst>
      <dst id="17">142643.4667</dst>
      <dst id="21">451.3778</dst>
      <dst id="15">635.8667</dst>
    </src>
    <src id="9">
      <dst id="12">374806.6133</dst>
      <dst id="13">6724.0267</dst>
      <dst id="19">78.2667</dst>
      <dst id="23">18.4711</dst>
      <dst id="8">935.3600</dst>
      <dst id="18">122.4000</dst>
      <dst id="4">7957.1467</dst>
      <dst id="1">995.7956</dst>
      <dst id="5">3581.2711</dst>
      <dst id="3">1.8133</dst>
      <dst id="22">1975.6622</dst>
      <dst id="7">143.6711</dst>
      <dst id="2">140451.3067</dst>
      <dst id="6">0.5156</dst>
      <dst id="16">707.6800</dst>
      <dst id="14">5.5289</dst>
      <dst id="20">360.2489</dst>
      <dst id="11">820.0800</dst>
      <dst id="9">1550.5511</dst>
      <dst id="17">179356.8533</dst>
      <dst id="21">511.8933</dst>
      <dst id="15">2417.1289</dst>
    </src>
    <src id="17">
      <dst id="12">20744.8356</dst>
      <dst id="13">11168.0267</dst>
      <dst id="19">268.8356</dst>
      <dst id="23">165.4933</dst>
      <dst id="8">121938.3022</dst>
      <dst id="18">150.7556</dst>
      <dst id="4">41200.5511</dst>
      <dst id="1">956.3022</dst>
      <dst id="5">213608.5600</dst>
      <dst id="3">6100.9511</dst>
      <dst id="22">7664.3467</dst>
      <dst id="7">2043.4044</dst>
      <dst id="2">17585.3156</dst>
      <dst id="6">338.5600</dst>
      <dst id="16">4960.7911</dst>
      <dst id="14">20731.6622</dst>
      <dst id="20">2768.8889</dst>
      <dst id="11">110172.8178</dst>
      <dst id="9">191412.8178</dst>
      <dst id="17">1387.2000</dst>
      <dst id="21">13782.6044</dst>
      <dst id="15">155.5200</dst>
    </src>
    <src id="21">
      <dst id="12">21212.7467</dst>
      <dst id="13">270.7556</dst>
      <dst id="19">323.5822</dst>
      <dst id="23">1027.2711</dst>
      <dst id="8">48.1422</dst>
      <dst id="18">2332.4178</dst>
      <dst id="4">15705.6356</dst>
      <dst id="1">1430.1067</dst>
      <dst id="5">906.0889</dst>
      <dst id="3">1372.5956</dst>
      <dst id="22">1988.3911</dst>
      <dst id="7">1011.1556</dst>
      <dst id="2">8507.1556</dst>
      <dst id="6">9.5111</dst>
      <dst id="16">324.5778</dst>
      <dst id="14">455.7511</dst>
      <dst id="20">222.7556</dst>
      <dst id="11">226.8089</dst>
      <dst id="9">786.3644</dst>
      <dst id="17">7780.4978</dst>
      <dst id="21">660.8089</dst>
      <dst id="15">25.8400</dst>
    </src>
    <src id="15">
      <dst id="12">856.5778</dst>
      <dst id="13">629.7867</dst>
      <dst id="19">0.3378</dst>
      <dst id="8">6.0089</dst>
      <dst id="4">3962.3022</dst>
      <dst id="1">535.1644</dst>
      <dst id="5">37.0222</dst>
      <dst id="3">93.2089</dst>
      <dst id="7">66.5156</dst>
      <dst id="2">46.8178</dst>
      <dst id="14">0.4089</dst>
      <dst id="11">112.0444</dst>
      <dst id="9">1246.7556</dst>
      <dst id="17">2486.0800</dst>
      <dst id="21">24.4444</dst>
    </src>
  </IntraTM>
</TrafficMatrixFile>
