<?xml version="1.0" encoding="UTF-8" standalone="yes"?>
<TrafficMatrixFile xmlns:xsi="http://www.w3.org/2001/XMLSchema-instance" xsi:noNamespaceSchemaLocation="http://totem.run.montefiore.ulg.ac.be/Schema/TrafficMatrix-v1_2.xsd">
  <info>
    <title>Intradomain traffic matrix generated by geant-TM-all.pl</title>
    <date>2005-01-02T14:15:00</date>
    <duration>900</duration>
    <author>Steve Uhlig</author>
    <units>
        <unit type="bandwidth" value="kbps"/>
    </units>
  </info>
  <IntraTM ASID="20965">
    <src id="12">
      <dst id="12">168598.1422</dst>
      <dst id="13">12552.2489</dst>
      <dst id="19">2533.9911</dst>
      <dst id="23">6058.3378</dst>
      <dst id="8">1042.9067</dst>
      <dst id="18">395.0133</dst>
      <dst id="4">84073.3600</dst>
      <dst id="1">7267.7244</dst>
      <dst id="5">1878.5156</dst>
      <dst id="3">1648.7644</dst>
      <dst id="22">5095.6711</dst>
      <dst id="7">7833.7600</dst>
      <dst id="2">47652.4533</dst>
      <dst id="6">0.3378</dst>
      <dst id="16">12887.4044</dst>
      <dst id="14">130.0889</dst>
      <dst id="20">446.9422</dst>
      <dst id="11">1228.1156</dst>
      <dst id="9">2368.0711</dst>
      <dst id="17">54173.7867</dst>
      <dst id="21">8416.9867</dst>
      <dst id="15">193.5733</dst>
    </src>
    <src id="13">
      <dst id="12">34844.2756</dst>
      <dst id="19">3318.9600</dst>
      <dst id="23">1.8222</dst>
      <dst id="8">2749.8222</dst>
      <dst id="18">3267.1200</dst>
      <dst id="1">1406.4178</dst>
      <dst id="5">4591.6622</dst>
      <dst id="3">3704.4356</dst>
      <dst id="22">14527.7244</dst>
      <dst id="7">10900.8622</dst>
      <dst id="2">55778.3289</dst>
      <dst id="6">15.0756</dst>
      <dst id="16">5683.1556</dst>
      <dst id="14">1166.2578</dst>
      <dst id="20">12262.7822</dst>
      <dst id="11">6823.4756</dst>
      <dst id="9">7852.9867</dst>
      <dst id="17">46749.9822</dst>
      <dst id="21">13734.6489</dst>
      <dst id="15">1617.4311</dst>
    </src>
    <src id="19">
      <dst id="12">10974.6667</dst>
      <dst id="13">155.8222</dst>
      <dst id="8">2.7911</dst>
      <dst id="18">29.0578</dst>
      <dst id="4">30910.0267</dst>
      <dst id="1">82.2489</dst>
      <dst id="5">32.3911</dst>
      <dst id="3">0.4622</dst>
      <dst id="22">3.7689</dst>
      <dst id="7">2622.5333</dst>
      <dst id="2">1797.1556</dst>
      <dst id="6">116.7911</dst>
      <dst id="16">10680.7289</dst>
      <dst id="20">13.7956</dst>
      <dst id="11">1.8044</dst>
      <dst id="9">421.7778</dst>
      <dst id="17">3805.8844</dst>
      <dst id="21">272.4178</dst>
      <dst id="15">1.4578</dst>
    </src>
    <src id="23">
      <dst id="12">999.7422</dst>
      <dst id="13">27.0044</dst>
      <dst id="19">1.6089</dst>
      <dst id="8">20.0889</dst>
      <dst id="18">4.7022</dst>
      <dst id="4">44.8356</dst>
      <dst id="1">136.7200</dst>
      <dst id="5">1.4222</dst>
      <dst id="3">26.9333</dst>
      <dst id="22">15.6356</dst>
      <dst id="7">15.5556</dst>
      <dst id="2">15.5022</dst>
      <dst id="16">26.8800</dst>
      <dst id="20">1.8489</dst>
      <dst id="11">2.2133</dst>
      <dst id="9">256.1067</dst>
      <dst id="17">112.9956</dst>
      <dst id="21">640.5778</dst>
    </src>
    <src id="8">
      <dst id="12">252378.9244</dst>
      <dst id="13">324.6844</dst>
      <dst id="19">0.3556</dst>
      <dst id="23">51.9111</dst>
      <dst id="18">19.0133</dst>
      <dst id="4">9047.4578</dst>
      <dst id="1">176.4178</dst>
      <dst id="5">487.8400</dst>
      <dst id="3">0.6756</dst>
      <dst id="22">389.0044</dst>
      <dst id="7">1619.7689</dst>
      <dst id="2">76603.3333</dst>
      <dst id="6">26.1867</dst>
      <dst id="16">209.4578</dst>
      <dst id="20">192.1867</dst>
      <dst id="11">262.5956</dst>
      <dst id="9">801.3244</dst>
      <dst id="17">79551.9911</dst>
      <dst id="21">239.6267</dst>
      <dst id="15">45.4400</dst>
    </src>
    <src id="18">
      <dst id="12">103909.8667</dst>
      <dst id="13">126.1067</dst>
      <dst id="19">0.4267</dst>
      <dst id="8">11.7511</dst>
      <dst id="4">2926.9067</dst>
      <dst id="1">1128.2044</dst>
      <dst id="5">84.4533</dst>
      <dst id="3">71.5467</dst>
      <dst id="22">159.1822</dst>
      <dst id="7">32.1867</dst>
      <dst id="2">29806.9067</dst>
      <dst id="16">4.7111</dst>
      <dst id="14">72.6400</dst>
      <dst id="20">93.1556</dst>
      <dst id="11">195.2978</dst>
      <dst id="9">162.3289</dst>
      <dst id="17">38685.6889</dst>
      <dst id="21">81.1200</dst>
      <dst id="15">29.2089</dst>
    </src>
    <src id="4">
      <dst id="12">10646.8178</dst>
      <dst id="19">5681.6533</dst>
      <dst id="23">0.3556</dst>
      <dst id="8">485.0667</dst>
      <dst id="18">1372.6311</dst>
      <dst id="4">2.5333</dst>
      <dst id="1">19764.6400</dst>
      <dst id="5">1533.3867</dst>
      <dst id="3">76.8444</dst>
      <dst id="22">4296.2400</dst>
      <dst id="7">19335.1556</dst>
      <dst id="2">48025.8844</dst>
      <dst id="6">3.1022</dst>
      <dst id="16">1138.8622</dst>
      <dst id="14">560.5956</dst>
      <dst id="20">787.0133</dst>
      <dst id="11">9796.5778</dst>
      <dst id="9">2627.5378</dst>
      <dst id="17">87344.1867</dst>
      <dst id="21">5856.3911</dst>
      <dst id="15">307.1733</dst>
    </src>
    <src id="1">
      <dst id="12">15220.8178</dst>
      <dst id="13">427.3600</dst>
      <dst id="19">4.8356</dst>
      <dst id="23">58.8978</dst>
      <dst id="8">55127.5022</dst>
      <dst id="18">12658.4089</dst>
      <dst id="4">3675.6000</dst>
      <dst id="1">16423.2711</dst>
      <dst id="5">139566.9511</dst>
      <dst id="3">80.0533</dst>
      <dst id="22">193.0756</dst>
      <dst id="7">20528.4622</dst>
      <dst id="2">1811.0311</dst>
      <dst id="6">8258.1333</dst>
      <dst id="16">18376.4089</dst>
      <dst id="14">45.8933</dst>
      <dst id="20">86.3822</dst>
      <dst id="11">162.9244</dst>
      <dst id="9">130943.1200</dst>
      <dst id="17">1825.9022</dst>
      <dst id="21">3012.9600</dst>
      <dst id="15">46.5333</dst>
    </src>
    <src id="5">
      <dst id="12">204997.6800</dst>
      <dst id="13">434.7822</dst>
      <dst id="19">24.2844</dst>
      <dst id="23">40.7111</dst>
      <dst id="8">510.0978</dst>
      <dst id="18">53.7956</dst>
      <dst id="4">3510.0800</dst>
      <dst id="1">149.0489</dst>
      <dst id="3">97.3244</dst>
      <dst id="22">5207.2444</dst>
      <dst id="7">513.9111</dst>
      <dst id="2">79719.9733</dst>
      <dst id="16">191.7600</dst>
      <dst id="14">0.4622</dst>
      <dst id="20">196.2844</dst>
      <dst id="11">572.1244</dst>
      <dst id="9">5315.8933</dst>
      <dst id="17">68000.9422</dst>
      <dst id="21">327.7778</dst>
      <dst id="15">1542.7289</dst>
    </src>
    <src id="3">
      <dst id="12">15927.1644</dst>
      <dst id="13">1231.0400</dst>
      <dst id="19">757.2622</dst>
      <dst id="23">0.4622</dst>
      <dst id="8">33.3067</dst>
      <dst id="18">52598.3911</dst>
      <dst id="4">18946.8267</dst>
      <dst id="1">7820.1689</dst>
      <dst id="5">555.4667</dst>
      <dst id="3">7688.0089</dst>
      <dst id="22">548.4089</dst>
      <dst id="7">2284.2489</dst>
      <dst id="2">2739.4756</dst>
      <dst id="6">0.5244</dst>
      <dst id="16">777.5556</dst>
      <dst id="14">17908.4533</dst>
      <dst id="20">23.4044</dst>
      <dst id="11">101105.8311</dst>
      <dst id="9">129.7244</dst>
      <dst id="17">11816.8978</dst>
      <dst id="21">3500.7911</dst>
      <dst id="15">55.3956</dst>
    </src>
    <src id="10">
      <dst id="12">6933.5378</dst>
      <dst id="19">1689.9556</dst>
      <dst id="8">912.6222</dst>
      <dst id="18">4059.9022</dst>
      <dst id="1">719.8667</dst>
      <dst id="5">615.4578</dst>
      <dst id="3">13905.2800</dst>
      <dst id="22">2243.8311</dst>
      <dst id="7">11598.9778</dst>
      <dst id="2">20394.7022</dst>
      <dst id="6">0.8711</dst>
      <dst id="16">4185.2267</dst>
      <dst id="14">287.6178</dst>
      <dst id="20">3097.3333</dst>
      <dst id="11">4219.5022</dst>
      <dst id="9">3111.2711</dst>
      <dst id="17">31280.9778</dst>
      <dst id="21">11668.0089</dst>
      <dst id="15">454.4356</dst>
    </src>
    <src id="22">
      <dst id="12">2390.6400</dst>
      <dst id="13">1881.1822</dst>
      <dst id="19">36.2044</dst>
      <dst id="23">7.2889</dst>
      <dst id="8">339.3067</dst>
      <dst id="18">1163.2356</dst>
      <dst id="4">19914.5244</dst>
      <dst id="1">56.3644</dst>
      <dst id="5">3569.8311</dst>
      <dst id="3">683.0578</dst>
      <dst id="7">501.5200</dst>
      <dst id="2">2564.2311</dst>
      <dst id="16">1.1022</dst>
      <dst id="14">3.7867</dst>
      <dst id="11">1916.6844</dst>
      <dst id="9">552.3378</dst>
      <dst id="17">2173.3689</dst>
      <dst id="21">402.9333</dst>
    </src>
    <src id="7">
      <dst id="12">2391.2444</dst>
      <dst id="13">85.3867</dst>
      <dst id="19">41.2267</dst>
      <dst id="23">22.2400</dst>
      <dst id="8">298.0889</dst>
      <dst id="18">174.6044</dst>
      <dst id="4">23950.8533</dst>
      <dst id="1">1818.7822</dst>
      <dst id="5">718.0978</dst>
      <dst id="3">141.5200</dst>
      <dst id="22">3026.1778</dst>
      <dst id="7">772.4089</dst>
      <dst id="2">3556.9422</dst>
      <dst id="6">2.5244</dst>
      <dst id="16">289.3867</dst>
      <dst id="14">39.7778</dst>
      <dst id="20">43.5644</dst>
      <dst id="11">862.4089</dst>
      <dst id="9">724.8178</dst>
      <dst id="17">2955.6711</dst>
      <dst id="21">1436.3378</dst>
      <dst id="15">322.4356</dst>
    </src>
    <src id="2">
      <dst id="12">57469.2978</dst>
      <dst id="13">2894.3022</dst>
      <dst id="19">8091.4933</dst>
      <dst id="8">1963.1911</dst>
      <dst id="18">45537.7422</dst>
      <dst id="4">82623.2622</dst>
      <dst id="1">1229.1911</dst>
      <dst id="5">532.7644</dst>
      <dst id="3">38.7378</dst>
      <dst id="22">1268.9778</dst>
      <dst id="7">6361.8222</dst>
      <dst id="2">1177.7156</dst>
      <dst id="6">4571.1200</dst>
      <dst id="16">3430.7289</dst>
      <dst id="14">5318.0622</dst>
      <dst id="20">83.9467</dst>
      <dst id="11">2691.6622</dst>
      <dst id="9">3090.8889</dst>
      <dst id="17">16641.2444</dst>
      <dst id="21">2376.7111</dst>
      <dst id="15">21.7422</dst>
    </src>
    <src id="6">
      <dst id="12">7764.9244</dst>
      <dst id="13">8.2133</dst>
      <dst id="19">2.6044</dst>
      <dst id="23">0.3378</dst>
      <dst id="8">0.4622</dst>
      <dst id="4">156.7733</dst>
      <dst id="1">0.7911</dst>
      <dst id="22">13.1556</dst>
      <dst id="7">0.7911</dst>
      <dst id="2">1410.6400</dst>
      <dst id="16">11.0222</dst>
      <dst id="17">1210.1600</dst>
      <dst id="21">0.9067</dst>
    </src>
    <src id="16">
      <dst id="12">3687.9289</dst>
      <dst id="13">377.6533</dst>
      <dst id="19">5637.6444</dst>
      <dst id="23">5.6356</dst>
      <dst id="8">846.7911</dst>
      <dst id="18">2.6044</dst>
      <dst id="4">5996.5511</dst>
      <dst id="1">19447.1556</dst>
      <dst id="5">1380.8711</dst>
      <dst id="3">0.5333</dst>
      <dst id="7">2098.0356</dst>
      <dst id="2">310.0533</dst>
      <dst id="6">13.7956</dst>
      <dst id="16">15.6978</dst>
      <dst id="14">136.0800</dst>
      <dst id="11">101.2267</dst>
      <dst id="9">3098.7644</dst>
      <dst id="17">1334.0444</dst>
      <dst id="21">286.7822</dst>
    </src>
    <src id="14">
      <dst id="12">12395.1378</dst>
      <dst id="13">30.1778</dst>
      <dst id="19">2.2400</dst>
      <dst id="18">15.5911</dst>
      <dst id="4">4925.6356</dst>
      <dst id="1">23.7689</dst>
      <dst id="5">0.9600</dst>
      <dst id="3">39.1378</dst>
      <dst id="22">1.1644</dst>
      <dst id="7">72.0533</dst>
      <dst id="2">4987.0044</dst>
      <dst id="16">68.8356</dst>
      <dst id="14">91.6000</dst>
      <dst id="11">42.6044</dst>
      <dst id="9">3.0133</dst>
      <dst id="17">4371.5556</dst>
      <dst id="21">39.3244</dst>
    </src>
    <src id="20">
      <dst id="12">3434.9600</dst>
      <dst id="13">1070.7200</dst>
      <dst id="19">13.5556</dst>
      <dst id="23">133.6889</dst>
      <dst id="8">484.7822</dst>
      <dst id="18">67.6000</dst>
      <dst id="4">11559.2533</dst>
      <dst id="1">76.3378</dst>
      <dst id="5">568.4889</dst>
      <dst id="3">196.5156</dst>
      <dst id="7">167.6622</dst>
      <dst id="2">2091.9378</dst>
      <dst id="14">1.0133</dst>
      <dst id="11">194.1244</dst>
      <dst id="9">1529.0933</dst>
      <dst id="17">585.8311</dst>
      <dst id="21">446.2400</dst>
    </src>
    <src id="11">
      <dst id="12">364690.4533</dst>
      <dst id="13">903.9467</dst>
      <dst id="19">7.2533</dst>
      <dst id="23">0.7111</dst>
      <dst id="8">332.1156</dst>
      <dst id="18">309.3244</dst>
      <dst id="4">17145.3067</dst>
      <dst id="1">604.3733</dst>
      <dst id="5">795.7244</dst>
      <dst id="3">262.5956</dst>
      <dst id="22">1738.1689</dst>
      <dst id="7">269.5022</dst>
      <dst id="2">141494.7644</dst>
      <dst id="16">559.2267</dst>
      <dst id="14">27.0133</dst>
      <dst id="20">56.4178</dst>
      <dst id="11">1000.8000</dst>
      <dst id="9">1113.4133</dst>
      <dst id="17">128998.9600</dst>
      <dst id="21">519.1378</dst>
      <dst id="15">404.8089</dst>
    </src>
    <src id="9">
      <dst id="12">382822.6222</dst>
      <dst id="13">1393.2178</dst>
      <dst id="19">9.5822</dst>
      <dst id="23">18.9867</dst>
      <dst id="8">93.9022</dst>
      <dst id="18">189.6089</dst>
      <dst id="4">12848.4978</dst>
      <dst id="1">299.2356</dst>
      <dst id="5">2408.3467</dst>
      <dst id="3">6.2933</dst>
      <dst id="22">2232.2133</dst>
      <dst id="7">401.9822</dst>
      <dst id="2">122155.6711</dst>
      <dst id="16">146.2578</dst>
      <dst id="20">1506.4267</dst>
      <dst id="11">497.9644</dst>
      <dst id="9">1213.0489</dst>
      <dst id="17">154371.0578</dst>
      <dst id="21">302.5244</dst>
      <dst id="15">215.7600</dst>
    </src>
    <src id="17">
      <dst id="12">2488.5156</dst>
      <dst id="13">24547.5467</dst>
      <dst id="19">121.6711</dst>
      <dst id="23">10.3289</dst>
      <dst id="8">83771.5911</dst>
      <dst id="18">3135.7156</dst>
      <dst id="4">36844.5956</dst>
      <dst id="1">3009.8844</dst>
      <dst id="5">134585.3778</dst>
      <dst id="3">9049.2533</dst>
      <dst id="22">4958.5333</dst>
      <dst id="7">4008.9689</dst>
      <dst id="2">10846.2667</dst>
      <dst id="6">38.3200</dst>
      <dst id="16">10384.3200</dst>
      <dst id="14">12371.4756</dst>
      <dst id="20">206.9600</dst>
      <dst id="11">81649.9200</dst>
      <dst id="9">132440.2844</dst>
      <dst id="17">939.2267</dst>
      <dst id="21">4011.7333</dst>
      <dst id="15">1537.1733</dst>
    </src>
    <src id="21">
      <dst id="12">16711.4667</dst>
      <dst id="13">330.7733</dst>
      <dst id="19">26.9422</dst>
      <dst id="23">6.6667</dst>
      <dst id="8">525.2356</dst>
      <dst id="18">239.9644</dst>
      <dst id="4">18248.7733</dst>
      <dst id="1">3444.8622</dst>
      <dst id="5">552.8356</dst>
      <dst id="3">772.1867</dst>
      <dst id="22">567.6622</dst>
      <dst id="7">2945.4844</dst>
      <dst id="2">6765.3333</dst>
      <dst id="16">157.1022</dst>
      <dst id="14">78.9867</dst>
      <dst id="20">97.2978</dst>
      <dst id="11">498.1067</dst>
      <dst id="9">302.0444</dst>
      <dst id="17">2499.6978</dst>
      <dst id="21">1094.3111</dst>
      <dst id="15">33.7422</dst>
    </src>
    <src id="15">
      <dst id="12">1289.2356</dst>
      <dst id="13">144.1867</dst>
      <dst id="19">0.4622</dst>
      <dst id="23">0.8000</dst>
      <dst id="8">34.1511</dst>
      <dst id="18">1.8667</dst>
      <dst id="4">3220.9956</dst>
      <dst id="1">1002.6044</dst>
      <dst id="5">510.9511</dst>
      <dst id="3">13.0756</dst>
      <dst id="7">6.6133</dst>
      <dst id="2">99.1556</dst>
      <dst id="11">77.9111</dst>
      <dst id="9">434.9956</dst>
      <dst id="17">132.2489</dst>
      <dst id="21">189.0044</dst>
    </src>
  </IntraTM>
</TrafficMatrixFile>
