<?xml version="1.0" encoding="UTF-8" standalone="yes"?>
<TrafficMatrixFile xmlns:xsi="http://www.w3.org/2001/XMLSchema-instance" xsi:noNamespaceSchemaLocation="http://totem.run.montefiore.ulg.ac.be/Schema/TrafficMatrix-v1_2.xsd">
  <info>
    <title>Intradomain traffic matrix generated by geant-TM-all.pl</title>
    <date>2005-01-03T18:15:00</date>
    <duration>900</duration>
    <author>Steve Uhlig</author>
    <units>
        <unit type="bandwidth" value="kbps"/>
    </units>
  </info>
  <IntraTM ASID="20965">
    <src id="12">
      <dst id="12">228491.2267</dst>
      <dst id="13">31533.7511</dst>
      <dst id="19">2112.9778</dst>
      <dst id="23">41.6800</dst>
      <dst id="8">11576.5511</dst>
      <dst id="18">542.7200</dst>
      <dst id="4">72448.9600</dst>
      <dst id="1">6958.3644</dst>
      <dst id="5">3250.7467</dst>
      <dst id="3">2942.8000</dst>
      <dst id="22">10761.4844</dst>
      <dst id="7">1348.4978</dst>
      <dst id="2">68480.9600</dst>
      <dst id="6">7.3600</dst>
      <dst id="16">5269.8756</dst>
      <dst id="14">127.3689</dst>
      <dst id="20">2887.4311</dst>
      <dst id="11">3476.7644</dst>
      <dst id="9">10796.5511</dst>
      <dst id="17">77350.5067</dst>
      <dst id="21">2206.7644</dst>
      <dst id="15">2115.6356</dst>
    </src>
    <src id="13">
      <dst id="12">39466.3200</dst>
      <dst id="19">10569.4578</dst>
      <dst id="23">76.9156</dst>
      <dst id="8">2842.4178</dst>
      <dst id="18">1001.3600</dst>
      <dst id="1">1782.4800</dst>
      <dst id="5">9475.7244</dst>
      <dst id="3">9961.3689</dst>
      <dst id="22">12247.7778</dst>
      <dst id="7">9666.6133</dst>
      <dst id="2">56585.9733</dst>
      <dst id="6">234.2222</dst>
      <dst id="16">35525.6267</dst>
      <dst id="14">1733.8400</dst>
      <dst id="20">3590.1067</dst>
      <dst id="11">9018.3022</dst>
      <dst id="9">7458.7733</dst>
      <dst id="17">46280.2489</dst>
      <dst id="21">5833.0667</dst>
      <dst id="15">1916.3733</dst>
    </src>
    <src id="19">
      <dst id="12">15417.0578</dst>
      <dst id="13">260.0444</dst>
      <dst id="23">5.0489</dst>
      <dst id="8">1.3333</dst>
      <dst id="18">274.1511</dst>
      <dst id="4">19874.1511</dst>
      <dst id="1">572.1156</dst>
      <dst id="5">0.8889</dst>
      <dst id="3">13.6889</dst>
      <dst id="22">113.0933</dst>
      <dst id="7">3868.4533</dst>
      <dst id="2">113.6889</dst>
      <dst id="6">51.2089</dst>
      <dst id="16">7761.3244</dst>
      <dst id="14">2.1422</dst>
      <dst id="20">28.9422</dst>
      <dst id="11">28.5067</dst>
      <dst id="9">59.3422</dst>
      <dst id="17">504.9156</dst>
      <dst id="21">938.7644</dst>
      <dst id="15">2.3111</dst>
    </src>
    <src id="23">
      <dst id="12">199.2711</dst>
      <dst id="13">145.4133</dst>
      <dst id="8">37.8667</dst>
      <dst id="4">5.8044</dst>
      <dst id="1">51.4311</dst>
      <dst id="5">12.6222</dst>
      <dst id="3">232.7556</dst>
      <dst id="22">183.9644</dst>
      <dst id="7">18.0533</dst>
      <dst id="2">15.9733</dst>
      <dst id="6">1.4933</dst>
      <dst id="16">392.7733</dst>
      <dst id="20">1.0756</dst>
      <dst id="11">27.6356</dst>
      <dst id="9">388.5244</dst>
      <dst id="17">243.2178</dst>
      <dst id="21">54.7556</dst>
    </src>
    <src id="8">
      <dst id="12">273788.0000</dst>
      <dst id="13">488.3556</dst>
      <dst id="19">3.5022</dst>
      <dst id="18">50.9778</dst>
      <dst id="4">7089.4400</dst>
      <dst id="1">34.9333</dst>
      <dst id="5">2571.9822</dst>
      <dst id="22">1393.0578</dst>
      <dst id="7">149.0044</dst>
      <dst id="2">102237.2622</dst>
      <dst id="16">2213.8489</dst>
      <dst id="14">0.6933</dst>
      <dst id="20">92.2489</dst>
      <dst id="11">380.5867</dst>
      <dst id="9">467.4222</dst>
      <dst id="17">101364.0800</dst>
      <dst id="21">96.2400</dst>
      <dst id="15">124.0889</dst>
    </src>
    <src id="18">
      <dst id="12">102608.2578</dst>
      <dst id="13">143.0756</dst>
      <dst id="19">22.0089</dst>
      <dst id="23">0.8622</dst>
      <dst id="8">11.2711</dst>
      <dst id="4">624.1689</dst>
      <dst id="1">1369.0222</dst>
      <dst id="5">256.7200</dst>
      <dst id="3">49.4844</dst>
      <dst id="22">148.8089</dst>
      <dst id="7">15.1467</dst>
      <dst id="2">27408.7289</dst>
      <dst id="16">30.0089</dst>
      <dst id="14">54.0444</dst>
      <dst id="20">36.5600</dst>
      <dst id="11">25.4400</dst>
      <dst id="9">80.8444</dst>
      <dst id="17">31981.2533</dst>
      <dst id="21">227.7422</dst>
      <dst id="15">0.9956</dst>
    </src>
    <src id="4">
      <dst id="12">14166.3911</dst>
      <dst id="19">14737.8844</dst>
      <dst id="8">1429.9200</dst>
      <dst id="18">881.6711</dst>
      <dst id="4">1.1378</dst>
      <dst id="1">13994.3200</dst>
      <dst id="5">1206.4889</dst>
      <dst id="3">701.8489</dst>
      <dst id="22">7029.2533</dst>
      <dst id="7">135590.8178</dst>
      <dst id="2">74545.1200</dst>
      <dst id="6">50.6311</dst>
      <dst id="16">1846.7733</dst>
      <dst id="14">1519.2533</dst>
      <dst id="20">590.4178</dst>
      <dst id="11">3175.3511</dst>
      <dst id="9">4881.5822</dst>
      <dst id="17">95231.8044</dst>
      <dst id="21">6209.7067</dst>
      <dst id="15">258.9778</dst>
    </src>
    <src id="1">
      <dst id="12">15678.8444</dst>
      <dst id="13">678.2133</dst>
      <dst id="19">42.0356</dst>
      <dst id="23">22.3556</dst>
      <dst id="8">96103.0311</dst>
      <dst id="18">14383.0756</dst>
      <dst id="4">3844.9244</dst>
      <dst id="1">47028.8089</dst>
      <dst id="5">192676.2667</dst>
      <dst id="3">206.9867</dst>
      <dst id="22">2254.5422</dst>
      <dst id="7">2314.9244</dst>
      <dst id="2">1630.0711</dst>
      <dst id="6">11319.8222</dst>
      <dst id="16">13146.6133</dst>
      <dst id="14">92.5511</dst>
      <dst id="20">135.9733</dst>
      <dst id="11">1428.9956</dst>
      <dst id="9">218442.8533</dst>
      <dst id="17">1903.7333</dst>
      <dst id="21">3385.9378</dst>
      <dst id="15">169.2444</dst>
    </src>
    <src id="5">
      <dst id="12">260690.7556</dst>
      <dst id="13">876.2133</dst>
      <dst id="19">1.1556</dst>
      <dst id="23">0.4622</dst>
      <dst id="8">8570.0978</dst>
      <dst id="18">98.1600</dst>
      <dst id="4">7246.9511</dst>
      <dst id="1">195.8933</dst>
      <dst id="3">64.3200</dst>
      <dst id="22">2537.3422</dst>
      <dst id="7">1794.7911</dst>
      <dst id="2">105449.1111</dst>
      <dst id="6">4.7022</dst>
      <dst id="16">573.2622</dst>
      <dst id="14">14.7556</dst>
      <dst id="20">552.1689</dst>
      <dst id="11">4124.8089</dst>
      <dst id="9">1119.6889</dst>
      <dst id="17">98398.4978</dst>
      <dst id="21">234.6222</dst>
      <dst id="15">87.9467</dst>
    </src>
    <src id="3">
      <dst id="12">8313.2444</dst>
      <dst id="13">1488.2578</dst>
      <dst id="19">1985.3156</dst>
      <dst id="23">8871.0667</dst>
      <dst id="8">29.1733</dst>
      <dst id="18">57262.9689</dst>
      <dst id="4">14660.6133</dst>
      <dst id="1">15058.7911</dst>
      <dst id="5">183.0133</dst>
      <dst id="3">13151.7333</dst>
      <dst id="22">449.6711</dst>
      <dst id="7">1796.4800</dst>
      <dst id="2">11870.8089</dst>
      <dst id="6">1.3600</dst>
      <dst id="16">2044.8356</dst>
      <dst id="14">26345.9200</dst>
      <dst id="20">47.5733</dst>
      <dst id="11">119179.9733</dst>
      <dst id="9">296.2044</dst>
      <dst id="17">10577.3600</dst>
      <dst id="21">11308.5778</dst>
      <dst id="15">41.8933</dst>
    </src>
    <src id="10">
      <dst id="12">13998.5689</dst>
      <dst id="19">482.7644</dst>
      <dst id="8">1099.8578</dst>
      <dst id="18">1413.3689</dst>
      <dst id="1">1809.6800</dst>
      <dst id="5">770.9778</dst>
      <dst id="3">6784.1600</dst>
      <dst id="22">6244.6489</dst>
      <dst id="7">48180.5689</dst>
      <dst id="2">24688.6133</dst>
      <dst id="6">91.1200</dst>
      <dst id="16">693.8844</dst>
      <dst id="14">841.8400</dst>
      <dst id="20">3057.9289</dst>
      <dst id="11">6053.4756</dst>
      <dst id="9">4151.8311</dst>
      <dst id="17">20009.6356</dst>
      <dst id="21">7791.1111</dst>
      <dst id="15">166.0356</dst>
    </src>
    <src id="22">
      <dst id="12">3939.0578</dst>
      <dst id="13">2222.8533</dst>
      <dst id="19">358.2667</dst>
      <dst id="23">13.7244</dst>
      <dst id="8">619.6356</dst>
      <dst id="18">102.0267</dst>
      <dst id="4">17582.6311</dst>
      <dst id="1">376.6133</dst>
      <dst id="5">8428.5156</dst>
      <dst id="3">2127.3778</dst>
      <dst id="7">2823.4667</dst>
      <dst id="2">1114.2489</dst>
      <dst id="6">45.7067</dst>
      <dst id="16">13.3333</dst>
      <dst id="14">94.8356</dst>
      <dst id="11">3361.4311</dst>
      <dst id="9">11142.8711</dst>
      <dst id="17">3982.0444</dst>
      <dst id="21">1129.6089</dst>
    </src>
    <src id="7">
      <dst id="12">1699.0311</dst>
      <dst id="13">118.1689</dst>
      <dst id="19">223.7600</dst>
      <dst id="23">15.9822</dst>
      <dst id="8">4410.6311</dst>
      <dst id="18">124.8622</dst>
      <dst id="4">24698.2756</dst>
      <dst id="1">1875.5111</dst>
      <dst id="5">727.1378</dst>
      <dst id="3">407.3244</dst>
      <dst id="22">4193.4578</dst>
      <dst id="7">868.8711</dst>
      <dst id="2">2721.4133</dst>
      <dst id="6">30.2667</dst>
      <dst id="16">166.2489</dst>
      <dst id="14">70.6400</dst>
      <dst id="20">3821.9289</dst>
      <dst id="11">2594.8711</dst>
      <dst id="9">1137.8311</dst>
      <dst id="17">4098.3467</dst>
      <dst id="21">2538.8089</dst>
      <dst id="15">137.0222</dst>
    </src>
    <src id="2">
      <dst id="12">103928.6311</dst>
      <dst id="13">516116.0000</dst>
      <dst id="19">297.8311</dst>
      <dst id="8">405.4044</dst>
      <dst id="18">49368.1244</dst>
      <dst id="4">59799.4844</dst>
      <dst id="1">16181.2711</dst>
      <dst id="5">684.9600</dst>
      <dst id="3">94.8089</dst>
      <dst id="22">799.3422</dst>
      <dst id="7">1882.5244</dst>
      <dst id="2">662.8089</dst>
      <dst id="6">11063.7956</dst>
      <dst id="16">4100.5156</dst>
      <dst id="14">5705.7600</dst>
      <dst id="20">1009.1911</dst>
      <dst id="11">7371.4311</dst>
      <dst id="9">556.4978</dst>
      <dst id="17">19171.3511</dst>
      <dst id="21">1172.2489</dst>
      <dst id="15">4.0089</dst>
    </src>
    <src id="6">
      <dst id="12">10914.7733</dst>
      <dst id="13">10.5422</dst>
      <dst id="19">6.6844</dst>
      <dst id="23">1.1378</dst>
      <dst id="8">1.5644</dst>
      <dst id="18">1.8667</dst>
      <dst id="4">1274.7111</dst>
      <dst id="1">4.4444</dst>
      <dst id="5">0.4533</dst>
      <dst id="22">35.8489</dst>
      <dst id="7">3.5556</dst>
      <dst id="2">2214.3556</dst>
      <dst id="16">37.9022</dst>
      <dst id="14">0.3556</dst>
      <dst id="20">12.6222</dst>
      <dst id="11">26.5156</dst>
      <dst id="9">0.4978</dst>
      <dst id="17">1643.7244</dst>
      <dst id="21">3.3778</dst>
      <dst id="15">0.3378</dst>
    </src>
    <src id="16">
      <dst id="12">5850.6667</dst>
      <dst id="13">570.1067</dst>
      <dst id="19">5122.8711</dst>
      <dst id="23">18.5333</dst>
      <dst id="8">4469.1822</dst>
      <dst id="18">5.9378</dst>
      <dst id="4">3987.2978</dst>
      <dst id="1">26626.1778</dst>
      <dst id="5">4178.0711</dst>
      <dst id="3">81.0667</dst>
      <dst id="7">2134.5689</dst>
      <dst id="2">250.3644</dst>
      <dst id="16">44.0533</dst>
      <dst id="11">599.8578</dst>
      <dst id="9">5523.9556</dst>
      <dst id="17">519.0933</dst>
      <dst id="21">3065.6622</dst>
    </src>
    <src id="14">
      <dst id="12">16281.8578</dst>
      <dst id="13">48.1778</dst>
      <dst id="19">5.4311</dst>
      <dst id="23">0.7378</dst>
      <dst id="18">54.4000</dst>
      <dst id="4">13493.6889</dst>
      <dst id="1">49.4667</dst>
      <dst id="5">43.2978</dst>
      <dst id="3">27.9644</dst>
      <dst id="22">42.6667</dst>
      <dst id="7">66.5244</dst>
      <dst id="2">4323.5289</dst>
      <dst id="16">1.3689</dst>
      <dst id="11">15.1822</dst>
      <dst id="17">5096.8356</dst>
      <dst id="21">47.7600</dst>
      <dst id="15">0.4267</dst>
    </src>
    <src id="20">
      <dst id="12">4154.2489</dst>
      <dst id="13">293.3778</dst>
      <dst id="19">33.2978</dst>
      <dst id="8">65.0844</dst>
      <dst id="18">1.7956</dst>
      <dst id="4">18940.2311</dst>
      <dst id="1">53.6444</dst>
      <dst id="5">202.0178</dst>
      <dst id="3">1529.9556</dst>
      <dst id="7">298.4000</dst>
      <dst id="2">14962.9333</dst>
      <dst id="6">0.3556</dst>
      <dst id="14">0.3556</dst>
      <dst id="11">3396.5689</dst>
      <dst id="9">230.9511</dst>
      <dst id="17">1405.9556</dst>
      <dst id="21">755.0489</dst>
    </src>
    <src id="11">
      <dst id="12">325138.4089</dst>
      <dst id="13">499.9733</dst>
      <dst id="19">25.6444</dst>
      <dst id="23">3.3244</dst>
      <dst id="8">2164.8089</dst>
      <dst id="18">6.6222</dst>
      <dst id="4">6013.3244</dst>
      <dst id="1">488.6489</dst>
      <dst id="5">851.6444</dst>
      <dst id="3">2495.1822</dst>
      <dst id="22">5377.1733</dst>
      <dst id="7">369.6444</dst>
      <dst id="2">134832.5689</dst>
      <dst id="6">40.6044</dst>
      <dst id="16">330.5867</dst>
      <dst id="14">57.8667</dst>
      <dst id="20">766.8533</dst>
      <dst id="11">932.8444</dst>
      <dst id="9">1431.7156</dst>
      <dst id="17">122049.6000</dst>
      <dst id="21">562.7911</dst>
      <dst id="15">680.9956</dst>
    </src>
    <src id="9">
      <dst id="12">379253.2356</dst>
      <dst id="13">2184.0356</dst>
      <dst id="19">60.5600</dst>
      <dst id="23">17.0667</dst>
      <dst id="8">2196.2400</dst>
      <dst id="18">91.8400</dst>
      <dst id="4">9979.6800</dst>
      <dst id="1">788.3733</dst>
      <dst id="5">731.3778</dst>
      <dst id="3">150.9422</dst>
      <dst id="22">3293.0756</dst>
      <dst id="7">419.6889</dst>
      <dst id="2">135327.4311</dst>
      <dst id="6">0.7822</dst>
      <dst id="16">715.7244</dst>
      <dst id="14">1.2356</dst>
      <dst id="20">583.9022</dst>
      <dst id="11">776.4622</dst>
      <dst id="9">1807.8133</dst>
      <dst id="17">153308.0622</dst>
      <dst id="21">392.1778</dst>
      <dst id="15">3405.9467</dst>
    </src>
    <src id="17">
      <dst id="12">10490.9067</dst>
      <dst id="13">2927.2000</dst>
      <dst id="19">689.4933</dst>
      <dst id="23">33.2711</dst>
      <dst id="8">119275.9644</dst>
      <dst id="18">116.5778</dst>
      <dst id="4">53103.8933</dst>
      <dst id="1">1044.4889</dst>
      <dst id="5">167397.2267</dst>
      <dst id="3">5195.3244</dst>
      <dst id="22">4794.1689</dst>
      <dst id="7">819.9733</dst>
      <dst id="2">18739.0311</dst>
      <dst id="6">147.7067</dst>
      <dst id="16">4246.1867</dst>
      <dst id="14">26677.5022</dst>
      <dst id="20">271.8933</dst>
      <dst id="11">90380.6133</dst>
      <dst id="9">202250.9511</dst>
      <dst id="17">1879.2622</dst>
      <dst id="21">12572.5600</dst>
      <dst id="15">40.5333</dst>
    </src>
    <src id="21">
      <dst id="12">16557.1644</dst>
      <dst id="13">467.4489</dst>
      <dst id="19">250.4622</dst>
      <dst id="23">7.2978</dst>
      <dst id="8">170.2400</dst>
      <dst id="18">2838.2489</dst>
      <dst id="4">16138.9956</dst>
      <dst id="1">1007.2889</dst>
      <dst id="5">954.4978</dst>
      <dst id="3">2265.9022</dst>
      <dst id="22">1805.3156</dst>
      <dst id="7">1962.4444</dst>
      <dst id="2">6603.6711</dst>
      <dst id="6">0.8178</dst>
      <dst id="16">340.4089</dst>
      <dst id="14">49.1200</dst>
      <dst id="20">195.7333</dst>
      <dst id="11">541.7244</dst>
      <dst id="9">881.3600</dst>
      <dst id="17">4065.4044</dst>
      <dst id="21">741.2000</dst>
      <dst id="15">8.7111</dst>
    </src>
    <src id="15">
      <dst id="12">1681.6000</dst>
      <dst id="13">200.6400</dst>
      <dst id="19">144.1067</dst>
      <dst id="23">32.3200</dst>
      <dst id="8">15.5378</dst>
      <dst id="18">7.7067</dst>
      <dst id="4">8658.1511</dst>
      <dst id="1">704.0800</dst>
      <dst id="5">294.3556</dst>
      <dst id="3">35.0933</dst>
      <dst id="7">215.8222</dst>
      <dst id="2">472.2844</dst>
      <dst id="14">39.5022</dst>
      <dst id="11">41.4222</dst>
      <dst id="9">1115.5733</dst>
      <dst id="17">884.5778</dst>
      <dst id="21">382.0622</dst>
    </src>
  </IntraTM>
</TrafficMatrixFile>
