<?xml version="1.0" encoding="UTF-8" standalone="yes"?>
<TrafficMatrixFile xmlns:xsi="http://www.w3.org/2001/XMLSchema-instance" xsi:noNamespaceSchemaLocation="http://totem.run.montefiore.ulg.ac.be/Schema/TrafficMatrix-v1_2.xsd">
  <info>
    <title>Intradomain traffic matrix generated by geant-TM-all.pl</title>
    <date>2005-01-02T04:30:00</date>
    <duration>900</duration>
    <author>Steve Uhlig</author>
    <units>
        <unit type="bandwidth" value="kbps"/>
    </units>
  </info>
  <IntraTM ASID="20965">
    <src id="12">
      <dst id="12">294679.9111</dst>
      <dst id="13">13281.6622</dst>
      <dst id="19">5950.8000</dst>
      <dst id="23">177.2889</dst>
      <dst id="8">5075.1733</dst>
      <dst id="18">3806.3111</dst>
      <dst id="4">153467.3600</dst>
      <dst id="1">10071.8400</dst>
      <dst id="5">13641.8578</dst>
      <dst id="3">2156.6400</dst>
      <dst id="22">11601.5378</dst>
      <dst id="7">1987.6267</dst>
      <dst id="2">95917.0844</dst>
      <dst id="6">5.0756</dst>
      <dst id="16">5844.8000</dst>
      <dst id="14">458.4444</dst>
      <dst id="20">2917.6711</dst>
      <dst id="11">3767.4133</dst>
      <dst id="9">18925.7244</dst>
      <dst id="17">74821.5289</dst>
      <dst id="21">20228.7733</dst>
      <dst id="15">5222.2133</dst>
    </src>
    <src id="13">
      <dst id="12">172795.0578</dst>
      <dst id="19">15854.3200</dst>
      <dst id="23">260.7556</dst>
      <dst id="8">3060.3289</dst>
      <dst id="18">5701.2978</dst>
      <dst id="1">4337.8578</dst>
      <dst id="5">23870.5244</dst>
      <dst id="3">11831.6089</dst>
      <dst id="22">21533.1911</dst>
      <dst id="7">13040.0444</dst>
      <dst id="2">149048.0356</dst>
      <dst id="6">21.7956</dst>
      <dst id="16">11795.6889</dst>
      <dst id="14">1988.2933</dst>
      <dst id="20">18492.3200</dst>
      <dst id="11">11589.9378</dst>
      <dst id="9">17547.4844</dst>
      <dst id="17">76479.1467</dst>
      <dst id="21">22875.7956</dst>
      <dst id="15">3288.7822</dst>
    </src>
    <src id="19">
      <dst id="12">16783.1200</dst>
      <dst id="13">4380.5511</dst>
      <dst id="23">14.1511</dst>
      <dst id="8">31.3067</dst>
      <dst id="18">36.8178</dst>
      <dst id="4">25052.9867</dst>
      <dst id="1">2129.0489</dst>
      <dst id="5">121.9289</dst>
      <dst id="22">826.2133</dst>
      <dst id="7">4047.1822</dst>
      <dst id="2">1069.4844</dst>
      <dst id="6">68.0356</dst>
      <dst id="16">7956.4622</dst>
      <dst id="20">85.8044</dst>
      <dst id="11">146.3911</dst>
      <dst id="9">443.9378</dst>
      <dst id="17">2349.0844</dst>
      <dst id="21">587.1022</dst>
      <dst id="15">3.3422</dst>
    </src>
    <src id="23">
      <dst id="12">524.6489</dst>
      <dst id="13">175.4933</dst>
      <dst id="19">41.1378</dst>
      <dst id="8">70.8978</dst>
      <dst id="18">63.9644</dst>
      <dst id="4">346.5511</dst>
      <dst id="1">120.8178</dst>
      <dst id="5">402.5600</dst>
      <dst id="3">364.2400</dst>
      <dst id="22">188.2667</dst>
      <dst id="7">188.3111</dst>
      <dst id="2">2799.5733</dst>
      <dst id="16">10.6489</dst>
      <dst id="14">1.5111</dst>
      <dst id="20">1415.8667</dst>
      <dst id="11">29.8933</dst>
      <dst id="9">286.0000</dst>
      <dst id="17">400.2667</dst>
      <dst id="21">682.0711</dst>
      <dst id="15">0.3378</dst>
    </src>
    <src id="8">
      <dst id="12">291867.0844</dst>
      <dst id="13">4402.5333</dst>
      <dst id="19">121.0222</dst>
      <dst id="23">104.1778</dst>
      <dst id="18">224.5333</dst>
      <dst id="4">5891.0133</dst>
      <dst id="1">491.9289</dst>
      <dst id="5">2446.2400</dst>
      <dst id="3">0.8356</dst>
      <dst id="22">1201.8311</dst>
      <dst id="7">19.1289</dst>
      <dst id="2">127550.0533</dst>
      <dst id="16">540.3556</dst>
      <dst id="14">51.3156</dst>
      <dst id="20">279.0400</dst>
      <dst id="11">551.0578</dst>
      <dst id="9">2189.7511</dst>
      <dst id="17">116554.3556</dst>
      <dst id="21">1033.8578</dst>
      <dst id="15">330.1333</dst>
    </src>
    <src id="18">
      <dst id="12">102154.3644</dst>
      <dst id="13">188.3378</dst>
      <dst id="19">709.4667</dst>
      <dst id="23">15.6089</dst>
      <dst id="8">305.7778</dst>
      <dst id="4">2291.9289</dst>
      <dst id="1">1039.4844</dst>
      <dst id="5">274.0889</dst>
      <dst id="3">46.1600</dst>
      <dst id="22">441.8844</dst>
      <dst id="7">55.0311</dst>
      <dst id="2">36129.7511</dst>
      <dst id="16">12.1333</dst>
      <dst id="14">1.0667</dst>
      <dst id="20">105.2267</dst>
      <dst id="11">408.0622</dst>
      <dst id="9">233.4311</dst>
      <dst id="17">43322.2667</dst>
      <dst id="21">1408.1689</dst>
      <dst id="15">41.3511</dst>
    </src>
    <src id="4">
      <dst id="12">18092.5156</dst>
      <dst id="19">6530.1867</dst>
      <dst id="23">7.3600</dst>
      <dst id="8">2301.1200</dst>
      <dst id="18">2732.8978</dst>
      <dst id="4">1.5200</dst>
      <dst id="1">14408.1778</dst>
      <dst id="5">2899.4044</dst>
      <dst id="3">348.5956</dst>
      <dst id="22">6342.2933</dst>
      <dst id="7">54869.2711</dst>
      <dst id="2">57299.4311</dst>
      <dst id="6">13.6178</dst>
      <dst id="16">4392.4444</dst>
      <dst id="14">4133.6089</dst>
      <dst id="20">4034.4800</dst>
      <dst id="11">15940.2667</dst>
      <dst id="9">4314.5689</dst>
      <dst id="17">26881.9467</dst>
      <dst id="21">9003.4044</dst>
      <dst id="15">727.7956</dst>
    </src>
    <src id="1">
      <dst id="12">19430.6133</dst>
      <dst id="13">1430.4444</dst>
      <dst id="19">104.6311</dst>
      <dst id="23">3966.3822</dst>
      <dst id="8">163531.9733</dst>
      <dst id="18">17266.3111</dst>
      <dst id="4">29944.1956</dst>
      <dst id="1">23111.4578</dst>
      <dst id="5">265913.1022</dst>
      <dst id="3">25.5644</dst>
      <dst id="22">4210.2933</dst>
      <dst id="7">2066.1511</dst>
      <dst id="2">4013.4667</dst>
      <dst id="6">8628.8089</dst>
      <dst id="16">13369.6978</dst>
      <dst id="14">124.8089</dst>
      <dst id="20">1295.3333</dst>
      <dst id="11">157.7511</dst>
      <dst id="9">244276.3111</dst>
      <dst id="17">21811.1911</dst>
      <dst id="21">4050.3556</dst>
      <dst id="15">13569.1200</dst>
    </src>
    <src id="5">
      <dst id="12">349407.6711</dst>
      <dst id="13">1335.9200</dst>
      <dst id="19">50.9244</dst>
      <dst id="23">15.4667</dst>
      <dst id="8">843.7511</dst>
      <dst id="18">181.5111</dst>
      <dst id="4">5935.3156</dst>
      <dst id="1">374.5422</dst>
      <dst id="3">110.6044</dst>
      <dst id="22">10180.2222</dst>
      <dst id="7">360.4089</dst>
      <dst id="2">154926.5422</dst>
      <dst id="16">1438.3467</dst>
      <dst id="14">63.0667</dst>
      <dst id="20">2140.9689</dst>
      <dst id="11">4017.4400</dst>
      <dst id="9">9754.4711</dst>
      <dst id="17">124556.5511</dst>
      <dst id="21">638.0711</dst>
      <dst id="15">216.2133</dst>
    </src>
    <src id="3">
      <dst id="12">10911.1556</dst>
      <dst id="13">2274.6933</dst>
      <dst id="19">1959.2444</dst>
      <dst id="23">31.5022</dst>
      <dst id="8">122.4267</dst>
      <dst id="18">114211.3333</dst>
      <dst id="4">56257.1556</dst>
      <dst id="1">5271.6000</dst>
      <dst id="5">888.4089</dst>
      <dst id="3">14626.6667</dst>
      <dst id="22">3170.5156</dst>
      <dst id="7">6186.0356</dst>
      <dst id="2">3992.1778</dst>
      <dst id="6">3.0311</dst>
      <dst id="16">2283.4222</dst>
      <dst id="14">37849.8578</dst>
      <dst id="20">169.2178</dst>
      <dst id="11">173459.7778</dst>
      <dst id="9">365.2533</dst>
      <dst id="17">11039.4933</dst>
      <dst id="21">6040.5244</dst>
      <dst id="15">71.1733</dst>
    </src>
    <src id="10">
      <dst id="12">14778.2667</dst>
      <dst id="19">1060.5956</dst>
      <dst id="8">1148.5067</dst>
      <dst id="18">2326.9244</dst>
      <dst id="1">1710.7911</dst>
      <dst id="5">1520.7911</dst>
      <dst id="3">9476.3289</dst>
      <dst id="22">6063.4133</dst>
      <dst id="7">15637.2800</dst>
      <dst id="2">33157.4400</dst>
      <dst id="6">5.5200</dst>
      <dst id="16">2594.3911</dst>
      <dst id="14">2765.2089</dst>
      <dst id="20">1013.9556</dst>
      <dst id="11">2295.2711</dst>
      <dst id="9">1836.6578</dst>
      <dst id="17">12843.6356</dst>
      <dst id="21">22850.6489</dst>
      <dst id="15">2419.1556</dst>
    </src>
    <src id="22">
      <dst id="12">12912.6222</dst>
      <dst id="13">4492.7378</dst>
      <dst id="19">209.8133</dst>
      <dst id="23">473.0844</dst>
      <dst id="8">2974.6044</dst>
      <dst id="18">3759.4933</dst>
      <dst id="4">18197.8311</dst>
      <dst id="1">2008.3289</dst>
      <dst id="5">6267.5467</dst>
      <dst id="3">538.1867</dst>
      <dst id="7">814.5244</dst>
      <dst id="2">7757.7244</dst>
      <dst id="6">36.5156</dst>
      <dst id="16">0.4089</dst>
      <dst id="14">61.4400</dst>
      <dst id="11">5663.7422</dst>
      <dst id="9">8597.2711</dst>
      <dst id="17">8694.7822</dst>
      <dst id="21">1498.4178</dst>
    </src>
    <src id="7">
      <dst id="12">4228.4444</dst>
      <dst id="13">345.5022</dst>
      <dst id="19">933.3067</dst>
      <dst id="23">311.1378</dst>
      <dst id="8">614.7289</dst>
      <dst id="18">358.6400</dst>
      <dst id="4">32590.4711</dst>
      <dst id="1">5393.9822</dst>
      <dst id="5">1734.8889</dst>
      <dst id="3">143.0667</dst>
      <dst id="22">4668.2578</dst>
      <dst id="7">726.3556</dst>
      <dst id="2">8765.5822</dst>
      <dst id="6">24.3200</dst>
      <dst id="16">370.5600</dst>
      <dst id="14">123.1022</dst>
      <dst id="20">376.9244</dst>
      <dst id="11">2712.3289</dst>
      <dst id="9">1892.5511</dst>
      <dst id="17">6087.2356</dst>
      <dst id="21">18959.6533</dst>
      <dst id="15">537.2622</dst>
    </src>
    <src id="2">
      <dst id="12">141134.8444</dst>
      <dst id="13">8529.4400</dst>
      <dst id="19">8085.0489</dst>
      <dst id="23">19.3778</dst>
      <dst id="8">2001.5289</dst>
      <dst id="18">104106.9511</dst>
      <dst id="4">135292.0356</dst>
      <dst id="1">5992.0444</dst>
      <dst id="5">1639.9822</dst>
      <dst id="3">77.1733</dst>
      <dst id="22">2279.2267</dst>
      <dst id="7">27475.5644</dst>
      <dst id="2">1191.6267</dst>
      <dst id="6">7023.2622</dst>
      <dst id="16">3096.3911</dst>
      <dst id="14">676.7911</dst>
      <dst id="20">660.0711</dst>
      <dst id="11">2403.2533</dst>
      <dst id="9">1590.1156</dst>
      <dst id="17">23871.9822</dst>
      <dst id="21">6668.6578</dst>
      <dst id="15">888.2133</dst>
    </src>
    <src id="6">
      <dst id="12">12415.7067</dst>
      <dst id="13">3.8044</dst>
      <dst id="19">10.9067</dst>
      <dst id="23">0.3378</dst>
      <dst id="18">7.2533</dst>
      <dst id="4">84.1600</dst>
      <dst id="1">49.0044</dst>
      <dst id="22">27.6533</dst>
      <dst id="7">0.3556</dst>
      <dst id="2">2398.9511</dst>
      <dst id="16">1.4489</dst>
      <dst id="11">11.4667</dst>
      <dst id="9">13.7956</dst>
      <dst id="17">1662.9156</dst>
      <dst id="21">0.7378</dst>
    </src>
    <src id="16">
      <dst id="12">4236.4089</dst>
      <dst id="13">410.5422</dst>
      <dst id="19">3802.1956</dst>
      <dst id="23">29.3333</dst>
      <dst id="8">9380.3022</dst>
      <dst id="18">5.8844</dst>
      <dst id="4">8332.0978</dst>
      <dst id="1">19426.7733</dst>
      <dst id="5">7788.1778</dst>
      <dst id="3">53.6533</dst>
      <dst id="7">3324.4178</dst>
      <dst id="2">578.7556</dst>
      <dst id="6">0.3556</dst>
      <dst id="16">66.3644</dst>
      <dst id="14">353.1289</dst>
      <dst id="11">1366.6133</dst>
      <dst id="9">10654.4533</dst>
      <dst id="17">1637.9644</dst>
      <dst id="21">532.6133</dst>
    </src>
    <src id="14">
      <dst id="12">17342.4178</dst>
      <dst id="13">192.0267</dst>
      <dst id="19">4.9422</dst>
      <dst id="23">35.3778</dst>
      <dst id="8">1.0667</dst>
      <dst id="18">14.0800</dst>
      <dst id="4">3396.8356</dst>
      <dst id="1">219.0133</dst>
      <dst id="5">194.0267</dst>
      <dst id="3">104.1156</dst>
      <dst id="22">18.1156</dst>
      <dst id="7">49.9111</dst>
      <dst id="2">8405.6356</dst>
      <dst id="16">39.6444</dst>
      <dst id="20">7.2178</dst>
      <dst id="11">18.7733</dst>
      <dst id="9">0.6667</dst>
      <dst id="17">8281.3867</dst>
      <dst id="21">103.5822</dst>
      <dst id="15">18.4267</dst>
    </src>
    <src id="20">
      <dst id="12">6619.4044</dst>
      <dst id="13">8706.2844</dst>
      <dst id="19">169.5911</dst>
      <dst id="23">76.8178</dst>
      <dst id="8">249.5200</dst>
      <dst id="18">416.3111</dst>
      <dst id="4">15228.3911</dst>
      <dst id="1">220.9244</dst>
      <dst id="5">13762.4267</dst>
      <dst id="3">1266.4000</dst>
      <dst id="7">1114.0711</dst>
      <dst id="2">7756.4267</dst>
      <dst id="6">0.5244</dst>
      <dst id="14">74.3111</dst>
      <dst id="11">352.0622</dst>
      <dst id="9">8852.7467</dst>
      <dst id="17">7552.2222</dst>
      <dst id="21">134.5511</dst>
    </src>
    <src id="11">
      <dst id="12">448374.5689</dst>
      <dst id="13">1457.3956</dst>
      <dst id="19">53.9556</dst>
      <dst id="23">42.1244</dst>
      <dst id="8">1068.8444</dst>
      <dst id="18">473.0222</dst>
      <dst id="4">17545.2444</dst>
      <dst id="1">311.4044</dst>
      <dst id="5">1702.7467</dst>
      <dst id="3">333.1911</dst>
      <dst id="22">3413.7244</dst>
      <dst id="7">153.0311</dst>
      <dst id="2">180127.5111</dst>
      <dst id="16">918.5244</dst>
      <dst id="14">18.7644</dst>
      <dst id="20">1743.8578</dst>
      <dst id="11">1748.0533</dst>
      <dst id="9">1630.1867</dst>
      <dst id="17">149642.1511</dst>
      <dst id="21">752.8711</dst>
      <dst id="15">196.7556</dst>
    </src>
    <src id="9">
      <dst id="12">505080.1867</dst>
      <dst id="13">12311.9911</dst>
      <dst id="19">224.0889</dst>
      <dst id="23">106.8089</dst>
      <dst id="8">6781.4844</dst>
      <dst id="18">271.7956</dst>
      <dst id="4">21975.8400</dst>
      <dst id="1">11185.6444</dst>
      <dst id="5">2493.3778</dst>
      <dst id="3">87.3600</dst>
      <dst id="22">2540.9511</dst>
      <dst id="7">654.4622</dst>
      <dst id="2">209994.5244</dst>
      <dst id="6">12.2400</dst>
      <dst id="16">1274.0000</dst>
      <dst id="14">0.5333</dst>
      <dst id="20">3294.4178</dst>
      <dst id="11">1708.2044</dst>
      <dst id="9">1287.9556</dst>
      <dst id="17">190075.2889</dst>
      <dst id="21">1031.4756</dst>
      <dst id="15">3079.1733</dst>
    </src>
    <src id="17">
      <dst id="12">19886.8622</dst>
      <dst id="13">7448.8089</dst>
      <dst id="19">666.1511</dst>
      <dst id="23">115.1556</dst>
      <dst id="8">165810.9956</dst>
      <dst id="18">4180.5244</dst>
      <dst id="4">161500.3911</dst>
      <dst id="1">6943.6267</dst>
      <dst id="5">286187.9822</dst>
      <dst id="3">10892.0356</dst>
      <dst id="22">18488.7111</dst>
      <dst id="7">13390.1778</dst>
      <dst id="2">14864.0800</dst>
      <dst id="6">355.0578</dst>
      <dst id="16">6457.5467</dst>
      <dst id="14">44288.4533</dst>
      <dst id="20">1287.9022</dst>
      <dst id="11">139565.7867</dst>
      <dst id="9">220213.6800</dst>
      <dst id="17">1532.3378</dst>
      <dst id="21">25241.7956</dst>
      <dst id="15">162.1778</dst>
    </src>
    <src id="21">
      <dst id="12">28107.3867</dst>
      <dst id="13">525.4756</dst>
      <dst id="19">86.1956</dst>
      <dst id="23">91.6444</dst>
      <dst id="8">513.3867</dst>
      <dst id="18">3725.7067</dst>
      <dst id="4">52665.4311</dst>
      <dst id="1">1344.7556</dst>
      <dst id="5">901.7244</dst>
      <dst id="3">935.4044</dst>
      <dst id="22">2732.2667</dst>
      <dst id="7">3713.0578</dst>
      <dst id="2">14478.4267</dst>
      <dst id="16">263.0844</dst>
      <dst id="14">100.5778</dst>
      <dst id="20">169.5467</dst>
      <dst id="11">4268.9956</dst>
      <dst id="9">1401.0044</dst>
      <dst id="17">14163.9378</dst>
      <dst id="21">3117.4222</dst>
      <dst id="15">55.2089</dst>
    </src>
    <src id="15">
      <dst id="12">3669.6444</dst>
      <dst id="13">2146.6311</dst>
      <dst id="19">0.7111</dst>
      <dst id="8">6.0444</dst>
      <dst id="18">7.7600</dst>
      <dst id="4">6809.5200</dst>
      <dst id="1">824.6400</dst>
      <dst id="5">196.5156</dst>
      <dst id="3">13.9111</dst>
      <dst id="7">68.8978</dst>
      <dst id="2">129.5378</dst>
      <dst id="14">0.9244</dst>
      <dst id="11">116.1156</dst>
      <dst id="9">1928.4356</dst>
      <dst id="17">264.3200</dst>
      <dst id="21">312.3556</dst>
    </src>
  </IntraTM>
</TrafficMatrixFile>
