<?xml version="1.0" encoding="UTF-8" standalone="yes"?>
<TrafficMatrixFile xmlns:xsi="http://www.w3.org/2001/XMLSchema-instance" xsi:noNamespaceSchemaLocation="http://totem.run.montefiore.ulg.ac.be/Schema/TrafficMatrix-v1_2.xsd">
  <info>
    <title>Intradomain traffic matrix generated by geant-TM-all.pl</title>
    <date>2005-01-03T19:45:00</date>
    <duration>900</duration>
    <author>Steve Uhlig</author>
    <units>
        <unit type="bandwidth" value="kbps"/>
    </units>
  </info>
  <IntraTM ASID="20965">
    <src id="12">
      <dst id="12">259131.8844</dst>
      <dst id="13">18363.5644</dst>
      <dst id="19">2451.7778</dst>
      <dst id="23">68.5511</dst>
      <dst id="8">7818.7022</dst>
      <dst id="18">341.4133</dst>
      <dst id="4">59229.7422</dst>
      <dst id="1">11871.0933</dst>
      <dst id="5">3853.8489</dst>
      <dst id="3">3317.1644</dst>
      <dst id="22">27729.4311</dst>
      <dst id="7">7599.5111</dst>
      <dst id="2">72310.2133</dst>
      <dst id="6">3.4400</dst>
      <dst id="16">7358.0356</dst>
      <dst id="14">145.1289</dst>
      <dst id="20">5284.4089</dst>
      <dst id="11">9078.7644</dst>
      <dst id="9">2591.6622</dst>
      <dst id="17">92463.1111</dst>
      <dst id="21">10839.0044</dst>
      <dst id="15">12969.0222</dst>
    </src>
    <src id="13">
      <dst id="12">65220.4622</dst>
      <dst id="19">5119.3422</dst>
      <dst id="23">1803.0222</dst>
      <dst id="8">2680.6222</dst>
      <dst id="18">1419.3333</dst>
      <dst id="1">2852.8889</dst>
      <dst id="5">20712.5067</dst>
      <dst id="3">7120.5333</dst>
      <dst id="22">27202.4444</dst>
      <dst id="7">14228.0978</dst>
      <dst id="2">74972.2667</dst>
      <dst id="6">76.0000</dst>
      <dst id="16">34920.9778</dst>
      <dst id="14">1740.3467</dst>
      <dst id="20">4353.2533</dst>
      <dst id="11">14165.3600</dst>
      <dst id="9">18888.6044</dst>
      <dst id="17">354242.8622</dst>
      <dst id="21">8976.7556</dst>
      <dst id="15">13382.6044</dst>
    </src>
    <src id="19">
      <dst id="12">16170.1422</dst>
      <dst id="13">1098.3733</dst>
      <dst id="23">0.3378</dst>
      <dst id="8">15.7956</dst>
      <dst id="18">375.0044</dst>
      <dst id="4">17270.7378</dst>
      <dst id="1">1018.1956</dst>
      <dst id="5">3.6178</dst>
      <dst id="3">41.4222</dst>
      <dst id="22">2774.0711</dst>
      <dst id="7">4088.7644</dst>
      <dst id="2">155.1200</dst>
      <dst id="6">47.7156</dst>
      <dst id="16">9373.2800</dst>
      <dst id="14">0.5778</dst>
      <dst id="20">57.8844</dst>
      <dst id="11">342.6578</dst>
      <dst id="9">77.3600</dst>
      <dst id="17">5720.0533</dst>
      <dst id="21">590.0000</dst>
    </src>
    <src id="23">
      <dst id="12">1628.2222</dst>
      <dst id="13">380.0889</dst>
      <dst id="19">0.5244</dst>
      <dst id="8">150.2933</dst>
      <dst id="18">0.7644</dst>
      <dst id="4">64.3822</dst>
      <dst id="1">65.6622</dst>
      <dst id="5">66.4178</dst>
      <dst id="3">243.1556</dst>
      <dst id="22">2238.4356</dst>
      <dst id="7">124.3822</dst>
      <dst id="2">72.8889</dst>
      <dst id="16">452.9778</dst>
      <dst id="14">0.3556</dst>
      <dst id="20">13.3333</dst>
      <dst id="11">288.6756</dst>
      <dst id="9">459.1289</dst>
      <dst id="17">142.4978</dst>
      <dst id="21">55.3244</dst>
      <dst id="15">106.6667</dst>
    </src>
    <src id="8">
      <dst id="12">284486.7289</dst>
      <dst id="13">156.1156</dst>
      <dst id="19">1.7867</dst>
      <dst id="23">13079.5733</dst>
      <dst id="18">89.7156</dst>
      <dst id="4">3611.2267</dst>
      <dst id="1">117.5467</dst>
      <dst id="5">1322.0711</dst>
      <dst id="3">38.5778</dst>
      <dst id="22">1026.1600</dst>
      <dst id="7">10.4978</dst>
      <dst id="2">98627.1556</dst>
      <dst id="16">402.5600</dst>
      <dst id="14">3.2889</dst>
      <dst id="20">32.8356</dst>
      <dst id="11">2268.4356</dst>
      <dst id="9">1103.4133</dst>
      <dst id="17">104172.4178</dst>
      <dst id="21">97.2800</dst>
      <dst id="15">222.1333</dst>
    </src>
    <src id="18">
      <dst id="12">94980.0089</dst>
      <dst id="13">277.2800</dst>
      <dst id="19">7.3422</dst>
      <dst id="8">2.1333</dst>
      <dst id="4">1252.2756</dst>
      <dst id="1">736.6489</dst>
      <dst id="5">415.5467</dst>
      <dst id="3">81.8044</dst>
      <dst id="22">132.0000</dst>
      <dst id="7">33.4044</dst>
      <dst id="2">34016.6222</dst>
      <dst id="16">16.5067</dst>
      <dst id="20">0.6400</dst>
      <dst id="11">52.6133</dst>
      <dst id="9">29.9556</dst>
      <dst id="17">33302.3911</dst>
      <dst id="21">297.1467</dst>
      <dst id="15">0.5333</dst>
    </src>
    <src id="4">
      <dst id="12">19679.8489</dst>
      <dst id="19">14233.6178</dst>
      <dst id="23">6.8000</dst>
      <dst id="8">3017.5644</dst>
      <dst id="18">1088.6933</dst>
      <dst id="4">1.4756</dst>
      <dst id="1">15361.2000</dst>
      <dst id="5">2389.7689</dst>
      <dst id="3">313.2267</dst>
      <dst id="22">5795.0222</dst>
      <dst id="7">131658.9689</dst>
      <dst id="2">31430.1778</dst>
      <dst id="6">13.7244</dst>
      <dst id="16">1120.1333</dst>
      <dst id="14">1324.1956</dst>
      <dst id="20">2072.9689</dst>
      <dst id="11">7746.6667</dst>
      <dst id="9">3268.4000</dst>
      <dst id="17">63229.7244</dst>
      <dst id="21">36888.5244</dst>
      <dst id="15">101.5822</dst>
    </src>
    <src id="1">
      <dst id="12">19116.1244</dst>
      <dst id="13">525.3333</dst>
      <dst id="19">53.8578</dst>
      <dst id="23">6.5689</dst>
      <dst id="8">114410.0800</dst>
      <dst id="18">20078.1689</dst>
      <dst id="4">3503.6711</dst>
      <dst id="1">63946.1956</dst>
      <dst id="5">200691.4844</dst>
      <dst id="3">249.2444</dst>
      <dst id="22">5147.3867</dst>
      <dst id="7">17784.3911</dst>
      <dst id="2">2868.6756</dst>
      <dst id="6">9032.2578</dst>
      <dst id="16">14494.8178</dst>
      <dst id="14">85.8311</dst>
      <dst id="20">320.8622</dst>
      <dst id="11">256.2933</dst>
      <dst id="9">223099.3689</dst>
      <dst id="17">1359.9644</dst>
      <dst id="21">4278.3733</dst>
      <dst id="15">110.3378</dst>
    </src>
    <src id="5">
      <dst id="12">290779.5289</dst>
      <dst id="13">2149.5733</dst>
      <dst id="19">14.7556</dst>
      <dst id="23">3.0933</dst>
      <dst id="8">2225.2178</dst>
      <dst id="18">197.6889</dst>
      <dst id="4">7427.8400</dst>
      <dst id="1">238.7378</dst>
      <dst id="3">1.1733</dst>
      <dst id="22">6896.5600</dst>
      <dst id="7">1507.5378</dst>
      <dst id="2">131581.8578</dst>
      <dst id="16">1036.1422</dst>
      <dst id="14">59.7422</dst>
      <dst id="20">3882.6578</dst>
      <dst id="11">2725.4933</dst>
      <dst id="9">1786.7378</dst>
      <dst id="17">107945.3778</dst>
      <dst id="21">350.1511</dst>
      <dst id="15">134.4000</dst>
    </src>
    <src id="3">
      <dst id="12">11459.7689</dst>
      <dst id="13">373.7511</dst>
      <dst id="19">1810.2400</dst>
      <dst id="23">6608.4267</dst>
      <dst id="8">20.8089</dst>
      <dst id="18">63074.0800</dst>
      <dst id="4">13531.2978</dst>
      <dst id="1">16258.7111</dst>
      <dst id="5">506.0622</dst>
      <dst id="3">13240.5422</dst>
      <dst id="22">263.2800</dst>
      <dst id="7">1878.9778</dst>
      <dst id="2">5579.6089</dst>
      <dst id="6">2.5956</dst>
      <dst id="16">1495.8844</dst>
      <dst id="14">29275.2978</dst>
      <dst id="20">116.8533</dst>
      <dst id="11">138997.2089</dst>
      <dst id="9">571.4933</dst>
      <dst id="17">19954.2222</dst>
      <dst id="21">13913.9911</dst>
      <dst id="15">39.4133</dst>
    </src>
    <src id="10">
      <dst id="12">18246.4978</dst>
      <dst id="19">1657.6267</dst>
      <dst id="8">833.1200</dst>
      <dst id="18">8679.7600</dst>
      <dst id="1">2074.4089</dst>
      <dst id="5">924.4533</dst>
      <dst id="3">7305.7600</dst>
      <dst id="22">9437.9467</dst>
      <dst id="7">4773.5556</dst>
      <dst id="2">26572.6400</dst>
      <dst id="6">15.9911</dst>
      <dst id="16">1997.3422</dst>
      <dst id="14">577.2089</dst>
      <dst id="20">6691.2089</dst>
      <dst id="11">6594.5778</dst>
      <dst id="9">1432.2756</dst>
      <dst id="17">26619.2889</dst>
      <dst id="21">8213.5911</dst>
      <dst id="15">301.0400</dst>
    </src>
    <src id="22">
      <dst id="12">14038.2222</dst>
      <dst id="13">3474.9244</dst>
      <dst id="19">236.7911</dst>
      <dst id="23">35.3067</dst>
      <dst id="8">1923.4133</dst>
      <dst id="18">276.6489</dst>
      <dst id="4">16024.7200</dst>
      <dst id="1">191.3956</dst>
      <dst id="5">4803.2089</dst>
      <dst id="3">389.3244</dst>
      <dst id="7">639.1467</dst>
      <dst id="2">2794.8622</dst>
      <dst id="6">35.9733</dst>
      <dst id="16">4.5867</dst>
      <dst id="14">161.1644</dst>
      <dst id="11">2202.4267</dst>
      <dst id="9">7806.5778</dst>
      <dst id="17">2997.0133</dst>
      <dst id="21">1431.7067</dst>
    </src>
    <src id="7">
      <dst id="12">5978.3644</dst>
      <dst id="13">553.6000</dst>
      <dst id="19">408.4444</dst>
      <dst id="23">89.4222</dst>
      <dst id="8">504.8089</dst>
      <dst id="18">607.5644</dst>
      <dst id="4">16523.5822</dst>
      <dst id="1">13378.6756</dst>
      <dst id="5">1265.2711</dst>
      <dst id="3">1514.1422</dst>
      <dst id="22">5445.8933</dst>
      <dst id="7">766.4356</dst>
      <dst id="2">6693.3156</dst>
      <dst id="6">15.3067</dst>
      <dst id="16">207.1911</dst>
      <dst id="14">141.2533</dst>
      <dst id="20">1515.0222</dst>
      <dst id="11">2952.5600</dst>
      <dst id="9">943.2978</dst>
      <dst id="17">19086.2933</dst>
      <dst id="21">3000.2133</dst>
      <dst id="15">269.5644</dst>
    </src>
    <src id="2">
      <dst id="12">142466.3822</dst>
      <dst id="13">531278.4622</dst>
      <dst id="19">138.9244</dst>
      <dst id="23">123.9733</dst>
      <dst id="8">401.8044</dst>
      <dst id="18">67563.1289</dst>
      <dst id="4">51661.2800</dst>
      <dst id="1">9630.6133</dst>
      <dst id="5">1131.7244</dst>
      <dst id="3">286.0089</dst>
      <dst id="22">5647.7511</dst>
      <dst id="7">2889.1733</dst>
      <dst id="2">956.2044</dst>
      <dst id="6">8963.3867</dst>
      <dst id="16">3078.2933</dst>
      <dst id="14">5384.8444</dst>
      <dst id="20">7059.8133</dst>
      <dst id="11">7903.6444</dst>
      <dst id="9">1457.8400</dst>
      <dst id="17">29035.4311</dst>
      <dst id="21">1140.0622</dst>
      <dst id="15">92.1422</dst>
    </src>
    <src id="6">
      <dst id="12">11594.0533</dst>
      <dst id="13">4.9333</dst>
      <dst id="19">19.4311</dst>
      <dst id="23">0.4622</dst>
      <dst id="8">0.4711</dst>
      <dst id="18">0.3556</dst>
      <dst id="4">976.9778</dst>
      <dst id="1">32.0089</dst>
      <dst id="5">0.3911</dst>
      <dst id="22">2.7111</dst>
      <dst id="7">1.0222</dst>
      <dst id="2">2330.5689</dst>
      <dst id="16">1.1556</dst>
      <dst id="20">0.4000</dst>
      <dst id="11">6.7200</dst>
      <dst id="9">1.2267</dst>
      <dst id="17">1740.6222</dst>
      <dst id="21">14.6489</dst>
    </src>
    <src id="16">
      <dst id="12">5028.0444</dst>
      <dst id="13">569.7600</dst>
      <dst id="19">5003.7067</dst>
      <dst id="23">22.8178</dst>
      <dst id="8">3849.1378</dst>
      <dst id="18">3.0578</dst>
      <dst id="4">4376.2222</dst>
      <dst id="1">23057.4667</dst>
      <dst id="5">3797.9200</dst>
      <dst id="3">36.5422</dst>
      <dst id="7">203.4489</dst>
      <dst id="2">912.6311</dst>
      <dst id="6">0.8178</dst>
      <dst id="16">57.4400</dst>
      <dst id="14">632.7733</dst>
      <dst id="11">122.3378</dst>
      <dst id="9">4776.9689</dst>
      <dst id="17">1595.1022</dst>
      <dst id="21">2928.4800</dst>
    </src>
    <src id="14">
      <dst id="12">17004.6222</dst>
      <dst id="13">85.5733</dst>
      <dst id="19">8.2133</dst>
      <dst id="8">1.1733</dst>
      <dst id="18">0.4178</dst>
      <dst id="4">2019.5467</dst>
      <dst id="1">121.8311</dst>
      <dst id="5">72.0356</dst>
      <dst id="3">45.3156</dst>
      <dst id="22">225.2000</dst>
      <dst id="7">98.4444</dst>
      <dst id="2">5426.9511</dst>
      <dst id="16">24.9956</dst>
      <dst id="20">1.3867</dst>
      <dst id="11">55.2711</dst>
      <dst id="9">11.6267</dst>
      <dst id="17">5314.6933</dst>
      <dst id="21">60.7022</dst>
    </src>
    <src id="20">
      <dst id="12">8065.2533</dst>
      <dst id="13">4931.5289</dst>
      <dst id="19">49.6000</dst>
      <dst id="23">0.7111</dst>
      <dst id="8">61.5378</dst>
      <dst id="18">1.2978</dst>
      <dst id="4">11840.9511</dst>
      <dst id="1">93.7956</dst>
      <dst id="5">751.6089</dst>
      <dst id="3">1465.0489</dst>
      <dst id="7">275.2444</dst>
      <dst id="2">12746.2667</dst>
      <dst id="14">14.7822</dst>
      <dst id="11">344.6756</dst>
      <dst id="9">1475.4667</dst>
      <dst id="17">1437.6711</dst>
      <dst id="21">284.9689</dst>
    </src>
    <src id="11">
      <dst id="12">365047.7422</dst>
      <dst id="13">2566.6489</dst>
      <dst id="19">23.7867</dst>
      <dst id="23">133.3067</dst>
      <dst id="8">563.5200</dst>
      <dst id="18">492.0356</dst>
      <dst id="4">6698.0622</dst>
      <dst id="1">343.0400</dst>
      <dst id="5">1709.6089</dst>
      <dst id="3">265.0311</dst>
      <dst id="22">2133.6000</dst>
      <dst id="7">496.3200</dst>
      <dst id="2">148726.9067</dst>
      <dst id="6">14.6044</dst>
      <dst id="16">263.5378</dst>
      <dst id="14">46.8711</dst>
      <dst id="20">1878.2133</dst>
      <dst id="11">3578.7200</dst>
      <dst id="9">1773.8667</dst>
      <dst id="17">151760.1511</dst>
      <dst id="21">13091.0133</dst>
      <dst id="15">757.0222</dst>
    </src>
    <src id="9">
      <dst id="12">398855.8311</dst>
      <dst id="13">6804.8978</dst>
      <dst id="19">83.8489</dst>
      <dst id="23">15.5733</dst>
      <dst id="8">1589.0044</dst>
      <dst id="18">56.8356</dst>
      <dst id="4">7557.4311</dst>
      <dst id="1">1803.1644</dst>
      <dst id="5">745.8756</dst>
      <dst id="3">2.6933</dst>
      <dst id="22">2145.3956</dst>
      <dst id="7">252.0089</dst>
      <dst id="2">147197.4222</dst>
      <dst id="6">19.4756</dst>
      <dst id="16">600.9867</dst>
      <dst id="14">0.8178</dst>
      <dst id="20">5101.5911</dst>
      <dst id="11">1080.3733</dst>
      <dst id="9">258.5156</dst>
      <dst id="17">206634.1156</dst>
      <dst id="21">32515.1289</dst>
      <dst id="15">2397.2533</dst>
    </src>
    <src id="17">
      <dst id="12">16843.4933</dst>
      <dst id="13">15755.2889</dst>
      <dst id="19">366.4356</dst>
      <dst id="23">60.5244</dst>
      <dst id="8">131454.7556</dst>
      <dst id="18">222.4533</dst>
      <dst id="4">44098.8533</dst>
      <dst id="1">954.2489</dst>
      <dst id="5">199900.3467</dst>
      <dst id="3">5050.5067</dst>
      <dst id="22">10631.7511</dst>
      <dst id="7">9330.6400</dst>
      <dst id="2">17598.6133</dst>
      <dst id="6">153.6267</dst>
      <dst id="16">3553.9111</dst>
      <dst id="14">22263.1200</dst>
      <dst id="20">4599.3333</dst>
      <dst id="11">106247.3867</dst>
      <dst id="9">185797.2089</dst>
      <dst id="17">1881.9200</dst>
      <dst id="21">13080.1067</dst>
      <dst id="15">122.9422</dst>
    </src>
    <src id="21">
      <dst id="12">21516.2133</dst>
      <dst id="13">1347.7244</dst>
      <dst id="19">295.5644</dst>
      <dst id="23">4.0533</dst>
      <dst id="8">112.7289</dst>
      <dst id="18">2918.5067</dst>
      <dst id="4">13144.6489</dst>
      <dst id="1">1981.3244</dst>
      <dst id="5">1084.0178</dst>
      <dst id="3">789.2711</dst>
      <dst id="22">1597.9022</dst>
      <dst id="7">1208.1067</dst>
      <dst id="2">9909.2978</dst>
      <dst id="6">3.6089</dst>
      <dst id="16">201.6978</dst>
      <dst id="14">88.5689</dst>
      <dst id="20">176.5422</dst>
      <dst id="11">254.6933</dst>
      <dst id="9">612.5956</dst>
      <dst id="17">7381.2889</dst>
      <dst id="21">854.1778</dst>
      <dst id="15">128.6489</dst>
    </src>
    <src id="15">
      <dst id="12">789.7067</dst>
      <dst id="13">283.7333</dst>
      <dst id="19">0.3556</dst>
      <dst id="23">1.8489</dst>
      <dst id="8">3.5556</dst>
      <dst id="18">5.6356</dst>
      <dst id="4">2614.2222</dst>
      <dst id="1">496.3822</dst>
      <dst id="5">140.0533</dst>
      <dst id="3">13.7778</dst>
      <dst id="7">38.2222</dst>
      <dst id="2">133.9644</dst>
      <dst id="11">74.9333</dst>
      <dst id="9">1261.0311</dst>
      <dst id="17">610.5511</dst>
      <dst id="21">50.5156</dst>
    </src>
  </IntraTM>
</TrafficMatrixFile>
