<?xml version="1.0" encoding="UTF-8" standalone="yes"?>
<TrafficMatrixFile xmlns:xsi="http://www.w3.org/2001/XMLSchema-instance" xsi:noNamespaceSchemaLocation="http://totem.run.montefiore.ulg.ac.be/Schema/TrafficMatrix-v1_2.xsd">
  <info>
    <title>Intradomain traffic matrix generated by geant-TM-all.pl</title>
    <date>2005-01-05T02:15:00</date>
    <duration>900</duration>
    <author>Steve Uhlig</author>
    <units>
        <unit type="bandwidth" value="kbps"/>
    </units>
  </info>
  <IntraTM ASID="20965">
    <src id="12">
      <dst id="12">270395.3333</dst>
      <dst id="13">25383.8133</dst>
      <dst id="19">3682.0533</dst>
      <dst id="23">176.9778</dst>
      <dst id="8">889.2178</dst>
      <dst id="18">130.9689</dst>
      <dst id="4">75863.9644</dst>
      <dst id="1">18479.9022</dst>
      <dst id="5">5622.5867</dst>
      <dst id="3">1239.0133</dst>
      <dst id="22">13647.0400</dst>
      <dst id="7">1653.0311</dst>
      <dst id="2">100030.7467</dst>
      <dst id="6">26.5778</dst>
      <dst id="16">9339.9289</dst>
      <dst id="14">270.3111</dst>
      <dst id="20">1785.6889</dst>
      <dst id="11">11069.8756</dst>
      <dst id="9">14078.9244</dst>
      <dst id="17">95395.2978</dst>
      <dst id="21">1396.7200</dst>
      <dst id="15">1106.3022</dst>
    </src>
    <src id="13">
      <dst id="12">56201.9733</dst>
      <dst id="19">8142.0889</dst>
      <dst id="23">477.2800</dst>
      <dst id="8">3132.5689</dst>
      <dst id="18">2961.9289</dst>
      <dst id="1">2951.3867</dst>
      <dst id="5">6804.1600</dst>
      <dst id="3">3704.3556</dst>
      <dst id="22">31816.3644</dst>
      <dst id="7">11753.3244</dst>
      <dst id="2">91485.0578</dst>
      <dst id="6">776.8533</dst>
      <dst id="16">7091.2533</dst>
      <dst id="14">4516.4978</dst>
      <dst id="20">15682.6933</dst>
      <dst id="11">14780.5778</dst>
      <dst id="9">18096.0711</dst>
      <dst id="17">51470.4978</dst>
      <dst id="21">8044.6667</dst>
      <dst id="15">8481.0044</dst>
    </src>
    <src id="19">
      <dst id="12">12784.0356</dst>
      <dst id="13">2004.7467</dst>
      <dst id="23">2.1244</dst>
      <dst id="8">8.3644</dst>
      <dst id="18">3.1289</dst>
      <dst id="4">16727.6711</dst>
      <dst id="1">804.1778</dst>
      <dst id="5">28.6578</dst>
      <dst id="3">0.7111</dst>
      <dst id="22">124.1156</dst>
      <dst id="7">3603.8311</dst>
      <dst id="2">847.8311</dst>
      <dst id="6">37.4756</dst>
      <dst id="16">3536.1778</dst>
      <dst id="14">1.1378</dst>
      <dst id="20">89.2978</dst>
      <dst id="11">117.7156</dst>
      <dst id="9">1293.7511</dst>
      <dst id="17">472.3022</dst>
      <dst id="21">495.8133</dst>
      <dst id="15">15.5822</dst>
    </src>
    <src id="23">
      <dst id="12">307.3689</dst>
      <dst id="13">247.3422</dst>
      <dst id="19">13.0933</dst>
      <dst id="4">137.4578</dst>
      <dst id="1">90.9422</dst>
      <dst id="5">35.5556</dst>
      <dst id="3">216.5067</dst>
      <dst id="22">154.4000</dst>
      <dst id="7">2252.8000</dst>
      <dst id="2">24.8622</dst>
      <dst id="6">94.0356</dst>
      <dst id="16">170.0267</dst>
      <dst id="14">1.7778</dst>
      <dst id="20">165.0844</dst>
      <dst id="11">71.5911</dst>
      <dst id="9">1016.2667</dst>
      <dst id="17">236.5867</dst>
      <dst id="21">167.7156</dst>
      <dst id="15">506.6667</dst>
    </src>
    <src id="8">
      <dst id="12">330131.7156</dst>
      <dst id="13">958.9067</dst>
      <dst id="19">7.2978</dst>
      <dst id="18">29.0578</dst>
      <dst id="4">5946.0978</dst>
      <dst id="1">352.6667</dst>
      <dst id="5">13024.9244</dst>
      <dst id="3">25.2444</dst>
      <dst id="22">1876.0089</dst>
      <dst id="7">4.9956</dst>
      <dst id="2">174762.1422</dst>
      <dst id="6">4.3200</dst>
      <dst id="16">1254.0533</dst>
      <dst id="14">0.5511</dst>
      <dst id="20">81.7778</dst>
      <dst id="11">133.7778</dst>
      <dst id="9">310.1422</dst>
      <dst id="17">133917.9200</dst>
      <dst id="21">249.5378</dst>
      <dst id="15">67.0844</dst>
    </src>
    <src id="18">
      <dst id="12">100118.0800</dst>
      <dst id="13">100.0711</dst>
      <dst id="19">1.8133</dst>
      <dst id="23">1.7511</dst>
      <dst id="8">6.3022</dst>
      <dst id="4">1904.5511</dst>
      <dst id="1">688.4178</dst>
      <dst id="5">344.4000</dst>
      <dst id="3">6.1956</dst>
      <dst id="22">127.8133</dst>
      <dst id="7">1434.5244</dst>
      <dst id="2">32909.0133</dst>
      <dst id="16">444.3467</dst>
      <dst id="14">5.3156</dst>
      <dst id="20">15.4489</dst>
      <dst id="11">1559.5556</dst>
      <dst id="9">54.7911</dst>
      <dst id="17">36530.8533</dst>
      <dst id="21">590.3733</dst>
      <dst id="15">1.8489</dst>
    </src>
    <src id="4">
      <dst id="12">16359.8933</dst>
      <dst id="19">15313.1644</dst>
      <dst id="23">1.4933</dst>
      <dst id="8">1035.7956</dst>
      <dst id="18">470.3733</dst>
      <dst id="1">32424.2578</dst>
      <dst id="5">1916.3467</dst>
      <dst id="3">405.5022</dst>
      <dst id="22">3554.2578</dst>
      <dst id="7">32423.0311</dst>
      <dst id="2">73435.2444</dst>
      <dst id="6">3.5733</dst>
      <dst id="16">1508.1600</dst>
      <dst id="14">1510.5956</dst>
      <dst id="20">1763.4756</dst>
      <dst id="11">6546.0622</dst>
      <dst id="9">2660.1600</dst>
      <dst id="17">13590.4000</dst>
      <dst id="21">2677.3156</dst>
      <dst id="15">621.9467</dst>
    </src>
    <src id="1">
      <dst id="12">18392.8978</dst>
      <dst id="13">554.3644</dst>
      <dst id="19">17.5644</dst>
      <dst id="23">178.3556</dst>
      <dst id="8">122061.6000</dst>
      <dst id="18">16784.1600</dst>
      <dst id="4">17662.9956</dst>
      <dst id="1">7362.8889</dst>
      <dst id="5">238093.2356</dst>
      <dst id="3">98.8711</dst>
      <dst id="22">2838.3911</dst>
      <dst id="7">9267.9822</dst>
      <dst id="2">3213.5467</dst>
      <dst id="6">7455.7956</dst>
      <dst id="16">8310.3911</dst>
      <dst id="14">115.1556</dst>
      <dst id="20">89.5378</dst>
      <dst id="11">333.2978</dst>
      <dst id="9">238564.2489</dst>
      <dst id="17">5506.9333</dst>
      <dst id="21">2218.3822</dst>
      <dst id="15">65.4489</dst>
    </src>
    <src id="5">
      <dst id="12">372369.5644</dst>
      <dst id="13">1577.9822</dst>
      <dst id="19">14.0800</dst>
      <dst id="23">0.9244</dst>
      <dst id="8">437.7689</dst>
      <dst id="18">866.8533</dst>
      <dst id="4">7299.2178</dst>
      <dst id="1">1012.1778</dst>
      <dst id="3">16.4178</dst>
      <dst id="22">4316.0356</dst>
      <dst id="7">152.0089</dst>
      <dst id="2">150876.5422</dst>
      <dst id="6">7.6089</dst>
      <dst id="16">984.8622</dst>
      <dst id="14">6.8267</dst>
      <dst id="20">4081.8756</dst>
      <dst id="11">1273.9556</dst>
      <dst id="9">3075.0667</dst>
      <dst id="17">125388.5156</dst>
      <dst id="21">122.7822</dst>
      <dst id="15">4798.1244</dst>
    </src>
    <src id="3">
      <dst id="12">10759.4489</dst>
      <dst id="13">1716.5956</dst>
      <dst id="19">1108.8533</dst>
      <dst id="23">8797.4133</dst>
      <dst id="8">34.5600</dst>
      <dst id="18">56796.5244</dst>
      <dst id="4">17955.3511</dst>
      <dst id="1">7124.5956</dst>
      <dst id="5">522.5067</dst>
      <dst id="3">12779.1289</dst>
      <dst id="22">920.8000</dst>
      <dst id="7">1518.3644</dst>
      <dst id="2">5578.2844</dst>
      <dst id="6">4.6489</dst>
      <dst id="16">868.0978</dst>
      <dst id="14">41805.9022</dst>
      <dst id="20">45.2444</dst>
      <dst id="11">148065.2800</dst>
      <dst id="9">273.6356</dst>
      <dst id="17">7732.4622</dst>
      <dst id="21">12671.4667</dst>
      <dst id="15">32.2756</dst>
    </src>
    <src id="10">
      <dst id="12">16410.0089</dst>
      <dst id="19">3768.1244</dst>
      <dst id="8">761.5556</dst>
      <dst id="18">4146.4444</dst>
      <dst id="4">0.3556</dst>
      <dst id="1">2241.9289</dst>
      <dst id="5">1527.8222</dst>
      <dst id="3">5703.3689</dst>
      <dst id="22">5656.0711</dst>
      <dst id="7">11081.2711</dst>
      <dst id="2">33001.0044</dst>
      <dst id="6">0.3556</dst>
      <dst id="16">2073.7333</dst>
      <dst id="14">3323.3778</dst>
      <dst id="20">441.9467</dst>
      <dst id="11">5960.9067</dst>
      <dst id="9">5456.0444</dst>
      <dst id="17">23793.0933</dst>
      <dst id="21">7821.9378</dst>
      <dst id="15">44.7022</dst>
    </src>
    <src id="22">
      <dst id="12">9593.6622</dst>
      <dst id="13">7337.8133</dst>
      <dst id="19">1425.9378</dst>
      <dst id="23">334.9956</dst>
      <dst id="8">248.4089</dst>
      <dst id="18">261.7067</dst>
      <dst id="4">20068.5422</dst>
      <dst id="1">271.9644</dst>
      <dst id="5">3583.2178</dst>
      <dst id="3">509.2267</dst>
      <dst id="7">3191.0222</dst>
      <dst id="2">2819.0044</dst>
      <dst id="6">0.8978</dst>
      <dst id="14">270.3111</dst>
      <dst id="11">3937.9467</dst>
      <dst id="9">6864.3289</dst>
      <dst id="17">5629.3156</dst>
      <dst id="21">365.3956</dst>
    </src>
    <src id="7">
      <dst id="12">6030.3378</dst>
      <dst id="13">692.4800</dst>
      <dst id="19">3825.5022</dst>
      <dst id="23">100.3911</dst>
      <dst id="8">114.9689</dst>
      <dst id="18">74.3556</dst>
      <dst id="4">12373.3778</dst>
      <dst id="1">5324.2756</dst>
      <dst id="5">1191.9644</dst>
      <dst id="3">263.5467</dst>
      <dst id="22">3025.5733</dst>
      <dst id="7">690.9156</dst>
      <dst id="2">4816.7022</dst>
      <dst id="6">2.5600</dst>
      <dst id="16">1512.2133</dst>
      <dst id="14">182.0089</dst>
      <dst id="20">215.2444</dst>
      <dst id="11">1083.5378</dst>
      <dst id="9">596.3467</dst>
      <dst id="17">17576.9778</dst>
      <dst id="21">1400.6311</dst>
      <dst id="15">71.8489</dst>
    </src>
    <src id="2">
      <dst id="12">107357.5556</dst>
      <dst id="13">516321.1289</dst>
      <dst id="19">312.4356</dst>
      <dst id="23">25.9556</dst>
      <dst id="8">563.5022</dst>
      <dst id="18">54684.6400</dst>
      <dst id="4">87864.5067</dst>
      <dst id="1">2504.8800</dst>
      <dst id="5">1070.5600</dst>
      <dst id="3">684.0711</dst>
      <dst id="22">4495.5822</dst>
      <dst id="7">3158.4000</dst>
      <dst id="2">860.8178</dst>
      <dst id="6">10578.8622</dst>
      <dst id="16">2683.6444</dst>
      <dst id="14">2979.3778</dst>
      <dst id="20">1429.8133</dst>
      <dst id="11">2611.7956</dst>
      <dst id="9">981.6267</dst>
      <dst id="17">24611.1644</dst>
      <dst id="21">6263.8489</dst>
      <dst id="15">35.3422</dst>
    </src>
    <src id="6">
      <dst id="12">10655.5644</dst>
      <dst id="13">16.2489</dst>
      <dst id="19">1.0667</dst>
      <dst id="23">0.8889</dst>
      <dst id="8">24.7289</dst>
      <dst id="4">1021.5467</dst>
      <dst id="1">13.3956</dst>
      <dst id="5">0.3556</dst>
      <dst id="22">27.0222</dst>
      <dst id="7">0.7111</dst>
      <dst id="2">2440.3467</dst>
      <dst id="16">1.3333</dst>
      <dst id="11">0.3556</dst>
      <dst id="9">0.7378</dst>
      <dst id="17">1667.9733</dst>
      <dst id="21">0.5156</dst>
      <dst id="15">0.3378</dst>
    </src>
    <src id="16">
      <dst id="12">2536.7733</dst>
      <dst id="13">720.3289</dst>
      <dst id="19">3450.0000</dst>
      <dst id="23">4.8000</dst>
      <dst id="8">10793.2000</dst>
      <dst id="18">19.0933</dst>
      <dst id="4">3219.5200</dst>
      <dst id="1">20534.0356</dst>
      <dst id="5">3689.7156</dst>
      <dst id="3">15.8933</dst>
      <dst id="7">2533.8222</dst>
      <dst id="2">599.1644</dst>
      <dst id="16">50.3556</dst>
      <dst id="14">359.2533</dst>
      <dst id="11">176.6133</dst>
      <dst id="9">7880.0889</dst>
      <dst id="17">2922.4889</dst>
      <dst id="21">1411.1822</dst>
    </src>
    <src id="14">
      <dst id="12">24354.0711</dst>
      <dst id="13">100.8889</dst>
      <dst id="19">6.3111</dst>
      <dst id="23">15.3600</dst>
      <dst id="18">13.5467</dst>
      <dst id="4">2433.7511</dst>
      <dst id="1">78.4356</dst>
      <dst id="5">75.6800</dst>
      <dst id="3">84.3556</dst>
      <dst id="22">64.3822</dst>
      <dst id="7">48.2044</dst>
      <dst id="2">7787.8667</dst>
      <dst id="6">0.3556</dst>
      <dst id="16">40.2756</dst>
      <dst id="20">0.3644</dst>
      <dst id="11">62.2844</dst>
      <dst id="9">58.1956</dst>
      <dst id="17">7882.9778</dst>
      <dst id="21">50.1778</dst>
      <dst id="15">1.1733</dst>
    </src>
    <src id="20">
      <dst id="12">12227.2533</dst>
      <dst id="13">31583.7067</dst>
      <dst id="19">619.1200</dst>
      <dst id="23">166.8978</dst>
      <dst id="8">151.2356</dst>
      <dst id="18">116.9156</dst>
      <dst id="4">7153.4311</dst>
      <dst id="1">1703.1644</dst>
      <dst id="5">1935.8400</dst>
      <dst id="3">262.9778</dst>
      <dst id="7">102.1689</dst>
      <dst id="2">5861.8578</dst>
      <dst id="6">1.3600</dst>
      <dst id="14">0.3556</dst>
      <dst id="11">2615.1111</dst>
      <dst id="9">1735.9022</dst>
      <dst id="17">4147.5733</dst>
      <dst id="21">180.0889</dst>
    </src>
    <src id="11">
      <dst id="12">423090.9867</dst>
      <dst id="13">2947.0933</dst>
      <dst id="19">18.3556</dst>
      <dst id="23">45.0133</dst>
      <dst id="8">280.8533</dst>
      <dst id="18">133.6000</dst>
      <dst id="4">10975.0933</dst>
      <dst id="1">483.8044</dst>
      <dst id="5">1475.4756</dst>
      <dst id="3">243.1644</dst>
      <dst id="22">6602.0267</dst>
      <dst id="7">219.7600</dst>
      <dst id="2">180000.7111</dst>
      <dst id="6">1.6978</dst>
      <dst id="16">311.1822</dst>
      <dst id="14">34.9422</dst>
      <dst id="20">767.0933</dst>
      <dst id="11">2747.0578</dst>
      <dst id="9">1161.3778</dst>
      <dst id="17">179304.2756</dst>
      <dst id="21">242.2844</dst>
      <dst id="15">3243.2178</dst>
    </src>
    <src id="9">
      <dst id="12">430038.6311</dst>
      <dst id="13">13878.7467</dst>
      <dst id="19">1592.4089</dst>
      <dst id="23">46.6578</dst>
      <dst id="8">678.1244</dst>
      <dst id="18">30.4711</dst>
      <dst id="4">10053.7156</dst>
      <dst id="1">3163.8667</dst>
      <dst id="5">4300.2578</dst>
      <dst id="3">65.5200</dst>
      <dst id="22">6790.7378</dst>
      <dst id="7">128.5067</dst>
      <dst id="2">190079.0400</dst>
      <dst id="6">4.6844</dst>
      <dst id="16">721.7956</dst>
      <dst id="14">5.5822</dst>
      <dst id="20">5001.7778</dst>
      <dst id="11">6554.1511</dst>
      <dst id="9">1503.2000</dst>
      <dst id="17">203032.6933</dst>
      <dst id="21">1019.1467</dst>
      <dst id="15">843.0311</dst>
    </src>
    <src id="17">
      <dst id="12">7863.1111</dst>
      <dst id="13">9041.5289</dst>
      <dst id="19">1554.3289</dst>
      <dst id="23">155.5911</dst>
      <dst id="8">132614.6311</dst>
      <dst id="18">318.8978</dst>
      <dst id="4">27266.0267</dst>
      <dst id="1">2917.4311</dst>
      <dst id="5">213810.3200</dst>
      <dst id="3">4908.9956</dst>
      <dst id="22">3300.4000</dst>
      <dst id="7">1257.2267</dst>
      <dst id="2">43845.6356</dst>
      <dst id="6">795.4578</dst>
      <dst id="16">6448.1422</dst>
      <dst id="14">46303.0489</dst>
      <dst id="20">584.6844</dst>
      <dst id="11">120744.3378</dst>
      <dst id="9">179076.8533</dst>
      <dst id="17">1635.6267</dst>
      <dst id="21">7438.2578</dst>
      <dst id="15">127.4222</dst>
    </src>
    <src id="21">
      <dst id="12">12536.4444</dst>
      <dst id="13">1715.5467</dst>
      <dst id="19">364.6222</dst>
      <dst id="23">84.0889</dst>
      <dst id="8">25.7156</dst>
      <dst id="18">2402.4444</dst>
      <dst id="4">10403.3956</dst>
      <dst id="1">2029.8933</dst>
      <dst id="5">664.2756</dst>
      <dst id="3">640.9689</dst>
      <dst id="22">3426.0267</dst>
      <dst id="7">1199.4222</dst>
      <dst id="2">6347.1822</dst>
      <dst id="6">15.9378</dst>
      <dst id="16">228.1244</dst>
      <dst id="14">230.6222</dst>
      <dst id="20">740.4711</dst>
      <dst id="11">289.8578</dst>
      <dst id="9">368.3822</dst>
      <dst id="17">4444.6933</dst>
      <dst id="21">545.6978</dst>
      <dst id="15">121.8667</dst>
    </src>
    <src id="15">
      <dst id="12">3243.6711</dst>
      <dst id="13">1038.1511</dst>
      <dst id="19">35.4222</dst>
      <dst id="23">6.7022</dst>
      <dst id="8">128.2933</dst>
      <dst id="18">37.5556</dst>
      <dst id="4">4670.5156</dst>
      <dst id="1">330.8533</dst>
      <dst id="5">222.0356</dst>
      <dst id="3">9.2178</dst>
      <dst id="7">16.7467</dst>
      <dst id="2">39.2800</dst>
      <dst id="14">14.5422</dst>
      <dst id="11">438.0800</dst>
      <dst id="9">6298.3467</dst>
      <dst id="17">197.6889</dst>
      <dst id="21">139.0044</dst>
    </src>
  </IntraTM>
</TrafficMatrixFile>
