<?xml version="1.0" encoding="UTF-8" standalone="yes"?>
<TrafficMatrixFile xmlns:xsi="http://www.w3.org/2001/XMLSchema-instance" xsi:noNamespaceSchemaLocation="http://totem.run.montefiore.ulg.ac.be/Schema/TrafficMatrix-v1_2.xsd">
  <info>
    <title>Intradomain traffic matrix generated by geant-TM-all.pl</title>
    <date>2005-01-03T08:45:00</date>
    <duration>900</duration>
    <author>Steve Uhlig</author>
    <units>
        <unit type="bandwidth" value="kbps"/>
    </units>
  </info>
  <IntraTM ASID="20965">
    <src id="12">
      <dst id="12">202197.0756</dst>
      <dst id="13">19140.0178</dst>
      <dst id="19">1561.4844</dst>
      <dst id="23">1238.6578</dst>
      <dst id="8">3445.1911</dst>
      <dst id="18">4220.0089</dst>
      <dst id="4">80167.6267</dst>
      <dst id="1">7450.0000</dst>
      <dst id="5">3471.8400</dst>
      <dst id="3">6932.5422</dst>
      <dst id="22">26945.7956</dst>
      <dst id="7">7560.9156</dst>
      <dst id="2">74221.4844</dst>
      <dst id="6">1.7067</dst>
      <dst id="16">5963.2622</dst>
      <dst id="14">180.1511</dst>
      <dst id="20">2574.3289</dst>
      <dst id="11">3592.6489</dst>
      <dst id="9">16657.4222</dst>
      <dst id="17">66028.9867</dst>
      <dst id="21">8765.8400</dst>
      <dst id="15">112.9778</dst>
    </src>
    <src id="13">
      <dst id="12">43738.3378</dst>
      <dst id="19">27923.4933</dst>
      <dst id="23">29.4400</dst>
      <dst id="8">1834.0889</dst>
      <dst id="18">5603.7956</dst>
      <dst id="1">3424.9600</dst>
      <dst id="5">21692.9600</dst>
      <dst id="3">5336.6133</dst>
      <dst id="22">24496.6933</dst>
      <dst id="7">14587.5644</dst>
      <dst id="2">128551.7867</dst>
      <dst id="6">131.1822</dst>
      <dst id="16">5928.2844</dst>
      <dst id="14">1047.0222</dst>
      <dst id="20">16085.6622</dst>
      <dst id="11">14375.6267</dst>
      <dst id="9">12936.6044</dst>
      <dst id="17">41118.4978</dst>
      <dst id="21">22516.2489</dst>
      <dst id="15">3374.2578</dst>
    </src>
    <src id="19">
      <dst id="12">15096.7733</dst>
      <dst id="13">1238.1333</dst>
      <dst id="23">12.9600</dst>
      <dst id="8">1.1111</dst>
      <dst id="18">69.3333</dst>
      <dst id="4">21473.4311</dst>
      <dst id="1">503.7244</dst>
      <dst id="5">178.6311</dst>
      <dst id="3">627.8400</dst>
      <dst id="22">347.2444</dst>
      <dst id="7">3947.4044</dst>
      <dst id="2">117.6889</dst>
      <dst id="6">114.5156</dst>
      <dst id="16">7165.7067</dst>
      <dst id="14">3.7689</dst>
      <dst id="20">1150.7911</dst>
      <dst id="11">4.5867</dst>
      <dst id="9">213.2800</dst>
      <dst id="17">498.4978</dst>
      <dst id="21">655.9911</dst>
    </src>
    <src id="23">
      <dst id="12">385.9644</dst>
      <dst id="13">94.9778</dst>
      <dst id="19">19.8844</dst>
      <dst id="8">12.4800</dst>
      <dst id="4">82.7911</dst>
      <dst id="1">28.5689</dst>
      <dst id="5">40.5156</dst>
      <dst id="3">53.8222</dst>
      <dst id="22">53.7067</dst>
      <dst id="7">743.6089</dst>
      <dst id="2">668.6311</dst>
      <dst id="6">0.3556</dst>
      <dst id="16">104.8533</dst>
      <dst id="20">1.5111</dst>
      <dst id="11">69.1911</dst>
      <dst id="9">333.3600</dst>
      <dst id="17">329.1111</dst>
      <dst id="21">30.0444</dst>
    </src>
    <src id="8">
      <dst id="12">312436.2400</dst>
      <dst id="13">249.4844</dst>
      <dst id="19">2.9333</dst>
      <dst id="23">1704.4622</dst>
      <dst id="18">192.6844</dst>
      <dst id="4">10881.6356</dst>
      <dst id="1">901.6622</dst>
      <dst id="5">1371.6978</dst>
      <dst id="3">187.3067</dst>
      <dst id="22">779.9644</dst>
      <dst id="7">4.3822</dst>
      <dst id="2">132625.2978</dst>
      <dst id="6">1.0667</dst>
      <dst id="16">560.6222</dst>
      <dst id="14">0.7467</dst>
      <dst id="20">144.3378</dst>
      <dst id="11">430.2756</dst>
      <dst id="9">619.4311</dst>
      <dst id="17">120529.1467</dst>
      <dst id="21">310.9333</dst>
      <dst id="15">31.2533</dst>
    </src>
    <src id="18">
      <dst id="12">104837.6622</dst>
      <dst id="13">1384.3644</dst>
      <dst id="19">3.1911</dst>
      <dst id="23">1.7422</dst>
      <dst id="8">14.9333</dst>
      <dst id="4">3091.6800</dst>
      <dst id="1">1131.3956</dst>
      <dst id="5">560.4444</dst>
      <dst id="3">88.3911</dst>
      <dst id="22">208.3200</dst>
      <dst id="7">33.4489</dst>
      <dst id="2">30422.9600</dst>
      <dst id="16">15.5289</dst>
      <dst id="20">15.7600</dst>
      <dst id="11">575.5822</dst>
      <dst id="9">293.3689</dst>
      <dst id="17">41986.8089</dst>
      <dst id="21">621.1289</dst>
      <dst id="15">2.3467</dst>
    </src>
    <src id="4">
      <dst id="12">12776.0089</dst>
      <dst id="19">8118.5778</dst>
      <dst id="23">0.4622</dst>
      <dst id="8">3847.2000</dst>
      <dst id="18">2627.2000</dst>
      <dst id="4">1.1289</dst>
      <dst id="1">19408.1689</dst>
      <dst id="5">2053.8933</dst>
      <dst id="3">101.2356</dst>
      <dst id="22">4137.6978</dst>
      <dst id="7">121489.2444</dst>
      <dst id="2">84156.8978</dst>
      <dst id="6">132.0089</dst>
      <dst id="16">992.8356</dst>
      <dst id="14">857.2444</dst>
      <dst id="20">518.6044</dst>
      <dst id="11">2396.3022</dst>
      <dst id="9">3441.1022</dst>
      <dst id="17">97859.8667</dst>
      <dst id="21">5238.5333</dst>
      <dst id="15">382.3822</dst>
    </src>
    <src id="1">
      <dst id="12">20624.6311</dst>
      <dst id="13">998.9156</dst>
      <dst id="19">16.5244</dst>
      <dst id="23">31.6889</dst>
      <dst id="8">113315.7244</dst>
      <dst id="18">12684.0711</dst>
      <dst id="4">9643.9822</dst>
      <dst id="1">19059.8756</dst>
      <dst id="5">164324.8089</dst>
      <dst id="3">453.1556</dst>
      <dst id="22">3564.8267</dst>
      <dst id="7">919.1378</dst>
      <dst id="2">2577.4222</dst>
      <dst id="6">13279.4311</dst>
      <dst id="16">11737.3333</dst>
      <dst id="14">55.7244</dst>
      <dst id="20">27.6889</dst>
      <dst id="11">525.3156</dst>
      <dst id="9">174298.4178</dst>
      <dst id="17">2867.1644</dst>
      <dst id="21">3451.4222</dst>
      <dst id="15">870.7733</dst>
    </src>
    <src id="5">
      <dst id="12">291858.7467</dst>
      <dst id="13">11100.1156</dst>
      <dst id="19">131.1822</dst>
      <dst id="23">46.3467</dst>
      <dst id="8">828.2844</dst>
      <dst id="18">390.6133</dst>
      <dst id="4">4636.8356</dst>
      <dst id="1">250.6933</dst>
      <dst id="3">14.0444</dst>
      <dst id="22">2911.3333</dst>
      <dst id="7">290.2667</dst>
      <dst id="2">119408.6844</dst>
      <dst id="6">53.1200</dst>
      <dst id="16">211.8222</dst>
      <dst id="14">2.4533</dst>
      <dst id="20">1077.4667</dst>
      <dst id="11">2459.0311</dst>
      <dst id="9">1321.6089</dst>
      <dst id="17">110154.3022</dst>
      <dst id="21">263.4400</dst>
      <dst id="15">128.5156</dst>
    </src>
    <src id="3">
      <dst id="12">8635.0578</dst>
      <dst id="13">3356.2044</dst>
      <dst id="19">5962.3822</dst>
      <dst id="23">409.7867</dst>
      <dst id="8">210.5244</dst>
      <dst id="18">75810.1511</dst>
      <dst id="4">37199.7067</dst>
      <dst id="1">19494.1333</dst>
      <dst id="5">265.0667</dst>
      <dst id="3">10518.3111</dst>
      <dst id="22">486.3911</dst>
      <dst id="7">2169.0933</dst>
      <dst id="2">4567.7067</dst>
      <dst id="16">1863.4311</dst>
      <dst id="14">19404.9511</dst>
      <dst id="20">49.8667</dst>
      <dst id="11">137242.4089</dst>
      <dst id="9">4411.5733</dst>
      <dst id="17">9557.5911</dst>
      <dst id="21">4498.9333</dst>
      <dst id="15">44.2933</dst>
    </src>
    <src id="10">
      <dst id="12">16583.1289</dst>
      <dst id="19">1804.7556</dst>
      <dst id="8">657.5111</dst>
      <dst id="18">3555.0400</dst>
      <dst id="1">912.8356</dst>
      <dst id="5">878.7111</dst>
      <dst id="3">10625.8489</dst>
      <dst id="22">5246.3822</dst>
      <dst id="7">9337.6800</dst>
      <dst id="2">20661.4400</dst>
      <dst id="16">2922.6933</dst>
      <dst id="14">5420.8178</dst>
      <dst id="20">5153.0400</dst>
      <dst id="11">4880.9956</dst>
      <dst id="9">5361.6800</dst>
      <dst id="17">19575.3600</dst>
      <dst id="21">5730.2400</dst>
      <dst id="15">452.1333</dst>
    </src>
    <src id="22">
      <dst id="12">7451.8756</dst>
      <dst id="13">5816.4889</dst>
      <dst id="19">65.6711</dst>
      <dst id="23">1179.2622</dst>
      <dst id="8">338.9867</dst>
      <dst id="18">670.3200</dst>
      <dst id="4">19846.2667</dst>
      <dst id="1">307.3600</dst>
      <dst id="5">3115.7244</dst>
      <dst id="3">942.8000</dst>
      <dst id="7">1315.6178</dst>
      <dst id="2">2042.7467</dst>
      <dst id="6">0.4622</dst>
      <dst id="16">3.5556</dst>
      <dst id="14">12.1422</dst>
      <dst id="11">2099.5822</dst>
      <dst id="9">5771.2622</dst>
      <dst id="17">4617.8400</dst>
      <dst id="21">1870.0889</dst>
    </src>
    <src id="7">
      <dst id="12">5678.2756</dst>
      <dst id="13">260.8978</dst>
      <dst id="19">129.8578</dst>
      <dst id="23">69.8400</dst>
      <dst id="8">377.9644</dst>
      <dst id="18">212.5956</dst>
      <dst id="4">17594.0356</dst>
      <dst id="1">1416.8444</dst>
      <dst id="5">1328.0267</dst>
      <dst id="3">377.0222</dst>
      <dst id="22">4543.6889</dst>
      <dst id="7">742.5067</dst>
      <dst id="2">7227.8044</dst>
      <dst id="6">42.2311</dst>
      <dst id="16">413.4400</dst>
      <dst id="14">81.2178</dst>
      <dst id="20">136.0711</dst>
      <dst id="11">1191.9200</dst>
      <dst id="9">1586.6844</dst>
      <dst id="17">14325.8222</dst>
      <dst id="21">1628.1333</dst>
      <dst id="15">73.7600</dst>
    </src>
    <src id="2">
      <dst id="12">72136.4711</dst>
      <dst id="13">519286.1867</dst>
      <dst id="19">338.9244</dst>
      <dst id="23">10.1689</dst>
      <dst id="8">521.8578</dst>
      <dst id="18">62714.4089</dst>
      <dst id="4">105332.5867</dst>
      <dst id="1">10552.9956</dst>
      <dst id="5">980.0089</dst>
      <dst id="3">51.5111</dst>
      <dst id="22">1136.5333</dst>
      <dst id="7">2316.5956</dst>
      <dst id="2">710.5422</dst>
      <dst id="6">7408.8533</dst>
      <dst id="16">2777.5289</dst>
      <dst id="14">5289.4489</dst>
      <dst id="20">1844.7022</dst>
      <dst id="11">2907.4222</dst>
      <dst id="9">538.9067</dst>
      <dst id="17">26782.8178</dst>
      <dst id="21">5146.6133</dst>
      <dst id="15">14475.2711</dst>
    </src>
    <src id="6">
      <dst id="12">8589.3067</dst>
      <dst id="13">22.3733</dst>
      <dst id="19">2.0356</dst>
      <dst id="8">160.5333</dst>
      <dst id="18">1.1378</dst>
      <dst id="4">1162.2044</dst>
      <dst id="1">2.0622</dst>
      <dst id="5">0.8800</dst>
      <dst id="7">0.3556</dst>
      <dst id="2">2928.2133</dst>
      <dst id="16">1.4222</dst>
      <dst id="20">0.6044</dst>
      <dst id="11">0.6933</dst>
      <dst id="17">1195.4133</dst>
      <dst id="21">12.7022</dst>
      <dst id="15">0.9689</dst>
    </src>
    <src id="16">
      <dst id="12">3399.5289</dst>
      <dst id="13">721.3867</dst>
      <dst id="19">2591.0578</dst>
      <dst id="23">5.7333</dst>
      <dst id="8">2405.4222</dst>
      <dst id="18">22.1156</dst>
      <dst id="4">4410.5422</dst>
      <dst id="1">14055.4756</dst>
      <dst id="5">1929.1111</dst>
      <dst id="3">2.4444</dst>
      <dst id="7">12803.2178</dst>
      <dst id="2">821.8933</dst>
      <dst id="6">67.0133</dst>
      <dst id="16">39.2711</dst>
      <dst id="14">189.5556</dst>
      <dst id="11">384.5333</dst>
      <dst id="9">3334.1244</dst>
      <dst id="17">919.2622</dst>
      <dst id="21">2330.0356</dst>
    </src>
    <src id="14">
      <dst id="12">13395.3867</dst>
      <dst id="13">27.0756</dst>
      <dst id="19">4.9067</dst>
      <dst id="23">0.3556</dst>
      <dst id="18">0.6044</dst>
      <dst id="4">1712.9778</dst>
      <dst id="1">55.5111</dst>
      <dst id="5">0.4800</dst>
      <dst id="3">75.0133</dst>
      <dst id="22">25.7422</dst>
      <dst id="7">47.7600</dst>
      <dst id="2">4630.8444</dst>
      <dst id="16">84.4889</dst>
      <dst id="20">43.6267</dst>
      <dst id="11">15.5911</dst>
      <dst id="9">66.4000</dst>
      <dst id="17">5050.7644</dst>
      <dst id="21">171.6800</dst>
      <dst id="15">1.3600</dst>
    </src>
    <src id="20">
      <dst id="12">3986.5956</dst>
      <dst id="13">6068.7644</dst>
      <dst id="19">133.7511</dst>
      <dst id="23">60.1244</dst>
      <dst id="8">82.0800</dst>
      <dst id="18">1.6444</dst>
      <dst id="4">17986.3378</dst>
      <dst id="1">168.1422</dst>
      <dst id="5">2162.7822</dst>
      <dst id="3">311.8489</dst>
      <dst id="7">234.7733</dst>
      <dst id="2">2033.5200</dst>
      <dst id="14">0.4622</dst>
      <dst id="11">1880.0622</dst>
      <dst id="9">3045.8400</dst>
      <dst id="17">415.8844</dst>
      <dst id="21">559.3867</dst>
    </src>
    <src id="11">
      <dst id="12">383265.0311</dst>
      <dst id="13">3949.7956</dst>
      <dst id="19">337.9289</dst>
      <dst id="23">19.2000</dst>
      <dst id="8">358.2578</dst>
      <dst id="18">77.7778</dst>
      <dst id="4">15470.0800</dst>
      <dst id="1">463.8489</dst>
      <dst id="5">695.2711</dst>
      <dst id="3">453.9111</dst>
      <dst id="22">2490.8178</dst>
      <dst id="7">273.3244</dst>
      <dst id="2">147596.0711</dst>
      <dst id="6">0.3378</dst>
      <dst id="16">127.2000</dst>
      <dst id="14">32.3911</dst>
      <dst id="20">433.8578</dst>
      <dst id="11">1678.8000</dst>
      <dst id="9">2432.5689</dst>
      <dst id="17">152376.1956</dst>
      <dst id="21">757.6356</dst>
      <dst id="15">239.4756</dst>
    </src>
    <src id="9">
      <dst id="12">391939.3067</dst>
      <dst id="13">21889.2711</dst>
      <dst id="19">40.7022</dst>
      <dst id="23">15.0044</dst>
      <dst id="8">1500.3733</dst>
      <dst id="18">649.5467</dst>
      <dst id="4">17137.0400</dst>
      <dst id="1">745.6533</dst>
      <dst id="5">1357.2978</dst>
      <dst id="22">13213.6533</dst>
      <dst id="7">460.7644</dst>
      <dst id="2">146446.1067</dst>
      <dst id="6">0.4622</dst>
      <dst id="16">426.7822</dst>
      <dst id="14">16.1244</dst>
      <dst id="20">734.6844</dst>
      <dst id="11">713.6089</dst>
      <dst id="9">94.3911</dst>
      <dst id="17">191022.2311</dst>
      <dst id="21">712.6222</dst>
      <dst id="15">1109.6711</dst>
    </src>
    <src id="17">
      <dst id="12">14497.4133</dst>
      <dst id="13">4128.5867</dst>
      <dst id="19">625.1200</dst>
      <dst id="23">29.9822</dst>
      <dst id="8">148826.4800</dst>
      <dst id="18">648.6667</dst>
      <dst id="4">157853.6889</dst>
      <dst id="1">2693.9822</dst>
      <dst id="5">159773.9289</dst>
      <dst id="3">4978.7733</dst>
      <dst id="22">3772.3733</dst>
      <dst id="7">4274.2489</dst>
      <dst id="2">25637.5911</dst>
      <dst id="6">100.5067</dst>
      <dst id="16">4604.9689</dst>
      <dst id="14">24676.9956</dst>
      <dst id="20">283.7244</dst>
      <dst id="11">105184.5956</dst>
      <dst id="9">147765.4756</dst>
      <dst id="17">3343.7600</dst>
      <dst id="21">3213.2444</dst>
      <dst id="15">25.3333</dst>
    </src>
    <src id="21">
      <dst id="12">19224.2578</dst>
      <dst id="13">750.9689</dst>
      <dst id="19">80.7467</dst>
      <dst id="23">91.0222</dst>
      <dst id="8">285.9644</dst>
      <dst id="18">4104.7733</dst>
      <dst id="4">21960.6222</dst>
      <dst id="1">1294.7378</dst>
      <dst id="5">193.0667</dst>
      <dst id="3">1160.2044</dst>
      <dst id="22">3980.2489</dst>
      <dst id="7">2992.8800</dst>
      <dst id="2">8079.9378</dst>
      <dst id="6">1.2356</dst>
      <dst id="16">414.4889</dst>
      <dst id="14">46.6933</dst>
      <dst id="20">298.8711</dst>
      <dst id="11">614.0267</dst>
      <dst id="9">889.2533</dst>
      <dst id="17">3453.4756</dst>
      <dst id="21">1582.4533</dst>
      <dst id="15">8.5244</dst>
    </src>
    <src id="15">
      <dst id="12">170.4178</dst>
      <dst id="13">376.7467</dst>
      <dst id="23">0.6400</dst>
      <dst id="8">81.5022</dst>
      <dst id="18">0.9956</dst>
      <dst id="4">2623.3600</dst>
      <dst id="1">572.7822</dst>
      <dst id="5">351.5200</dst>
      <dst id="3">12.6222</dst>
      <dst id="7">92.1422</dst>
      <dst id="2">402.6044</dst>
      <dst id="6">0.8533</dst>
      <dst id="14">0.7111</dst>
      <dst id="11">8.0889</dst>
      <dst id="9">1075.1200</dst>
      <dst id="17">758.1600</dst>
      <dst id="21">49.9822</dst>
    </src>
  </IntraTM>
</TrafficMatrixFile>
