<?xml version="1.0" encoding="UTF-8" standalone="yes"?>
<TrafficMatrixFile xmlns:xsi="http://www.w3.org/2001/XMLSchema-instance" xsi:noNamespaceSchemaLocation="http://totem.run.montefiore.ulg.ac.be/Schema/TrafficMatrix-v1_2.xsd">
  <info>
    <title>Intradomain traffic matrix generated by geant-TM-all.pl</title>
    <date>2005-01-06T00:15:00</date>
    <duration>900</duration>
    <author>Steve Uhlig</author>
    <units>
        <unit type="bandwidth" value="kbps"/>
    </units>
  </info>
  <IntraTM ASID="20965">
    <src id="12">
      <dst id="12">331489.1378</dst>
      <dst id="13">40612.8089</dst>
      <dst id="19">7339.2089</dst>
      <dst id="23">897.5378</dst>
      <dst id="8">10069.5911</dst>
      <dst id="18">7275.7778</dst>
      <dst id="4">106916.0711</dst>
      <dst id="1">10605.4400</dst>
      <dst id="5">6430.7378</dst>
      <dst id="3">16959.3689</dst>
      <dst id="22">39310.2133</dst>
      <dst id="7">22868.0178</dst>
      <dst id="2">127186.0533</dst>
      <dst id="6">75.0400</dst>
      <dst id="16">10648.2311</dst>
      <dst id="14">707.6711</dst>
      <dst id="20">22083.7067</dst>
      <dst id="11">8938.8711</dst>
      <dst id="9">11749.2267</dst>
      <dst id="17">121629.6267</dst>
      <dst id="21">18090.5956</dst>
      <dst id="15">6881.4667</dst>
    </src>
    <src id="13">
      <dst id="12">92101.3600</dst>
      <dst id="19">22136.3822</dst>
      <dst id="23">2347.7600</dst>
      <dst id="8">11245.8044</dst>
      <dst id="18">15098.6311</dst>
      <dst id="1">20906.1778</dst>
      <dst id="5">10430.3911</dst>
      <dst id="3">36193.6622</dst>
      <dst id="22">25043.1022</dst>
      <dst id="7">47193.1289</dst>
      <dst id="2">138483.9378</dst>
      <dst id="6">252.9867</dst>
      <dst id="16">16383.1556</dst>
      <dst id="14">5303.4133</dst>
      <dst id="20">17071.0578</dst>
      <dst id="11">40032.5067</dst>
      <dst id="9">38319.7956</dst>
      <dst id="17">122229.9556</dst>
      <dst id="21">52973.0756</dst>
      <dst id="15">9905.1644</dst>
    </src>
    <src id="19">
      <dst id="12">15648.4000</dst>
      <dst id="13">2451.1022</dst>
      <dst id="23">244.4889</dst>
      <dst id="8">120.0089</dst>
      <dst id="18">111.9644</dst>
      <dst id="4">18432.8800</dst>
      <dst id="1">5110.2578</dst>
      <dst id="5">141.5911</dst>
      <dst id="3">717.6889</dst>
      <dst id="22">1206.4356</dst>
      <dst id="7">11346.1333</dst>
      <dst id="2">7311.7511</dst>
      <dst id="6">195.4933</dst>
      <dst id="16">5845.2978</dst>
      <dst id="14">4.6133</dst>
      <dst id="20">44.8889</dst>
      <dst id="11">1444.5333</dst>
      <dst id="9">546.7289</dst>
      <dst id="17">11030.6222</dst>
      <dst id="21">1680.0267</dst>
      <dst id="15">30.2933</dst>
    </src>
    <src id="23">
      <dst id="12">3936.5333</dst>
      <dst id="13">669.7244</dst>
      <dst id="19">164.4356</dst>
      <dst id="8">601.6800</dst>
      <dst id="18">81.6711</dst>
      <dst id="4">60.1867</dst>
      <dst id="1">107.2178</dst>
      <dst id="5">115.0400</dst>
      <dst id="3">730.3022</dst>
      <dst id="22">775.7511</dst>
      <dst id="7">1239.7333</dst>
      <dst id="2">1373.0489</dst>
      <dst id="6">4.7467</dst>
      <dst id="16">264.9778</dst>
      <dst id="14">13.3333</dst>
      <dst id="20">159.4933</dst>
      <dst id="11">2035.5556</dst>
      <dst id="9">1900.7111</dst>
      <dst id="17">1653.2711</dst>
      <dst id="21">3049.7244</dst>
      <dst id="15">93.3333</dst>
    </src>
    <src id="8">
      <dst id="12">374976.1867</dst>
      <dst id="13">2649.8933</dst>
      <dst id="19">507.8311</dst>
      <dst id="23">49.7422</dst>
      <dst id="18">3562.0978</dst>
      <dst id="4">4020.9689</dst>
      <dst id="1">1184.2133</dst>
      <dst id="5">16940.6222</dst>
      <dst id="3">0.8178</dst>
      <dst id="22">1991.2000</dst>
      <dst id="7">258.1156</dst>
      <dst id="2">146403.3333</dst>
      <dst id="6">1.2533</dst>
      <dst id="16">2245.7689</dst>
      <dst id="14">13.7600</dst>
      <dst id="20">3170.5956</dst>
      <dst id="11">555.4933</dst>
      <dst id="9">735.5556</dst>
      <dst id="17">166548.1422</dst>
      <dst id="21">1178.0000</dst>
      <dst id="15">2581.9378</dst>
    </src>
    <src id="18">
      <dst id="12">136553.7956</dst>
      <dst id="13">497.6000</dst>
      <dst id="19">208.4000</dst>
      <dst id="23">16.8089</dst>
      <dst id="8">1931.9378</dst>
      <dst id="4">1976.7111</dst>
      <dst id="1">1503.8756</dst>
      <dst id="5">825.0756</dst>
      <dst id="3">302.3911</dst>
      <dst id="22">415.4489</dst>
      <dst id="7">427.7956</dst>
      <dst id="2">45356.0800</dst>
      <dst id="16">458.6222</dst>
      <dst id="14">4.8356</dst>
      <dst id="20">115.6267</dst>
      <dst id="11">955.3511</dst>
      <dst id="9">366.0444</dst>
      <dst id="17">60384.1689</dst>
      <dst id="21">1212.3911</dst>
      <dst id="15">776.2044</dst>
    </src>
    <src id="4">
      <dst id="12">29156.3467</dst>
      <dst id="19">13706.0533</dst>
      <dst id="23">0.8533</dst>
      <dst id="8">2598.1422</dst>
      <dst id="18">1780.9956</dst>
      <dst id="4">1.3067</dst>
      <dst id="1">38450.5600</dst>
      <dst id="5">3063.1822</dst>
      <dst id="3">1641.4222</dst>
      <dst id="22">9068.2578</dst>
      <dst id="7">48112.5689</dst>
      <dst id="2">94408.3911</dst>
      <dst id="6">52.4533</dst>
      <dst id="16">4548.1689</dst>
      <dst id="14">3513.7156</dst>
      <dst id="20">3300.6133</dst>
      <dst id="11">8539.9822</dst>
      <dst id="9">6551.8578</dst>
      <dst id="17">44954.8089</dst>
      <dst id="21">10709.0667</dst>
      <dst id="15">385.3511</dst>
    </src>
    <src id="1">
      <dst id="12">17385.3067</dst>
      <dst id="13">16950.4533</dst>
      <dst id="19">1132.0444</dst>
      <dst id="23">921.1822</dst>
      <dst id="8">198592.5778</dst>
      <dst id="18">25340.8622</dst>
      <dst id="4">24613.3867</dst>
      <dst id="1">32027.6978</dst>
      <dst id="5">304424.4178</dst>
      <dst id="3">2652.2844</dst>
      <dst id="22">10313.2622</dst>
      <dst id="7">47295.4400</dst>
      <dst id="2">28388.0889</dst>
      <dst id="6">18070.5956</dst>
      <dst id="16">15343.5200</dst>
      <dst id="14">1051.0844</dst>
      <dst id="20">551.9822</dst>
      <dst id="11">3776.6311</dst>
      <dst id="9">381295.4578</dst>
      <dst id="17">38922.9156</dst>
      <dst id="21">39088.4000</dst>
      <dst id="15">383.4400</dst>
    </src>
    <src id="5">
      <dst id="12">361342.4178</dst>
      <dst id="13">3261.4044</dst>
      <dst id="19">411.1556</dst>
      <dst id="23">55.4222</dst>
      <dst id="8">16020.6667</dst>
      <dst id="18">890.4622</dst>
      <dst id="4">9343.3422</dst>
      <dst id="1">4379.8489</dst>
      <dst id="3">26.3467</dst>
      <dst id="22">5228.3022</dst>
      <dst id="7">1397.5911</dst>
      <dst id="2">164568.7289</dst>
      <dst id="6">14.2933</dst>
      <dst id="16">2221.6533</dst>
      <dst id="14">3.8489</dst>
      <dst id="20">12196.7111</dst>
      <dst id="11">6652.4889</dst>
      <dst id="9">4933.0400</dst>
      <dst id="17">141439.2089</dst>
      <dst id="21">1031.0933</dst>
      <dst id="15">8703.6089</dst>
    </src>
    <src id="3">
      <dst id="12">13211.4133</dst>
      <dst id="13">4082.2667</dst>
      <dst id="19">1831.8578</dst>
      <dst id="23">4658.5333</dst>
      <dst id="8">1847.7244</dst>
      <dst id="18">262996.8533</dst>
      <dst id="4">36877.7244</dst>
      <dst id="1">15589.4400</dst>
      <dst id="5">779.0311</dst>
      <dst id="3">21297.7244</dst>
      <dst id="22">3726.2578</dst>
      <dst id="7">55951.6711</dst>
      <dst id="2">18450.8533</dst>
      <dst id="6">11.1733</dst>
      <dst id="16">2003.3867</dst>
      <dst id="14">65058.2400</dst>
      <dst id="20">393.5822</dst>
      <dst id="11">342400.9511</dst>
      <dst id="9">2171.6800</dst>
      <dst id="17">14895.5200</dst>
      <dst id="21">19656.5422</dst>
      <dst id="15">393.5378</dst>
    </src>
    <src id="10">
      <dst id="12">22310.6667</dst>
      <dst id="19">5119.5022</dst>
      <dst id="8">2811.0578</dst>
      <dst id="18">4739.4044</dst>
      <dst id="1">3535.8044</dst>
      <dst id="5">1756.8978</dst>
      <dst id="3">11198.7822</dst>
      <dst id="22">5905.0044</dst>
      <dst id="7">21765.5111</dst>
      <dst id="2">59968.3467</dst>
      <dst id="6">29.4578</dst>
      <dst id="16">10362.7733</dst>
      <dst id="14">3278.3111</dst>
      <dst id="20">2570.9333</dst>
      <dst id="11">8509.8844</dst>
      <dst id="9">3212.8711</dst>
      <dst id="17">31396.6311</dst>
      <dst id="21">15975.1733</dst>
      <dst id="15">337.8667</dst>
    </src>
    <src id="22">
      <dst id="12">8889.1378</dst>
      <dst id="13">3902.6667</dst>
      <dst id="19">2311.5822</dst>
      <dst id="23">51.8756</dst>
      <dst id="8">1456.9156</dst>
      <dst id="18">614.3022</dst>
      <dst id="4">19704.3822</dst>
      <dst id="1">4496.2044</dst>
      <dst id="5">4339.4667</dst>
      <dst id="3">1664.2578</dst>
      <dst id="7">3802.3289</dst>
      <dst id="2">5717.8400</dst>
      <dst id="6">60.0533</dst>
      <dst id="16">1.3511</dst>
      <dst id="14">91.9022</dst>
      <dst id="11">5649.9733</dst>
      <dst id="9">2032.7111</dst>
      <dst id="17">9183.8489</dst>
      <dst id="21">2240.0622</dst>
    </src>
    <src id="7">
      <dst id="12">7576.7556</dst>
      <dst id="13">6910.9067</dst>
      <dst id="19">4560.3467</dst>
      <dst id="23">376.0444</dst>
      <dst id="8">1314.0089</dst>
      <dst id="18">1427.6267</dst>
      <dst id="4">103396.5244</dst>
      <dst id="1">34630.3289</dst>
      <dst id="5">1850.3911</dst>
      <dst id="3">6421.3333</dst>
      <dst id="22">5199.5822</dst>
      <dst id="7">855.0400</dst>
      <dst id="2">33334.4711</dst>
      <dst id="6">121.5378</dst>
      <dst id="16">3246.0978</dst>
      <dst id="14">455.2000</dst>
      <dst id="20">2642.0622</dst>
      <dst id="11">1844.4889</dst>
      <dst id="9">3459.3244</dst>
      <dst id="17">22138.8711</dst>
      <dst id="21">13660.9156</dst>
      <dst id="15">1443.4489</dst>
    </src>
    <src id="2">
      <dst id="12">160153.1733</dst>
      <dst id="13">513673.6533</dst>
      <dst id="19">6592.6933</dst>
      <dst id="23">67.0844</dst>
      <dst id="8">1267.6267</dst>
      <dst id="18">182651.7422</dst>
      <dst id="4">113817.6267</dst>
      <dst id="1">17803.6622</dst>
      <dst id="5">2053.0222</dst>
      <dst id="3">2745.4667</dst>
      <dst id="22">4261.2711</dst>
      <dst id="7">20929.9822</dst>
      <dst id="2">1184.5778</dst>
      <dst id="6">11506.8889</dst>
      <dst id="16">4207.9644</dst>
      <dst id="14">5349.1467</dst>
      <dst id="20">1318.8178</dst>
      <dst id="11">11758.3378</dst>
      <dst id="9">3978.5067</dst>
      <dst id="17">46171.5378</dst>
      <dst id="21">5114.3022</dst>
      <dst id="15">1572.0622</dst>
    </src>
    <src id="6">
      <dst id="12">12096.5956</dst>
      <dst id="13">67.5911</dst>
      <dst id="19">43.4756</dst>
      <dst id="23">15.6533</dst>
      <dst id="18">72.1956</dst>
      <dst id="4">117.2978</dst>
      <dst id="1">168.5422</dst>
      <dst id="5">1.5289</dst>
      <dst id="3">10.6222</dst>
      <dst id="22">35.6889</dst>
      <dst id="7">314.6311</dst>
      <dst id="2">2565.9022</dst>
      <dst id="16">10.8533</dst>
      <dst id="14">0.6489</dst>
      <dst id="20">22.9333</dst>
      <dst id="11">46.9156</dst>
      <dst id="9">0.9244</dst>
      <dst id="17">2613.5556</dst>
      <dst id="21">101.4400</dst>
      <dst id="15">12.6044</dst>
    </src>
    <src id="16">
      <dst id="12">3831.7156</dst>
      <dst id="13">1304.3467</dst>
      <dst id="19">4501.8400</dst>
      <dst id="23">91.4133</dst>
      <dst id="8">9222.7644</dst>
      <dst id="18">211.8489</dst>
      <dst id="4">9781.1111</dst>
      <dst id="1">22240.0178</dst>
      <dst id="5">5913.3778</dst>
      <dst id="3">324.4533</dst>
      <dst id="7">7924.4089</dst>
      <dst id="2">3650.3022</dst>
      <dst id="6">75.1556</dst>
      <dst id="16">42.9067</dst>
      <dst id="14">581.8667</dst>
      <dst id="11">602.1956</dst>
      <dst id="9">11910.9689</dst>
      <dst id="17">10759.2533</dst>
      <dst id="21">3289.7333</dst>
    </src>
    <src id="14">
      <dst id="12">25708.8267</dst>
      <dst id="13">173.9022</dst>
      <dst id="19">4.9422</dst>
      <dst id="23">30.5067</dst>
      <dst id="8">0.3556</dst>
      <dst id="18">13.0844</dst>
      <dst id="4">4884.9956</dst>
      <dst id="1">203.2000</dst>
      <dst id="5">23.5378</dst>
      <dst id="3">581.9467</dst>
      <dst id="22">19.6533</dst>
      <dst id="7">246.7378</dst>
      <dst id="2">7287.5467</dst>
      <dst id="16">103.0489</dst>
      <dst id="11">65.4578</dst>
      <dst id="9">206.9689</dst>
      <dst id="17">8803.5822</dst>
      <dst id="21">119.5556</dst>
      <dst id="15">14.3556</dst>
    </src>
    <src id="20">
      <dst id="12">9302.8267</dst>
      <dst id="13">22982.5867</dst>
      <dst id="19">1865.4933</dst>
      <dst id="23">173.3778</dst>
      <dst id="8">676.9778</dst>
      <dst id="18">1324.8889</dst>
      <dst id="4">9384.1244</dst>
      <dst id="1">174.7556</dst>
      <dst id="5">3723.0400</dst>
      <dst id="3">3260.9067</dst>
      <dst id="7">608.5156</dst>
      <dst id="2">8822.5067</dst>
      <dst id="6">11.3333</dst>
      <dst id="16">0.4089</dst>
      <dst id="14">1.1911</dst>
      <dst id="11">332.0800</dst>
      <dst id="9">10394.0356</dst>
      <dst id="17">9926.7111</dst>
      <dst id="21">568.0267</dst>
    </src>
    <src id="11">
      <dst id="12">508258.9867</dst>
      <dst id="13">15936.1333</dst>
      <dst id="19">1883.5467</dst>
      <dst id="23">11299.4933</dst>
      <dst id="8">928.3378</dst>
      <dst id="18">1369.5822</dst>
      <dst id="4">15630.4089</dst>
      <dst id="1">1324.1067</dst>
      <dst id="5">2532.8267</dst>
      <dst id="3">2186.4000</dst>
      <dst id="22">5207.8933</dst>
      <dst id="7">8136.3556</dst>
      <dst id="2">207446.5956</dst>
      <dst id="6">530.1156</dst>
      <dst id="16">193.9644</dst>
      <dst id="14">363.9111</dst>
      <dst id="20">7878.8711</dst>
      <dst id="11">2711.2178</dst>
      <dst id="9">3240.8000</dst>
      <dst id="17">208459.1289</dst>
      <dst id="21">1302.2933</dst>
      <dst id="15">102.8267</dst>
    </src>
    <src id="9">
      <dst id="12">510938.8444</dst>
      <dst id="13">9376.0533</dst>
      <dst id="19">10258.0267</dst>
      <dst id="23">426.8889</dst>
      <dst id="8">9924.9689</dst>
      <dst id="18">2007.5556</dst>
      <dst id="4">17385.2711</dst>
      <dst id="1">6024.0000</dst>
      <dst id="5">2502.7822</dst>
      <dst id="3">70.5778</dst>
      <dst id="22">7700.4267</dst>
      <dst id="7">4003.2800</dst>
      <dst id="2">228680.9689</dst>
      <dst id="6">2.6489</dst>
      <dst id="16">1969.5289</dst>
      <dst id="14">20.6311</dst>
      <dst id="20">3396.8444</dst>
      <dst id="11">5803.3867</dst>
      <dst id="9">686.6844</dst>
      <dst id="17">313944.9689</dst>
      <dst id="21">6626.7822</dst>
      <dst id="15">2087.1822</dst>
    </src>
    <src id="17">
      <dst id="12">15357.5467</dst>
      <dst id="13">14219.6356</dst>
      <dst id="19">2168.2311</dst>
      <dst id="23">393.4844</dst>
      <dst id="8">210388.3289</dst>
      <dst id="18">3598.3200</dst>
      <dst id="4">113958.9956</dst>
      <dst id="1">8697.3244</dst>
      <dst id="5">284877.8489</dst>
      <dst id="3">22196.3644</dst>
      <dst id="22">13741.7600</dst>
      <dst id="7">8694.6756</dst>
      <dst id="2">25723.6444</dst>
      <dst id="6">112.5511</dst>
      <dst id="16">10795.3778</dst>
      <dst id="14">50293.9822</dst>
      <dst id="20">13509.1644</dst>
      <dst id="11">261738.0533</dst>
      <dst id="9">342427.6267</dst>
      <dst id="17">2967.3156</dst>
      <dst id="21">28019.8844</dst>
      <dst id="15">1336.3556</dst>
    </src>
    <src id="21">
      <dst id="12">21907.1733</dst>
      <dst id="13">1583.9733</dst>
      <dst id="19">745.5378</dst>
      <dst id="23">233.5822</dst>
      <dst id="8">182.3556</dst>
      <dst id="18">15562.0444</dst>
      <dst id="4">23706.0800</dst>
      <dst id="1">40140.2311</dst>
      <dst id="5">381.3689</dst>
      <dst id="3">23922.3467</dst>
      <dst id="22">1760.3378</dst>
      <dst id="7">6265.2533</dst>
      <dst id="2">26215.9911</dst>
      <dst id="6">58.4622</dst>
      <dst id="16">1186.8622</dst>
      <dst id="14">94.0711</dst>
      <dst id="20">1886.6667</dst>
      <dst id="11">2230.3111</dst>
      <dst id="9">3597.8222</dst>
      <dst id="17">13898.2756</dst>
      <dst id="21">3640.7378</dst>
      <dst id="15">961.9111</dst>
    </src>
    <src id="15">
      <dst id="12">4015.6711</dst>
      <dst id="13">307.9467</dst>
      <dst id="19">609.3689</dst>
      <dst id="23">1.4222</dst>
      <dst id="8">894.4533</dst>
      <dst id="18">70.2222</dst>
      <dst id="4">2954.3556</dst>
      <dst id="1">1169.3422</dst>
      <dst id="5">344.4711</dst>
      <dst id="3">0.9244</dst>
      <dst id="7">1450.9600</dst>
      <dst id="2">408.9600</dst>
      <dst id="14">1.2800</dst>
      <dst id="11">1255.4844</dst>
      <dst id="9">3518.1956</dst>
      <dst id="17">1040.4978</dst>
      <dst id="21">1835.3156</dst>
    </src>
  </IntraTM>
</TrafficMatrixFile>
