<?xml version="1.0" encoding="UTF-8" standalone="yes"?>
<TrafficMatrixFile xmlns:xsi="http://www.w3.org/2001/XMLSchema-instance" xsi:noNamespaceSchemaLocation="http://totem.run.montefiore.ulg.ac.be/Schema/TrafficMatrix-v1_2.xsd">
  <info>
    <title>Intradomain traffic matrix generated by geant-TM-all.pl</title>
    <date>2005-01-05T02:45:00</date>
    <duration>900</duration>
    <author>Steve Uhlig</author>
    <units>
        <unit type="bandwidth" value="kbps"/>
    </units>
  </info>
  <IntraTM ASID="20965">
    <src id="12">
      <dst id="12">281449.2622</dst>
      <dst id="13">23799.8311</dst>
      <dst id="19">5225.8222</dst>
      <dst id="23">139.3156</dst>
      <dst id="8">1914.9600</dst>
      <dst id="18">2808.4000</dst>
      <dst id="4">74628.4444</dst>
      <dst id="1">14778.2400</dst>
      <dst id="5">5072.9244</dst>
      <dst id="3">2514.6578</dst>
      <dst id="22">12437.4756</dst>
      <dst id="7">4069.0400</dst>
      <dst id="2">88765.8933</dst>
      <dst id="6">3.3156</dst>
      <dst id="16">4516.4622</dst>
      <dst id="14">729.1378</dst>
      <dst id="20">5538.7733</dst>
      <dst id="11">6736.4178</dst>
      <dst id="9">6395.6711</dst>
      <dst id="17">73082.3022</dst>
      <dst id="21">1592.9867</dst>
      <dst id="15">799.5200</dst>
    </src>
    <src id="13">
      <dst id="12">52414.6844</dst>
      <dst id="19">6927.6356</dst>
      <dst id="23">4234.5867</dst>
      <dst id="8">2412.2933</dst>
      <dst id="18">2800.2222</dst>
      <dst id="1">3804.5156</dst>
      <dst id="5">13238.2133</dst>
      <dst id="3">6129.4222</dst>
      <dst id="22">20858.3822</dst>
      <dst id="7">13458.7467</dst>
      <dst id="2">90945.4667</dst>
      <dst id="6">269.5378</dst>
      <dst id="16">8557.2178</dst>
      <dst id="14">4689.7067</dst>
      <dst id="20">27108.3733</dst>
      <dst id="11">15563.5556</dst>
      <dst id="9">18803.5289</dst>
      <dst id="17">57611.1200</dst>
      <dst id="21">7418.0444</dst>
      <dst id="15">7561.4489</dst>
    </src>
    <src id="19">
      <dst id="12">16466.9067</dst>
      <dst id="13">315.0489</dst>
      <dst id="23">2.9067</dst>
      <dst id="8">3.8400</dst>
      <dst id="18">27.8667</dst>
      <dst id="4">15021.8667</dst>
      <dst id="1">713.8756</dst>
      <dst id="5">30.6044</dst>
      <dst id="3">0.9156</dst>
      <dst id="22">1094.0800</dst>
      <dst id="7">4962.9422</dst>
      <dst id="2">2579.7244</dst>
      <dst id="6">20.6222</dst>
      <dst id="16">6400.2222</dst>
      <dst id="14">0.5333</dst>
      <dst id="20">117.7333</dst>
      <dst id="11">58.9689</dst>
      <dst id="9">38.7822</dst>
      <dst id="17">672.3289</dst>
      <dst id="21">441.4400</dst>
      <dst id="15">7.2178</dst>
    </src>
    <src id="23">
      <dst id="12">1127.4667</dst>
      <dst id="13">266.4444</dst>
      <dst id="19">67.4133</dst>
      <dst id="18">14.8711</dst>
      <dst id="4">28.4444</dst>
      <dst id="1">996.6933</dst>
      <dst id="5">40.0000</dst>
      <dst id="3">219.8667</dst>
      <dst id="22">217.4489</dst>
      <dst id="7">2263.2356</dst>
      <dst id="2">2.4711</dst>
      <dst id="6">69.5467</dst>
      <dst id="16">4.4089</dst>
      <dst id="14">5.1733</dst>
      <dst id="20">173.3333</dst>
      <dst id="11">58.8711</dst>
      <dst id="9">1540.0356</dst>
      <dst id="17">715.9200</dst>
      <dst id="21">65.6356</dst>
      <dst id="15">0.4622</dst>
    </src>
    <src id="8">
      <dst id="12">353608.1156</dst>
      <dst id="13">1807.5289</dst>
      <dst id="19">47.7333</dst>
      <dst id="18">45.5289</dst>
      <dst id="4">3446.9867</dst>
      <dst id="1">510.0178</dst>
      <dst id="5">2421.0756</dst>
      <dst id="3">38.2844</dst>
      <dst id="22">1050.7467</dst>
      <dst id="7">382.0889</dst>
      <dst id="2">175378.6578</dst>
      <dst id="16">1215.0667</dst>
      <dst id="14">12.4444</dst>
      <dst id="20">24.9067</dst>
      <dst id="11">70.0356</dst>
      <dst id="9">279.0933</dst>
      <dst id="17">121736.9244</dst>
      <dst id="21">187.6000</dst>
      <dst id="15">2122.4533</dst>
    </src>
    <src id="18">
      <dst id="12">98577.3244</dst>
      <dst id="13">213.7244</dst>
      <dst id="19">26.2044</dst>
      <dst id="23">1.4311</dst>
      <dst id="8">145.2889</dst>
      <dst id="4">1719.8756</dst>
      <dst id="1">1044.9156</dst>
      <dst id="5">144.8889</dst>
      <dst id="3">3.0489</dst>
      <dst id="22">144.8444</dst>
      <dst id="7">1673.5556</dst>
      <dst id="2">37015.8933</dst>
      <dst id="16">13.4311</dst>
      <dst id="14">17.5644</dst>
      <dst id="20">27.7956</dst>
      <dst id="11">79.3600</dst>
      <dst id="9">11.5644</dst>
      <dst id="17">33175.8222</dst>
      <dst id="21">565.1111</dst>
      <dst id="15">1.9022</dst>
    </src>
    <src id="4">
      <dst id="12">26879.5200</dst>
      <dst id="19">16331.7600</dst>
      <dst id="23">0.4622</dst>
      <dst id="8">532.3556</dst>
      <dst id="18">207.2444</dst>
      <dst id="4">2.8178</dst>
      <dst id="1">60346.8178</dst>
      <dst id="5">2173.6711</dst>
      <dst id="3">142.7289</dst>
      <dst id="22">3878.6844</dst>
      <dst id="7">34137.2267</dst>
      <dst id="2">74242.5156</dst>
      <dst id="6">17.2356</dst>
      <dst id="16">2836.5511</dst>
      <dst id="14">3843.3778</dst>
      <dst id="20">1264.4089</dst>
      <dst id="11">3611.1822</dst>
      <dst id="9">2824.0178</dst>
      <dst id="17">15498.6756</dst>
      <dst id="21">4892.3200</dst>
      <dst id="15">559.5111</dst>
    </src>
    <src id="1">
      <dst id="12">21850.6222</dst>
      <dst id="13">755.6444</dst>
      <dst id="19">2349.0489</dst>
      <dst id="23">91.2178</dst>
      <dst id="8">129921.9022</dst>
      <dst id="18">14712.5511</dst>
      <dst id="4">13131.6089</dst>
      <dst id="1">8160.7822</dst>
      <dst id="5">234089.5022</dst>
      <dst id="3">138.0978</dst>
      <dst id="22">1849.8311</dst>
      <dst id="7">1108.4444</dst>
      <dst id="2">5879.7511</dst>
      <dst id="6">8147.0133</dst>
      <dst id="16">7789.2444</dst>
      <dst id="14">81.6000</dst>
      <dst id="20">656.3289</dst>
      <dst id="11">1021.8756</dst>
      <dst id="9">228815.5733</dst>
      <dst id="17">9782.3911</dst>
      <dst id="21">1921.2444</dst>
      <dst id="15">126.1778</dst>
    </src>
    <src id="5">
      <dst id="12">339444.5422</dst>
      <dst id="13">2664.1156</dst>
      <dst id="19">77.2356</dst>
      <dst id="23">0.4622</dst>
      <dst id="8">553.2800</dst>
      <dst id="18">1046.0622</dst>
      <dst id="4">8013.2356</dst>
      <dst id="1">1291.1200</dst>
      <dst id="3">1.4844</dst>
      <dst id="22">4350.4178</dst>
      <dst id="7">133.8311</dst>
      <dst id="2">144401.3244</dst>
      <dst id="6">44.0356</dst>
      <dst id="16">2055.6444</dst>
      <dst id="14">17.7511</dst>
      <dst id="20">3736.1778</dst>
      <dst id="11">852.9956</dst>
      <dst id="9">1184.0000</dst>
      <dst id="17">125732.6844</dst>
      <dst id="21">74.2311</dst>
      <dst id="15">156.5956</dst>
    </src>
    <src id="3">
      <dst id="12">9483.0578</dst>
      <dst id="13">385.2978</dst>
      <dst id="19">1386.4000</dst>
      <dst id="23">8148.1333</dst>
      <dst id="8">18.1778</dst>
      <dst id="18">52431.5911</dst>
      <dst id="4">18717.4667</dst>
      <dst id="1">4656.6044</dst>
      <dst id="5">204.8800</dst>
      <dst id="3">12745.6533</dst>
      <dst id="22">2124.2933</dst>
      <dst id="7">1392.5422</dst>
      <dst id="2">6821.9289</dst>
      <dst id="6">2.5244</dst>
      <dst id="16">1261.1467</dst>
      <dst id="14">35501.1289</dst>
      <dst id="20">82.8889</dst>
      <dst id="11">128178.7022</dst>
      <dst id="9">854.9867</dst>
      <dst id="17">11868.1244</dst>
      <dst id="21">11874.0533</dst>
      <dst id="15">91.7600</dst>
    </src>
    <src id="10">
      <dst id="12">17876.3022</dst>
      <dst id="19">2771.1556</dst>
      <dst id="8">1024.4089</dst>
      <dst id="18">2241.5556</dst>
      <dst id="1">3150.5244</dst>
      <dst id="5">1842.0978</dst>
      <dst id="3">6570.7289</dst>
      <dst id="22">5167.8311</dst>
      <dst id="7">14759.1467</dst>
      <dst id="2">28103.4400</dst>
      <dst id="6">1.6533</dst>
      <dst id="16">2335.9467</dst>
      <dst id="14">3729.9556</dst>
      <dst id="20">1017.6178</dst>
      <dst id="11">6093.6356</dst>
      <dst id="9">4762.8178</dst>
      <dst id="17">18082.3733</dst>
      <dst id="21">8717.0844</dst>
      <dst id="15">62.4267</dst>
    </src>
    <src id="22">
      <dst id="12">7013.4667</dst>
      <dst id="13">3596.9956</dst>
      <dst id="19">1250.1778</dst>
      <dst id="23">105.2356</dst>
      <dst id="8">630.5778</dst>
      <dst id="18">221.1022</dst>
      <dst id="4">18384.3644</dst>
      <dst id="1">167.6711</dst>
      <dst id="5">3495.6800</dst>
      <dst id="3">537.3867</dst>
      <dst id="7">2015.1378</dst>
      <dst id="2">1702.3556</dst>
      <dst id="6">3.0044</dst>
      <dst id="16">4.7111</dst>
      <dst id="14">463.2978</dst>
      <dst id="11">2997.9822</dst>
      <dst id="9">3035.8756</dst>
      <dst id="17">7119.7333</dst>
      <dst id="21">360.7556</dst>
    </src>
    <src id="7">
      <dst id="12">4812.1244</dst>
      <dst id="13">374.8356</dst>
      <dst id="19">914.0089</dst>
      <dst id="23">95.2533</dst>
      <dst id="8">114.0800</dst>
      <dst id="18">248.2844</dst>
      <dst id="4">9550.7022</dst>
      <dst id="1">5389.7689</dst>
      <dst id="5">857.4933</dst>
      <dst id="3">148.4444</dst>
      <dst id="22">2948.2489</dst>
      <dst id="7">706.9867</dst>
      <dst id="2">5910.3822</dst>
      <dst id="6">46.3022</dst>
      <dst id="16">1373.3600</dst>
      <dst id="14">193.0578</dst>
      <dst id="20">438.1867</dst>
      <dst id="11">1195.6444</dst>
      <dst id="9">475.3422</dst>
      <dst id="17">13736.2933</dst>
      <dst id="21">902.5156</dst>
      <dst id="15">144.3111</dst>
    </src>
    <src id="2">
      <dst id="12">101574.5778</dst>
      <dst id="13">513893.0844</dst>
      <dst id="19">4473.8133</dst>
      <dst id="23">39.1378</dst>
      <dst id="8">283.9644</dst>
      <dst id="18">52102.9867</dst>
      <dst id="4">84121.1822</dst>
      <dst id="1">2238.6311</dst>
      <dst id="5">3200.2667</dst>
      <dst id="3">346.4533</dst>
      <dst id="22">5846.1422</dst>
      <dst id="7">21275.3778</dst>
      <dst id="2">795.8400</dst>
      <dst id="6">10622.4356</dst>
      <dst id="16">2583.0311</dst>
      <dst id="14">3030.3733</dst>
      <dst id="20">649.7600</dst>
      <dst id="11">4216.4978</dst>
      <dst id="9">782.2311</dst>
      <dst id="17">17910.6400</dst>
      <dst id="21">2740.1689</dst>
      <dst id="15">67.2444</dst>
    </src>
    <src id="6">
      <dst id="12">11068.7644</dst>
      <dst id="13">4.1956</dst>
      <dst id="19">13.7956</dst>
      <dst id="23">2.7911</dst>
      <dst id="4">1104.3556</dst>
      <dst id="1">6.3289</dst>
      <dst id="5">1.0667</dst>
      <dst id="22">13.6533</dst>
      <dst id="7">12.6222</dst>
      <dst id="2">2185.5200</dst>
      <dst id="16">38.2133</dst>
      <dst id="20">10.0800</dst>
      <dst id="11">6.5778</dst>
      <dst id="17">1550.4800</dst>
      <dst id="21">2.5778</dst>
      <dst id="15">0.5244</dst>
    </src>
    <src id="16">
      <dst id="12">2967.7156</dst>
      <dst id="13">605.0933</dst>
      <dst id="19">3481.2711</dst>
      <dst id="23">15.5378</dst>
      <dst id="8">8942.5511</dst>
      <dst id="18">16.0711</dst>
      <dst id="4">6209.6533</dst>
      <dst id="1">15586.4978</dst>
      <dst id="5">8632.7467</dst>
      <dst id="3">29.3511</dst>
      <dst id="7">3153.9467</dst>
      <dst id="2">643.9556</dst>
      <dst id="6">25.7067</dst>
      <dst id="16">63.9378</dst>
      <dst id="14">953.7778</dst>
      <dst id="11">794.6133</dst>
      <dst id="9">9456.8978</dst>
      <dst id="17">2632.4267</dst>
      <dst id="21">1419.8844</dst>
    </src>
    <src id="14">
      <dst id="12">21512.0622</dst>
      <dst id="13">62.5067</dst>
      <dst id="19">5.9733</dst>
      <dst id="23">4.0089</dst>
      <dst id="8">54.4178</dst>
      <dst id="18">3.8133</dst>
      <dst id="4">2192.4533</dst>
      <dst id="1">40.3111</dst>
      <dst id="5">18.3822</dst>
      <dst id="3">84.1422</dst>
      <dst id="22">60.8533</dst>
      <dst id="7">70.4800</dst>
      <dst id="2">7376.9956</dst>
      <dst id="16">22.8000</dst>
      <dst id="20">0.8356</dst>
      <dst id="11">63.8489</dst>
      <dst id="9">176.0622</dst>
      <dst id="17">8311.0222</dst>
      <dst id="21">215.2444</dst>
    </src>
    <src id="20">
      <dst id="12">6786.2756</dst>
      <dst id="13">6221.8756</dst>
      <dst id="19">5803.3067</dst>
      <dst id="23">3.6622</dst>
      <dst id="8">42.5867</dst>
      <dst id="18">129.7867</dst>
      <dst id="4">6252.6133</dst>
      <dst id="1">263.5022</dst>
      <dst id="5">1120.3022</dst>
      <dst id="3">136.1956</dst>
      <dst id="7">39.6444</dst>
      <dst id="2">2979.6978</dst>
      <dst id="6">26.5244</dst>
      <dst id="14">1.0400</dst>
      <dst id="11">586.7911</dst>
      <dst id="9">754.7289</dst>
      <dst id="17">935.3244</dst>
      <dst id="21">150.9600</dst>
    </src>
    <src id="11">
      <dst id="12">417782.4444</dst>
      <dst id="13">2993.9644</dst>
      <dst id="19">14.1244</dst>
      <dst id="23">32.1067</dst>
      <dst id="8">227.5467</dst>
      <dst id="18">162.0178</dst>
      <dst id="4">11523.6978</dst>
      <dst id="1">1527.2800</dst>
      <dst id="5">1313.1822</dst>
      <dst id="3">333.0400</dst>
      <dst id="22">2236.9956</dst>
      <dst id="7">196.7022</dst>
      <dst id="2">162622.9156</dst>
      <dst id="6">2.0889</dst>
      <dst id="16">376.9689</dst>
      <dst id="14">53.5644</dst>
      <dst id="20">2116.4089</dst>
      <dst id="11">1441.2711</dst>
      <dst id="9">1148.5956</dst>
      <dst id="17">159455.5111</dst>
      <dst id="21">874.7111</dst>
      <dst id="15">114.0356</dst>
    </src>
    <src id="9">
      <dst id="12">400522.3733</dst>
      <dst id="13">4263.4311</dst>
      <dst id="19">1497.1022</dst>
      <dst id="23">47.7689</dst>
      <dst id="8">154.2667</dst>
      <dst id="18">19.0844</dst>
      <dst id="4">7852.6311</dst>
      <dst id="1">5767.1200</dst>
      <dst id="5">617.0844</dst>
      <dst id="3">17.4578</dst>
      <dst id="22">1655.8756</dst>
      <dst id="7">279.4400</dst>
      <dst id="2">173023.6356</dst>
      <dst id="16">1565.5289</dst>
      <dst id="14">10.2933</dst>
      <dst id="20">7701.8667</dst>
      <dst id="11">1329.5644</dst>
      <dst id="9">496.4178</dst>
      <dst id="17">186779.8044</dst>
      <dst id="21">729.7867</dst>
      <dst id="15">820.4178</dst>
    </src>
    <src id="17">
      <dst id="12">22035.9733</dst>
      <dst id="13">6704.3733</dst>
      <dst id="19">304.6311</dst>
      <dst id="23">164.5156</dst>
      <dst id="8">123618.2400</dst>
      <dst id="18">242.1422</dst>
      <dst id="4">26930.4711</dst>
      <dst id="1">1455.5289</dst>
      <dst id="5">220634.9956</dst>
      <dst id="3">4195.9556</dst>
      <dst id="22">3963.5022</dst>
      <dst id="7">1406.1156</dst>
      <dst id="2">27898.2756</dst>
      <dst id="6">911.8222</dst>
      <dst id="16">6247.2889</dst>
      <dst id="14">37667.2000</dst>
      <dst id="20">496.2044</dst>
      <dst id="11">116914.1511</dst>
      <dst id="9">178552.0800</dst>
      <dst id="17">2156.4089</dst>
      <dst id="21">7868.4978</dst>
      <dst id="15">86.3822</dst>
    </src>
    <src id="21">
      <dst id="12">13345.1111</dst>
      <dst id="13">1267.5556</dst>
      <dst id="19">516.4711</dst>
      <dst id="23">81.3333</dst>
      <dst id="8">71.8578</dst>
      <dst id="18">615.2978</dst>
      <dst id="4">11278.4800</dst>
      <dst id="1">1613.8222</dst>
      <dst id="5">663.0933</dst>
      <dst id="3">1060.4622</dst>
      <dst id="22">2710.9333</dst>
      <dst id="7">1154.0444</dst>
      <dst id="2">6440.8267</dst>
      <dst id="6">95.9289</dst>
      <dst id="16">329.2978</dst>
      <dst id="14">193.6444</dst>
      <dst id="20">1270.4444</dst>
      <dst id="11">459.9911</dst>
      <dst id="9">162.5600</dst>
      <dst id="17">3523.7067</dst>
      <dst id="21">367.3689</dst>
      <dst id="15">85.8844</dst>
    </src>
    <src id="15">
      <dst id="12">2099.5556</dst>
      <dst id="13">514.9422</dst>
      <dst id="19">14.0267</dst>
      <dst id="23">1.4756</dst>
      <dst id="8">105.5733</dst>
      <dst id="18">0.6400</dst>
      <dst id="4">3877.2356</dst>
      <dst id="1">379.1289</dst>
      <dst id="5">202.2222</dst>
      <dst id="3">8.0000</dst>
      <dst id="7">27.3244</dst>
      <dst id="2">16.5422</dst>
      <dst id="6">0.5778</dst>
      <dst id="11">393.8400</dst>
      <dst id="9">2199.1289</dst>
      <dst id="17">266.9156</dst>
      <dst id="21">153.4578</dst>
    </src>
  </IntraTM>
</TrafficMatrixFile>
