<?xml version="1.0" encoding="UTF-8" standalone="yes"?>
<TrafficMatrixFile xmlns:xsi="http://www.w3.org/2001/XMLSchema-instance" xsi:noNamespaceSchemaLocation="http://totem.run.montefiore.ulg.ac.be/Schema/TrafficMatrix-v1_2.xsd">
  <info>
    <title>Intradomain traffic matrix generated by geant-TM-all.pl</title>
    <date>2005-01-04T02:00:00</date>
    <duration>900</duration>
    <author>Steve Uhlig</author>
    <units>
        <unit type="bandwidth" value="kbps"/>
    </units>
  </info>
  <IntraTM ASID="20965">
    <src id="12">
      <dst id="12">236501.2000</dst>
      <dst id="13">48364.8533</dst>
      <dst id="19">3705.9822</dst>
      <dst id="23">2331.6711</dst>
      <dst id="8">942.0533</dst>
      <dst id="18">6876.3289</dst>
      <dst id="4">68680.7289</dst>
      <dst id="1">10860.0533</dst>
      <dst id="5">3304.5956</dst>
      <dst id="3">3898.5778</dst>
      <dst id="22">19143.1467</dst>
      <dst id="7">2301.1200</dst>
      <dst id="2">75858.9511</dst>
      <dst id="6">50.3200</dst>
      <dst id="16">5252.3378</dst>
      <dst id="14">246.6489</dst>
      <dst id="20">9266.8800</dst>
      <dst id="11">4276.5689</dst>
      <dst id="9">5561.4044</dst>
      <dst id="17">76878.9422</dst>
      <dst id="21">1592.2844</dst>
      <dst id="15">8072.5156</dst>
    </src>
    <src id="13">
      <dst id="12">56672.1867</dst>
      <dst id="19">7940.9867</dst>
      <dst id="23">56.2667</dst>
      <dst id="8">2290.2222</dst>
      <dst id="18">1554.8356</dst>
      <dst id="1">3860.7378</dst>
      <dst id="5">10032.2756</dst>
      <dst id="3">10074.8178</dst>
      <dst id="22">18923.9556</dst>
      <dst id="7">9782.0444</dst>
      <dst id="2">90846.5156</dst>
      <dst id="6">122.9333</dst>
      <dst id="16">10306.2667</dst>
      <dst id="14">2017.3156</dst>
      <dst id="20">9816.7911</dst>
      <dst id="11">13578.3289</dst>
      <dst id="9">8843.3067</dst>
      <dst id="17">45399.5200</dst>
      <dst id="21">15197.6800</dst>
      <dst id="15">14333.2533</dst>
    </src>
    <src id="19">
      <dst id="12">19596.6844</dst>
      <dst id="13">323.4756</dst>
      <dst id="23">164.6578</dst>
      <dst id="8">48.7022</dst>
      <dst id="18">66.8089</dst>
      <dst id="4">19733.9200</dst>
      <dst id="1">11780.0711</dst>
      <dst id="5">4.6578</dst>
      <dst id="3">19.6267</dst>
      <dst id="22">778.1867</dst>
      <dst id="7">3666.1422</dst>
      <dst id="2">331.7689</dst>
      <dst id="6">228.8889</dst>
      <dst id="16">7403.4933</dst>
      <dst id="14">1.3244</dst>
      <dst id="20">5.0311</dst>
      <dst id="11">18.4000</dst>
      <dst id="9">230.0356</dst>
      <dst id="17">3963.8489</dst>
      <dst id="21">886.7911</dst>
      <dst id="15">76.7644</dst>
    </src>
    <src id="23">
      <dst id="12">297.5911</dst>
      <dst id="13">51.0311</dst>
      <dst id="19">29.3956</dst>
      <dst id="8">5.9378</dst>
      <dst id="18">1299.5111</dst>
      <dst id="4">168.9333</dst>
      <dst id="1">46.9422</dst>
      <dst id="5">141.1822</dst>
      <dst id="3">170.9067</dst>
      <dst id="22">2116.9778</dst>
      <dst id="7">26.0711</dst>
      <dst id="2">70.1511</dst>
      <dst id="6">0.4978</dst>
      <dst id="16">96.5244</dst>
      <dst id="11">334.1333</dst>
      <dst id="9">332.1600</dst>
      <dst id="17">148.0800</dst>
      <dst id="21">625.3778</dst>
      <dst id="15">0.8178</dst>
    </src>
    <src id="8">
      <dst id="12">313915.8311</dst>
      <dst id="13">619.1911</dst>
      <dst id="19">3.5378</dst>
      <dst id="23">1.0667</dst>
      <dst id="18">14.6667</dst>
      <dst id="4">4020.8356</dst>
      <dst id="1">2027.3778</dst>
      <dst id="5">1766.7289</dst>
      <dst id="3">0.8533</dst>
      <dst id="22">2038.8089</dst>
      <dst id="7">333.8222</dst>
      <dst id="2">145833.9556</dst>
      <dst id="6">0.7111</dst>
      <dst id="16">1275.8400</dst>
      <dst id="20">53.3511</dst>
      <dst id="11">418.0356</dst>
      <dst id="9">476.7200</dst>
      <dst id="17">119165.9556</dst>
      <dst id="21">97.1111</dst>
      <dst id="15">159.4044</dst>
    </src>
    <src id="18">
      <dst id="12">93069.1644</dst>
      <dst id="13">94.4711</dst>
      <dst id="19">4.8711</dst>
      <dst id="23">26.9156</dst>
      <dst id="8">66.7289</dst>
      <dst id="4">1226.7644</dst>
      <dst id="1">969.6000</dst>
      <dst id="5">190.4178</dst>
      <dst id="3">69.2889</dst>
      <dst id="22">178.3200</dst>
      <dst id="7">24.5067</dst>
      <dst id="2">31792.4711</dst>
      <dst id="16">13.8222</dst>
      <dst id="14">0.7644</dst>
      <dst id="20">58.3644</dst>
      <dst id="11">259.3422</dst>
      <dst id="9">237.6978</dst>
      <dst id="17">41241.2800</dst>
      <dst id="21">314.2222</dst>
      <dst id="15">5.1911</dst>
    </src>
    <src id="4">
      <dst id="12">58937.3333</dst>
      <dst id="19">15229.6800</dst>
      <dst id="23">11.5378</dst>
      <dst id="8">550.8622</dst>
      <dst id="18">709.3511</dst>
      <dst id="1">21500.9156</dst>
      <dst id="5">2112.1067</dst>
      <dst id="3">151.9733</dst>
      <dst id="22">5141.2711</dst>
      <dst id="7">95174.8711</dst>
      <dst id="2">64047.7867</dst>
      <dst id="6">2.6044</dst>
      <dst id="16">936.7022</dst>
      <dst id="14">982.0178</dst>
      <dst id="20">1017.0756</dst>
      <dst id="11">4926.0978</dst>
      <dst id="9">2191.2533</dst>
      <dst id="17">130450.3556</dst>
      <dst id="21">3416.7911</dst>
      <dst id="15">1516.4889</dst>
    </src>
    <src id="1">
      <dst id="12">16783.9378</dst>
      <dst id="13">674.3644</dst>
      <dst id="19">917.5200</dst>
      <dst id="23">102.0356</dst>
      <dst id="8">108848.4622</dst>
      <dst id="18">14191.8667</dst>
      <dst id="4">6359.2978</dst>
      <dst id="1">8918.2844</dst>
      <dst id="5">209564.3911</dst>
      <dst id="3">218.7111</dst>
      <dst id="22">5650.3733</dst>
      <dst id="7">1482.0622</dst>
      <dst id="2">3059.9289</dst>
      <dst id="6">9384.0533</dst>
      <dst id="16">7229.1733</dst>
      <dst id="14">60.5511</dst>
      <dst id="20">113.9022</dst>
      <dst id="11">246.3556</dst>
      <dst id="9">209092.4089</dst>
      <dst id="17">2416.6756</dst>
      <dst id="21">6593.7156</dst>
      <dst id="15">151.3778</dst>
    </src>
    <src id="5">
      <dst id="12">322425.0933</dst>
      <dst id="13">8395.0756</dst>
      <dst id="19">146.3111</dst>
      <dst id="23">72.5244</dst>
      <dst id="8">8813.5289</dst>
      <dst id="18">150.9689</dst>
      <dst id="4">8522.8622</dst>
      <dst id="1">494.8711</dst>
      <dst id="3">17.2711</dst>
      <dst id="22">14638.8889</dst>
      <dst id="7">187.0400</dst>
      <dst id="2">153502.0356</dst>
      <dst id="6">6.4178</dst>
      <dst id="16">413.3778</dst>
      <dst id="14">4.9511</dst>
      <dst id="20">21432.7556</dst>
      <dst id="11">1531.9733</dst>
      <dst id="9">1625.9467</dst>
      <dst id="17">120948.9778</dst>
      <dst id="21">349.7156</dst>
      <dst id="15">316.5689</dst>
    </src>
    <src id="3">
      <dst id="12">12025.4311</dst>
      <dst id="13">1876.6044</dst>
      <dst id="19">1189.8044</dst>
      <dst id="23">7555.5733</dst>
      <dst id="8">58.8089</dst>
      <dst id="18">71650.8267</dst>
      <dst id="4">17311.5733</dst>
      <dst id="1">10120.3467</dst>
      <dst id="5">335.5556</dst>
      <dst id="3">15704.6044</dst>
      <dst id="22">1879.1022</dst>
      <dst id="7">1535.5733</dst>
      <dst id="2">6437.6800</dst>
      <dst id="6">39.4489</dst>
      <dst id="16">898.5956</dst>
      <dst id="14">31044.8356</dst>
      <dst id="20">30.2311</dst>
      <dst id="11">157456.5867</dst>
      <dst id="9">132.4889</dst>
      <dst id="17">6721.6711</dst>
      <dst id="21">15198.6400</dst>
      <dst id="15">75.3511</dst>
    </src>
    <src id="10">
      <dst id="12">15245.1289</dst>
      <dst id="19">2815.3067</dst>
      <dst id="8">384.4622</dst>
      <dst id="18">10759.6356</dst>
      <dst id="1">2794.7200</dst>
      <dst id="5">1305.8044</dst>
      <dst id="3">11006.4711</dst>
      <dst id="22">11302.5600</dst>
      <dst id="7">8671.3244</dst>
      <dst id="2">25316.5156</dst>
      <dst id="6">3.1111</dst>
      <dst id="16">6738.9244</dst>
      <dst id="14">898.2489</dst>
      <dst id="20">2315.8756</dst>
      <dst id="11">11035.7333</dst>
      <dst id="9">1476.0889</dst>
      <dst id="17">22162.9778</dst>
      <dst id="21">12379.9022</dst>
      <dst id="15">144.0711</dst>
    </src>
    <src id="22">
      <dst id="12">20303.6533</dst>
      <dst id="13">6013.3511</dst>
      <dst id="19">130.0089</dst>
      <dst id="23">46.4889</dst>
      <dst id="8">318.0800</dst>
      <dst id="18">530.9956</dst>
      <dst id="4">14004.0978</dst>
      <dst id="1">333.2800</dst>
      <dst id="5">2476.7111</dst>
      <dst id="3">1114.5778</dst>
      <dst id="7">749.0489</dst>
      <dst id="2">2837.3244</dst>
      <dst id="6">51.4844</dst>
      <dst id="16">37.8311</dst>
      <dst id="14">144.8000</dst>
      <dst id="11">1645.6711</dst>
      <dst id="9">10259.1467</dst>
      <dst id="17">4706.0089</dst>
      <dst id="21">839.7511</dst>
    </src>
    <src id="7">
      <dst id="12">7064.5867</dst>
      <dst id="13">2584.1422</dst>
      <dst id="19">610.2489</dst>
      <dst id="23">51.5822</dst>
      <dst id="8">432.6844</dst>
      <dst id="18">203.9911</dst>
      <dst id="4">12860.1244</dst>
      <dst id="1">1621.0311</dst>
      <dst id="5">1120.0356</dst>
      <dst id="3">12450.2044</dst>
      <dst id="22">3411.9822</dst>
      <dst id="7">721.1289</dst>
      <dst id="2">7695.9111</dst>
      <dst id="6">2.8356</dst>
      <dst id="16">347.9911</dst>
      <dst id="14">514.4622</dst>
      <dst id="20">213.0311</dst>
      <dst id="11">2479.0133</dst>
      <dst id="9">728.4889</dst>
      <dst id="17">8978.8444</dst>
      <dst id="21">2113.9822</dst>
      <dst id="15">197.5644</dst>
    </src>
    <src id="2">
      <dst id="12">95423.1378</dst>
      <dst id="13">506787.4222</dst>
      <dst id="19">343.0667</dst>
      <dst id="23">16.8267</dst>
      <dst id="8">1654.1867</dst>
      <dst id="18">55277.6178</dst>
      <dst id="4">83100.6844</dst>
      <dst id="1">6589.8044</dst>
      <dst id="5">1720.6578</dst>
      <dst id="3">73.4844</dst>
      <dst id="22">2481.6444</dst>
      <dst id="7">3649.8578</dst>
      <dst id="2">965.6533</dst>
      <dst id="6">9386.7556</dst>
      <dst id="16">2818.5511</dst>
      <dst id="14">6206.0444</dst>
      <dst id="20">342.8000</dst>
      <dst id="11">8275.6267</dst>
      <dst id="9">507.3067</dst>
      <dst id="17">39527.9556</dst>
      <dst id="21">1552.8089</dst>
      <dst id="15">84.7644</dst>
    </src>
    <src id="6">
      <dst id="12">11124.3200</dst>
      <dst id="13">13.3600</dst>
      <dst id="19">12.8622</dst>
      <dst id="18">0.7111</dst>
      <dst id="4">1252.9422</dst>
      <dst id="1">4.5867</dst>
      <dst id="5">2.3022</dst>
      <dst id="22">1.7156</dst>
      <dst id="7">15.0311</dst>
      <dst id="2">3330.0533</dst>
      <dst id="16">59.9556</dst>
      <dst id="20">52.1778</dst>
      <dst id="11">102.7022</dst>
      <dst id="9">1.6711</dst>
      <dst id="17">1849.7067</dst>
    </src>
    <src id="16">
      <dst id="12">2113.6533</dst>
      <dst id="13">1108.6489</dst>
      <dst id="19">3568.6400</dst>
      <dst id="23">39.6444</dst>
      <dst id="8">3339.7778</dst>
      <dst id="18">4.4178</dst>
      <dst id="4">3809.8844</dst>
      <dst id="1">19330.3111</dst>
      <dst id="5">3744.4533</dst>
      <dst id="3">1.2444</dst>
      <dst id="7">922.8622</dst>
      <dst id="2">1288.4889</dst>
      <dst id="6">3.2978</dst>
      <dst id="16">39.8578</dst>
      <dst id="11">210.9333</dst>
      <dst id="9">7086.4000</dst>
      <dst id="17">2718.1156</dst>
      <dst id="21">1720.2044</dst>
    </src>
    <src id="14">
      <dst id="12">20022.8000</dst>
      <dst id="13">75.1378</dst>
      <dst id="19">9.3689</dst>
      <dst id="23">0.4978</dst>
      <dst id="4">1563.8044</dst>
      <dst id="1">61.1289</dst>
      <dst id="5">61.0222</dst>
      <dst id="3">2720.5778</dst>
      <dst id="22">15.7244</dst>
      <dst id="7">152.2133</dst>
      <dst id="2">6245.6178</dst>
      <dst id="16">0.4800</dst>
      <dst id="20">1.6978</dst>
      <dst id="11">67.8400</dst>
      <dst id="9">201.6000</dst>
      <dst id="17">6949.9378</dst>
      <dst id="21">54.0800</dst>
      <dst id="15">1.0222</dst>
    </src>
    <src id="20">
      <dst id="12">6273.1378</dst>
      <dst id="13">5952.8444</dst>
      <dst id="19">22.5422</dst>
      <dst id="23">0.3556</dst>
      <dst id="8">148.9244</dst>
      <dst id="18">17.2711</dst>
      <dst id="4">15210.1422</dst>
      <dst id="1">100.7733</dst>
      <dst id="5">2606.4178</dst>
      <dst id="3">82.1778</dst>
      <dst id="7">1321.7689</dst>
      <dst id="2">7147.1733</dst>
      <dst id="6">0.4622</dst>
      <dst id="11">3187.3067</dst>
      <dst id="9">1329.9111</dst>
      <dst id="17">585.2356</dst>
      <dst id="21">1491.5289</dst>
    </src>
    <src id="11">
      <dst id="12">415876.9867</dst>
      <dst id="13">2272.5067</dst>
      <dst id="19">37.3867</dst>
      <dst id="23">150.3111</dst>
      <dst id="8">448.0356</dst>
      <dst id="18">3279.5733</dst>
      <dst id="4">8942.8711</dst>
      <dst id="1">326.7022</dst>
      <dst id="5">2230.9778</dst>
      <dst id="3">355.2267</dst>
      <dst id="22">1505.0400</dst>
      <dst id="7">361.2622</dst>
      <dst id="2">172622.2311</dst>
      <dst id="6">1.4222</dst>
      <dst id="16">848.0622</dst>
      <dst id="14">48.6844</dst>
      <dst id="20">362.9600</dst>
      <dst id="11">1147.8311</dst>
      <dst id="9">910.9156</dst>
      <dst id="17">180510.9600</dst>
      <dst id="21">779.8578</dst>
      <dst id="15">210.6044</dst>
    </src>
    <src id="9">
      <dst id="12">408529.2533</dst>
      <dst id="13">2968.7022</dst>
      <dst id="19">187.3422</dst>
      <dst id="23">16.1778</dst>
      <dst id="8">339.8222</dst>
      <dst id="18">374.9244</dst>
      <dst id="4">7765.7778</dst>
      <dst id="1">2200.5244</dst>
      <dst id="5">2614.6133</dst>
      <dst id="22">6241.0044</dst>
      <dst id="7">697.9200</dst>
      <dst id="2">173583.9022</dst>
      <dst id="6">2.8178</dst>
      <dst id="16">1473.2533</dst>
      <dst id="14">4.7644</dst>
      <dst id="20">1806.6311</dst>
      <dst id="11">1517.8667</dst>
      <dst id="9">530.7556</dst>
      <dst id="17">189895.1200</dst>
      <dst id="21">4243.4044</dst>
      <dst id="15">2149.3333</dst>
    </src>
    <src id="17">
      <dst id="12">7870.8000</dst>
      <dst id="13">4815.6533</dst>
      <dst id="19">405.4578</dst>
      <dst id="23">71.9733</dst>
      <dst id="8">132617.7422</dst>
      <dst id="18">101.8844</dst>
      <dst id="4">49027.8844</dst>
      <dst id="1">1248.8889</dst>
      <dst id="5">202417.9200</dst>
      <dst id="3">5378.7911</dst>
      <dst id="22">5182.2756</dst>
      <dst id="7">1728.1156</dst>
      <dst id="2">22842.7733</dst>
      <dst id="6">45.7244</dst>
      <dst id="16">6898.0800</dst>
      <dst id="14">22026.4356</dst>
      <dst id="20">6103.4133</dst>
      <dst id="11">112472.0800</dst>
      <dst id="9">174023.9822</dst>
      <dst id="17">1602.1600</dst>
      <dst id="21">10339.8222</dst>
      <dst id="15">20785.5378</dst>
    </src>
    <src id="21">
      <dst id="12">17730.6578</dst>
      <dst id="13">319.5378</dst>
      <dst id="19">251.0133</dst>
      <dst id="23">25.4222</dst>
      <dst id="8">52.3556</dst>
      <dst id="18">343.6533</dst>
      <dst id="4">13286.1511</dst>
      <dst id="1">3451.5378</dst>
      <dst id="5">367.3867</dst>
      <dst id="3">2545.5378</dst>
      <dst id="22">811.8400</dst>
      <dst id="7">1416.3467</dst>
      <dst id="2">9734.8800</dst>
      <dst id="6">6.2133</dst>
      <dst id="16">302.0978</dst>
      <dst id="14">425.8133</dst>
      <dst id="20">1171.9556</dst>
      <dst id="11">2110.1689</dst>
      <dst id="9">965.8578</dst>
      <dst id="17">4767.4578</dst>
      <dst id="21">823.0311</dst>
      <dst id="15">67.2000</dst>
    </src>
    <src id="15">
      <dst id="12">1545.6711</dst>
      <dst id="13">3935.3156</dst>
      <dst id="19">64.0178</dst>
      <dst id="8">174.7556</dst>
      <dst id="18">402.7022</dst>
      <dst id="4">2657.2444</dst>
      <dst id="1">894.9067</dst>
      <dst id="5">39.1200</dst>
      <dst id="3">27.5467</dst>
      <dst id="7">6.2756</dst>
      <dst id="2">86.4444</dst>
      <dst id="11">568.0711</dst>
      <dst id="9">169.6000</dst>
      <dst id="17">1109.7067</dst>
      <dst id="21">115.0844</dst>
    </src>
  </IntraTM>
</TrafficMatrixFile>
