<?xml version="1.0" encoding="UTF-8" standalone="yes"?>
<TrafficMatrixFile xmlns:xsi="http://www.w3.org/2001/XMLSchema-instance" xsi:noNamespaceSchemaLocation="http://totem.run.montefiore.ulg.ac.be/Schema/TrafficMatrix-v1_2.xsd">
  <info>
    <title>Intradomain traffic matrix generated by geant-TM-all.pl</title>
    <date>2005-01-02T02:30:00</date>
    <duration>900</duration>
    <author>Steve Uhlig</author>
    <units>
        <unit type="bandwidth" value="kbps"/>
    </units>
  </info>
  <IntraTM ASID="20965">
    <src id="12">
      <dst id="12">313466.5067</dst>
      <dst id="13">19734.7644</dst>
      <dst id="19">5712.7200</dst>
      <dst id="23">334.7911</dst>
      <dst id="8">7549.0578</dst>
      <dst id="18">3612.1689</dst>
      <dst id="4">133013.2178</dst>
      <dst id="1">11484.9867</dst>
      <dst id="5">4299.1911</dst>
      <dst id="3">4630.7467</dst>
      <dst id="22">22014.8089</dst>
      <dst id="7">12496.3200</dst>
      <dst id="2">114084.5067</dst>
      <dst id="6">5.6089</dst>
      <dst id="16">5708.0622</dst>
      <dst id="14">1948.5244</dst>
      <dst id="20">41726.4178</dst>
      <dst id="11">13497.0489</dst>
      <dst id="9">12979.0578</dst>
      <dst id="17">77622.3733</dst>
      <dst id="21">23521.5911</dst>
      <dst id="15">3255.3422</dst>
    </src>
    <src id="13">
      <dst id="12">74741.8400</dst>
      <dst id="19">11042.9333</dst>
      <dst id="23">360.4444</dst>
      <dst id="8">13918.5156</dst>
      <dst id="18">11728.7111</dst>
      <dst id="1">4732.4800</dst>
      <dst id="5">19749.9022</dst>
      <dst id="3">15230.1067</dst>
      <dst id="22">33640.3111</dst>
      <dst id="7">12887.5378</dst>
      <dst id="2">150878.1867</dst>
      <dst id="6">31.3422</dst>
      <dst id="16">10622.8178</dst>
      <dst id="14">5236.7733</dst>
      <dst id="20">85569.1911</dst>
      <dst id="11">14304.6133</dst>
      <dst id="9">23606.9600</dst>
      <dst id="17">69787.5111</dst>
      <dst id="21">33453.3956</dst>
      <dst id="15">3666.4800</dst>
    </src>
    <src id="19">
      <dst id="12">16332.1511</dst>
      <dst id="13">2166.1244</dst>
      <dst id="23">18.1689</dst>
      <dst id="8">85.2800</dst>
      <dst id="18">490.3556</dst>
      <dst id="4">23686.3733</dst>
      <dst id="1">1194.0978</dst>
      <dst id="5">43.9911</dst>
      <dst id="3">7.5289</dst>
      <dst id="22">1071.5200</dst>
      <dst id="7">7958.4978</dst>
      <dst id="2">1078.3822</dst>
      <dst id="6">3813.1556</dst>
      <dst id="16">6333.2000</dst>
      <dst id="14">13.1467</dst>
      <dst id="20">842.4089</dst>
      <dst id="11">195.6711</dst>
      <dst id="9">448.2933</dst>
      <dst id="17">1968.7111</dst>
      <dst id="21">871.3778</dst>
      <dst id="15">1.6889</dst>
    </src>
    <src id="23">
      <dst id="12">394.2133</dst>
      <dst id="13">134.5422</dst>
      <dst id="19">2.9778</dst>
      <dst id="8">144.4978</dst>
      <dst id="18">305.7067</dst>
      <dst id="4">416.8089</dst>
      <dst id="1">51.1200</dst>
      <dst id="5">59.6978</dst>
      <dst id="3">424.3911</dst>
      <dst id="22">137.0400</dst>
      <dst id="7">38.1244</dst>
      <dst id="2">26.1244</dst>
      <dst id="6">0.5244</dst>
      <dst id="16">68.2756</dst>
      <dst id="14">2.5067</dst>
      <dst id="20">46.5867</dst>
      <dst id="11">58.3111</dst>
      <dst id="9">90.4356</dst>
      <dst id="17">407.5733</dst>
      <dst id="21">219.1911</dst>
      <dst id="15">6.7556</dst>
    </src>
    <src id="8">
      <dst id="12">367025.1556</dst>
      <dst id="13">1736.1511</dst>
      <dst id="19">260.6933</dst>
      <dst id="23">41.0667</dst>
      <dst id="18">609.3778</dst>
      <dst id="4">8851.6978</dst>
      <dst id="1">152.0533</dst>
      <dst id="5">2913.3333</dst>
      <dst id="3">16.3111</dst>
      <dst id="22">1781.1289</dst>
      <dst id="7">4.9778</dst>
      <dst id="2">155739.7244</dst>
      <dst id="6">1.0667</dst>
      <dst id="16">541.1022</dst>
      <dst id="20">2289.7422</dst>
      <dst id="11">168.3644</dst>
      <dst id="9">1365.0578</dst>
      <dst id="17">102681.3689</dst>
      <dst id="21">395.7333</dst>
      <dst id="15">1045.4933</dst>
    </src>
    <src id="18">
      <dst id="12">120783.1911</dst>
      <dst id="13">190.4089</dst>
      <dst id="19">93.1111</dst>
      <dst id="23">7.7600</dst>
      <dst id="8">113.3689</dst>
      <dst id="4">1935.6178</dst>
      <dst id="1">689.7333</dst>
      <dst id="5">279.4667</dst>
      <dst id="3">216.5867</dst>
      <dst id="22">456.4711</dst>
      <dst id="7">281.8400</dst>
      <dst id="2">35341.5022</dst>
      <dst id="16">134.1689</dst>
      <dst id="14">2.7911</dst>
      <dst id="20">49.8489</dst>
      <dst id="11">216.2667</dst>
      <dst id="9">117.1911</dst>
      <dst id="17">34014.6311</dst>
      <dst id="21">573.6089</dst>
      <dst id="15">4.8356</dst>
    </src>
    <src id="4">
      <dst id="12">20298.9244</dst>
      <dst id="19">10104.0356</dst>
      <dst id="23">6.9067</dst>
      <dst id="8">1682.2667</dst>
      <dst id="18">6071.0756</dst>
      <dst id="4">98.3022</dst>
      <dst id="1">12954.1778</dst>
      <dst id="5">2631.1556</dst>
      <dst id="3">659.9467</dst>
      <dst id="22">6818.6489</dst>
      <dst id="7">52345.3067</dst>
      <dst id="2">68193.9733</dst>
      <dst id="6">28.1422</dst>
      <dst id="16">1986.2044</dst>
      <dst id="14">3361.0578</dst>
      <dst id="20">8154.2133</dst>
      <dst id="11">14823.0844</dst>
      <dst id="9">2681.6356</dst>
      <dst id="17">26892.8267</dst>
      <dst id="21">13298.4089</dst>
      <dst id="15">1742.7733</dst>
    </src>
    <src id="1">
      <dst id="12">18352.2311</dst>
      <dst id="13">1418.9600</dst>
      <dst id="19">115.5733</dst>
      <dst id="23">183.4133</dst>
      <dst id="8">179601.4756</dst>
      <dst id="18">20757.4578</dst>
      <dst id="4">27721.8489</dst>
      <dst id="1">116127.4844</dst>
      <dst id="5">278562.2844</dst>
      <dst id="3">420.5689</dst>
      <dst id="22">6993.2533</dst>
      <dst id="7">3563.8311</dst>
      <dst id="2">17854.2311</dst>
      <dst id="6">8703.6622</dst>
      <dst id="16">10160.9067</dst>
      <dst id="14">367.7956</dst>
      <dst id="20">309.1822</dst>
      <dst id="11">304.7822</dst>
      <dst id="9">280978.2844</dst>
      <dst id="17">2112.0000</dst>
      <dst id="21">11252.3111</dst>
      <dst id="15">1131.5111</dst>
    </src>
    <src id="5">
      <dst id="12">411859.6533</dst>
      <dst id="13">1698.0178</dst>
      <dst id="19">524.2400</dst>
      <dst id="23">304.3200</dst>
      <dst id="8">2721.5733</dst>
      <dst id="18">240.0000</dst>
      <dst id="4">7229.2622</dst>
      <dst id="1">755.3689</dst>
      <dst id="3">624.0000</dst>
      <dst id="22">7765.1733</dst>
      <dst id="7">314.9689</dst>
      <dst id="2">161131.0044</dst>
      <dst id="6">0.9778</dst>
      <dst id="16">2141.3689</dst>
      <dst id="14">120.1511</dst>
      <dst id="20">4895.0400</dst>
      <dst id="11">1479.8578</dst>
      <dst id="9">3333.5200</dst>
      <dst id="17">93328.6044</dst>
      <dst id="21">856.1156</dst>
      <dst id="15">451.1556</dst>
    </src>
    <src id="3">
      <dst id="12">12393.3867</dst>
      <dst id="13">1612.8267</dst>
      <dst id="19">1970.8356</dst>
      <dst id="23">316.1867</dst>
      <dst id="8">76.1778</dst>
      <dst id="18">157554.8178</dst>
      <dst id="4">48258.2222</dst>
      <dst id="1">6638.0978</dst>
      <dst id="5">686.6667</dst>
      <dst id="3">19777.8133</dst>
      <dst id="22">4620.9422</dst>
      <dst id="7">7117.2622</dst>
      <dst id="2">13285.1733</dst>
      <dst id="6">17.2800</dst>
      <dst id="16">1469.1911</dst>
      <dst id="14">46843.1111</dst>
      <dst id="20">461.8222</dst>
      <dst id="11">198782.9956</dst>
      <dst id="9">246.3556</dst>
      <dst id="17">16139.9556</dst>
      <dst id="21">7941.0311</dst>
      <dst id="15">29.2089</dst>
    </src>
    <src id="10">
      <dst id="12">13485.2533</dst>
      <dst id="19">1172.3022</dst>
      <dst id="23">0.4267</dst>
      <dst id="8">985.4222</dst>
      <dst id="18">9624.4711</dst>
      <dst id="1">1857.5911</dst>
      <dst id="5">2236.1600</dst>
      <dst id="3">18848.2667</dst>
      <dst id="22">9236.9244</dst>
      <dst id="7">9166.4978</dst>
      <dst id="2">45535.2178</dst>
      <dst id="6">0.4622</dst>
      <dst id="16">3422.4533</dst>
      <dst id="14">1209.6889</dst>
      <dst id="20">4416.3022</dst>
      <dst id="11">2585.1289</dst>
      <dst id="9">5433.2000</dst>
      <dst id="17">23605.7778</dst>
      <dst id="21">18952.9422</dst>
      <dst id="15">1549.9733</dst>
    </src>
    <src id="22">
      <dst id="12">18230.4000</dst>
      <dst id="13">4714.0889</dst>
      <dst id="19">90.4356</dst>
      <dst id="23">524.5422</dst>
      <dst id="8">5485.1022</dst>
      <dst id="18">2948.8444</dst>
      <dst id="4">22351.1733</dst>
      <dst id="1">264.2578</dst>
      <dst id="5">8663.8400</dst>
      <dst id="3">544.1778</dst>
      <dst id="7">457.2533</dst>
      <dst id="2">2731.7689</dst>
      <dst id="6">24.9067</dst>
      <dst id="16">0.7822</dst>
      <dst id="14">17.8667</dst>
      <dst id="11">4394.6756</dst>
      <dst id="9">2663.6889</dst>
      <dst id="17">8756.5156</dst>
      <dst id="21">1873.7689</dst>
    </src>
    <src id="7">
      <dst id="12">13341.9111</dst>
      <dst id="13">305.6622</dst>
      <dst id="19">799.6711</dst>
      <dst id="23">660.5244</dst>
      <dst id="8">358.9689</dst>
      <dst id="18">2657.8222</dst>
      <dst id="4">103716.4533</dst>
      <dst id="1">27953.0222</dst>
      <dst id="5">2475.3867</dst>
      <dst id="3">946.4533</dst>
      <dst id="22">4134.8356</dst>
      <dst id="7">580.6133</dst>
      <dst id="2">27793.7067</dst>
      <dst id="6">14.2578</dst>
      <dst id="16">1826.0533</dst>
      <dst id="14">126.6844</dst>
      <dst id="20">1781.3956</dst>
      <dst id="11">3193.2978</dst>
      <dst id="9">666.1333</dst>
      <dst id="17">11244.2933</dst>
      <dst id="21">7344.8356</dst>
      <dst id="15">965.5378</dst>
    </src>
    <src id="2">
      <dst id="12">129453.3511</dst>
      <dst id="13">3727.9911</dst>
      <dst id="19">16949.5378</dst>
      <dst id="23">2.1333</dst>
      <dst id="8">1360.3200</dst>
      <dst id="18">133182.1067</dst>
      <dst id="4">136263.6356</dst>
      <dst id="1">9969.4578</dst>
      <dst id="5">2547.2800</dst>
      <dst id="3">1093.6533</dst>
      <dst id="22">2161.9111</dst>
      <dst id="7">4668.0711</dst>
      <dst id="2">1162.6222</dst>
      <dst id="6">7083.7956</dst>
      <dst id="16">2812.4978</dst>
      <dst id="14">248.9511</dst>
      <dst id="20">4656.3111</dst>
      <dst id="11">6843.3867</dst>
      <dst id="9">4617.3956</dst>
      <dst id="17">22427.0044</dst>
      <dst id="21">15899.2000</dst>
      <dst id="15">264.7911</dst>
    </src>
    <src id="6">
      <dst id="12">11762.3733</dst>
      <dst id="13">8.7733</dst>
      <dst id="19">107.5822</dst>
      <dst id="23">1.6000</dst>
      <dst id="8">23.3600</dst>
      <dst id="18">103.2000</dst>
      <dst id="4">95.5911</dst>
      <dst id="1">26.6400</dst>
      <dst id="5">0.7111</dst>
      <dst id="3">14.8622</dst>
      <dst id="22">47.0044</dst>
      <dst id="7">12.2311</dst>
      <dst id="2">2609.9822</dst>
      <dst id="16">13.1556</dst>
      <dst id="20">4.0267</dst>
      <dst id="11">0.3378</dst>
      <dst id="9">18.7467</dst>
      <dst id="17">1571.3867</dst>
      <dst id="21">48.4800</dst>
    </src>
    <src id="16">
      <dst id="12">5821.4311</dst>
      <dst id="13">993.5733</dst>
      <dst id="19">4914.4267</dst>
      <dst id="23">76.1956</dst>
      <dst id="8">8320.5689</dst>
      <dst id="18">116.3822</dst>
      <dst id="4">8192.6489</dst>
      <dst id="1">17936.0089</dst>
      <dst id="5">10478.4800</dst>
      <dst id="3">3.4133</dst>
      <dst id="7">3592.4622</dst>
      <dst id="2">666.7467</dst>
      <dst id="6">10.5156</dst>
      <dst id="16">58.8178</dst>
      <dst id="14">412.1244</dst>
      <dst id="11">312.3022</dst>
      <dst id="9">9270.4356</dst>
      <dst id="17">2517.7422</dst>
      <dst id="21">901.1822</dst>
    </src>
    <src id="14">
      <dst id="12">22270.4889</dst>
      <dst id="13">128.5511</dst>
      <dst id="19">4.0889</dst>
      <dst id="23">164.0889</dst>
      <dst id="18">38.4356</dst>
      <dst id="4">3582.5956</dst>
      <dst id="1">78.5333</dst>
      <dst id="5">618.2400</dst>
      <dst id="3">250.4089</dst>
      <dst id="22">18.2578</dst>
      <dst id="7">71.2711</dst>
      <dst id="2">8613.0667</dst>
      <dst id="16">10.4889</dst>
      <dst id="20">8.3556</dst>
      <dst id="11">224.4089</dst>
      <dst id="9">2.0978</dst>
      <dst id="17">8106.6489</dst>
      <dst id="21">79.6711</dst>
    </src>
    <src id="20">
      <dst id="12">22615.2978</dst>
      <dst id="13">6736.7644</dst>
      <dst id="19">23.0844</dst>
      <dst id="23">18.4533</dst>
      <dst id="8">1894.7467</dst>
      <dst id="18">282.8356</dst>
      <dst id="4">16714.6933</dst>
      <dst id="1">294.0889</dst>
      <dst id="5">6213.0756</dst>
      <dst id="3">5593.0756</dst>
      <dst id="22">0.4622</dst>
      <dst id="7">257.9467</dst>
      <dst id="2">5137.1556</dst>
      <dst id="14">1022.7556</dst>
      <dst id="11">4843.8133</dst>
      <dst id="9">7248.9156</dst>
      <dst id="17">1001.4667</dst>
      <dst id="21">1136.6489</dst>
    </src>
    <src id="11">
      <dst id="12">437892.3644</dst>
      <dst id="13">2780.2133</dst>
      <dst id="19">281.5289</dst>
      <dst id="23">386.4178</dst>
      <dst id="8">1962.9778</dst>
      <dst id="18">608.8178</dst>
      <dst id="4">15485.7156</dst>
      <dst id="1">506.6044</dst>
      <dst id="5">1434.3111</dst>
      <dst id="3">1193.2889</dst>
      <dst id="22">4181.2178</dst>
      <dst id="7">759.6444</dst>
      <dst id="2">163650.8889</dst>
      <dst id="6">0.7644</dst>
      <dst id="16">420.3733</dst>
      <dst id="14">88.1956</dst>
      <dst id="20">1063.7422</dst>
      <dst id="11">1105.8311</dst>
      <dst id="9">1188.7911</dst>
      <dst id="17">116561.2978</dst>
      <dst id="21">2780.3289</dst>
      <dst id="15">204.7289</dst>
    </src>
    <src id="9">
      <dst id="12">556151.8578</dst>
      <dst id="13">6972.8356</dst>
      <dst id="19">1803.0933</dst>
      <dst id="23">85.2000</dst>
      <dst id="8">652.0533</dst>
      <dst id="18">247.2178</dst>
      <dst id="4">12353.6622</dst>
      <dst id="1">3312.9244</dst>
      <dst id="5">4427.1467</dst>
      <dst id="3">140.7556</dst>
      <dst id="22">4225.5644</dst>
      <dst id="7">255.1289</dst>
      <dst id="2">193502.3200</dst>
      <dst id="6">27.3156</dst>
      <dst id="16">964.0356</dst>
      <dst id="14">2.8444</dst>
      <dst id="20">4270.6844</dst>
      <dst id="11">593.3422</dst>
      <dst id="9">1572.3200</dst>
      <dst id="17">148267.6889</dst>
      <dst id="21">2073.1911</dst>
      <dst id="15">8953.3778</dst>
    </src>
    <src id="17">
      <dst id="12">13174.2489</dst>
      <dst id="13">1870.2489</dst>
      <dst id="19">252.8800</dst>
      <dst id="23">368.6578</dst>
      <dst id="8">187265.4222</dst>
      <dst id="18">2014.1156</dst>
      <dst id="4">63411.4222</dst>
      <dst id="1">17661.7422</dst>
      <dst id="5">285385.9111</dst>
      <dst id="3">15103.5644</dst>
      <dst id="22">12315.0578</dst>
      <dst id="7">26811.2000</dst>
      <dst id="2">25151.2622</dst>
      <dst id="6">163.6533</dst>
      <dst id="16">3686.0978</dst>
      <dst id="14">40381.9644</dst>
      <dst id="20">953.8578</dst>
      <dst id="11">154361.7867</dst>
      <dst id="9">257639.5733</dst>
      <dst id="17">2747.3956</dst>
      <dst id="21">25471.2800</dst>
      <dst id="15">897.2978</dst>
    </src>
    <src id="21">
      <dst id="12">24083.9733</dst>
      <dst id="13">780.2222</dst>
      <dst id="19">690.5956</dst>
      <dst id="23">392.6311</dst>
      <dst id="8">352.1867</dst>
      <dst id="18">2754.5244</dst>
      <dst id="4">64265.9467</dst>
      <dst id="1">4901.4044</dst>
      <dst id="5">754.3556</dst>
      <dst id="3">2325.7511</dst>
      <dst id="22">1647.0400</dst>
      <dst id="7">3011.5111</dst>
      <dst id="2">10643.3333</dst>
      <dst id="6">11.8489</dst>
      <dst id="16">512.5778</dst>
      <dst id="14">102.1067</dst>
      <dst id="20">1426.6844</dst>
      <dst id="11">1230.1689</dst>
      <dst id="9">1822.8800</dst>
      <dst id="17">6524.8444</dst>
      <dst id="21">4077.0578</dst>
      <dst id="15">155.6711</dst>
    </src>
    <src id="15">
      <dst id="12">3119.9200</dst>
      <dst id="13">4194.3022</dst>
      <dst id="19">24.7822</dst>
      <dst id="23">666.6667</dst>
      <dst id="8">1178.0444</dst>
      <dst id="18">40.2756</dst>
      <dst id="4">8309.5467</dst>
      <dst id="1">828.4178</dst>
      <dst id="5">1339.1200</dst>
      <dst id="3">34.9422</dst>
      <dst id="7">53.2622</dst>
      <dst id="2">425.6178</dst>
      <dst id="11">53.5733</dst>
      <dst id="9">2908.4800</dst>
      <dst id="17">214.6578</dst>
      <dst id="21">87.9733</dst>
    </src>
  </IntraTM>
</TrafficMatrixFile>
