<?xml version="1.0" encoding="UTF-8" standalone="yes"?>
<TrafficMatrixFile xmlns:xsi="http://www.w3.org/2001/XMLSchema-instance" xsi:noNamespaceSchemaLocation="http://totem.run.montefiore.ulg.ac.be/Schema/TrafficMatrix-v1_2.xsd">
  <info>
    <title>Intradomain traffic matrix generated by geant-TM-all.pl</title>
    <date>2005-01-03T19:15:00</date>
    <duration>900</duration>
    <author>Steve Uhlig</author>
    <units>
        <unit type="bandwidth" value="kbps"/>
    </units>
  </info>
  <IntraTM ASID="20965">
    <src id="12">
      <dst id="12">248879.9733</dst>
      <dst id="13">22927.2356</dst>
      <dst id="19">2445.9822</dst>
      <dst id="23">101.0578</dst>
      <dst id="8">7001.6889</dst>
      <dst id="18">488.2311</dst>
      <dst id="4">65278.1156</dst>
      <dst id="1">10041.2622</dst>
      <dst id="5">3611.3156</dst>
      <dst id="3">2925.3867</dst>
      <dst id="22">10559.2711</dst>
      <dst id="7">4747.4667</dst>
      <dst id="2">81766.7822</dst>
      <dst id="6">14.0089</dst>
      <dst id="16">8438.6578</dst>
      <dst id="14">199.6178</dst>
      <dst id="20">4838.5067</dst>
      <dst id="11">3435.7511</dst>
      <dst id="9">4266.7378</dst>
      <dst id="17">102450.9422</dst>
      <dst id="21">2087.6800</dst>
      <dst id="15">2724.7911</dst>
    </src>
    <src id="13">
      <dst id="12">56372.7822</dst>
      <dst id="19">7245.3244</dst>
      <dst id="23">61.2000</dst>
      <dst id="8">5736.9689</dst>
      <dst id="18">1420.7911</dst>
      <dst id="1">1975.5911</dst>
      <dst id="5">16125.1200</dst>
      <dst id="3">9995.5822</dst>
      <dst id="22">21863.4844</dst>
      <dst id="7">12376.7289</dst>
      <dst id="2">70805.1378</dst>
      <dst id="6">81.3956</dst>
      <dst id="16">34495.8044</dst>
      <dst id="14">1342.1067</dst>
      <dst id="20">9070.3467</dst>
      <dst id="11">10125.0311</dst>
      <dst id="9">27190.3378</dst>
      <dst id="17">150412.2578</dst>
      <dst id="21">8209.3156</dst>
      <dst id="15">11728.6133</dst>
    </src>
    <src id="19">
      <dst id="12">12340.4533</dst>
      <dst id="13">8275.4400</dst>
      <dst id="8">1.2978</dst>
      <dst id="18">303.0933</dst>
      <dst id="4">17302.5867</dst>
      <dst id="1">870.0889</dst>
      <dst id="5">3.2000</dst>
      <dst id="3">94.8178</dst>
      <dst id="22">392.1244</dst>
      <dst id="7">4070.4978</dst>
      <dst id="2">1373.7867</dst>
      <dst id="6">114.2933</dst>
      <dst id="16">6868.7022</dst>
      <dst id="14">13.8044</dst>
      <dst id="20">49.6089</dst>
      <dst id="11">124.3289</dst>
      <dst id="9">1219.9467</dst>
      <dst id="17">3456.5333</dst>
      <dst id="21">1204.6578</dst>
      <dst id="15">13.3333</dst>
    </src>
    <src id="23">
      <dst id="12">98.3289</dst>
      <dst id="13">58.4089</dst>
      <dst id="19">10.8889</dst>
      <dst id="8">80.0000</dst>
      <dst id="18">54.8267</dst>
      <dst id="4">7.1467</dst>
      <dst id="1">97.2800</dst>
      <dst id="5">96.6400</dst>
      <dst id="3">621.9911</dst>
      <dst id="22">482.2756</dst>
      <dst id="7">145.8933</dst>
      <dst id="2">165.7067</dst>
      <dst id="16">456.6222</dst>
      <dst id="14">0.3467</dst>
      <dst id="20">40.7467</dst>
      <dst id="11">66.6667</dst>
      <dst id="9">369.2089</dst>
      <dst id="17">22.3378</dst>
      <dst id="21">39.0844</dst>
      <dst id="15">0.3378</dst>
    </src>
    <src id="8">
      <dst id="12">290239.4578</dst>
      <dst id="13">487.4133</dst>
      <dst id="23">1.2800</dst>
      <dst id="18">1.5289</dst>
      <dst id="4">4144.8356</dst>
      <dst id="1">89.7778</dst>
      <dst id="5">1320.5156</dst>
      <dst id="22">1134.0800</dst>
      <dst id="7">101.1467</dst>
      <dst id="2">108316.5867</dst>
      <dst id="16">435.3600</dst>
      <dst id="20">90.6933</dst>
      <dst id="11">258.9511</dst>
      <dst id="9">403.2800</dst>
      <dst id="17">114283.2000</dst>
      <dst id="21">64.4711</dst>
      <dst id="15">264.9422</dst>
    </src>
    <src id="18">
      <dst id="12">88855.0756</dst>
      <dst id="13">299.0844</dst>
      <dst id="19">5.5911</dst>
      <dst id="23">4.0622</dst>
      <dst id="8">9.5111</dst>
      <dst id="4">1064.1156</dst>
      <dst id="1">737.1556</dst>
      <dst id="5">106.7467</dst>
      <dst id="3">114.9156</dst>
      <dst id="22">172.7733</dst>
      <dst id="7">170.9600</dst>
      <dst id="2">27951.0222</dst>
      <dst id="16">8.3556</dst>
      <dst id="11">206.4267</dst>
      <dst id="9">45.0578</dst>
      <dst id="17">32498.3111</dst>
      <dst id="21">259.1733</dst>
      <dst id="15">1.2089</dst>
    </src>
    <src id="4">
      <dst id="12">19428.5422</dst>
      <dst id="19">14164.5511</dst>
      <dst id="8">3165.0311</dst>
      <dst id="18">811.1644</dst>
      <dst id="1">33927.0044</dst>
      <dst id="5">2235.5200</dst>
      <dst id="3">415.6978</dst>
      <dst id="22">6861.2533</dst>
      <dst id="7">103994.4000</dst>
      <dst id="2">36566.0267</dst>
      <dst id="6">0.6222</dst>
      <dst id="16">1275.5022</dst>
      <dst id="14">1939.4578</dst>
      <dst id="20">592.6044</dst>
      <dst id="11">7361.3156</dst>
      <dst id="9">3382.2133</dst>
      <dst id="17">24189.8222</dst>
      <dst id="21">7169.7867</dst>
      <dst id="15">263.9200</dst>
    </src>
    <src id="1">
      <dst id="12">14926.3556</dst>
      <dst id="13">618.6756</dst>
      <dst id="19">33.9111</dst>
      <dst id="23">50.0000</dst>
      <dst id="8">111981.0578</dst>
      <dst id="18">15571.5556</dst>
      <dst id="4">3400.6311</dst>
      <dst id="1">80992.7733</dst>
      <dst id="5">197485.8667</dst>
      <dst id="3">234.8533</dst>
      <dst id="22">5669.0667</dst>
      <dst id="7">19036.3644</dst>
      <dst id="2">3344.4978</dst>
      <dst id="6">7434.5600</dst>
      <dst id="16">11478.6489</dst>
      <dst id="14">175.2533</dst>
      <dst id="20">213.1822</dst>
      <dst id="11">106.6044</dst>
      <dst id="9">228601.7156</dst>
      <dst id="17">1241.8311</dst>
      <dst id="21">4331.7422</dst>
      <dst id="15">72.8178</dst>
    </src>
    <src id="5">
      <dst id="12">272285.7600</dst>
      <dst id="13">1841.9911</dst>
      <dst id="19">116.1244</dst>
      <dst id="23">14.5067</dst>
      <dst id="8">1861.6000</dst>
      <dst id="18">106.5956</dst>
      <dst id="4">5880.5333</dst>
      <dst id="1">737.3867</dst>
      <dst id="3">1.6978</dst>
      <dst id="22">5953.9822</dst>
      <dst id="7">1573.1733</dst>
      <dst id="2">128369.3600</dst>
      <dst id="6">15.6800</dst>
      <dst id="16">964.9600</dst>
      <dst id="14">22.6044</dst>
      <dst id="20">2377.5200</dst>
      <dst id="11">2602.5956</dst>
      <dst id="9">2842.7822</dst>
      <dst id="17">105291.0489</dst>
      <dst id="21">294.4889</dst>
      <dst id="15">227.7333</dst>
    </src>
    <src id="3">
      <dst id="12">9956.3822</dst>
      <dst id="13">317.5733</dst>
      <dst id="19">5280.8622</dst>
      <dst id="23">11400.9867</dst>
      <dst id="8">7.3511</dst>
      <dst id="18">62339.0933</dst>
      <dst id="4">15378.4978</dst>
      <dst id="1">9871.6800</dst>
      <dst id="5">338.4889</dst>
      <dst id="3">13480.6400</dst>
      <dst id="22">3446.4800</dst>
      <dst id="7">1578.0089</dst>
      <dst id="2">5455.5467</dst>
      <dst id="6">9.5111</dst>
      <dst id="16">2409.9556</dst>
      <dst id="14">32062.5422</dst>
      <dst id="20">149.2444</dst>
      <dst id="11">122563.8044</dst>
      <dst id="9">537.8044</dst>
      <dst id="17">4362.8444</dst>
      <dst id="21">16288.5333</dst>
      <dst id="15">329.2533</dst>
    </src>
    <src id="10">
      <dst id="12">14971.1556</dst>
      <dst id="19">329.2089</dst>
      <dst id="8">1028.2933</dst>
      <dst id="18">4640.3467</dst>
      <dst id="1">2192.9067</dst>
      <dst id="5">401.4044</dst>
      <dst id="3">5528.4533</dst>
      <dst id="22">9963.3600</dst>
      <dst id="7">7576.0178</dst>
      <dst id="2">22599.2800</dst>
      <dst id="6">64.4178</dst>
      <dst id="16">1293.0311</dst>
      <dst id="14">997.1022</dst>
      <dst id="20">5228.6044</dst>
      <dst id="11">6016.6133</dst>
      <dst id="9">1617.2267</dst>
      <dst id="17">37307.6089</dst>
      <dst id="21">7356.9511</dst>
      <dst id="15">1736.2578</dst>
    </src>
    <src id="22">
      <dst id="12">10100.1511</dst>
      <dst id="13">4213.1289</dst>
      <dst id="19">476.7467</dst>
      <dst id="23">32.9244</dst>
      <dst id="8">738.9511</dst>
      <dst id="18">219.5289</dst>
      <dst id="4">15487.1911</dst>
      <dst id="1">223.5644</dst>
      <dst id="5">3583.8133</dst>
      <dst id="3">504.8267</dst>
      <dst id="7">849.5467</dst>
      <dst id="2">4712.4444</dst>
      <dst id="6">82.2933</dst>
      <dst id="14">95.6089</dst>
      <dst id="11">1377.0222</dst>
      <dst id="9">2441.1733</dst>
      <dst id="17">5874.3644</dst>
      <dst id="21">1434.9333</dst>
    </src>
    <src id="7">
      <dst id="12">5071.0756</dst>
      <dst id="13">129.9111</dst>
      <dst id="19">185.5644</dst>
      <dst id="23">36.4089</dst>
      <dst id="8">4454.4444</dst>
      <dst id="18">225.7956</dst>
      <dst id="4">14862.0444</dst>
      <dst id="1">3153.4578</dst>
      <dst id="5">874.7378</dst>
      <dst id="3">725.7600</dst>
      <dst id="22">4941.8044</dst>
      <dst id="7">781.7600</dst>
      <dst id="2">4504.8000</dst>
      <dst id="6">75.5733</dst>
      <dst id="16">1072.6933</dst>
      <dst id="14">215.6711</dst>
      <dst id="20">1084.0178</dst>
      <dst id="11">3021.4933</dst>
      <dst id="9">959.6356</dst>
      <dst id="17">20585.6889</dst>
      <dst id="21">3133.5111</dst>
      <dst id="15">178.9778</dst>
    </src>
    <src id="2">
      <dst id="12">140106.8444</dst>
      <dst id="13">529823.0667</dst>
      <dst id="19">225.6978</dst>
      <dst id="23">2.6578</dst>
      <dst id="8">379.9289</dst>
      <dst id="18">57564.4889</dst>
      <dst id="4">62057.3956</dst>
      <dst id="1">17521.9822</dst>
      <dst id="5">1015.1378</dst>
      <dst id="3">71.6711</dst>
      <dst id="22">3204.9600</dst>
      <dst id="7">2342.0533</dst>
      <dst id="2">831.0133</dst>
      <dst id="6">7813.2000</dst>
      <dst id="16">4253.3778</dst>
      <dst id="14">5283.6000</dst>
      <dst id="20">7948.8178</dst>
      <dst id="11">8358.3378</dst>
      <dst id="9">795.2444</dst>
      <dst id="17">47524.7200</dst>
      <dst id="21">1217.0756</dst>
      <dst id="15">511.3511</dst>
    </src>
    <src id="6">
      <dst id="12">10882.7378</dst>
      <dst id="13">3.8489</dst>
      <dst id="19">5.9111</dst>
      <dst id="8">0.4267</dst>
      <dst id="18">0.3911</dst>
      <dst id="4">931.0222</dst>
      <dst id="1">69.5200</dst>
      <dst id="5">29.5822</dst>
      <dst id="22">65.1733</dst>
      <dst id="7">1.9556</dst>
      <dst id="2">2433.4844</dst>
      <dst id="16">43.9378</dst>
      <dst id="11">13.8667</dst>
      <dst id="9">12.9600</dst>
      <dst id="17">1995.5733</dst>
      <dst id="21">1.7778</dst>
    </src>
    <src id="16">
      <dst id="12">5264.2044</dst>
      <dst id="13">184.9867</dst>
      <dst id="19">5534.0178</dst>
      <dst id="23">16.6667</dst>
      <dst id="8">4818.4889</dst>
      <dst id="18">3.6622</dst>
      <dst id="4">3915.8667</dst>
      <dst id="1">22840.2578</dst>
      <dst id="5">3129.5289</dst>
      <dst id="3">13.3333</dst>
      <dst id="7">1208.3822</dst>
      <dst id="2">506.3644</dst>
      <dst id="6">0.3556</dst>
      <dst id="16">52.1689</dst>
      <dst id="14">1.2000</dst>
      <dst id="11">114.1422</dst>
      <dst id="9">4985.2711</dst>
      <dst id="17">779.2622</dst>
      <dst id="21">2754.8622</dst>
    </src>
    <src id="14">
      <dst id="12">19010.7111</dst>
      <dst id="13">35.3156</dst>
      <dst id="19">3.6444</dst>
      <dst id="18">1.1644</dst>
      <dst id="4">2324.4533</dst>
      <dst id="1">28.0178</dst>
      <dst id="5">79.2356</dst>
      <dst id="3">84.4711</dst>
      <dst id="22">13.5822</dst>
      <dst id="7">235.0844</dst>
      <dst id="2">5337.5644</dst>
      <dst id="6">0.3556</dst>
      <dst id="16">3.3067</dst>
      <dst id="11">52.6044</dst>
      <dst id="9">13.7600</dst>
      <dst id="17">6886.4978</dst>
      <dst id="21">55.8578</dst>
    </src>
    <src id="20">
      <dst id="12">6184.1600</dst>
      <dst id="13">3317.9467</dst>
      <dst id="19">33.2356</dst>
      <dst id="23">0.4267</dst>
      <dst id="8">104.3289</dst>
      <dst id="18">0.3911</dst>
      <dst id="4">11310.7644</dst>
      <dst id="1">226.3111</dst>
      <dst id="5">4151.9911</dst>
      <dst id="3">4871.3956</dst>
      <dst id="7">498.3289</dst>
      <dst id="2">7241.1200</dst>
      <dst id="11">532.4356</dst>
      <dst id="9">1570.1244</dst>
      <dst id="17">2361.0933</dst>
      <dst id="21">47.5111</dst>
    </src>
    <src id="11">
      <dst id="12">358661.3422</dst>
      <dst id="13">1044.6756</dst>
      <dst id="19">8.8622</dst>
      <dst id="23">6.4533</dst>
      <dst id="8">209.5911</dst>
      <dst id="18">54.5067</dst>
      <dst id="4">8163.7778</dst>
      <dst id="1">400.7289</dst>
      <dst id="5">1117.6533</dst>
      <dst id="3">673.9111</dst>
      <dst id="22">3431.9644</dst>
      <dst id="7">283.6533</dst>
      <dst id="2">142413.9733</dst>
      <dst id="6">10.8800</dst>
      <dst id="16">248.4711</dst>
      <dst id="14">52.3111</dst>
      <dst id="20">7296.2933</dst>
      <dst id="11">1022.6400</dst>
      <dst id="9">2383.0044</dst>
      <dst id="17">136834.8533</dst>
      <dst id="21">477.4756</dst>
      <dst id="15">803.2267</dst>
    </src>
    <src id="9">
      <dst id="12">390378.8267</dst>
      <dst id="13">8964.0711</dst>
      <dst id="19">104.2489</dst>
      <dst id="23">20.2667</dst>
      <dst id="8">1183.5111</dst>
      <dst id="18">167.6533</dst>
      <dst id="4">7985.7600</dst>
      <dst id="1">917.1733</dst>
      <dst id="5">2888.7467</dst>
      <dst id="3">135.2267</dst>
      <dst id="22">2228.4622</dst>
      <dst id="7">293.0933</dst>
      <dst id="2">129133.0667</dst>
      <dst id="6">0.3556</dst>
      <dst id="16">986.3556</dst>
      <dst id="14">0.9244</dst>
      <dst id="20">2946.0089</dst>
      <dst id="11">1432.4267</dst>
      <dst id="9">4721.5644</dst>
      <dst id="17">185782.0089</dst>
      <dst id="21">448.5600</dst>
      <dst id="15">4382.5067</dst>
    </src>
    <src id="17">
      <dst id="12">10131.9644</dst>
      <dst id="13">12163.8933</dst>
      <dst id="19">848.4000</dst>
      <dst id="23">89.1378</dst>
      <dst id="8">135856.7022</dst>
      <dst id="18">182.3200</dst>
      <dst id="4">38573.1200</dst>
      <dst id="1">722.1867</dst>
      <dst id="5">186241.6800</dst>
      <dst id="3">5191.8844</dst>
      <dst id="22">7813.2267</dst>
      <dst id="7">2855.2622</dst>
      <dst id="2">16235.8222</dst>
      <dst id="6">124.9067</dst>
      <dst id="16">5086.8178</dst>
      <dst id="14">17668.4089</dst>
      <dst id="20">440.8533</dst>
      <dst id="11">110692.3644</dst>
      <dst id="9">195623.3689</dst>
      <dst id="17">1334.5956</dst>
      <dst id="21">11752.6044</dst>
      <dst id="15">49.9289</dst>
    </src>
    <src id="21">
      <dst id="12">18582.1600</dst>
      <dst id="13">266.1600</dst>
      <dst id="19">241.4400</dst>
      <dst id="23">22.0800</dst>
      <dst id="8">130.6756</dst>
      <dst id="18">1716.0178</dst>
      <dst id="4">13491.8844</dst>
      <dst id="1">1590.8711</dst>
      <dst id="5">578.8978</dst>
      <dst id="3">1196.5867</dst>
      <dst id="22">1954.2844</dst>
      <dst id="7">2776.7022</dst>
      <dst id="2">7718.0000</dst>
      <dst id="6">31.9022</dst>
      <dst id="16">1257.2000</dst>
      <dst id="14">375.0933</dst>
      <dst id="20">228.1422</dst>
      <dst id="11">256.3822</dst>
      <dst id="9">558.0444</dst>
      <dst id="17">6909.6178</dst>
      <dst id="21">694.0267</dst>
      <dst id="15">98.6489</dst>
    </src>
    <src id="15">
      <dst id="12">1299.7511</dst>
      <dst id="13">724.5156</dst>
      <dst id="19">21.5467</dst>
      <dst id="23">10.7733</dst>
      <dst id="8">11.9467</dst>
      <dst id="18">5.6711</dst>
      <dst id="4">6324.5067</dst>
      <dst id="1">750.1689</dst>
      <dst id="5">377.9911</dst>
      <dst id="3">11.9467</dst>
      <dst id="7">191.4311</dst>
      <dst id="2">269.7600</dst>
      <dst id="14">18.8089</dst>
      <dst id="11">597.2089</dst>
      <dst id="9">1414.4622</dst>
      <dst id="17">1105.6622</dst>
      <dst id="21">122.5156</dst>
    </src>
  </IntraTM>
</TrafficMatrixFile>
