<?xml version="1.0" encoding="UTF-8" standalone="yes"?>
<TrafficMatrixFile xmlns:xsi="http://www.w3.org/2001/XMLSchema-instance" xsi:noNamespaceSchemaLocation="http://totem.run.montefiore.ulg.ac.be/Schema/TrafficMatrix-v1_2.xsd">
  <info>
    <title>Intradomain traffic matrix generated by geant-TM-all.pl</title>
    <date>2005-01-01T17:30:00</date>
    <duration>900</duration>
    <author>Steve Uhlig</author>
    <units>
        <unit type="bandwidth" value="kbps"/>
    </units>
  </info>
  <IntraTM ASID="20965">
    <src id="12">
      <dst id="12">369741.0311</dst>
      <dst id="13">15351.8578</dst>
      <dst id="19">5247.6800</dst>
      <dst id="23">950.0444</dst>
      <dst id="8">5135.5733</dst>
      <dst id="18">3794.0711</dst>
      <dst id="4">89883.0044</dst>
      <dst id="1">13746.2489</dst>
      <dst id="5">2563.7156</dst>
      <dst id="3">19814.6222</dst>
      <dst id="22">5559.4133</dst>
      <dst id="7">2177.5200</dst>
      <dst id="2">78859.0133</dst>
      <dst id="6">11.7600</dst>
      <dst id="16">12577.1911</dst>
      <dst id="14">4725.6444</dst>
      <dst id="20">7563.9644</dst>
      <dst id="11">5696.4089</dst>
      <dst id="9">46529.7156</dst>
      <dst id="17">61692.2933</dst>
      <dst id="21">24127.4578</dst>
      <dst id="15">4987.1556</dst>
    </src>
    <src id="13">
      <dst id="12">56224.5333</dst>
      <dst id="19">5294.9422</dst>
      <dst id="23">76.7644</dst>
      <dst id="8">4635.6978</dst>
      <dst id="18">7730.2844</dst>
      <dst id="1">4372.7111</dst>
      <dst id="5">12110.1778</dst>
      <dst id="3">27089.6800</dst>
      <dst id="22">23449.3067</dst>
      <dst id="7">6985.8222</dst>
      <dst id="2">79085.4311</dst>
      <dst id="6">176.9422</dst>
      <dst id="16">6750.6133</dst>
      <dst id="14">4178.4356</dst>
      <dst id="20">16779.4044</dst>
      <dst id="11">23456.2222</dst>
      <dst id="9">18246.7022</dst>
      <dst id="17">50182.3556</dst>
      <dst id="21">17401.5556</dst>
      <dst id="15">4745.7778</dst>
    </src>
    <src id="19">
      <dst id="12">15349.1200</dst>
      <dst id="13">180.8622</dst>
      <dst id="8">7.2978</dst>
      <dst id="18">15.2533</dst>
      <dst id="4">20237.6800</dst>
      <dst id="1">11.4933</dst>
      <dst id="5">296.7911</dst>
      <dst id="3">4000.4889</dst>
      <dst id="22">83.9467</dst>
      <dst id="7">3432.7911</dst>
      <dst id="2">246.3733</dst>
      <dst id="6">39.5111</dst>
      <dst id="16">7337.0667</dst>
      <dst id="14">1.4489</dst>
      <dst id="20">54.8089</dst>
      <dst id="11">1279.4400</dst>
      <dst id="9">150.6400</dst>
      <dst id="17">409.7867</dst>
      <dst id="21">5124.6400</dst>
      <dst id="15">34.7644</dst>
    </src>
    <src id="23">
      <dst id="12">1013.3156</dst>
      <dst id="13">142.2667</dst>
      <dst id="19">13.6711</dst>
      <dst id="8">2.3111</dst>
      <dst id="18">0.3556</dst>
      <dst id="4">150.7022</dst>
      <dst id="1">270.1067</dst>
      <dst id="5">133.3333</dst>
      <dst id="3">864.5689</dst>
      <dst id="22">615.0222</dst>
      <dst id="7">147.5289</dst>
      <dst id="2">63.9200</dst>
      <dst id="6">0.7111</dst>
      <dst id="16">8.1689</dst>
      <dst id="14">13.3333</dst>
      <dst id="20">206.5067</dst>
      <dst id="11">153.7156</dst>
      <dst id="9">372.9333</dst>
      <dst id="17">52.4267</dst>
      <dst id="21">791.7778</dst>
      <dst id="15">147.0044</dst>
    </src>
    <src id="8">
      <dst id="12">359286.9422</dst>
      <dst id="13">1702.6756</dst>
      <dst id="19">214.3022</dst>
      <dst id="23">466.6667</dst>
      <dst id="18">78.6578</dst>
      <dst id="4">8090.0444</dst>
      <dst id="1">44.2844</dst>
      <dst id="5">1423.5467</dst>
      <dst id="3">197.9556</dst>
      <dst id="22">1809.6622</dst>
      <dst id="7">93.3333</dst>
      <dst id="2">130009.2533</dst>
      <dst id="6">9.7422</dst>
      <dst id="16">436.5600</dst>
      <dst id="14">25.3867</dst>
      <dst id="20">2605.7067</dst>
      <dst id="11">3618.7022</dst>
      <dst id="9">3406.7289</dst>
      <dst id="17">77780.6667</dst>
      <dst id="21">365.6711</dst>
      <dst id="15">98.3733</dst>
    </src>
    <src id="18">
      <dst id="12">115146.3111</dst>
      <dst id="13">181.0844</dst>
      <dst id="19">7.3778</dst>
      <dst id="23">0.4356</dst>
      <dst id="8">54.9689</dst>
      <dst id="4">2114.7378</dst>
      <dst id="1">986.1600</dst>
      <dst id="5">3379.6800</dst>
      <dst id="3">207.2978</dst>
      <dst id="22">593.3867</dst>
      <dst id="7">97.2978</dst>
      <dst id="2">33220.3111</dst>
      <dst id="16">85.2622</dst>
      <dst id="20">26.4800</dst>
      <dst id="11">1134.5422</dst>
      <dst id="9">192.1422</dst>
      <dst id="17">25533.2889</dst>
      <dst id="21">602.7467</dst>
      <dst id="15">73.2089</dst>
    </src>
    <src id="4">
      <dst id="12">11274.7200</dst>
      <dst id="19">16245.5467</dst>
      <dst id="8">2693.5200</dst>
      <dst id="18">2039.3244</dst>
      <dst id="4">1.6267</dst>
      <dst id="1">868.0978</dst>
      <dst id="5">2607.8933</dst>
      <dst id="3">181324.8444</dst>
      <dst id="22">11520.0089</dst>
      <dst id="7">46613.4667</dst>
      <dst id="2">73734.1156</dst>
      <dst id="6">0.3556</dst>
      <dst id="16">1659.0133</dst>
      <dst id="14">15412.9867</dst>
      <dst id="20">2559.2978</dst>
      <dst id="11">10368.3644</dst>
      <dst id="9">4895.8222</dst>
      <dst id="17">20690.1600</dst>
      <dst id="21">5723.1556</dst>
      <dst id="15">6160.5422</dst>
    </src>
    <src id="1">
      <dst id="12">22180.4178</dst>
      <dst id="13">404.8533</dst>
      <dst id="19">40.2844</dst>
      <dst id="23">77.2356</dst>
      <dst id="8">171779.4756</dst>
      <dst id="18">14141.7778</dst>
      <dst id="4">7524.3022</dst>
      <dst id="1">64.2222</dst>
      <dst id="5">252096.7467</dst>
      <dst id="3">109011.7067</dst>
      <dst id="22">4220.6311</dst>
      <dst id="7">2732.4444</dst>
      <dst id="2">4359.7867</dst>
      <dst id="6">9134.2400</dst>
      <dst id="16">11219.5111</dst>
      <dst id="14">223.0578</dst>
      <dst id="20">437.5200</dst>
      <dst id="11">1067.7244</dst>
      <dst id="9">355224.7111</dst>
      <dst id="17">3471.8667</dst>
      <dst id="21">26872.4444</dst>
      <dst id="15">1647.2089</dst>
    </src>
    <src id="5">
      <dst id="12">325755.2444</dst>
      <dst id="13">547.0400</dst>
      <dst id="19">50.3200</dst>
      <dst id="23">41.2800</dst>
      <dst id="8">23285.4578</dst>
      <dst id="18">174.7467</dst>
      <dst id="4">8336.8000</dst>
      <dst id="1">66.2756</dst>
      <dst id="3">3057.4400</dst>
      <dst id="22">5258.0000</dst>
      <dst id="7">492.0089</dst>
      <dst id="2">136085.3511</dst>
      <dst id="6">1.0667</dst>
      <dst id="16">1328.9689</dst>
      <dst id="14">24.6044</dst>
      <dst id="20">2613.7689</dst>
      <dst id="11">1343.3956</dst>
      <dst id="9">8056.3200</dst>
      <dst id="17">85995.5200</dst>
      <dst id="21">254.5689</dst>
      <dst id="15">1059.9822</dst>
    </src>
    <src id="3">
      <dst id="12">9330.3644</dst>
      <dst id="13">329.7867</dst>
      <dst id="19">1498.9956</dst>
      <dst id="23">79.7422</dst>
      <dst id="8">308.8000</dst>
      <dst id="18">97116.2578</dst>
      <dst id="4">36521.3689</dst>
      <dst id="1">13823.9556</dst>
      <dst id="5">880.7467</dst>
      <dst id="3">9812.2756</dst>
      <dst id="22">733.0489</dst>
      <dst id="7">1664.5867</dst>
      <dst id="2">4713.6622</dst>
      <dst id="6">12.3644</dst>
      <dst id="16">1114.4978</dst>
      <dst id="14">52687.0311</dst>
      <dst id="20">3583.6622</dst>
      <dst id="11">220298.6489</dst>
      <dst id="9">414.9422</dst>
      <dst id="17">6319.3067</dst>
      <dst id="21">7888.6222</dst>
      <dst id="15">142.6756</dst>
    </src>
    <src id="10">
      <dst id="12">14311.1289</dst>
      <dst id="19">810.5778</dst>
      <dst id="23">0.4267</dst>
      <dst id="8">1206.7289</dst>
      <dst id="18">424.9778</dst>
      <dst id="4">1.9911</dst>
      <dst id="1">1020.0711</dst>
      <dst id="5">1295.2089</dst>
      <dst id="3">17240.9778</dst>
      <dst id="22">10233.6000</dst>
      <dst id="7">710.7022</dst>
      <dst id="2">25086.6400</dst>
      <dst id="6">37.8667</dst>
      <dst id="16">1227.6711</dst>
      <dst id="14">3286.4533</dst>
      <dst id="20">4502.5689</dst>
      <dst id="11">7788.4178</dst>
      <dst id="9">3214.0978</dst>
      <dst id="17">20704.1778</dst>
      <dst id="21">12974.2311</dst>
      <dst id="15">1402.9067</dst>
    </src>
    <src id="22">
      <dst id="12">10963.9022</dst>
      <dst id="13">1847.5822</dst>
      <dst id="19">47.6267</dst>
      <dst id="23">31.0133</dst>
      <dst id="8">1078.4444</dst>
      <dst id="18">442.3378</dst>
      <dst id="4">17743.2000</dst>
      <dst id="1">275.5289</dst>
      <dst id="5">3430.8089</dst>
      <dst id="3">632.4533</dst>
      <dst id="7">936.2222</dst>
      <dst id="2">1333.6622</dst>
      <dst id="6">53.9200</dst>
      <dst id="16">24.9244</dst>
      <dst id="14">76.2933</dst>
      <dst id="11">2017.7600</dst>
      <dst id="9">5103.9911</dst>
      <dst id="17">2269.1733</dst>
      <dst id="21">2797.5289</dst>
    </src>
    <src id="7">
      <dst id="12">4379.8844</dst>
      <dst id="13">113.5733</dst>
      <dst id="19">312.9867</dst>
      <dst id="23">102.2044</dst>
      <dst id="8">441.6889</dst>
      <dst id="18">532.0178</dst>
      <dst id="4">85974.6489</dst>
      <dst id="1">1634.8089</dst>
      <dst id="5">1928.8889</dst>
      <dst id="3">21512.1067</dst>
      <dst id="22">5106.6578</dst>
      <dst id="7">777.5111</dst>
      <dst id="2">7799.2711</dst>
      <dst id="6">0.3556</dst>
      <dst id="16">904.4089</dst>
      <dst id="14">231.1200</dst>
      <dst id="20">629.3244</dst>
      <dst id="11">2228.4356</dst>
      <dst id="9">7024.0444</dst>
      <dst id="17">7128.1956</dst>
      <dst id="21">7239.6356</dst>
      <dst id="15">420.9511</dst>
    </src>
    <src id="2">
      <dst id="12">176010.2844</dst>
      <dst id="13">10288.5600</dst>
      <dst id="19">307.1911</dst>
      <dst id="23">26.7733</dst>
      <dst id="8">1115.7600</dst>
      <dst id="18">89326.6311</dst>
      <dst id="4">88184.3733</dst>
      <dst id="1">1349.1467</dst>
      <dst id="5">1153.2533</dst>
      <dst id="3">2538.0089</dst>
      <dst id="22">8877.5289</dst>
      <dst id="7">2142.4800</dst>
      <dst id="2">1251.2356</dst>
      <dst id="6">5837.1378</dst>
      <dst id="16">2430.1244</dst>
      <dst id="14">463.7422</dst>
      <dst id="20">933.2178</dst>
      <dst id="11">5574.9956</dst>
      <dst id="9">1600.7022</dst>
      <dst id="17">19894.8711</dst>
      <dst id="21">17555.1467</dst>
      <dst id="15">3632.7733</dst>
    </src>
    <src id="6">
      <dst id="12">8332.3111</dst>
      <dst id="13">2.5600</dst>
      <dst id="19">1.1733</dst>
      <dst id="8">7.1111</dst>
      <dst id="4">81.4133</dst>
      <dst id="1">13.6889</dst>
      <dst id="5">48.2756</dst>
      <dst id="3">50.2578</dst>
      <dst id="22">12.6667</dst>
      <dst id="2">2088.4622</dst>
      <dst id="16">0.5600</dst>
      <dst id="14">22.9333</dst>
      <dst id="11">12.9600</dst>
      <dst id="9">37.4311</dst>
      <dst id="17">1175.7600</dst>
      <dst id="21">85.5822</dst>
      <dst id="15">36.2667</dst>
    </src>
    <src id="16">
      <dst id="12">3103.1733</dst>
      <dst id="13">287.7422</dst>
      <dst id="19">4864.6578</dst>
      <dst id="23">1.1200</dst>
      <dst id="8">7397.2889</dst>
      <dst id="18">53.3422</dst>
      <dst id="4">4178.7822</dst>
      <dst id="1">22125.7600</dst>
      <dst id="5">15221.0756</dst>
      <dst id="3">1350.8622</dst>
      <dst id="7">1525.3422</dst>
      <dst id="2">999.6178</dst>
      <dst id="6">0.3556</dst>
      <dst id="16">30.5867</dst>
      <dst id="14">362.2844</dst>
      <dst id="11">222.8089</dst>
      <dst id="9">10212.0889</dst>
      <dst id="17">1313.6444</dst>
      <dst id="21">872.0000</dst>
    </src>
    <src id="14">
      <dst id="12">25034.9067</dst>
      <dst id="13">101.1200</dst>
      <dst id="19">7.2356</dst>
      <dst id="23">1.3867</dst>
      <dst id="8">1.9467</dst>
      <dst id="4">2383.3511</dst>
      <dst id="1">30.3022</dst>
      <dst id="5">1.6800</dst>
      <dst id="3">137.5822</dst>
      <dst id="22">2872.2222</dst>
      <dst id="7">82.3556</dst>
      <dst id="2">7432.7022</dst>
      <dst id="6">0.9244</dst>
      <dst id="16">43.5467</dst>
      <dst id="20">13.0844</dst>
      <dst id="11">79.1022</dst>
      <dst id="9">65.6711</dst>
      <dst id="17">7492.2756</dst>
      <dst id="21">131.2978</dst>
    </src>
    <src id="20">
      <dst id="12">5600.5067</dst>
      <dst id="13">4162.4978</dst>
      <dst id="19">63.9111</dst>
      <dst id="23">5.2978</dst>
      <dst id="8">1675.4044</dst>
      <dst id="18">3.5378</dst>
      <dst id="4">14102.3911</dst>
      <dst id="1">75.4133</dst>
      <dst id="5">1565.1556</dst>
      <dst id="3">2535.3422</dst>
      <dst id="22">333.3333</dst>
      <dst id="7">571.8667</dst>
      <dst id="2">1642.1156</dst>
      <dst id="6">4.4267</dst>
      <dst id="14">9.6622</dst>
      <dst id="11">1669.1644</dst>
      <dst id="9">8308.4089</dst>
      <dst id="17">18396.9333</dst>
      <dst id="21">3058.5689</dst>
    </src>
    <src id="11">
      <dst id="12">396486.0089</dst>
      <dst id="13">1688.4444</dst>
      <dst id="19">28.2400</dst>
      <dst id="23">517.7956</dst>
      <dst id="8">476.7289</dst>
      <dst id="18">711.6533</dst>
      <dst id="4">11181.0311</dst>
      <dst id="1">537.2089</dst>
      <dst id="5">1135.6089</dst>
      <dst id="3">1435.2533</dst>
      <dst id="22">2065.4133</dst>
      <dst id="7">448.7378</dst>
      <dst id="2">151043.9200</dst>
      <dst id="6">6.4622</dst>
      <dst id="16">309.2889</dst>
      <dst id="14">149.4933</dst>
      <dst id="20">2888.1067</dst>
      <dst id="11">1370.2489</dst>
      <dst id="9">1805.6178</dst>
      <dst id="17">81720.2844</dst>
      <dst id="21">4261.9467</dst>
      <dst id="15">457.2267</dst>
    </src>
    <src id="9">
      <dst id="12">544242.1244</dst>
      <dst id="13">18253.3867</dst>
      <dst id="19">14.2844</dst>
      <dst id="23">16.7733</dst>
      <dst id="8">2609.5111</dst>
      <dst id="18">139.4133</dst>
      <dst id="4">10111.4756</dst>
      <dst id="1">10722.4267</dst>
      <dst id="5">2587.7156</dst>
      <dst id="3">1101.7067</dst>
      <dst id="22">7766.2844</dst>
      <dst id="7">297.0400</dst>
      <dst id="2">176674.0444</dst>
      <dst id="6">4.4978</dst>
      <dst id="16">895.9556</dst>
      <dst id="14">16.3733</dst>
      <dst id="20">3009.2356</dst>
      <dst id="11">1794.0089</dst>
      <dst id="9">3998.2400</dst>
      <dst id="17">123945.1467</dst>
      <dst id="21">7311.2356</dst>
      <dst id="15">5325.0933</dst>
    </src>
    <src id="17">
      <dst id="12">8524.0178</dst>
      <dst id="13">930.7022</dst>
      <dst id="19">8761.1289</dst>
      <dst id="23">279.2800</dst>
      <dst id="8">173676.2844</dst>
      <dst id="18">961.3422</dst>
      <dst id="4">78811.5911</dst>
      <dst id="1">3553.6000</dst>
      <dst id="5">239461.1733</dst>
      <dst id="3">18220.2578</dst>
      <dst id="22">11486.3822</dst>
      <dst id="7">14670.3378</dst>
      <dst id="2">11649.5467</dst>
      <dst id="6">28.4444</dst>
      <dst id="16">4627.2533</dst>
      <dst id="14">41880.5244</dst>
      <dst id="20">4927.7422</dst>
      <dst id="11">162872.1244</dst>
      <dst id="9">291876.9867</dst>
      <dst id="17">1304.4800</dst>
      <dst id="21">18594.5600</dst>
      <dst id="15">2412.8533</dst>
    </src>
    <src id="21">
      <dst id="12">20621.5911</dst>
      <dst id="13">436.2489</dst>
      <dst id="19">300.2044</dst>
      <dst id="23">43.9822</dst>
      <dst id="8">2486.1244</dst>
      <dst id="18">3063.8667</dst>
      <dst id="4">24277.8667</dst>
      <dst id="1">2864.4711</dst>
      <dst id="5">560.2311</dst>
      <dst id="3">3309.1822</dst>
      <dst id="22">1376.2133</dst>
      <dst id="7">1000.5156</dst>
      <dst id="2">14662.2133</dst>
      <dst id="6">55.7511</dst>
      <dst id="16">505.1556</dst>
      <dst id="14">65.0933</dst>
      <dst id="20">372.4267</dst>
      <dst id="11">1367.3067</dst>
      <dst id="9">1193.7867</dst>
      <dst id="17">3162.0978</dst>
      <dst id="21">3251.6711</dst>
      <dst id="15">695.1022</dst>
    </src>
    <src id="15">
      <dst id="12">902.5689</dst>
      <dst id="13">2985.3333</dst>
      <dst id="19">43.0578</dst>
      <dst id="23">3.3067</dst>
      <dst id="8">926.6933</dst>
      <dst id="18">4.9689</dst>
      <dst id="4">3419.0400</dst>
      <dst id="1">209.6444</dst>
      <dst id="5">325.3156</dst>
      <dst id="3">650.0889</dst>
      <dst id="7">43.7689</dst>
      <dst id="2">251.6444</dst>
      <dst id="6">1.0667</dst>
      <dst id="14">13.3333</dst>
      <dst id="11">396.1867</dst>
      <dst id="9">967.6178</dst>
      <dst id="17">390.1867</dst>
      <dst id="21">177.2622</dst>
    </src>
  </IntraTM>
</TrafficMatrixFile>
