<?xml version="1.0" encoding="UTF-8" standalone="yes"?>
<TrafficMatrixFile xmlns:xsi="http://www.w3.org/2001/XMLSchema-instance" xsi:noNamespaceSchemaLocation="http://totem.run.montefiore.ulg.ac.be/Schema/TrafficMatrix-v1_2.xsd">
  <info>
    <title>Intradomain traffic matrix generated by geant-TM-all.pl</title>
    <date>2005-01-04T12:30:00</date>
    <duration>900</duration>
    <author>Steve Uhlig</author>
    <units>
        <unit type="bandwidth" value="kbps"/>
    </units>
  </info>
  <IntraTM ASID="20965">
    <src id="12">
      <dst id="12">181098.7733</dst>
      <dst id="13">14029.0756</dst>
      <dst id="19">940.5422</dst>
      <dst id="23">5.0489</dst>
      <dst id="8">3042.2578</dst>
      <dst id="18">165.8844</dst>
      <dst id="4">73511.6978</dst>
      <dst id="1">10420.5244</dst>
      <dst id="5">3186.6756</dst>
      <dst id="3">4332.2311</dst>
      <dst id="22">9855.6622</dst>
      <dst id="7">982.4622</dst>
      <dst id="2">60766.3378</dst>
      <dst id="6">4.3556</dst>
      <dst id="16">5191.5111</dst>
      <dst id="14">99.0489</dst>
      <dst id="20">3641.4311</dst>
      <dst id="11">2776.5778</dst>
      <dst id="9">3938.6133</dst>
      <dst id="17">65746.9422</dst>
      <dst id="21">2384.8178</dst>
      <dst id="15">503.3067</dst>
    </src>
    <src id="13">
      <dst id="12">33409.6444</dst>
      <dst id="19">5204.1511</dst>
      <dst id="23">33.4400</dst>
      <dst id="8">1036.3733</dst>
      <dst id="18">2778.2311</dst>
      <dst id="4">1.0667</dst>
      <dst id="1">1244.5867</dst>
      <dst id="5">5771.5911</dst>
      <dst id="3">4670.0889</dst>
      <dst id="22">14932.3467</dst>
      <dst id="7">6300.3733</dst>
      <dst id="2">82477.3511</dst>
      <dst id="6">101.0844</dst>
      <dst id="16">9756.2933</dst>
      <dst id="14">4303.2000</dst>
      <dst id="20">5318.3200</dst>
      <dst id="11">4906.1867</dst>
      <dst id="9">7780.6844</dst>
      <dst id="17">39518.5867</dst>
      <dst id="21">7904.2400</dst>
      <dst id="15">454.4800</dst>
    </src>
    <src id="19">
      <dst id="12">12697.8311</dst>
      <dst id="13">133.2356</dst>
      <dst id="8">3.2000</dst>
      <dst id="18">26.6667</dst>
      <dst id="4">20398.0089</dst>
      <dst id="1">366.0800</dst>
      <dst id="5">13.3333</dst>
      <dst id="3">8.4000</dst>
      <dst id="22">139.7956</dst>
      <dst id="7">2489.4311</dst>
      <dst id="2">17.5289</dst>
      <dst id="6">170.8089</dst>
      <dst id="16">10262.6933</dst>
      <dst id="14">1.1289</dst>
      <dst id="20">0.8533</dst>
      <dst id="11">1.2978</dst>
      <dst id="9">0.7022</dst>
      <dst id="17">662.0978</dst>
      <dst id="21">902.2844</dst>
      <dst id="15">1.6533</dst>
    </src>
    <src id="23">
      <dst id="12">91.4844</dst>
      <dst id="13">32.6578</dst>
      <dst id="8">13.3333</dst>
      <dst id="18">0.8889</dst>
      <dst id="4">34.2667</dst>
      <dst id="1">247.9467</dst>
      <dst id="5">0.4000</dst>
      <dst id="3">245.5733</dst>
      <dst id="22">14.1244</dst>
      <dst id="7">37.8933</dst>
      <dst id="2">5.7511</dst>
      <dst id="6">1.1378</dst>
      <dst id="16">3.7244</dst>
      <dst id="14">12.6222</dst>
      <dst id="11">13.7156</dst>
      <dst id="9">454.8978</dst>
      <dst id="17">79.3067</dst>
      <dst id="21">148.5156</dst>
    </src>
    <src id="8">
      <dst id="12">239580.8178</dst>
      <dst id="13">1242.8089</dst>
      <dst id="19">2.3822</dst>
      <dst id="18">54.8267</dst>
      <dst id="4">5849.4756</dst>
      <dst id="1">8.5156</dst>
      <dst id="5">571.8489</dst>
      <dst id="22">1259.3333</dst>
      <dst id="7">1333.2533</dst>
      <dst id="2">87872.9244</dst>
      <dst id="16">74.1333</dst>
      <dst id="14">0.6756</dst>
      <dst id="20">14.7644</dst>
      <dst id="11">144.8356</dst>
      <dst id="9">679.7244</dst>
      <dst id="17">95702.9244</dst>
      <dst id="21">329.1733</dst>
      <dst id="15">27.0222</dst>
    </src>
    <src id="18">
      <dst id="12">92648.2222</dst>
      <dst id="13">71.0667</dst>
      <dst id="19">1.1200</dst>
      <dst id="23">0.3556</dst>
      <dst id="8">37.8044</dst>
      <dst id="4">1686.9867</dst>
      <dst id="1">1029.3333</dst>
      <dst id="5">175.2356</dst>
      <dst id="3">22.4267</dst>
      <dst id="22">86.2044</dst>
      <dst id="7">76.8356</dst>
      <dst id="2">29112.5511</dst>
      <dst id="16">12.3822</dst>
      <dst id="14">0.3556</dst>
      <dst id="20">2.4356</dst>
      <dst id="11">27.5022</dst>
      <dst id="9">243.6711</dst>
      <dst id="17">30970.4089</dst>
      <dst id="21">42.6489</dst>
    </src>
    <src id="4">
      <dst id="12">12112.4178</dst>
      <dst id="19">15356.0178</dst>
      <dst id="8">2558.8178</dst>
      <dst id="18">1768.7378</dst>
      <dst id="4">2.7289</dst>
      <dst id="1">46407.2711</dst>
      <dst id="5">1295.5733</dst>
      <dst id="3">875.9556</dst>
      <dst id="22">1801.0222</dst>
      <dst id="7">129279.4222</dst>
      <dst id="2">53988.4267</dst>
      <dst id="6">127.9378</dst>
      <dst id="16">770.8178</dst>
      <dst id="14">925.4844</dst>
      <dst id="20">233.8933</dst>
      <dst id="11">2452.8978</dst>
      <dst id="9">3890.3467</dst>
      <dst id="17">13171.1289</dst>
      <dst id="21">4428.6489</dst>
      <dst id="15">691.3956</dst>
    </src>
    <src id="1">
      <dst id="12">18543.3244</dst>
      <dst id="13">354.1689</dst>
      <dst id="19">177.3867</dst>
      <dst id="23">6770.3733</dst>
      <dst id="8">57736.3289</dst>
      <dst id="18">12499.2800</dst>
      <dst id="4">5944.2667</dst>
      <dst id="1">6061.2533</dst>
      <dst id="5">113830.2489</dst>
      <dst id="3">137.3067</dst>
      <dst id="22">679.6711</dst>
      <dst id="7">1252.1600</dst>
      <dst id="2">1560.6222</dst>
      <dst id="6">4388.1600</dst>
      <dst id="16">12267.2711</dst>
      <dst id="14">201.8222</dst>
      <dst id="20">84.5867</dst>
      <dst id="11">337.2533</dst>
      <dst id="9">112029.4756</dst>
      <dst id="17">1752.0089</dst>
      <dst id="21">2222.2667</dst>
      <dst id="15">92.7378</dst>
    </src>
    <src id="5">
      <dst id="12">209443.5200</dst>
      <dst id="13">8618.4533</dst>
      <dst id="19">8.9956</dst>
      <dst id="23">0.4178</dst>
      <dst id="8">57.5822</dst>
      <dst id="18">417.1911</dst>
      <dst id="4">5638.5689</dst>
      <dst id="1">330.7378</dst>
      <dst id="3">48.8267</dst>
      <dst id="22">2418.9067</dst>
      <dst id="7">134.0889</dst>
      <dst id="2">85616.5156</dst>
      <dst id="6">0.8267</dst>
      <dst id="16">135.1200</dst>
      <dst id="14">0.8533</dst>
      <dst id="20">176.6667</dst>
      <dst id="11">1032.6044</dst>
      <dst id="9">3388.6489</dst>
      <dst id="17">74922.3022</dst>
      <dst id="21">241.6800</dst>
      <dst id="15">183.2089</dst>
    </src>
    <src id="3">
      <dst id="12">12158.3822</dst>
      <dst id="13">248.8356</dst>
      <dst id="19">575.0844</dst>
      <dst id="23">9483.4933</dst>
      <dst id="8">103.7156</dst>
      <dst id="18">43962.4889</dst>
      <dst id="4">44666.7733</dst>
      <dst id="1">3533.6978</dst>
      <dst id="5">366.1067</dst>
      <dst id="3">7233.6000</dst>
      <dst id="22">921.7600</dst>
      <dst id="7">1357.0844</dst>
      <dst id="2">8232.9422</dst>
      <dst id="6">1.3244</dst>
      <dst id="16">611.3067</dst>
      <dst id="14">17745.2889</dst>
      <dst id="20">1.7689</dst>
      <dst id="11">78654.6489</dst>
      <dst id="9">80.0622</dst>
      <dst id="17">12269.7689</dst>
      <dst id="21">3490.4622</dst>
      <dst id="15">52.8444</dst>
    </src>
    <src id="10">
      <dst id="12">8285.5111</dst>
      <dst id="19">4666.4622</dst>
      <dst id="8">272.5244</dst>
      <dst id="18">663.2444</dst>
      <dst id="1">1806.8178</dst>
      <dst id="5">387.0667</dst>
      <dst id="3">2919.0133</dst>
      <dst id="22">7510.0000</dst>
      <dst id="7">100200.5156</dst>
      <dst id="2">19799.7333</dst>
      <dst id="6">2.4800</dst>
      <dst id="16">727.1822</dst>
      <dst id="14">452.7644</dst>
      <dst id="20">4689.0933</dst>
      <dst id="11">1655.9111</dst>
      <dst id="9">4315.2000</dst>
      <dst id="17">20906.7200</dst>
      <dst id="21">6110.4089</dst>
      <dst id="15">31.0578</dst>
    </src>
    <src id="22">
      <dst id="12">4295.1911</dst>
      <dst id="13">5644.7200</dst>
      <dst id="19">54.3022</dst>
      <dst id="23">5.3244</dst>
      <dst id="8">505.6089</dst>
      <dst id="18">112.9867</dst>
      <dst id="4">12584.4267</dst>
      <dst id="1">357.7778</dst>
      <dst id="5">2570.8267</dst>
      <dst id="3">235.0222</dst>
      <dst id="7">164.8444</dst>
      <dst id="2">1366.1778</dst>
      <dst id="6">229.4933</dst>
      <dst id="16">0.4089</dst>
      <dst id="14">60.9778</dst>
      <dst id="11">1376.4000</dst>
      <dst id="9">3574.3822</dst>
      <dst id="17">1980.6756</dst>
      <dst id="21">620.0267</dst>
    </src>
    <src id="7">
      <dst id="12">2224.5422</dst>
      <dst id="13">246.0978</dst>
      <dst id="19">106.6222</dst>
      <dst id="23">509.2444</dst>
      <dst id="8">515.1733</dst>
      <dst id="18">49.4933</dst>
      <dst id="4">77512.4444</dst>
      <dst id="1">1952.2133</dst>
      <dst id="5">1471.6000</dst>
      <dst id="3">345.4133</dst>
      <dst id="22">4139.0844</dst>
      <dst id="7">594.4533</dst>
      <dst id="2">7714.4000</dst>
      <dst id="6">0.8356</dst>
      <dst id="16">1126.5333</dst>
      <dst id="14">31.4133</dst>
      <dst id="20">541.5289</dst>
      <dst id="11">198.3733</dst>
      <dst id="9">715.0400</dst>
      <dst id="17">4307.2978</dst>
      <dst id="21">1148.3200</dst>
      <dst id="15">135.5733</dst>
    </src>
    <src id="2">
      <dst id="12">49978.1422</dst>
      <dst id="13">509436.8978</dst>
      <dst id="19">98.9689</dst>
      <dst id="8">126.7289</dst>
      <dst id="18">39222.5778</dst>
      <dst id="4">89167.5822</dst>
      <dst id="1">3250.6756</dst>
      <dst id="5">3073.0667</dst>
      <dst id="3">67.0222</dst>
      <dst id="22">1043.5556</dst>
      <dst id="7">1629.5822</dst>
      <dst id="2">212.4178</dst>
      <dst id="6">5974.8000</dst>
      <dst id="16">4474.5956</dst>
      <dst id="14">4374.9778</dst>
      <dst id="20">205.6978</dst>
      <dst id="11">6412.4444</dst>
      <dst id="9">946.3556</dst>
      <dst id="17">60632.8356</dst>
      <dst id="21">842.6222</dst>
      <dst id="15">40.9333</dst>
    </src>
    <src id="6">
      <dst id="12">8040.7022</dst>
      <dst id="13">3.9467</dst>
      <dst id="19">3.9111</dst>
      <dst id="18">0.5511</dst>
      <dst id="4">862.9156</dst>
      <dst id="1">1.5467</dst>
      <dst id="22">2.4000</dst>
      <dst id="7">1.1378</dst>
      <dst id="2">1761.3333</dst>
      <dst id="16">33.1733</dst>
      <dst id="14">0.4178</dst>
      <dst id="20">37.4400</dst>
      <dst id="9">1.1467</dst>
      <dst id="17">901.7867</dst>
      <dst id="15">0.5244</dst>
    </src>
    <src id="16">
      <dst id="12">2196.4089</dst>
      <dst id="13">77.7244</dst>
      <dst id="19">3778.6400</dst>
      <dst id="23">3.4844</dst>
      <dst id="8">1202.7911</dst>
      <dst id="18">41.8667</dst>
      <dst id="4">6547.6267</dst>
      <dst id="1">22972.5333</dst>
      <dst id="5">580.1689</dst>
      <dst id="3">1.3067</dst>
      <dst id="7">659.9733</dst>
      <dst id="2">235.2711</dst>
      <dst id="6">1.0667</dst>
      <dst id="16">17.3956</dst>
      <dst id="14">14.6578</dst>
      <dst id="11">126.1156</dst>
      <dst id="9">3193.3511</dst>
      <dst id="17">1192.2667</dst>
      <dst id="21">2119.2356</dst>
    </src>
    <src id="14">
      <dst id="12">14096.0178</dst>
      <dst id="13">41.7333</dst>
      <dst id="19">4.0267</dst>
      <dst id="4">3617.6178</dst>
      <dst id="1">95.6889</dst>
      <dst id="5">1.4756</dst>
      <dst id="3">39.3511</dst>
      <dst id="22">15.9556</dst>
      <dst id="7">42.8444</dst>
      <dst id="2">4231.4222</dst>
      <dst id="20">2.2044</dst>
      <dst id="11">38.9778</dst>
      <dst id="9">4.6667</dst>
      <dst id="17">7332.7378</dst>
      <dst id="21">114.6222</dst>
    </src>
    <src id="20">
      <dst id="12">544.8089</dst>
      <dst id="13">394.3556</dst>
      <dst id="19">1.6356</dst>
      <dst id="8">228.5333</dst>
      <dst id="18">1.3600</dst>
      <dst id="4">6892.7022</dst>
      <dst id="1">34.6933</dst>
      <dst id="5">619.7600</dst>
      <dst id="3">63.0844</dst>
      <dst id="7">12883.4044</dst>
      <dst id="2">1199.0667</dst>
      <dst id="6">50.6133</dst>
      <dst id="11">2550.4978</dst>
      <dst id="9">1490.4089</dst>
      <dst id="17">313.5289</dst>
      <dst id="21">577.2622</dst>
    </src>
    <src id="11">
      <dst id="12">367040.2756</dst>
      <dst id="13">2730.1867</dst>
      <dst id="19">5.2267</dst>
      <dst id="23">2.2667</dst>
      <dst id="8">174.7289</dst>
      <dst id="18">212.7022</dst>
      <dst id="4">9232.2844</dst>
      <dst id="1">5455.1556</dst>
      <dst id="5">1596.7911</dst>
      <dst id="3">296.1333</dst>
      <dst id="22">1654.0622</dst>
      <dst id="7">230.6756</dst>
      <dst id="2">128512.5067</dst>
      <dst id="16">1408.7289</dst>
      <dst id="14">28.6044</dst>
      <dst id="20">1226.2844</dst>
      <dst id="11">1326.0444</dst>
      <dst id="9">2262.5067</dst>
      <dst id="17">134591.7600</dst>
      <dst id="21">248.7733</dst>
      <dst id="15">65.6533</dst>
    </src>
    <src id="9">
      <dst id="12">364613.9289</dst>
      <dst id="13">3751.6622</dst>
      <dst id="19">3.4133</dst>
      <dst id="23">13.2889</dst>
      <dst id="8">256.1689</dst>
      <dst id="18">177.7422</dst>
      <dst id="4">9364.0622</dst>
      <dst id="1">1097.5733</dst>
      <dst id="5">924.9333</dst>
      <dst id="3">230.8356</dst>
      <dst id="22">1875.1911</dst>
      <dst id="7">27.3867</dst>
      <dst id="2">116705.2711</dst>
      <dst id="6">0.5156</dst>
      <dst id="16">1003.7778</dst>
      <dst id="14">25.9556</dst>
      <dst id="20">438.7644</dst>
      <dst id="11">837.7956</dst>
      <dst id="9">522.0889</dst>
      <dst id="17">137900.4089</dst>
      <dst id="21">81.9022</dst>
      <dst id="15">351.7956</dst>
    </src>
    <src id="17">
      <dst id="12">5640.7289</dst>
      <dst id="13">19288.2667</dst>
      <dst id="19">161.0222</dst>
      <dst id="23">41.6800</dst>
      <dst id="8">78748.1156</dst>
      <dst id="18">199.0578</dst>
      <dst id="4">74593.0133</dst>
      <dst id="1">1145.2089</dst>
      <dst id="5">109059.5556</dst>
      <dst id="3">3307.3333</dst>
      <dst id="22">2239.9822</dst>
      <dst id="7">1539.9289</dst>
      <dst id="2">7675.5022</dst>
      <dst id="6">171.3511</dst>
      <dst id="16">10650.7556</dst>
      <dst id="14">7561.6889</dst>
      <dst id="20">10434.3556</dst>
      <dst id="11">65173.1822</dst>
      <dst id="9">99176.7822</dst>
      <dst id="17">1677.0844</dst>
      <dst id="21">3096.4356</dst>
      <dst id="15">17.7867</dst>
    </src>
    <src id="21">
      <dst id="12">13577.6089</dst>
      <dst id="13">429.9733</dst>
      <dst id="19">938.3378</dst>
      <dst id="23">8.2222</dst>
      <dst id="8">90.4800</dst>
      <dst id="18">215.3156</dst>
      <dst id="4">8177.9822</dst>
      <dst id="1">1400.0178</dst>
      <dst id="5">205.1822</dst>
      <dst id="3">3146.2844</dst>
      <dst id="22">765.3689</dst>
      <dst id="7">2046.3911</dst>
      <dst id="2">6524.8178</dst>
      <dst id="6">9.7511</dst>
      <dst id="16">148.3644</dst>
      <dst id="14">68.0089</dst>
      <dst id="20">41.6533</dst>
      <dst id="11">2071.2178</dst>
      <dst id="9">78.5600</dst>
      <dst id="17">2744.5956</dst>
      <dst id="21">656.5867</dst>
      <dst id="15">198.0889</dst>
    </src>
    <src id="15">
      <dst id="12">727.0133</dst>
      <dst id="13">113.4844</dst>
      <dst id="19">40.3556</dst>
      <dst id="8">2.5956</dst>
      <dst id="18">0.3644</dst>
      <dst id="4">1621.8933</dst>
      <dst id="1">380.6933</dst>
      <dst id="5">147.3956</dst>
      <dst id="3">10.6844</dst>
      <dst id="7">4.9333</dst>
      <dst id="2">19.4044</dst>
      <dst id="6">0.4178</dst>
      <dst id="11">182.8800</dst>
      <dst id="9">40.8711</dst>
      <dst id="17">1155.0933</dst>
      <dst id="21">131.5289</dst>
    </src>
  </IntraTM>
</TrafficMatrixFile>
