<?xml version="1.0" encoding="UTF-8" standalone="yes"?>
<TrafficMatrixFile xmlns:xsi="http://www.w3.org/2001/XMLSchema-instance" xsi:noNamespaceSchemaLocation="http://totem.run.montefiore.ulg.ac.be/Schema/TrafficMatrix-v1_2.xsd">
  <info>
    <title>Intradomain traffic matrix generated by geant-TM-all.pl</title>
    <date>2005-01-01T02:00:00</date>
    <duration>900</duration>
    <author>Steve Uhlig</author>
    <units>
        <unit type="bandwidth" value="kbps"/>
    </units>
  </info>
  <IntraTM ASID="20965">
    <src id="12">
      <dst id="12">304732.9422</dst>
      <dst id="13">33443.3600</dst>
      <dst id="19">5676.6489</dst>
      <dst id="23">1072.9422</dst>
      <dst id="8">7083.3333</dst>
      <dst id="18">3299.2356</dst>
      <dst id="4">117207.6800</dst>
      <dst id="1">8006.5422</dst>
      <dst id="5">8183.2889</dst>
      <dst id="3">6551.6089</dst>
      <dst id="22">27564.0267</dst>
      <dst id="7">18868.3289</dst>
      <dst id="2">104976.1333</dst>
      <dst id="6">58.8978</dst>
      <dst id="16">7820.6667</dst>
      <dst id="14">1259.9111</dst>
      <dst id="20">18549.9822</dst>
      <dst id="11">3913.3067</dst>
      <dst id="9">12961.2889</dst>
      <dst id="17">79024.8978</dst>
      <dst id="21">21764.8267</dst>
      <dst id="15">2577.7956</dst>
    </src>
    <src id="13">
      <dst id="12">73163.1289</dst>
      <dst id="19">10624.9333</dst>
      <dst id="23">319.6711</dst>
      <dst id="8">6903.2000</dst>
      <dst id="18">18424.8178</dst>
      <dst id="1">17788.7911</dst>
      <dst id="5">12128.3733</dst>
      <dst id="3">28608.6489</dst>
      <dst id="22">34775.1911</dst>
      <dst id="7">29112.7111</dst>
      <dst id="2">140662.8711</dst>
      <dst id="6">46.0622</dst>
      <dst id="16">17941.4844</dst>
      <dst id="14">6283.6533</dst>
      <dst id="20">19687.4400</dst>
      <dst id="11">15317.7511</dst>
      <dst id="9">21099.3067</dst>
      <dst id="17">116599.6000</dst>
      <dst id="21">32749.8667</dst>
      <dst id="15">6038.0800</dst>
    </src>
    <src id="19">
      <dst id="12">18411.8667</dst>
      <dst id="13">4203.6089</dst>
      <dst id="23">1205.5556</dst>
      <dst id="8">1266.1689</dst>
      <dst id="18">879.8133</dst>
      <dst id="4">24353.5111</dst>
      <dst id="1">454.0356</dst>
      <dst id="5">106.1778</dst>
      <dst id="3">2811.6711</dst>
      <dst id="22">48.3289</dst>
      <dst id="7">5380.7556</dst>
      <dst id="2">4661.3867</dst>
      <dst id="6">124.1244</dst>
      <dst id="16">5968.2489</dst>
      <dst id="14">4.2133</dst>
      <dst id="20">113.7156</dst>
      <dst id="11">123.4578</dst>
      <dst id="9">427.8844</dst>
      <dst id="17">1761.2800</dst>
      <dst id="21">1703.5289</dst>
      <dst id="15">271.1022</dst>
    </src>
    <src id="23">
      <dst id="12">549.8133</dst>
      <dst id="13">295.8933</dst>
      <dst id="19">116.9511</dst>
      <dst id="8">4591.1822</dst>
      <dst id="18">833.9200</dst>
      <dst id="4">491.2356</dst>
      <dst id="1">44.7733</dst>
      <dst id="5">149.2800</dst>
      <dst id="3">412.0978</dst>
      <dst id="22">234.2400</dst>
      <dst id="7">902.4800</dst>
      <dst id="2">5.6089</dst>
      <dst id="6">1.6000</dst>
      <dst id="16">158.8444</dst>
      <dst id="14">13.0844</dst>
      <dst id="20">158.2667</dst>
      <dst id="11">52.4800</dst>
      <dst id="9">528.9689</dst>
      <dst id="17">5170.9600</dst>
      <dst id="21">1109.8400</dst>
      <dst id="15">221.8311</dst>
    </src>
    <src id="8">
      <dst id="12">410550.4089</dst>
      <dst id="13">736.2400</dst>
      <dst id="19">49.1467</dst>
      <dst id="23">107.8400</dst>
      <dst id="18">327.7422</dst>
      <dst id="4">13445.6978</dst>
      <dst id="1">571.8222</dst>
      <dst id="5">10971.2356</dst>
      <dst id="3">624.5156</dst>
      <dst id="22">2055.5111</dst>
      <dst id="7">179.3333</dst>
      <dst id="2">150021.6267</dst>
      <dst id="6">23.3956</dst>
      <dst id="16">420.6844</dst>
      <dst id="14">9.7156</dst>
      <dst id="20">6013.7689</dst>
      <dst id="11">1704.2667</dst>
      <dst id="9">369.0844</dst>
      <dst id="17">91311.3867</dst>
      <dst id="21">3337.7778</dst>
      <dst id="15">551.2089</dst>
    </src>
    <src id="18">
      <dst id="12">144980.2311</dst>
      <dst id="13">552.4089</dst>
      <dst id="19">684.8267</dst>
      <dst id="23">18.3822</dst>
      <dst id="8">79.0489</dst>
      <dst id="4">4009.8844</dst>
      <dst id="1">799.7511</dst>
      <dst id="5">414.2044</dst>
      <dst id="3">119.6444</dst>
      <dst id="22">588.1156</dst>
      <dst id="7">62.8800</dst>
      <dst id="2">44365.2889</dst>
      <dst id="16">36.6400</dst>
      <dst id="14">51.0933</dst>
      <dst id="20">50.5778</dst>
      <dst id="11">631.5022</dst>
      <dst id="9">657.1022</dst>
      <dst id="17">37498.6489</dst>
      <dst id="21">1347.1111</dst>
      <dst id="15">0.4978</dst>
    </src>
    <src id="4">
      <dst id="12">18486.6311</dst>
      <dst id="19">10635.7689</dst>
      <dst id="23">4.0533</dst>
      <dst id="8">1415.8133</dst>
      <dst id="18">2765.2889</dst>
      <dst id="4">1.4933</dst>
      <dst id="1">7271.1111</dst>
      <dst id="5">4587.2800</dst>
      <dst id="3">42986.6578</dst>
      <dst id="22">6293.4133</dst>
      <dst id="7">70424.4978</dst>
      <dst id="2">61166.6756</dst>
      <dst id="6">67.1733</dst>
      <dst id="16">3935.1822</dst>
      <dst id="14">5272.1244</dst>
      <dst id="20">1724.6756</dst>
      <dst id="11">6743.4756</dst>
      <dst id="9">10601.2089</dst>
      <dst id="17">102228.0889</dst>
      <dst id="21">17198.0711</dst>
      <dst id="15">504.0889</dst>
    </src>
    <src id="1">
      <dst id="12">19109.5111</dst>
      <dst id="13">2383.1822</dst>
      <dst id="19">2386.2844</dst>
      <dst id="23">190.7822</dst>
      <dst id="8">157955.9111</dst>
      <dst id="18">15466.3911</dst>
      <dst id="4">21450.7733</dst>
      <dst id="1">42.8356</dst>
      <dst id="5">287558.2311</dst>
      <dst id="3">23932.2756</dst>
      <dst id="22">3083.9378</dst>
      <dst id="7">13362.9067</dst>
      <dst id="2">9596.3644</dst>
      <dst id="6">9833.2889</dst>
      <dst id="16">12738.3111</dst>
      <dst id="14">5200.3556</dst>
      <dst id="20">409.9467</dst>
      <dst id="11">1222.5244</dst>
      <dst id="9">324349.2711</dst>
      <dst id="17">13305.3511</dst>
      <dst id="21">34953.5644</dst>
      <dst id="15">4608.3200</dst>
    </src>
    <src id="5">
      <dst id="12">452870.1244</dst>
      <dst id="13">2061.1200</dst>
      <dst id="19">417.5644</dst>
      <dst id="23">495.6356</dst>
      <dst id="8">17998.4356</dst>
      <dst id="18">849.4044</dst>
      <dst id="4">12437.6533</dst>
      <dst id="1">2809.0667</dst>
      <dst id="3">909.5289</dst>
      <dst id="22">5537.5822</dst>
      <dst id="7">576.6667</dst>
      <dst id="2">203842.8533</dst>
      <dst id="6">23.2000</dst>
      <dst id="16">2009.9556</dst>
      <dst id="14">96.8089</dst>
      <dst id="20">9474.9067</dst>
      <dst id="11">3266.9867</dst>
      <dst id="9">2552.9689</dst>
      <dst id="17">98078.5600</dst>
      <dst id="21">1514.9778</dst>
      <dst id="15">814.7467</dst>
    </src>
    <src id="3">
      <dst id="12">14622.8711</dst>
      <dst id="13">1031.9733</dst>
      <dst id="19">12393.6711</dst>
      <dst id="23">63.6267</dst>
      <dst id="8">301.8667</dst>
      <dst id="18">201130.8533</dst>
      <dst id="4">57718.9778</dst>
      <dst id="1">24549.5556</dst>
      <dst id="5">277.0400</dst>
      <dst id="3">22953.7511</dst>
      <dst id="22">1114.2933</dst>
      <dst id="7">2976.9333</dst>
      <dst id="2">8921.9822</dst>
      <dst id="6">9.3600</dst>
      <dst id="16">2058.4089</dst>
      <dst id="14">51905.6889</dst>
      <dst id="20">541.0933</dst>
      <dst id="11">188812.0178</dst>
      <dst id="9">934.9867</dst>
      <dst id="17">8719.9111</dst>
      <dst id="21">15072.8089</dst>
      <dst id="15">51.3244</dst>
    </src>
    <src id="10">
      <dst id="12">26319.4133</dst>
      <dst id="19">4113.3156</dst>
      <dst id="23">0.4267</dst>
      <dst id="8">1566.6933</dst>
      <dst id="18">9577.1111</dst>
      <dst id="4">0.4267</dst>
      <dst id="1">4191.2800</dst>
      <dst id="5">3739.7689</dst>
      <dst id="3">10279.8400</dst>
      <dst id="22">13509.2533</dst>
      <dst id="7">16610.4533</dst>
      <dst id="2">46189.9022</dst>
      <dst id="6">14.7911</dst>
      <dst id="16">3466.0622</dst>
      <dst id="14">3078.0089</dst>
      <dst id="20">7476.2311</dst>
      <dst id="11">11264.3733</dst>
      <dst id="9">5128.1867</dst>
      <dst id="17">51508.1067</dst>
      <dst id="21">31819.3689</dst>
      <dst id="15">812.8356</dst>
    </src>
    <src id="22">
      <dst id="12">11226.3378</dst>
      <dst id="13">5001.0578</dst>
      <dst id="19">124.5067</dst>
      <dst id="23">500.9956</dst>
      <dst id="8">2490.8622</dst>
      <dst id="18">419.6711</dst>
      <dst id="4">26783.9556</dst>
      <dst id="1">978.4711</dst>
      <dst id="5">4787.3956</dst>
      <dst id="3">4293.2978</dst>
      <dst id="7">2592.1422</dst>
      <dst id="2">2250.1511</dst>
      <dst id="6">39.6178</dst>
      <dst id="16">14.9689</dst>
      <dst id="14">151.6622</dst>
      <dst id="11">3783.0489</dst>
      <dst id="9">3289.5289</dst>
      <dst id="17">6078.2844</dst>
      <dst id="21">1381.3511</dst>
    </src>
    <src id="7">
      <dst id="12">13980.4889</dst>
      <dst id="13">829.9022</dst>
      <dst id="19">2380.3556</dst>
      <dst id="23">650.8711</dst>
      <dst id="8">735.2267</dst>
      <dst id="18">989.5289</dst>
      <dst id="4">27353.0489</dst>
      <dst id="1">14824.2933</dst>
      <dst id="5">1399.5111</dst>
      <dst id="3">17491.4489</dst>
      <dst id="22">4161.8489</dst>
      <dst id="7">768.6756</dst>
      <dst id="2">20242.8889</dst>
      <dst id="6">327.7244</dst>
      <dst id="16">1674.0089</dst>
      <dst id="14">3849.8933</dst>
      <dst id="20">646.5689</dst>
      <dst id="11">3654.0533</dst>
      <dst id="9">1598.8978</dst>
      <dst id="17">17602.0533</dst>
      <dst id="21">8565.4489</dst>
      <dst id="15">170.1244</dst>
    </src>
    <src id="2">
      <dst id="12">177586.3644</dst>
      <dst id="13">15422.8444</dst>
      <dst id="19">1835.2800</dst>
      <dst id="23">16.1600</dst>
      <dst id="8">1485.5289</dst>
      <dst id="18">157418.5244</dst>
      <dst id="4">140779.2978</dst>
      <dst id="1">12018.7467</dst>
      <dst id="5">10309.5289</dst>
      <dst id="3">4448.2933</dst>
      <dst id="22">5474.4978</dst>
      <dst id="7">8417.4933</dst>
      <dst id="2">1196.5867</dst>
      <dst id="6">9018.6222</dst>
      <dst id="16">12593.2089</dst>
      <dst id="14">441.7333</dst>
      <dst id="20">1368.1333</dst>
      <dst id="11">3186.1511</dst>
      <dst id="9">1139.9022</dst>
      <dst id="17">58554.4978</dst>
      <dst id="21">14796.4800</dst>
      <dst id="15">556.9778</dst>
    </src>
    <src id="6">
      <dst id="12">12410.8800</dst>
      <dst id="13">9.2000</dst>
      <dst id="19">43.9200</dst>
      <dst id="23">12.9778</dst>
      <dst id="8">44.8178</dst>
      <dst id="18">24.3911</dst>
      <dst id="4">134.2667</dst>
      <dst id="1">7.2978</dst>
      <dst id="5">20.6044</dst>
      <dst id="3">56.4711</dst>
      <dst id="22">101.5200</dst>
      <dst id="7">71.6711</dst>
      <dst id="2">2070.2933</dst>
      <dst id="16">24.9422</dst>
      <dst id="20">25.2444</dst>
      <dst id="11">17.8133</dst>
      <dst id="9">1.6356</dst>
      <dst id="17">1398.5956</dst>
      <dst id="21">61.7067</dst>
      <dst id="15">1.1378</dst>
    </src>
    <src id="16">
      <dst id="12">5170.9511</dst>
      <dst id="13">1065.4756</dst>
      <dst id="19">3344.1956</dst>
      <dst id="23">16.9956</dst>
      <dst id="8">5556.4089</dst>
      <dst id="18">63.4844</dst>
      <dst id="4">8027.7422</dst>
      <dst id="1">13742.1867</dst>
      <dst id="5">6208.1333</dst>
      <dst id="3">1434.9244</dst>
      <dst id="7">684.4978</dst>
      <dst id="2">1689.1111</dst>
      <dst id="6">0.3556</dst>
      <dst id="16">52.3378</dst>
      <dst id="14">108.1333</dst>
      <dst id="11">954.1600</dst>
      <dst id="9">14950.9333</dst>
      <dst id="17">5683.4578</dst>
      <dst id="21">566.6222</dst>
    </src>
    <src id="14">
      <dst id="12">20820.7556</dst>
      <dst id="13">712.2667</dst>
      <dst id="19">6.0267</dst>
      <dst id="23">0.4622</dst>
      <dst id="8">4.9244</dst>
      <dst id="18">15.7156</dst>
      <dst id="4">3415.2267</dst>
      <dst id="1">210.4889</dst>
      <dst id="5">36.2044</dst>
      <dst id="3">1254.7022</dst>
      <dst id="22">29.6711</dst>
      <dst id="7">189.8133</dst>
      <dst id="2">5898.3467</dst>
      <dst id="16">8.1422</dst>
      <dst id="20">1.7511</dst>
      <dst id="11">108.8356</dst>
      <dst id="9">12.6222</dst>
      <dst id="17">7043.5822</dst>
      <dst id="21">256.7289</dst>
      <dst id="15">0.4622</dst>
    </src>
    <src id="20">
      <dst id="12">6087.1111</dst>
      <dst id="13">6935.1556</dst>
      <dst id="19">107.5200</dst>
      <dst id="23">274.0622</dst>
      <dst id="8">6694.5244</dst>
      <dst id="18">783.6889</dst>
      <dst id="4">13251.8222</dst>
      <dst id="1">139.7778</dst>
      <dst id="5">3523.1378</dst>
      <dst id="3">7515.5200</dst>
      <dst id="7">839.4311</dst>
      <dst id="2">7889.9200</dst>
      <dst id="6">0.7111</dst>
      <dst id="14">68.6222</dst>
      <dst id="11">2402.5600</dst>
      <dst id="9">5052.7644</dst>
      <dst id="17">24783.5911</dst>
      <dst id="21">2545.8044</dst>
    </src>
    <src id="11">
      <dst id="12">441102.3200</dst>
      <dst id="13">1502.2933</dst>
      <dst id="19">139.3956</dst>
      <dst id="23">269.8756</dst>
      <dst id="8">213.5200</dst>
      <dst id="18">2291.1289</dst>
      <dst id="4">18506.6578</dst>
      <dst id="1">3539.8044</dst>
      <dst id="5">3168.7022</dst>
      <dst id="3">8877.5111</dst>
      <dst id="22">3388.8711</dst>
      <dst id="7">1130.3556</dst>
      <dst id="2">174213.5467</dst>
      <dst id="6">14.9778</dst>
      <dst id="16">889.7156</dst>
      <dst id="14">73.4133</dst>
      <dst id="20">666.7378</dst>
      <dst id="11">1981.0222</dst>
      <dst id="9">2118.7111</dst>
      <dst id="17">106168.5244</dst>
      <dst id="21">3105.9200</dst>
      <dst id="15">398.2489</dst>
    </src>
    <src id="9">
      <dst id="12">477172.0800</dst>
      <dst id="13">4464.9956</dst>
      <dst id="19">41.6889</dst>
      <dst id="23">17.0667</dst>
      <dst id="8">530.5600</dst>
      <dst id="18">1016.0000</dst>
      <dst id="4">12374.5867</dst>
      <dst id="1">1389.0756</dst>
      <dst id="5">3617.5200</dst>
      <dst id="3">716.2311</dst>
      <dst id="22">4637.1822</dst>
      <dst id="7">1523.7244</dst>
      <dst id="2">183574.4267</dst>
      <dst id="6">210.8889</dst>
      <dst id="16">1437.0667</dst>
      <dst id="14">0.8178</dst>
      <dst id="20">3316.5067</dst>
      <dst id="11">1106.8533</dst>
      <dst id="9">1044.1333</dst>
      <dst id="17">126213.2978</dst>
      <dst id="21">3101.3778</dst>
      <dst id="15">1389.5111</dst>
    </src>
    <src id="17">
      <dst id="12">11220.3022</dst>
      <dst id="13">9922.3556</dst>
      <dst id="19">8822.2844</dst>
      <dst id="23">1830.0978</dst>
      <dst id="8">177943.5556</dst>
      <dst id="18">771.1467</dst>
      <dst id="4">101720.7111</dst>
      <dst id="1">9591.4933</dst>
      <dst id="5">275769.3600</dst>
      <dst id="3">24977.1822</dst>
      <dst id="22">9111.5289</dst>
      <dst id="7">6915.1111</dst>
      <dst id="2">99366.5600</dst>
      <dst id="6">241.0222</dst>
      <dst id="16">10734.1600</dst>
      <dst id="14">40807.2444</dst>
      <dst id="20">4247.6889</dst>
      <dst id="11">145630.2044</dst>
      <dst id="9">260327.8844</dst>
      <dst id="17">2195.5911</dst>
      <dst id="21">23906.6844</dst>
      <dst id="15">220.1956</dst>
    </src>
    <src id="21">
      <dst id="12">26573.3067</dst>
      <dst id="13">1561.8311</dst>
      <dst id="19">992.8000</dst>
      <dst id="23">115.8222</dst>
      <dst id="8">134.3911</dst>
      <dst id="18">2090.7378</dst>
      <dst id="4">33937.5378</dst>
      <dst id="1">23318.7289</dst>
      <dst id="5">1459.9200</dst>
      <dst id="3">4209.2178</dst>
      <dst id="22">1431.0844</dst>
      <dst id="7">1836.6667</dst>
      <dst id="2">13295.1111</dst>
      <dst id="6">9.5022</dst>
      <dst id="16">416.5333</dst>
      <dst id="14">108.2933</dst>
      <dst id="20">885.7689</dst>
      <dst id="11">1072.5600</dst>
      <dst id="9">1155.5911</dst>
      <dst id="17">6500.9511</dst>
      <dst id="21">5264.4089</dst>
      <dst id="15">370.5422</dst>
    </src>
    <src id="15">
      <dst id="12">2707.4578</dst>
      <dst id="13">332.8356</dst>
      <dst id="19">25.2356</dst>
      <dst id="23">3.1289</dst>
      <dst id="8">11209.7867</dst>
      <dst id="18">26.4178</dst>
      <dst id="4">4339.2267</dst>
      <dst id="1">441.6533</dst>
      <dst id="5">551.7600</dst>
      <dst id="3">1020.3911</dst>
      <dst id="7">178.4800</dst>
      <dst id="2">446.0000</dst>
      <dst id="16">0.4089</dst>
      <dst id="14">2.4978</dst>
      <dst id="11">103.1733</dst>
      <dst id="9">844.0889</dst>
      <dst id="17">4769.8489</dst>
      <dst id="21">605.5378</dst>
    </src>
  </IntraTM>
</TrafficMatrixFile>
