<?xml version="1.0" encoding="UTF-8" standalone="yes"?>
<TrafficMatrixFile xmlns:xsi="http://www.w3.org/2001/XMLSchema-instance" xsi:noNamespaceSchemaLocation="http://totem.run.montefiore.ulg.ac.be/Schema/TrafficMatrix-v1_2.xsd">
  <info>
    <title>Intradomain traffic matrix generated by geant-TM-all.pl</title>
    <date>2005-01-03T23:15:00</date>
    <duration>900</duration>
    <author>Steve Uhlig</author>
    <units>
        <unit type="bandwidth" value="kbps"/>
    </units>
  </info>
  <IntraTM ASID="20965">
    <src id="12">
      <dst id="12">254385.8400</dst>
      <dst id="13">36043.5111</dst>
      <dst id="19">1373.6356</dst>
      <dst id="23">327.7689</dst>
      <dst id="8">1425.1467</dst>
      <dst id="18">1739.6533</dst>
      <dst id="4">64273.4311</dst>
      <dst id="1">7070.4800</dst>
      <dst id="5">3392.5867</dst>
      <dst id="3">3750.6756</dst>
      <dst id="22">11133.5022</dst>
      <dst id="7">2182.5067</dst>
      <dst id="2">97578.0444</dst>
      <dst id="6">75.9289</dst>
      <dst id="16">3972.7200</dst>
      <dst id="14">776.3644</dst>
      <dst id="20">3071.7156</dst>
      <dst id="11">5367.4489</dst>
      <dst id="9">4364.1422</dst>
      <dst id="17">94222.5956</dst>
      <dst id="21">5149.3333</dst>
      <dst id="15">9581.9200</dst>
    </src>
    <src id="13">
      <dst id="12">64575.0667</dst>
      <dst id="19">6243.2978</dst>
      <dst id="23">408.3467</dst>
      <dst id="8">4513.7689</dst>
      <dst id="18">5349.2533</dst>
      <dst id="1">12858.4800</dst>
      <dst id="5">19019.6089</dst>
      <dst id="3">7148.0533</dst>
      <dst id="22">19185.5911</dst>
      <dst id="7">8875.8933</dst>
      <dst id="2">101997.5289</dst>
      <dst id="6">118.7022</dst>
      <dst id="16">16622.3822</dst>
      <dst id="14">1047.8489</dst>
      <dst id="20">8551.3156</dst>
      <dst id="11">22813.1378</dst>
      <dst id="9">8393.9378</dst>
      <dst id="17">391987.3867</dst>
      <dst id="21">13898.8356</dst>
      <dst id="15">2166.1511</dst>
    </src>
    <src id="19">
      <dst id="12">14839.4400</dst>
      <dst id="13">2009.5822</dst>
      <dst id="23">8.5333</dst>
      <dst id="8">1.3067</dst>
      <dst id="18">77.8222</dst>
      <dst id="4">16255.6089</dst>
      <dst id="1">1422.9333</dst>
      <dst id="5">62.4711</dst>
      <dst id="3">16.8089</dst>
      <dst id="22">635.4222</dst>
      <dst id="7">4932.0622</dst>
      <dst id="2">933.2711</dst>
      <dst id="6">65.9556</dst>
      <dst id="16">8043.7778</dst>
      <dst id="14">37.8667</dst>
      <dst id="20">391.6178</dst>
      <dst id="11">146.2044</dst>
      <dst id="9">86.3378</dst>
      <dst id="17">190.8356</dst>
      <dst id="21">799.9467</dst>
    </src>
    <src id="23">
      <dst id="12">1215.4133</dst>
      <dst id="13">166.3289</dst>
      <dst id="19">48.9244</dst>
      <dst id="8">14.4000</dst>
      <dst id="18">26.6667</dst>
      <dst id="4">24.9778</dst>
      <dst id="1">80.7289</dst>
      <dst id="5">0.3556</dst>
      <dst id="3">212.1778</dst>
      <dst id="22">276.3111</dst>
      <dst id="7">234.8711</dst>
      <dst id="2">70.8267</dst>
      <dst id="16">806.3111</dst>
      <dst id="14">1.7689</dst>
      <dst id="20">54.6489</dst>
      <dst id="11">40.0800</dst>
      <dst id="9">386.9156</dst>
      <dst id="17">1585.0667</dst>
      <dst id="21">120.4000</dst>
    </src>
    <src id="8">
      <dst id="12">330008.5244</dst>
      <dst id="13">791.4578</dst>
      <dst id="23">41.1733</dst>
      <dst id="18">16.6578</dst>
      <dst id="4">2402.8622</dst>
      <dst id="1">487.4489</dst>
      <dst id="5">1677.1733</dst>
      <dst id="3">24.1511</dst>
      <dst id="22">4215.7956</dst>
      <dst id="7">99.0489</dst>
      <dst id="2">142636.0978</dst>
      <dst id="16">383.3689</dst>
      <dst id="20">110.3822</dst>
      <dst id="11">874.8356</dst>
      <dst id="9">505.5467</dst>
      <dst id="17">125348.3733</dst>
      <dst id="21">65.4933</dst>
      <dst id="15">188.2489</dst>
    </src>
    <src id="18">
      <dst id="12">96607.5911</dst>
      <dst id="13">409.5644</dst>
      <dst id="19">2.9333</dst>
      <dst id="23">2.2311</dst>
      <dst id="8">1.5822</dst>
      <dst id="4">1526.4178</dst>
      <dst id="1">1421.2533</dst>
      <dst id="5">135.1556</dst>
      <dst id="3">37.9200</dst>
      <dst id="22">243.5200</dst>
      <dst id="7">59.1911</dst>
      <dst id="2">32782.7911</dst>
      <dst id="16">25.0667</dst>
      <dst id="14">1.1022</dst>
      <dst id="20">14.0267</dst>
      <dst id="11">37.1644</dst>
      <dst id="9">253.6178</dst>
      <dst id="17">31454.2489</dst>
      <dst id="21">534.4089</dst>
      <dst id="15">1.2089</dst>
    </src>
    <src id="4">
      <dst id="12">15650.0533</dst>
      <dst id="19">14690.7378</dst>
      <dst id="8">2225.3600</dst>
      <dst id="18">706.1778</dst>
      <dst id="4">2.1156</dst>
      <dst id="1">12029.6711</dst>
      <dst id="5">2833.7956</dst>
      <dst id="3">774.6222</dst>
      <dst id="22">5629.7600</dst>
      <dst id="7">160712.7378</dst>
      <dst id="2">49415.5822</dst>
      <dst id="6">497.6089</dst>
      <dst id="16">2251.8489</dst>
      <dst id="14">1141.5911</dst>
      <dst id="20">1944.6578</dst>
      <dst id="11">3730.1067</dst>
      <dst id="9">2491.4667</dst>
      <dst id="17">53590.5156</dst>
      <dst id="21">4275.3244</dst>
      <dst id="15">811.8044</dst>
    </src>
    <src id="1">
      <dst id="12">12386.0622</dst>
      <dst id="13">735.1200</dst>
      <dst id="19">82.8622</dst>
      <dst id="23">80.2222</dst>
      <dst id="8">128404.4089</dst>
      <dst id="18">13888.8267</dst>
      <dst id="4">6463.3156</dst>
      <dst id="1">9082.3911</dst>
      <dst id="5">228992.1422</dst>
      <dst id="3">188.7822</dst>
      <dst id="22">8617.1467</dst>
      <dst id="7">7136.8978</dst>
      <dst id="2">8565.0044</dst>
      <dst id="6">9594.1244</dst>
      <dst id="16">14314.0178</dst>
      <dst id="14">61.3244</dst>
      <dst id="20">237.0400</dst>
      <dst id="11">628.2489</dst>
      <dst id="9">202755.3600</dst>
      <dst id="17">2122.4178</dst>
      <dst id="21">2790.7289</dst>
      <dst id="15">155.8844</dst>
    </src>
    <src id="5">
      <dst id="12">332897.8578</dst>
      <dst id="13">38888.8622</dst>
      <dst id="19">5.6356</dst>
      <dst id="23">56.7378</dst>
      <dst id="8">886.5333</dst>
      <dst id="18">178.2756</dst>
      <dst id="4">7543.4222</dst>
      <dst id="1">311.8756</dst>
      <dst id="3">0.7111</dst>
      <dst id="22">12546.5422</dst>
      <dst id="7">750.2578</dst>
      <dst id="2">127390.5333</dst>
      <dst id="6">3.8311</dst>
      <dst id="16">765.8933</dst>
      <dst id="14">16.9778</dst>
      <dst id="20">14139.4044</dst>
      <dst id="11">2205.2267</dst>
      <dst id="9">3526.4622</dst>
      <dst id="17">119307.4578</dst>
      <dst id="21">343.5289</dst>
      <dst id="15">32.4978</dst>
    </src>
    <src id="3">
      <dst id="12">10954.2400</dst>
      <dst id="13">1535.7067</dst>
      <dst id="19">1685.3867</dst>
      <dst id="23">7499.1467</dst>
      <dst id="8">106.7111</dst>
      <dst id="18">67991.4667</dst>
      <dst id="4">21656.9867</dst>
      <dst id="1">6854.3378</dst>
      <dst id="5">577.2000</dst>
      <dst id="3">15209.9022</dst>
      <dst id="22">598.3467</dst>
      <dst id="7">2351.6978</dst>
      <dst id="2">6456.5244</dst>
      <dst id="6">1.9822</dst>
      <dst id="16">2084.2578</dst>
      <dst id="14">30277.8133</dst>
      <dst id="20">81.3156</dst>
      <dst id="11">156170.8533</dst>
      <dst id="9">177.8756</dst>
      <dst id="17">11699.0489</dst>
      <dst id="21">15163.6089</dst>
      <dst id="15">41.2356</dst>
    </src>
    <src id="10">
      <dst id="12">15580.9867</dst>
      <dst id="19">441.5022</dst>
      <dst id="8">448.9422</dst>
      <dst id="18">321.3333</dst>
      <dst id="1">2514.2044</dst>
      <dst id="5">1013.7244</dst>
      <dst id="3">5077.6444</dst>
      <dst id="22">8814.4089</dst>
      <dst id="7">3323.0133</dst>
      <dst id="2">21639.8400</dst>
      <dst id="6">0.3733</dst>
      <dst id="16">790.1156</dst>
      <dst id="14">960.5333</dst>
      <dst id="20">2832.2044</dst>
      <dst id="11">8401.1289</dst>
      <dst id="9">3229.1644</dst>
      <dst id="17">15514.9511</dst>
      <dst id="21">6319.8756</dst>
      <dst id="15">282.8000</dst>
    </src>
    <src id="22">
      <dst id="12">16429.3778</dst>
      <dst id="13">11058.3822</dst>
      <dst id="19">157.6000</dst>
      <dst id="23">818.9156</dst>
      <dst id="8">719.3156</dst>
      <dst id="18">136.5422</dst>
      <dst id="4">13455.3422</dst>
      <dst id="1">2893.4400</dst>
      <dst id="5">4773.4222</dst>
      <dst id="3">834.3467</dst>
      <dst id="7">1047.4400</dst>
      <dst id="2">2951.8933</dst>
      <dst id="6">8.0444</dst>
      <dst id="16">35.7600</dst>
      <dst id="14">200.5156</dst>
      <dst id="11">2224.6933</dst>
      <dst id="9">7870.2667</dst>
      <dst id="17">5133.1200</dst>
      <dst id="21">1114.7200</dst>
    </src>
    <src id="7">
      <dst id="12">6956.5067</dst>
      <dst id="13">981.8667</dst>
      <dst id="19">498.1778</dst>
      <dst id="23">216.5600</dst>
      <dst id="8">238.9244</dst>
      <dst id="18">421.3689</dst>
      <dst id="4">16781.4933</dst>
      <dst id="1">2050.7644</dst>
      <dst id="5">1603.1289</dst>
      <dst id="3">431.1822</dst>
      <dst id="22">3052.8000</dst>
      <dst id="7">719.3244</dst>
      <dst id="2">8223.1378</dst>
      <dst id="6">28.8978</dst>
      <dst id="16">1171.4933</dst>
      <dst id="14">136.0178</dst>
      <dst id="20">497.2978</dst>
      <dst id="11">1358.3556</dst>
      <dst id="9">631.5911</dst>
      <dst id="17">6117.0044</dst>
      <dst id="21">3080.4978</dst>
      <dst id="15">692.1689</dst>
    </src>
    <src id="2">
      <dst id="12">120010.9333</dst>
      <dst id="13">526270.5422</dst>
      <dst id="19">296.8178</dst>
      <dst id="23">49.6711</dst>
      <dst id="8">498.3378</dst>
      <dst id="18">51657.9378</dst>
      <dst id="4">59134.8444</dst>
      <dst id="1">5646.5333</dst>
      <dst id="5">2717.4400</dst>
      <dst id="3">606.0267</dst>
      <dst id="22">3880.8622</dst>
      <dst id="7">2938.1333</dst>
      <dst id="2">975.0667</dst>
      <dst id="6">8973.3778</dst>
      <dst id="16">2258.9156</dst>
      <dst id="14">5706.7467</dst>
      <dst id="20">1128.6311</dst>
      <dst id="11">5469.8756</dst>
      <dst id="9">707.9911</dst>
      <dst id="17">23636.3733</dst>
      <dst id="21">2101.3422</dst>
      <dst id="15">1215.9733</dst>
    </src>
    <src id="6">
      <dst id="12">11481.8133</dst>
      <dst id="13">3.1822</dst>
      <dst id="19">2.1067</dst>
      <dst id="4">1123.5733</dst>
      <dst id="1">2.1511</dst>
      <dst id="5">2.3378</dst>
      <dst id="3">13.2267</dst>
      <dst id="22">43.8222</dst>
      <dst id="7">1.0133</dst>
      <dst id="2">3475.8667</dst>
      <dst id="16">69.9378</dst>
      <dst id="20">5.0133</dst>
      <dst id="11">29.2444</dst>
      <dst id="9">17.8133</dst>
      <dst id="17">1526.9689</dst>
      <dst id="21">1.2444</dst>
      <dst id="15">1.2356</dst>
    </src>
    <src id="16">
      <dst id="12">2600.5244</dst>
      <dst id="13">1703.7244</dst>
      <dst id="19">5098.5778</dst>
      <dst id="23">65.4133</dst>
      <dst id="8">4284.4622</dst>
      <dst id="18">31.6000</dst>
      <dst id="4">3339.7867</dst>
      <dst id="1">23908.0711</dst>
      <dst id="5">4788.8356</dst>
      <dst id="3">12.9778</dst>
      <dst id="7">187.9644</dst>
      <dst id="2">473.8133</dst>
      <dst id="6">0.7111</dst>
      <dst id="16">58.9067</dst>
      <dst id="14">682.2667</dst>
      <dst id="11">652.8711</dst>
      <dst id="9">6539.5200</dst>
      <dst id="17">1389.5467</dst>
      <dst id="21">1373.8400</dst>
    </src>
    <src id="14">
      <dst id="12">17859.5556</dst>
      <dst id="13">106.3111</dst>
      <dst id="19">39.6711</dst>
      <dst id="23">14.4800</dst>
      <dst id="18">0.6044</dst>
      <dst id="4">1387.2622</dst>
      <dst id="1">56.9244</dst>
      <dst id="5">78.5778</dst>
      <dst id="3">43.5289</dst>
      <dst id="22">15.6444</dst>
      <dst id="7">98.7289</dst>
      <dst id="2">7984.7911</dst>
      <dst id="16">17.8578</dst>
      <dst id="20">1.0489</dst>
      <dst id="11">147.6711</dst>
      <dst id="9">31.8756</dst>
      <dst id="17">6528.5689</dst>
      <dst id="21">71.0844</dst>
    </src>
    <src id="20">
      <dst id="12">8505.3689</dst>
      <dst id="13">3508.5778</dst>
      <dst id="19">12.6400</dst>
      <dst id="23">0.3556</dst>
      <dst id="8">37.6533</dst>
      <dst id="18">96.3022</dst>
      <dst id="4">9918.7556</dst>
      <dst id="1">152.9333</dst>
      <dst id="5">1867.7422</dst>
      <dst id="3">5100.3911</dst>
      <dst id="7">1250.9067</dst>
      <dst id="2">1818.5067</dst>
      <dst id="6">3.2978</dst>
      <dst id="14">0.4622</dst>
      <dst id="11">746.5067</dst>
      <dst id="9">652.2133</dst>
      <dst id="17">2439.0844</dst>
      <dst id="21">143.7778</dst>
    </src>
    <src id="11">
      <dst id="12">385093.4044</dst>
      <dst id="13">5208.1867</dst>
      <dst id="19">18.5867</dst>
      <dst id="23">1.8489</dst>
      <dst id="8">514.2756</dst>
      <dst id="18">80.9422</dst>
      <dst id="4">5608.8533</dst>
      <dst id="1">506.2667</dst>
      <dst id="5">779.8133</dst>
      <dst id="3">345.4578</dst>
      <dst id="22">2471.8844</dst>
      <dst id="7">275.3422</dst>
      <dst id="2">149898.2400</dst>
      <dst id="6">1.3244</dst>
      <dst id="16">466.5333</dst>
      <dst id="14">100.1867</dst>
      <dst id="20">503.0933</dst>
      <dst id="11">1081.0044</dst>
      <dst id="9">1170.8711</dst>
      <dst id="17">150244.2133</dst>
      <dst id="21">2552.7644</dst>
      <dst id="15">263.2000</dst>
    </src>
    <src id="9">
      <dst id="12">404847.4667</dst>
      <dst id="13">3112.5956</dst>
      <dst id="19">182.4267</dst>
      <dst id="23">22.2578</dst>
      <dst id="8">934.0711</dst>
      <dst id="18">71.9733</dst>
      <dst id="4">6286.1244</dst>
      <dst id="1">1854.6667</dst>
      <dst id="5">6019.6622</dst>
      <dst id="3">28.6844</dst>
      <dst id="22">3687.3156</dst>
      <dst id="7">131.9022</dst>
      <dst id="2">147612.8622</dst>
      <dst id="6">2.4356</dst>
      <dst id="16">1462.5600</dst>
      <dst id="14">1.7689</dst>
      <dst id="20">743.6000</dst>
      <dst id="11">873.5111</dst>
      <dst id="9">405.3156</dst>
      <dst id="17">203455.2622</dst>
      <dst id="21">3960.9333</dst>
      <dst id="15">827.8133</dst>
    </src>
    <src id="17">
      <dst id="12">6708.7022</dst>
      <dst id="13">11854.1689</dst>
      <dst id="19">362.2933</dst>
      <dst id="23">466.3022</dst>
      <dst id="8">125629.8400</dst>
      <dst id="18">46.8800</dst>
      <dst id="4">31816.1867</dst>
      <dst id="1">619.8844</dst>
      <dst id="5">214092.1867</dst>
      <dst id="3">8504.8622</dst>
      <dst id="22">7500.9511</dst>
      <dst id="7">1950.9244</dst>
      <dst id="2">21606.6489</dst>
      <dst id="6">433.2444</dst>
      <dst id="16">6963.6711</dst>
      <dst id="14">21799.4489</dst>
      <dst id="20">666.0089</dst>
      <dst id="11">131584.2311</dst>
      <dst id="9">219234.6311</dst>
      <dst id="17">1727.9200</dst>
      <dst id="21">11759.2800</dst>
      <dst id="15">46.9244</dst>
    </src>
    <src id="21">
      <dst id="12">20670.7111</dst>
      <dst id="13">335.8578</dst>
      <dst id="19">504.7022</dst>
      <dst id="23">25.7067</dst>
      <dst id="8">139.0667</dst>
      <dst id="18">458.5689</dst>
      <dst id="4">16965.4222</dst>
      <dst id="1">1367.1556</dst>
      <dst id="5">1093.2533</dst>
      <dst id="3">826.4267</dst>
      <dst id="22">2588.8889</dst>
      <dst id="7">640.0622</dst>
      <dst id="2">10596.8356</dst>
      <dst id="6">20.5689</dst>
      <dst id="16">166.0889</dst>
      <dst id="14">76.3200</dst>
      <dst id="20">112.8533</dst>
      <dst id="11">432.4711</dst>
      <dst id="9">735.8844</dst>
      <dst id="17">6721.9378</dst>
      <dst id="21">554.0533</dst>
      <dst id="15">14.0178</dst>
    </src>
    <src id="15">
      <dst id="12">3825.5556</dst>
      <dst id="13">756.4444</dst>
      <dst id="19">1.4133</dst>
      <dst id="23">1.2089</dst>
      <dst id="8">17.0756</dst>
      <dst id="18">11.3867</dst>
      <dst id="4">2936.0800</dst>
      <dst id="1">709.5200</dst>
      <dst id="5">58.9867</dst>
      <dst id="3">10.7911</dst>
      <dst id="7">49.9111</dst>
      <dst id="2">541.1733</dst>
      <dst id="16">0.4089</dst>
      <dst id="11">579.6889</dst>
      <dst id="9">2494.8267</dst>
      <dst id="17">621.7778</dst>
      <dst id="21">71.2978</dst>
    </src>
  </IntraTM>
</TrafficMatrixFile>
