<?xml version="1.0" encoding="UTF-8" standalone="yes"?>
<TrafficMatrixFile xmlns:xsi="http://www.w3.org/2001/XMLSchema-instance" xsi:noNamespaceSchemaLocation="http://totem.run.montefiore.ulg.ac.be/Schema/TrafficMatrix-v1_2.xsd">
  <info>
    <title>Intradomain traffic matrix generated by geant-TM-all.pl</title>
    <date>2005-01-03T14:30:00</date>
    <duration>900</duration>
    <author>Steve Uhlig</author>
    <units>
        <unit type="bandwidth" value="kbps"/>
    </units>
  </info>
  <IntraTM ASID="20965">
    <src id="12">
      <dst id="12">169590.4622</dst>
      <dst id="13">16523.2889</dst>
      <dst id="19">2368.7022</dst>
      <dst id="23">13.6711</dst>
      <dst id="8">642.3644</dst>
      <dst id="18">695.0844</dst>
      <dst id="4">86315.2089</dst>
      <dst id="1">6963.2089</dst>
      <dst id="5">1416.7911</dst>
      <dst id="3">452.8356</dst>
      <dst id="22">7143.1911</dst>
      <dst id="7">931.6533</dst>
      <dst id="2">53908.0178</dst>
      <dst id="6">2.9511</dst>
      <dst id="16">14186.8444</dst>
      <dst id="14">173.7511</dst>
      <dst id="20">166.2667</dst>
      <dst id="11">5439.2711</dst>
      <dst id="9">2881.4400</dst>
      <dst id="17">65489.5289</dst>
      <dst id="21">1633.5022</dst>
      <dst id="15">3892.6133</dst>
    </src>
    <src id="13">
      <dst id="12">33562.4356</dst>
      <dst id="19">15632.6133</dst>
      <dst id="23">16.2844</dst>
      <dst id="8">4402.5156</dst>
      <dst id="18">1762.6133</dst>
      <dst id="4">13.3333</dst>
      <dst id="1">1638.3289</dst>
      <dst id="5">2452.4000</dst>
      <dst id="3">6236.5600</dst>
      <dst id="22">17972.5067</dst>
      <dst id="7">5750.5600</dst>
      <dst id="2">59026.5067</dst>
      <dst id="6">85.6178</dst>
      <dst id="16">5598.7467</dst>
      <dst id="14">1658.0178</dst>
      <dst id="20">4853.7511</dst>
      <dst id="11">6229.6178</dst>
      <dst id="9">10565.7244</dst>
      <dst id="17">22331.2711</dst>
      <dst id="21">9636.5956</dst>
      <dst id="15">667.3867</dst>
    </src>
    <src id="19">
      <dst id="12">12690.0889</dst>
      <dst id="13">134.6133</dst>
      <dst id="23">0.7467</dst>
      <dst id="8">0.4978</dst>
      <dst id="18">2.3022</dst>
      <dst id="4">20989.4044</dst>
      <dst id="1">285.0578</dst>
      <dst id="5">13.6889</dst>
      <dst id="3">0.3556</dst>
      <dst id="22">2.5689</dst>
      <dst id="7">2678.0356</dst>
      <dst id="2">14.2222</dst>
      <dst id="6">27.7422</dst>
      <dst id="16">12180.6222</dst>
      <dst id="20">17.0933</dst>
      <dst id="11">30.4533</dst>
      <dst id="9">80.0000</dst>
      <dst id="17">30.9067</dst>
      <dst id="21">126.5689</dst>
    </src>
    <src id="23">
      <dst id="12">73.2800</dst>
      <dst id="13">81.3333</dst>
      <dst id="19">0.4978</dst>
      <dst id="18">161.1911</dst>
      <dst id="4">19.7511</dst>
      <dst id="1">85.2711</dst>
      <dst id="5">13.2089</dst>
      <dst id="3">218.8267</dst>
      <dst id="22">169.1644</dst>
      <dst id="7">15.6356</dst>
      <dst id="2">3.7156</dst>
      <dst id="16">3.7067</dst>
      <dst id="20">13.3333</dst>
      <dst id="9">445.1022</dst>
      <dst id="17">22.8089</dst>
      <dst id="21">52.1956</dst>
      <dst id="15">0.3378</dst>
    </src>
    <src id="8">
      <dst id="12">265081.1200</dst>
      <dst id="13">209.4844</dst>
      <dst id="19">0.3556</dst>
      <dst id="18">0.3644</dst>
      <dst id="4">4094.8444</dst>
      <dst id="1">56.8356</dst>
      <dst id="5">688.7911</dst>
      <dst id="22">522.3467</dst>
      <dst id="7">62.4178</dst>
      <dst id="2">92031.6089</dst>
      <dst id="16">78.8267</dst>
      <dst id="20">159.6711</dst>
      <dst id="11">481.2800</dst>
      <dst id="9">115.7689</dst>
      <dst id="17">82321.7422</dst>
      <dst id="21">19.8133</dst>
      <dst id="15">56.7467</dst>
    </src>
    <src id="18">
      <dst id="12">98039.6800</dst>
      <dst id="13">124.2311</dst>
      <dst id="19">1.0756</dst>
      <dst id="23">0.7111</dst>
      <dst id="4">1063.2533</dst>
      <dst id="1">748.2311</dst>
      <dst id="5">112.0178</dst>
      <dst id="3">162.0356</dst>
      <dst id="22">128.4533</dst>
      <dst id="7">57.6267</dst>
      <dst id="2">27677.8489</dst>
      <dst id="16">8.6222</dst>
      <dst id="14">0.7467</dst>
      <dst id="20">5.4933</dst>
      <dst id="11">46.7733</dst>
      <dst id="9">274.4978</dst>
      <dst id="17">34788.4800</dst>
      <dst id="21">83.5644</dst>
      <dst id="15">0.3556</dst>
    </src>
    <src id="4">
      <dst id="12">12818.7911</dst>
      <dst id="19">14635.8133</dst>
      <dst id="23">1.0667</dst>
      <dst id="8">575.4844</dst>
      <dst id="18">1279.2000</dst>
      <dst id="1">31485.3511</dst>
      <dst id="5">1568.8000</dst>
      <dst id="3">269.4844</dst>
      <dst id="22">3031.4844</dst>
      <dst id="7">122036.1511</dst>
      <dst id="2">27494.6311</dst>
      <dst id="6">189.3689</dst>
      <dst id="16">509.4489</dst>
      <dst id="14">1334.9156</dst>
      <dst id="20">289.2622</dst>
      <dst id="11">2932.8533</dst>
      <dst id="9">1961.3600</dst>
      <dst id="17">96866.5867</dst>
      <dst id="21">5360.3467</dst>
      <dst id="15">328.2578</dst>
    </src>
    <src id="1">
      <dst id="12">18467.6444</dst>
      <dst id="13">321.6178</dst>
      <dst id="19">7.7600</dst>
      <dst id="23">27.1289</dst>
      <dst id="8">62419.3156</dst>
      <dst id="18">13466.6933</dst>
      <dst id="4">3743.9289</dst>
      <dst id="1">20021.3422</dst>
      <dst id="5">116265.0222</dst>
      <dst id="3">37.8844</dst>
      <dst id="22">2767.6889</dst>
      <dst id="7">1111.3600</dst>
      <dst id="2">1654.7556</dst>
      <dst id="6">4760.6667</dst>
      <dst id="16">19421.2533</dst>
      <dst id="14">55.7067</dst>
      <dst id="20">24.3733</dst>
      <dst id="11">153.5111</dst>
      <dst id="9">118980.9333</dst>
      <dst id="17">1487.2267</dst>
      <dst id="21">1854.8622</dst>
      <dst id="15">95.3600</dst>
    </src>
    <src id="5">
      <dst id="12">221489.4400</dst>
      <dst id="13">652.9156</dst>
      <dst id="19">2.4711</dst>
      <dst id="23">0.9244</dst>
      <dst id="8">681.9467</dst>
      <dst id="18">86.3467</dst>
      <dst id="4">5742.1778</dst>
      <dst id="1">1113.3867</dst>
      <dst id="3">1.2356</dst>
      <dst id="22">969.7333</dst>
      <dst id="7">38.1600</dst>
      <dst id="2">72733.8578</dst>
      <dst id="16">482.6667</dst>
      <dst id="14">1.6089</dst>
      <dst id="20">221.6089</dst>
      <dst id="11">925.2178</dst>
      <dst id="9">640.8889</dst>
      <dst id="17">74516.7022</dst>
      <dst id="21">257.4311</dst>
      <dst id="15">259.2000</dst>
    </src>
    <src id="3">
      <dst id="12">6972.6578</dst>
      <dst id="13">1684.0622</dst>
      <dst id="19">1485.6444</dst>
      <dst id="23">7296.7378</dst>
      <dst id="8">2.5422</dst>
      <dst id="18">49934.1422</dst>
      <dst id="4">17536.0622</dst>
      <dst id="1">7898.9956</dst>
      <dst id="5">259.6711</dst>
      <dst id="3">6808.2133</dst>
      <dst id="22">404.4178</dst>
      <dst id="7">497.3067</dst>
      <dst id="2">2934.4800</dst>
      <dst id="16">597.3422</dst>
      <dst id="14">13947.0311</dst>
      <dst id="20">73.9644</dst>
      <dst id="11">96141.3689</dst>
      <dst id="9">49.6356</dst>
      <dst id="17">8034.6578</dst>
      <dst id="21">4963.7778</dst>
      <dst id="15">49.5644</dst>
    </src>
    <src id="10">
      <dst id="12">14914.1511</dst>
      <dst id="19">1477.7067</dst>
      <dst id="8">858.9244</dst>
      <dst id="18">4436.4533</dst>
      <dst id="1">3218.8800</dst>
      <dst id="5">515.6622</dst>
      <dst id="3">7935.1911</dst>
      <dst id="22">5677.2622</dst>
      <dst id="7">10491.8933</dst>
      <dst id="2">13754.4000</dst>
      <dst id="16">1201.1822</dst>
      <dst id="14">501.0667</dst>
      <dst id="20">643.7156</dst>
      <dst id="11">6267.1822</dst>
      <dst id="9">7037.5378</dst>
      <dst id="17">29480.2222</dst>
      <dst id="21">7377.5378</dst>
      <dst id="15">127.4133</dst>
    </src>
    <src id="22">
      <dst id="12">2310.5333</dst>
      <dst id="13">1433.6533</dst>
      <dst id="19">7.7067</dst>
      <dst id="23">928.4889</dst>
      <dst id="8">178.5333</dst>
      <dst id="18">361.7689</dst>
      <dst id="4">19564.3289</dst>
      <dst id="1">195.7067</dst>
      <dst id="5">2926.2400</dst>
      <dst id="3">820.2933</dst>
      <dst id="7">292.9511</dst>
      <dst id="2">1850.8267</dst>
      <dst id="6">2.0622</dst>
      <dst id="16">2.6844</dst>
      <dst id="14">15.1289</dst>
      <dst id="11">1273.0578</dst>
      <dst id="9">1828.4356</dst>
      <dst id="17">4575.6444</dst>
      <dst id="21">1188.2844</dst>
    </src>
    <src id="7">
      <dst id="12">6593.8489</dst>
      <dst id="13">422.0978</dst>
      <dst id="19">129.0933</dst>
      <dst id="23">1.8933</dst>
      <dst id="8">208.4622</dst>
      <dst id="18">173.5644</dst>
      <dst id="4">18509.9289</dst>
      <dst id="1">1373.7867</dst>
      <dst id="5">819.5911</dst>
      <dst id="3">18.1956</dst>
      <dst id="22">3697.0844</dst>
      <dst id="7">867.3778</dst>
      <dst id="2">2879.4311</dst>
      <dst id="6">24.8089</dst>
      <dst id="16">321.6622</dst>
      <dst id="14">70.7644</dst>
      <dst id="20">39.3600</dst>
      <dst id="11">477.5644</dst>
      <dst id="9">202.9067</dst>
      <dst id="17">11232.3733</dst>
      <dst id="21">638.9067</dst>
      <dst id="15">110.7022</dst>
    </src>
    <src id="2">
      <dst id="12">46222.0000</dst>
      <dst id="13">506091.9556</dst>
      <dst id="19">23.8222</dst>
      <dst id="23">0.3556</dst>
      <dst id="8">963.7511</dst>
      <dst id="18">43611.6356</dst>
      <dst id="4">71953.3156</dst>
      <dst id="1">8388.8444</dst>
      <dst id="5">532.8089</dst>
      <dst id="3">94.6578</dst>
      <dst id="22">935.8489</dst>
      <dst id="7">3007.5378</dst>
      <dst id="2">441.6178</dst>
      <dst id="6">6907.9378</dst>
      <dst id="16">7262.9333</dst>
      <dst id="14">5484.2311</dst>
      <dst id="20">397.3422</dst>
      <dst id="11">606.1689</dst>
      <dst id="9">2516.4978</dst>
      <dst id="17">9464.2667</dst>
      <dst id="21">4501.5733</dst>
      <dst id="15">190.1511</dst>
    </src>
    <src id="6">
      <dst id="12">7422.0622</dst>
      <dst id="13">1.9022</dst>
      <dst id="19">0.3556</dst>
      <dst id="4">922.1867</dst>
      <dst id="1">1.9822</dst>
      <dst id="22">0.4178</dst>
      <dst id="7">1.9467</dst>
      <dst id="2">1917.8133</dst>
      <dst id="16">4.0800</dst>
      <dst id="11">1.4756</dst>
      <dst id="17">837.7956</dst>
      <dst id="21">0.3556</dst>
    </src>
    <src id="16">
      <dst id="12">3703.0667</dst>
      <dst id="13">128.3111</dst>
      <dst id="19">4381.7511</dst>
      <dst id="23">20.8889</dst>
      <dst id="8">1666.4800</dst>
      <dst id="18">0.9244</dst>
      <dst id="4">3520.7911</dst>
      <dst id="1">25396.8444</dst>
      <dst id="5">743.9378</dst>
      <dst id="3">0.8444</dst>
      <dst id="7">2137.6178</dst>
      <dst id="2">551.6889</dst>
      <dst id="6">0.5156</dst>
      <dst id="16">19.1378</dst>
      <dst id="11">174.3644</dst>
      <dst id="9">2112.2489</dst>
      <dst id="17">2291.7778</dst>
      <dst id="21">2644.0444</dst>
    </src>
    <src id="14">
      <dst id="12">14385.3067</dst>
      <dst id="13">24.8533</dst>
      <dst id="19">9.7333</dst>
      <dst id="23">1.2356</dst>
      <dst id="4">1718.9600</dst>
      <dst id="1">135.0667</dst>
      <dst id="5">13.4311</dst>
      <dst id="3">34.2311</dst>
      <dst id="22">4.6667</dst>
      <dst id="7">64.6844</dst>
      <dst id="2">3391.7244</dst>
      <dst id="11">20.1244</dst>
      <dst id="9">0.4267</dst>
      <dst id="17">5870.2933</dst>
      <dst id="21">102.8000</dst>
      <dst id="15">0.3556</dst>
    </src>
    <src id="20">
      <dst id="12">1157.7778</dst>
      <dst id="13">3359.4400</dst>
      <dst id="19">15.8222</dst>
      <dst id="23">0.4622</dst>
      <dst id="8">225.5200</dst>
      <dst id="18">0.4622</dst>
      <dst id="4">10553.8844</dst>
      <dst id="1">32.7200</dst>
      <dst id="5">119.8311</dst>
      <dst id="3">7190.5156</dst>
      <dst id="7">138.5689</dst>
      <dst id="2">531.4844</dst>
      <dst id="6">49.4222</dst>
      <dst id="14">1.0489</dst>
      <dst id="11">142.1422</dst>
      <dst id="9">483.8933</dst>
      <dst id="17">101.3067</dst>
      <dst id="21">61.0311</dst>
    </src>
    <src id="11">
      <dst id="12">351445.3244</dst>
      <dst id="13">1836.2044</dst>
      <dst id="19">4.5511</dst>
      <dst id="23">2.9778</dst>
      <dst id="8">528.0711</dst>
      <dst id="18">100.2133</dst>
      <dst id="4">7239.0311</dst>
      <dst id="1">365.0133</dst>
      <dst id="5">579.4222</dst>
      <dst id="3">391.0311</dst>
      <dst id="22">1469.7333</dst>
      <dst id="7">145.3600</dst>
      <dst id="2">105023.3867</dst>
      <dst id="6">102.7556</dst>
      <dst id="16">107.8400</dst>
      <dst id="14">79.1644</dst>
      <dst id="20">340.0000</dst>
      <dst id="11">1809.4489</dst>
      <dst id="9">2787.4311</dst>
      <dst id="17">124833.8133</dst>
      <dst id="21">384.9511</dst>
      <dst id="15">97.1733</dst>
    </src>
    <src id="9">
      <dst id="12">335484.1689</dst>
      <dst id="13">18374.8356</dst>
      <dst id="19">0.7111</dst>
      <dst id="23">17.4222</dst>
      <dst id="8">212.8533</dst>
      <dst id="18">131.8044</dst>
      <dst id="4">15933.3867</dst>
      <dst id="1">698.2756</dst>
      <dst id="5">784.8800</dst>
      <dst id="22">824.6933</dst>
      <dst id="7">40.5422</dst>
      <dst id="2">116357.0133</dst>
      <dst id="16">1090.9689</dst>
      <dst id="20">255.4756</dst>
      <dst id="11">513.7956</dst>
      <dst id="9">28.3911</dst>
      <dst id="17">169265.2711</dst>
      <dst id="21">300.1156</dst>
      <dst id="15">644.6222</dst>
    </src>
    <src id="17">
      <dst id="12">2607.6089</dst>
      <dst id="13">1457.8044</dst>
      <dst id="19">740.1067</dst>
      <dst id="23">13.8667</dst>
      <dst id="8">84667.7333</dst>
      <dst id="18">164.7644</dst>
      <dst id="4">45442.7911</dst>
      <dst id="1">2012.2844</dst>
      <dst id="5">118137.9022</dst>
      <dst id="3">2602.6133</dst>
      <dst id="22">2970.1156</dst>
      <dst id="7">6506.2667</dst>
      <dst id="2">13347.3600</dst>
      <dst id="6">20.2222</dst>
      <dst id="16">12188.3467</dst>
      <dst id="14">8882.2756</dst>
      <dst id="20">134.5156</dst>
      <dst id="11">70009.8756</dst>
      <dst id="9">98365.9644</dst>
      <dst id="17">1260.9333</dst>
      <dst id="21">5009.4756</dst>
      <dst id="15">19.9467</dst>
    </src>
    <src id="21">
      <dst id="12">20104.4089</dst>
      <dst id="13">1152.0533</dst>
      <dst id="19">60.8800</dst>
      <dst id="23">3.6800</dst>
      <dst id="8">77.5111</dst>
      <dst id="18">4356.8356</dst>
      <dst id="4">15434.4000</dst>
      <dst id="1">4536.7467</dst>
      <dst id="5">480.1778</dst>
      <dst id="3">1395.7422</dst>
      <dst id="22">858.2844</dst>
      <dst id="7">4726.0978</dst>
      <dst id="2">5708.2844</dst>
      <dst id="16">120.3022</dst>
      <dst id="14">110.0978</dst>
      <dst id="20">21.5200</dst>
      <dst id="11">490.2044</dst>
      <dst id="9">349.2978</dst>
      <dst id="17">4263.7689</dst>
      <dst id="21">593.7867</dst>
      <dst id="15">18.4267</dst>
    </src>
    <src id="15">
      <dst id="12">311.1378</dst>
      <dst id="13">117.3067</dst>
      <dst id="23">1.1378</dst>
      <dst id="8">19.5733</dst>
      <dst id="18">1.8133</dst>
      <dst id="4">3247.3511</dst>
      <dst id="1">658.8089</dst>
      <dst id="5">379.1644</dst>
      <dst id="3">9.9467</dst>
      <dst id="7">172.2400</dst>
      <dst id="2">175.6978</dst>
      <dst id="14">53.2178</dst>
      <dst id="11">1342.6933</dst>
      <dst id="9">359.6800</dst>
      <dst id="17">71.8311</dst>
      <dst id="21">68.8178</dst>
    </src>
  </IntraTM>
</TrafficMatrixFile>
