<?xml version="1.0" encoding="UTF-8" standalone="yes"?>
<TrafficMatrixFile xmlns:xsi="http://www.w3.org/2001/XMLSchema-instance" xsi:noNamespaceSchemaLocation="http://totem.run.montefiore.ulg.ac.be/Schema/TrafficMatrix-v1_2.xsd">
  <info>
    <title>Intradomain traffic matrix generated by geant-TM-all.pl</title>
    <date>2005-01-01T15:00:00</date>
    <duration>900</duration>
    <author>Steve Uhlig</author>
    <units>
        <unit type="bandwidth" value="kbps"/>
    </units>
  </info>
  <IntraTM ASID="20965">
    <src id="12">
      <dst id="12">262297.4933</dst>
      <dst id="13">13909.8844</dst>
      <dst id="19">4318.2667</dst>
      <dst id="23">26.7911</dst>
      <dst id="8">1529.2533</dst>
      <dst id="18">140.3289</dst>
      <dst id="4">90050.1156</dst>
      <dst id="1">11089.8400</dst>
      <dst id="5">1673.7600</dst>
      <dst id="3">5552.1244</dst>
      <dst id="22">19467.6444</dst>
      <dst id="7">1903.5289</dst>
      <dst id="2">55263.2800</dst>
      <dst id="6">3.3244</dst>
      <dst id="16">4678.0267</dst>
      <dst id="14">1120.9333</dst>
      <dst id="20">724.2044</dst>
      <dst id="11">1689.7689</dst>
      <dst id="9">10773.8756</dst>
      <dst id="17">44525.1289</dst>
      <dst id="21">8456.2222</dst>
      <dst id="15">1850.3200</dst>
    </src>
    <src id="13">
      <dst id="12">40553.1022</dst>
      <dst id="19">3678.5067</dst>
      <dst id="23">6.8267</dst>
      <dst id="8">1430.0533</dst>
      <dst id="18">1513.2622</dst>
      <dst id="1">5832.7733</dst>
      <dst id="5">4480.1333</dst>
      <dst id="3">5105.4222</dst>
      <dst id="22">14696.5333</dst>
      <dst id="7">8054.2044</dst>
      <dst id="2">67777.5911</dst>
      <dst id="6">38.4711</dst>
      <dst id="16">7811.9822</dst>
      <dst id="14">2094.8178</dst>
      <dst id="20">14285.3600</dst>
      <dst id="11">10165.3333</dst>
      <dst id="9">10019.9644</dst>
      <dst id="17">62493.7600</dst>
      <dst id="21">16247.3333</dst>
      <dst id="15">2390.0444</dst>
    </src>
    <src id="19">
      <dst id="12">16193.7067</dst>
      <dst id="13">151.4044</dst>
      <dst id="23">0.3378</dst>
      <dst id="8">5.6356</dst>
      <dst id="18">3.9911</dst>
      <dst id="4">25185.3156</dst>
      <dst id="1">7.4933</dst>
      <dst id="5">16.7822</dst>
      <dst id="3">593.6889</dst>
      <dst id="22">15.0311</dst>
      <dst id="7">3481.6711</dst>
      <dst id="2">52.6578</dst>
      <dst id="6">13.6622</dst>
      <dst id="16">9741.8044</dst>
      <dst id="14">1.7067</dst>
      <dst id="20">0.9600</dst>
      <dst id="11">2.2133</dst>
      <dst id="9">219.9733</dst>
      <dst id="17">496.3822</dst>
      <dst id="21">465.2711</dst>
    </src>
    <src id="23">
      <dst id="12">135.5556</dst>
      <dst id="13">17.9111</dst>
      <dst id="18">0.8711</dst>
      <dst id="4">31.6178</dst>
      <dst id="1">19.9822</dst>
      <dst id="5">13.0400</dst>
      <dst id="3">12.6222</dst>
      <dst id="22">1521.0222</dst>
      <dst id="7">302.3200</dst>
      <dst id="2">41.6800</dst>
      <dst id="16">2.0000</dst>
      <dst id="20">1747.8311</dst>
      <dst id="11">148.8978</dst>
      <dst id="9">9.2800</dst>
      <dst id="17">24.1600</dst>
      <dst id="21">265.7956</dst>
      <dst id="15">30.5422</dst>
    </src>
    <src id="8">
      <dst id="12">284912.8356</dst>
      <dst id="13">307.6711</dst>
      <dst id="19">35.3778</dst>
      <dst id="23">14.0267</dst>
      <dst id="18">43.2356</dst>
      <dst id="4">3790.6578</dst>
      <dst id="1">106.3911</dst>
      <dst id="5">428.6844</dst>
      <dst id="3">13.5111</dst>
      <dst id="22">786.3289</dst>
      <dst id="7">20.5600</dst>
      <dst id="2">87392.5244</dst>
      <dst id="6">14.2933</dst>
      <dst id="16">288.1422</dst>
      <dst id="14">12.4444</dst>
      <dst id="20">3671.8133</dst>
      <dst id="11">52.9067</dst>
      <dst id="9">364.8978</dst>
      <dst id="17">56153.4222</dst>
      <dst id="21">156.7911</dst>
      <dst id="15">30.4178</dst>
    </src>
    <src id="18">
      <dst id="12">108785.6800</dst>
      <dst id="13">138.2400</dst>
      <dst id="19">1.5911</dst>
      <dst id="23">0.9333</dst>
      <dst id="8">54.4178</dst>
      <dst id="4">2113.9111</dst>
      <dst id="1">897.6178</dst>
      <dst id="5">298.8444</dst>
      <dst id="3">597.4133</dst>
      <dst id="22">279.8667</dst>
      <dst id="7">206.0444</dst>
      <dst id="2">27261.4222</dst>
      <dst id="16">35.6889</dst>
      <dst id="14">13.6889</dst>
      <dst id="20">16.0267</dst>
      <dst id="11">198.0889</dst>
      <dst id="9">147.4844</dst>
      <dst id="17">34203.8578</dst>
      <dst id="21">147.2622</dst>
      <dst id="15">70.4267</dst>
    </src>
    <src id="4">
      <dst id="12">10873.3511</dst>
      <dst id="19">15275.1111</dst>
      <dst id="8">604.6133</dst>
      <dst id="18">239.5378</dst>
      <dst id="4">1.4222</dst>
      <dst id="1">1112.5422</dst>
      <dst id="5">1151.2711</dst>
      <dst id="3">135117.1200</dst>
      <dst id="22">3100.1867</dst>
      <dst id="7">30540.5156</dst>
      <dst id="2">68665.8667</dst>
      <dst id="6">0.8356</dst>
      <dst id="16">928.8178</dst>
      <dst id="14">11999.6000</dst>
      <dst id="20">806.4711</dst>
      <dst id="11">10288.2667</dst>
      <dst id="9">2306.3289</dst>
      <dst id="17">13145.2622</dst>
      <dst id="21">4478.4711</dst>
      <dst id="15">555.8222</dst>
    </src>
    <src id="1">
      <dst id="12">27981.7867</dst>
      <dst id="13">334.0000</dst>
      <dst id="19">43.0311</dst>
      <dst id="23">44.2578</dst>
      <dst id="8">62746.1067</dst>
      <dst id="18">11898.3822</dst>
      <dst id="4">9819.5644</dst>
      <dst id="1">74.4533</dst>
      <dst id="5">150860.0267</dst>
      <dst id="3">9824.6578</dst>
      <dst id="22">130.5511</dst>
      <dst id="7">12267.6178</dst>
      <dst id="2">4946.0622</dst>
      <dst id="6">3747.9911</dst>
      <dst id="16">15070.6578</dst>
      <dst id="14">249.3600</dst>
      <dst id="20">188.0622</dst>
      <dst id="11">203.1644</dst>
      <dst id="9">186440.0622</dst>
      <dst id="17">3966.4622</dst>
      <dst id="21">2788.1333</dst>
      <dst id="15">210.9956</dst>
    </src>
    <src id="5">
      <dst id="12">273121.1644</dst>
      <dst id="13">724.7378</dst>
      <dst id="19">140.9422</dst>
      <dst id="23">120.8178</dst>
      <dst id="8">1206.6667</dst>
      <dst id="18">160.5956</dst>
      <dst id="4">5971.1467</dst>
      <dst id="1">191.6889</dst>
      <dst id="3">198.9778</dst>
      <dst id="22">2821.0933</dst>
      <dst id="7">287.5467</dst>
      <dst id="2">97853.0133</dst>
      <dst id="6">0.4089</dst>
      <dst id="16">841.1022</dst>
      <dst id="14">78.6756</dst>
      <dst id="20">1426.8889</dst>
      <dst id="11">2474.7467</dst>
      <dst id="9">916.2222</dst>
      <dst id="17">60739.2356</dst>
      <dst id="21">233.8400</dst>
      <dst id="15">178.7289</dst>
    </src>
    <src id="3">
      <dst id="12">16857.6444</dst>
      <dst id="13">300.5511</dst>
      <dst id="19">1751.2444</dst>
      <dst id="23">2.2756</dst>
      <dst id="8">9.4311</dst>
      <dst id="18">56390.4622</dst>
      <dst id="4">41469.6267</dst>
      <dst id="1">1008.2311</dst>
      <dst id="5">310.5511</dst>
      <dst id="3">9209.9289</dst>
      <dst id="22">224.1956</dst>
      <dst id="7">1675.3244</dst>
      <dst id="2">4517.4133</dst>
      <dst id="6">0.7822</dst>
      <dst id="16">1494.2578</dst>
      <dst id="14">30983.1200</dst>
      <dst id="20">262.3289</dst>
      <dst id="11">107374.6222</dst>
      <dst id="9">320.7289</dst>
      <dst id="17">5827.4578</dst>
      <dst id="21">5242.1244</dst>
      <dst id="15">57.3689</dst>
    </src>
    <src id="10">
      <dst id="12">11749.0578</dst>
      <dst id="19">5872.0267</dst>
      <dst id="8">1203.8844</dst>
      <dst id="18">8062.1156</dst>
      <dst id="1">1573.2000</dst>
      <dst id="5">1124.9600</dst>
      <dst id="3">13741.5556</dst>
      <dst id="22">3673.3689</dst>
      <dst id="7">6958.7911</dst>
      <dst id="2">27013.3333</dst>
      <dst id="6">13.2622</dst>
      <dst id="16">210.8267</dst>
      <dst id="14">2553.4400</dst>
      <dst id="20">2963.4578</dst>
      <dst id="11">2361.2178</dst>
      <dst id="9">1095.0756</dst>
      <dst id="17">13563.3422</dst>
      <dst id="21">6008.5511</dst>
      <dst id="15">477.3156</dst>
    </src>
    <src id="22">
      <dst id="12">6246.6578</dst>
      <dst id="13">1589.7956</dst>
      <dst id="19">10.5956</dst>
      <dst id="23">30.8622</dst>
      <dst id="8">467.9111</dst>
      <dst id="18">1011.1378</dst>
      <dst id="4">23368.1422</dst>
      <dst id="1">140.7022</dst>
      <dst id="5">2754.0267</dst>
      <dst id="3">184.6489</dst>
      <dst id="7">1524.9067</dst>
      <dst id="2">2593.8044</dst>
      <dst id="6">136.0089</dst>
      <dst id="16">0.9067</dst>
      <dst id="14">69.6267</dst>
      <dst id="11">1649.0311</dst>
      <dst id="9">3808.9956</dst>
      <dst id="17">2213.0489</dst>
      <dst id="21">731.1911</dst>
    </src>
    <src id="7">
      <dst id="12">2808.7022</dst>
      <dst id="13">571.7600</dst>
      <dst id="19">273.6178</dst>
      <dst id="23">10.6489</dst>
      <dst id="8">459.9200</dst>
      <dst id="18">495.2889</dst>
      <dst id="4">47837.1644</dst>
      <dst id="1">902.3822</dst>
      <dst id="5">1723.4400</dst>
      <dst id="3">2140.2667</dst>
      <dst id="22">4103.2711</dst>
      <dst id="7">644.5511</dst>
      <dst id="2">4771.1911</dst>
      <dst id="6">1.0222</dst>
      <dst id="16">645.5911</dst>
      <dst id="14">127.2622</dst>
      <dst id="20">38.6400</dst>
      <dst id="11">769.7867</dst>
      <dst id="9">465.9822</dst>
      <dst id="17">6594.4622</dst>
      <dst id="21">3061.6000</dst>
      <dst id="15">735.4400</dst>
    </src>
    <src id="2">
      <dst id="12">95505.0222</dst>
      <dst id="13">1556.1511</dst>
      <dst id="19">133.5822</dst>
      <dst id="23">4.9867</dst>
      <dst id="8">158.0178</dst>
      <dst id="18">50726.6044</dst>
      <dst id="4">104700.7556</dst>
      <dst id="1">1855.0489</dst>
      <dst id="5">579.3067</dst>
      <dst id="3">459.2622</dst>
      <dst id="22">2388.8533</dst>
      <dst id="7">4415.9111</dst>
      <dst id="2">212.2044</dst>
      <dst id="6">4159.5200</dst>
      <dst id="16">2199.8044</dst>
      <dst id="14">221.5289</dst>
      <dst id="20">459.8933</dst>
      <dst id="11">2039.5022</dst>
      <dst id="9">709.4133</dst>
      <dst id="17">8344.7556</dst>
      <dst id="21">3220.5689</dst>
      <dst id="15">26.8356</dst>
    </src>
    <src id="6">
      <dst id="12">7548.8889</dst>
      <dst id="13">4.0978</dst>
      <dst id="19">0.6844</dst>
      <dst id="8">20.5867</dst>
      <dst id="18">0.3378</dst>
      <dst id="4">67.8667</dst>
      <dst id="1">0.4978</dst>
      <dst id="3">19.5911</dst>
      <dst id="22">7.3067</dst>
      <dst id="7">0.7111</dst>
      <dst id="2">2141.5822</dst>
      <dst id="20">0.3556</dst>
      <dst id="11">25.7333</dst>
      <dst id="9">1.7600</dst>
      <dst id="17">854.3644</dst>
      <dst id="21">7.9200</dst>
    </src>
    <src id="16">
      <dst id="12">2942.8889</dst>
      <dst id="13">287.5822</dst>
      <dst id="19">3262.5333</dst>
      <dst id="23">1.7067</dst>
      <dst id="8">3318.8978</dst>
      <dst id="18">1374.9333</dst>
      <dst id="4">6256.2044</dst>
      <dst id="1">16764.9156</dst>
      <dst id="5">4636.1067</dst>
      <dst id="3">1353.0489</dst>
      <dst id="7">1611.2089</dst>
      <dst id="2">203.4756</dst>
      <dst id="16">18.7911</dst>
      <dst id="14">308.2311</dst>
      <dst id="11">1055.4756</dst>
      <dst id="9">7372.2578</dst>
      <dst id="17">2144.9156</dst>
      <dst id="21">588.1156</dst>
    </src>
    <src id="14">
      <dst id="12">15155.7244</dst>
      <dst id="13">85.1111</dst>
      <dst id="19">10.7911</dst>
      <dst id="23">0.5867</dst>
      <dst id="8">0.6044</dst>
      <dst id="18">0.6044</dst>
      <dst id="4">3034.3111</dst>
      <dst id="1">37.5556</dst>
      <dst id="5">2.8444</dst>
      <dst id="3">60.3289</dst>
      <dst id="22">6.6756</dst>
      <dst id="7">40.9867</dst>
      <dst id="2">5688.2756</dst>
      <dst id="6">0.4889</dst>
      <dst id="16">36.6222</dst>
      <dst id="20">13.3689</dst>
      <dst id="11">30.5333</dst>
      <dst id="9">15.1378</dst>
      <dst id="17">4725.8933</dst>
      <dst id="21">105.5022</dst>
    </src>
    <src id="20">
      <dst id="12">6321.0044</dst>
      <dst id="13">3184.3289</dst>
      <dst id="19">4.3911</dst>
      <dst id="23">32.6222</dst>
      <dst id="8">235.4222</dst>
      <dst id="18">449.7956</dst>
      <dst id="4">9682.9067</dst>
      <dst id="1">72.4444</dst>
      <dst id="5">678.3111</dst>
      <dst id="3">135.0489</dst>
      <dst id="7">322.0711</dst>
      <dst id="2">4725.4400</dst>
      <dst id="14">13.3333</dst>
      <dst id="11">619.0667</dst>
      <dst id="9">772.5956</dst>
      <dst id="17">9053.2533</dst>
      <dst id="21">58.0000</dst>
    </src>
    <src id="11">
      <dst id="12">380278.2044</dst>
      <dst id="13">355.9289</dst>
      <dst id="19">18.0622</dst>
      <dst id="23">521.7333</dst>
      <dst id="8">118.5689</dst>
      <dst id="18">261.9378</dst>
      <dst id="4">18062.8444</dst>
      <dst id="1">1040.3378</dst>
      <dst id="5">726.3556</dst>
      <dst id="3">899.3422</dst>
      <dst id="22">933.9467</dst>
      <dst id="7">306.8711</dst>
      <dst id="2">137034.8978</dst>
      <dst id="6">0.7822</dst>
      <dst id="16">430.1689</dst>
      <dst id="14">24.7289</dst>
      <dst id="20">153.9822</dst>
      <dst id="11">2159.8489</dst>
      <dst id="9">191.7156</dst>
      <dst id="17">75805.3511</dst>
      <dst id="21">1770.2933</dst>
      <dst id="15">138.4533</dst>
    </src>
    <src id="9">
      <dst id="12">460829.0578</dst>
      <dst id="13">4611.9022</dst>
      <dst id="19">290.9156</dst>
      <dst id="23">0.8444</dst>
      <dst id="8">241.2800</dst>
      <dst id="18">3229.3956</dst>
      <dst id="4">12602.1244</dst>
      <dst id="1">131.3600</dst>
      <dst id="5">3172.8800</dst>
      <dst id="3">96.9422</dst>
      <dst id="22">327.7422</dst>
      <dst id="7">44.2133</dst>
      <dst id="2">125554.0711</dst>
      <dst id="16">450.7022</dst>
      <dst id="14">24.6044</dst>
      <dst id="20">4866.2311</dst>
      <dst id="11">273.0133</dst>
      <dst id="9">10824.4889</dst>
      <dst id="17">110594.4178</dst>
      <dst id="21">460.4978</dst>
      <dst id="15">415.1200</dst>
    </src>
    <src id="17">
      <dst id="12">8730.5156</dst>
      <dst id="13">1782.9689</dst>
      <dst id="19">10731.9289</dst>
      <dst id="23">3.5111</dst>
      <dst id="8">73187.0667</dst>
      <dst id="18">159.8667</dst>
      <dst id="4">145791.4044</dst>
      <dst id="1">393.6533</dst>
      <dst id="5">154340.6133</dst>
      <dst id="3">8946.1156</dst>
      <dst id="22">2632.9956</dst>
      <dst id="7">20488.9778</dst>
      <dst id="2">14764.8356</dst>
      <dst id="6">0.8978</dst>
      <dst id="16">2001.5200</dst>
      <dst id="14">24044.0800</dst>
      <dst id="20">309.0933</dst>
      <dst id="11">84177.5111</dst>
      <dst id="9">151847.5911</dst>
      <dst id="17">1113.7333</dst>
      <dst id="21">8582.4978</dst>
      <dst id="15">1366.5956</dst>
    </src>
    <src id="21">
      <dst id="12">18376.2133</dst>
      <dst id="13">922.7378</dst>
      <dst id="19">299.2800</dst>
      <dst id="23">4647.7867</dst>
      <dst id="8">20.0889</dst>
      <dst id="18">122.2844</dst>
      <dst id="4">19482.0711</dst>
      <dst id="1">1882.2844</dst>
      <dst id="5">495.6267</dst>
      <dst id="3">969.8933</dst>
      <dst id="22">1502.7644</dst>
      <dst id="7">521.2978</dst>
      <dst id="2">8114.7378</dst>
      <dst id="6">0.3556</dst>
      <dst id="16">125.2356</dst>
      <dst id="14">63.4667</dst>
      <dst id="20">79.7244</dst>
      <dst id="11">894.6311</dst>
      <dst id="9">219.1911</dst>
      <dst id="17">2800.8978</dst>
      <dst id="21">2233.9467</dst>
      <dst id="15">9.7689</dst>
    </src>
    <src id="15">
      <dst id="12">291.2889</dst>
      <dst id="13">388.0178</dst>
      <dst id="19">0.6578</dst>
      <dst id="23">2.4444</dst>
      <dst id="8">43.8044</dst>
      <dst id="18">107.2800</dst>
      <dst id="4">3030.2844</dst>
      <dst id="1">98.0089</dst>
      <dst id="5">563.1556</dst>
      <dst id="3">563.9289</dst>
      <dst id="7">47.1111</dst>
      <dst id="2">670.9867</dst>
      <dst id="11">94.0800</dst>
      <dst id="9">668.2667</dst>
      <dst id="17">395.8933</dst>
      <dst id="21">20.3733</dst>
    </src>
  </IntraTM>
</TrafficMatrixFile>
