<?xml version="1.0" encoding="UTF-8" standalone="yes"?>
<TrafficMatrixFile xmlns:xsi="http://www.w3.org/2001/XMLSchema-instance" xsi:noNamespaceSchemaLocation="http://totem.run.montefiore.ulg.ac.be/Schema/TrafficMatrix-v1_2.xsd">
  <info>
    <title>Intradomain traffic matrix generated by geant-TM-all.pl</title>
    <date>2005-01-02T03:30:00</date>
    <duration>900</duration>
    <author>Steve Uhlig</author>
    <units>
        <unit type="bandwidth" value="kbps"/>
    </units>
  </info>
  <IntraTM ASID="20965">
    <src id="12">
      <dst id="12">321299.3156</dst>
      <dst id="13">15503.3422</dst>
      <dst id="19">6928.7200</dst>
      <dst id="23">167.7422</dst>
      <dst id="8">5143.2622</dst>
      <dst id="18">6969.0044</dst>
      <dst id="4">140207.5289</dst>
      <dst id="1">7889.3067</dst>
      <dst id="5">11180.4000</dst>
      <dst id="3">2217.0933</dst>
      <dst id="22">9036.6667</dst>
      <dst id="7">8130.5156</dst>
      <dst id="2">102131.2711</dst>
      <dst id="6">6.2222</dst>
      <dst id="16">4436.0356</dst>
      <dst id="14">1888.2844</dst>
      <dst id="20">10852.9244</dst>
      <dst id="11">7153.8400</dst>
      <dst id="9">15990.0089</dst>
      <dst id="17">104359.5822</dst>
      <dst id="21">23668.5156</dst>
      <dst id="15">5269.0133</dst>
    </src>
    <src id="13">
      <dst id="12">89857.5911</dst>
      <dst id="19">6868.8089</dst>
      <dst id="23">175.1289</dst>
      <dst id="8">8914.0978</dst>
      <dst id="18">10698.4267</dst>
      <dst id="1">4691.2533</dst>
      <dst id="5">15488.2044</dst>
      <dst id="3">10547.7778</dst>
      <dst id="22">25629.4044</dst>
      <dst id="7">13227.8133</dst>
      <dst id="2">162519.6000</dst>
      <dst id="6">369.9911</dst>
      <dst id="16">8796.5156</dst>
      <dst id="14">2322.7022</dst>
      <dst id="20">22450.6044</dst>
      <dst id="11">19034.4267</dst>
      <dst id="9">21401.6800</dst>
      <dst id="17">61726.2311</dst>
      <dst id="21">26982.6222</dst>
      <dst id="15">3030.8711</dst>
    </src>
    <src id="19">
      <dst id="12">14128.0089</dst>
      <dst id="13">5861.2711</dst>
      <dst id="23">0.6933</dst>
      <dst id="8">157.4311</dst>
      <dst id="18">242.4978</dst>
      <dst id="4">21913.8222</dst>
      <dst id="1">3700.7111</dst>
      <dst id="5">94.1689</dst>
      <dst id="3">1.1733</dst>
      <dst id="22">1197.7244</dst>
      <dst id="7">4478.9956</dst>
      <dst id="2">10911.9200</dst>
      <dst id="6">27.6000</dst>
      <dst id="16">5548.0000</dst>
      <dst id="14">1.0844</dst>
      <dst id="20">4110.3200</dst>
      <dst id="11">1187.8311</dst>
      <dst id="9">506.6489</dst>
      <dst id="17">2380.5956</dst>
      <dst id="21">717.9467</dst>
      <dst id="15">0.3556</dst>
    </src>
    <src id="23">
      <dst id="12">124.3289</dst>
      <dst id="13">3257.8667</dst>
      <dst id="19">1.4578</dst>
      <dst id="8">63.1111</dst>
      <dst id="18">1.1378</dst>
      <dst id="4">573.7511</dst>
      <dst id="1">61.4844</dst>
      <dst id="5">42.2222</dst>
      <dst id="3">425.7067</dst>
      <dst id="22">111.8578</dst>
      <dst id="7">161.9644</dst>
      <dst id="2">26.0444</dst>
      <dst id="6">4.8533</dst>
      <dst id="16">322.7822</dst>
      <dst id="20">48.7733</dst>
      <dst id="11">99.4400</dst>
      <dst id="9">41.1022</dst>
      <dst id="17">984.6933</dst>
      <dst id="21">316.1600</dst>
      <dst id="15">10.4533</dst>
    </src>
    <src id="8">
      <dst id="12">320670.4000</dst>
      <dst id="13">1458.9689</dst>
      <dst id="19">44.8978</dst>
      <dst id="23">214.6133</dst>
      <dst id="18">1014.6667</dst>
      <dst id="4">12205.4133</dst>
      <dst id="1">221.5022</dst>
      <dst id="5">2948.2667</dst>
      <dst id="3">0.7822</dst>
      <dst id="22">850.4178</dst>
      <dst id="7">32.8711</dst>
      <dst id="2">142564.0889</dst>
      <dst id="6">0.3556</dst>
      <dst id="16">666.8356</dst>
      <dst id="14">6.9333</dst>
      <dst id="20">3783.0222</dst>
      <dst id="11">853.7067</dst>
      <dst id="9">1536.7378</dst>
      <dst id="17">127437.1911</dst>
      <dst id="21">3835.0222</dst>
      <dst id="15">3435.5467</dst>
    </src>
    <src id="18">
      <dst id="12">115735.5289</dst>
      <dst id="13">259.9911</dst>
      <dst id="19">1196.6489</dst>
      <dst id="8">118.2667</dst>
      <dst id="4">2524.5511</dst>
      <dst id="1">739.0133</dst>
      <dst id="5">451.3244</dst>
      <dst id="3">141.7067</dst>
      <dst id="22">895.8222</dst>
      <dst id="7">56.9600</dst>
      <dst id="2">39657.6533</dst>
      <dst id="16">61.9200</dst>
      <dst id="14">2.6933</dst>
      <dst id="20">76.6489</dst>
      <dst id="11">822.9156</dst>
      <dst id="9">121.0044</dst>
      <dst id="17">46369.0222</dst>
      <dst id="21">1291.8311</dst>
      <dst id="15">6.4444</dst>
    </src>
    <src id="4">
      <dst id="12">22754.3111</dst>
      <dst id="19">12194.0533</dst>
      <dst id="23">0.8533</dst>
      <dst id="8">1456.8356</dst>
      <dst id="18">3477.6444</dst>
      <dst id="1">48458.4711</dst>
      <dst id="5">1450.0800</dst>
      <dst id="3">366.6222</dst>
      <dst id="22">5608.5511</dst>
      <dst id="7">57787.4667</dst>
      <dst id="2">58892.5867</dst>
      <dst id="6">31.2356</dst>
      <dst id="16">2845.3067</dst>
      <dst id="14">4573.0133</dst>
      <dst id="20">5265.2089</dst>
      <dst id="11">17475.9911</dst>
      <dst id="9">2074.5778</dst>
      <dst id="17">87155.8667</dst>
      <dst id="21">12594.5956</dst>
      <dst id="15">1118.5956</dst>
    </src>
    <src id="1">
      <dst id="12">14011.0844</dst>
      <dst id="13">1239.0756</dst>
      <dst id="19">380.3733</dst>
      <dst id="23">83.5289</dst>
      <dst id="8">158833.0489</dst>
      <dst id="18">17123.0489</dst>
      <dst id="4">28356.1600</dst>
      <dst id="1">63085.4844</dst>
      <dst id="5">279232.0089</dst>
      <dst id="3">311.4133</dst>
      <dst id="22">5151.7689</dst>
      <dst id="7">2655.7511</dst>
      <dst id="2">5245.9022</dst>
      <dst id="6">8148.8711</dst>
      <dst id="16">9956.8000</dst>
      <dst id="14">107.6622</dst>
      <dst id="20">405.3778</dst>
      <dst id="11">279.7511</dst>
      <dst id="9">257316.8089</dst>
      <dst id="17">2411.6978</dst>
      <dst id="21">4250.9067</dst>
      <dst id="15">206.8800</dst>
    </src>
    <src id="5">
      <dst id="12">333732.1600</dst>
      <dst id="13">4916.5422</dst>
      <dst id="19">123.5467</dst>
      <dst id="23">10.8178</dst>
      <dst id="8">2464.4089</dst>
      <dst id="18">110.5867</dst>
      <dst id="4">7748.5067</dst>
      <dst id="1">377.3511</dst>
      <dst id="3">158.2578</dst>
      <dst id="22">4915.1822</dst>
      <dst id="7">229.6356</dst>
      <dst id="2">164411.9822</dst>
      <dst id="6">14.0711</dst>
      <dst id="16">782.2667</dst>
      <dst id="14">5.2533</dst>
      <dst id="20">9159.0222</dst>
      <dst id="11">1029.8489</dst>
      <dst id="9">5485.2800</dst>
      <dst id="17">129879.7422</dst>
      <dst id="21">584.6311</dst>
      <dst id="15">75.1200</dst>
    </src>
    <src id="3">
      <dst id="12">7922.0356</dst>
      <dst id="13">681.8311</dst>
      <dst id="19">1215.2800</dst>
      <dst id="23">48.5067</dst>
      <dst id="8">127.4489</dst>
      <dst id="18">142777.8578</dst>
      <dst id="4">60334.5600</dst>
      <dst id="1">6411.6267</dst>
      <dst id="5">1297.3867</dst>
      <dst id="3">18182.5956</dst>
      <dst id="22">3222.0356</dst>
      <dst id="7">6623.9556</dst>
      <dst id="2">5383.9111</dst>
      <dst id="6">1.4400</dst>
      <dst id="16">1393.7600</dst>
      <dst id="14">46053.3422</dst>
      <dst id="20">226.2667</dst>
      <dst id="11">187932.9956</dst>
      <dst id="9">332.3644</dst>
      <dst id="17">20839.4667</dst>
      <dst id="21">10888.3378</dst>
      <dst id="15">91.3689</dst>
    </src>
    <src id="10">
      <dst id="12">14007.5822</dst>
      <dst id="19">1074.1867</dst>
      <dst id="8">1608.8444</dst>
      <dst id="18">3084.3378</dst>
      <dst id="1">1326.0356</dst>
      <dst id="5">1068.0533</dst>
      <dst id="3">17584.7289</dst>
      <dst id="22">5548.4711</dst>
      <dst id="7">10263.5022</dst>
      <dst id="2">39582.4978</dst>
      <dst id="6">100.5956</dst>
      <dst id="16">2630.7111</dst>
      <dst id="14">955.9644</dst>
      <dst id="20">1760.8711</dst>
      <dst id="11">2276.7644</dst>
      <dst id="9">2839.4489</dst>
      <dst id="17">27509.0133</dst>
      <dst id="21">14524.1067</dst>
      <dst id="15">1233.1111</dst>
    </src>
    <src id="22">
      <dst id="12">11469.5467</dst>
      <dst id="13">4431.4933</dst>
      <dst id="19">147.6444</dst>
      <dst id="23">29.7422</dst>
      <dst id="8">2582.8178</dst>
      <dst id="18">4669.7422</dst>
      <dst id="4">20307.3511</dst>
      <dst id="1">1822.1689</dst>
      <dst id="5">8570.9600</dst>
      <dst id="3">314.3644</dst>
      <dst id="7">620.0800</dst>
      <dst id="2">2248.8978</dst>
      <dst id="6">9.0400</dst>
      <dst id="14">77.6089</dst>
      <dst id="11">4558.4178</dst>
      <dst id="9">2447.2356</dst>
      <dst id="17">7272.5422</dst>
      <dst id="21">2232.3111</dst>
    </src>
    <src id="7">
      <dst id="12">4095.7511</dst>
      <dst id="13">191.1378</dst>
      <dst id="19">602.7111</dst>
      <dst id="23">634.8444</dst>
      <dst id="8">470.6311</dst>
      <dst id="18">2154.8533</dst>
      <dst id="4">41656.0267</dst>
      <dst id="1">32459.7689</dst>
      <dst id="5">1895.7244</dst>
      <dst id="3">573.6000</dst>
      <dst id="22">2715.2267</dst>
      <dst id="7">803.4489</dst>
      <dst id="2">22792.9067</dst>
      <dst id="6">0.4089</dst>
      <dst id="16">855.2000</dst>
      <dst id="14">152.7200</dst>
      <dst id="20">960.0711</dst>
      <dst id="11">1937.8933</dst>
      <dst id="9">946.8622</dst>
      <dst id="17">11718.5422</dst>
      <dst id="21">12367.8311</dst>
      <dst id="15">628.7556</dst>
    </src>
    <src id="2">
      <dst id="12">125575.9200</dst>
      <dst id="13">13648.9422</dst>
      <dst id="19">8251.0400</dst>
      <dst id="8">1683.5200</dst>
      <dst id="18">112911.2978</dst>
      <dst id="4">142577.5467</dst>
      <dst id="1">17829.1022</dst>
      <dst id="5">1348.8267</dst>
      <dst id="3">361.2711</dst>
      <dst id="22">3186.1333</dst>
      <dst id="7">31193.3156</dst>
      <dst id="2">1540.2844</dst>
      <dst id="6">7683.8222</dst>
      <dst id="16">3376.0444</dst>
      <dst id="14">361.9467</dst>
      <dst id="20">884.6222</dst>
      <dst id="11">3099.4667</dst>
      <dst id="9">1230.0356</dst>
      <dst id="17">41794.0533</dst>
      <dst id="21">20188.6222</dst>
      <dst id="15">206.2756</dst>
    </src>
    <src id="6">
      <dst id="12">11001.6711</dst>
      <dst id="13">14.5956</dst>
      <dst id="19">3.6178</dst>
      <dst id="18">0.5156</dst>
      <dst id="4">116.3200</dst>
      <dst id="1">55.0933</dst>
      <dst id="5">12.4444</dst>
      <dst id="22">29.2533</dst>
      <dst id="7">1.2089</dst>
      <dst id="2">2355.9111</dst>
      <dst id="16">0.4267</dst>
      <dst id="20">11.9289</dst>
      <dst id="11">13.8578</dst>
      <dst id="9">19.2267</dst>
      <dst id="17">1249.1378</dst>
      <dst id="21">40.1600</dst>
    </src>
    <src id="16">
      <dst id="12">3391.3511</dst>
      <dst id="13">515.3067</dst>
      <dst id="19">4390.9778</dst>
      <dst id="23">22.5600</dst>
      <dst id="8">8639.6800</dst>
      <dst id="18">95.8756</dst>
      <dst id="4">7858.4978</dst>
      <dst id="1">16713.0222</dst>
      <dst id="5">10360.2044</dst>
      <dst id="3">0.7111</dst>
      <dst id="22">18.9156</dst>
      <dst id="7">3244.6578</dst>
      <dst id="2">642.3378</dst>
      <dst id="6">1.1378</dst>
      <dst id="16">68.3022</dst>
      <dst id="14">690.3111</dst>
      <dst id="11">182.5778</dst>
      <dst id="9">5639.8311</dst>
      <dst id="17">1836.3022</dst>
      <dst id="21">1164.6756</dst>
    </src>
    <src id="14">
      <dst id="12">18446.9778</dst>
      <dst id="13">81.9556</dst>
      <dst id="19">6.7200</dst>
      <dst id="8">38.9333</dst>
      <dst id="18">0.6044</dst>
      <dst id="4">3321.0667</dst>
      <dst id="1">58.5067</dst>
      <dst id="5">31.2533</dst>
      <dst id="3">63.6267</dst>
      <dst id="22">29.3422</dst>
      <dst id="7">153.3244</dst>
      <dst id="2">6829.5467</dst>
      <dst id="6">0.3556</dst>
      <dst id="16">16.0622</dst>
      <dst id="20">89.2978</dst>
      <dst id="11">25.7333</dst>
      <dst id="9">0.4622</dst>
      <dst id="17">10607.0844</dst>
      <dst id="21">99.5733</dst>
    </src>
    <src id="20">
      <dst id="12">9258.4978</dst>
      <dst id="13">2501.7778</dst>
      <dst id="19">160.5956</dst>
      <dst id="23">108.6844</dst>
      <dst id="8">214.7733</dst>
      <dst id="18">309.2089</dst>
      <dst id="4">11909.1200</dst>
      <dst id="1">188.4800</dst>
      <dst id="5">5035.0311</dst>
      <dst id="3">1179.9022</dst>
      <dst id="7">372.2844</dst>
      <dst id="2">4492.4800</dst>
      <dst id="6">14.0711</dst>
      <dst id="14">52.3200</dst>
      <dst id="11">695.8222</dst>
      <dst id="9">12889.1644</dst>
      <dst id="17">1813.1022</dst>
      <dst id="21">2564.1067</dst>
    </src>
    <src id="11">
      <dst id="12">429220.4800</dst>
      <dst id="13">3525.0933</dst>
      <dst id="19">64.0356</dst>
      <dst id="23">132.1867</dst>
      <dst id="8">766.0711</dst>
      <dst id="18">728.3022</dst>
      <dst id="4">19116.3911</dst>
      <dst id="1">578.3733</dst>
      <dst id="5">1316.3378</dst>
      <dst id="3">959.2978</dst>
      <dst id="22">4910.3467</dst>
      <dst id="7">683.0756</dst>
      <dst id="2">178044.6756</dst>
      <dst id="6">0.3556</dst>
      <dst id="16">1318.9067</dst>
      <dst id="14">42.6844</dst>
      <dst id="20">1022.3556</dst>
      <dst id="11">1808.6578</dst>
      <dst id="9">980.4711</dst>
      <dst id="17">148370.4533</dst>
      <dst id="21">2269.3244</dst>
      <dst id="15">211.5289</dst>
    </src>
    <src id="9">
      <dst id="12">527269.8311</dst>
      <dst id="13">5592.0089</dst>
      <dst id="19">200.1333</dst>
      <dst id="23">1.2978</dst>
      <dst id="8">1417.5200</dst>
      <dst id="18">490.8267</dst>
      <dst id="4">12853.2000</dst>
      <dst id="1">11458.1067</dst>
      <dst id="5">2211.9911</dst>
      <dst id="3">24.4444</dst>
      <dst id="22">2795.2267</dst>
      <dst id="7">207.9822</dst>
      <dst id="2">201488.7378</dst>
      <dst id="6">15.8400</dst>
      <dst id="16">870.6311</dst>
      <dst id="14">0.4267</dst>
      <dst id="20">1407.0311</dst>
      <dst id="11">853.6889</dst>
      <dst id="9">333.4756</dst>
      <dst id="17">208471.9467</dst>
      <dst id="21">4119.0311</dst>
      <dst id="15">1001.6800</dst>
    </src>
    <src id="17">
      <dst id="12">14345.9556</dst>
      <dst id="13">1983.3511</dst>
      <dst id="19">278.7111</dst>
      <dst id="23">348.0889</dst>
      <dst id="8">170508.6044</dst>
      <dst id="18">829.7511</dst>
      <dst id="4">65125.8489</dst>
      <dst id="1">4984.8267</dst>
      <dst id="5">293695.6000</dst>
      <dst id="3">14372.7644</dst>
      <dst id="22">15026.0267</dst>
      <dst id="7">19545.8222</dst>
      <dst id="2">16584.9333</dst>
      <dst id="6">704.8978</dst>
      <dst id="16">6665.5111</dst>
      <dst id="14">48797.5733</dst>
      <dst id="20">902.4267</dst>
      <dst id="11">153517.0489</dst>
      <dst id="9">233231.4489</dst>
      <dst id="17">1872.8533</dst>
      <dst id="21">21672.7378</dst>
      <dst id="15">1141.3422</dst>
    </src>
    <src id="21">
      <dst id="12">20426.1867</dst>
      <dst id="13">625.6800</dst>
      <dst id="19">603.9467</dst>
      <dst id="23">16.2844</dst>
      <dst id="8">333.7244</dst>
      <dst id="18">2763.3689</dst>
      <dst id="4">50658.1956</dst>
      <dst id="1">4122.2044</dst>
      <dst id="5">600.3378</dst>
      <dst id="3">1840.6133</dst>
      <dst id="22">2582.1422</dst>
      <dst id="7">3452.9156</dst>
      <dst id="2">12886.7556</dst>
      <dst id="6">2.9778</dst>
      <dst id="16">239.4489</dst>
      <dst id="14">123.3511</dst>
      <dst id="20">1117.7333</dst>
      <dst id="11">4000.4267</dst>
      <dst id="9">2975.7156</dst>
      <dst id="17">4642.5244</dst>
      <dst id="21">2185.9111</dst>
      <dst id="15">55.1644</dst>
    </src>
    <src id="15">
      <dst id="12">2514.1067</dst>
      <dst id="13">2109.1467</dst>
      <dst id="19">23.6978</dst>
      <dst id="23">520.0000</dst>
      <dst id="8">88.7911</dst>
      <dst id="18">31.0489</dst>
      <dst id="4">6766.6044</dst>
      <dst id="1">632.7200</dst>
      <dst id="5">212.0356</dst>
      <dst id="3">21.1822</dst>
      <dst id="7">55.2000</dst>
      <dst id="2">541.6889</dst>
      <dst id="14">0.8533</dst>
      <dst id="11">188.8000</dst>
      <dst id="9">1934.2578</dst>
      <dst id="17">172.9867</dst>
      <dst id="21">1201.3333</dst>
    </src>
  </IntraTM>
</TrafficMatrixFile>
