<?xml version="1.0" encoding="UTF-8" standalone="yes"?>
<TrafficMatrixFile xmlns:xsi="http://www.w3.org/2001/XMLSchema-instance" xsi:noNamespaceSchemaLocation="http://totem.run.montefiore.ulg.ac.be/Schema/TrafficMatrix-v1_2.xsd">
  <info>
    <title>Intradomain traffic matrix generated by geant-TM-all.pl</title>
    <date>2005-01-03T13:30:00</date>
    <duration>900</duration>
    <author>Steve Uhlig</author>
    <units>
        <unit type="bandwidth" value="kbps"/>
    </units>
  </info>
  <IntraTM ASID="20965">
    <src id="12">
      <dst id="12">179443.1378</dst>
      <dst id="13">23444.1156</dst>
      <dst id="19">3020.5778</dst>
      <dst id="23">56.8711</dst>
      <dst id="8">643.9289</dst>
      <dst id="18">956.9956</dst>
      <dst id="4">70267.1556</dst>
      <dst id="1">6432.5244</dst>
      <dst id="5">1068.4267</dst>
      <dst id="3">1986.9511</dst>
      <dst id="22">9522.6756</dst>
      <dst id="7">6006.3200</dst>
      <dst id="2">56769.3956</dst>
      <dst id="6">12.8000</dst>
      <dst id="16">4782.1689</dst>
      <dst id="14">573.9022</dst>
      <dst id="20">6116.5956</dst>
      <dst id="11">6387.8933</dst>
      <dst id="9">3549.8044</dst>
      <dst id="17">57622.5778</dst>
      <dst id="21">2593.3422</dst>
      <dst id="15">135.0933</dst>
    </src>
    <src id="13">
      <dst id="12">38343.9200</dst>
      <dst id="19">26134.4444</dst>
      <dst id="23">17.3689</dst>
      <dst id="8">2600.9600</dst>
      <dst id="18">1394.4356</dst>
      <dst id="4">0.3556</dst>
      <dst id="1">1477.9111</dst>
      <dst id="5">3532.1333</dst>
      <dst id="3">4681.0133</dst>
      <dst id="22">12959.8044</dst>
      <dst id="7">4828.4267</dst>
      <dst id="2">96093.9111</dst>
      <dst id="6">63.9644</dst>
      <dst id="16">5263.1733</dst>
      <dst id="14">1162.7200</dst>
      <dst id="20">4974.1067</dst>
      <dst id="11">5847.6800</dst>
      <dst id="9">15135.5200</dst>
      <dst id="17">25943.6444</dst>
      <dst id="21">6962.3111</dst>
      <dst id="15">722.2844</dst>
    </src>
    <src id="19">
      <dst id="12">10859.0756</dst>
      <dst id="13">62.6844</dst>
      <dst id="8">5.2000</dst>
      <dst id="18">66.4711</dst>
      <dst id="4">20408.0089</dst>
      <dst id="1">223.3333</dst>
      <dst id="5">79.4844</dst>
      <dst id="3">0.3556</dst>
      <dst id="22">17.8578</dst>
      <dst id="7">3043.2267</dst>
      <dst id="2">42.6222</dst>
      <dst id="6">67.3244</dst>
      <dst id="16">8763.7511</dst>
      <dst id="14">0.4978</dst>
      <dst id="20">15.6800</dst>
      <dst id="11">40.7556</dst>
      <dst id="9">5924.5511</dst>
      <dst id="17">56.6044</dst>
      <dst id="21">164.3022</dst>
    </src>
    <src id="23">
      <dst id="12">2833.9289</dst>
      <dst id="13">23.6178</dst>
      <dst id="19">0.4711</dst>
      <dst id="18">0.4978</dst>
      <dst id="4">30.8267</dst>
      <dst id="1">82.5067</dst>
      <dst id="5">38.9156</dst>
      <dst id="3">187.4222</dst>
      <dst id="22">191.3333</dst>
      <dst id="7">28.4089</dst>
      <dst id="2">2189.7067</dst>
      <dst id="16">6.4178</dst>
      <dst id="11">37.8667</dst>
      <dst id="9">576.3200</dst>
      <dst id="17">149.8756</dst>
      <dst id="21">62.9244</dst>
    </src>
    <src id="8">
      <dst id="12">273538.8978</dst>
      <dst id="13">120.4267</dst>
      <dst id="18">13.3333</dst>
      <dst id="4">7123.0222</dst>
      <dst id="1">15.9022</dst>
      <dst id="5">535.8133</dst>
      <dst id="3">1.4844</dst>
      <dst id="22">740.3467</dst>
      <dst id="7">184.6933</dst>
      <dst id="2">93180.5778</dst>
      <dst id="16">125.2622</dst>
      <dst id="20">107.7156</dst>
      <dst id="11">589.3778</dst>
      <dst id="9">875.6978</dst>
      <dst id="17">97493.7956</dst>
      <dst id="21">41.9378</dst>
      <dst id="15">277.1467</dst>
    </src>
    <src id="18">
      <dst id="12">100329.1911</dst>
      <dst id="13">120.1511</dst>
      <dst id="19">2.3822</dst>
      <dst id="23">1.5733</dst>
      <dst id="8">0.4356</dst>
      <dst id="4">942.5156</dst>
      <dst id="1">1040.0889</dst>
      <dst id="5">192.3911</dst>
      <dst id="3">182.1956</dst>
      <dst id="22">108.3289</dst>
      <dst id="7">87.2000</dst>
      <dst id="2">28537.4756</dst>
      <dst id="16">31.6711</dst>
      <dst id="20">69.5733</dst>
      <dst id="11">66.0533</dst>
      <dst id="9">75.8044</dst>
      <dst id="17">34781.8578</dst>
      <dst id="21">154.8533</dst>
      <dst id="15">1.1733</dst>
    </src>
    <src id="4">
      <dst id="12">14326.8711</dst>
      <dst id="19">15322.0444</dst>
      <dst id="8">2472.3289</dst>
      <dst id="18">518.5244</dst>
      <dst id="1">111779.0756</dst>
      <dst id="5">1869.2800</dst>
      <dst id="3">128.8000</dst>
      <dst id="22">3041.1200</dst>
      <dst id="7">123879.2178</dst>
      <dst id="2">23235.5556</dst>
      <dst id="16">495.3244</dst>
      <dst id="14">840.8089</dst>
      <dst id="20">584.4178</dst>
      <dst id="11">1676.2400</dst>
      <dst id="9">3731.1822</dst>
      <dst id="17">66381.9556</dst>
      <dst id="21">3047.9111</dst>
      <dst id="15">255.1378</dst>
    </src>
    <src id="1">
      <dst id="12">19714.0178</dst>
      <dst id="13">1767.6444</dst>
      <dst id="19">19.6533</dst>
      <dst id="23">42.3467</dst>
      <dst id="8">68903.0933</dst>
      <dst id="18">11710.8089</dst>
      <dst id="4">3218.8444</dst>
      <dst id="1">19246.1156</dst>
      <dst id="5">119473.6889</dst>
      <dst id="3">92.9067</dst>
      <dst id="22">2804.1067</dst>
      <dst id="7">1317.0844</dst>
      <dst id="2">1352.2400</dst>
      <dst id="6">4905.9378</dst>
      <dst id="16">14940.7378</dst>
      <dst id="14">34.7733</dst>
      <dst id="20">10.0267</dst>
      <dst id="11">581.3333</dst>
      <dst id="9">109663.4667</dst>
      <dst id="17">2594.7200</dst>
      <dst id="21">1779.7244</dst>
      <dst id="15">91.4667</dst>
    </src>
    <src id="5">
      <dst id="12">233314.9333</dst>
      <dst id="13">875.3778</dst>
      <dst id="19">80.7289</dst>
      <dst id="23">0.9244</dst>
      <dst id="8">557.2711</dst>
      <dst id="18">971.9289</dst>
      <dst id="4">5897.1733</dst>
      <dst id="1">122.5956</dst>
      <dst id="3">0.5600</dst>
      <dst id="22">3403.3600</dst>
      <dst id="7">51.8844</dst>
      <dst id="2">71502.6489</dst>
      <dst id="6">25.6000</dst>
      <dst id="16">311.8933</dst>
      <dst id="20">354.0533</dst>
      <dst id="11">700.2400</dst>
      <dst id="9">527.4489</dst>
      <dst id="17">78524.6044</dst>
      <dst id="21">280.2756</dst>
      <dst id="15">74.6311</dst>
    </src>
    <src id="3">
      <dst id="12">12220.1156</dst>
      <dst id="13">4723.3067</dst>
      <dst id="19">964.3200</dst>
      <dst id="23">6125.3778</dst>
      <dst id="8">15.3956</dst>
      <dst id="18">48625.5644</dst>
      <dst id="4">61221.3156</dst>
      <dst id="1">22544.2578</dst>
      <dst id="5">178.4000</dst>
      <dst id="3">7062.0444</dst>
      <dst id="22">4908.9067</dst>
      <dst id="7">233.8667</dst>
      <dst id="2">4773.3956</dst>
      <dst id="16">610.3911</dst>
      <dst id="14">15787.0400</dst>
      <dst id="20">4.0889</dst>
      <dst id="11">109520.3467</dst>
      <dst id="9">31.4933</dst>
      <dst id="17">4329.8667</dst>
      <dst id="21">7399.7956</dst>
      <dst id="15">32.1867</dst>
    </src>
    <src id="10">
      <dst id="12">9147.3778</dst>
      <dst id="19">3744.4533</dst>
      <dst id="8">672.9156</dst>
      <dst id="18">3240.3022</dst>
      <dst id="1">2598.8533</dst>
      <dst id="5">510.1689</dst>
      <dst id="3">7831.8133</dst>
      <dst id="22">6509.1556</dst>
      <dst id="7">50410.8000</dst>
      <dst id="2">18717.4133</dst>
      <dst id="6">5.6000</dst>
      <dst id="16">291.0133</dst>
      <dst id="14">1874.3378</dst>
      <dst id="20">1403.4311</dst>
      <dst id="11">6671.3956</dst>
      <dst id="9">1526.9600</dst>
      <dst id="17">39870.3289</dst>
      <dst id="21">18315.2622</dst>
      <dst id="15">89.5111</dst>
    </src>
    <src id="22">
      <dst id="12">3543.9378</dst>
      <dst id="13">1605.5200</dst>
      <dst id="19">23.4667</dst>
      <dst id="23">675.6711</dst>
      <dst id="8">214.4622</dst>
      <dst id="18">357.9556</dst>
      <dst id="4">16840.4267</dst>
      <dst id="1">224.4533</dst>
      <dst id="5">4150.1156</dst>
      <dst id="3">483.3244</dst>
      <dst id="7">455.2089</dst>
      <dst id="2">3448.5778</dst>
      <dst id="6">1.2356</dst>
      <dst id="16">4.5156</dst>
      <dst id="14">0.4711</dst>
      <dst id="11">1442.1511</dst>
      <dst id="9">2594.6044</dst>
      <dst id="17">1498.1067</dst>
      <dst id="21">1367.3333</dst>
    </src>
    <src id="7">
      <dst id="12">6688.1244</dst>
      <dst id="13">126.0622</dst>
      <dst id="19">38.9956</dst>
      <dst id="23">48.3022</dst>
      <dst id="8">311.4667</dst>
      <dst id="18">204.6756</dst>
      <dst id="4">58182.3822</dst>
      <dst id="1">2166.2933</dst>
      <dst id="5">921.2000</dst>
      <dst id="3">96.4178</dst>
      <dst id="22">4040.9600</dst>
      <dst id="7">755.5911</dst>
      <dst id="2">3640.3822</dst>
      <dst id="6">3.4400</dst>
      <dst id="16">201.3956</dst>
      <dst id="14">64.4711</dst>
      <dst id="20">172.7378</dst>
      <dst id="11">515.6800</dst>
      <dst id="9">371.7156</dst>
      <dst id="17">9774.5511</dst>
      <dst id="21">636.7556</dst>
      <dst id="15">71.4133</dst>
    </src>
    <src id="2">
      <dst id="12">51795.0311</dst>
      <dst id="13">508807.1111</dst>
      <dst id="19">25.9911</dst>
      <dst id="23">42.9867</dst>
      <dst id="8">470.0089</dst>
      <dst id="18">42128.6311</dst>
      <dst id="4">59030.2489</dst>
      <dst id="1">7674.2044</dst>
      <dst id="5">1892.1600</dst>
      <dst id="3">31.1289</dst>
      <dst id="22">417.9556</dst>
      <dst id="7">2501.9022</dst>
      <dst id="2">1075.7956</dst>
      <dst id="6">6996.4622</dst>
      <dst id="16">8322.8622</dst>
      <dst id="14">5583.4222</dst>
      <dst id="20">352.9600</dst>
      <dst id="11">760.2667</dst>
      <dst id="9">723.1644</dst>
      <dst id="17">49145.7600</dst>
      <dst id="21">5803.8578</dst>
      <dst id="15">185.5556</dst>
    </src>
    <src id="6">
      <dst id="12">7830.7111</dst>
      <dst id="13">2.7467</dst>
      <dst id="19">0.3556</dst>
      <dst id="23">1.6356</dst>
      <dst id="18">0.3556</dst>
      <dst id="4">1131.0667</dst>
      <dst id="5">1.1911</dst>
      <dst id="22">2.0089</dst>
      <dst id="7">2.7733</dst>
      <dst id="2">1630.4533</dst>
      <dst id="16">0.5244</dst>
      <dst id="11">0.5511</dst>
      <dst id="9">0.3289</dst>
      <dst id="17">1012.3467</dst>
      <dst id="21">0.5156</dst>
    </src>
    <src id="16">
      <dst id="12">1968.4000</dst>
      <dst id="13">163.0133</dst>
      <dst id="19">3907.8311</dst>
      <dst id="23">2.9956</dst>
      <dst id="8">701.6356</dst>
      <dst id="18">2.7644</dst>
      <dst id="4">3142.2578</dst>
      <dst id="1">22850.7378</dst>
      <dst id="5">736.0444</dst>
      <dst id="3">1.4756</dst>
      <dst id="7">1767.0844</dst>
      <dst id="2">721.6000</dst>
      <dst id="16">17.9200</dst>
      <dst id="11">177.0667</dst>
      <dst id="9">1171.9556</dst>
      <dst id="17">1734.1333</dst>
      <dst id="21">2937.8756</dst>
    </src>
    <src id="14">
      <dst id="12">14497.3156</dst>
      <dst id="13">18.1956</dst>
      <dst id="19">5.5200</dst>
      <dst id="23">0.5867</dst>
      <dst id="18">0.5333</dst>
      <dst id="4">1417.0489</dst>
      <dst id="1">48.1867</dst>
      <dst id="5">0.8889</dst>
      <dst id="3">80.9956</dst>
      <dst id="22">6.0978</dst>
      <dst id="7">97.0222</dst>
      <dst id="2">3819.4756</dst>
      <dst id="20">0.3911</dst>
      <dst id="11">35.9378</dst>
      <dst id="9">3.9289</dst>
      <dst id="17">4996.8356</dst>
      <dst id="21">55.4667</dst>
    </src>
    <src id="20">
      <dst id="12">6473.9822</dst>
      <dst id="13">4248.8711</dst>
      <dst id="19">2.4000</dst>
      <dst id="23">0.4622</dst>
      <dst id="8">191.8311</dst>
      <dst id="18">43.6800</dst>
      <dst id="4">13427.4400</dst>
      <dst id="1">34.0533</dst>
      <dst id="5">278.1511</dst>
      <dst id="3">101.6444</dst>
      <dst id="7">86.1067</dst>
      <dst id="2">439.6978</dst>
      <dst id="6">25.6000</dst>
      <dst id="14">0.7111</dst>
      <dst id="11">839.4133</dst>
      <dst id="9">168.0356</dst>
      <dst id="17">236.0356</dst>
      <dst id="21">105.6533</dst>
    </src>
    <src id="11">
      <dst id="12">362913.7156</dst>
      <dst id="13">2017.3956</dst>
      <dst id="19">70.7911</dst>
      <dst id="23">0.4622</dst>
      <dst id="8">421.5022</dst>
      <dst id="18">59.0400</dst>
      <dst id="4">10738.6222</dst>
      <dst id="1">367.9022</dst>
      <dst id="5">566.6133</dst>
      <dst id="3">319.3778</dst>
      <dst id="22">2550.9333</dst>
      <dst id="7">284.1956</dst>
      <dst id="2">116898.5867</dst>
      <dst id="6">35.8222</dst>
      <dst id="16">8.5156</dst>
      <dst id="14">33.9822</dst>
      <dst id="20">185.7956</dst>
      <dst id="11">542.8356</dst>
      <dst id="9">1287.0222</dst>
      <dst id="17">137653.5467</dst>
      <dst id="21">412.0444</dst>
      <dst id="15">79.0667</dst>
    </src>
    <src id="9">
      <dst id="12">355272.8978</dst>
      <dst id="13">2260.8089</dst>
      <dst id="19">288.0000</dst>
      <dst id="23">17.2800</dst>
      <dst id="8">232.4089</dst>
      <dst id="18">236.6578</dst>
      <dst id="4">14408.6756</dst>
      <dst id="1">634.1956</dst>
      <dst id="5">3137.1111</dst>
      <dst id="22">5125.2267</dst>
      <dst id="7">68.5156</dst>
      <dst id="2">117709.8844</dst>
      <dst id="16">2487.8667</dst>
      <dst id="20">422.6578</dst>
      <dst id="11">596.1422</dst>
      <dst id="9">599.6533</dst>
      <dst id="17">159001.9111</dst>
      <dst id="21">206.2756</dst>
      <dst id="15">648.5600</dst>
    </src>
    <src id="17">
      <dst id="12">2341.9378</dst>
      <dst id="13">19562.8889</dst>
      <dst id="19">222.9956</dst>
      <dst id="23">2766.0089</dst>
      <dst id="8">93859.9467</dst>
      <dst id="18">144.2044</dst>
      <dst id="4">41461.3600</dst>
      <dst id="1">2203.8933</dst>
      <dst id="5">122170.2311</dst>
      <dst id="3">4497.3867</dst>
      <dst id="22">8862.8356</dst>
      <dst id="7">3839.3689</dst>
      <dst id="2">13513.6356</dst>
      <dst id="6">25.8667</dst>
      <dst id="16">4235.6800</dst>
      <dst id="14">10515.2444</dst>
      <dst id="20">140.6756</dst>
      <dst id="11">92450.6756</dst>
      <dst id="9">100232.9511</dst>
      <dst id="17">1581.5200</dst>
      <dst id="21">9026.6489</dst>
      <dst id="15">66.3467</dst>
    </src>
    <src id="21">
      <dst id="12">18346.4711</dst>
      <dst id="13">1921.7244</dst>
      <dst id="19">102.1511</dst>
      <dst id="23">4.2667</dst>
      <dst id="8">51.8222</dst>
      <dst id="18">2161.0578</dst>
      <dst id="4">19225.6089</dst>
      <dst id="1">1157.9022</dst>
      <dst id="5">490.0444</dst>
      <dst id="3">2352.2667</dst>
      <dst id="22">2225.0133</dst>
      <dst id="7">2509.2800</dst>
      <dst id="2">5748.1067</dst>
      <dst id="16">173.5467</dst>
      <dst id="14">76.6311</dst>
      <dst id="20">156.7022</dst>
      <dst id="11">405.2889</dst>
      <dst id="9">921.7600</dst>
      <dst id="17">3260.3289</dst>
      <dst id="21">1258.2400</dst>
      <dst id="15">3.4489</dst>
    </src>
    <src id="15">
      <dst id="12">695.5022</dst>
      <dst id="13">101.0756</dst>
      <dst id="8">69.6178</dst>
      <dst id="18">1.8489</dst>
      <dst id="4">3691.2178</dst>
      <dst id="1">472.0889</dst>
      <dst id="5">123.6622</dst>
      <dst id="3">8.7822</dst>
      <dst id="7">105.2978</dst>
      <dst id="2">369.0844</dst>
      <dst id="11">125.2711</dst>
      <dst id="9">1110.3289</dst>
      <dst id="17">3115.6089</dst>
      <dst id="21">14.2578</dst>
    </src>
  </IntraTM>
</TrafficMatrixFile>
