<?xml version="1.0" encoding="UTF-8" standalone="yes"?>
<TrafficMatrixFile xmlns:xsi="http://www.w3.org/2001/XMLSchema-instance" xsi:noNamespaceSchemaLocation="http://totem.run.montefiore.ulg.ac.be/Schema/TrafficMatrix-v1_2.xsd">
  <info>
    <title>Intradomain traffic matrix generated by geant-TM-all.pl</title>
    <date>2005-01-03T16:30:00</date>
    <duration>900</duration>
    <author>Steve Uhlig</author>
    <units>
        <unit type="bandwidth" value="kbps"/>
    </units>
  </info>
  <IntraTM ASID="20965">
    <src id="12">
      <dst id="12">192045.9822</dst>
      <dst id="13">15424.0178</dst>
      <dst id="19">3773.8044</dst>
      <dst id="23">7082.4622</dst>
      <dst id="8">992.6756</dst>
      <dst id="18">656.1156</dst>
      <dst id="4">68757.6711</dst>
      <dst id="1">6728.1867</dst>
      <dst id="5">1243.9911</dst>
      <dst id="3">1957.2889</dst>
      <dst id="22">3008.3022</dst>
      <dst id="7">1019.9556</dst>
      <dst id="2">59750.5867</dst>
      <dst id="6">2.7111</dst>
      <dst id="16">6636.3289</dst>
      <dst id="14">149.1200</dst>
      <dst id="20">65.0844</dst>
      <dst id="11">9947.9467</dst>
      <dst id="9">2220.2222</dst>
      <dst id="17">58563.0844</dst>
      <dst id="21">857.5289</dst>
      <dst id="15">509.0222</dst>
    </src>
    <src id="13">
      <dst id="12">31203.6356</dst>
      <dst id="19">3834.8978</dst>
      <dst id="23">25.1911</dst>
      <dst id="8">747.0133</dst>
      <dst id="18">939.8933</dst>
      <dst id="4">4.9600</dst>
      <dst id="1">1839.0933</dst>
      <dst id="5">5887.8578</dst>
      <dst id="3">5689.8844</dst>
      <dst id="22">11649.1289</dst>
      <dst id="7">8455.0489</dst>
      <dst id="2">70953.6800</dst>
      <dst id="6">89.5378</dst>
      <dst id="16">24344.3911</dst>
      <dst id="14">2939.4933</dst>
      <dst id="20">4793.7422</dst>
      <dst id="11">7141.0400</dst>
      <dst id="9">8965.8400</dst>
      <dst id="17">46268.8978</dst>
      <dst id="21">5596.9333</dst>
      <dst id="15">1320.8089</dst>
    </src>
    <src id="19">
      <dst id="12">21504.9333</dst>
      <dst id="13">41.4756</dst>
      <dst id="8">1.2800</dst>
      <dst id="4">18172.1600</dst>
      <dst id="1">219.4400</dst>
      <dst id="5">29.6178</dst>
      <dst id="3">27.3511</dst>
      <dst id="22">91.2444</dst>
      <dst id="7">7514.1244</dst>
      <dst id="2">36.5956</dst>
      <dst id="6">65.0667</dst>
      <dst id="16">12882.3111</dst>
      <dst id="14">2.0622</dst>
      <dst id="20">14.6933</dst>
      <dst id="11">3238.8000</dst>
      <dst id="9">5441.4578</dst>
      <dst id="17">1190.6400</dst>
      <dst id="21">18.1689</dst>
      <dst id="15">0.4533</dst>
    </src>
    <src id="23">
      <dst id="12">461.7689</dst>
      <dst id="13">48.5778</dst>
      <dst id="19">0.7467</dst>
      <dst id="8">93.7956</dst>
      <dst id="18">1.6000</dst>
      <dst id="4">23.0222</dst>
      <dst id="1">57.7156</dst>
      <dst id="5">12.6222</dst>
      <dst id="3">82.8533</dst>
      <dst id="22">182.1333</dst>
      <dst id="7">108.4533</dst>
      <dst id="2">17.3333</dst>
      <dst id="16">609.0756</dst>
      <dst id="14">1.7067</dst>
      <dst id="9">320.7111</dst>
      <dst id="17">77.0844</dst>
      <dst id="21">65.0489</dst>
    </src>
    <src id="8">
      <dst id="12">268201.7956</dst>
      <dst id="13">573.3422</dst>
      <dst id="23">0.3556</dst>
      <dst id="18">13.3333</dst>
      <dst id="4">3607.2267</dst>
      <dst id="1">22.7911</dst>
      <dst id="5">794.5244</dst>
      <dst id="3">213.6000</dst>
      <dst id="22">624.3378</dst>
      <dst id="7">63.0222</dst>
      <dst id="2">103467.1022</dst>
      <dst id="16">114.3022</dst>
      <dst id="20">604.5422</dst>
      <dst id="11">573.1200</dst>
      <dst id="9">385.8489</dst>
      <dst id="17">87187.8133</dst>
      <dst id="21">52.8711</dst>
      <dst id="15">22.4711</dst>
    </src>
    <src id="18">
      <dst id="12">91374.3556</dst>
      <dst id="13">69.5378</dst>
      <dst id="23">0.7467</dst>
      <dst id="8">6.6489</dst>
      <dst id="4">725.1911</dst>
      <dst id="1">665.9644</dst>
      <dst id="5">210.1600</dst>
      <dst id="3">1827.1467</dst>
      <dst id="22">104.8089</dst>
      <dst id="7">45.6267</dst>
      <dst id="2">30589.9911</dst>
      <dst id="16">185.2444</dst>
      <dst id="14">0.4178</dst>
      <dst id="20">1.4578</dst>
      <dst id="11">120.0444</dst>
      <dst id="9">97.5378</dst>
      <dst id="17">36903.7867</dst>
      <dst id="21">898.4622</dst>
      <dst id="15">0.3378</dst>
    </src>
    <src id="4">
      <dst id="12">10753.4489</dst>
      <dst id="19">15110.4622</dst>
      <dst id="8">1389.6444</dst>
      <dst id="18">1110.1600</dst>
      <dst id="1">22070.9956</dst>
      <dst id="5">1561.8044</dst>
      <dst id="3">56.3822</dst>
      <dst id="22">2313.3244</dst>
      <dst id="7">171676.0622</dst>
      <dst id="2">31713.2889</dst>
      <dst id="16">2011.6356</dst>
      <dst id="14">789.6889</dst>
      <dst id="20">976.4978</dst>
      <dst id="11">1936.0622</dst>
      <dst id="9">3455.6711</dst>
      <dst id="17">121032.4000</dst>
      <dst id="21">2751.3689</dst>
      <dst id="15">2311.1733</dst>
    </src>
    <src id="1">
      <dst id="12">17865.8222</dst>
      <dst id="13">498.1867</dst>
      <dst id="19">11.2800</dst>
      <dst id="23">71.4756</dst>
      <dst id="8">83494.0711</dst>
      <dst id="18">12258.3733</dst>
      <dst id="4">5036.4889</dst>
      <dst id="1">98200.7733</dst>
      <dst id="5">132876.9244</dst>
      <dst id="3">101.4222</dst>
      <dst id="22">2280.7378</dst>
      <dst id="7">5864.4978</dst>
      <dst id="2">1685.1467</dst>
      <dst id="6">6635.7778</dst>
      <dst id="16">18021.3422</dst>
      <dst id="14">30.9511</dst>
      <dst id="20">72.8356</dst>
      <dst id="11">219.1822</dst>
      <dst id="9">154337.0489</dst>
      <dst id="17">3264.7911</dst>
      <dst id="21">3020.3822</dst>
      <dst id="15">109.1378</dst>
    </src>
    <src id="5">
      <dst id="12">244127.5822</dst>
      <dst id="13">535.4400</dst>
      <dst id="19">94.4356</dst>
      <dst id="8">3040.8889</dst>
      <dst id="18">147.7333</dst>
      <dst id="4">4570.2844</dst>
      <dst id="1">195.4311</dst>
      <dst id="22">931.5556</dst>
      <dst id="7">929.6089</dst>
      <dst id="2">86778.3289</dst>
      <dst id="16">283.8756</dst>
      <dst id="14">1.1733</dst>
      <dst id="20">1739.2800</dst>
      <dst id="11">1093.2978</dst>
      <dst id="9">492.9600</dst>
      <dst id="17">86720.5600</dst>
      <dst id="21">213.3956</dst>
      <dst id="15">9007.3422</dst>
    </src>
    <src id="3">
      <dst id="12">5665.6978</dst>
      <dst id="13">2748.5689</dst>
      <dst id="19">796.1067</dst>
      <dst id="23">1430.4089</dst>
      <dst id="8">6.5156</dst>
      <dst id="18">46221.0667</dst>
      <dst id="4">15844.4800</dst>
      <dst id="1">21956.2222</dst>
      <dst id="5">250.0178</dst>
      <dst id="3">8696.0711</dst>
      <dst id="22">338.4089</dst>
      <dst id="7">679.2267</dst>
      <dst id="2">3486.5600</dst>
      <dst id="6">14.7200</dst>
      <dst id="16">760.9778</dst>
      <dst id="14">22867.5911</dst>
      <dst id="20">8.8978</dst>
      <dst id="11">91925.6267</dst>
      <dst id="9">155.3156</dst>
      <dst id="17">3801.5467</dst>
      <dst id="21">3518.5511</dst>
      <dst id="15">24.1689</dst>
    </src>
    <src id="10">
      <dst id="12">11875.0844</dst>
      <dst id="19">405.2000</dst>
      <dst id="8">787.5733</dst>
      <dst id="18">276.5511</dst>
      <dst id="1">1805.6622</dst>
      <dst id="5">362.5689</dst>
      <dst id="3">11868.9244</dst>
      <dst id="22">6556.0089</dst>
      <dst id="7">60030.3467</dst>
      <dst id="2">29386.5422</dst>
      <dst id="16">6981.5111</dst>
      <dst id="14">391.3778</dst>
      <dst id="20">1297.2978</dst>
      <dst id="11">5461.4400</dst>
      <dst id="9">2772.8267</dst>
      <dst id="17">19068.9511</dst>
      <dst id="21">15894.9689</dst>
      <dst id="15">89.8667</dst>
    </src>
    <src id="22">
      <dst id="12">2186.3822</dst>
      <dst id="13">1787.6356</dst>
      <dst id="19">91.4311</dst>
      <dst id="23">10.7556</dst>
      <dst id="8">809.1022</dst>
      <dst id="18">528.4000</dst>
      <dst id="4">16058.2222</dst>
      <dst id="1">163.9022</dst>
      <dst id="5">2630.0978</dst>
      <dst id="3">259.1467</dst>
      <dst id="7">521.8667</dst>
      <dst id="2">6906.8267</dst>
      <dst id="6">64.2667</dst>
      <dst id="16">0.7111</dst>
      <dst id="14">2.5067</dst>
      <dst id="11">1015.4578</dst>
      <dst id="9">2833.6622</dst>
      <dst id="17">7030.8889</dst>
      <dst id="21">843.4756</dst>
    </src>
    <src id="7">
      <dst id="12">3141.1733</dst>
      <dst id="13">76.8000</dst>
      <dst id="19">408.1067</dst>
      <dst id="23">63.1822</dst>
      <dst id="8">77.4044</dst>
      <dst id="18">266.3378</dst>
      <dst id="4">17180.4444</dst>
      <dst id="1">3407.6267</dst>
      <dst id="5">543.5289</dst>
      <dst id="3">1414.8444</dst>
      <dst id="22">3036.2489</dst>
      <dst id="7">606.0444</dst>
      <dst id="2">2706.9244</dst>
      <dst id="6">57.0933</dst>
      <dst id="16">239.0933</dst>
      <dst id="14">55.3600</dst>
      <dst id="20">157.8311</dst>
      <dst id="11">978.5867</dst>
      <dst id="9">365.8489</dst>
      <dst id="17">4263.2533</dst>
      <dst id="21">1392.1778</dst>
      <dst id="15">146.3556</dst>
    </src>
    <src id="2">
      <dst id="12">66916.2667</dst>
      <dst id="13">517949.2444</dst>
      <dst id="19">559.1111</dst>
      <dst id="8">500.1511</dst>
      <dst id="18">40726.8267</dst>
      <dst id="4">53422.9333</dst>
      <dst id="1">7326.5422</dst>
      <dst id="5">1782.0089</dst>
      <dst id="3">68.6044</dst>
      <dst id="22">672.2489</dst>
      <dst id="7">2316.6667</dst>
      <dst id="2">378.6578</dst>
      <dst id="6">7764.7200</dst>
      <dst id="16">7250.2489</dst>
      <dst id="14">5544.8089</dst>
      <dst id="20">4527.4311</dst>
      <dst id="11">633.9022</dst>
      <dst id="9">700.4978</dst>
      <dst id="17">38304.0444</dst>
      <dst id="21">9082.2933</dst>
      <dst id="15">41.0933</dst>
    </src>
    <src id="6">
      <dst id="12">8226.6756</dst>
      <dst id="13">1.7333</dst>
      <dst id="19">4.6756</dst>
      <dst id="4">703.5733</dst>
      <dst id="1">0.7111</dst>
      <dst id="5">10.8444</dst>
      <dst id="22">37.6178</dst>
      <dst id="7">13.7600</dst>
      <dst id="2">1832.2044</dst>
      <dst id="16">0.5156</dst>
      <dst id="11">44.3467</dst>
      <dst id="9">23.8222</dst>
      <dst id="17">1316.7200</dst>
      <dst id="21">0.9333</dst>
    </src>
    <src id="16">
      <dst id="12">2755.4133</dst>
      <dst id="13">91.9111</dst>
      <dst id="19">4519.8400</dst>
      <dst id="23">16.7289</dst>
      <dst id="8">1565.1289</dst>
      <dst id="18">7.2000</dst>
      <dst id="4">4052.1689</dst>
      <dst id="1">22510.6044</dst>
      <dst id="5">3335.2000</dst>
      <dst id="3">96.1956</dst>
      <dst id="7">2351.4400</dst>
      <dst id="2">389.6444</dst>
      <dst id="16">26.3200</dst>
      <dst id="11">130.9333</dst>
      <dst id="9">4749.7244</dst>
      <dst id="17">1003.0311</dst>
      <dst id="21">2175.1022</dst>
    </src>
    <src id="14">
      <dst id="12">13888.5511</dst>
      <dst id="13">36.5956</dst>
      <dst id="19">6.6400</dst>
      <dst id="23">1.3778</dst>
      <dst id="4">1497.3333</dst>
      <dst id="1">67.1022</dst>
      <dst id="5">14.3911</dst>
      <dst id="3">98.4000</dst>
      <dst id="22">104.5867</dst>
      <dst id="7">80.3911</dst>
      <dst id="2">3678.7200</dst>
      <dst id="6">1.7244</dst>
      <dst id="20">14.0178</dst>
      <dst id="11">38.5778</dst>
      <dst id="9">20.1156</dst>
      <dst id="17">5726.0178</dst>
      <dst id="21">130.9689</dst>
    </src>
    <src id="20">
      <dst id="12">581.2178</dst>
      <dst id="13">871.3067</dst>
      <dst id="19">5.3422</dst>
      <dst id="8">250.5156</dst>
      <dst id="4">14132.3111</dst>
      <dst id="1">83.0133</dst>
      <dst id="5">325.3067</dst>
      <dst id="3">47.5822</dst>
      <dst id="7">149.0489</dst>
      <dst id="2">2364.0711</dst>
      <dst id="14">1.1733</dst>
      <dst id="11">50.4444</dst>
      <dst id="9">301.6444</dst>
      <dst id="17">376.7289</dst>
      <dst id="21">106.8622</dst>
    </src>
    <src id="11">
      <dst id="12">313122.9867</dst>
      <dst id="13">1561.4844</dst>
      <dst id="19">4.9511</dst>
      <dst id="23">4.3289</dst>
      <dst id="8">658.3289</dst>
      <dst id="18">627.8489</dst>
      <dst id="4">6547.2800</dst>
      <dst id="1">309.9467</dst>
      <dst id="5">800.8889</dst>
      <dst id="3">267.5556</dst>
      <dst id="22">1103.8044</dst>
      <dst id="7">167.4133</dst>
      <dst id="2">108466.1689</dst>
      <dst id="6">2.7644</dst>
      <dst id="16">217.7156</dst>
      <dst id="14">48.0622</dst>
      <dst id="20">96.2756</dst>
      <dst id="11">624.8444</dst>
      <dst id="9">576.4800</dst>
      <dst id="17">106450.0622</dst>
      <dst id="21">668.9778</dst>
      <dst id="15">91.6267</dst>
    </src>
    <src id="9">
      <dst id="12">352704.5333</dst>
      <dst id="13">2778.6222</dst>
      <dst id="19">94.0000</dst>
      <dst id="23">15.9289</dst>
      <dst id="8">170.8444</dst>
      <dst id="18">86.3911</dst>
      <dst id="4">13280.8356</dst>
      <dst id="1">1213.3422</dst>
      <dst id="5">9164.7911</dst>
      <dst id="3">143.2089</dst>
      <dst id="22">10633.2444</dst>
      <dst id="7">327.1022</dst>
      <dst id="2">118379.6444</dst>
      <dst id="6">0.3289</dst>
      <dst id="16">342.9333</dst>
      <dst id="14">13.8933</dst>
      <dst id="20">213.1378</dst>
      <dst id="11">715.1111</dst>
      <dst id="9">11891.5733</dst>
      <dst id="17">164690.1956</dst>
      <dst id="21">323.8578</dst>
      <dst id="15">217.0756</dst>
    </src>
    <src id="17">
      <dst id="12">1878.0800</dst>
      <dst id="13">2114.5067</dst>
      <dst id="19">82.4000</dst>
      <dst id="23">3.6978</dst>
      <dst id="8">95847.3067</dst>
      <dst id="18">80.8356</dst>
      <dst id="4">38213.9378</dst>
      <dst id="1">2270.3733</dst>
      <dst id="5">133738.0711</dst>
      <dst id="3">13052.2044</dst>
      <dst id="22">3721.7156</dst>
      <dst id="7">495.2356</dst>
      <dst id="2">17774.0622</dst>
      <dst id="6">19.3067</dst>
      <dst id="16">2937.0667</dst>
      <dst id="14">13499.7956</dst>
      <dst id="20">238.9511</dst>
      <dst id="11">70458.8889</dst>
      <dst id="9">115419.3689</dst>
      <dst id="17">1452.3289</dst>
      <dst id="21">4086.7378</dst>
      <dst id="15">53.6178</dst>
    </src>
    <src id="21">
      <dst id="12">17669.8044</dst>
      <dst id="13">676.2489</dst>
      <dst id="19">88.8267</dst>
      <dst id="23">0.4622</dst>
      <dst id="8">257.7867</dst>
      <dst id="18">1285.9733</dst>
      <dst id="4">14550.5600</dst>
      <dst id="1">997.8489</dst>
      <dst id="5">598.9511</dst>
      <dst id="3">1817.1644</dst>
      <dst id="22">896.8178</dst>
      <dst id="7">1693.1200</dst>
      <dst id="2">8557.7956</dst>
      <dst id="6">0.5156</dst>
      <dst id="16">196.3822</dst>
      <dst id="14">43.0933</dst>
      <dst id="20">134.4356</dst>
      <dst id="11">544.9511</dst>
      <dst id="9">473.2089</dst>
      <dst id="17">2516.9244</dst>
      <dst id="21">905.5467</dst>
      <dst id="15">16.8178</dst>
    </src>
    <src id="15">
      <dst id="12">243.8222</dst>
      <dst id="13">42.1689</dst>
      <dst id="19">10.8089</dst>
      <dst id="8">19.4133</dst>
      <dst id="18">3.4400</dst>
      <dst id="4">4034.9156</dst>
      <dst id="1">699.9022</dst>
      <dst id="5">173.5378</dst>
      <dst id="3">16.5956</dst>
      <dst id="7">48.2311</dst>
      <dst id="2">64.2133</dst>
      <dst id="11">101.9467</dst>
      <dst id="9">98.1600</dst>
      <dst id="17">383.8400</dst>
      <dst id="21">83.5911</dst>
    </src>
  </IntraTM>
</TrafficMatrixFile>
