<?xml version="1.0" encoding="UTF-8" standalone="yes"?>
<TrafficMatrixFile xmlns:xsi="http://www.w3.org/2001/XMLSchema-instance" xsi:noNamespaceSchemaLocation="http://totem.run.montefiore.ulg.ac.be/Schema/TrafficMatrix-v1_2.xsd">
  <info>
    <title>Intradomain traffic matrix generated by geant-TM-all.pl</title>
    <date>2005-01-04T03:15:00</date>
    <duration>900</duration>
    <author>Steve Uhlig</author>
    <units>
        <unit type="bandwidth" value="kbps"/>
    </units>
  </info>
  <IntraTM ASID="20965">
    <src id="12">
      <dst id="12">251631.8311</dst>
      <dst id="13">18887.8667</dst>
      <dst id="19">2632.4978</dst>
      <dst id="23">1970.0356</dst>
      <dst id="8">2576.0178</dst>
      <dst id="18">1894.3289</dst>
      <dst id="4">80672.4000</dst>
      <dst id="1">10668.4800</dst>
      <dst id="5">4367.0222</dst>
      <dst id="3">5068.8533</dst>
      <dst id="22">12398.4622</dst>
      <dst id="7">2023.4311</dst>
      <dst id="2">90060.4978</dst>
      <dst id="6">88.2933</dst>
      <dst id="16">6863.9289</dst>
      <dst id="14">287.7956</dst>
      <dst id="20">15933.8489</dst>
      <dst id="11">4698.1600</dst>
      <dst id="9">5110.4889</dst>
      <dst id="17">62982.3733</dst>
      <dst id="21">12520.1600</dst>
      <dst id="15">4199.7600</dst>
    </src>
    <src id="13">
      <dst id="12">51349.6356</dst>
      <dst id="19">6528.5867</dst>
      <dst id="23">104.6578</dst>
      <dst id="8">5123.7867</dst>
      <dst id="18">2089.3067</dst>
      <dst id="4">0.3556</dst>
      <dst id="1">6214.6222</dst>
      <dst id="5">10834.3022</dst>
      <dst id="3">6856.5422</dst>
      <dst id="22">21142.5867</dst>
      <dst id="7">7658.8889</dst>
      <dst id="2">115202.0267</dst>
      <dst id="6">485.3156</dst>
      <dst id="16">8279.8133</dst>
      <dst id="14">1635.8311</dst>
      <dst id="20">7318.0800</dst>
      <dst id="11">18810.5778</dst>
      <dst id="9">8827.7333</dst>
      <dst id="17">51577.7956</dst>
      <dst id="21">18084.9956</dst>
      <dst id="15">6023.9289</dst>
    </src>
    <src id="19">
      <dst id="12">15741.7867</dst>
      <dst id="13">2167.5556</dst>
      <dst id="23">87.1467</dst>
      <dst id="8">840.6844</dst>
      <dst id="18">0.8178</dst>
      <dst id="4">21131.6889</dst>
      <dst id="1">5624.7556</dst>
      <dst id="5">15.9289</dst>
      <dst id="3">0.7644</dst>
      <dst id="22">297.2622</dst>
      <dst id="7">4155.2622</dst>
      <dst id="2">1023.2178</dst>
      <dst id="6">113.9556</dst>
      <dst id="16">7803.8222</dst>
      <dst id="14">0.4978</dst>
      <dst id="20">27.9822</dst>
      <dst id="11">15.8667</dst>
      <dst id="9">290.1867</dst>
      <dst id="17">4541.7689</dst>
      <dst id="21">208.2667</dst>
      <dst id="15">214.4444</dst>
    </src>
    <src id="23">
      <dst id="12">233.3956</dst>
      <dst id="13">112.8800</dst>
      <dst id="19">4.9511</dst>
      <dst id="8">26.6667</dst>
      <dst id="18">1173.7689</dst>
      <dst id="4">12.6222</dst>
      <dst id="1">65.7067</dst>
      <dst id="5">58.5600</dst>
      <dst id="3">186.4178</dst>
      <dst id="22">370.5156</dst>
      <dst id="7">154.1244</dst>
      <dst id="2">30.6933</dst>
      <dst id="16">352.6578</dst>
      <dst id="14">3.3956</dst>
      <dst id="20">0.5156</dst>
      <dst id="11">13.7956</dst>
      <dst id="9">1040.9956</dst>
      <dst id="17">105.6889</dst>
      <dst id="21">219.7689</dst>
    </src>
    <src id="8">
      <dst id="12">316580.9067</dst>
      <dst id="13">757.5289</dst>
      <dst id="19">20.9422</dst>
      <dst id="18">23.0667</dst>
      <dst id="4">4622.7022</dst>
      <dst id="1">271.0933</dst>
      <dst id="5">1373.1822</dst>
      <dst id="3">25.2444</dst>
      <dst id="22">690.4711</dst>
      <dst id="7">247.2089</dst>
      <dst id="2">131372.3022</dst>
      <dst id="6">0.3556</dst>
      <dst id="16">878.5600</dst>
      <dst id="14">0.3556</dst>
      <dst id="20">57.8400</dst>
      <dst id="11">2076.4889</dst>
      <dst id="9">410.5778</dst>
      <dst id="17">120839.0489</dst>
      <dst id="21">40.8089</dst>
      <dst id="15">215.0044</dst>
    </src>
    <src id="18">
      <dst id="12">106465.4756</dst>
      <dst id="13">79.2089</dst>
      <dst id="19">50.8800</dst>
      <dst id="23">27.6356</dst>
      <dst id="8">1134.7733</dst>
      <dst id="4">1257.2889</dst>
      <dst id="1">1293.3600</dst>
      <dst id="5">106.0978</dst>
      <dst id="3">12.9333</dst>
      <dst id="22">345.6533</dst>
      <dst id="7">28.5333</dst>
      <dst id="2">32012.7467</dst>
      <dst id="16">179.3778</dst>
      <dst id="14">124.9067</dst>
      <dst id="20">17.1467</dst>
      <dst id="11">65.2711</dst>
      <dst id="9">85.3156</dst>
      <dst id="17">39497.8667</dst>
      <dst id="21">470.4711</dst>
      <dst id="15">81.2089</dst>
    </src>
    <src id="4">
      <dst id="12">14151.6089</dst>
      <dst id="19">14858.3822</dst>
      <dst id="23">0.4622</dst>
      <dst id="8">737.1467</dst>
      <dst id="18">1708.6667</dst>
      <dst id="4">2.2222</dst>
      <dst id="1">28893.8044</dst>
      <dst id="5">5234.8889</dst>
      <dst id="3">309.4489</dst>
      <dst id="22">4998.8711</dst>
      <dst id="7">100312.0533</dst>
      <dst id="2">73337.4844</dst>
      <dst id="6">1.4844</dst>
      <dst id="16">1203.8578</dst>
      <dst id="14">2610.7111</dst>
      <dst id="20">574.4000</dst>
      <dst id="11">8776.4000</dst>
      <dst id="9">2453.0311</dst>
      <dst id="17">43942.9067</dst>
      <dst id="21">3260.4622</dst>
      <dst id="15">1053.0844</dst>
    </src>
    <src id="1">
      <dst id="12">14745.6178</dst>
      <dst id="13">2390.6222</dst>
      <dst id="19">177.0756</dst>
      <dst id="23">1722.0800</dst>
      <dst id="8">123427.7867</dst>
      <dst id="18">14155.3333</dst>
      <dst id="4">5183.8044</dst>
      <dst id="1">14507.7422</dst>
      <dst id="5">207372.2756</dst>
      <dst id="3">124.1244</dst>
      <dst id="22">9593.9822</dst>
      <dst id="7">3757.1733</dst>
      <dst id="2">1704.3289</dst>
      <dst id="6">10715.6178</dst>
      <dst id="16">10793.6178</dst>
      <dst id="14">50.2844</dst>
      <dst id="20">74.4089</dst>
      <dst id="11">166.4800</dst>
      <dst id="9">193536.4889</dst>
      <dst id="17">1898.5867</dst>
      <dst id="21">1938.0978</dst>
      <dst id="15">141.7511</dst>
    </src>
    <src id="5">
      <dst id="12">322409.3244</dst>
      <dst id="13">3212.6578</dst>
      <dst id="19">116.0978</dst>
      <dst id="23">2.0089</dst>
      <dst id="8">20566.1333</dst>
      <dst id="18">160.3022</dst>
      <dst id="4">10111.9911</dst>
      <dst id="1">218.1867</dst>
      <dst id="3">40.4178</dst>
      <dst id="22">6738.4622</dst>
      <dst id="7">115.2889</dst>
      <dst id="2">143989.6089</dst>
      <dst id="6">7.6356</dst>
      <dst id="16">1077.6711</dst>
      <dst id="14">15.8489</dst>
      <dst id="20">8096.6222</dst>
      <dst id="11">967.6622</dst>
      <dst id="9">836.5689</dst>
      <dst id="17">122094.4533</dst>
      <dst id="21">201.1556</dst>
      <dst id="15">136.6133</dst>
    </src>
    <src id="3">
      <dst id="12">13035.9556</dst>
      <dst id="13">5180.1689</dst>
      <dst id="19">1889.1289</dst>
      <dst id="23">8330.8622</dst>
      <dst id="8">101.5111</dst>
      <dst id="18">69273.8400</dst>
      <dst id="4">19254.1244</dst>
      <dst id="1">5468.7556</dst>
      <dst id="5">430.2933</dst>
      <dst id="3">11186.6667</dst>
      <dst id="22">996.8889</dst>
      <dst id="7">1225.6267</dst>
      <dst id="2">6486.6311</dst>
      <dst id="6">1.9733</dst>
      <dst id="16">1603.6267</dst>
      <dst id="14">31351.1200</dst>
      <dst id="20">473.9822</dst>
      <dst id="11">162776.2667</dst>
      <dst id="9">768.7822</dst>
      <dst id="17">15819.2267</dst>
      <dst id="21">14004.0000</dst>
      <dst id="15">87.1556</dst>
    </src>
    <src id="10">
      <dst id="12">18261.2889</dst>
      <dst id="19">2893.5467</dst>
      <dst id="8">400.8889</dst>
      <dst id="18">1521.6978</dst>
      <dst id="1">1978.8089</dst>
      <dst id="5">921.7333</dst>
      <dst id="3">2734.1867</dst>
      <dst id="22">12177.4489</dst>
      <dst id="7">3259.4578</dst>
      <dst id="2">22196.6044</dst>
      <dst id="6">40.4978</dst>
      <dst id="16">8435.3689</dst>
      <dst id="14">1042.4267</dst>
      <dst id="20">1619.6267</dst>
      <dst id="11">4602.0000</dst>
      <dst id="9">1843.0667</dst>
      <dst id="17">10018.3200</dst>
      <dst id="21">7804.9867</dst>
      <dst id="15">709.2178</dst>
    </src>
    <src id="22">
      <dst id="12">7712.1600</dst>
      <dst id="13">3074.4978</dst>
      <dst id="19">263.1200</dst>
      <dst id="23">45.3867</dst>
      <dst id="8">824.8178</dst>
      <dst id="18">1523.8311</dst>
      <dst id="4">14819.9378</dst>
      <dst id="1">314.8356</dst>
      <dst id="5">2171.8311</dst>
      <dst id="3">886.9422</dst>
      <dst id="7">1525.1822</dst>
      <dst id="2">6948.8444</dst>
      <dst id="6">3.7156</dst>
      <dst id="16">39.1644</dst>
      <dst id="14">223.3867</dst>
      <dst id="11">5756.2400</dst>
      <dst id="9">8859.6533</dst>
      <dst id="17">5945.7689</dst>
      <dst id="21">438.8089</dst>
    </src>
    <src id="7">
      <dst id="12">8263.7422</dst>
      <dst id="13">181.9022</dst>
      <dst id="19">1769.3511</dst>
      <dst id="23">147.1200</dst>
      <dst id="8">313.8044</dst>
      <dst id="18">105.7156</dst>
      <dst id="4">27321.1644</dst>
      <dst id="1">6888.7111</dst>
      <dst id="5">1093.0044</dst>
      <dst id="3">768.6578</dst>
      <dst id="22">2950.9956</dst>
      <dst id="7">804.1956</dst>
      <dst id="2">9630.2756</dst>
      <dst id="6">16.1689</dst>
      <dst id="16">1571.4222</dst>
      <dst id="14">155.6356</dst>
      <dst id="20">420.0089</dst>
      <dst id="11">1329.2089</dst>
      <dst id="9">984.0267</dst>
      <dst id="17">15080.4978</dst>
      <dst id="21">2850.6756</dst>
      <dst id="15">259.6800</dst>
    </src>
    <src id="2">
      <dst id="12">104132.2133</dst>
      <dst id="13">516020.8800</dst>
      <dst id="19">129.2267</dst>
      <dst id="8">947.5644</dst>
      <dst id="18">64380.4000</dst>
      <dst id="4">89155.3511</dst>
      <dst id="1">6765.5467</dst>
      <dst id="5">4291.6267</dst>
      <dst id="3">150.6400</dst>
      <dst id="22">2863.8667</dst>
      <dst id="7">19111.8933</dst>
      <dst id="2">833.0667</dst>
      <dst id="6">8498.1511</dst>
      <dst id="16">2819.8222</dst>
      <dst id="14">554.2222</dst>
      <dst id="20">283.3600</dst>
      <dst id="11">3964.6044</dst>
      <dst id="9">800.1244</dst>
      <dst id="17">23210.8622</dst>
      <dst id="21">2268.4889</dst>
      <dst id="15">6.6044</dst>
    </src>
    <src id="6">
      <dst id="12">11700.4800</dst>
      <dst id="13">5.9111</dst>
      <dst id="19">2.6044</dst>
      <dst id="4">1108.7022</dst>
      <dst id="1">0.8533</dst>
      <dst id="5">1.6178</dst>
      <dst id="22">0.8178</dst>
      <dst id="7">26.1422</dst>
      <dst id="2">3276.5422</dst>
      <dst id="16">0.3556</dst>
      <dst id="11">0.3556</dst>
      <dst id="9">1.0578</dst>
      <dst id="17">1697.5467</dst>
      <dst id="21">15.8667</dst>
    </src>
    <src id="16">
      <dst id="12">8034.4622</dst>
      <dst id="13">501.8844</dst>
      <dst id="19">4104.2844</dst>
      <dst id="23">35.5911</dst>
      <dst id="8">4790.2133</dst>
      <dst id="18">35.7511</dst>
      <dst id="4">3637.3422</dst>
      <dst id="1">20262.1689</dst>
      <dst id="5">3807.5733</dst>
      <dst id="3">3.4578</dst>
      <dst id="7">573.2000</dst>
      <dst id="2">856.0978</dst>
      <dst id="6">0.4178</dst>
      <dst id="16">65.2711</dst>
      <dst id="14">3.5556</dst>
      <dst id="11">582.9067</dst>
      <dst id="9">10233.8400</dst>
      <dst id="17">2447.1022</dst>
      <dst id="21">2255.7333</dst>
    </src>
    <src id="14">
      <dst id="12">16762.0089</dst>
      <dst id="13">10.0978</dst>
      <dst id="19">10.9333</dst>
      <dst id="23">203.7600</dst>
      <dst id="8">0.3556</dst>
      <dst id="4">2023.7333</dst>
      <dst id="1">49.0844</dst>
      <dst id="5">30.7467</dst>
      <dst id="3">4168.9956</dst>
      <dst id="22">6.7378</dst>
      <dst id="7">105.0400</dst>
      <dst id="2">5645.4578</dst>
      <dst id="16">26.2933</dst>
      <dst id="20">2.7289</dst>
      <dst id="11">47.8844</dst>
      <dst id="9">20.8800</dst>
      <dst id="17">9310.9778</dst>
      <dst id="21">85.0578</dst>
    </src>
    <src id="20">
      <dst id="12">15498.9244</dst>
      <dst id="13">764.7289</dst>
      <dst id="19">5.8044</dst>
      <dst id="23">1.0844</dst>
      <dst id="8">71.5378</dst>
      <dst id="18">121.2178</dst>
      <dst id="4">8123.4756</dst>
      <dst id="1">86.7467</dst>
      <dst id="5">1242.1778</dst>
      <dst id="3">272.4533</dst>
      <dst id="7">1585.7689</dst>
      <dst id="2">1313.4667</dst>
      <dst id="14">6.6667</dst>
      <dst id="11">31.5556</dst>
      <dst id="9">5088.9600</dst>
      <dst id="17">12586.5956</dst>
      <dst id="21">6521.4756</dst>
    </src>
    <src id="11">
      <dst id="12">429965.1467</dst>
      <dst id="13">3609.0844</dst>
      <dst id="19">21.9378</dst>
      <dst id="23">0.9244</dst>
      <dst id="8">561.8756</dst>
      <dst id="18">481.0222</dst>
      <dst id="4">7813.4133</dst>
      <dst id="1">418.8622</dst>
      <dst id="5">1947.3156</dst>
      <dst id="3">391.8133</dst>
      <dst id="22">5026.5067</dst>
      <dst id="7">649.1111</dst>
      <dst id="2">164098.6756</dst>
      <dst id="6">2.4800</dst>
      <dst id="16">418.0089</dst>
      <dst id="14">64.0622</dst>
      <dst id="20">236.5600</dst>
      <dst id="11">5626.6489</dst>
      <dst id="9">976.3467</dst>
      <dst id="17">170157.8489</dst>
      <dst id="21">794.0089</dst>
      <dst id="15">3359.6711</dst>
    </src>
    <src id="9">
      <dst id="12">412927.7778</dst>
      <dst id="13">19877.9022</dst>
      <dst id="19">175.0933</dst>
      <dst id="23">33.6444</dst>
      <dst id="8">347.3600</dst>
      <dst id="18">1217.1733</dst>
      <dst id="4">8304.2756</dst>
      <dst id="1">1725.9289</dst>
      <dst id="5">444.9956</dst>
      <dst id="3">1.3956</dst>
      <dst id="22">2468.8533</dst>
      <dst id="7">299.3422</dst>
      <dst id="2">152478.2133</dst>
      <dst id="6">1.0133</dst>
      <dst id="16">1189.8400</dst>
      <dst id="14">1.7511</dst>
      <dst id="20">957.8933</dst>
      <dst id="11">1104.0267</dst>
      <dst id="9">13030.0711</dst>
      <dst id="17">171094.9333</dst>
      <dst id="21">4006.3111</dst>
      <dst id="15">3232.4978</dst>
    </src>
    <src id="17">
      <dst id="12">6254.3378</dst>
      <dst id="13">5038.3289</dst>
      <dst id="19">469.1289</dst>
      <dst id="23">71.5556</dst>
      <dst id="8">120509.6889</dst>
      <dst id="18">116.5244</dst>
      <dst id="4">166286.7644</dst>
      <dst id="1">695.1467</dst>
      <dst id="5">197525.4133</dst>
      <dst id="3">5680.0178</dst>
      <dst id="22">10936.5067</dst>
      <dst id="7">2098.5067</dst>
      <dst id="2">22417.9556</dst>
      <dst id="6">140.6400</dst>
      <dst id="16">6682.2933</dst>
      <dst id="14">23370.5600</dst>
      <dst id="20">3258.0267</dst>
      <dst id="11">112645.4222</dst>
      <dst id="9">167615.8311</dst>
      <dst id="17">2065.2978</dst>
      <dst id="21">7496.7111</dst>
      <dst id="15">1866.5778</dst>
    </src>
    <src id="21">
      <dst id="12">23547.8578</dst>
      <dst id="13">539.2444</dst>
      <dst id="19">166.9422</dst>
      <dst id="23">4.7289</dst>
      <dst id="8">178.3022</dst>
      <dst id="18">2644.9422</dst>
      <dst id="4">15696.0444</dst>
      <dst id="1">1517.8133</dst>
      <dst id="5">833.2444</dst>
      <dst id="3">1533.9467</dst>
      <dst id="22">1381.2978</dst>
      <dst id="7">594.7467</dst>
      <dst id="2">13545.4489</dst>
      <dst id="6">1.2800</dst>
      <dst id="16">132.6756</dst>
      <dst id="14">218.0800</dst>
      <dst id="20">431.7422</dst>
      <dst id="11">315.1556</dst>
      <dst id="9">846.6933</dst>
      <dst id="17">4232.5244</dst>
      <dst id="21">1185.2356</dst>
      <dst id="15">17.2178</dst>
    </src>
    <src id="15">
      <dst id="12">217.7333</dst>
      <dst id="13">7807.2444</dst>
      <dst id="19">5.6889</dst>
      <dst id="23">2.2222</dst>
      <dst id="8">104.7378</dst>
      <dst id="18">1.7600</dst>
      <dst id="4">2278.8356</dst>
      <dst id="1">576.5689</dst>
      <dst id="5">39.3867</dst>
      <dst id="3">11.4489</dst>
      <dst id="7">71.5022</dst>
      <dst id="2">36.8800</dst>
      <dst id="6">0.8533</dst>
      <dst id="11">83.2000</dst>
      <dst id="9">234.0978</dst>
      <dst id="17">699.8400</dst>
      <dst id="21">9.2622</dst>
    </src>
  </IntraTM>
</TrafficMatrixFile>
