<?xml version="1.0" encoding="UTF-8" standalone="yes"?>
<TrafficMatrixFile xmlns:xsi="http://www.w3.org/2001/XMLSchema-instance" xsi:noNamespaceSchemaLocation="http://totem.run.montefiore.ulg.ac.be/Schema/TrafficMatrix-v1_2.xsd">
  <info>
    <title>Intradomain traffic matrix generated by geant-TM-all.pl</title>
    <date>2005-01-03T12:15:00</date>
    <duration>900</duration>
    <author>Steve Uhlig</author>
    <units>
        <unit type="bandwidth" value="kbps"/>
    </units>
  </info>
  <IntraTM ASID="20965">
    <src id="12">
      <dst id="12">182706.0978</dst>
      <dst id="13">18800.2933</dst>
      <dst id="19">968.4800</dst>
      <dst id="23">9.4044</dst>
      <dst id="8">545.9822</dst>
      <dst id="18">4005.6000</dst>
      <dst id="4">56015.4756</dst>
      <dst id="1">6326.4267</dst>
      <dst id="5">1481.1733</dst>
      <dst id="3">4946.2844</dst>
      <dst id="22">3507.5111</dst>
      <dst id="7">8751.6089</dst>
      <dst id="2">79002.5333</dst>
      <dst id="6">15.6978</dst>
      <dst id="16">3196.6933</dst>
      <dst id="14">393.4844</dst>
      <dst id="20">6720.8622</dst>
      <dst id="11">5270.3822</dst>
      <dst id="9">5723.2000</dst>
      <dst id="17">78986.9511</dst>
      <dst id="21">2175.1556</dst>
      <dst id="15">4743.1022</dst>
    </src>
    <src id="13">
      <dst id="12">35246.8889</dst>
      <dst id="19">31707.8667</dst>
      <dst id="23">14.4711</dst>
      <dst id="8">760.7733</dst>
      <dst id="18">2632.7022</dst>
      <dst id="1">1999.2711</dst>
      <dst id="5">5570.0267</dst>
      <dst id="3">7568.6933</dst>
      <dst id="22">15412.9333</dst>
      <dst id="7">5079.2356</dst>
      <dst id="2">98454.6044</dst>
      <dst id="6">35.4578</dst>
      <dst id="16">7397.7600</dst>
      <dst id="14">1447.9822</dst>
      <dst id="20">19796.1600</dst>
      <dst id="11">6335.9733</dst>
      <dst id="9">16587.9556</dst>
      <dst id="17">36651.2178</dst>
      <dst id="21">11421.0311</dst>
      <dst id="15">1256.0089</dst>
    </src>
    <src id="19">
      <dst id="12">9985.9289</dst>
      <dst id="13">205.6622</dst>
      <dst id="8">0.3556</dst>
      <dst id="18">0.9156</dst>
      <dst id="4">22810.1156</dst>
      <dst id="1">336.6844</dst>
      <dst id="5">13.2978</dst>
      <dst id="3">0.3556</dst>
      <dst id="22">237.8933</dst>
      <dst id="7">2846.4089</dst>
      <dst id="2">164.2044</dst>
      <dst id="6">71.1911</dst>
      <dst id="16">6385.9200</dst>
      <dst id="20">0.4978</dst>
      <dst id="11">39.8844</dst>
      <dst id="9">0.4267</dst>
      <dst id="17">94.0889</dst>
      <dst id="21">510.2756</dst>
      <dst id="15">18.9156</dst>
    </src>
    <src id="23">
      <dst id="12">152.2400</dst>
      <dst id="13">22.4356</dst>
      <dst id="18">1.5289</dst>
      <dst id="4">84.7378</dst>
      <dst id="1">27.5556</dst>
      <dst id="5">13.7600</dst>
      <dst id="3">230.2133</dst>
      <dst id="22">3363.9644</dst>
      <dst id="7">177.6800</dst>
      <dst id="2">349.0489</dst>
      <dst id="6">0.4978</dst>
      <dst id="16">317.5733</dst>
      <dst id="20">0.3556</dst>
      <dst id="11">93.3333</dst>
      <dst id="9">435.6978</dst>
      <dst id="17">88.8533</dst>
      <dst id="21">49.4133</dst>
    </src>
    <src id="8">
      <dst id="12">295306.3733</dst>
      <dst id="13">220.1333</dst>
      <dst id="19">0.4622</dst>
      <dst id="23">0.3556</dst>
      <dst id="4">6753.1200</dst>
      <dst id="1">357.7689</dst>
      <dst id="5">705.2533</dst>
      <dst id="3">33.6711</dst>
      <dst id="22">918.5600</dst>
      <dst id="7">78.5422</dst>
      <dst id="2">104883.0489</dst>
      <dst id="16">155.8222</dst>
      <dst id="20">138.9333</dst>
      <dst id="11">539.8933</dst>
      <dst id="9">314.5156</dst>
      <dst id="17">92113.2800</dst>
      <dst id="21">56.8444</dst>
      <dst id="15">129.0311</dst>
    </src>
    <src id="18">
      <dst id="12">99180.9067</dst>
      <dst id="13">115.8667</dst>
      <dst id="19">0.3733</dst>
      <dst id="23">0.8889</dst>
      <dst id="4">1218.4356</dst>
      <dst id="1">1465.9467</dst>
      <dst id="5">200.0356</dst>
      <dst id="3">161.7867</dst>
      <dst id="22">142.0711</dst>
      <dst id="7">22.4533</dst>
      <dst id="2">29214.2756</dst>
      <dst id="16">12.0889</dst>
      <dst id="20">28.8444</dst>
      <dst id="11">11.4933</dst>
      <dst id="9">64.0978</dst>
      <dst id="17">36271.5822</dst>
      <dst id="21">316.3644</dst>
      <dst id="15">4.8711</dst>
    </src>
    <src id="4">
      <dst id="12">7286.8356</dst>
      <dst id="19">7735.4667</dst>
      <dst id="8">3721.6533</dst>
      <dst id="18">1164.5778</dst>
      <dst id="4">2.2756</dst>
      <dst id="1">10481.3511</dst>
      <dst id="5">1553.8400</dst>
      <dst id="3">44.2311</dst>
      <dst id="22">4278.3911</dst>
      <dst id="7">111704.2044</dst>
      <dst id="2">29322.3911</dst>
      <dst id="6">1.2444</dst>
      <dst id="16">508.4444</dst>
      <dst id="14">1208.2933</dst>
      <dst id="20">189.8756</dst>
      <dst id="11">1598.2311</dst>
      <dst id="9">2572.7022</dst>
      <dst id="17">79646.8978</dst>
      <dst id="21">3091.7333</dst>
      <dst id="15">284.2578</dst>
    </src>
    <src id="1">
      <dst id="12">15972.5244</dst>
      <dst id="13">1523.3067</dst>
      <dst id="19">15.7333</dst>
      <dst id="23">11.2889</dst>
      <dst id="8">74480.3200</dst>
      <dst id="18">12963.2622</dst>
      <dst id="4">9884.9244</dst>
      <dst id="1">23474.2489</dst>
      <dst id="5">121045.1022</dst>
      <dst id="3">116.3911</dst>
      <dst id="22">1892.1956</dst>
      <dst id="7">1219.6533</dst>
      <dst id="2">1398.6933</dst>
      <dst id="6">5082.8978</dst>
      <dst id="16">10113.1022</dst>
      <dst id="14">97.2978</dst>
      <dst id="20">17.9644</dst>
      <dst id="11">159.4933</dst>
      <dst id="9">118859.7067</dst>
      <dst id="17">1175.2533</dst>
      <dst id="21">1682.1333</dst>
      <dst id="15">71.4400</dst>
    </src>
    <src id="5">
      <dst id="12">232337.5911</dst>
      <dst id="13">804.5778</dst>
      <dst id="19">982.7556</dst>
      <dst id="23">1.8933</dst>
      <dst id="8">685.1733</dst>
      <dst id="18">940.5422</dst>
      <dst id="4">4162.1511</dst>
      <dst id="1">189.5289</dst>
      <dst id="3">1.0489</dst>
      <dst id="22">1632.3378</dst>
      <dst id="7">108.5422</dst>
      <dst id="2">75598.5422</dst>
      <dst id="6">1.1733</dst>
      <dst id="16">172.4711</dst>
      <dst id="14">38.3289</dst>
      <dst id="20">654.4889</dst>
      <dst id="11">754.2933</dst>
      <dst id="9">2062.8533</dst>
      <dst id="17">98800.1867</dst>
      <dst id="21">278.2933</dst>
      <dst id="15">333.1467</dst>
    </src>
    <src id="3">
      <dst id="12">6606.3911</dst>
      <dst id="13">3210.7378</dst>
      <dst id="19">1921.3956</dst>
      <dst id="23">8689.2444</dst>
      <dst id="8">41.1289</dst>
      <dst id="18">55415.0844</dst>
      <dst id="4">24080.5422</dst>
      <dst id="1">16063.3422</dst>
      <dst id="5">320.8267</dst>
      <dst id="3">8901.6889</dst>
      <dst id="22">1014.4533</dst>
      <dst id="7">490.0889</dst>
      <dst id="2">5969.4933</dst>
      <dst id="6">8.0711</dst>
      <dst id="16">1085.9289</dst>
      <dst id="14">14910.4444</dst>
      <dst id="20">13.1467</dst>
      <dst id="11">119056.8533</dst>
      <dst id="9">9.3867</dst>
      <dst id="17">14707.7156</dst>
      <dst id="21">2865.9022</dst>
      <dst id="15">378.7111</dst>
    </src>
    <src id="10">
      <dst id="12">9618.7911</dst>
      <dst id="19">1556.2933</dst>
      <dst id="8">747.3511</dst>
      <dst id="18">191.7333</dst>
      <dst id="1">1873.5467</dst>
      <dst id="5">585.4400</dst>
      <dst id="3">8725.5022</dst>
      <dst id="22">8527.8133</dst>
      <dst id="7">105440.5600</dst>
      <dst id="2">23951.5733</dst>
      <dst id="6">0.4178</dst>
      <dst id="16">922.9067</dst>
      <dst id="14">482.9867</dst>
      <dst id="20">651.5467</dst>
      <dst id="11">6970.4444</dst>
      <dst id="9">2657.2978</dst>
      <dst id="17">25292.0978</dst>
      <dst id="21">8889.8044</dst>
      <dst id="15">222.6844</dst>
    </src>
    <src id="22">
      <dst id="12">10740.4000</dst>
      <dst id="13">2210.5156</dst>
      <dst id="19">312.8000</dst>
      <dst id="23">975.5378</dst>
      <dst id="8">168.0800</dst>
      <dst id="18">580.6756</dst>
      <dst id="4">23817.7067</dst>
      <dst id="1">158.2400</dst>
      <dst id="5">2732.7822</dst>
      <dst id="3">303.1022</dst>
      <dst id="7">405.9733</dst>
      <dst id="2">2609.9556</dst>
      <dst id="6">51.3778</dst>
      <dst id="16">4.4622</dst>
      <dst id="14">79.9822</dst>
      <dst id="11">2558.7556</dst>
      <dst id="9">2206.4089</dst>
      <dst id="17">3789.1289</dst>
      <dst id="21">1171.7600</dst>
    </src>
    <src id="7">
      <dst id="12">8653.1556</dst>
      <dst id="13">1302.2933</dst>
      <dst id="19">142.7733</dst>
      <dst id="23">110.7822</dst>
      <dst id="8">814.2400</dst>
      <dst id="18">272.0444</dst>
      <dst id="4">65889.7778</dst>
      <dst id="1">1648.0889</dst>
      <dst id="5">1116.0889</dst>
      <dst id="3">113.0933</dst>
      <dst id="22">4254.3289</dst>
      <dst id="7">730.1689</dst>
      <dst id="2">3228.4533</dst>
      <dst id="6">53.0044</dst>
      <dst id="16">567.6089</dst>
      <dst id="14">64.3822</dst>
      <dst id="20">1651.3689</dst>
      <dst id="11">672.0089</dst>
      <dst id="9">412.1156</dst>
      <dst id="17">12016.6578</dst>
      <dst id="21">2265.3689</dst>
      <dst id="15">407.9556</dst>
    </src>
    <src id="2">
      <dst id="12">76674.7822</dst>
      <dst id="13">509652.9067</dst>
      <dst id="19">112.7822</dst>
      <dst id="23">28.8533</dst>
      <dst id="8">301.1022</dst>
      <dst id="18">49036.9156</dst>
      <dst id="4">83557.1111</dst>
      <dst id="1">11784.7822</dst>
      <dst id="5">567.3689</dst>
      <dst id="3">51.7956</dst>
      <dst id="22">1060.0800</dst>
      <dst id="7">3264.0978</dst>
      <dst id="2">528.8089</dst>
      <dst id="6">6373.6444</dst>
      <dst id="16">7317.4578</dst>
      <dst id="14">5579.6000</dst>
      <dst id="20">394.3111</dst>
      <dst id="11">5666.9867</dst>
      <dst id="9">980.8622</dst>
      <dst id="17">57714.3467</dst>
      <dst id="21">5430.6044</dst>
      <dst id="15">607.2356</dst>
    </src>
    <src id="6">
      <dst id="12">8089.4133</dst>
      <dst id="13">2.8089</dst>
      <dst id="19">1.0667</dst>
      <dst id="4">746.7378</dst>
      <dst id="1">15.5378</dst>
      <dst id="5">10.1689</dst>
      <dst id="22">0.3556</dst>
      <dst id="7">0.3378</dst>
      <dst id="2">1695.4311</dst>
      <dst id="16">0.4978</dst>
      <dst id="20">1.8133</dst>
      <dst id="11">0.5067</dst>
      <dst id="17">1111.8667</dst>
      <dst id="21">2.3022</dst>
      <dst id="15">0.3378</dst>
    </src>
    <src id="16">
      <dst id="12">3493.3867</dst>
      <dst id="13">1243.0756</dst>
      <dst id="19">3843.3689</dst>
      <dst id="23">6.4000</dst>
      <dst id="8">1138.7644</dst>
      <dst id="18">27.2622</dst>
      <dst id="4">4548.6044</dst>
      <dst id="1">25289.7156</dst>
      <dst id="5">740.1156</dst>
      <dst id="7">1925.8400</dst>
      <dst id="2">630.6222</dst>
      <dst id="6">0.3556</dst>
      <dst id="16">22.8444</dst>
      <dst id="14">2.5600</dst>
      <dst id="11">198.3200</dst>
      <dst id="9">1183.3956</dst>
      <dst id="17">622.3022</dst>
      <dst id="21">1732.3200</dst>
    </src>
    <src id="14">
      <dst id="12">14560.4444</dst>
      <dst id="13">24.6667</dst>
      <dst id="19">6.7200</dst>
      <dst id="4">1353.6800</dst>
      <dst id="1">22.2933</dst>
      <dst id="5">12.8000</dst>
      <dst id="3">60.9689</dst>
      <dst id="22">7.6533</dst>
      <dst id="7">31.7422</dst>
      <dst id="2">5584.4711</dst>
      <dst id="11">35.3067</dst>
      <dst id="9">2.4889</dst>
      <dst id="17">4055.3867</dst>
      <dst id="21">75.3244</dst>
    </src>
    <src id="20">
      <dst id="12">2027.1644</dst>
      <dst id="13">618.6222</dst>
      <dst id="19">0.6933</dst>
      <dst id="8">313.5644</dst>
      <dst id="18">27.7422</dst>
      <dst id="4">12758.4356</dst>
      <dst id="1">63.8667</dst>
      <dst id="5">3492.5156</dst>
      <dst id="3">146.7911</dst>
      <dst id="7">89.4933</dst>
      <dst id="2">3917.9822</dst>
      <dst id="6">62.0622</dst>
      <dst id="14">14.2667</dst>
      <dst id="11">264.4622</dst>
      <dst id="9">1245.8933</dst>
      <dst id="17">216.2667</dst>
      <dst id="21">96.8800</dst>
    </src>
    <src id="11">
      <dst id="12">375242.6933</dst>
      <dst id="13">1762.9422</dst>
      <dst id="19">41.2533</dst>
      <dst id="23">10.1689</dst>
      <dst id="8">359.0578</dst>
      <dst id="18">82.2756</dst>
      <dst id="4">9731.5733</dst>
      <dst id="1">584.9600</dst>
      <dst id="5">694.3289</dst>
      <dst id="3">398.6489</dst>
      <dst id="22">1044.0089</dst>
      <dst id="7">183.5378</dst>
      <dst id="2">123287.2089</dst>
      <dst id="6">12.8000</dst>
      <dst id="16">49.6089</dst>
      <dst id="14">27.0756</dst>
      <dst id="20">72.3822</dst>
      <dst id="11">540.5156</dst>
      <dst id="9">1998.9956</dst>
      <dst id="17">138901.9733</dst>
      <dst id="21">614.7022</dst>
      <dst id="15">268.6667</dst>
    </src>
    <src id="9">
      <dst id="12">339681.7156</dst>
      <dst id="13">1305.5467</dst>
      <dst id="19">41.6000</dst>
      <dst id="23">16.1067</dst>
      <dst id="8">216.5600</dst>
      <dst id="18">46.4444</dst>
      <dst id="4">12177.3156</dst>
      <dst id="1">8189.9200</dst>
      <dst id="5">957.8489</dst>
      <dst id="3">0.3556</dst>
      <dst id="22">5677.9022</dst>
      <dst id="7">39.8044</dst>
      <dst id="2">112727.5111</dst>
      <dst id="6">2.3200</dst>
      <dst id="16">810.0800</dst>
      <dst id="14">131.2889</dst>
      <dst id="20">536.3378</dst>
      <dst id="11">455.3244</dst>
      <dst id="9">30.2311</dst>
      <dst id="17">165632.0889</dst>
      <dst id="21">636.3822</dst>
      <dst id="15">622.6400</dst>
    </src>
    <src id="17">
      <dst id="12">6629.1378</dst>
      <dst id="13">36961.5289</dst>
      <dst id="19">599.5200</dst>
      <dst id="23">1904.7733</dst>
      <dst id="8">93546.5511</dst>
      <dst id="18">6916.5867</dst>
      <dst id="4">55843.3778</dst>
      <dst id="1">2516.4622</dst>
      <dst id="5">120062.9333</dst>
      <dst id="3">3457.5733</dst>
      <dst id="22">3864.9333</dst>
      <dst id="7">1341.0933</dst>
      <dst id="2">21032.0267</dst>
      <dst id="6">193.6178</dst>
      <dst id="16">11615.5822</dst>
      <dst id="14">9910.7289</dst>
      <dst id="20">211.6089</dst>
      <dst id="11">84078.4978</dst>
      <dst id="9">101133.3067</dst>
      <dst id="17">2313.7867</dst>
      <dst id="21">5417.8578</dst>
      <dst id="15">71.1289</dst>
    </src>
    <src id="21">
      <dst id="12">22920.1422</dst>
      <dst id="13">292.0178</dst>
      <dst id="19">54.1600</dst>
      <dst id="23">44.8267</dst>
      <dst id="8">113.7511</dst>
      <dst id="18">1587.9467</dst>
      <dst id="4">19956.4978</dst>
      <dst id="1">1041.4222</dst>
      <dst id="5">457.9289</dst>
      <dst id="3">1195.5911</dst>
      <dst id="22">770.1511</dst>
      <dst id="7">3325.2889</dst>
      <dst id="2">7361.8933</dst>
      <dst id="6">12.8000</dst>
      <dst id="16">125.3689</dst>
      <dst id="14">66.3289</dst>
      <dst id="20">103.1733</dst>
      <dst id="11">442.9067</dst>
      <dst id="9">1086.1067</dst>
      <dst id="17">4220.9422</dst>
      <dst id="21">2454.9511</dst>
      <dst id="15">7.4222</dst>
    </src>
    <src id="15">
      <dst id="12">342.1244</dst>
      <dst id="13">5571.6089</dst>
      <dst id="8">32.3911</dst>
      <dst id="18">4.0533</dst>
      <dst id="4">5433.2800</dst>
      <dst id="1">566.9511</dst>
      <dst id="5">215.9378</dst>
      <dst id="3">10.2222</dst>
      <dst id="7">230.3733</dst>
      <dst id="2">104.9600</dst>
      <dst id="16">0.3556</dst>
      <dst id="11">84.5067</dst>
      <dst id="9">801.3956</dst>
      <dst id="17">1963.0933</dst>
      <dst id="21">76.0000</dst>
    </src>
  </IntraTM>
</TrafficMatrixFile>
