<?xml version="1.0" encoding="UTF-8" standalone="yes"?>
<TrafficMatrixFile xmlns:xsi="http://www.w3.org/2001/XMLSchema-instance" xsi:noNamespaceSchemaLocation="http://totem.run.montefiore.ulg.ac.be/Schema/TrafficMatrix-v1_2.xsd">
  <info>
    <title>Intradomain traffic matrix generated by geant-TM-all.pl</title>
    <date>2005-01-04T04:45:00</date>
    <duration>900</duration>
    <author>Steve Uhlig</author>
    <units>
        <unit type="bandwidth" value="kbps"/>
    </units>
  </info>
  <IntraTM ASID="20965">
    <src id="12">
      <dst id="12">243854.1689</dst>
      <dst id="13">22556.3289</dst>
      <dst id="19">1795.0044</dst>
      <dst id="23">54.1600</dst>
      <dst id="8">1904.5156</dst>
      <dst id="18">767.4311</dst>
      <dst id="4">84440.8000</dst>
      <dst id="1">12636.9156</dst>
      <dst id="5">4360.6400</dst>
      <dst id="3">2974.2044</dst>
      <dst id="22">7322.8000</dst>
      <dst id="7">1487.7689</dst>
      <dst id="2">81339.4933</dst>
      <dst id="6">12.9422</dst>
      <dst id="16">8178.6133</dst>
      <dst id="14">353.8844</dst>
      <dst id="20">11862.5422</dst>
      <dst id="11">7034.9511</dst>
      <dst id="9">5876.8356</dst>
      <dst id="17">80515.8400</dst>
      <dst id="21">3396.4356</dst>
      <dst id="15">4658.6667</dst>
    </src>
    <src id="13">
      <dst id="12">61312.4000</dst>
      <dst id="19">4643.0756</dst>
      <dst id="23">33.0667</dst>
      <dst id="8">5747.3156</dst>
      <dst id="18">2894.6489</dst>
      <dst id="4">1.4222</dst>
      <dst id="1">9192.5689</dst>
      <dst id="5">8408.2844</dst>
      <dst id="3">4399.7422</dst>
      <dst id="22">17548.3289</dst>
      <dst id="7">9499.1289</dst>
      <dst id="2">97743.9467</dst>
      <dst id="6">146.9867</dst>
      <dst id="16">8243.9378</dst>
      <dst id="14">1621.8756</dst>
      <dst id="20">7834.8889</dst>
      <dst id="11">13558.0622</dst>
      <dst id="9">10884.6756</dst>
      <dst id="17">310259.3867</dst>
      <dst id="21">14439.1200</dst>
      <dst id="15">3889.2711</dst>
    </src>
    <src id="19">
      <dst id="12">13541.4044</dst>
      <dst id="13">231.3156</dst>
      <dst id="23">137.6178</dst>
      <dst id="8">5.8044</dst>
      <dst id="18">704.3911</dst>
      <dst id="4">19406.9689</dst>
      <dst id="1">988.3467</dst>
      <dst id="5">1.2444</dst>
      <dst id="3">2.8444</dst>
      <dst id="22">477.6178</dst>
      <dst id="7">3966.1689</dst>
      <dst id="2">1538.5778</dst>
      <dst id="6">43.9644</dst>
      <dst id="16">9768.1422</dst>
      <dst id="14">1.1733</dst>
      <dst id="20">4.2489</dst>
      <dst id="11">45.6089</dst>
      <dst id="9">156.1422</dst>
      <dst id="17">176.4622</dst>
      <dst id="21">448.7556</dst>
      <dst id="15">27.0756</dst>
    </src>
    <src id="23">
      <dst id="12">299.6711</dst>
      <dst id="13">107.5911</dst>
      <dst id="19">2.8444</dst>
      <dst id="8">32.2489</dst>
      <dst id="18">76.4444</dst>
      <dst id="4">27.8044</dst>
      <dst id="1">72.3467</dst>
      <dst id="5">14.4978</dst>
      <dst id="3">146.9689</dst>
      <dst id="22">2437.0667</dst>
      <dst id="7">25.7244</dst>
      <dst id="2">17.5733</dst>
      <dst id="16">4.7644</dst>
      <dst id="14">1.0667</dst>
      <dst id="11">41.4400</dst>
      <dst id="9">625.4400</dst>
      <dst id="17">176.5867</dst>
      <dst id="21">98.2044</dst>
    </src>
    <src id="8">
      <dst id="12">328839.4756</dst>
      <dst id="13">1171.6889</dst>
      <dst id="19">0.8267</dst>
      <dst id="23">0.7733</dst>
      <dst id="18">85.4489</dst>
      <dst id="4">3536.3822</dst>
      <dst id="1">194.2133</dst>
      <dst id="5">1609.0489</dst>
      <dst id="3">63.5378</dst>
      <dst id="22">1020.8889</dst>
      <dst id="7">427.1022</dst>
      <dst id="2">142915.2267</dst>
      <dst id="16">1047.0400</dst>
      <dst id="20">99.7422</dst>
      <dst id="11">831.2267</dst>
      <dst id="9">421.5822</dst>
      <dst id="17">136853.2178</dst>
      <dst id="21">60.8000</dst>
      <dst id="15">1314.5156</dst>
    </src>
    <src id="18">
      <dst id="12">98132.5867</dst>
      <dst id="13">126.9778</dst>
      <dst id="19">113.2978</dst>
      <dst id="23">3.9911</dst>
      <dst id="8">3112.0178</dst>
      <dst id="4">1012.1511</dst>
      <dst id="1">1127.3956</dst>
      <dst id="5">486.1244</dst>
      <dst id="3">29.8133</dst>
      <dst id="22">182.5867</dst>
      <dst id="7">9.9822</dst>
      <dst id="2">26573.3778</dst>
      <dst id="16">276.8978</dst>
      <dst id="14">38.8267</dst>
      <dst id="20">33.8222</dst>
      <dst id="11">189.8311</dst>
      <dst id="9">39.9022</dst>
      <dst id="17">36772.0444</dst>
      <dst id="21">225.5111</dst>
      <dst id="15">1.6444</dst>
    </src>
    <src id="4">
      <dst id="12">19821.0133</dst>
      <dst id="19">15105.8489</dst>
      <dst id="8">1186.0178</dst>
      <dst id="18">439.9111</dst>
      <dst id="4">3.1467</dst>
      <dst id="1">44125.3600</dst>
      <dst id="5">3149.0400</dst>
      <dst id="3">764.1689</dst>
      <dst id="22">5884.5244</dst>
      <dst id="7">125381.3689</dst>
      <dst id="2">72977.4133</dst>
      <dst id="6">108.6756</dst>
      <dst id="16">2570.5244</dst>
      <dst id="14">2456.9422</dst>
      <dst id="20">1906.6933</dst>
      <dst id="11">3966.5156</dst>
      <dst id="9">2611.9733</dst>
      <dst id="17">42302.8889</dst>
      <dst id="21">2506.3289</dst>
      <dst id="15">785.2089</dst>
    </src>
    <src id="1">
      <dst id="12">13203.8578</dst>
      <dst id="13">1021.1733</dst>
      <dst id="19">166.4089</dst>
      <dst id="23">203.1644</dst>
      <dst id="8">128623.1378</dst>
      <dst id="18">13625.0667</dst>
      <dst id="4">4762.0178</dst>
      <dst id="1">9920.9422</dst>
      <dst id="5">200110.2756</dst>
      <dst id="3">89.0844</dst>
      <dst id="22">4552.2756</dst>
      <dst id="7">1432.3822</dst>
      <dst id="2">1883.8222</dst>
      <dst id="6">11033.6356</dst>
      <dst id="16">16386.1511</dst>
      <dst id="14">115.5467</dst>
      <dst id="20">140.9244</dst>
      <dst id="11">402.5244</dst>
      <dst id="9">191669.7422</dst>
      <dst id="17">5480.6400</dst>
      <dst id="21">2188.4800</dst>
      <dst id="15">96.8800</dst>
    </src>
    <src id="5">
      <dst id="12">320920.0711</dst>
      <dst id="13">3542.1067</dst>
      <dst id="19">60.0889</dst>
      <dst id="23">67.6444</dst>
      <dst id="8">3243.7333</dst>
      <dst id="18">359.1556</dst>
      <dst id="4">9106.7733</dst>
      <dst id="1">389.6000</dst>
      <dst id="3">1.5911</dst>
      <dst id="22">7252.3733</dst>
      <dst id="7">195.8222</dst>
      <dst id="2">142293.2711</dst>
      <dst id="6">11.6978</dst>
      <dst id="16">985.6889</dst>
      <dst id="14">52.3467</dst>
      <dst id="20">4116.9156</dst>
      <dst id="11">1084.7111</dst>
      <dst id="9">424.6222</dst>
      <dst id="17">130101.7333</dst>
      <dst id="21">536.4711</dst>
      <dst id="15">258.7644</dst>
    </src>
    <src id="3">
      <dst id="12">9527.2711</dst>
      <dst id="13">1195.6000</dst>
      <dst id="19">1179.4400</dst>
      <dst id="23">7040.8444</dst>
      <dst id="8">28.9511</dst>
      <dst id="18">62130.2311</dst>
      <dst id="4">29559.6711</dst>
      <dst id="1">13062.5244</dst>
      <dst id="5">145.7956</dst>
      <dst id="3">10650.6222</dst>
      <dst id="22">1275.0578</dst>
      <dst id="7">1714.0267</dst>
      <dst id="2">4039.7867</dst>
      <dst id="6">0.4178</dst>
      <dst id="16">1003.0489</dst>
      <dst id="14">33918.1333</dst>
      <dst id="20">700.9956</dst>
      <dst id="11">144302.2044</dst>
      <dst id="9">103.3689</dst>
      <dst id="17">5208.0267</dst>
      <dst id="21">12242.2756</dst>
      <dst id="15">57.7333</dst>
    </src>
    <src id="10">
      <dst id="12">13079.9378</dst>
      <dst id="19">3167.9111</dst>
      <dst id="8">341.2533</dst>
      <dst id="18">3848.0089</dst>
      <dst id="1">1930.3911</dst>
      <dst id="5">1067.3689</dst>
      <dst id="3">2516.9867</dst>
      <dst id="22">6911.3956</dst>
      <dst id="7">4908.0622</dst>
      <dst id="2">18130.1867</dst>
      <dst id="6">36.5422</dst>
      <dst id="16">1667.2533</dst>
      <dst id="14">509.4222</dst>
      <dst id="20">758.2578</dst>
      <dst id="11">5700.9689</dst>
      <dst id="9">2026.0978</dst>
      <dst id="17">11254.2044</dst>
      <dst id="21">8174.0711</dst>
      <dst id="15">527.8311</dst>
    </src>
    <src id="22">
      <dst id="12">6134.1867</dst>
      <dst id="13">3484.3111</dst>
      <dst id="19">2653.2711</dst>
      <dst id="23">63.0044</dst>
      <dst id="8">393.2444</dst>
      <dst id="18">735.4489</dst>
      <dst id="4">16673.4311</dst>
      <dst id="1">3296.0800</dst>
      <dst id="5">2478.9244</dst>
      <dst id="3">453.5822</dst>
      <dst id="7">306.4356</dst>
      <dst id="2">8102.6489</dst>
      <dst id="6">145.4222</dst>
      <dst id="16">27.3778</dst>
      <dst id="14">93.0311</dst>
      <dst id="11">1590.8356</dst>
      <dst id="9">2099.6000</dst>
      <dst id="17">6225.9378</dst>
      <dst id="21">820.4533</dst>
    </src>
    <src id="7">
      <dst id="12">3962.9422</dst>
      <dst id="13">485.1733</dst>
      <dst id="19">117.4933</dst>
      <dst id="23">15.3067</dst>
      <dst id="8">1070.1156</dst>
      <dst id="18">152.5244</dst>
      <dst id="4">12595.2622</dst>
      <dst id="1">3951.0133</dst>
      <dst id="5">1254.5333</dst>
      <dst id="3">311.2711</dst>
      <dst id="22">2571.3067</dst>
      <dst id="7">816.5333</dst>
      <dst id="2">6656.3200</dst>
      <dst id="6">58.2933</dst>
      <dst id="16">372.7289</dst>
      <dst id="14">76.1778</dst>
      <dst id="20">225.1911</dst>
      <dst id="11">1777.8933</dst>
      <dst id="9">700.8444</dst>
      <dst id="17">12105.0489</dst>
      <dst id="21">2916.2311</dst>
      <dst id="15">187.0311</dst>
    </src>
    <src id="2">
      <dst id="12">115798.5156</dst>
      <dst id="13">516979.5644</dst>
      <dst id="19">426.6222</dst>
      <dst id="23">11.1911</dst>
      <dst id="8">3124.8000</dst>
      <dst id="18">51649.9289</dst>
      <dst id="4">102512.6578</dst>
      <dst id="1">4117.9911</dst>
      <dst id="5">2995.5644</dst>
      <dst id="3">119.6533</dst>
      <dst id="22">2106.8711</dst>
      <dst id="7">6351.1556</dst>
      <dst id="2">1003.2000</dst>
      <dst id="6">9085.9822</dst>
      <dst id="16">2585.2267</dst>
      <dst id="14">199.2622</dst>
      <dst id="20">882.8000</dst>
      <dst id="11">3316.0178</dst>
      <dst id="9">3095.7600</dst>
      <dst id="17">20761.5200</dst>
      <dst id="21">2504.3911</dst>
      <dst id="15">1296.0178</dst>
    </src>
    <src id="6">
      <dst id="12">11264.9067</dst>
      <dst id="13">3.1467</dst>
      <dst id="19">13.5644</dst>
      <dst id="18">0.4978</dst>
      <dst id="4">1410.2311</dst>
      <dst id="1">15.4756</dst>
      <dst id="5">14.7556</dst>
      <dst id="3">12.9244</dst>
      <dst id="22">6.4978</dst>
      <dst id="7">2.0356</dst>
      <dst id="2">2941.8400</dst>
      <dst id="16">1.7067</dst>
      <dst id="20">24.8889</dst>
      <dst id="11">0.4622</dst>
      <dst id="9">0.3378</dst>
      <dst id="17">1795.3689</dst>
      <dst id="21">1.0133</dst>
    </src>
    <src id="16">
      <dst id="12">2571.3067</dst>
      <dst id="13">1368.7022</dst>
      <dst id="19">4001.5378</dst>
      <dst id="23">3.9111</dst>
      <dst id="8">4811.7778</dst>
      <dst id="18">49.9378</dst>
      <dst id="4">4736.0267</dst>
      <dst id="1">21540.6311</dst>
      <dst id="5">5107.0311</dst>
      <dst id="3">4.8267</dst>
      <dst id="7">1029.9556</dst>
      <dst id="2">718.3911</dst>
      <dst id="6">2.3289</dst>
      <dst id="16">66.1867</dst>
      <dst id="14">0.8178</dst>
      <dst id="11">242.8089</dst>
      <dst id="9">4974.6933</dst>
      <dst id="17">3424.6578</dst>
      <dst id="21">1922.2933</dst>
    </src>
    <src id="14">
      <dst id="12">15737.8489</dst>
      <dst id="13">22.2756</dst>
      <dst id="19">4.5956</dst>
      <dst id="18">1.4844</dst>
      <dst id="4">1407.3867</dst>
      <dst id="1">82.2667</dst>
      <dst id="5">4.4178</dst>
      <dst id="3">34.2222</dst>
      <dst id="22">47.2089</dst>
      <dst id="7">121.4044</dst>
      <dst id="2">5419.3244</dst>
      <dst id="16">25.2444</dst>
      <dst id="11">32.6311</dst>
      <dst id="9">102.6044</dst>
      <dst id="17">6491.6267</dst>
      <dst id="21">31.9556</dst>
    </src>
    <src id="20">
      <dst id="12">5882.6756</dst>
      <dst id="13">599.9733</dst>
      <dst id="19">67.3956</dst>
      <dst id="23">0.3911</dst>
      <dst id="8">88.4356</dst>
      <dst id="18">728.3200</dst>
      <dst id="4">7434.7289</dst>
      <dst id="1">146.8533</dst>
      <dst id="5">705.4489</dst>
      <dst id="3">259.3244</dst>
      <dst id="7">2974.7556</dst>
      <dst id="2">2919.7156</dst>
      <dst id="6">12.8178</dst>
      <dst id="14">0.8622</dst>
      <dst id="11">121.5911</dst>
      <dst id="9">8613.9200</dst>
      <dst id="17">2783.8044</dst>
      <dst id="21">252.9067</dst>
    </src>
    <src id="11">
      <dst id="12">458716.6578</dst>
      <dst id="13">2760.3289</dst>
      <dst id="19">18.7822</dst>
      <dst id="23">72.3111</dst>
      <dst id="8">1869.4489</dst>
      <dst id="18">1122.9422</dst>
      <dst id="4">9222.9689</dst>
      <dst id="1">375.2356</dst>
      <dst id="5">1690.0533</dst>
      <dst id="3">246.6844</dst>
      <dst id="22">2593.8489</dst>
      <dst id="7">211.5022</dst>
      <dst id="2">164417.1911</dst>
      <dst id="6">1.5822</dst>
      <dst id="16">645.7333</dst>
      <dst id="14">187.4844</dst>
      <dst id="20">159.6267</dst>
      <dst id="11">1246.0533</dst>
      <dst id="9">998.3378</dst>
      <dst id="17">157248.4978</dst>
      <dst id="21">1814.8089</dst>
      <dst id="15">3292.5689</dst>
    </src>
    <src id="9">
      <dst id="12">413232.4889</dst>
      <dst id="13">2170.3911</dst>
      <dst id="19">213.8400</dst>
      <dst id="23">19.9289</dst>
      <dst id="8">293.8400</dst>
      <dst id="18">360.4178</dst>
      <dst id="4">9825.0400</dst>
      <dst id="1">2708.4533</dst>
      <dst id="5">540.9956</dst>
      <dst id="22">12904.1244</dst>
      <dst id="7">87.2711</dst>
      <dst id="2">203904.8444</dst>
      <dst id="6">2.8444</dst>
      <dst id="16">712.0089</dst>
      <dst id="14">16.0800</dst>
      <dst id="20">715.9111</dst>
      <dst id="11">872.3556</dst>
      <dst id="9">824.2667</dst>
      <dst id="17">172755.7600</dst>
      <dst id="21">200.3911</dst>
      <dst id="15">284.9778</dst>
    </src>
    <src id="17">
      <dst id="12">11905.0044</dst>
      <dst id="13">21090.0267</dst>
      <dst id="19">226.2222</dst>
      <dst id="23">77.4756</dst>
      <dst id="8">135385.2178</dst>
      <dst id="18">15366.6933</dst>
      <dst id="4">82470.0800</dst>
      <dst id="1">1036.3467</dst>
      <dst id="5">201741.0044</dst>
      <dst id="3">10816.9778</dst>
      <dst id="22">11823.5733</dst>
      <dst id="7">2118.6933</dst>
      <dst id="2">11075.4667</dst>
      <dst id="6">1122.4533</dst>
      <dst id="16">3048.4089</dst>
      <dst id="14">20514.0267</dst>
      <dst id="20">562.4800</dst>
      <dst id="11">102587.2178</dst>
      <dst id="9">151977.5644</dst>
      <dst id="17">1772.5511</dst>
      <dst id="21">11946.5511</dst>
      <dst id="15">128.0444</dst>
    </src>
    <src id="21">
      <dst id="12">33113.5911</dst>
      <dst id="13">230.8800</dst>
      <dst id="19">95.3422</dst>
      <dst id="23">16.7111</dst>
      <dst id="8">85.7689</dst>
      <dst id="18">169.7689</dst>
      <dst id="4">17537.4844</dst>
      <dst id="1">2831.0844</dst>
      <dst id="5">1479.7511</dst>
      <dst id="3">1075.4400</dst>
      <dst id="22">947.8222</dst>
      <dst id="7">494.6222</dst>
      <dst id="2">23684.1156</dst>
      <dst id="6">24.6400</dst>
      <dst id="16">142.6667</dst>
      <dst id="14">100.3022</dst>
      <dst id="20">5538.4000</dst>
      <dst id="11">507.7067</dst>
      <dst id="9">825.8044</dst>
      <dst id="17">7725.9644</dst>
      <dst id="21">540.0711</dst>
      <dst id="15">7.6533</dst>
    </src>
    <src id="15">
      <dst id="12">1016.9600</dst>
      <dst id="13">766.7022</dst>
      <dst id="19">0.3556</dst>
      <dst id="8">178.6578</dst>
      <dst id="4">4143.2711</dst>
      <dst id="1">700.5778</dst>
      <dst id="5">75.6267</dst>
      <dst id="3">7.0489</dst>
      <dst id="7">8.9244</dst>
      <dst id="2">56.1778</dst>
      <dst id="11">368.7556</dst>
      <dst id="9">128.1689</dst>
      <dst id="17">1147.8844</dst>
      <dst id="21">109.0844</dst>
    </src>
  </IntraTM>
</TrafficMatrixFile>
