<?xml version="1.0" encoding="UTF-8" standalone="yes"?>
<TrafficMatrixFile xmlns:xsi="http://www.w3.org/2001/XMLSchema-instance" xsi:noNamespaceSchemaLocation="http://totem.run.montefiore.ulg.ac.be/Schema/TrafficMatrix-v1_2.xsd">
  <info>
    <title>Intradomain traffic matrix generated by geant-TM-all.pl</title>
    <date>2005-01-02T03:15:00</date>
    <duration>900</duration>
    <author>Steve Uhlig</author>
    <units>
        <unit type="bandwidth" value="kbps"/>
    </units>
  </info>
  <IntraTM ASID="20965">
    <src id="12">
      <dst id="12">341493.0844</dst>
      <dst id="13">17875.1378</dst>
      <dst id="19">7618.3644</dst>
      <dst id="23">333.5556</dst>
      <dst id="8">9548.4000</dst>
      <dst id="18">4530.1956</dst>
      <dst id="4">146209.0133</dst>
      <dst id="1">9753.8222</dst>
      <dst id="5">10699.6356</dst>
      <dst id="3">2444.5333</dst>
      <dst id="22">7611.8489</dst>
      <dst id="7">2591.6978</dst>
      <dst id="2">115585.8933</dst>
      <dst id="6">1.5822</dst>
      <dst id="16">5243.0489</dst>
      <dst id="14">2488.9956</dst>
      <dst id="20">30802.8178</dst>
      <dst id="11">6399.1733</dst>
      <dst id="9">5374.3644</dst>
      <dst id="17">82228.9156</dst>
      <dst id="21">26857.2622</dst>
      <dst id="15">6083.5200</dst>
    </src>
    <src id="13">
      <dst id="12">75249.4844</dst>
      <dst id="19">10641.4844</dst>
      <dst id="23">400.4711</dst>
      <dst id="8">12630.3644</dst>
      <dst id="18">9081.8044</dst>
      <dst id="1">6745.1378</dst>
      <dst id="5">18009.8489</dst>
      <dst id="3">10464.2311</dst>
      <dst id="22">22758.7911</dst>
      <dst id="7">16507.0667</dst>
      <dst id="2">159784.0889</dst>
      <dst id="6">58.1067</dst>
      <dst id="16">11070.6222</dst>
      <dst id="14">2255.4311</dst>
      <dst id="20">15302.5244</dst>
      <dst id="11">15060.3289</dst>
      <dst id="9">28842.2756</dst>
      <dst id="17">58013.1378</dst>
      <dst id="21">30965.2267</dst>
      <dst id="15">2338.4711</dst>
    </src>
    <src id="19">
      <dst id="12">15035.4400</dst>
      <dst id="13">5020.7733</dst>
      <dst id="23">1.1911</dst>
      <dst id="8">116.2844</dst>
      <dst id="18">268.8889</dst>
      <dst id="4">23168.1511</dst>
      <dst id="1">2404.4978</dst>
      <dst id="5">7.1378</dst>
      <dst id="3">62.8533</dst>
      <dst id="22">810.1956</dst>
      <dst id="7">5575.4222</dst>
      <dst id="2">25196.7378</dst>
      <dst id="6">104.4178</dst>
      <dst id="16">6011.0933</dst>
      <dst id="14">13.5111</dst>
      <dst id="20">549.3333</dst>
      <dst id="11">343.7511</dst>
      <dst id="9">520.1956</dst>
      <dst id="17">2366.2933</dst>
      <dst id="21">375.9111</dst>
      <dst id="15">0.4533</dst>
    </src>
    <src id="23">
      <dst id="12">253.8756</dst>
      <dst id="13">615.7156</dst>
      <dst id="19">2.6756</dst>
      <dst id="8">58.9511</dst>
      <dst id="18">720.3733</dst>
      <dst id="4">3372.9067</dst>
      <dst id="1">67.9644</dst>
      <dst id="5">39.8044</dst>
      <dst id="3">273.1111</dst>
      <dst id="22">48.8889</dst>
      <dst id="7">936.0356</dst>
      <dst id="2">7.9022</dst>
      <dst id="6">0.4622</dst>
      <dst id="16">801.3867</dst>
      <dst id="14">38.3022</dst>
      <dst id="20">212.8889</dst>
      <dst id="11">174.0089</dst>
      <dst id="9">14.4711</dst>
      <dst id="17">180.7822</dst>
      <dst id="21">1943.1911</dst>
      <dst id="15">0.6756</dst>
    </src>
    <src id="8">
      <dst id="12">359044.5422</dst>
      <dst id="13">2158.3822</dst>
      <dst id="19">41.8756</dst>
      <dst id="23">114.2133</dst>
      <dst id="18">393.5111</dst>
      <dst id="4">8948.9244</dst>
      <dst id="1">107.8489</dst>
      <dst id="5">7251.0133</dst>
      <dst id="3">56.5156</dst>
      <dst id="22">756.3556</dst>
      <dst id="7">25.3778</dst>
      <dst id="2">147238.5778</dst>
      <dst id="6">1.9022</dst>
      <dst id="16">795.0133</dst>
      <dst id="14">6.4711</dst>
      <dst id="20">1267.8044</dst>
      <dst id="11">493.0222</dst>
      <dst id="9">1569.8400</dst>
      <dst id="17">94838.5778</dst>
      <dst id="21">2702.9867</dst>
      <dst id="15">2394.3733</dst>
    </src>
    <src id="18">
      <dst id="12">132359.3778</dst>
      <dst id="13">156.9956</dst>
      <dst id="19">783.4311</dst>
      <dst id="23">11.0311</dst>
      <dst id="8">182.2489</dst>
      <dst id="4">2809.7156</dst>
      <dst id="1">846.3822</dst>
      <dst id="5">330.8800</dst>
      <dst id="3">217.5556</dst>
      <dst id="22">352.2667</dst>
      <dst id="7">139.9467</dst>
      <dst id="2">37945.7511</dst>
      <dst id="16">391.4311</dst>
      <dst id="14">2.8978</dst>
      <dst id="20">73.9911</dst>
      <dst id="11">320.6222</dst>
      <dst id="9">101.7778</dst>
      <dst id="17">32767.0667</dst>
      <dst id="21">827.8756</dst>
      <dst id="15">4.8800</dst>
    </src>
    <src id="4">
      <dst id="12">21216.5600</dst>
      <dst id="19">10572.4000</dst>
      <dst id="23">0.4267</dst>
      <dst id="8">868.1067</dst>
      <dst id="18">7738.8800</dst>
      <dst id="4">1.1111</dst>
      <dst id="1">31214.1600</dst>
      <dst id="5">1820.5333</dst>
      <dst id="3">650.8622</dst>
      <dst id="22">7806.4444</dst>
      <dst id="7">64330.0889</dst>
      <dst id="2">61752.6756</dst>
      <dst id="6">89.7778</dst>
      <dst id="16">3372.8889</dst>
      <dst id="14">5551.6622</dst>
      <dst id="20">4770.5689</dst>
      <dst id="11">13123.3689</dst>
      <dst id="9">3044.9067</dst>
      <dst id="17">62751.6267</dst>
      <dst id="21">20314.5422</dst>
      <dst id="15">975.6444</dst>
    </src>
    <src id="1">
      <dst id="12">16282.1333</dst>
      <dst id="13">1624.8711</dst>
      <dst id="19">115.7600</dst>
      <dst id="23">95.6711</dst>
      <dst id="8">164592.3733</dst>
      <dst id="18">21650.5156</dst>
      <dst id="4">29381.7689</dst>
      <dst id="1">97454.9333</dst>
      <dst id="5">283473.0578</dst>
      <dst id="3">1971.4933</dst>
      <dst id="22">7042.8711</dst>
      <dst id="7">3900.6578</dst>
      <dst id="2">3087.3956</dst>
      <dst id="6">8521.3333</dst>
      <dst id="16">10817.5644</dst>
      <dst id="14">437.3244</dst>
      <dst id="20">1596.9156</dst>
      <dst id="11">1755.6978</dst>
      <dst id="9">280366.1156</dst>
      <dst id="17">3074.8622</dst>
      <dst id="21">3288.3378</dst>
      <dst id="15">481.6444</dst>
    </src>
    <src id="5">
      <dst id="12">376280.0089</dst>
      <dst id="13">4349.6800</dst>
      <dst id="19">82.0622</dst>
      <dst id="23">40.6400</dst>
      <dst id="8">2594.9689</dst>
      <dst id="18">2157.1111</dst>
      <dst id="4">6696.4356</dst>
      <dst id="1">519.1911</dst>
      <dst id="3">165.8578</dst>
      <dst id="22">13712.0356</dst>
      <dst id="7">215.3244</dst>
      <dst id="2">168911.6267</dst>
      <dst id="6">2.1422</dst>
      <dst id="16">853.8844</dst>
      <dst id="14">27.1733</dst>
      <dst id="20">3919.0133</dst>
      <dst id="11">1216.4089</dst>
      <dst id="9">2136.6933</dst>
      <dst id="17">88281.1467</dst>
      <dst id="21">597.4933</dst>
      <dst id="15">18.4000</dst>
    </src>
    <src id="3">
      <dst id="12">9560.6222</dst>
      <dst id="13">554.6222</dst>
      <dst id="19">1136.8089</dst>
      <dst id="23">50.9600</dst>
      <dst id="8">52.2933</dst>
      <dst id="18">148880.6222</dst>
      <dst id="4">37646.3289</dst>
      <dst id="1">14993.9467</dst>
      <dst id="5">798.1600</dst>
      <dst id="3">18834.7556</dst>
      <dst id="22">3495.0667</dst>
      <dst id="7">6853.3689</dst>
      <dst id="2">5431.4489</dst>
      <dst id="6">5.5022</dst>
      <dst id="16">1090.7822</dst>
      <dst id="14">45294.8356</dst>
      <dst id="20">561.9289</dst>
      <dst id="11">190235.9911</dst>
      <dst id="9">300.2667</dst>
      <dst id="17">29061.7778</dst>
      <dst id="21">7048.9244</dst>
      <dst id="15">110.8533</dst>
    </src>
    <src id="10">
      <dst id="12">14517.1556</dst>
      <dst id="19">1882.0533</dst>
      <dst id="8">1159.2356</dst>
      <dst id="18">4849.8400</dst>
      <dst id="1">1364.4889</dst>
      <dst id="5">856.7111</dst>
      <dst id="3">17245.6089</dst>
      <dst id="22">6088.2311</dst>
      <dst id="7">7864.5689</dst>
      <dst id="2">40116.8000</dst>
      <dst id="6">53.8400</dst>
      <dst id="16">2548.2578</dst>
      <dst id="14">1209.0044</dst>
      <dst id="20">2820.2844</dst>
      <dst id="11">2671.3422</dst>
      <dst id="9">1029.2356</dst>
      <dst id="17">29328.6044</dst>
      <dst id="21">12451.3689</dst>
      <dst id="15">786.6933</dst>
    </src>
    <src id="22">
      <dst id="12">13213.3067</dst>
      <dst id="13">4823.9289</dst>
      <dst id="19">240.0711</dst>
      <dst id="23">58.5956</dst>
      <dst id="8">3956.3822</dst>
      <dst id="18">2469.7244</dst>
      <dst id="4">19365.1378</dst>
      <dst id="1">608.0533</dst>
      <dst id="5">7732.5956</dst>
      <dst id="3">462.4000</dst>
      <dst id="7">444.9511</dst>
      <dst id="2">2111.2622</dst>
      <dst id="6">18.2667</dst>
      <dst id="16">2.0178</dst>
      <dst id="14">61.8578</dst>
      <dst id="11">5376.7822</dst>
      <dst id="9">2932.6400</dst>
      <dst id="17">5313.1467</dst>
      <dst id="21">2593.2711</dst>
    </src>
    <src id="7">
      <dst id="12">9218.3911</dst>
      <dst id="13">1470.6044</dst>
      <dst id="19">602.2578</dst>
      <dst id="23">226.3822</dst>
      <dst id="8">283.3956</dst>
      <dst id="18">2586.3556</dst>
      <dst id="4">93568.6756</dst>
      <dst id="1">26719.3600</dst>
      <dst id="5">2329.9556</dst>
      <dst id="3">789.1200</dst>
      <dst id="22">2873.5111</dst>
      <dst id="7">708.3556</dst>
      <dst id="2">22172.2222</dst>
      <dst id="6">6.0444</dst>
      <dst id="16">694.6933</dst>
      <dst id="14">186.3644</dst>
      <dst id="20">603.2089</dst>
      <dst id="11">2090.1244</dst>
      <dst id="9">1409.4844</dst>
      <dst id="17">12033.9911</dst>
      <dst id="21">11594.5956</dst>
      <dst id="15">485.0400</dst>
    </src>
    <src id="2">
      <dst id="12">126166.6667</dst>
      <dst id="13">11061.3511</dst>
      <dst id="19">8394.2311</dst>
      <dst id="8">2273.8400</dst>
      <dst id="18">134764.1333</dst>
      <dst id="4">139275.5822</dst>
      <dst id="1">14915.0044</dst>
      <dst id="5">1836.6578</dst>
      <dst id="3">214.1422</dst>
      <dst id="22">3539.3511</dst>
      <dst id="7">32565.0489</dst>
      <dst id="2">1412.3911</dst>
      <dst id="6">7478.1689</dst>
      <dst id="16">2461.4756</dst>
      <dst id="14">486.6311</dst>
      <dst id="20">1404.7022</dst>
      <dst id="11">5216.3733</dst>
      <dst id="9">1341.3244</dst>
      <dst id="17">44130.3200</dst>
      <dst id="21">14905.1556</dst>
      <dst id="15">324.4533</dst>
    </src>
    <src id="6">
      <dst id="12">11026.2933</dst>
      <dst id="13">6.0622</dst>
      <dst id="19">2.3200</dst>
      <dst id="23">12.4267</dst>
      <dst id="4">86.4622</dst>
      <dst id="1">14.6667</dst>
      <dst id="5">15.3600</dst>
      <dst id="22">94.1511</dst>
      <dst id="7">24.0889</dst>
      <dst id="2">2286.2400</dst>
      <dst id="20">17.3156</dst>
      <dst id="11">12.2133</dst>
      <dst id="9">12.6400</dst>
      <dst id="17">1460.4000</dst>
      <dst id="21">13.1733</dst>
    </src>
    <src id="16">
      <dst id="12">5308.2667</dst>
      <dst id="13">598.6133</dst>
      <dst id="19">4540.0356</dst>
      <dst id="23">28.0533</dst>
      <dst id="8">13156.8711</dst>
      <dst id="18">77.9378</dst>
      <dst id="4">8495.6622</dst>
      <dst id="1">15655.1200</dst>
      <dst id="5">12766.0800</dst>
      <dst id="3">7.5733</dst>
      <dst id="22">22.7911</dst>
      <dst id="7">2964.3467</dst>
      <dst id="2">824.1244</dst>
      <dst id="16">65.8222</dst>
      <dst id="14">492.0889</dst>
      <dst id="11">151.1111</dst>
      <dst id="9">6211.7689</dst>
      <dst id="17">3071.6622</dst>
      <dst id="21">1424.5422</dst>
    </src>
    <src id="14">
      <dst id="12">23315.9378</dst>
      <dst id="13">80.0711</dst>
      <dst id="19">9.6000</dst>
      <dst id="8">0.3556</dst>
      <dst id="18">1.1733</dst>
      <dst id="4">3282.7644</dst>
      <dst id="1">33.2533</dst>
      <dst id="5">328.9244</dst>
      <dst id="3">86.2044</dst>
      <dst id="22">20.2311</dst>
      <dst id="7">62.1689</dst>
      <dst id="2">7591.6978</dst>
      <dst id="16">58.9067</dst>
      <dst id="20">167.0044</dst>
      <dst id="11">21.0133</dst>
      <dst id="9">62.0978</dst>
      <dst id="17">7997.5200</dst>
      <dst id="21">364.9511</dst>
    </src>
    <src id="20">
      <dst id="12">10435.7333</dst>
      <dst id="13">3532.6756</dst>
      <dst id="19">36.1156</dst>
      <dst id="23">27.5556</dst>
      <dst id="8">3283.6800</dst>
      <dst id="18">270.6667</dst>
      <dst id="4">12468.0978</dst>
      <dst id="1">257.0933</dst>
      <dst id="5">4644.0356</dst>
      <dst id="3">1673.6889</dst>
      <dst id="22">3.2356</dst>
      <dst id="7">72.7111</dst>
      <dst id="2">4892.7467</dst>
      <dst id="6">18.3200</dst>
      <dst id="14">112.6667</dst>
      <dst id="11">579.5822</dst>
      <dst id="9">14729.6356</dst>
      <dst id="17">3577.9022</dst>
      <dst id="21">1443.4489</dst>
    </src>
    <src id="11">
      <dst id="12">456644.8356</dst>
      <dst id="13">3175.7422</dst>
      <dst id="19">11.9733</dst>
      <dst id="23">157.6978</dst>
      <dst id="8">1093.1644</dst>
      <dst id="18">467.5911</dst>
      <dst id="4">20481.7600</dst>
      <dst id="1">496.7200</dst>
      <dst id="5">2204.0178</dst>
      <dst id="3">1054.1600</dst>
      <dst id="22">4575.5200</dst>
      <dst id="7">523.1644</dst>
      <dst id="2">180893.7511</dst>
      <dst id="6">10.8444</dst>
      <dst id="16">1544.9244</dst>
      <dst id="14">61.6622</dst>
      <dst id="20">1766.8711</dst>
      <dst id="11">2045.3511</dst>
      <dst id="9">3841.6356</dst>
      <dst id="17">122388.9067</dst>
      <dst id="21">1909.2444</dst>
      <dst id="15">301.1556</dst>
    </src>
    <src id="9">
      <dst id="12">540371.6356</dst>
      <dst id="13">5869.7689</dst>
      <dst id="19">110.0178</dst>
      <dst id="23">0.8178</dst>
      <dst id="8">2174.0800</dst>
      <dst id="18">338.2933</dst>
      <dst id="4">13159.1378</dst>
      <dst id="1">12065.0933</dst>
      <dst id="5">2487.6889</dst>
      <dst id="3">13.3333</dst>
      <dst id="22">13232.5600</dst>
      <dst id="7">280.8089</dst>
      <dst id="2">205492.1600</dst>
      <dst id="6">1.0933</dst>
      <dst id="16">1240.2133</dst>
      <dst id="14">41.2444</dst>
      <dst id="20">6629.4400</dst>
      <dst id="11">1170.5867</dst>
      <dst id="9">307.3333</dst>
      <dst id="17">135117.2978</dst>
      <dst id="21">1452.0444</dst>
      <dst id="15">2917.6622</dst>
    </src>
    <src id="17">
      <dst id="12">20101.1733</dst>
      <dst id="13">2306.4889</dst>
      <dst id="19">876.2489</dst>
      <dst id="23">330.5956</dst>
      <dst id="8">173477.1022</dst>
      <dst id="18">1105.6444</dst>
      <dst id="4">65367.6000</dst>
      <dst id="1">10554.4000</dst>
      <dst id="5">293553.6800</dst>
      <dst id="3">15479.5200</dst>
      <dst id="22">12486.9511</dst>
      <dst id="7">25045.5378</dst>
      <dst id="2">11359.4133</dst>
      <dst id="6">145.7689</dst>
      <dst id="16">4873.6444</dst>
      <dst id="14">56421.6356</dst>
      <dst id="20">5760.4356</dst>
      <dst id="11">147732.0889</dst>
      <dst id="9">255829.1467</dst>
      <dst id="17">1810.0089</dst>
      <dst id="21">20748.6667</dst>
      <dst id="15">446.9956</dst>
    </src>
    <src id="21">
      <dst id="12">16918.0089</dst>
      <dst id="13">808.3111</dst>
      <dst id="19">552.4622</dst>
      <dst id="23">103.5289</dst>
      <dst id="8">657.8756</dst>
      <dst id="18">2568.9600</dst>
      <dst id="4">53396.0622</dst>
      <dst id="1">1567.0222</dst>
      <dst id="5">693.9733</dst>
      <dst id="3">1448.1067</dst>
      <dst id="22">3141.5644</dst>
      <dst id="7">3221.5644</dst>
      <dst id="2">12163.0844</dst>
      <dst id="6">5.3422</dst>
      <dst id="16">482.9867</dst>
      <dst id="14">114.5511</dst>
      <dst id="20">828.9422</dst>
      <dst id="11">1147.3600</dst>
      <dst id="9">2455.5733</dst>
      <dst id="17">5733.2978</dst>
      <dst id="21">2054.2044</dst>
      <dst id="15">210.1600</dst>
    </src>
    <src id="15">
      <dst id="12">2298.3911</dst>
      <dst id="13">2174.6489</dst>
      <dst id="19">18.3467</dst>
      <dst id="8">48.3644</dst>
      <dst id="18">5.6267</dst>
      <dst id="4">6738.1956</dst>
      <dst id="1">545.8222</dst>
      <dst id="5">204.1067</dst>
      <dst id="3">14.3378</dst>
      <dst id="7">57.0489</dst>
      <dst id="2">335.9733</dst>
      <dst id="6">1.1378</dst>
      <dst id="14">2.1422</dst>
      <dst id="11">105.2533</dst>
      <dst id="9">2164.3467</dst>
      <dst id="17">183.0844</dst>
      <dst id="21">3135.9733</dst>
    </src>
  </IntraTM>
</TrafficMatrixFile>
