<?xml version="1.0" encoding="UTF-8" standalone="yes"?>
<TrafficMatrixFile xmlns:xsi="http://www.w3.org/2001/XMLSchema-instance" xsi:noNamespaceSchemaLocation="http://totem.run.montefiore.ulg.ac.be/Schema/TrafficMatrix-v1_2.xsd">
  <info>
    <title>Intradomain traffic matrix generated by geant-TM-all.pl</title>
    <date>2005-01-02T08:15:00</date>
    <duration>900</duration>
    <author>Steve Uhlig</author>
    <units>
        <unit type="bandwidth" value="kbps"/>
    </units>
  </info>
  <IntraTM ASID="20965">
    <src id="12">
      <dst id="12">246192.0178</dst>
      <dst id="13">27819.6800</dst>
      <dst id="19">1013.3956</dst>
      <dst id="23">10708.5156</dst>
      <dst id="8">3856.4622</dst>
      <dst id="18">324.0978</dst>
      <dst id="4">96078.1067</dst>
      <dst id="1">7512.6933</dst>
      <dst id="5">3531.2978</dst>
      <dst id="3">4468.1067</dst>
      <dst id="22">16613.9289</dst>
      <dst id="7">13317.8489</dst>
      <dst id="2">82515.2533</dst>
      <dst id="6">89.6089</dst>
      <dst id="16">5307.5733</dst>
      <dst id="14">296.0889</dst>
      <dst id="20">1070.2222</dst>
      <dst id="11">6988.5778</dst>
      <dst id="9">15452.8711</dst>
      <dst id="17">75166.5689</dst>
      <dst id="21">10164.9156</dst>
      <dst id="15">334.4356</dst>
    </src>
    <src id="13">
      <dst id="12">109398.4533</dst>
      <dst id="19">6817.8311</dst>
      <dst id="23">52.7556</dst>
      <dst id="8">8962.5333</dst>
      <dst id="18">3546.8622</dst>
      <dst id="1">3815.3511</dst>
      <dst id="5">8236.9867</dst>
      <dst id="3">4636.4622</dst>
      <dst id="22">25119.4844</dst>
      <dst id="7">9720.9156</dst>
      <dst id="2">141332.1244</dst>
      <dst id="6">8.9422</dst>
      <dst id="16">8092.7378</dst>
      <dst id="14">1507.7333</dst>
      <dst id="20">17086.6133</dst>
      <dst id="11">17842.4711</dst>
      <dst id="9">21521.8400</dst>
      <dst id="17">36205.5556</dst>
      <dst id="21">18996.9956</dst>
      <dst id="15">3380.9156</dst>
    </src>
    <src id="19">
      <dst id="12">13322.3467</dst>
      <dst id="13">1762.1422</dst>
      <dst id="23">0.4978</dst>
      <dst id="8">7.5022</dst>
      <dst id="18">13.3333</dst>
      <dst id="4">20918.6489</dst>
      <dst id="1">440.5778</dst>
      <dst id="5">96.5333</dst>
      <dst id="3">13.3333</dst>
      <dst id="22">881.7778</dst>
      <dst id="7">2809.2889</dst>
      <dst id="2">643.3244</dst>
      <dst id="6">39.0489</dst>
      <dst id="16">4164.6222</dst>
      <dst id="14">1.0667</dst>
      <dst id="20">59.2622</dst>
      <dst id="11">7.9289</dst>
      <dst id="9">4007.7689</dst>
      <dst id="17">206.0000</dst>
      <dst id="21">4413.3867</dst>
      <dst id="15">1537.9022</dst>
    </src>
    <src id="23">
      <dst id="12">303.5733</dst>
      <dst id="13">911.9822</dst>
      <dst id="19">0.8267</dst>
      <dst id="8">51.3511</dst>
      <dst id="18">0.6756</dst>
      <dst id="4">53.4400</dst>
      <dst id="1">84.9422</dst>
      <dst id="5">2.4889</dst>
      <dst id="3">17.7511</dst>
      <dst id="22">902.3467</dst>
      <dst id="7">31.2089</dst>
      <dst id="2">430.3111</dst>
      <dst id="6">0.4978</dst>
      <dst id="16">81.2444</dst>
      <dst id="14">2.0711</dst>
      <dst id="20">66.6667</dst>
      <dst id="11">1.6444</dst>
      <dst id="9">273.4933</dst>
      <dst id="17">336.2933</dst>
      <dst id="21">1178.9067</dst>
      <dst id="15">1.1378</dst>
    </src>
    <src id="8">
      <dst id="12">326391.5289</dst>
      <dst id="13">328.8267</dst>
      <dst id="19">28.4178</dst>
      <dst id="23">1559.9733</dst>
      <dst id="18">97.3244</dst>
      <dst id="4">7309.8756</dst>
      <dst id="1">35.3600</dst>
      <dst id="5">1534.6667</dst>
      <dst id="3">0.3200</dst>
      <dst id="22">821.2356</dst>
      <dst id="7">116.4800</dst>
      <dst id="2">113831.4756</dst>
      <dst id="16">642.7200</dst>
      <dst id="14">0.3556</dst>
      <dst id="20">101.9378</dst>
      <dst id="11">123.7867</dst>
      <dst id="9">392.7378</dst>
      <dst id="17">116203.5200</dst>
      <dst id="21">389.2267</dst>
      <dst id="15">394.7111</dst>
    </src>
    <src id="18">
      <dst id="12">99920.9244</dst>
      <dst id="13">183.3867</dst>
      <dst id="19">2.1600</dst>
      <dst id="23">0.3556</dst>
      <dst id="8">433.1111</dst>
      <dst id="4">2720.3200</dst>
      <dst id="1">998.7111</dst>
      <dst id="5">193.4311</dst>
      <dst id="3">105.3511</dst>
      <dst id="22">667.4400</dst>
      <dst id="7">257.2889</dst>
      <dst id="2">32901.4578</dst>
      <dst id="16">46.6311</dst>
      <dst id="14">0.4622</dst>
      <dst id="20">52.6400</dst>
      <dst id="11">289.1911</dst>
      <dst id="9">418.0444</dst>
      <dst id="17">40369.2800</dst>
      <dst id="21">483.7778</dst>
      <dst id="15">336.1067</dst>
    </src>
    <src id="4">
      <dst id="12">13308.1422</dst>
      <dst id="19">5504.6667</dst>
      <dst id="8">1501.0311</dst>
      <dst id="18">1120.7556</dst>
      <dst id="4">2.8800</dst>
      <dst id="1">9739.2533</dst>
      <dst id="5">1604.4444</dst>
      <dst id="3">39.3867</dst>
      <dst id="22">6536.8089</dst>
      <dst id="7">28582.8267</dst>
      <dst id="2">40319.1289</dst>
      <dst id="6">0.7111</dst>
      <dst id="16">5010.0356</dst>
      <dst id="14">1706.5156</dst>
      <dst id="20">2199.2356</dst>
      <dst id="11">6144.5422</dst>
      <dst id="9">1725.2444</dst>
      <dst id="17">31381.4133</dst>
      <dst id="21">6341.1467</dst>
      <dst id="15">379.5467</dst>
    </src>
    <src id="1">
      <dst id="12">14445.0489</dst>
      <dst id="13">999.5289</dst>
      <dst id="19">6.0089</dst>
      <dst id="23">197.7511</dst>
      <dst id="8">126556.7467</dst>
      <dst id="18">10836.8622</dst>
      <dst id="4">19240.8444</dst>
      <dst id="1">7777.6000</dst>
      <dst id="5">189779.3156</dst>
      <dst id="3">19.5378</dst>
      <dst id="22">3348.1333</dst>
      <dst id="7">15173.4578</dst>
      <dst id="2">3105.6711</dst>
      <dst id="6">8415.7422</dst>
      <dst id="16">7295.7956</dst>
      <dst id="14">51.5556</dst>
      <dst id="20">100.4711</dst>
      <dst id="11">219.4222</dst>
      <dst id="9">191549.1022</dst>
      <dst id="17">4467.6978</dst>
      <dst id="21">2240.2133</dst>
      <dst id="15">55.3156</dst>
    </src>
    <src id="5">
      <dst id="12">297493.5289</dst>
      <dst id="13">841.1467</dst>
      <dst id="19">87.7600</dst>
      <dst id="23">107.5289</dst>
      <dst id="8">932.2578</dst>
      <dst id="18">242.7022</dst>
      <dst id="4">7112.9333</dst>
      <dst id="1">266.1156</dst>
      <dst id="3">3.7156</dst>
      <dst id="22">4537.0844</dst>
      <dst id="7">93.2711</dst>
      <dst id="2">116512.1511</dst>
      <dst id="6">13.7422</dst>
      <dst id="16">226.5422</dst>
      <dst id="14">6.9778</dst>
      <dst id="20">10666.0178</dst>
      <dst id="11">1554.2489</dst>
      <dst id="9">902.9600</dst>
      <dst id="17">109122.0622</dst>
      <dst id="21">484.1333</dst>
      <dst id="15">156.2400</dst>
    </src>
    <src id="3">
      <dst id="12">15296.4800</dst>
      <dst id="13">245.2444</dst>
      <dst id="19">4143.4400</dst>
      <dst id="23">0.5333</dst>
      <dst id="8">7.7600</dst>
      <dst id="18">89645.7067</dst>
      <dst id="4">24922.5600</dst>
      <dst id="1">6017.0400</dst>
      <dst id="5">524.9778</dst>
      <dst id="3">10241.7689</dst>
      <dst id="22">887.4400</dst>
      <dst id="7">2171.2356</dst>
      <dst id="2">5182.4267</dst>
      <dst id="6">0.6578</dst>
      <dst id="16">1293.3778</dst>
      <dst id="14">32502.2667</dst>
      <dst id="20">89.3600</dst>
      <dst id="11">136077.9022</dst>
      <dst id="9">117.9022</dst>
      <dst id="17">34308.4889</dst>
      <dst id="21">4204.8533</dst>
      <dst id="15">121.0311</dst>
    </src>
    <src id="10">
      <dst id="12">14488.6756</dst>
      <dst id="19">549.1733</dst>
      <dst id="8">807.1289</dst>
      <dst id="18">4694.9244</dst>
      <dst id="1">808.2667</dst>
      <dst id="5">912.9600</dst>
      <dst id="3">8569.2267</dst>
      <dst id="22">4215.8756</dst>
      <dst id="7">15618.9778</dst>
      <dst id="2">32554.3200</dst>
      <dst id="6">0.7111</dst>
      <dst id="16">1353.2267</dst>
      <dst id="14">2467.6356</dst>
      <dst id="20">1979.9111</dst>
      <dst id="11">3517.8667</dst>
      <dst id="9">6937.4311</dst>
      <dst id="17">30169.8667</dst>
      <dst id="21">13367.8756</dst>
      <dst id="15">4193.3422</dst>
    </src>
    <src id="22">
      <dst id="12">11827.0400</dst>
      <dst id="13">4163.1111</dst>
      <dst id="19">88.0889</dst>
      <dst id="23">23.7867</dst>
      <dst id="8">1720.9689</dst>
      <dst id="18">698.6222</dst>
      <dst id="4">18663.2444</dst>
      <dst id="1">171.5200</dst>
      <dst id="5">5422.8889</dst>
      <dst id="3">515.0933</dst>
      <dst id="7">997.5467</dst>
      <dst id="2">3955.9556</dst>
      <dst id="6">0.9956</dst>
      <dst id="16">16.3556</dst>
      <dst id="14">4.6489</dst>
      <dst id="11">5669.1911</dst>
      <dst id="9">1953.6711</dst>
      <dst id="17">5436.4978</dst>
      <dst id="21">1135.9644</dst>
    </src>
    <src id="7">
      <dst id="12">3539.6000</dst>
      <dst id="13">330.1778</dst>
      <dst id="19">274.2756</dst>
      <dst id="23">48.6578</dst>
      <dst id="8">643.1822</dst>
      <dst id="18">222.6578</dst>
      <dst id="4">26802.9067</dst>
      <dst id="1">10866.6844</dst>
      <dst id="5">1699.4400</dst>
      <dst id="3">268.9333</dst>
      <dst id="22">10128.9956</dst>
      <dst id="7">644.5511</dst>
      <dst id="2">5722.8089</dst>
      <dst id="6">102.8356</dst>
      <dst id="16">673.2889</dst>
      <dst id="14">107.9644</dst>
      <dst id="20">651.7067</dst>
      <dst id="11">1224.3644</dst>
      <dst id="9">624.8800</dst>
      <dst id="17">7906.3556</dst>
      <dst id="21">10635.5378</dst>
      <dst id="15">408.3111</dst>
    </src>
    <src id="2">
      <dst id="12">88216.8800</dst>
      <dst id="13">7592.0000</dst>
      <dst id="19">8489.4756</dst>
      <dst id="23">1.0311</dst>
      <dst id="8">1000.5067</dst>
      <dst id="18">66545.7333</dst>
      <dst id="4">118452.7467</dst>
      <dst id="1">1933.3156</dst>
      <dst id="5">999.8578</dst>
      <dst id="3">22.8800</dst>
      <dst id="22">1742.8978</dst>
      <dst id="7">2836.5956</dst>
      <dst id="2">770.7822</dst>
      <dst id="6">6654.3289</dst>
      <dst id="16">3225.2622</dst>
      <dst id="14">8493.7956</dst>
      <dst id="20">732.7467</dst>
      <dst id="11">3786.3200</dst>
      <dst id="9">2006.9867</dst>
      <dst id="17">59733.5467</dst>
      <dst id="21">5808.2756</dst>
      <dst id="15">178.0089</dst>
    </src>
    <src id="6">
      <dst id="12">8967.1022</dst>
      <dst id="13">5.2978</dst>
      <dst id="19">0.6222</dst>
      <dst id="4">8.1511</dst>
      <dst id="1">1.2000</dst>
      <dst id="5">14.2489</dst>
      <dst id="7">4.1689</dst>
      <dst id="2">2137.6800</dst>
      <dst id="16">2.0800</dst>
      <dst id="11">2.5956</dst>
      <dst id="9">150.3556</dst>
      <dst id="17">1087.6533</dst>
      <dst id="21">12.3111</dst>
    </src>
    <src id="16">
      <dst id="12">3380.3200</dst>
      <dst id="13">1333.0400</dst>
      <dst id="19">5050.1067</dst>
      <dst id="23">3.2267</dst>
      <dst id="8">2846.5244</dst>
      <dst id="18">3.9111</dst>
      <dst id="4">6322.2044</dst>
      <dst id="1">12755.5289</dst>
      <dst id="5">3957.4311</dst>
      <dst id="3">3.3333</dst>
      <dst id="7">2622.1067</dst>
      <dst id="2">706.5511</dst>
      <dst id="6">0.3556</dst>
      <dst id="16">34.9867</dst>
      <dst id="14">282.6044</dst>
      <dst id="11">236.2756</dst>
      <dst id="9">4003.3511</dst>
      <dst id="17">1776.6844</dst>
      <dst id="21">605.6178</dst>
    </src>
    <src id="14">
      <dst id="12">17065.2267</dst>
      <dst id="13">85.0578</dst>
      <dst id="19">55.3600</dst>
      <dst id="23">0.6578</dst>
      <dst id="4">1670.5244</dst>
      <dst id="1">54.5422</dst>
      <dst id="5">46.3822</dst>
      <dst id="3">27.1822</dst>
      <dst id="22">9.3689</dst>
      <dst id="7">41.3067</dst>
      <dst id="2">8240.2933</dst>
      <dst id="16">18.9422</dst>
      <dst id="20">16.9956</dst>
      <dst id="11">32.6578</dst>
      <dst id="9">14.8800</dst>
      <dst id="17">7307.6000</dst>
      <dst id="21">74.3289</dst>
      <dst id="15">0.6667</dst>
    </src>
    <src id="20">
      <dst id="12">11931.5111</dst>
      <dst id="13">883.0933</dst>
      <dst id="19">2273.8933</dst>
      <dst id="23">4.5422</dst>
      <dst id="8">157.9200</dst>
      <dst id="18">101.7156</dst>
      <dst id="4">11472.8178</dst>
      <dst id="1">118.8889</dst>
      <dst id="5">1280.3467</dst>
      <dst id="3">140.8000</dst>
      <dst id="7">1895.6711</dst>
      <dst id="2">3045.9822</dst>
      <dst id="14">5.7156</dst>
      <dst id="11">158.6133</dst>
      <dst id="9">5268.8444</dst>
      <dst id="17">2544.8444</dst>
      <dst id="21">219.2444</dst>
    </src>
    <src id="11">
      <dst id="12">423288.1778</dst>
      <dst id="13">2278.6311</dst>
      <dst id="19">82.8800</dst>
      <dst id="23">0.9956</dst>
      <dst id="8">142.8800</dst>
      <dst id="18">428.5333</dst>
      <dst id="4">17686.4444</dst>
      <dst id="1">480.9333</dst>
      <dst id="5">2605.8933</dst>
      <dst id="3">1854.7378</dst>
      <dst id="22">2024.1067</dst>
      <dst id="7">106.5689</dst>
      <dst id="2">175689.1378</dst>
      <dst id="6">116.6222</dst>
      <dst id="16">1096.3200</dst>
      <dst id="14">16.7378</dst>
      <dst id="20">1267.8578</dst>
      <dst id="11">1970.0444</dst>
      <dst id="9">1619.4933</dst>
      <dst id="17">149874.3378</dst>
      <dst id="21">698.4267</dst>
      <dst id="15">416.6222</dst>
    </src>
    <src id="9">
      <dst id="12">446180.8978</dst>
      <dst id="13">2389.5556</dst>
      <dst id="19">225.2889</dst>
      <dst id="23">13.7956</dst>
      <dst id="8">379.7511</dst>
      <dst id="18">267.2533</dst>
      <dst id="4">16399.1022</dst>
      <dst id="1">223.7244</dst>
      <dst id="5">3920.6400</dst>
      <dst id="3">1.8578</dst>
      <dst id="22">2483.3956</dst>
      <dst id="7">254.5333</dst>
      <dst id="2">168590.9511</dst>
      <dst id="6">29.6622</dst>
      <dst id="16">202.2844</dst>
      <dst id="14">14.4000</dst>
      <dst id="20">2472.0622</dst>
      <dst id="11">1490.9422</dst>
      <dst id="9">776.7733</dst>
      <dst id="17">189795.4044</dst>
      <dst id="21">433.0844</dst>
      <dst id="15">8543.9556</dst>
    </src>
    <src id="17">
      <dst id="12">3977.3333</dst>
      <dst id="13">2003.4933</dst>
      <dst id="19">277.7156</dst>
      <dst id="23">48.8356</dst>
      <dst id="8">151104.3467</dst>
      <dst id="18">15061.4222</dst>
      <dst id="4">170009.1733</dst>
      <dst id="1">6263.2800</dst>
      <dst id="5">187521.1644</dst>
      <dst id="3">11487.5111</dst>
      <dst id="22">12480.9333</dst>
      <dst id="7">3096.7556</dst>
      <dst id="2">13835.4489</dst>
      <dst id="6">16.2578</dst>
      <dst id="16">1732.1867</dst>
      <dst id="14">19308.7911</dst>
      <dst id="20">363.4844</dst>
      <dst id="11">109179.5822</dst>
      <dst id="9">203077.2978</dst>
      <dst id="17">1420.7733</dst>
      <dst id="21">9004.2222</dst>
      <dst id="15">180.5689</dst>
    </src>
    <src id="21">
      <dst id="12">21102.6222</dst>
      <dst id="13">1428.5867</dst>
      <dst id="19">152.5244</dst>
      <dst id="23">167.8578</dst>
      <dst id="8">775.2444</dst>
      <dst id="18">300.5067</dst>
      <dst id="4">37058.2844</dst>
      <dst id="1">1115.8756</dst>
      <dst id="5">313.7867</dst>
      <dst id="3">696.7467</dst>
      <dst id="22">2830.4356</dst>
      <dst id="7">3268.9600</dst>
      <dst id="2">8885.5289</dst>
      <dst id="6">3.2267</dst>
      <dst id="16">352.7200</dst>
      <dst id="14">73.2178</dst>
      <dst id="20">118.2489</dst>
      <dst id="11">1297.3956</dst>
      <dst id="9">427.7156</dst>
      <dst id="17">6354.1867</dst>
      <dst id="21">1542.7289</dst>
      <dst id="15">38.5333</dst>
    </src>
    <src id="15">
      <dst id="12">5870.7644</dst>
      <dst id="13">294.6311</dst>
      <dst id="19">2825.6356</dst>
      <dst id="23">0.6756</dst>
      <dst id="8">421.5200</dst>
      <dst id="18">72.3467</dst>
      <dst id="4">6024.5689</dst>
      <dst id="1">767.7689</dst>
      <dst id="5">61.6622</dst>
      <dst id="3">15.7156</dst>
      <dst id="7">18.1689</dst>
      <dst id="2">2114.4444</dst>
      <dst id="11">35.1467</dst>
      <dst id="9">592.3556</dst>
      <dst id="17">196.4000</dst>
      <dst id="21">50.4711</dst>
    </src>
  </IntraTM>
</TrafficMatrixFile>
