<?xml version="1.0" encoding="UTF-8" standalone="yes"?>
<TrafficMatrixFile xmlns:xsi="http://www.w3.org/2001/XMLSchema-instance" xsi:noNamespaceSchemaLocation="http://totem.run.montefiore.ulg.ac.be/Schema/TrafficMatrix-v1_2.xsd">
  <info>
    <title>Intradomain traffic matrix generated by geant-TM-all.pl</title>
    <date>2005-01-05T13:00:00</date>
    <duration>900</duration>
    <author>Steve Uhlig</author>
    <units>
        <unit type="bandwidth" value="kbps"/>
    </units>
  </info>
  <IntraTM ASID="20965">
    <src id="12">
      <dst id="12">189926.1511</dst>
      <dst id="13">10175.7333</dst>
      <dst id="19">4077.0489</dst>
      <dst id="23">49.6622</dst>
      <dst id="8">659.6978</dst>
      <dst id="18">138.9689</dst>
      <dst id="4">96536.0178</dst>
      <dst id="1">14698.0533</dst>
      <dst id="5">1330.9156</dst>
      <dst id="3">1374.1422</dst>
      <dst id="22">6299.2178</dst>
      <dst id="7">1266.5333</dst>
      <dst id="2">57964.3733</dst>
      <dst id="6">0.8889</dst>
      <dst id="16">3463.9022</dst>
      <dst id="14">88.1778</dst>
      <dst id="20">3143.0756</dst>
      <dst id="11">1012.7911</dst>
      <dst id="9">1924.6133</dst>
      <dst id="17">54515.9556</dst>
      <dst id="21">1351.9111</dst>
      <dst id="15">1151.2978</dst>
    </src>
    <src id="13">
      <dst id="12">28978.5511</dst>
      <dst id="19">7925.9200</dst>
      <dst id="23">16.7200</dst>
      <dst id="8">2230.2133</dst>
      <dst id="18">3419.3422</dst>
      <dst id="1">1150.8000</dst>
      <dst id="5">3854.9244</dst>
      <dst id="3">8673.5644</dst>
      <dst id="22">15710.0089</dst>
      <dst id="7">10373.9022</dst>
      <dst id="2">69261.4044</dst>
      <dst id="6">108.0000</dst>
      <dst id="16">3284.6133</dst>
      <dst id="14">1556.2933</dst>
      <dst id="20">8312.0444</dst>
      <dst id="11">3757.8311</dst>
      <dst id="9">17919.0844</dst>
      <dst id="17">26022.0711</dst>
      <dst id="21">9681.9911</dst>
      <dst id="15">630.0978</dst>
    </src>
    <src id="19">
      <dst id="12">13800.3289</dst>
      <dst id="13">115.4578</dst>
      <dst id="18">1.4667</dst>
      <dst id="4">19641.3778</dst>
      <dst id="1">280.8622</dst>
      <dst id="5">14.4533</dst>
      <dst id="3">0.4800</dst>
      <dst id="22">45.4400</dst>
      <dst id="7">3262.6844</dst>
      <dst id="2">292.8089</dst>
      <dst id="6">24.1422</dst>
      <dst id="16">5942.1244</dst>
      <dst id="14">1.2444</dst>
      <dst id="20">21.7422</dst>
      <dst id="11">52.1156</dst>
      <dst id="9">2394.1956</dst>
      <dst id="17">191.8400</dst>
      <dst id="21">114.1867</dst>
      <dst id="15">2.9156</dst>
    </src>
    <src id="23">
      <dst id="12">99.9644</dst>
      <dst id="13">257.5111</dst>
      <dst id="19">0.4978</dst>
      <dst id="18">1.3689</dst>
      <dst id="4">5.3333</dst>
      <dst id="1">46.1511</dst>
      <dst id="5">69.7244</dst>
      <dst id="3">284.5867</dst>
      <dst id="22">22.7022</dst>
      <dst id="7">137.1822</dst>
      <dst id="2">2.2489</dst>
      <dst id="6">87.5556</dst>
      <dst id="16">5.1556</dst>
      <dst id="11">39.1111</dst>
      <dst id="9">1200.5333</dst>
      <dst id="17">31.3244</dst>
      <dst id="21">36.1067</dst>
    </src>
    <src id="8">
      <dst id="12">256648.0000</dst>
      <dst id="13">475.1644</dst>
      <dst id="19">16.7467</dst>
      <dst id="18">10.8444</dst>
      <dst id="4">3763.6533</dst>
      <dst id="1">431.8311</dst>
      <dst id="5">198.8444</dst>
      <dst id="3">0.4178</dst>
      <dst id="22">457.5644</dst>
      <dst id="7">1.8756</dst>
      <dst id="2">89643.3778</dst>
      <dst id="6">0.3556</dst>
      <dst id="16">97.7600</dst>
      <dst id="20">111.7956</dst>
      <dst id="11">178.4622</dst>
      <dst id="9">496.5956</dst>
      <dst id="17">94272.9067</dst>
      <dst id="21">179.0667</dst>
      <dst id="15">35.7067</dst>
    </src>
    <src id="18">
      <dst id="12">88411.1111</dst>
      <dst id="13">131.5111</dst>
      <dst id="19">0.5600</dst>
      <dst id="23">0.3556</dst>
      <dst id="8">21.0133</dst>
      <dst id="4">3670.7556</dst>
      <dst id="1">1003.9200</dst>
      <dst id="5">107.1111</dst>
      <dst id="3">4.5067</dst>
      <dst id="22">124.2933</dst>
      <dst id="7">19.2000</dst>
      <dst id="2">25392.4889</dst>
      <dst id="16">13.7867</dst>
      <dst id="14">56.1067</dst>
      <dst id="20">0.8444</dst>
      <dst id="11">110.5600</dst>
      <dst id="9">33.3244</dst>
      <dst id="17">33328.8711</dst>
      <dst id="21">29.1556</dst>
      <dst id="15">18.8444</dst>
    </src>
    <src id="4">
      <dst id="12">8259.8489</dst>
      <dst id="19">16011.7600</dst>
      <dst id="8">250.9600</dst>
      <dst id="18">223.5111</dst>
      <dst id="1">124130.0800</dst>
      <dst id="5">1055.7333</dst>
      <dst id="3">257.8933</dst>
      <dst id="22">1980.3467</dst>
      <dst id="7">37839.9200</dst>
      <dst id="2">48418.3022</dst>
      <dst id="6">2.2667</dst>
      <dst id="16">718.2667</dst>
      <dst id="14">1338.3733</dst>
      <dst id="20">553.4844</dst>
      <dst id="11">1764.4356</dst>
      <dst id="9">4131.2178</dst>
      <dst id="17">14124.9333</dst>
      <dst id="21">4764.7111</dst>
      <dst id="15">11.5289</dst>
    </src>
    <src id="1">
      <dst id="12">19183.7867</dst>
      <dst id="13">3159.4667</dst>
      <dst id="19">30.4978</dst>
      <dst id="23">5.2978</dst>
      <dst id="8">56988.2756</dst>
      <dst id="18">12590.6667</dst>
      <dst id="4">9674.7111</dst>
      <dst id="1">10834.2044</dst>
      <dst id="5">121343.5111</dst>
      <dst id="3">1366.6222</dst>
      <dst id="22">194.9600</dst>
      <dst id="7">1365.2533</dst>
      <dst id="2">8058.3289</dst>
      <dst id="6">3280.2400</dst>
      <dst id="16">11206.0711</dst>
      <dst id="14">34.2222</dst>
      <dst id="20">100.1422</dst>
      <dst id="11">1618.5867</dst>
      <dst id="9">112346.5244</dst>
      <dst id="17">4278.1422</dst>
      <dst id="21">5309.7867</dst>
      <dst id="15">1664.0444</dst>
    </src>
    <src id="5">
      <dst id="12">231303.9111</dst>
      <dst id="13">1175.9289</dst>
      <dst id="19">42.1422</dst>
      <dst id="23">1.4222</dst>
      <dst id="8">510.2578</dst>
      <dst id="18">505.2800</dst>
      <dst id="4">4702.0356</dst>
      <dst id="1">233.0756</dst>
      <dst id="3">29.0222</dst>
      <dst id="22">1963.2889</dst>
      <dst id="7">126.6133</dst>
      <dst id="2">93885.5111</dst>
      <dst id="6">11.2711</dst>
      <dst id="16">195.2889</dst>
      <dst id="14">34.5511</dst>
      <dst id="20">108.2667</dst>
      <dst id="11">226.1689</dst>
      <dst id="9">455.8489</dst>
      <dst id="17">82799.8756</dst>
      <dst id="21">202.1156</dst>
      <dst id="15">244.7911</dst>
    </src>
    <src id="3">
      <dst id="12">15537.7689</dst>
      <dst id="13">1937.3600</dst>
      <dst id="19">1548.3022</dst>
      <dst id="23">11896.6756</dst>
      <dst id="8">6.1600</dst>
      <dst id="18">38532.0533</dst>
      <dst id="4">27369.7156</dst>
      <dst id="1">4237.2711</dst>
      <dst id="5">483.1022</dst>
      <dst id="3">7737.0756</dst>
      <dst id="22">6006.5600</dst>
      <dst id="7">4670.3289</dst>
      <dst id="2">14890.0889</dst>
      <dst id="6">1.2178</dst>
      <dst id="16">1393.6533</dst>
      <dst id="14">14203.2711</dst>
      <dst id="20">2916.8622</dst>
      <dst id="11">78849.1022</dst>
      <dst id="9">248.0533</dst>
      <dst id="17">6891.8489</dst>
      <dst id="21">12861.3600</dst>
      <dst id="15">2667.0044</dst>
    </src>
    <src id="10">
      <dst id="12">12367.6089</dst>
      <dst id="19">5307.3067</dst>
      <dst id="8">317.3067</dst>
      <dst id="18">2022.2044</dst>
      <dst id="1">3907.1733</dst>
      <dst id="5">308.9778</dst>
      <dst id="3">467.8044</dst>
      <dst id="22">3677.8044</dst>
      <dst id="7">61229.6444</dst>
      <dst id="2">16636.3111</dst>
      <dst id="6">0.5333</dst>
      <dst id="16">2276.3289</dst>
      <dst id="14">748.9511</dst>
      <dst id="20">415.9200</dst>
      <dst id="11">3860.4356</dst>
      <dst id="9">748.3022</dst>
      <dst id="17">17703.7956</dst>
      <dst id="21">3756.9244</dst>
      <dst id="15">814.8533</dst>
    </src>
    <src id="22">
      <dst id="12">11441.6267</dst>
      <dst id="13">925.6533</dst>
      <dst id="19">131.5289</dst>
      <dst id="23">7.6089</dst>
      <dst id="8">383.5644</dst>
      <dst id="18">690.3467</dst>
      <dst id="4">19847.5111</dst>
      <dst id="1">289.1289</dst>
      <dst id="5">1182.0533</dst>
      <dst id="3">689.5378</dst>
      <dst id="7">1182.7289</dst>
      <dst id="2">2882.9689</dst>
      <dst id="6">13.3956</dst>
      <dst id="16">4.6844</dst>
      <dst id="14">3.4311</dst>
      <dst id="11">1120.4178</dst>
      <dst id="9">863.2267</dst>
      <dst id="17">715.4222</dst>
      <dst id="21">386.1244</dst>
    </src>
    <src id="7">
      <dst id="12">2682.1778</dst>
      <dst id="13">79.2978</dst>
      <dst id="19">270.0000</dst>
      <dst id="23">97.0044</dst>
      <dst id="8">4.5156</dst>
      <dst id="18">86.1867</dst>
      <dst id="4">21759.7867</dst>
      <dst id="1">801.3244</dst>
      <dst id="5">498.5600</dst>
      <dst id="3">111.6000</dst>
      <dst id="22">5864.0622</dst>
      <dst id="7">694.6489</dst>
      <dst id="2">5553.3422</dst>
      <dst id="6">3.1022</dst>
      <dst id="16">457.7067</dst>
      <dst id="14">42.1244</dst>
      <dst id="20">106.6844</dst>
      <dst id="11">631.9556</dst>
      <dst id="9">96.2489</dst>
      <dst id="17">4423.9556</dst>
      <dst id="21">2155.3422</dst>
      <dst id="15">16.1778</dst>
    </src>
    <src id="2">
      <dst id="12">54661.2356</dst>
      <dst id="13">503320.5156</dst>
      <dst id="19">203.9111</dst>
      <dst id="23">4.9956</dst>
      <dst id="8">71.7156</dst>
      <dst id="18">30731.6089</dst>
      <dst id="4">88662.5867</dst>
      <dst id="1">9646.8533</dst>
      <dst id="5">3531.2800</dst>
      <dst id="3">45.4489</dst>
      <dst id="22">784.3289</dst>
      <dst id="7">7095.6267</dst>
      <dst id="2">6826.3378</dst>
      <dst id="6">5344.9422</dst>
      <dst id="16">1298.1244</dst>
      <dst id="14">5449.4933</dst>
      <dst id="20">216.8711</dst>
      <dst id="11">6491.8844</dst>
      <dst id="9">333.6889</dst>
      <dst id="17">48914.8178</dst>
      <dst id="21">4882.9511</dst>
      <dst id="15">41.5378</dst>
    </src>
    <src id="6">
      <dst id="12">6869.6267</dst>
      <dst id="13">2.3289</dst>
      <dst id="19">0.6756</dst>
      <dst id="23">0.7111</dst>
      <dst id="4">1282.0444</dst>
      <dst id="22">0.2667</dst>
      <dst id="7">1.2000</dst>
      <dst id="2">1140.0178</dst>
      <dst id="16">25.0844</dst>
      <dst id="11">23.8222</dst>
      <dst id="17">1082.3200</dst>
      <dst id="21">12.1778</dst>
      <dst id="15">1.1378</dst>
    </src>
    <src id="16">
      <dst id="12">1266.9422</dst>
      <dst id="13">109.8844</dst>
      <dst id="19">2393.9644</dst>
      <dst id="23">2.2844</dst>
      <dst id="8">1208.3111</dst>
      <dst id="18">17.3511</dst>
      <dst id="4">5277.2533</dst>
      <dst id="1">20250.0889</dst>
      <dst id="5">518.1244</dst>
      <dst id="7">1319.1911</dst>
      <dst id="2">114.2756</dst>
      <dst id="6">51.1467</dst>
      <dst id="16">22.4978</dst>
      <dst id="14">347.9467</dst>
      <dst id="11">172.6489</dst>
      <dst id="9">2054.6133</dst>
      <dst id="17">3809.0489</dst>
      <dst id="21">1953.1289</dst>
    </src>
    <src id="14">
      <dst id="12">18769.8400</dst>
      <dst id="13">23.8578</dst>
      <dst id="19">3.8311</dst>
      <dst id="23">0.3556</dst>
      <dst id="8">0.4267</dst>
      <dst id="18">1.4933</dst>
      <dst id="4">2145.9733</dst>
      <dst id="1">206.3822</dst>
      <dst id="5">0.4267</dst>
      <dst id="3">48.4711</dst>
      <dst id="22">13.9022</dst>
      <dst id="7">36.2844</dst>
      <dst id="2">4566.3111</dst>
      <dst id="16">562.1333</dst>
      <dst id="20">0.7467</dst>
      <dst id="11">41.4044</dst>
      <dst id="9">0.4267</dst>
      <dst id="17">10100.5778</dst>
      <dst id="21">65.1022</dst>
    </src>
    <src id="20">
      <dst id="12">5328.5422</dst>
      <dst id="13">6411.8667</dst>
      <dst id="19">48.7378</dst>
      <dst id="8">22.5422</dst>
      <dst id="18">0.6400</dst>
      <dst id="4">9120.6489</dst>
      <dst id="1">85.6622</dst>
      <dst id="5">975.2889</dst>
      <dst id="3">148.6667</dst>
      <dst id="7">3966.4889</dst>
      <dst id="2">9720.9778</dst>
      <dst id="11">237.7689</dst>
      <dst id="9">3632.4444</dst>
      <dst id="17">4338.6756</dst>
      <dst id="21">6165.8400</dst>
    </src>
    <src id="11">
      <dst id="12">376377.6800</dst>
      <dst id="13">1208.2222</dst>
      <dst id="19">6.6756</dst>
      <dst id="23">3.6444</dst>
      <dst id="8">236.8000</dst>
      <dst id="18">256.6667</dst>
      <dst id="4">10674.4000</dst>
      <dst id="1">634.8533</dst>
      <dst id="5">590.1422</dst>
      <dst id="3">236.3467</dst>
      <dst id="22">3400.3556</dst>
      <dst id="7">509.8311</dst>
      <dst id="2">123175.4311</dst>
      <dst id="6">0.3556</dst>
      <dst id="16">44.3556</dst>
      <dst id="14">60.8889</dst>
      <dst id="20">188.6044</dst>
      <dst id="11">1271.1111</dst>
      <dst id="9">622.7733</dst>
      <dst id="17">134161.4489</dst>
      <dst id="21">134.1422</dst>
      <dst id="15">254.2756</dst>
    </src>
    <src id="9">
      <dst id="12">407219.5822</dst>
      <dst id="13">2784.2578</dst>
      <dst id="19">64.9956</dst>
      <dst id="23">41.6711</dst>
      <dst id="8">83.9022</dst>
      <dst id="18">127.4844</dst>
      <dst id="4">20238.4267</dst>
      <dst id="1">890.0089</dst>
      <dst id="5">2204.5867</dst>
      <dst id="3">52.7289</dst>
      <dst id="22">658.9600</dst>
      <dst id="7">108.2667</dst>
      <dst id="2">129534.6844</dst>
      <dst id="6">0.8533</dst>
      <dst id="16">81.5556</dst>
      <dst id="14">61.8667</dst>
      <dst id="20">13095.2356</dst>
      <dst id="11">478.1244</dst>
      <dst id="9">27.7600</dst>
      <dst id="17">156285.6711</dst>
      <dst id="21">56.7556</dst>
      <dst id="15">506.1778</dst>
    </src>
    <src id="17">
      <dst id="12">3934.4178</dst>
      <dst id="13">12198.6311</dst>
      <dst id="19">200.7733</dst>
      <dst id="23">31.4933</dst>
      <dst id="8">80439.4933</dst>
      <dst id="18">60.5867</dst>
      <dst id="4">101191.9378</dst>
      <dst id="1">3526.6844</dst>
      <dst id="5">119298.8444</dst>
      <dst id="3">3313.4222</dst>
      <dst id="22">4296.8089</dst>
      <dst id="7">6021.0667</dst>
      <dst id="2">8181.2711</dst>
      <dst id="6">128.4622</dst>
      <dst id="16">5336.5956</dst>
      <dst id="14">13413.9822</dst>
      <dst id="20">12646.0889</dst>
      <dst id="11">63225.0311</dst>
      <dst id="9">126444.3911</dst>
      <dst id="17">1330.1956</dst>
      <dst id="21">4207.9556</dst>
      <dst id="15">19.8844</dst>
    </src>
    <src id="21">
      <dst id="12">12528.6756</dst>
      <dst id="13">352.1422</dst>
      <dst id="19">72.7822</dst>
      <dst id="23">3.0222</dst>
      <dst id="8">570.4444</dst>
      <dst id="18">187.7333</dst>
      <dst id="4">18828.1156</dst>
      <dst id="1">1459.4222</dst>
      <dst id="5">244.9067</dst>
      <dst id="3">3215.7867</dst>
      <dst id="22">3220.5689</dst>
      <dst id="7">3492.7556</dst>
      <dst id="2">14079.0578</dst>
      <dst id="6">27.7511</dst>
      <dst id="16">178.7644</dst>
      <dst id="14">101.9822</dst>
      <dst id="20">331.7956</dst>
      <dst id="11">433.6089</dst>
      <dst id="9">341.0844</dst>
      <dst id="17">4771.8667</dst>
      <dst id="21">1479.2622</dst>
      <dst id="15">79.0311</dst>
    </src>
    <src id="15">
      <dst id="12">128.8711</dst>
      <dst id="13">152.7733</dst>
      <dst id="19">13.5111</dst>
      <dst id="8">95.3956</dst>
      <dst id="18">18.6933</dst>
      <dst id="4">2234.0622</dst>
      <dst id="1">1099.8489</dst>
      <dst id="5">112.3022</dst>
      <dst id="7">1107.4756</dst>
      <dst id="2">2097.6444</dst>
      <dst id="11">65.8489</dst>
      <dst id="9">357.8044</dst>
      <dst id="17">61.6889</dst>
      <dst id="21">75.7867</dst>
    </src>
  </IntraTM>
</TrafficMatrixFile>
