<?xml version="1.0" encoding="UTF-8" standalone="yes"?>
<TrafficMatrixFile xmlns:xsi="http://www.w3.org/2001/XMLSchema-instance" xsi:noNamespaceSchemaLocation="http://totem.run.montefiore.ulg.ac.be/Schema/TrafficMatrix-v1_2.xsd">
  <info>
    <title>Intradomain traffic matrix generated by geant-TM-all.pl</title>
    <date>2005-01-04T21:30:00</date>
    <duration>900</duration>
    <author>Steve Uhlig</author>
    <units>
        <unit type="bandwidth" value="kbps"/>
    </units>
  </info>
  <IntraTM ASID="20965">
    <src id="12">
      <dst id="12">236489.7956</dst>
      <dst id="13">20394.6578</dst>
      <dst id="19">909.7511</dst>
      <dst id="23">63.0933</dst>
      <dst id="8">2363.1111</dst>
      <dst id="18">1427.9289</dst>
      <dst id="4">69059.8756</dst>
      <dst id="1">18023.5467</dst>
      <dst id="5">9268.5689</dst>
      <dst id="3">2516.2400</dst>
      <dst id="22">19362.3822</dst>
      <dst id="7">4872.3822</dst>
      <dst id="2">104502.6578</dst>
      <dst id="6">3.6533</dst>
      <dst id="16">12574.6933</dst>
      <dst id="14">1860.3556</dst>
      <dst id="20">11534.7556</dst>
      <dst id="11">5988.9778</dst>
      <dst id="9">4288.4178</dst>
      <dst id="17">70579.0311</dst>
      <dst id="21">1882.9867</dst>
      <dst id="15">984.0444</dst>
    </src>
    <src id="13">
      <dst id="12">56639.7956</dst>
      <dst id="19">13542.6756</dst>
      <dst id="23">8453.4667</dst>
      <dst id="8">5875.7067</dst>
      <dst id="18">2865.8933</dst>
      <dst id="1">3661.1911</dst>
      <dst id="5">4896.8978</dst>
      <dst id="3">7303.6800</dst>
      <dst id="22">15379.9911</dst>
      <dst id="7">10643.8400</dst>
      <dst id="2">90333.4311</dst>
      <dst id="6">76.0089</dst>
      <dst id="16">7901.4844</dst>
      <dst id="14">11678.0089</dst>
      <dst id="20">17230.5689</dst>
      <dst id="11">15319.8133</dst>
      <dst id="9">6846.8267</dst>
      <dst id="17">48318.2844</dst>
      <dst id="21">7250.8800</dst>
      <dst id="15">2173.7778</dst>
    </src>
    <src id="19">
      <dst id="12">13085.6978</dst>
      <dst id="13">507.9822</dst>
      <dst id="23">0.9600</dst>
      <dst id="8">29.5111</dst>
      <dst id="4">18245.8400</dst>
      <dst id="1">244.3911</dst>
      <dst id="5">33.3600</dst>
      <dst id="3">318.1067</dst>
      <dst id="22">71.8311</dst>
      <dst id="7">3153.1378</dst>
      <dst id="2">149.6711</dst>
      <dst id="6">23.8133</dst>
      <dst id="16">7297.2800</dst>
      <dst id="14">706.6667</dst>
      <dst id="20">193.9822</dst>
      <dst id="11">3.5556</dst>
      <dst id="9">95.6089</dst>
      <dst id="17">1713.3333</dst>
      <dst id="21">406.8356</dst>
      <dst id="15">3.0578</dst>
    </src>
    <src id="23">
      <dst id="12">316.6667</dst>
      <dst id="13">330.1689</dst>
      <dst id="19">0.4622</dst>
      <dst id="8">0.5333</dst>
      <dst id="18">3.0667</dst>
      <dst id="4">0.3556</dst>
      <dst id="1">74.5867</dst>
      <dst id="5">124.2400</dst>
      <dst id="3">219.8044</dst>
      <dst id="22">163.3422</dst>
      <dst id="7">20.4711</dst>
      <dst id="2">1.8578</dst>
      <dst id="6">0.3378</dst>
      <dst id="16">55.2267</dst>
      <dst id="14">0.4622</dst>
      <dst id="20">4.3289</dst>
      <dst id="11">78.5778</dst>
      <dst id="9">3976.8178</dst>
      <dst id="17">400.8356</dst>
      <dst id="21">51.3067</dst>
    </src>
    <src id="8">
      <dst id="12">279006.3556</dst>
      <dst id="13">1466.7733</dst>
      <dst id="19">16.8889</dst>
      <dst id="23">0.4622</dst>
      <dst id="18">18.7289</dst>
      <dst id="4">8275.0756</dst>
      <dst id="1">480.5600</dst>
      <dst id="5">521.6178</dst>
      <dst id="3">25.2444</dst>
      <dst id="22">2450.9511</dst>
      <dst id="7">102.4978</dst>
      <dst id="2">119835.0133</dst>
      <dst id="6">811.7333</dst>
      <dst id="16">383.4489</dst>
      <dst id="20">23.7333</dst>
      <dst id="11">89.6267</dst>
      <dst id="9">601.6000</dst>
      <dst id="17">112946.1244</dst>
      <dst id="21">8.4267</dst>
      <dst id="15">112.4000</dst>
    </src>
    <src id="18">
      <dst id="12">87936.6400</dst>
      <dst id="13">165.0578</dst>
      <dst id="19">0.6222</dst>
      <dst id="8">54.7289</dst>
      <dst id="4">1415.8756</dst>
      <dst id="1">1330.0089</dst>
      <dst id="5">132.6044</dst>
      <dst id="3">22.6578</dst>
      <dst id="22">115.1911</dst>
      <dst id="7">13.5822</dst>
      <dst id="2">27246.7200</dst>
      <dst id="16">29.6000</dst>
      <dst id="14">4.1156</dst>
      <dst id="20">2.3822</dst>
      <dst id="11">270.1867</dst>
      <dst id="9">153.6356</dst>
      <dst id="17">33213.2356</dst>
      <dst id="21">783.5378</dst>
      <dst id="15">0.5956</dst>
    </src>
    <src id="4">
      <dst id="12">16226.7822</dst>
      <dst id="19">16137.9733</dst>
      <dst id="23">12.6222</dst>
      <dst id="8">686.4978</dst>
      <dst id="18">498.1778</dst>
      <dst id="4">5.5467</dst>
      <dst id="1">115634.7556</dst>
      <dst id="5">2212.5067</dst>
      <dst id="3">192.9422</dst>
      <dst id="22">3126.3556</dst>
      <dst id="7">52477.5822</dst>
      <dst id="2">61751.0311</dst>
      <dst id="6">103.6978</dst>
      <dst id="16">853.7511</dst>
      <dst id="14">2259.9289</dst>
      <dst id="20">2441.9200</dst>
      <dst id="11">4863.5556</dst>
      <dst id="9">3349.2356</dst>
      <dst id="17">21868.2667</dst>
      <dst id="21">3937.3778</dst>
      <dst id="15">669.5556</dst>
    </src>
    <src id="1">
      <dst id="12">29515.5022</dst>
      <dst id="13">653.9378</dst>
      <dst id="19">63.7689</dst>
      <dst id="23">60.7556</dst>
      <dst id="8">106932.1333</dst>
      <dst id="18">11966.1067</dst>
      <dst id="4">7506.5067</dst>
      <dst id="1">5958.0533</dst>
      <dst id="5">235532.8178</dst>
      <dst id="3">136.4889</dst>
      <dst id="22">1327.5467</dst>
      <dst id="7">1528.7911</dst>
      <dst id="2">2423.1378</dst>
      <dst id="6">9386.6578</dst>
      <dst id="16">11894.6400</dst>
      <dst id="14">1494.5244</dst>
      <dst id="20">202.2400</dst>
      <dst id="11">429.8489</dst>
      <dst id="9">215826.4178</dst>
      <dst id="17">5538.5156</dst>
      <dst id="21">2733.0933</dst>
      <dst id="15">97.1200</dst>
    </src>
    <src id="5">
      <dst id="12">277662.5422</dst>
      <dst id="13">1486.2844</dst>
      <dst id="19">113.9111</dst>
      <dst id="23">338.2222</dst>
      <dst id="8">1043.1822</dst>
      <dst id="18">1158.2133</dst>
      <dst id="4">4713.7689</dst>
      <dst id="1">1870.0178</dst>
      <dst id="3">3.1200</dst>
      <dst id="22">5224.2489</dst>
      <dst id="7">153.4044</dst>
      <dst id="2">122673.1200</dst>
      <dst id="6">48.4267</dst>
      <dst id="16">652.4800</dst>
      <dst id="14">2.4000</dst>
      <dst id="20">875.6622</dst>
      <dst id="11">620.1867</dst>
      <dst id="9">9243.5556</dst>
      <dst id="17">94924.3911</dst>
      <dst id="21">260.8889</dst>
      <dst id="15">187.5022</dst>
    </src>
    <src id="3">
      <dst id="12">7383.8578</dst>
      <dst id="13">587.4222</dst>
      <dst id="19">976.8800</dst>
      <dst id="23">9265.6533</dst>
      <dst id="8">39.8844</dst>
      <dst id="18">47324.9333</dst>
      <dst id="4">42666.7378</dst>
      <dst id="1">2999.0044</dst>
      <dst id="5">326.4711</dst>
      <dst id="3">10527.1822</dst>
      <dst id="22">718.0356</dst>
      <dst id="7">958.4178</dst>
      <dst id="2">4946.8356</dst>
      <dst id="6">2.4178</dst>
      <dst id="16">955.4400</dst>
      <dst id="14">65929.5644</dst>
      <dst id="20">221.1644</dst>
      <dst id="11">141420.3378</dst>
      <dst id="9">1030.6489</dst>
      <dst id="17">9106.7556</dst>
      <dst id="21">13477.4133</dst>
      <dst id="15">89.2711</dst>
    </src>
    <src id="10">
      <dst id="12">11558.2489</dst>
      <dst id="19">8483.8222</dst>
      <dst id="8">1301.4044</dst>
      <dst id="18">364.7733</dst>
      <dst id="1">2758.4622</dst>
      <dst id="5">1111.0844</dst>
      <dst id="3">1078.8178</dst>
      <dst id="22">10213.5111</dst>
      <dst id="7">10009.7244</dst>
      <dst id="2">24059.4222</dst>
      <dst id="6">3.2356</dst>
      <dst id="16">1476.9778</dst>
      <dst id="14">6408.5689</dst>
      <dst id="20">488.8711</dst>
      <dst id="11">5990.2400</dst>
      <dst id="9">9102.1067</dst>
      <dst id="17">18339.0844</dst>
      <dst id="21">7179.4489</dst>
      <dst id="15">98.6489</dst>
    </src>
    <src id="22">
      <dst id="12">10770.8622</dst>
      <dst id="13">7932.3467</dst>
      <dst id="19">293.4667</dst>
      <dst id="23">13.8311</dst>
      <dst id="8">1522.5778</dst>
      <dst id="18">286.5156</dst>
      <dst id="4">12922.5778</dst>
      <dst id="1">98.1422</dst>
      <dst id="5">3410.7822</dst>
      <dst id="3">1165.2711</dst>
      <dst id="7">229.3778</dst>
      <dst id="2">3707.2978</dst>
      <dst id="6">28.0889</dst>
      <dst id="16">40.6578</dst>
      <dst id="14">38.9422</dst>
      <dst id="11">2155.4756</dst>
      <dst id="9">2228.5511</dst>
      <dst id="17">4080.7911</dst>
      <dst id="21">1802.2578</dst>
    </src>
    <src id="7">
      <dst id="12">5042.5956</dst>
      <dst id="13">2135.4133</dst>
      <dst id="19">128.6844</dst>
      <dst id="23">30.4622</dst>
      <dst id="8">31.7956</dst>
      <dst id="18">206.9956</dst>
      <dst id="4">17023.8044</dst>
      <dst id="1">2520.8533</dst>
      <dst id="5">1326.1867</dst>
      <dst id="3">1082.8000</dst>
      <dst id="22">3064.6844</dst>
      <dst id="7">657.6356</dst>
      <dst id="2">5236.8267</dst>
      <dst id="6">41.0667</dst>
      <dst id="16">1448.0533</dst>
      <dst id="14">486.4889</dst>
      <dst id="20">371.4311</dst>
      <dst id="11">645.3422</dst>
      <dst id="9">770.6133</dst>
      <dst id="17">4123.4400</dst>
      <dst id="21">2762.0711</dst>
      <dst id="15">199.8222</dst>
    </src>
    <src id="2">
      <dst id="12">94509.6000</dst>
      <dst id="13">514368.3200</dst>
      <dst id="19">160.5600</dst>
      <dst id="23">26.6311</dst>
      <dst id="8">302.3378</dst>
      <dst id="18">40817.4844</dst>
      <dst id="4">67601.2444</dst>
      <dst id="1">4692.8711</dst>
      <dst id="5">1692.9689</dst>
      <dst id="3">59.1289</dst>
      <dst id="22">3328.5511</dst>
      <dst id="7">2281.4044</dst>
      <dst id="2">826.1689</dst>
      <dst id="6">8261.3067</dst>
      <dst id="16">2115.5022</dst>
      <dst id="14">5762.5778</dst>
      <dst id="20">1253.8222</dst>
      <dst id="11">2826.4800</dst>
      <dst id="9">498.6667</dst>
      <dst id="17">21041.6000</dst>
      <dst id="21">1950.6933</dst>
      <dst id="15">245.1467</dst>
    </src>
    <src id="6">
      <dst id="12">10672.5333</dst>
      <dst id="13">5.3422</dst>
      <dst id="19">33.5644</dst>
      <dst id="23">13.6889</dst>
      <dst id="8">32.8178</dst>
      <dst id="18">0.3556</dst>
      <dst id="4">1289.2000</dst>
      <dst id="1">12.6667</dst>
      <dst id="5">2.1600</dst>
      <dst id="22">0.3556</dst>
      <dst id="7">32.3556</dst>
      <dst id="2">2236.3111</dst>
      <dst id="16">12.8978</dst>
      <dst id="14">0.4622</dst>
      <dst id="11">73.5289</dst>
      <dst id="9">1.0756</dst>
      <dst id="17">1697.3244</dst>
      <dst id="21">3.2622</dst>
    </src>
    <src id="16">
      <dst id="12">2000.1778</dst>
      <dst id="13">323.1822</dst>
      <dst id="19">3768.1067</dst>
      <dst id="23">21.4311</dst>
      <dst id="8">4197.9289</dst>
      <dst id="18">9.1556</dst>
      <dst id="4">3081.3244</dst>
      <dst id="1">17652.8889</dst>
      <dst id="5">4293.5911</dst>
      <dst id="3">3.7156</dst>
      <dst id="7">2816.8444</dst>
      <dst id="2">807.2533</dst>
      <dst id="6">1.1200</dst>
      <dst id="16">83.6889</dst>
      <dst id="14">772.2578</dst>
      <dst id="11">222.9600</dst>
      <dst id="9">6345.6711</dst>
      <dst id="17">1671.1911</dst>
      <dst id="21">1529.6444</dst>
    </src>
    <src id="14">
      <dst id="12">27865.9911</dst>
      <dst id="13">22.6489</dst>
      <dst id="19">27.4133</dst>
      <dst id="23">1.1467</dst>
      <dst id="8">0.3556</dst>
      <dst id="18">3.8044</dst>
      <dst id="4">2774.2844</dst>
      <dst id="1">500.0000</dst>
      <dst id="5">11.2000</dst>
      <dst id="3">45.4222</dst>
      <dst id="22">894.0800</dst>
      <dst id="7">93.7867</dst>
      <dst id="2">8167.8133</dst>
      <dst id="6">0.4622</dst>
      <dst id="16">26.9778</dst>
      <dst id="20">1.2267</dst>
      <dst id="11">33.4133</dst>
      <dst id="9">5.2889</dst>
      <dst id="17">12530.7378</dst>
      <dst id="21">111.5556</dst>
    </src>
    <src id="20">
      <dst id="12">2000.2933</dst>
      <dst id="13">4565.8933</dst>
      <dst id="19">8.3733</dst>
      <dst id="8">264.6667</dst>
      <dst id="18">2.3733</dst>
      <dst id="4">7222.7111</dst>
      <dst id="1">252.7556</dst>
      <dst id="5">7411.6178</dst>
      <dst id="3">311.2533</dst>
      <dst id="7">103.5200</dst>
      <dst id="2">1805.7244</dst>
      <dst id="11">342.7733</dst>
      <dst id="9">4171.2000</dst>
      <dst id="17">1163.0044</dst>
      <dst id="21">69.9822</dst>
    </src>
    <src id="11">
      <dst id="12">415891.9111</dst>
      <dst id="13">3132.7556</dst>
      <dst id="19">51.2089</dst>
      <dst id="23">1.9822</dst>
      <dst id="8">918.8267</dst>
      <dst id="18">82.8978</dst>
      <dst id="4">8217.4489</dst>
      <dst id="1">2213.2178</dst>
      <dst id="5">738.7644</dst>
      <dst id="3">390.9511</dst>
      <dst id="22">1647.4311</dst>
      <dst id="7">563.3600</dst>
      <dst id="2">159574.6667</dst>
      <dst id="6">2.4889</dst>
      <dst id="16">264.2044</dst>
      <dst id="14">65.8133</dst>
      <dst id="20">81.2356</dst>
      <dst id="11">2742.7644</dst>
      <dst id="9">1209.0044</dst>
      <dst id="17">153086.2044</dst>
      <dst id="21">1007.5911</dst>
      <dst id="15">3600.1333</dst>
    </src>
    <src id="9">
      <dst id="12">396741.7067</dst>
      <dst id="13">10273.4311</dst>
      <dst id="19">1738.6578</dst>
      <dst id="23">130.0089</dst>
      <dst id="8">258.1156</dst>
      <dst id="18">73.4489</dst>
      <dst id="4">7073.3689</dst>
      <dst id="1">758.0800</dst>
      <dst id="5">673.1911</dst>
      <dst id="3">20.5422</dst>
      <dst id="22">846.2222</dst>
      <dst id="7">73.2800</dst>
      <dst id="2">160661.9467</dst>
      <dst id="6">46.4622</dst>
      <dst id="16">386.1511</dst>
      <dst id="14">3.6711</dst>
      <dst id="20">524.2667</dst>
      <dst id="11">358.3378</dst>
      <dst id="9">194.8267</dst>
      <dst id="17">150879.5467</dst>
      <dst id="21">1009.5022</dst>
      <dst id="15">3134.6578</dst>
    </src>
    <src id="17">
      <dst id="12">5845.0578</dst>
      <dst id="13">1942.7911</dst>
      <dst id="19">1645.0933</dst>
      <dst id="23">60.5689</dst>
      <dst id="8">124373.3956</dst>
      <dst id="18">202.1511</dst>
      <dst id="4">28709.2178</dst>
      <dst id="1">11355.2711</dst>
      <dst id="5">210085.3956</dst>
      <dst id="3">15133.1111</dst>
      <dst id="22">7133.3244</dst>
      <dst id="7">2062.4711</dst>
      <dst id="2">8695.9289</dst>
      <dst id="6">1730.8622</dst>
      <dst id="16">3601.5467</dst>
      <dst id="14">57864.6844</dst>
      <dst id="20">252.2311</dst>
      <dst id="11">101632.0533</dst>
      <dst id="9">176678.9778</dst>
      <dst id="17">1154.1067</dst>
      <dst id="21">16867.2089</dst>
      <dst id="15">40.3822</dst>
    </src>
    <src id="21">
      <dst id="12">24496.2133</dst>
      <dst id="13">1615.7600</dst>
      <dst id="19">150.1689</dst>
      <dst id="23">19.7156</dst>
      <dst id="8">26.5067</dst>
      <dst id="18">60.9511</dst>
      <dst id="4">10817.0311</dst>
      <dst id="1">1050.2667</dst>
      <dst id="5">650.7644</dst>
      <dst id="3">635.8400</dst>
      <dst id="22">2486.1511</dst>
      <dst id="7">1589.2889</dst>
      <dst id="2">14123.2889</dst>
      <dst id="6">1.8844</dst>
      <dst id="16">182.4267</dst>
      <dst id="14">77.7333</dst>
      <dst id="20">161.9822</dst>
      <dst id="11">497.0400</dst>
      <dst id="9">269.1911</dst>
      <dst id="17">10752.1600</dst>
      <dst id="21">572.6400</dst>
      <dst id="15">69.3867</dst>
    </src>
    <src id="15">
      <dst id="12">3715.5556</dst>
      <dst id="13">663.7244</dst>
      <dst id="19">51.5200</dst>
      <dst id="8">29.1556</dst>
      <dst id="18">15.1644</dst>
      <dst id="4">985.3156</dst>
      <dst id="1">538.5156</dst>
      <dst id="5">212.5244</dst>
      <dst id="3">7.4133</dst>
      <dst id="7">5.5111</dst>
      <dst id="2">2437.6533</dst>
      <dst id="6">0.8889</dst>
      <dst id="14">0.4267</dst>
      <dst id="11">271.0222</dst>
      <dst id="9">268.2489</dst>
      <dst id="17">261.6622</dst>
      <dst id="21">157.4133</dst>
    </src>
  </IntraTM>
</TrafficMatrixFile>
