<?xml version="1.0" encoding="UTF-8" standalone="yes"?>
<TrafficMatrixFile xmlns:xsi="http://www.w3.org/2001/XMLSchema-instance" xsi:noNamespaceSchemaLocation="http://totem.run.montefiore.ulg.ac.be/Schema/TrafficMatrix-v1_2.xsd">
  <info>
    <title>Intradomain traffic matrix generated by geant-TM-all.pl</title>
    <date>2005-01-04T11:45:00</date>
    <duration>900</duration>
    <author>Steve Uhlig</author>
    <units>
        <unit type="bandwidth" value="kbps"/>
    </units>
  </info>
  <IntraTM ASID="20965">
    <src id="12">
      <dst id="12">181058.9244</dst>
      <dst id="13">16336.8089</dst>
      <dst id="19">1035.3511</dst>
      <dst id="23">93.9200</dst>
      <dst id="8">3018.5778</dst>
      <dst id="18">1504.3644</dst>
      <dst id="4">68571.9378</dst>
      <dst id="1">14677.5733</dst>
      <dst id="5">1200.2667</dst>
      <dst id="3">7041.6178</dst>
      <dst id="22">5107.6267</dst>
      <dst id="7">2118.4267</dst>
      <dst id="2">61277.5911</dst>
      <dst id="6">0.3378</dst>
      <dst id="16">3927.0133</dst>
      <dst id="14">209.5378</dst>
      <dst id="20">4609.5556</dst>
      <dst id="11">4442.8711</dst>
      <dst id="9">3185.1289</dst>
      <dst id="17">68868.5067</dst>
      <dst id="21">2681.4222</dst>
      <dst id="15">780.6933</dst>
    </src>
    <src id="13">
      <dst id="12">35262.3378</dst>
      <dst id="19">22210.0000</dst>
      <dst id="23">3121.6889</dst>
      <dst id="8">1888.8711</dst>
      <dst id="18">1382.5778</dst>
      <dst id="1">2326.0089</dst>
      <dst id="5">10384.2489</dst>
      <dst id="3">4527.5289</dst>
      <dst id="22">21332.5511</dst>
      <dst id="7">6552.5600</dst>
      <dst id="2">90060.6933</dst>
      <dst id="6">66.6311</dst>
      <dst id="16">10570.1867</dst>
      <dst id="14">4459.7600</dst>
      <dst id="20">4624.1156</dst>
      <dst id="11">8429.9022</dst>
      <dst id="9">15144.0800</dst>
      <dst id="17">40763.3244</dst>
      <dst id="21">14182.9956</dst>
      <dst id="15">624.3022</dst>
    </src>
    <src id="19">
      <dst id="12">14842.8356</dst>
      <dst id="13">391.0756</dst>
      <dst id="23">2.2933</dst>
      <dst id="8">13.3333</dst>
      <dst id="18">2.2489</dst>
      <dst id="4">24749.1200</dst>
      <dst id="1">164.4000</dst>
      <dst id="5">40.0000</dst>
      <dst id="22">1405.5644</dst>
      <dst id="7">2522.4800</dst>
      <dst id="2">236.8533</dst>
      <dst id="6">15.4222</dst>
      <dst id="16">8593.4933</dst>
      <dst id="14">0.5333</dst>
      <dst id="20">1.5378</dst>
      <dst id="11">132.5778</dst>
      <dst id="9">0.7200</dst>
      <dst id="17">1561.5733</dst>
      <dst id="21">502.6844</dst>
      <dst id="15">27.7333</dst>
    </src>
    <src id="23">
      <dst id="12">571.1733</dst>
      <dst id="13">47.2089</dst>
      <dst id="19">54.4800</dst>
      <dst id="8">0.3556</dst>
      <dst id="4">16.3556</dst>
      <dst id="1">204.1067</dst>
      <dst id="5">17.0489</dst>
      <dst id="3">310.5333</dst>
      <dst id="22">212.1244</dst>
      <dst id="7">170.2400</dst>
      <dst id="2">67.1200</dst>
      <dst id="16">441.0133</dst>
      <dst id="14">100.9778</dst>
      <dst id="20">45.5200</dst>
      <dst id="11">26.0444</dst>
      <dst id="9">358.1156</dst>
      <dst id="17">397.6444</dst>
      <dst id="21">42.0444</dst>
      <dst id="15">13.6711</dst>
    </src>
    <src id="8">
      <dst id="12">250150.1333</dst>
      <dst id="13">688.8622</dst>
      <dst id="19">0.9244</dst>
      <dst id="18">1.7778</dst>
      <dst id="4">3808.2756</dst>
      <dst id="1">44.2667</dst>
      <dst id="5">1692.7822</dst>
      <dst id="3">100.6844</dst>
      <dst id="22">506.2133</dst>
      <dst id="7">496.3467</dst>
      <dst id="2">91177.2444</dst>
      <dst id="16">1476.6844</dst>
      <dst id="20">558.7822</dst>
      <dst id="11">104.1689</dst>
      <dst id="9">806.4000</dst>
      <dst id="17">98646.8533</dst>
      <dst id="21">317.5289</dst>
      <dst id="15">54.9867</dst>
    </src>
    <src id="18">
      <dst id="12">86597.4133</dst>
      <dst id="13">83.3867</dst>
      <dst id="23">1.6178</dst>
      <dst id="8">52.9422</dst>
      <dst id="4">958.0444</dst>
      <dst id="1">940.3733</dst>
      <dst id="5">192.3556</dst>
      <dst id="3">3.3156</dst>
      <dst id="22">33.5111</dst>
      <dst id="7">169.8844</dst>
      <dst id="2">23593.9378</dst>
      <dst id="16">21.6889</dst>
      <dst id="20">1.5378</dst>
      <dst id="11">71.4489</dst>
      <dst id="9">35.3067</dst>
      <dst id="17">32197.5467</dst>
      <dst id="21">145.6533</dst>
    </src>
    <src id="4">
      <dst id="12">8428.2578</dst>
      <dst id="19">15618.4178</dst>
      <dst id="23">0.4622</dst>
      <dst id="8">2424.6844</dst>
      <dst id="18">980.7733</dst>
      <dst id="4">2.8800</dst>
      <dst id="1">34292.6400</dst>
      <dst id="5">1301.7778</dst>
      <dst id="3">1030.7111</dst>
      <dst id="22">2561.4489</dst>
      <dst id="7">129449.7778</dst>
      <dst id="2">69898.5689</dst>
      <dst id="6">116.2578</dst>
      <dst id="16">1141.0311</dst>
      <dst id="14">636.6578</dst>
      <dst id="20">163.5289</dst>
      <dst id="11">3242.6489</dst>
      <dst id="9">1233.1733</dst>
      <dst id="17">16883.6978</dst>
      <dst id="21">2785.1022</dst>
      <dst id="15">344.4089</dst>
    </src>
    <src id="1">
      <dst id="12">18697.7422</dst>
      <dst id="13">305.9911</dst>
      <dst id="19">163.4133</dst>
      <dst id="23">18.4889</dst>
      <dst id="8">74534.8356</dst>
      <dst id="18">11677.1733</dst>
      <dst id="4">17427.1556</dst>
      <dst id="1">4490.4000</dst>
      <dst id="5">116267.8844</dst>
      <dst id="3">243.2267</dst>
      <dst id="22">850.9956</dst>
      <dst id="7">4505.3422</dst>
      <dst id="2">14550.1956</dst>
      <dst id="6">5025.1467</dst>
      <dst id="16">13757.5644</dst>
      <dst id="14">100.4089</dst>
      <dst id="20">92.1333</dst>
      <dst id="11">184.7822</dst>
      <dst id="9">128254.4889</dst>
      <dst id="17">4024.4533</dst>
      <dst id="21">3433.8133</dst>
      <dst id="15">115.0667</dst>
    </src>
    <src id="5">
      <dst id="12">223949.5556</dst>
      <dst id="13">663.3067</dst>
      <dst id="19">1.8044</dst>
      <dst id="23">1.8489</dst>
      <dst id="8">159.6178</dst>
      <dst id="18">479.5556</dst>
      <dst id="4">4844.0444</dst>
      <dst id="1">153.1556</dst>
      <dst id="3">27.4400</dst>
      <dst id="22">1787.6711</dst>
      <dst id="7">165.8667</dst>
      <dst id="2">86961.4133</dst>
      <dst id="6">13.3333</dst>
      <dst id="16">119.1022</dst>
      <dst id="14">0.3556</dst>
      <dst id="20">164.3467</dst>
      <dst id="11">505.1200</dst>
      <dst id="9">1719.3600</dst>
      <dst id="17">82893.7778</dst>
      <dst id="21">272.9956</dst>
      <dst id="15">3570.5600</dst>
    </src>
    <src id="3">
      <dst id="12">6397.0400</dst>
      <dst id="13">395.9022</dst>
      <dst id="19">542.2044</dst>
      <dst id="23">12732.8267</dst>
      <dst id="8">171.7422</dst>
      <dst id="18">44143.9378</dst>
      <dst id="4">29049.4222</dst>
      <dst id="1">6055.3067</dst>
      <dst id="5">256.0711</dst>
      <dst id="3">9265.1022</dst>
      <dst id="22">2548.0444</dst>
      <dst id="7">1206.8000</dst>
      <dst id="2">4814.4444</dst>
      <dst id="6">1.3333</dst>
      <dst id="16">696.5244</dst>
      <dst id="14">13071.7067</dst>
      <dst id="20">37.2000</dst>
      <dst id="11">96445.5911</dst>
      <dst id="9">62.6489</dst>
      <dst id="17">6950.7378</dst>
      <dst id="21">5446.5422</dst>
      <dst id="15">97.7067</dst>
    </src>
    <src id="10">
      <dst id="12">5196.0267</dst>
      <dst id="19">7927.3333</dst>
      <dst id="8">745.3244</dst>
      <dst id="18">402.8889</dst>
      <dst id="1">2281.9911</dst>
      <dst id="5">372.5422</dst>
      <dst id="3">4008.4622</dst>
      <dst id="22">6470.5333</dst>
      <dst id="7">98258.0800</dst>
      <dst id="2">21512.1244</dst>
      <dst id="6">1.7600</dst>
      <dst id="16">463.5200</dst>
      <dst id="14">293.5556</dst>
      <dst id="20">6353.4044</dst>
      <dst id="11">2020.2400</dst>
      <dst id="9">3858.5511</dst>
      <dst id="17">21385.4222</dst>
      <dst id="21">6378.4000</dst>
      <dst id="15">94.1778</dst>
    </src>
    <src id="22">
      <dst id="12">2502.2844</dst>
      <dst id="13">3127.3689</dst>
      <dst id="19">17.5022</dst>
      <dst id="23">52.5156</dst>
      <dst id="8">869.5556</dst>
      <dst id="18">91.4756</dst>
      <dst id="4">12655.8311</dst>
      <dst id="1">246.8178</dst>
      <dst id="5">3714.4711</dst>
      <dst id="3">689.8578</dst>
      <dst id="7">229.0489</dst>
      <dst id="2">1658.6578</dst>
      <dst id="6">3.9822</dst>
      <dst id="14">79.1822</dst>
      <dst id="11">1753.8133</dst>
      <dst id="9">2801.1556</dst>
      <dst id="17">2644.0267</dst>
      <dst id="21">633.3511</dst>
    </src>
    <src id="7">
      <dst id="12">2227.9644</dst>
      <dst id="13">145.6000</dst>
      <dst id="19">65.6711</dst>
      <dst id="23">180.5156</dst>
      <dst id="8">133.3422</dst>
      <dst id="18">156.5689</dst>
      <dst id="4">40007.6622</dst>
      <dst id="1">1355.8667</dst>
      <dst id="5">1397.6889</dst>
      <dst id="3">199.1911</dst>
      <dst id="22">3726.9867</dst>
      <dst id="7">802.7022</dst>
      <dst id="2">7554.3378</dst>
      <dst id="6">27.8578</dst>
      <dst id="16">429.1289</dst>
      <dst id="14">55.5644</dst>
      <dst id="20">434.4356</dst>
      <dst id="11">370.7467</dst>
      <dst id="9">2116.5156</dst>
      <dst id="17">6890.3022</dst>
      <dst id="21">718.5333</dst>
      <dst id="15">223.1022</dst>
    </src>
    <src id="2">
      <dst id="12">44434.1778</dst>
      <dst id="13">517777.0933</dst>
      <dst id="19">46.7200</dst>
      <dst id="23">0.4622</dst>
      <dst id="8">72.7733</dst>
      <dst id="18">42601.3422</dst>
      <dst id="4">90507.6000</dst>
      <dst id="1">3629.6444</dst>
      <dst id="5">2081.6533</dst>
      <dst id="3">22.8622</dst>
      <dst id="22">559.9733</dst>
      <dst id="7">5983.5289</dst>
      <dst id="2">426.8089</dst>
      <dst id="6">5966.8178</dst>
      <dst id="16">4276.8356</dst>
      <dst id="14">5463.2533</dst>
      <dst id="20">186.2933</dst>
      <dst id="11">5447.6889</dst>
      <dst id="9">2958.1333</dst>
      <dst id="17">40278.1511</dst>
      <dst id="21">997.0489</dst>
      <dst id="15">18.7111</dst>
    </src>
    <src id="6">
      <dst id="12">8193.0578</dst>
      <dst id="13">64.6578</dst>
      <dst id="19">1.9200</dst>
      <dst id="23">0.3378</dst>
      <dst id="4">964.4356</dst>
      <dst id="1">3.2800</dst>
      <dst id="5">1.6000</dst>
      <dst id="22">14.2844</dst>
      <dst id="7">0.7111</dst>
      <dst id="2">2140.3556</dst>
      <dst id="16">6.0267</dst>
      <dst id="11">0.8267</dst>
      <dst id="17">922.0622</dst>
      <dst id="21">1.0222</dst>
    </src>
    <src id="16">
      <dst id="12">2903.7778</dst>
      <dst id="13">158.5422</dst>
      <dst id="19">4382.5244</dst>
      <dst id="23">14.2400</dst>
      <dst id="8">2306.2578</dst>
      <dst id="18">3.4844</dst>
      <dst id="4">5970.1067</dst>
      <dst id="1">24761.8311</dst>
      <dst id="5">901.6178</dst>
      <dst id="3">0.3556</dst>
      <dst id="7">684.7644</dst>
      <dst id="2">450.6844</dst>
      <dst id="16">22.6844</dst>
      <dst id="14">13.7422</dst>
      <dst id="11">48.3556</dst>
      <dst id="9">3463.6978</dst>
      <dst id="17">2431.9022</dst>
      <dst id="21">1622.7378</dst>
    </src>
    <src id="14">
      <dst id="12">19049.1289</dst>
      <dst id="13">13.3778</dst>
      <dst id="19">6.6133</dst>
      <dst id="23">3.6622</dst>
      <dst id="8">11.5556</dst>
      <dst id="18">1.7156</dst>
      <dst id="4">4109.8044</dst>
      <dst id="1">85.2000</dst>
      <dst id="5">14.5956</dst>
      <dst id="3">76.4533</dst>
      <dst id="22">66.8000</dst>
      <dst id="7">38.6578</dst>
      <dst id="2">3577.1822</dst>
      <dst id="11">96.5689</dst>
      <dst id="17">3943.5733</dst>
      <dst id="21">42.6044</dst>
    </src>
    <src id="20">
      <dst id="12">1436.3733</dst>
      <dst id="13">2980.2844</dst>
      <dst id="19">3.7244</dst>
      <dst id="23">0.9956</dst>
      <dst id="8">222.4089</dst>
      <dst id="18">2.6667</dst>
      <dst id="4">7298.1689</dst>
      <dst id="1">27.2889</dst>
      <dst id="5">1740.0622</dst>
      <dst id="3">34.1244</dst>
      <dst id="7">8403.4844</dst>
      <dst id="2">1634.8089</dst>
      <dst id="14">3.5111</dst>
      <dst id="11">166.5689</dst>
      <dst id="9">437.4756</dst>
      <dst id="17">360.4444</dst>
      <dst id="21">520.1689</dst>
    </src>
    <src id="11">
      <dst id="12">363620.6756</dst>
      <dst id="13">2188.5244</dst>
      <dst id="19">80.2044</dst>
      <dst id="23">2.2756</dst>
      <dst id="8">249.6089</dst>
      <dst id="18">52.0267</dst>
      <dst id="4">9692.0533</dst>
      <dst id="1">4547.8044</dst>
      <dst id="5">1059.3511</dst>
      <dst id="3">499.8400</dst>
      <dst id="22">4250.6667</dst>
      <dst id="7">207.1467</dst>
      <dst id="2">129491.3422</dst>
      <dst id="16">440.7378</dst>
      <dst id="14">66.7200</dst>
      <dst id="20">59.4400</dst>
      <dst id="11">1786.1333</dst>
      <dst id="9">811.3778</dst>
      <dst id="17">139311.2800</dst>
      <dst id="21">1219.6089</dst>
      <dst id="15">199.0222</dst>
    </src>
    <src id="9">
      <dst id="12">367013.2711</dst>
      <dst id="13">1496.8622</dst>
      <dst id="19">2.3733</dst>
      <dst id="23">15.6444</dst>
      <dst id="8">463.8578</dst>
      <dst id="18">92.8622</dst>
      <dst id="4">8496.8622</dst>
      <dst id="1">649.1911</dst>
      <dst id="5">1195.5556</dst>
      <dst id="3">14.8178</dst>
      <dst id="22">1166.2044</dst>
      <dst id="7">230.4889</dst>
      <dst id="2">124898.5600</dst>
      <dst id="6">0.3556</dst>
      <dst id="16">178.8800</dst>
      <dst id="14">1.9467</dst>
      <dst id="20">367.4667</dst>
      <dst id="11">875.3244</dst>
      <dst id="9">182.1778</dst>
      <dst id="17">150942.9067</dst>
      <dst id="21">99.6978</dst>
      <dst id="15">535.4489</dst>
    </src>
    <src id="17">
      <dst id="12">9339.9378</dst>
      <dst id="13">11881.0756</dst>
      <dst id="19">476.1867</dst>
      <dst id="23">203.5733</dst>
      <dst id="8">96158.2933</dst>
      <dst id="18">3185.4311</dst>
      <dst id="4">111835.1022</dst>
      <dst id="1">726.5422</dst>
      <dst id="5">120232.5600</dst>
      <dst id="3">3249.1200</dst>
      <dst id="22">6945.0933</dst>
      <dst id="7">2732.1689</dst>
      <dst id="2">13555.3778</dst>
      <dst id="6">14.0978</dst>
      <dst id="16">2812.9867</dst>
      <dst id="14">9390.2756</dst>
      <dst id="20">12975.7956</dst>
      <dst id="11">66193.1289</dst>
      <dst id="9">114058.0000</dst>
      <dst id="17">1649.8489</dst>
      <dst id="21">4652.5244</dst>
      <dst id="15">259.5111</dst>
    </src>
    <src id="21">
      <dst id="12">15392.0444</dst>
      <dst id="13">384.1867</dst>
      <dst id="19">235.0756</dst>
      <dst id="23">7.4400</dst>
      <dst id="8">203.8667</dst>
      <dst id="18">827.6711</dst>
      <dst id="4">10328.8622</dst>
      <dst id="1">1358.6844</dst>
      <dst id="5">325.6889</dst>
      <dst id="3">4925.5289</dst>
      <dst id="22">800.1600</dst>
      <dst id="7">2243.5644</dst>
      <dst id="2">8572.2311</dst>
      <dst id="6">31.6711</dst>
      <dst id="16">246.4089</dst>
      <dst id="14">66.8889</dst>
      <dst id="20">1009.6178</dst>
      <dst id="11">1838.2756</dst>
      <dst id="9">167.1822</dst>
      <dst id="17">3810.9422</dst>
      <dst id="21">591.6889</dst>
      <dst id="15">16.0178</dst>
    </src>
    <src id="15">
      <dst id="12">2442.2844</dst>
      <dst id="13">455.2622</dst>
      <dst id="19">42.9422</dst>
      <dst id="23">2.5956</dst>
      <dst id="8">40.6844</dst>
      <dst id="18">3.8133</dst>
      <dst id="4">1892.9422</dst>
      <dst id="1">714.5867</dst>
      <dst id="5">122.3289</dst>
      <dst id="3">20.2222</dst>
      <dst id="7">18.9867</dst>
      <dst id="2">5.0311</dst>
      <dst id="11">352.8267</dst>
      <dst id="9">110.3289</dst>
      <dst id="17">277.1911</dst>
      <dst id="21">30.5422</dst>
    </src>
  </IntraTM>
</TrafficMatrixFile>
