<?xml version="1.0" encoding="UTF-8" standalone="yes"?>
<TrafficMatrixFile xmlns:xsi="http://www.w3.org/2001/XMLSchema-instance" xsi:noNamespaceSchemaLocation="http://totem.run.montefiore.ulg.ac.be/Schema/TrafficMatrix-v1_2.xsd">
  <info>
    <title>Intradomain traffic matrix generated by geant-TM-all.pl</title>
    <date>2005-01-02T07:00:00</date>
    <duration>900</duration>
    <author>Steve Uhlig</author>
    <units>
        <unit type="bandwidth" value="kbps"/>
    </units>
  </info>
  <IntraTM ASID="20965">
    <src id="12">
      <dst id="12">307854.4089</dst>
      <dst id="13">17300.9244</dst>
      <dst id="19">6025.6533</dst>
      <dst id="23">7714.3644</dst>
      <dst id="8">3030.5422</dst>
      <dst id="18">263.0667</dst>
      <dst id="4">126010.0089</dst>
      <dst id="1">8049.5822</dst>
      <dst id="5">4341.2800</dst>
      <dst id="3">7339.0933</dst>
      <dst id="22">11572.1600</dst>
      <dst id="7">2621.0667</dst>
      <dst id="2">86376.1333</dst>
      <dst id="6">2.1956</dst>
      <dst id="16">4810.6400</dst>
      <dst id="14">191.0222</dst>
      <dst id="20">12534.5511</dst>
      <dst id="11">3433.2711</dst>
      <dst id="9">8627.0667</dst>
      <dst id="17">83425.8311</dst>
      <dst id="21">11467.2000</dst>
      <dst id="15">747.0933</dst>
    </src>
    <src id="13">
      <dst id="12">123574.9867</dst>
      <dst id="19">8466.4800</dst>
      <dst id="23">22.2933</dst>
      <dst id="8">1985.5556</dst>
      <dst id="18">5210.8533</dst>
      <dst id="1">3458.0089</dst>
      <dst id="5">8077.1467</dst>
      <dst id="3">4915.7511</dst>
      <dst id="22">31663.0756</dst>
      <dst id="7">7078.7378</dst>
      <dst id="2">81130.5244</dst>
      <dst id="6">283.3244</dst>
      <dst id="16">6918.4622</dst>
      <dst id="14">997.6800</dst>
      <dst id="20">22730.1778</dst>
      <dst id="11">11360.0000</dst>
      <dst id="9">16363.7689</dst>
      <dst id="17">278039.6889</dst>
      <dst id="21">13388.8267</dst>
      <dst id="15">5659.2533</dst>
    </src>
    <src id="19">
      <dst id="12">14733.2622</dst>
      <dst id="13">1546.9600</dst>
      <dst id="8">42.1333</dst>
      <dst id="18">157.2711</dst>
      <dst id="4">22065.1111</dst>
      <dst id="1">1682.8356</dst>
      <dst id="5">88.9600</dst>
      <dst id="3">1.6711</dst>
      <dst id="22">983.9644</dst>
      <dst id="7">3645.3244</dst>
      <dst id="2">692.9867</dst>
      <dst id="6">27.8044</dst>
      <dst id="16">6106.4356</dst>
      <dst id="14">12.6222</dst>
      <dst id="20">44.3111</dst>
      <dst id="11">37.8578</dst>
      <dst id="9">193.0844</dst>
      <dst id="17">241.6533</dst>
      <dst id="21">501.1822</dst>
      <dst id="15">2.0800</dst>
    </src>
    <src id="23">
      <dst id="12">379.0044</dst>
      <dst id="13">95.5111</dst>
      <dst id="19">0.4622</dst>
      <dst id="8">40.2489</dst>
      <dst id="4">702.2578</dst>
      <dst id="1">46.6933</dst>
      <dst id="5">129.6800</dst>
      <dst id="22">69.1822</dst>
      <dst id="7">438.8711</dst>
      <dst id="2">49.5911</dst>
      <dst id="6">0.5244</dst>
      <dst id="16">39.6444</dst>
      <dst id="20">199.6711</dst>
      <dst id="11">6706.0000</dst>
      <dst id="9">360.5689</dst>
      <dst id="17">241.8222</dst>
      <dst id="21">1915.5200</dst>
      <dst id="15">899.9822</dst>
    </src>
    <src id="8">
      <dst id="12">328566.0089</dst>
      <dst id="13">300.2933</dst>
      <dst id="19">136.5867</dst>
      <dst id="23">1865.0756</dst>
      <dst id="18">98.2578</dst>
      <dst id="4">6740.1067</dst>
      <dst id="1">275.7333</dst>
      <dst id="5">2536.8356</dst>
      <dst id="3">2.7644</dst>
      <dst id="22">1015.4311</dst>
      <dst id="7">60.2222</dst>
      <dst id="2">135384.5867</dst>
      <dst id="6">0.9600</dst>
      <dst id="16">956.6844</dst>
      <dst id="20">671.3778</dst>
      <dst id="11">617.3511</dst>
      <dst id="9">585.1822</dst>
      <dst id="17">129279.3956</dst>
      <dst id="21">678.6133</dst>
      <dst id="15">133.4756</dst>
    </src>
    <src id="18">
      <dst id="12">105766.2222</dst>
      <dst id="13">217.7956</dst>
      <dst id="19">20.4178</dst>
      <dst id="23">1.1378</dst>
      <dst id="8">107.9111</dst>
      <dst id="4">4015.8578</dst>
      <dst id="1">571.4311</dst>
      <dst id="5">670.4267</dst>
      <dst id="3">69.3156</dst>
      <dst id="22">332.2933</dst>
      <dst id="7">15.7689</dst>
      <dst id="2">32774.0533</dst>
      <dst id="16">7.5111</dst>
      <dst id="14">13.3333</dst>
      <dst id="20">60.7022</dst>
      <dst id="11">282.2756</dst>
      <dst id="9">67.2267</dst>
      <dst id="17">43407.2089</dst>
      <dst id="21">1178.7556</dst>
    </src>
    <src id="4">
      <dst id="12">60390.9511</dst>
      <dst id="13">590.4711</dst>
      <dst id="19">6245.1644</dst>
      <dst id="8">1283.7956</dst>
      <dst id="18">2249.2533</dst>
      <dst id="4">4.5422</dst>
      <dst id="1">14494.2222</dst>
      <dst id="5">3221.7689</dst>
      <dst id="3">105.9022</dst>
      <dst id="22">10078.7556</dst>
      <dst id="7">9090.2578</dst>
      <dst id="2">69469.6800</dst>
      <dst id="6">23.6622</dst>
      <dst id="16">4379.6978</dst>
      <dst id="14">1379.8489</dst>
      <dst id="20">6607.2711</dst>
      <dst id="11">9789.7867</dst>
      <dst id="9">4616.1511</dst>
      <dst id="17">40780.8533</dst>
      <dst id="21">9490.6756</dst>
      <dst id="15">932.8800</dst>
    </src>
    <src id="1">
      <dst id="12">16511.1111</dst>
      <dst id="13">1373.0044</dst>
      <dst id="19">199.7600</dst>
      <dst id="23">69.9111</dst>
      <dst id="8">172753.5200</dst>
      <dst id="18">12436.4178</dst>
      <dst id="4">18867.8222</dst>
      <dst id="1">11743.5733</dst>
      <dst id="5">229444.2133</dst>
      <dst id="3">168.0711</dst>
      <dst id="22">4906.8800</dst>
      <dst id="7">1092.1333</dst>
      <dst id="2">1739.3244</dst>
      <dst id="6">8757.9644</dst>
      <dst id="16">10826.6133</dst>
      <dst id="14">83.2533</dst>
      <dst id="20">70.4000</dst>
      <dst id="11">214.9778</dst>
      <dst id="9">208384.4089</dst>
      <dst id="17">4063.5378</dst>
      <dst id="21">3963.8044</dst>
      <dst id="15">61.7867</dst>
    </src>
    <src id="5">
      <dst id="12">349487.3422</dst>
      <dst id="13">1501.1467</dst>
      <dst id="19">33.0933</dst>
      <dst id="23">107.5911</dst>
      <dst id="8">1110.3289</dst>
      <dst id="18">168.6844</dst>
      <dst id="4">7615.4933</dst>
      <dst id="1">351.2444</dst>
      <dst id="3">117.5822</dst>
      <dst id="22">5027.2267</dst>
      <dst id="7">335.2444</dst>
      <dst id="2">141540.5333</dst>
      <dst id="6">15.7067</dst>
      <dst id="16">470.5156</dst>
      <dst id="14">57.3422</dst>
      <dst id="20">2425.9644</dst>
      <dst id="11">1707.9200</dst>
      <dst id="9">1351.9378</dst>
      <dst id="17">125616.7556</dst>
      <dst id="21">637.2622</dst>
      <dst id="15">222.2933</dst>
    </src>
    <src id="3">
      <dst id="12">16633.5378</dst>
      <dst id="13">724.1956</dst>
      <dst id="19">2067.6267</dst>
      <dst id="23">0.8622</dst>
      <dst id="8">123.5733</dst>
      <dst id="18">85894.7200</dst>
      <dst id="4">48375.1111</dst>
      <dst id="1">7222.3467</dst>
      <dst id="5">461.6267</dst>
      <dst id="3">12079.6267</dst>
      <dst id="22">930.7289</dst>
      <dst id="7">2147.2089</dst>
      <dst id="2">8688.9867</dst>
      <dst id="6">2.7200</dst>
      <dst id="16">1993.8400</dst>
      <dst id="14">38439.8756</dst>
      <dst id="20">144.2489</dst>
      <dst id="11">154471.5200</dst>
      <dst id="9">177.1467</dst>
      <dst id="17">10511.1556</dst>
      <dst id="21">9151.6000</dst>
      <dst id="15">139.7867</dst>
    </src>
    <src id="10">
      <dst id="12">13397.4667</dst>
      <dst id="19">942.6667</dst>
      <dst id="8">932.8444</dst>
      <dst id="18">4871.3600</dst>
      <dst id="1">1691.1822</dst>
      <dst id="5">2660.5956</dst>
      <dst id="3">12258.3378</dst>
      <dst id="22">5821.3067</dst>
      <dst id="7">18195.0044</dst>
      <dst id="2">29203.4311</dst>
      <dst id="6">8.0978</dst>
      <dst id="16">1599.8933</dst>
      <dst id="14">700.3022</dst>
      <dst id="20">3478.4622</dst>
      <dst id="11">3789.6267</dst>
      <dst id="9">4348.0356</dst>
      <dst id="17">23498.9244</dst>
      <dst id="21">26899.1200</dst>
      <dst id="15">766.6756</dst>
    </src>
    <src id="22">
      <dst id="12">2497.1289</dst>
      <dst id="13">801.7067</dst>
      <dst id="19">58.2667</dst>
      <dst id="23">1.3867</dst>
      <dst id="8">432.8444</dst>
      <dst id="18">193.7422</dst>
      <dst id="4">5355.6978</dst>
      <dst id="1">61.8667</dst>
      <dst id="5">1700.3378</dst>
      <dst id="3">79.8133</dst>
      <dst id="7">325.8578</dst>
      <dst id="2">1553.5022</dst>
      <dst id="6">0.7911</dst>
      <dst id="16">18.2222</dst>
      <dst id="14">0.6933</dst>
      <dst id="11">832.1422</dst>
      <dst id="9">573.0489</dst>
      <dst id="17">1545.2800</dst>
      <dst id="21">834.0267</dst>
    </src>
    <src id="7">
      <dst id="12">4842.2400</dst>
      <dst id="13">364.7378</dst>
      <dst id="19">776.0711</dst>
      <dst id="23">85.2800</dst>
      <dst id="8">463.5467</dst>
      <dst id="18">318.5156</dst>
      <dst id="4">39567.3511</dst>
      <dst id="1">3867.9733</dst>
      <dst id="5">1844.7644</dst>
      <dst id="3">356.7022</dst>
      <dst id="22">5048.8622</dst>
      <dst id="7">683.8044</dst>
      <dst id="2">9471.9200</dst>
      <dst id="6">15.9111</dst>
      <dst id="16">765.7422</dst>
      <dst id="14">160.5867</dst>
      <dst id="20">1989.9022</dst>
      <dst id="11">1957.5111</dst>
      <dst id="9">833.4311</dst>
      <dst id="17">8135.1022</dst>
      <dst id="21">10673.8578</dst>
      <dst id="15">219.4844</dst>
    </src>
    <src id="2">
      <dst id="12">106135.4311</dst>
      <dst id="13">7724.3467</dst>
      <dst id="19">8361.9911</dst>
      <dst id="8">2917.6444</dst>
      <dst id="18">78024.9244</dst>
      <dst id="4">126632.3289</dst>
      <dst id="1">2197.5556</dst>
      <dst id="5">923.8133</dst>
      <dst id="3">48.6044</dst>
      <dst id="22">2428.9244</dst>
      <dst id="7">3555.0844</dst>
      <dst id="2">931.8667</dst>
      <dst id="6">6854.3022</dst>
      <dst id="16">4802.2400</dst>
      <dst id="14">6229.3600</dst>
      <dst id="20">2490.5600</dst>
      <dst id="11">4230.3378</dst>
      <dst id="9">2488.4356</dst>
      <dst id="17">33301.0489</dst>
      <dst id="21">4445.8489</dst>
      <dst id="15">70.1867</dst>
    </src>
    <src id="6">
      <dst id="12">10500.8356</dst>
      <dst id="13">85.9200</dst>
      <dst id="19">4.4800</dst>
      <dst id="23">0.4622</dst>
      <dst id="8">8.6311</dst>
      <dst id="4">530.0000</dst>
      <dst id="1">32.8889</dst>
      <dst id="5">25.2444</dst>
      <dst id="22">12.3733</dst>
      <dst id="7">1.7333</dst>
      <dst id="2">2349.7067</dst>
      <dst id="16">12.4978</dst>
      <dst id="11">0.3556</dst>
      <dst id="17">1376.8356</dst>
      <dst id="21">22.9778</dst>
    </src>
    <src id="16">
      <dst id="12">5284.7911</dst>
      <dst id="13">776.6133</dst>
      <dst id="19">2167.6978</dst>
      <dst id="23">1.2089</dst>
      <dst id="8">5944.5600</dst>
      <dst id="18">4.5956</dst>
      <dst id="4">6243.5556</dst>
      <dst id="1">12507.6533</dst>
      <dst id="5">4170.2489</dst>
      <dst id="3">1.2178</dst>
      <dst id="22">3.9378</dst>
      <dst id="7">3434.0444</dst>
      <dst id="2">684.7733</dst>
      <dst id="6">1.0844</dst>
      <dst id="16">51.4756</dst>
      <dst id="14">301.5022</dst>
      <dst id="11">295.2444</dst>
      <dst id="9">4784.5333</dst>
      <dst id="17">1345.0222</dst>
      <dst id="21">246.9511</dst>
    </src>
    <src id="14">
      <dst id="12">21883.7067</dst>
      <dst id="13">36.3911</dst>
      <dst id="19">5.4222</dst>
      <dst id="8">0.4622</dst>
      <dst id="18">12.6222</dst>
      <dst id="4">2408.5422</dst>
      <dst id="1">29.5733</dst>
      <dst id="5">3.5556</dst>
      <dst id="3">35.0756</dst>
      <dst id="22">4.3644</dst>
      <dst id="7">79.4844</dst>
      <dst id="2">6907.4489</dst>
      <dst id="16">11.0489</dst>
      <dst id="20">0.3733</dst>
      <dst id="11">14.6044</dst>
      <dst id="9">59.7689</dst>
      <dst id="17">10155.6711</dst>
      <dst id="21">214.2222</dst>
    </src>
    <src id="20">
      <dst id="12">5099.0044</dst>
      <dst id="13">2109.2622</dst>
      <dst id="19">42.9156</dst>
      <dst id="23">58.8711</dst>
      <dst id="8">2422.9689</dst>
      <dst id="18">103.4844</dst>
      <dst id="4">10556.8800</dst>
      <dst id="1">149.2800</dst>
      <dst id="5">3629.1289</dst>
      <dst id="3">1262.1067</dst>
      <dst id="7">41.1022</dst>
      <dst id="2">6847.1644</dst>
      <dst id="14">1.4311</dst>
      <dst id="11">713.5111</dst>
      <dst id="9">7570.2311</dst>
      <dst id="17">1237.9289</dst>
      <dst id="21">1517.0667</dst>
    </src>
    <src id="11">
      <dst id="12">447947.4844</dst>
      <dst id="13">1739.5733</dst>
      <dst id="19">113.4844</dst>
      <dst id="23">159.3778</dst>
      <dst id="8">2148.8711</dst>
      <dst id="18">515.1111</dst>
      <dst id="4">20306.2756</dst>
      <dst id="1">546.0622</dst>
      <dst id="5">2467.9467</dst>
      <dst id="3">344.8889</dst>
      <dst id="22">2976.0356</dst>
      <dst id="7">154.0711</dst>
      <dst id="2">180546.4178</dst>
      <dst id="6">30.5333</dst>
      <dst id="16">1211.5911</dst>
      <dst id="14">46.0356</dst>
      <dst id="20">1868.3022</dst>
      <dst id="11">1553.4044</dst>
      <dst id="9">1126.9156</dst>
      <dst id="17">159694.2667</dst>
      <dst id="21">670.4978</dst>
      <dst id="15">409.7511</dst>
    </src>
    <src id="9">
      <dst id="12">482910.2844</dst>
      <dst id="13">8930.2489</dst>
      <dst id="19">63.9200</dst>
      <dst id="23">24.8089</dst>
      <dst id="8">266.6400</dst>
      <dst id="18">510.2133</dst>
      <dst id="4">16466.5156</dst>
      <dst id="1">241.6622</dst>
      <dst id="5">6988.1511</dst>
      <dst id="3">44.6311</dst>
      <dst id="22">2985.9200</dst>
      <dst id="7">142.7644</dst>
      <dst id="2">181165.6444</dst>
      <dst id="6">20.1867</dst>
      <dst id="16">645.4844</dst>
      <dst id="14">16.0444</dst>
      <dst id="20">1057.5467</dst>
      <dst id="11">1110.3200</dst>
      <dst id="9">255.4756</dst>
      <dst id="17">172256.4800</dst>
      <dst id="21">556.5511</dst>
      <dst id="15">8722.0089</dst>
    </src>
    <src id="17">
      <dst id="12">7604.7733</dst>
      <dst id="13">31341.3689</dst>
      <dst id="19">262.2489</dst>
      <dst id="23">62.1511</dst>
      <dst id="8">170897.5022</dst>
      <dst id="18">14065.1556</dst>
      <dst id="4">150413.7867</dst>
      <dst id="1">3201.6267</dst>
      <dst id="5">218307.0756</dst>
      <dst id="3">14384.9689</dst>
      <dst id="22">11308.0178</dst>
      <dst id="7">2535.9200</dst>
      <dst id="2">16100.7289</dst>
      <dst id="6">96.6667</dst>
      <dst id="16">3537.5822</dst>
      <dst id="14">25829.0489</dst>
      <dst id="20">6277.2533</dst>
      <dst id="11">122644.6667</dst>
      <dst id="9">213194.9422</dst>
      <dst id="17">1890.4178</dst>
      <dst id="21">7815.6267</dst>
      <dst id="15">148.1422</dst>
    </src>
    <src id="21">
      <dst id="12">17057.9111</dst>
      <dst id="13">2251.0933</dst>
      <dst id="19">167.5111</dst>
      <dst id="23">6.5067</dst>
      <dst id="8">399.1467</dst>
      <dst id="18">334.2489</dst>
      <dst id="4">30531.5378</dst>
      <dst id="1">972.2222</dst>
      <dst id="5">537.1644</dst>
      <dst id="3">971.8933</dst>
      <dst id="22">4854.8444</dst>
      <dst id="7">3216.5067</dst>
      <dst id="2">10611.6356</dst>
      <dst id="6">4.1600</dst>
      <dst id="16">148.3111</dst>
      <dst id="14">68.4267</dst>
      <dst id="20">498.4622</dst>
      <dst id="11">1309.5200</dst>
      <dst id="9">635.8222</dst>
      <dst id="17">5053.5556</dst>
      <dst id="21">2483.0933</dst>
      <dst id="15">207.2267</dst>
    </src>
    <src id="15">
      <dst id="12">5149.8844</dst>
      <dst id="13">493.4044</dst>
      <dst id="19">4.8889</dst>
      <dst id="23">7.5378</dst>
      <dst id="8">28.6222</dst>
      <dst id="18">5.2000</dst>
      <dst id="4">3309.8756</dst>
      <dst id="1">706.2400</dst>
      <dst id="5">2270.9333</dst>
      <dst id="3">8.7556</dst>
      <dst id="7">2199.2000</dst>
      <dst id="2">150.5422</dst>
      <dst id="11">101.3244</dst>
      <dst id="9">527.3956</dst>
      <dst id="17">58.8622</dst>
      <dst id="21">99.4756</dst>
    </src>
  </IntraTM>
</TrafficMatrixFile>
