<?xml version="1.0" encoding="UTF-8" standalone="yes"?>
<TrafficMatrixFile xmlns:xsi="http://www.w3.org/2001/XMLSchema-instance" xsi:noNamespaceSchemaLocation="http://totem.run.montefiore.ulg.ac.be/Schema/TrafficMatrix-v1_2.xsd">
  <info>
    <title>Intradomain traffic matrix generated by geant-TM-all.pl</title>
    <date>2005-01-01T03:15:00</date>
    <duration>900</duration>
    <author>Steve Uhlig</author>
    <units>
        <unit type="bandwidth" value="kbps"/>
    </units>
  </info>
  <IntraTM ASID="20965">
    <src id="12">
      <dst id="12">323208.0444</dst>
      <dst id="13">21455.4489</dst>
      <dst id="19">4951.1022</dst>
      <dst id="23">2388.1422</dst>
      <dst id="8">5663.2356</dst>
      <dst id="18">2333.9556</dst>
      <dst id="4">141105.9556</dst>
      <dst id="1">8332.1333</dst>
      <dst id="5">4683.1378</dst>
      <dst id="3">5788.9689</dst>
      <dst id="22">16555.3511</dst>
      <dst id="7">7144.7200</dst>
      <dst id="2">114740.8000</dst>
      <dst id="6">62.2222</dst>
      <dst id="16">13369.4756</dst>
      <dst id="14">333.0044</dst>
      <dst id="20">8866.8711</dst>
      <dst id="11">4002.8089</dst>
      <dst id="9">20007.2444</dst>
      <dst id="17">93617.6889</dst>
      <dst id="21">29460.7644</dst>
      <dst id="15">2968.8800</dst>
    </src>
    <src id="13">
      <dst id="12">108033.3867</dst>
      <dst id="19">11074.1867</dst>
      <dst id="23">713.0400</dst>
      <dst id="8">3710.7467</dst>
      <dst id="18">10230.7378</dst>
      <dst id="4">2.8444</dst>
      <dst id="1">9305.5556</dst>
      <dst id="5">30975.0489</dst>
      <dst id="3">16216.7467</dst>
      <dst id="22">32529.2711</dst>
      <dst id="7">22546.3911</dst>
      <dst id="2">142895.3333</dst>
      <dst id="6">177.2622</dst>
      <dst id="16">18110.4800</dst>
      <dst id="14">4074.2133</dst>
      <dst id="20">38147.0311</dst>
      <dst id="11">14142.3022</dst>
      <dst id="9">18141.4044</dst>
      <dst id="17">312143.3156</dst>
      <dst id="21">43736.5956</dst>
      <dst id="15">3890.4000</dst>
    </src>
    <src id="19">
      <dst id="12">13979.8044</dst>
      <dst id="13">3275.6622</dst>
      <dst id="23">288.2133</dst>
      <dst id="8">110.7378</dst>
      <dst id="18">15.0578</dst>
      <dst id="4">22059.7600</dst>
      <dst id="1">106.7378</dst>
      <dst id="5">449.0667</dst>
      <dst id="3">1118.0533</dst>
      <dst id="22">340.7733</dst>
      <dst id="7">3822.2311</dst>
      <dst id="2">11146.5600</dst>
      <dst id="6">151.2978</dst>
      <dst id="16">6260.2489</dst>
      <dst id="14">13.9467</dst>
      <dst id="20">87.6444</dst>
      <dst id="11">180.0267</dst>
      <dst id="9">63.5467</dst>
      <dst id="17">1410.1956</dst>
      <dst id="21">985.8489</dst>
      <dst id="15">14.6133</dst>
    </src>
    <src id="23">
      <dst id="12">404.0711</dst>
      <dst id="13">442.4978</dst>
      <dst id="19">37.6800</dst>
      <dst id="8">60.4444</dst>
      <dst id="18">53.1289</dst>
      <dst id="4">126.7467</dst>
      <dst id="1">45.5556</dst>
      <dst id="5">21.4044</dst>
      <dst id="3">343.1822</dst>
      <dst id="22">1132.8000</dst>
      <dst id="7">155.8756</dst>
      <dst id="2">10.1956</dst>
      <dst id="6">0.4622</dst>
      <dst id="16">276.7556</dst>
      <dst id="14">13.3333</dst>
      <dst id="20">57.3511</dst>
      <dst id="11">241.8311</dst>
      <dst id="9">373.7778</dst>
      <dst id="17">1786.9956</dst>
      <dst id="21">2831.4933</dst>
      <dst id="15">67.8044</dst>
    </src>
    <src id="8">
      <dst id="12">387587.4756</dst>
      <dst id="13">3605.3422</dst>
      <dst id="19">73.4222</dst>
      <dst id="23">124.8000</dst>
      <dst id="18">47.3422</dst>
      <dst id="4">8894.6756</dst>
      <dst id="1">72.2400</dst>
      <dst id="5">5030.7200</dst>
      <dst id="3">242.5511</dst>
      <dst id="22">875.9022</dst>
      <dst id="7">41.9200</dst>
      <dst id="2">147728.8711</dst>
      <dst id="6">89.6000</dst>
      <dst id="16">453.3511</dst>
      <dst id="20">3643.7600</dst>
      <dst id="11">1993.1022</dst>
      <dst id="9">7031.7956</dst>
      <dst id="17">100877.9378</dst>
      <dst id="21">334.0622</dst>
      <dst id="15">119.2356</dst>
    </src>
    <src id="18">
      <dst id="12">149506.3733</dst>
      <dst id="13">1279.0667</dst>
      <dst id="19">83.5022</dst>
      <dst id="23">0.9244</dst>
      <dst id="8">70.1511</dst>
      <dst id="4">3090.0267</dst>
      <dst id="1">994.7111</dst>
      <dst id="5">669.1467</dst>
      <dst id="3">234.9156</dst>
      <dst id="22">865.3067</dst>
      <dst id="7">151.8667</dst>
      <dst id="2">51499.8844</dst>
      <dst id="16">100.7378</dst>
      <dst id="14">108.8889</dst>
      <dst id="20">42.0000</dst>
      <dst id="11">228.0711</dst>
      <dst id="9">205.9289</dst>
      <dst id="17">34107.2267</dst>
      <dst id="21">4250.4622</dst>
      <dst id="15">55.5733</dst>
    </src>
    <src id="4">
      <dst id="12">18464.8356</dst>
      <dst id="19">7690.8622</dst>
      <dst id="23">0.3556</dst>
      <dst id="8">1727.1644</dst>
      <dst id="18">2128.3289</dst>
      <dst id="4">13.6889</dst>
      <dst id="1">3719.5467</dst>
      <dst id="5">2094.8000</dst>
      <dst id="3">107113.6444</dst>
      <dst id="22">6296.3733</dst>
      <dst id="7">51535.5556</dst>
      <dst id="2">54582.8533</dst>
      <dst id="6">10.4889</dst>
      <dst id="16">1621.2622</dst>
      <dst id="14">5651.6622</dst>
      <dst id="20">2657.3956</dst>
      <dst id="11">6941.7156</dst>
      <dst id="9">10633.8044</dst>
      <dst id="17">64148.9689</dst>
      <dst id="21">15102.1422</dst>
      <dst id="15">374.0978</dst>
    </src>
    <src id="1">
      <dst id="12">41551.8489</dst>
      <dst id="13">3171.2267</dst>
      <dst id="19">2759.1733</dst>
      <dst id="23">176.9689</dst>
      <dst id="8">153700.7911</dst>
      <dst id="18">16041.5911</dst>
      <dst id="4">25292.5422</dst>
      <dst id="1">40.8622</dst>
      <dst id="5">282280.2933</dst>
      <dst id="3">56828.5511</dst>
      <dst id="22">5079.5467</dst>
      <dst id="7">28552.3467</dst>
      <dst id="2">18929.5733</dst>
      <dst id="6">8983.2533</dst>
      <dst id="16">18467.2711</dst>
      <dst id="14">1369.8311</dst>
      <dst id="20">205.9289</dst>
      <dst id="11">12871.5911</dst>
      <dst id="9">297198.3111</dst>
      <dst id="17">2317.7422</dst>
      <dst id="21">37424.9600</dst>
      <dst id="15">6858.5956</dst>
    </src>
    <src id="5">
      <dst id="12">449589.0311</dst>
      <dst id="13">3409.5644</dst>
      <dst id="19">37.1822</dst>
      <dst id="23">425.4311</dst>
      <dst id="8">22708.8622</dst>
      <dst id="18">1605.2356</dst>
      <dst id="4">12690.6489</dst>
      <dst id="1">55.8489</dst>
      <dst id="3">1080.3556</dst>
      <dst id="22">9532.0444</dst>
      <dst id="7">179.6089</dst>
      <dst id="2">192037.3244</dst>
      <dst id="6">13.8667</dst>
      <dst id="16">1467.6533</dst>
      <dst id="14">93.8578</dst>
      <dst id="20">2459.4667</dst>
      <dst id="11">5718.0711</dst>
      <dst id="9">4005.2356</dst>
      <dst id="17">99377.9289</dst>
      <dst id="21">1206.6667</dst>
      <dst id="15">675.2622</dst>
    </src>
    <src id="3">
      <dst id="12">12413.1200</dst>
      <dst id="13">4183.4400</dst>
      <dst id="19">922.0978</dst>
      <dst id="23">45.7778</dst>
      <dst id="8">309.7778</dst>
      <dst id="18">155460.0267</dst>
      <dst id="4">51267.2800</dst>
      <dst id="1">19740.7289</dst>
      <dst id="5">356.0178</dst>
      <dst id="3">19986.9333</dst>
      <dst id="22">906.8800</dst>
      <dst id="7">2413.8044</dst>
      <dst id="2">7743.1911</dst>
      <dst id="6">11.1556</dst>
      <dst id="16">1642.7556</dst>
      <dst id="14">47976.6133</dst>
      <dst id="20">522.4000</dst>
      <dst id="11">170689.2178</dst>
      <dst id="9">592.7822</dst>
      <dst id="17">23800.8444</dst>
      <dst id="21">20102.6933</dst>
      <dst id="15">74.4889</dst>
    </src>
    <src id="10">
      <dst id="12">17866.9156</dst>
      <dst id="19">3051.1467</dst>
      <dst id="8">2072.6489</dst>
      <dst id="18">4496.4444</dst>
      <dst id="1">756.3200</dst>
      <dst id="5">3193.3778</dst>
      <dst id="3">6329.4667</dst>
      <dst id="22">11611.9644</dst>
      <dst id="7">9837.8933</dst>
      <dst id="2">48597.8844</dst>
      <dst id="6">46.9689</dst>
      <dst id="16">3955.8044</dst>
      <dst id="14">1216.6400</dst>
      <dst id="20">3554.2133</dst>
      <dst id="11">6921.1556</dst>
      <dst id="9">5751.1378</dst>
      <dst id="17">30903.5822</dst>
      <dst id="21">29566.4000</dst>
      <dst id="15">861.2089</dst>
    </src>
    <src id="22">
      <dst id="12">8633.5822</dst>
      <dst id="13">2579.2178</dst>
      <dst id="19">151.2356</dst>
      <dst id="23">41.0578</dst>
      <dst id="8">1520.7200</dst>
      <dst id="18">753.4044</dst>
      <dst id="4">24879.9289</dst>
      <dst id="1">245.1289</dst>
      <dst id="5">4446.3200</dst>
      <dst id="3">1529.7600</dst>
      <dst id="7">1395.8222</dst>
      <dst id="2">5880.2756</dst>
      <dst id="6">41.8756</dst>
      <dst id="14">2.6311</dst>
      <dst id="11">3754.2756</dst>
      <dst id="9">3038.6756</dst>
      <dst id="17">6722.9511</dst>
      <dst id="21">1700.4800</dst>
    </src>
    <src id="7">
      <dst id="12">12042.4533</dst>
      <dst id="13">383.5289</dst>
      <dst id="19">749.5911</dst>
      <dst id="23">274.9067</dst>
      <dst id="8">1117.9911</dst>
      <dst id="18">536.1156</dst>
      <dst id="4">35988.6400</dst>
      <dst id="1">7183.7867</dst>
      <dst id="5">2101.9200</dst>
      <dst id="3">5267.2267</dst>
      <dst id="22">3813.1733</dst>
      <dst id="7">770.1689</dst>
      <dst id="2">13447.9378</dst>
      <dst id="6">268.0444</dst>
      <dst id="16">953.2178</dst>
      <dst id="14">338.0444</dst>
      <dst id="20">1007.5911</dst>
      <dst id="11">1962.1511</dst>
      <dst id="9">1864.5511</dst>
      <dst id="17">11985.2000</dst>
      <dst id="21">12468.4000</dst>
      <dst id="15">433.9200</dst>
    </src>
    <src id="2">
      <dst id="12">140572.0267</dst>
      <dst id="13">13809.3778</dst>
      <dst id="19">2367.3511</dst>
      <dst id="23">0.9956</dst>
      <dst id="8">359.0222</dst>
      <dst id="18">138532.6844</dst>
      <dst id="4">124813.4311</dst>
      <dst id="1">10412.4356</dst>
      <dst id="5">3383.4844</dst>
      <dst id="3">14780.2133</dst>
      <dst id="22">7922.6222</dst>
      <dst id="7">25152.8622</dst>
      <dst id="2">2117.4844</dst>
      <dst id="6">7286.7289</dst>
      <dst id="16">13642.8089</dst>
      <dst id="14">1129.1022</dst>
      <dst id="20">1380.1333</dst>
      <dst id="11">6849.9378</dst>
      <dst id="9">3242.1244</dst>
      <dst id="17">59081.7867</dst>
      <dst id="21">24178.2400</dst>
      <dst id="15">687.2711</dst>
    </src>
    <src id="6">
      <dst id="12">9584.3556</dst>
      <dst id="13">13.3156</dst>
      <dst id="19">5.7156</dst>
      <dst id="23">1.0933</dst>
      <dst id="8">2.5956</dst>
      <dst id="18">0.3556</dst>
      <dst id="4">70.6311</dst>
      <dst id="1">11.8222</dst>
      <dst id="5">1.2711</dst>
      <dst id="3">121.6267</dst>
      <dst id="22">12.7733</dst>
      <dst id="7">4.4000</dst>
      <dst id="2">2190.0178</dst>
      <dst id="16">1.1289</dst>
      <dst id="11">11.8311</dst>
      <dst id="9">1.7422</dst>
      <dst id="17">1871.4400</dst>
      <dst id="21">155.5911</dst>
      <dst id="15">0.6933</dst>
    </src>
    <src id="16">
      <dst id="12">5398.7200</dst>
      <dst id="13">1028.7111</dst>
      <dst id="19">4095.9733</dst>
      <dst id="23">67.0756</dst>
      <dst id="8">5605.6178</dst>
      <dst id="18">35.0044</dst>
      <dst id="4">7058.1156</dst>
      <dst id="1">17594.5689</dst>
      <dst id="5">5287.5022</dst>
      <dst id="3">1460.8267</dst>
      <dst id="7">711.9911</dst>
      <dst id="2">2655.2622</dst>
      <dst id="6">0.3556</dst>
      <dst id="16">63.3333</dst>
      <dst id="14">23.4667</dst>
      <dst id="11">291.4311</dst>
      <dst id="9">10075.7067</dst>
      <dst id="17">6172.3200</dst>
      <dst id="21">399.0489</dst>
    </src>
    <src id="14">
      <dst id="12">21432.5689</dst>
      <dst id="13">45.2089</dst>
      <dst id="19">19.3067</dst>
      <dst id="23">12.6222</dst>
      <dst id="8">12.6222</dst>
      <dst id="18">5.3333</dst>
      <dst id="4">3509.8400</dst>
      <dst id="1">88.0711</dst>
      <dst id="5">3.5556</dst>
      <dst id="3">47.2978</dst>
      <dst id="22">5.1378</dst>
      <dst id="7">73.7156</dst>
      <dst id="2">6306.9156</dst>
      <dst id="16">0.7822</dst>
      <dst id="20">2.9511</dst>
      <dst id="11">40.9689</dst>
      <dst id="9">0.4622</dst>
      <dst id="17">5203.1289</dst>
      <dst id="21">108.0178</dst>
      <dst id="15">15.2711</dst>
    </src>
    <src id="20">
      <dst id="12">3932.1067</dst>
      <dst id="13">13366.2756</dst>
      <dst id="19">18.9956</dst>
      <dst id="23">92.2756</dst>
      <dst id="8">5468.4800</dst>
      <dst id="18">1994.0444</dst>
      <dst id="4">11465.5644</dst>
      <dst id="1">403.7156</dst>
      <dst id="5">2094.8267</dst>
      <dst id="3">7926.6311</dst>
      <dst id="7">1030.0978</dst>
      <dst id="2">11847.9733</dst>
      <dst id="14">98.9867</dst>
      <dst id="11">2624.5067</dst>
      <dst id="9">2672.6578</dst>
      <dst id="17">16217.8578</dst>
      <dst id="21">1829.7511</dst>
    </src>
    <src id="11">
      <dst id="12">412866.1333</dst>
      <dst id="13">2477.5644</dst>
      <dst id="19">139.8311</dst>
      <dst id="23">52.1689</dst>
      <dst id="8">968.6222</dst>
      <dst id="18">1171.6356</dst>
      <dst id="4">11566.1244</dst>
      <dst id="1">878.9067</dst>
      <dst id="5">4636.2400</dst>
      <dst id="3">2006.0089</dst>
      <dst id="22">2445.4489</dst>
      <dst id="7">1895.8756</dst>
      <dst id="2">172010.3911</dst>
      <dst id="6">4.7289</dst>
      <dst id="16">349.0933</dst>
      <dst id="14">54.7378</dst>
      <dst id="20">180.3911</dst>
      <dst id="11">1760.5156</dst>
      <dst id="9">2245.1378</dst>
      <dst id="17">95736.9778</dst>
      <dst id="21">4641.6800</dst>
      <dst id="15">157.4311</dst>
    </src>
    <src id="9">
      <dst id="12">526210.7911</dst>
      <dst id="13">2614.3822</dst>
      <dst id="19">1727.0578</dst>
      <dst id="23">30.1511</dst>
      <dst id="8">1003.5378</dst>
      <dst id="18">970.3022</dst>
      <dst id="4">14195.2178</dst>
      <dst id="1">449.7511</dst>
      <dst id="5">2339.3511</dst>
      <dst id="3">228.5422</dst>
      <dst id="22">5924.2400</dst>
      <dst id="7">1083.9911</dst>
      <dst id="2">192286.1422</dst>
      <dst id="16">1119.8844</dst>
      <dst id="20">2795.3067</dst>
      <dst id="11">945.3067</dst>
      <dst id="9">1682.1600</dst>
      <dst id="17">114285.2444</dst>
      <dst id="21">3152.6933</dst>
      <dst id="15">633.3689</dst>
    </src>
    <src id="17">
      <dst id="12">20140.9511</dst>
      <dst id="13">7921.0578</dst>
      <dst id="19">13954.3911</dst>
      <dst id="23">719.9467</dst>
      <dst id="8">186908.6844</dst>
      <dst id="18">3285.6533</dst>
      <dst id="4">89766.3822</dst>
      <dst id="1">11923.6800</dst>
      <dst id="5">260917.4311</dst>
      <dst id="3">17113.0311</dst>
      <dst id="22">11714.7289</dst>
      <dst id="7">23640.1867</dst>
      <dst id="2">35621.3778</dst>
      <dst id="6">428.9422</dst>
      <dst id="16">13530.6133</dst>
      <dst id="14">43903.5022</dst>
      <dst id="20">2188.3644</dst>
      <dst id="11">134066.6311</dst>
      <dst id="9">271420.0889</dst>
      <dst id="17">1813.2800</dst>
      <dst id="21">23682.0622</dst>
      <dst id="15">1059.5822</dst>
    </src>
    <src id="21">
      <dst id="12">20840.8089</dst>
      <dst id="13">2652.5511</dst>
      <dst id="19">478.8800</dst>
      <dst id="23">197.0311</dst>
      <dst id="8">363.1467</dst>
      <dst id="18">1065.3333</dst>
      <dst id="4">26793.5022</dst>
      <dst id="1">4485.5022</dst>
      <dst id="5">823.2889</dst>
      <dst id="3">2658.6044</dst>
      <dst id="22">3024.9867</dst>
      <dst id="7">2952.4711</dst>
      <dst id="2">21189.9911</dst>
      <dst id="6">43.7778</dst>
      <dst id="16">227.7511</dst>
      <dst id="14">124.5778</dst>
      <dst id="20">646.5511</dst>
      <dst id="11">2845.0844</dst>
      <dst id="9">1286.9156</dst>
      <dst id="17">5058.5600</dst>
      <dst id="21">3683.2711</dst>
      <dst id="15">304.6044</dst>
    </src>
    <src id="15">
      <dst id="12">496.8267</dst>
      <dst id="13">2762.6044</dst>
      <dst id="19">27.0133</dst>
      <dst id="23">1.3689</dst>
      <dst id="8">503.4756</dst>
      <dst id="18">103.4222</dst>
      <dst id="4">4116.5956</dst>
      <dst id="1">9463.4489</dst>
      <dst id="5">1480.5867</dst>
      <dst id="3">614.4000</dst>
      <dst id="7">2842.5511</dst>
      <dst id="2">126.5244</dst>
      <dst id="14">14.5156</dst>
      <dst id="11">203.0667</dst>
      <dst id="9">954.1244</dst>
      <dst id="17">193.6711</dst>
      <dst id="21">231.7956</dst>
    </src>
  </IntraTM>
</TrafficMatrixFile>
