<?xml version="1.0" encoding="UTF-8" standalone="yes"?>
<TrafficMatrixFile xmlns:xsi="http://www.w3.org/2001/XMLSchema-instance" xsi:noNamespaceSchemaLocation="http://totem.run.montefiore.ulg.ac.be/Schema/TrafficMatrix-v1_2.xsd">
  <info>
    <title>Intradomain traffic matrix generated by geant-TM-all.pl</title>
    <date>2005-01-03T03:15:00</date>
    <duration>900</duration>
    <author>Steve Uhlig</author>
    <units>
        <unit type="bandwidth" value="kbps"/>
    </units>
  </info>
  <IntraTM ASID="20965">
    <src id="12">
      <dst id="12">252183.7156</dst>
      <dst id="13">33195.5911</dst>
      <dst id="19">4292.6311</dst>
      <dst id="23">3018.2133</dst>
      <dst id="8">9629.7511</dst>
      <dst id="18">3442.9689</dst>
      <dst id="4">109125.7867</dst>
      <dst id="1">9957.7600</dst>
      <dst id="5">4677.7600</dst>
      <dst id="3">1001.0844</dst>
      <dst id="22">14202.1422</dst>
      <dst id="7">4845.6622</dst>
      <dst id="2">106411.1289</dst>
      <dst id="6">6.6844</dst>
      <dst id="16">7031.3867</dst>
      <dst id="14">433.6533</dst>
      <dst id="20">6889.7956</dst>
      <dst id="11">6379.5289</dst>
      <dst id="9">12649.7956</dst>
      <dst id="17">64577.5289</dst>
      <dst id="21">22636.6667</dst>
      <dst id="15">410.4622</dst>
    </src>
    <src id="13">
      <dst id="12">61041.6444</dst>
      <dst id="19">31197.5822</dst>
      <dst id="23">67.0400</dst>
      <dst id="8">6789.1556</dst>
      <dst id="18">7897.6622</dst>
      <dst id="4">2.2400</dst>
      <dst id="1">5168.1511</dst>
      <dst id="5">19173.0578</dst>
      <dst id="3">13979.3244</dst>
      <dst id="22">29386.3733</dst>
      <dst id="7">11220.1867</dst>
      <dst id="2">109763.9733</dst>
      <dst id="6">122.6489</dst>
      <dst id="16">6426.1956</dst>
      <dst id="14">4800.0178</dst>
      <dst id="20">10617.3511</dst>
      <dst id="11">17473.0578</dst>
      <dst id="9">17458.2667</dst>
      <dst id="17">69132.9956</dst>
      <dst id="21">39820.4000</dst>
      <dst id="15">7885.3689</dst>
    </src>
    <src id="19">
      <dst id="12">15271.0489</dst>
      <dst id="13">811.0578</dst>
      <dst id="23">625.8222</dst>
      <dst id="8">27.3067</dst>
      <dst id="18">77.8222</dst>
      <dst id="4">24189.7244</dst>
      <dst id="1">1056.0444</dst>
      <dst id="5">47.0311</dst>
      <dst id="3">125.2000</dst>
      <dst id="22">221.8044</dst>
      <dst id="7">3198.9422</dst>
      <dst id="2">818.8267</dst>
      <dst id="6">95.3333</dst>
      <dst id="16">7316.8622</dst>
      <dst id="14">16.1778</dst>
      <dst id="20">31.6178</dst>
      <dst id="11">141.5378</dst>
      <dst id="9">1.6622</dst>
      <dst id="17">20572.5956</dst>
      <dst id="21">2494.3822</dst>
      <dst id="15">13.7778</dst>
    </src>
    <src id="23">
      <dst id="12">266.3111</dst>
      <dst id="13">121.3689</dst>
      <dst id="19">12.7911</dst>
      <dst id="8">129.6178</dst>
      <dst id="18">14.8000</dst>
      <dst id="4">1319.2978</dst>
      <dst id="1">284.8000</dst>
      <dst id="5">28.7111</dst>
      <dst id="3">164.9067</dst>
      <dst id="22">62.8533</dst>
      <dst id="7">62.2933</dst>
      <dst id="2">53.8756</dst>
      <dst id="6">1.5289</dst>
      <dst id="16">78.3378</dst>
      <dst id="14">10.5333</dst>
      <dst id="20">0.7111</dst>
      <dst id="11">172.4533</dst>
      <dst id="9">396.8622</dst>
      <dst id="17">364.4889</dst>
      <dst id="21">549.4578</dst>
      <dst id="15">1.1378</dst>
    </src>
    <src id="8">
      <dst id="12">377464.5156</dst>
      <dst id="13">570.4978</dst>
      <dst id="19">2.4267</dst>
      <dst id="23">98.8178</dst>
      <dst id="18">459.5911</dst>
      <dst id="4">13312.3111</dst>
      <dst id="1">615.1644</dst>
      <dst id="5">4026.1600</dst>
      <dst id="3">140.8356</dst>
      <dst id="22">2284.4533</dst>
      <dst id="7">11.5467</dst>
      <dst id="2">150990.5600</dst>
      <dst id="16">611.2889</dst>
      <dst id="20">3232.3467</dst>
      <dst id="11">536.9956</dst>
      <dst id="9">493.1200</dst>
      <dst id="17">147393.8311</dst>
      <dst id="21">243.3778</dst>
      <dst id="15">156.0622</dst>
    </src>
    <src id="18">
      <dst id="12">123394.8711</dst>
      <dst id="13">177.8933</dst>
      <dst id="19">14.8622</dst>
      <dst id="23">0.3556</dst>
      <dst id="8">44.7911</dst>
      <dst id="4">2138.4000</dst>
      <dst id="1">1089.2178</dst>
      <dst id="5">1543.8667</dst>
      <dst id="3">21.5911</dst>
      <dst id="22">311.6978</dst>
      <dst id="7">29.5200</dst>
      <dst id="2">55392.1067</dst>
      <dst id="16">47.3244</dst>
      <dst id="14">2.7733</dst>
      <dst id="20">6.6578</dst>
      <dst id="11">349.2800</dst>
      <dst id="9">85.8667</dst>
      <dst id="17">39329.9822</dst>
      <dst id="21">2444.4356</dst>
      <dst id="15">4.9778</dst>
    </src>
    <src id="4">
      <dst id="12">44545.7867</dst>
      <dst id="19">8094.3378</dst>
      <dst id="8">1052.6844</dst>
      <dst id="18">2486.5778</dst>
      <dst id="4">1.1111</dst>
      <dst id="1">141251.8311</dst>
      <dst id="5">1751.1022</dst>
      <dst id="3">2230.0267</dst>
      <dst id="22">5692.5867</dst>
      <dst id="7">218650.0178</dst>
      <dst id="2">95342.2489</dst>
      <dst id="6">74.9511</dst>
      <dst id="16">2767.7778</dst>
      <dst id="14">5777.5644</dst>
      <dst id="20">2387.6978</dst>
      <dst id="11">7947.8044</dst>
      <dst id="9">4521.2711</dst>
      <dst id="17">79993.8044</dst>
      <dst id="21">11029.1111</dst>
      <dst id="15">204.4622</dst>
    </src>
    <src id="1">
      <dst id="12">13334.2400</dst>
      <dst id="13">766.0356</dst>
      <dst id="19">2248.2222</dst>
      <dst id="23">114.9244</dst>
      <dst id="8">164882.2756</dst>
      <dst id="18">15815.6978</dst>
      <dst id="4">27444.4267</dst>
      <dst id="1">101794.7378</dst>
      <dst id="5">250323.8489</dst>
      <dst id="3">8257.7156</dst>
      <dst id="22">8213.8667</dst>
      <dst id="7">2357.1822</dst>
      <dst id="2">18533.3600</dst>
      <dst id="6">9580.7644</dst>
      <dst id="16">12160.4978</dst>
      <dst id="14">58.7111</dst>
      <dst id="20">58.5956</dst>
      <dst id="11">174.7644</dst>
      <dst id="9">236200.6933</dst>
      <dst id="17">7802.0889</dst>
      <dst id="21">9535.4756</dst>
      <dst id="15">155.6000</dst>
    </src>
    <src id="5">
      <dst id="12">316967.4489</dst>
      <dst id="13">5517.4133</dst>
      <dst id="19">130.8356</dst>
      <dst id="23">54.1511</dst>
      <dst id="8">5348.7556</dst>
      <dst id="18">2103.3511</dst>
      <dst id="4">5691.3244</dst>
      <dst id="1">489.3067</dst>
      <dst id="3">41.1200</dst>
      <dst id="22">5889.7867</dst>
      <dst id="7">210.4356</dst>
      <dst id="2">128245.9111</dst>
      <dst id="6">0.3556</dst>
      <dst id="16">2145.2533</dst>
      <dst id="14">2.8622</dst>
      <dst id="20">1310.9956</dst>
      <dst id="11">1224.4178</dst>
      <dst id="9">2682.3911</dst>
      <dst id="17">119032.1511</dst>
      <dst id="21">322.3289</dst>
      <dst id="15">657.2000</dst>
    </src>
    <src id="3">
      <dst id="12">9360.0356</dst>
      <dst id="13">3511.3244</dst>
      <dst id="19">953.8844</dst>
      <dst id="23">54.7378</dst>
      <dst id="8">200.8089</dst>
      <dst id="18">135036.7911</dst>
      <dst id="4">49983.4578</dst>
      <dst id="1">32710.7644</dst>
      <dst id="5">520.4978</dst>
      <dst id="3">22453.8578</dst>
      <dst id="22">10363.1556</dst>
      <dst id="7">3695.9111</dst>
      <dst id="2">5093.3333</dst>
      <dst id="6">77.0133</dst>
      <dst id="16">1374.0089</dst>
      <dst id="14">32590.1067</dst>
      <dst id="20">67.8044</dst>
      <dst id="11">169921.2178</dst>
      <dst id="9">98.8000</dst>
      <dst id="17">18212.5333</dst>
      <dst id="21">8484.6756</dst>
      <dst id="15">49.2000</dst>
    </src>
    <src id="10">
      <dst id="12">17626.7556</dst>
      <dst id="19">561.1289</dst>
      <dst id="8">1350.3467</dst>
      <dst id="18">9755.7689</dst>
      <dst id="1">548.1156</dst>
      <dst id="5">880.9600</dst>
      <dst id="3">14248.1333</dst>
      <dst id="22">6920.4356</dst>
      <dst id="7">15962.1511</dst>
      <dst id="2">28022.6844</dst>
      <dst id="6">4.2044</dst>
      <dst id="16">1499.1556</dst>
      <dst id="14">1204.7467</dst>
      <dst id="20">558.4178</dst>
      <dst id="11">5272.6400</dst>
      <dst id="9">2608.8800</dst>
      <dst id="17">29474.7289</dst>
      <dst id="21">11295.7689</dst>
      <dst id="15">1290.2933</dst>
    </src>
    <src id="22">
      <dst id="12">18666.3378</dst>
      <dst id="13">9182.2311</dst>
      <dst id="19">181.5378</dst>
      <dst id="23">24.7644</dst>
      <dst id="8">178.2844</dst>
      <dst id="18">2932.2756</dst>
      <dst id="4">21133.8133</dst>
      <dst id="1">198.5156</dst>
      <dst id="5">6701.6622</dst>
      <dst id="3">496.1689</dst>
      <dst id="7">665.2622</dst>
      <dst id="2">3079.1200</dst>
      <dst id="6">1.9289</dst>
      <dst id="16">5.7067</dst>
      <dst id="14">90.9600</dst>
      <dst id="11">4265.8489</dst>
      <dst id="9">2789.2444</dst>
      <dst id="17">3895.0756</dst>
      <dst id="21">1190.3111</dst>
    </src>
    <src id="7">
      <dst id="12">5696.1600</dst>
      <dst id="13">418.1244</dst>
      <dst id="19">4060.3467</dst>
      <dst id="23">167.5822</dst>
      <dst id="8">952.9244</dst>
      <dst id="18">205.8400</dst>
      <dst id="4">93561.7156</dst>
      <dst id="1">2611.0667</dst>
      <dst id="5">1115.7333</dst>
      <dst id="3">1185.2711</dst>
      <dst id="22">3496.9333</dst>
      <dst id="7">570.8356</dst>
      <dst id="2">122479.7422</dst>
      <dst id="6">11.6978</dst>
      <dst id="16">14610.3911</dst>
      <dst id="14">180.6578</dst>
      <dst id="20">995.7422</dst>
      <dst id="11">1519.7689</dst>
      <dst id="9">934.1956</dst>
      <dst id="17">21335.9911</dst>
      <dst id="21">7755.0933</dst>
      <dst id="15">129.2000</dst>
    </src>
    <src id="2">
      <dst id="12">119994.3378</dst>
      <dst id="13">519005.4578</dst>
      <dst id="19">1198.8000</dst>
      <dst id="23">15.3067</dst>
      <dst id="8">1398.7022</dst>
      <dst id="18">115008.2400</dst>
      <dst id="4">118265.3333</dst>
      <dst id="1">14204.6667</dst>
      <dst id="5">1443.6978</dst>
      <dst id="3">79.4489</dst>
      <dst id="22">2428.4889</dst>
      <dst id="7">6258.9689</dst>
      <dst id="2">990.2133</dst>
      <dst id="6">9876.8444</dst>
      <dst id="16">2559.9733</dst>
      <dst id="14">84.9956</dst>
      <dst id="20">5337.2267</dst>
      <dst id="11">5500.4356</dst>
      <dst id="9">1521.5200</dst>
      <dst id="17">27873.4844</dst>
      <dst id="21">8077.2711</dst>
      <dst id="15">183.1200</dst>
    </src>
    <src id="6">
      <dst id="12">12329.3511</dst>
      <dst id="13">38.5778</dst>
      <dst id="19">2.3733</dst>
      <dst id="23">35.5378</dst>
      <dst id="8">0.4444</dst>
      <dst id="18">2.8533</dst>
      <dst id="4">167.6800</dst>
      <dst id="1">29.0400</dst>
      <dst id="5">0.3556</dst>
      <dst id="22">11.8222</dst>
      <dst id="7">1.1378</dst>
      <dst id="2">2589.3867</dst>
      <dst id="16">10.1689</dst>
      <dst id="20">4.2489</dst>
      <dst id="11">0.8800</dst>
      <dst id="9">5.6889</dst>
      <dst id="17">1608.1156</dst>
      <dst id="21">0.8711</dst>
    </src>
    <src id="16">
      <dst id="12">3461.9733</dst>
      <dst id="13">801.3511</dst>
      <dst id="19">3707.9467</dst>
      <dst id="23">22.1867</dst>
      <dst id="8">6878.9333</dst>
      <dst id="18">210.7822</dst>
      <dst id="4">7254.9333</dst>
      <dst id="1">14697.8311</dst>
      <dst id="5">3657.4400</dst>
      <dst id="3">1.4933</dst>
      <dst id="7">6584.3200</dst>
      <dst id="2">3308.8622</dst>
      <dst id="6">1.5822</dst>
      <dst id="16">67.6800</dst>
      <dst id="14">274.2756</dst>
      <dst id="11">535.7867</dst>
      <dst id="9">5536.3022</dst>
      <dst id="17">2166.6400</dst>
      <dst id="21">626.8178</dst>
    </src>
    <src id="14">
      <dst id="12">17466.2044</dst>
      <dst id="13">9.7511</dst>
      <dst id="19">56.8622</dst>
      <dst id="23">13.3333</dst>
      <dst id="18">200.0000</dst>
      <dst id="4">3112.7200</dst>
      <dst id="1">89.2889</dst>
      <dst id="5">53.9111</dst>
      <dst id="3">49.1022</dst>
      <dst id="22">11.7600</dst>
      <dst id="7">54.2222</dst>
      <dst id="2">5951.4667</dst>
      <dst id="6">0.3556</dst>
      <dst id="16">5.1911</dst>
      <dst id="20">15.5911</dst>
      <dst id="11">30.7467</dst>
      <dst id="9">97.4044</dst>
      <dst id="17">6584.7733</dst>
      <dst id="21">185.6267</dst>
    </src>
    <src id="20">
      <dst id="12">19337.6267</dst>
      <dst id="13">4082.1867</dst>
      <dst id="19">39.9911</dst>
      <dst id="23">4.2489</dst>
      <dst id="8">278.7733</dst>
      <dst id="18">22.2222</dst>
      <dst id="4">14820.3644</dst>
      <dst id="1">135.6178</dst>
      <dst id="5">1892.8089</dst>
      <dst id="3">630.6844</dst>
      <dst id="22">0.3556</dst>
      <dst id="7">138.7111</dst>
      <dst id="2">4551.2089</dst>
      <dst id="6">13.2622</dst>
      <dst id="14">2.2222</dst>
      <dst id="11">140.9600</dst>
      <dst id="9">1965.2444</dst>
      <dst id="17">1037.9733</dst>
      <dst id="21">403.5556</dst>
    </src>
    <src id="11">
      <dst id="12">418601.6978</dst>
      <dst id="13">3425.9289</dst>
      <dst id="19">53.0756</dst>
      <dst id="23">14.9244</dst>
      <dst id="8">516.7200</dst>
      <dst id="18">403.1733</dst>
      <dst id="4">19223.1644</dst>
      <dst id="1">731.7244</dst>
      <dst id="5">1333.2000</dst>
      <dst id="3">935.0756</dst>
      <dst id="22">4818.0622</dst>
      <dst id="7">1053.2622</dst>
      <dst id="2">152743.2978</dst>
      <dst id="6">26.6133</dst>
      <dst id="16">1095.0044</dst>
      <dst id="14">42.1689</dst>
      <dst id="20">251.0756</dst>
      <dst id="11">787.3422</dst>
      <dst id="9">1540.8800</dst>
      <dst id="17">149975.6533</dst>
      <dst id="21">1237.9289</dst>
      <dst id="15">156.2844</dst>
    </src>
    <src id="9">
      <dst id="12">407035.2000</dst>
      <dst id="13">5255.5200</dst>
      <dst id="19">12.0089</dst>
      <dst id="23">773.0311</dst>
      <dst id="8">718.7022</dst>
      <dst id="18">134.1067</dst>
      <dst id="4">12895.8489</dst>
      <dst id="1">1043.6267</dst>
      <dst id="5">5311.9378</dst>
      <dst id="3">1.1467</dst>
      <dst id="22">2900.8533</dst>
      <dst id="7">984.7644</dst>
      <dst id="2">167869.7156</dst>
      <dst id="6">6.2578</dst>
      <dst id="16">926.8178</dst>
      <dst id="14">15.5733</dst>
      <dst id="20">1795.3600</dst>
      <dst id="11">2792.1867</dst>
      <dst id="9">2062.4622</dst>
      <dst id="17">178463.1556</dst>
      <dst id="21">593.1733</dst>
      <dst id="15">6525.0933</dst>
    </src>
    <src id="17">
      <dst id="12">11490.9956</dst>
      <dst id="13">16340.1956</dst>
      <dst id="19">452.9156</dst>
      <dst id="23">364.7911</dst>
      <dst id="8">175236.0889</dst>
      <dst id="18">239.7244</dst>
      <dst id="4">139804.4889</dst>
      <dst id="1">2990.2844</dst>
      <dst id="5">241100.1956</dst>
      <dst id="3">10985.4311</dst>
      <dst id="22">19965.9289</dst>
      <dst id="7">4961.0578</dst>
      <dst id="2">27365.2444</dst>
      <dst id="6">31.5733</dst>
      <dst id="16">5970.7289</dst>
      <dst id="14">29605.2800</dst>
      <dst id="20">3242.1956</dst>
      <dst id="11">136301.3422</dst>
      <dst id="9">202790.3911</dst>
      <dst id="17">1466.7378</dst>
      <dst id="21">9208.0000</dst>
      <dst id="15">87.6533</dst>
    </src>
    <src id="21">
      <dst id="12">17410.1867</dst>
      <dst id="13">1037.8756</dst>
      <dst id="19">236.5244</dst>
      <dst id="23">59.7867</dst>
      <dst id="8">197.1822</dst>
      <dst id="18">1559.3600</dst>
      <dst id="4">34513.7244</dst>
      <dst id="1">931.5822</dst>
      <dst id="5">714.3022</dst>
      <dst id="3">1370.8267</dst>
      <dst id="22">2387.5467</dst>
      <dst id="7">3928.4178</dst>
      <dst id="2">11088.0711</dst>
      <dst id="6">13.3244</dst>
      <dst id="16">225.1200</dst>
      <dst id="14">47.7778</dst>
      <dst id="20">1269.8844</dst>
      <dst id="11">847.3600</dst>
      <dst id="9">993.5022</dst>
      <dst id="17">6418.3733</dst>
      <dst id="21">2516.3467</dst>
      <dst id="15">48.5511</dst>
    </src>
    <src id="15">
      <dst id="12">528.7111</dst>
      <dst id="13">503.3067</dst>
      <dst id="19">1.2000</dst>
      <dst id="23">0.4622</dst>
      <dst id="8">200.1156</dst>
      <dst id="18">114.0978</dst>
      <dst id="4">2517.7511</dst>
      <dst id="1">531.7067</dst>
      <dst id="5">497.0311</dst>
      <dst id="3">169.2178</dst>
      <dst id="7">66.1867</dst>
      <dst id="2">334.5511</dst>
      <dst id="11">106.9600</dst>
      <dst id="9">354.1511</dst>
      <dst id="17">185.4044</dst>
      <dst id="21">36.6044</dst>
    </src>
  </IntraTM>
</TrafficMatrixFile>
