<?xml version="1.0" encoding="UTF-8" standalone="yes"?>
<TrafficMatrixFile xmlns:xsi="http://www.w3.org/2001/XMLSchema-instance" xsi:noNamespaceSchemaLocation="http://totem.run.montefiore.ulg.ac.be/Schema/TrafficMatrix-v1_2.xsd">
  <info>
    <title>Intradomain traffic matrix generated by geant-TM-all.pl</title>
    <date>2005-01-06T03:45:00</date>
    <duration>900</duration>
    <author>Steve Uhlig</author>
    <units>
        <unit type="bandwidth" value="kbps"/>
    </units>
  </info>
  <IntraTM ASID="20965">
    <src id="12">
      <dst id="12">291252.2667</dst>
      <dst id="13">24796.1689</dst>
      <dst id="19">6031.1022</dst>
      <dst id="23">371.2356</dst>
      <dst id="8">1699.7511</dst>
      <dst id="18">6694.0711</dst>
      <dst id="4">131885.5467</dst>
      <dst id="1">8776.8178</dst>
      <dst id="5">10703.7067</dst>
      <dst id="3">9673.4933</dst>
      <dst id="22">20263.0667</dst>
      <dst id="7">7909.7778</dst>
      <dst id="2">121216.5867</dst>
      <dst id="6">30.7111</dst>
      <dst id="16">7561.9822</dst>
      <dst id="14">295.9200</dst>
      <dst id="20">6252.7378</dst>
      <dst id="11">8212.4000</dst>
      <dst id="9">20634.7733</dst>
      <dst id="17">100395.2889</dst>
      <dst id="21">11167.4667</dst>
      <dst id="15">8879.7067</dst>
    </src>
    <src id="13">
      <dst id="12">100072.2756</dst>
      <dst id="19">12793.0844</dst>
      <dst id="23">990.9244</dst>
      <dst id="8">7248.9511</dst>
      <dst id="18">6445.3511</dst>
      <dst id="1">18515.0933</dst>
      <dst id="5">7949.3600</dst>
      <dst id="3">18038.8178</dst>
      <dst id="22">29609.2178</dst>
      <dst id="7">33862.2222</dst>
      <dst id="2">138207.3600</dst>
      <dst id="6">63.9111</dst>
      <dst id="16">12393.9467</dst>
      <dst id="14">10101.2889</dst>
      <dst id="20">13712.4356</dst>
      <dst id="11">15778.8889</dst>
      <dst id="9">31345.8311</dst>
      <dst id="17">91751.7956</dst>
      <dst id="21">39221.2089</dst>
      <dst id="15">20419.4311</dst>
    </src>
    <src id="19">
      <dst id="12">23768.1067</dst>
      <dst id="13">1953.2000</dst>
      <dst id="23">182.7378</dst>
      <dst id="8">16.2844</dst>
      <dst id="18">3728.4000</dst>
      <dst id="4">18046.2044</dst>
      <dst id="1">790.6756</dst>
      <dst id="5">129.0489</dst>
      <dst id="3">127.3689</dst>
      <dst id="22">799.2089</dst>
      <dst id="7">4661.4044</dst>
      <dst id="2">2293.3067</dst>
      <dst id="6">87.7778</dst>
      <dst id="16">5281.3422</dst>
      <dst id="14">0.7111</dst>
      <dst id="20">5323.8400</dst>
      <dst id="11">81.5200</dst>
      <dst id="9">6799.1556</dst>
      <dst id="17">9265.7778</dst>
      <dst id="21">3565.5822</dst>
      <dst id="15">692.2489</dst>
    </src>
    <src id="23">
      <dst id="12">1299.3689</dst>
      <dst id="13">235.2800</dst>
      <dst id="19">10.3200</dst>
      <dst id="8">53.6889</dst>
      <dst id="18">54.1511</dst>
      <dst id="4">138.2400</dst>
      <dst id="1">102.9067</dst>
      <dst id="5">46.7556</dst>
      <dst id="3">150.2667</dst>
      <dst id="22">122.4000</dst>
      <dst id="7">117.3600</dst>
      <dst id="2">43.7333</dst>
      <dst id="6">0.3378</dst>
      <dst id="16">342.9422</dst>
      <dst id="14">1.2444</dst>
      <dst id="20">211.9644</dst>
      <dst id="11">32.7644</dst>
      <dst id="9">472.4444</dst>
      <dst id="17">421.8222</dst>
      <dst id="21">264.2667</dst>
      <dst id="15">13.6711</dst>
    </src>
    <src id="8">
      <dst id="12">350299.8311</dst>
      <dst id="13">2026.6044</dst>
      <dst id="19">28.6844</dst>
      <dst id="23">0.7111</dst>
      <dst id="18">396.7733</dst>
      <dst id="4">10683.6978</dst>
      <dst id="1">758.8178</dst>
      <dst id="5">3673.2089</dst>
      <dst id="3">0.3556</dst>
      <dst id="22">1234.2489</dst>
      <dst id="7">178.1778</dst>
      <dst id="2">151146.6311</dst>
      <dst id="6">25.6000</dst>
      <dst id="16">1139.4489</dst>
      <dst id="20">586.4000</dst>
      <dst id="11">2098.6667</dst>
      <dst id="9">1114.0267</dst>
      <dst id="17">135352.9778</dst>
      <dst id="21">949.0844</dst>
      <dst id="15">137.1822</dst>
    </src>
    <src id="18">
      <dst id="12">140081.7422</dst>
      <dst id="13">419.4578</dst>
      <dst id="19">604.5689</dst>
      <dst id="23">71.2356</dst>
      <dst id="8">361.1733</dst>
      <dst id="4">3602.5956</dst>
      <dst id="1">1124.6844</dst>
      <dst id="5">223.9378</dst>
      <dst id="3">126.4800</dst>
      <dst id="22">2227.6178</dst>
      <dst id="7">27.9378</dst>
      <dst id="2">43067.4044</dst>
      <dst id="16">21.6800</dst>
      <dst id="14">1.0756</dst>
      <dst id="20">58.2222</dst>
      <dst id="11">317.4400</dst>
      <dst id="9">853.4133</dst>
      <dst id="17">52296.8178</dst>
      <dst id="21">928.5778</dst>
      <dst id="15">20.6133</dst>
    </src>
    <src id="4">
      <dst id="12">21009.8933</dst>
      <dst id="19">7504.6222</dst>
      <dst id="23">7.1289</dst>
      <dst id="8">4840.1689</dst>
      <dst id="18">1402.4089</dst>
      <dst id="1">211629.2444</dst>
      <dst id="5">2223.2089</dst>
      <dst id="3">764.9422</dst>
      <dst id="22">9544.0444</dst>
      <dst id="7">36440.2400</dst>
      <dst id="2">72711.5644</dst>
      <dst id="6">115.1911</dst>
      <dst id="16">2268.0089</dst>
      <dst id="14">1765.5733</dst>
      <dst id="20">3296.1422</dst>
      <dst id="11">3249.7156</dst>
      <dst id="9">7348.0178</dst>
      <dst id="17">30231.5644</dst>
      <dst id="21">12424.3911</dst>
      <dst id="15">784.6844</dst>
    </src>
    <src id="1">
      <dst id="12">21601.1911</dst>
      <dst id="13">4324.7111</dst>
      <dst id="19">1346.5244</dst>
      <dst id="23">81.5200</dst>
      <dst id="8">166591.8756</dst>
      <dst id="18">17337.3600</dst>
      <dst id="4">27947.8133</dst>
      <dst id="1">27734.3733</dst>
      <dst id="5">284755.6889</dst>
      <dst id="3">383.5644</dst>
      <dst id="22">6180.4089</dst>
      <dst id="7">29436.5422</dst>
      <dst id="2">29308.3200</dst>
      <dst id="6">12752.7200</dst>
      <dst id="16">8775.8044</dst>
      <dst id="14">139.5822</dst>
      <dst id="20">11749.2000</dst>
      <dst id="11">360.9867</dst>
      <dst id="9">300624.6044</dst>
      <dst id="17">15841.6000</dst>
      <dst id="21">7772.7644</dst>
      <dst id="15">953.9467</dst>
    </src>
    <src id="5">
      <dst id="12">391558.6222</dst>
      <dst id="13">15536.8533</dst>
      <dst id="19">275.6800</dst>
      <dst id="23">95.4667</dst>
      <dst id="8">8887.8667</dst>
      <dst id="18">787.1467</dst>
      <dst id="4">9210.3200</dst>
      <dst id="1">1730.1067</dst>
      <dst id="3">296.6044</dst>
      <dst id="22">8420.8178</dst>
      <dst id="7">296.1067</dst>
      <dst id="2">177685.0400</dst>
      <dst id="16">1672.0978</dst>
      <dst id="14">23.2800</dst>
      <dst id="20">1822.5333</dst>
      <dst id="11">3205.4222</dst>
      <dst id="9">2368.3111</dst>
      <dst id="17">146818.4000</dst>
      <dst id="21">510.7644</dst>
      <dst id="15">447.6267</dst>
    </src>
    <src id="3">
      <dst id="12">10752.6578</dst>
      <dst id="13">6533.1289</dst>
      <dst id="19">1672.1867</dst>
      <dst id="23">1707.9733</dst>
      <dst id="8">1051.8933</dst>
      <dst id="18">157120.9244</dst>
      <dst id="4">74688.6133</dst>
      <dst id="1">8973.1111</dst>
      <dst id="5">960.1067</dst>
      <dst id="3">16113.1111</dst>
      <dst id="22">655.4133</dst>
      <dst id="7">29614.2133</dst>
      <dst id="2">15206.1511</dst>
      <dst id="6">0.6222</dst>
      <dst id="16">1686.4889</dst>
      <dst id="14">48010.1956</dst>
      <dst id="20">2534.4267</dst>
      <dst id="11">244930.0356</dst>
      <dst id="9">428.6044</dst>
      <dst id="17">48313.9022</dst>
      <dst id="21">14576.1244</dst>
      <dst id="15">70.0533</dst>
    </src>
    <src id="10">
      <dst id="12">11602.3200</dst>
      <dst id="19">4492.3644</dst>
      <dst id="23">0.4267</dst>
      <dst id="8">3418.0800</dst>
      <dst id="18">4840.1333</dst>
      <dst id="1">1884.6844</dst>
      <dst id="5">1268.4000</dst>
      <dst id="3">35610.8444</dst>
      <dst id="22">5512.6578</dst>
      <dst id="7">7597.5733</dst>
      <dst id="2">44007.2800</dst>
      <dst id="6">0.3556</dst>
      <dst id="16">5128.5867</dst>
      <dst id="14">966.9867</dst>
      <dst id="20">5797.7600</dst>
      <dst id="11">3926.3822</dst>
      <dst id="9">2760.7556</dst>
      <dst id="17">25254.8356</dst>
      <dst id="21">17597.7689</dst>
      <dst id="15">297.4756</dst>
    </src>
    <src id="22">
      <dst id="12">6979.7333</dst>
      <dst id="13">3319.6178</dst>
      <dst id="19">364.1333</dst>
      <dst id="23">137.2444</dst>
      <dst id="8">1385.4578</dst>
      <dst id="18">1278.0533</dst>
      <dst id="4">28687.2444</dst>
      <dst id="1">693.4222</dst>
      <dst id="5">4988.2400</dst>
      <dst id="3">1033.4311</dst>
      <dst id="7">3627.8756</dst>
      <dst id="2">8626.5600</dst>
      <dst id="6">3.5911</dst>
      <dst id="16">1.0133</dst>
      <dst id="14">97.2089</dst>
      <dst id="11">6859.8933</dst>
      <dst id="9">4608.2933</dst>
      <dst id="17">8005.4133</dst>
      <dst id="21">4313.1378</dst>
    </src>
    <src id="7">
      <dst id="12">3630.4000</dst>
      <dst id="13">1553.2800</dst>
      <dst id="19">1468.7733</dst>
      <dst id="23">383.3156</dst>
      <dst id="8">483.5911</dst>
      <dst id="18">3267.3156</dst>
      <dst id="4">47360.8889</dst>
      <dst id="1">47169.5022</dst>
      <dst id="5">1047.2711</dst>
      <dst id="3">2439.6000</dst>
      <dst id="22">5644.8800</dst>
      <dst id="7">680.8178</dst>
      <dst id="2">12044.0356</dst>
      <dst id="6">3.5022</dst>
      <dst id="16">6658.8889</dst>
      <dst id="14">123.0578</dst>
      <dst id="20">3175.8667</dst>
      <dst id="11">3394.1244</dst>
      <dst id="9">1964.5778</dst>
      <dst id="17">11775.8400</dst>
      <dst id="21">18811.5378</dst>
      <dst id="15">1738.6933</dst>
    </src>
    <src id="2">
      <dst id="12">130661.7956</dst>
      <dst id="13">523773.0311</dst>
      <dst id="19">2216.6489</dst>
      <dst id="23">4.4622</dst>
      <dst id="8">2983.9644</dst>
      <dst id="18">129780.7111</dst>
      <dst id="4">138913.3067</dst>
      <dst id="1">7682.9422</dst>
      <dst id="5">2275.1467</dst>
      <dst id="3">7020.7378</dst>
      <dst id="22">3411.8667</dst>
      <dst id="7">17820.4978</dst>
      <dst id="2">1138.9067</dst>
      <dst id="6">10902.0533</dst>
      <dst id="16">3681.5378</dst>
      <dst id="14">3288.1244</dst>
      <dst id="20">6485.0133</dst>
      <dst id="11">3898.8267</dst>
      <dst id="9">1867.0844</dst>
      <dst id="17">37625.9378</dst>
      <dst id="21">8571.7156</dst>
      <dst id="15">2108.2844</dst>
    </src>
    <src id="6">
      <dst id="12">11115.9022</dst>
      <dst id="13">11.1911</dst>
      <dst id="19">40.7911</dst>
      <dst id="8">7.0311</dst>
      <dst id="18">34.9333</dst>
      <dst id="4">106.3556</dst>
      <dst id="1">2.8889</dst>
      <dst id="5">17.2622</dst>
      <dst id="22">27.5378</dst>
      <dst id="7">1.3156</dst>
      <dst id="2">3200.3733</dst>
      <dst id="16">26.3911</dst>
      <dst id="20">0.3911</dst>
      <dst id="11">18.0000</dst>
      <dst id="9">34.4000</dst>
      <dst id="17">2024.5067</dst>
      <dst id="21">73.5911</dst>
      <dst id="15">0.3556</dst>
    </src>
    <src id="16">
      <dst id="12">5918.6133</dst>
      <dst id="13">510.7378</dst>
      <dst id="19">3629.1111</dst>
      <dst id="23">502.7111</dst>
      <dst id="8">10812.5067</dst>
      <dst id="18">265.8400</dst>
      <dst id="4">8710.3822</dst>
      <dst id="1">14587.2267</dst>
      <dst id="5">9229.6089</dst>
      <dst id="3">243.8933</dst>
      <dst id="7">5775.8578</dst>
      <dst id="2">4757.4756</dst>
      <dst id="6">19.9378</dst>
      <dst id="16">69.8756</dst>
      <dst id="14">320.4800</dst>
      <dst id="11">3843.9467</dst>
      <dst id="9">9432.5067</dst>
      <dst id="17">3958.0889</dst>
      <dst id="21">1237.1644</dst>
    </src>
    <src id="14">
      <dst id="12">24756.8622</dst>
      <dst id="13">115.1733</dst>
      <dst id="19">5.9733</dst>
      <dst id="23">12.6222</dst>
      <dst id="8">26.8444</dst>
      <dst id="18">1.7778</dst>
      <dst id="4">4541.6711</dst>
      <dst id="1">67.5200</dst>
      <dst id="5">1.6444</dst>
      <dst id="3">70.1600</dst>
      <dst id="22">107.3511</dst>
      <dst id="7">107.5911</dst>
      <dst id="2">7771.6800</dst>
      <dst id="16">9.3511</dst>
      <dst id="20">46.5067</dst>
      <dst id="11">19.1822</dst>
      <dst id="9">46.7556</dst>
      <dst id="17">13683.2978</dst>
      <dst id="21">85.3333</dst>
      <dst id="15">2.3111</dst>
    </src>
    <src id="20">
      <dst id="12">16647.7867</dst>
      <dst id="13">8577.6533</dst>
      <dst id="19">2996.4978</dst>
      <dst id="23">9.9822</dst>
      <dst id="8">3248.2311</dst>
      <dst id="18">36.9333</dst>
      <dst id="4">11226.6933</dst>
      <dst id="1">2065.3244</dst>
      <dst id="5">3713.4844</dst>
      <dst id="3">531.0311</dst>
      <dst id="7">1630.2844</dst>
      <dst id="2">1295.8044</dst>
      <dst id="6">0.4889</dst>
      <dst id="14">85.1911</dst>
      <dst id="11">4586.9600</dst>
      <dst id="9">6003.5822</dst>
      <dst id="17">2535.1911</dst>
      <dst id="21">823.2533</dst>
    </src>
    <src id="11">
      <dst id="12">427457.5378</dst>
      <dst id="13">2293.9822</dst>
      <dst id="19">734.0178</dst>
      <dst id="23">175.0489</dst>
      <dst id="8">1289.3422</dst>
      <dst id="18">455.6356</dst>
      <dst id="4">14451.1200</dst>
      <dst id="1">2010.5689</dst>
      <dst id="5">1487.0222</dst>
      <dst id="3">2567.9822</dst>
      <dst id="22">2451.4756</dst>
      <dst id="7">1816.4178</dst>
      <dst id="2">186387.0489</dst>
      <dst id="6">852.0711</dst>
      <dst id="16">564.7822</dst>
      <dst id="14">160.2933</dst>
      <dst id="20">7673.6533</dst>
      <dst id="11">1765.1911</dst>
      <dst id="9">3567.3778</dst>
      <dst id="17">182315.6889</dst>
      <dst id="21">806.1422</dst>
      <dst id="15">201.3244</dst>
    </src>
    <src id="9">
      <dst id="12">520957.3778</dst>
      <dst id="13">2650.1689</dst>
      <dst id="19">330.4889</dst>
      <dst id="23">29.2978</dst>
      <dst id="8">259.3333</dst>
      <dst id="18">2155.9733</dst>
      <dst id="4">23921.9644</dst>
      <dst id="1">1440.7111</dst>
      <dst id="5">3006.8356</dst>
      <dst id="3">12.9956</dst>
      <dst id="22">5244.8178</dst>
      <dst id="7">336.2667</dst>
      <dst id="2">226637.0667</dst>
      <dst id="6">1.4044</dst>
      <dst id="16">1154.0711</dst>
      <dst id="14">27.6267</dst>
      <dst id="20">22582.9156</dst>
      <dst id="11">2203.8844</dst>
      <dst id="9">405.3956</dst>
      <dst id="17">212669.8578</dst>
      <dst id="21">1372.1511</dst>
      <dst id="15">1740.2400</dst>
    </src>
    <src id="17">
      <dst id="12">8568.2489</dst>
      <dst id="13">6484.3200</dst>
      <dst id="19">647.7333</dst>
      <dst id="23">585.1289</dst>
      <dst id="8">200262.1778</dst>
      <dst id="18">2542.9778</dst>
      <dst id="4">120509.8044</dst>
      <dst id="1">2799.1022</dst>
      <dst id="5">287249.5289</dst>
      <dst id="3">12240.1333</dst>
      <dst id="22">5521.7867</dst>
      <dst id="7">5993.7867</dst>
      <dst id="2">40377.7689</dst>
      <dst id="6">174.8889</dst>
      <dst id="16">5971.2089</dst>
      <dst id="14">43631.4756</dst>
      <dst id="20">13284.6133</dst>
      <dst id="11">195900.0356</dst>
      <dst id="9">265455.4756</dst>
      <dst id="17">1746.6844</dst>
      <dst id="21">20056.7200</dst>
      <dst id="15">340.1600</dst>
    </src>
    <src id="21">
      <dst id="12">24241.0756</dst>
      <dst id="13">2319.6000</dst>
      <dst id="19">788.3111</dst>
      <dst id="23">43.8133</dst>
      <dst id="8">107.1644</dst>
      <dst id="18">3419.0578</dst>
      <dst id="4">32885.5378</dst>
      <dst id="1">8011.2711</dst>
      <dst id="5">439.8933</dst>
      <dst id="3">21468.7556</dst>
      <dst id="22">1888.9422</dst>
      <dst id="7">2611.0489</dst>
      <dst id="2">22071.1644</dst>
      <dst id="6">12.7822</dst>
      <dst id="16">1453.4044</dst>
      <dst id="14">73.8311</dst>
      <dst id="20">1221.2178</dst>
      <dst id="11">1958.5600</dst>
      <dst id="9">6954.2400</dst>
      <dst id="17">8354.9156</dst>
      <dst id="21">4177.0756</dst>
      <dst id="15">1908.5689</dst>
    </src>
    <src id="15">
      <dst id="12">1537.5200</dst>
      <dst id="13">807.6800</dst>
      <dst id="19">94.8178</dst>
      <dst id="23">0.6400</dst>
      <dst id="8">615.2978</dst>
      <dst id="18">28.3022</dst>
      <dst id="4">1903.1911</dst>
      <dst id="1">2008.8711</dst>
      <dst id="5">1173.4311</dst>
      <dst id="7">615.1022</dst>
      <dst id="2">329.6444</dst>
      <dst id="14">33.7067</dst>
      <dst id="11">607.9111</dst>
      <dst id="9">1260.3467</dst>
      <dst id="17">14083.1022</dst>
      <dst id="21">111.0844</dst>
    </src>
  </IntraTM>
</TrafficMatrixFile>
