<?xml version="1.0" encoding="UTF-8" standalone="yes"?>
<TrafficMatrixFile xmlns:xsi="http://www.w3.org/2001/XMLSchema-instance" xsi:noNamespaceSchemaLocation="http://totem.run.montefiore.ulg.ac.be/Schema/TrafficMatrix-v1_2.xsd">
  <info>
    <title>Intradomain traffic matrix generated by geant-TM-all.pl</title>
    <date>2005-01-04T05:30:00</date>
    <duration>900</duration>
    <author>Steve Uhlig</author>
    <units>
        <unit type="bandwidth" value="kbps"/>
    </units>
  </info>
  <IntraTM ASID="20965">
    <src id="12">
      <dst id="12">242442.6044</dst>
      <dst id="13">21639.7867</dst>
      <dst id="19">1286.6667</dst>
      <dst id="23">48.3467</dst>
      <dst id="8">1331.8489</dst>
      <dst id="18">970.0178</dst>
      <dst id="4">87832.2400</dst>
      <dst id="1">25957.4578</dst>
      <dst id="5">3579.9556</dst>
      <dst id="3">3907.9378</dst>
      <dst id="22">20914.3733</dst>
      <dst id="7">6175.9289</dst>
      <dst id="2">74461.6533</dst>
      <dst id="6">16.4978</dst>
      <dst id="16">4869.9289</dst>
      <dst id="14">737.2089</dst>
      <dst id="20">6812.1956</dst>
      <dst id="11">7809.8756</dst>
      <dst id="9">4591.2889</dst>
      <dst id="17">72981.1822</dst>
      <dst id="21">3061.0133</dst>
      <dst id="15">13902.2756</dst>
    </src>
    <src id="13">
      <dst id="12">60710.2756</dst>
      <dst id="19">6439.4044</dst>
      <dst id="23">90.0533</dst>
      <dst id="8">3178.6311</dst>
      <dst id="18">1872.6933</dst>
      <dst id="1">5412.0533</dst>
      <dst id="5">8312.6044</dst>
      <dst id="3">3499.0044</dst>
      <dst id="22">18075.0222</dst>
      <dst id="7">7699.7422</dst>
      <dst id="2">101836.6222</dst>
      <dst id="6">879.8489</dst>
      <dst id="16">8146.2222</dst>
      <dst id="14">2931.7244</dst>
      <dst id="20">8770.3111</dst>
      <dst id="11">8679.8133</dst>
      <dst id="9">18008.0711</dst>
      <dst id="17">263199.0578</dst>
      <dst id="21">14767.9200</dst>
      <dst id="15">2980.9600</dst>
    </src>
    <src id="19">
      <dst id="12">14547.6444</dst>
      <dst id="13">273.0222</dst>
      <dst id="23">0.6756</dst>
      <dst id="8">0.4000</dst>
      <dst id="18">225.3778</dst>
      <dst id="4">21591.0933</dst>
      <dst id="1">231.9289</dst>
      <dst id="5">173.8311</dst>
      <dst id="22">145.2800</dst>
      <dst id="7">3083.6356</dst>
      <dst id="2">2555.9644</dst>
      <dst id="6">76.2844</dst>
      <dst id="16">8235.0133</dst>
      <dst id="14">0.9956</dst>
      <dst id="20">2039.9022</dst>
      <dst id="11">94.9511</dst>
      <dst id="9">85.6711</dst>
      <dst id="17">506.4000</dst>
      <dst id="21">216.2844</dst>
      <dst id="15">0.7111</dst>
    </src>
    <src id="23">
      <dst id="12">36.0178</dst>
      <dst id="13">484.4978</dst>
      <dst id="19">1.2178</dst>
      <dst id="18">88.9244</dst>
      <dst id="4">13.7956</dst>
      <dst id="1">47.0133</dst>
      <dst id="5">27.7333</dst>
      <dst id="3">134.2756</dst>
      <dst id="22">47.6978</dst>
      <dst id="7">3.3600</dst>
      <dst id="2">55.0933</dst>
      <dst id="6">0.5244</dst>
      <dst id="16">23.7244</dst>
      <dst id="20">1.6178</dst>
      <dst id="11">1675.8222</dst>
      <dst id="9">1040.4356</dst>
      <dst id="17">362.3822</dst>
      <dst id="21">90.9511</dst>
    </src>
    <src id="8">
      <dst id="12">339658.0889</dst>
      <dst id="13">770.9422</dst>
      <dst id="19">0.9333</dst>
      <dst id="23">0.3556</dst>
      <dst id="18">72.0889</dst>
      <dst id="4">6101.2089</dst>
      <dst id="1">548.1956</dst>
      <dst id="5">2211.1733</dst>
      <dst id="3">12.6222</dst>
      <dst id="22">1807.9556</dst>
      <dst id="7">1117.9556</dst>
      <dst id="2">146547.8222</dst>
      <dst id="16">1669.2533</dst>
      <dst id="14">12.4444</dst>
      <dst id="20">43.4756</dst>
      <dst id="11">175.4756</dst>
      <dst id="9">945.1556</dst>
      <dst id="17">128277.9289</dst>
      <dst id="21">160.3378</dst>
      <dst id="15">130.3467</dst>
    </src>
    <src id="18">
      <dst id="12">90481.1111</dst>
      <dst id="13">155.3422</dst>
      <dst id="19">36.2222</dst>
      <dst id="23">3.3867</dst>
      <dst id="8">3364.5422</dst>
      <dst id="4">1098.6400</dst>
      <dst id="1">1013.4844</dst>
      <dst id="5">144.7022</dst>
      <dst id="3">50.9600</dst>
      <dst id="22">129.9644</dst>
      <dst id="7">4.0889</dst>
      <dst id="2">26410.7289</dst>
      <dst id="16">153.4222</dst>
      <dst id="14">35.2000</dst>
      <dst id="20">18.6844</dst>
      <dst id="11">55.2444</dst>
      <dst id="9">133.1467</dst>
      <dst id="17">33275.3689</dst>
      <dst id="21">128.0267</dst>
      <dst id="15">0.6400</dst>
    </src>
    <src id="4">
      <dst id="12">16730.1244</dst>
      <dst id="19">16242.4889</dst>
      <dst id="8">1228.4889</dst>
      <dst id="18">481.1644</dst>
      <dst id="1">104207.9467</dst>
      <dst id="5">2322.0711</dst>
      <dst id="3">417.9022</dst>
      <dst id="22">7287.9111</dst>
      <dst id="7">162636.7644</dst>
      <dst id="2">96392.8000</dst>
      <dst id="6">31.2444</dst>
      <dst id="16">1972.1156</dst>
      <dst id="14">2314.0800</dst>
      <dst id="20">1516.9156</dst>
      <dst id="11">4214.7556</dst>
      <dst id="9">1779.7600</dst>
      <dst id="17">36104.6311</dst>
      <dst id="21">3007.4578</dst>
      <dst id="15">219.0578</dst>
    </src>
    <src id="1">
      <dst id="12">14230.5333</dst>
      <dst id="13">564.9600</dst>
      <dst id="19">163.1822</dst>
      <dst id="23">34.0000</dst>
      <dst id="8">114969.0844</dst>
      <dst id="18">14446.7644</dst>
      <dst id="4">9450.3467</dst>
      <dst id="1">12486.4978</dst>
      <dst id="5">198262.6400</dst>
      <dst id="3">262.9956</dst>
      <dst id="22">5206.3467</dst>
      <dst id="7">1203.7333</dst>
      <dst id="2">3437.6267</dst>
      <dst id="6">8912.1511</dst>
      <dst id="16">13571.1111</dst>
      <dst id="14">29.8133</dst>
      <dst id="20">93.1111</dst>
      <dst id="11">585.1022</dst>
      <dst id="9">216384.9689</dst>
      <dst id="17">4748.6044</dst>
      <dst id="21">2623.6000</dst>
      <dst id="15">182.8800</dst>
    </src>
    <src id="5">
      <dst id="12">305581.8489</dst>
      <dst id="13">4665.1911</dst>
      <dst id="19">3.3511</dst>
      <dst id="23">82.0622</dst>
      <dst id="8">398.2133</dst>
      <dst id="18">66.7467</dst>
      <dst id="4">8018.3378</dst>
      <dst id="1">313.6622</dst>
      <dst id="3">2.8711</dst>
      <dst id="22">9686.2044</dst>
      <dst id="7">149.8222</dst>
      <dst id="2">127184.4978</dst>
      <dst id="6">12.1156</dst>
      <dst id="16">507.0222</dst>
      <dst id="14">5.4667</dst>
      <dst id="20">3588.8622</dst>
      <dst id="11">1199.1822</dst>
      <dst id="9">1157.8311</dst>
      <dst id="17">119463.7067</dst>
      <dst id="21">450.6667</dst>
      <dst id="15">148.1956</dst>
    </src>
    <src id="3">
      <dst id="12">9502.1511</dst>
      <dst id="13">948.9600</dst>
      <dst id="19">1189.5467</dst>
      <dst id="23">5498.7556</dst>
      <dst id="8">35.1911</dst>
      <dst id="18">59243.1556</dst>
      <dst id="4">37733.9378</dst>
      <dst id="1">6768.1156</dst>
      <dst id="5">321.1556</dst>
      <dst id="3">10952.6844</dst>
      <dst id="22">1127.1111</dst>
      <dst id="7">1637.1556</dst>
      <dst id="2">4009.9556</dst>
      <dst id="6">3.4489</dst>
      <dst id="16">713.0844</dst>
      <dst id="14">35161.5467</dst>
      <dst id="20">46.2133</dst>
      <dst id="11">134621.1733</dst>
      <dst id="9">819.2889</dst>
      <dst id="17">12290.4889</dst>
      <dst id="21">11127.9289</dst>
      <dst id="15">55.9378</dst>
    </src>
    <src id="10">
      <dst id="12">14009.9644</dst>
      <dst id="19">2287.7511</dst>
      <dst id="8">565.5467</dst>
      <dst id="18">3465.9022</dst>
      <dst id="1">3098.8444</dst>
      <dst id="5">858.2933</dst>
      <dst id="3">1527.0044</dst>
      <dst id="22">10620.9511</dst>
      <dst id="7">5739.4133</dst>
      <dst id="2">23931.9467</dst>
      <dst id="6">80.8622</dst>
      <dst id="16">1667.1644</dst>
      <dst id="14">496.4089</dst>
      <dst id="20">346.5244</dst>
      <dst id="11">5325.8311</dst>
      <dst id="9">707.1733</dst>
      <dst id="17">8726.2933</dst>
      <dst id="21">6453.9644</dst>
      <dst id="15">544.0711</dst>
    </src>
    <src id="22">
      <dst id="12">14095.7600</dst>
      <dst id="13">2676.5422</dst>
      <dst id="19">110.6844</dst>
      <dst id="23">138.3911</dst>
      <dst id="8">663.8489</dst>
      <dst id="18">1005.0133</dst>
      <dst id="4">19046.2400</dst>
      <dst id="1">1672.4978</dst>
      <dst id="5">6913.2978</dst>
      <dst id="3">246.3467</dst>
      <dst id="7">904.5067</dst>
      <dst id="2">5653.4756</dst>
      <dst id="6">2.1244</dst>
      <dst id="16">3.0756</dst>
      <dst id="14">102.7467</dst>
      <dst id="11">1751.9022</dst>
      <dst id="9">2353.8044</dst>
      <dst id="17">11540.6667</dst>
      <dst id="21">555.6889</dst>
    </src>
    <src id="7">
      <dst id="12">4807.9378</dst>
      <dst id="13">244.8622</dst>
      <dst id="19">180.3200</dst>
      <dst id="23">26.6044</dst>
      <dst id="8">684.8267</dst>
      <dst id="18">128.3644</dst>
      <dst id="4">13959.1022</dst>
      <dst id="1">5108.4356</dst>
      <dst id="5">2019.7956</dst>
      <dst id="3">14654.3556</dst>
      <dst id="22">2476.7556</dst>
      <dst id="7">742.5067</dst>
      <dst id="2">7038.5689</dst>
      <dst id="6">81.3156</dst>
      <dst id="16">898.1244</dst>
      <dst id="14">1294.1422</dst>
      <dst id="20">700.2311</dst>
      <dst id="11">1275.4756</dst>
      <dst id="9">752.2844</dst>
      <dst id="17">11368.3556</dst>
      <dst id="21">2303.7956</dst>
      <dst id="15">74.1867</dst>
    </src>
    <src id="2">
      <dst id="12">110464.3911</dst>
      <dst id="13">526316.9600</dst>
      <dst id="19">1107.8222</dst>
      <dst id="8">2392.4711</dst>
      <dst id="18">51891.2267</dst>
      <dst id="4">95475.5644</dst>
      <dst id="1">2087.2800</dst>
      <dst id="5">3629.8756</dst>
      <dst id="3">213.4133</dst>
      <dst id="22">2713.7511</dst>
      <dst id="7">3964.0889</dst>
      <dst id="2">635.1733</dst>
      <dst id="6">8201.0667</dst>
      <dst id="16">2502.2222</dst>
      <dst id="14">105.4489</dst>
      <dst id="20">340.9778</dst>
      <dst id="11">2886.0800</dst>
      <dst id="9">912.7111</dst>
      <dst id="17">29840.2756</dst>
      <dst id="21">4363.4667</dst>
      <dst id="15">33.1644</dst>
    </src>
    <src id="6">
      <dst id="12">10766.7733</dst>
      <dst id="13">1.3689</dst>
      <dst id="19">5.5822</dst>
      <dst id="18">4.0800</dst>
      <dst id="4">1278.3733</dst>
      <dst id="1">66.5244</dst>
      <dst id="5">2.2756</dst>
      <dst id="7">0.8356</dst>
      <dst id="2">2487.9911</dst>
      <dst id="16">2.0178</dst>
      <dst id="17">1646.9689</dst>
      <dst id="21">1.2356</dst>
    </src>
    <src id="16">
      <dst id="12">2391.1289</dst>
      <dst id="13">455.6000</dst>
      <dst id="19">5285.6356</dst>
      <dst id="23">86.9422</dst>
      <dst id="8">4432.1244</dst>
      <dst id="18">14.8444</dst>
      <dst id="4">4265.1644</dst>
      <dst id="1">19396.5867</dst>
      <dst id="5">3627.4933</dst>
      <dst id="3">200.5956</dst>
      <dst id="7">434.6844</dst>
      <dst id="2">458.2756</dst>
      <dst id="6">1.1200</dst>
      <dst id="16">60.3111</dst>
      <dst id="14">29.1644</dst>
      <dst id="11">168.4356</dst>
      <dst id="9">6326.1867</dst>
      <dst id="17">1425.5733</dst>
      <dst id="21">1906.9422</dst>
    </src>
    <src id="14">
      <dst id="12">17149.0667</dst>
      <dst id="13">26.0889</dst>
      <dst id="19">9.2978</dst>
      <dst id="23">13.3333</dst>
      <dst id="18">3.1644</dst>
      <dst id="4">1553.6089</dst>
      <dst id="1">160.7467</dst>
      <dst id="5">2.2133</dst>
      <dst id="3">88.0978</dst>
      <dst id="22">15.5378</dst>
      <dst id="7">169.8489</dst>
      <dst id="2">5345.4133</dst>
      <dst id="16">4.3556</dst>
      <dst id="11">61.2533</dst>
      <dst id="9">107.1111</dst>
      <dst id="17">5961.8844</dst>
      <dst id="21">81.3956</dst>
      <dst id="15">1.5556</dst>
    </src>
    <src id="20">
      <dst id="12">4075.9289</dst>
      <dst id="13">2777.8844</dst>
      <dst id="19">427.2533</dst>
      <dst id="23">3.2000</dst>
      <dst id="8">594.0000</dst>
      <dst id="18">454.8178</dst>
      <dst id="4">8283.9289</dst>
      <dst id="1">89.6622</dst>
      <dst id="5">2250.6489</dst>
      <dst id="3">155.5022</dst>
      <dst id="7">15986.8444</dst>
      <dst id="2">3676.3911</dst>
      <dst id="14">1.4756</dst>
      <dst id="11">141.8578</dst>
      <dst id="9">1853.0044</dst>
      <dst id="17">928.1067</dst>
      <dst id="21">50.4267</dst>
    </src>
    <src id="11">
      <dst id="12">447326.7022</dst>
      <dst id="13">2317.2444</dst>
      <dst id="19">5.2267</dst>
      <dst id="23">127.3422</dst>
      <dst id="8">1990.8356</dst>
      <dst id="18">63.0489</dst>
      <dst id="4">9926.0356</dst>
      <dst id="1">375.4578</dst>
      <dst id="5">1879.5644</dst>
      <dst id="3">319.0578</dst>
      <dst id="22">1534.0178</dst>
      <dst id="7">229.5200</dst>
      <dst id="2">182831.4400</dst>
      <dst id="6">12.9067</dst>
      <dst id="16">459.4667</dst>
      <dst id="14">89.6000</dst>
      <dst id="20">764.9778</dst>
      <dst id="11">959.5822</dst>
      <dst id="9">1033.1111</dst>
      <dst id="17">157648.7378</dst>
      <dst id="21">448.4622</dst>
      <dst id="15">761.5822</dst>
    </src>
    <src id="9">
      <dst id="12">409350.1511</dst>
      <dst id="13">4236.7111</dst>
      <dst id="19">6.3111</dst>
      <dst id="23">322.3733</dst>
      <dst id="8">2583.2711</dst>
      <dst id="18">344.1067</dst>
      <dst id="4">10946.8533</dst>
      <dst id="1">1942.7733</dst>
      <dst id="5">2154.4178</dst>
      <dst id="3">12.7644</dst>
      <dst id="22">1543.0489</dst>
      <dst id="7">120.5511</dst>
      <dst id="2">151678.4178</dst>
      <dst id="6">1.1022</dst>
      <dst id="16">869.7067</dst>
      <dst id="14">43.2622</dst>
      <dst id="20">2152.3467</dst>
      <dst id="11">561.2533</dst>
      <dst id="9">114.8356</dst>
      <dst id="17">163608.4089</dst>
      <dst id="21">443.8756</dst>
      <dst id="15">142.6489</dst>
    </src>
    <src id="17">
      <dst id="12">7918.6133</dst>
      <dst id="13">17929.2889</dst>
      <dst id="19">443.3244</dst>
      <dst id="23">145.6267</dst>
      <dst id="8">130143.4756</dst>
      <dst id="18">195.6533</dst>
      <dst id="4">137079.9378</dst>
      <dst id="1">365.1822</dst>
      <dst id="5">190483.4578</dst>
      <dst id="3">3999.7867</dst>
      <dst id="22">10708.2489</dst>
      <dst id="7">1045.7156</dst>
      <dst id="2">7462.9956</dst>
      <dst id="6">61.5289</dst>
      <dst id="16">3302.5956</dst>
      <dst id="14">24652.8800</dst>
      <dst id="20">331.4222</dst>
      <dst id="11">97148.0889</dst>
      <dst id="9">162068.7200</dst>
      <dst id="17">1328.8978</dst>
      <dst id="21">11831.9911</dst>
      <dst id="15">50.6667</dst>
    </src>
    <src id="21">
      <dst id="12">34583.1733</dst>
      <dst id="13">416.7022</dst>
      <dst id="19">74.1333</dst>
      <dst id="23">5.8133</dst>
      <dst id="8">287.7600</dst>
      <dst id="18">711.2622</dst>
      <dst id="4">13179.6533</dst>
      <dst id="1">1946.1244</dst>
      <dst id="5">277.5200</dst>
      <dst id="3">2808.9867</dst>
      <dst id="22">834.6933</dst>
      <dst id="7">637.5378</dst>
      <dst id="2">15140.9511</dst>
      <dst id="6">24.5422</dst>
      <dst id="16">551.4222</dst>
      <dst id="14">535.2889</dst>
      <dst id="20">128.8533</dst>
      <dst id="11">367.2889</dst>
      <dst id="9">476.5422</dst>
      <dst id="17">8768.1244</dst>
      <dst id="21">1107.5644</dst>
      <dst id="15">26.4622</dst>
    </src>
    <src id="15">
      <dst id="12">834.9956</dst>
      <dst id="13">10338.9422</dst>
      <dst id="8">569.7689</dst>
      <dst id="18">0.3556</dst>
      <dst id="4">3086.2311</dst>
      <dst id="1">752.8889</dst>
      <dst id="5">35.3156</dst>
      <dst id="3">17.3956</dst>
      <dst id="7">28.3467</dst>
      <dst id="2">110.6489</dst>
      <dst id="6">0.8889</dst>
      <dst id="14">12.4444</dst>
      <dst id="11">85.1644</dst>
      <dst id="9">55.5644</dst>
      <dst id="17">186.5244</dst>
      <dst id="21">148.3378</dst>
    </src>
  </IntraTM>
</TrafficMatrixFile>
